tooth_class,specimen,num_amtl,sockets,age,stdev_age,prob_male,genus,pop
Anterior,NMNH225029,7,6,19.612906803834314,23.310502362436512,0.8519203463038537,Homo sapiens,Chucki
Posterior,IPHA.2,9,8,19.991303642199497,11.172305007701592,0.5824626932026179,Homo sapiens,Afalou
Anterior,NMNH380466,5,2,27.28210265660255,17.48678373234808,1.2804610034242068,Homo sapiens,Australian aboriginie
Posterior,NMNH225032,4,9,17.047581948347393,9.574314653688248,1.0178030074446798,Homo sapiens,Chucki
Premolar,MH4765,1,6,38.994617253952285,24.5569724194577,-0.3270051182466541,Homo sapiens,Australian aboriginie
Premolar,MH22283,11,5,21.766698356799544,17.005196449115545,1.0187934913939798,Homo sapiens,Sami
Posterior,AMNH99.1/99,11,2,29.09756130911082,7.465991240187259,0.07007243199523772,Homo sapiens,Alaska
Posterior,BRK126107,1,7,44.9340360849654,14.48165472306378,0.5837146543471203,Homo sapiens,Native Californian
Posterior,NMNH344711,9,12,31.65759478785459,12.514075145949228,0.7277522568506921,Homo sapiens,Australian aboriginie
Anterior,BM1976.1426,5,10,27.606353171513593,6.939465492481499,0.769634179601837,Pongo,Borneo
Anterior,AMNH99.1/86-D,1,3,36.24062346019001,13.518877257985697,0.9395953015319566,Homo sapiens,Alaska
Anterior,UVS38,8,7,32.37596721680661,15.807113876443875,0.09210415234008729,Homo sapiens,Khoi-San
Anterior,NMNH225028,7,9,62.41155575893444,16.17796093684877,0.4981444618354256,Homo sapiens,Chucki
Anterior,IPHA.29,2,6,30.172179390877066,9.498353337919545,0.5367098611312973,Homo sapiens,Afalou
Posterior,BM1884.10.30.2,12,10,24.62463678810189,21.72852251508727,0.5662713493952747,Pongo,Borneo
Premolar,UCD2(2)b,1,10,39.034601392859244,11.150816898214867,0.7453696960246116,Homo sapiens,Native Californian
Anterior,HTB2027,5,13,32.42010003150631,15.723512435844906,0.4304260228193264,Pan,Ebolwa
Posterior,BM1976.1430,11,2,38.94152296975975,22.09451759506031,0.6788761247118514,Pongo,Borneo
Premolar,UVS62,2,12,33.935082515518914,12.466628317931955,0.5052427004910468,Homo sapiens,Khoi-San or bushman half-caste
Anterior,HTB3412,7,14,29.902918724321992,17.723504623458624,0.6709422731131803,Pan,West Africa
Posterior,BRK125598,11,2,35.68629067289789,12.209589125608094,0.5987863651374109,Homo sapiens,Native Californian
Premolar,NMNH329778,3,12,20.591236433974295,19.47981296988148,0.13376016025534526,Homo sapiens,Australian aboriginie
Anterior,MH12328,10,8,28.819360799536277,13.116986743951617,1.0523190808073615,Homo sapiens,Chucki
Anterior,BM1939.1021,9,13,30.706400093246494,15.444646117058204,1.0113757051189025,Papio,West Africa
Posterior,NMNH278710,7,10,32.21298528629127,19.102064951029742,0.3970130665972984,Homo sapiens,Buriat
Anterior,BRK126100,11,3,37.383060913907514,9.22036975427865,0.16223445694294902,Homo sapiens,Native Californian
Posterior,UCD2(6)b,11,5,31.685169861830463,16.0320755929502,0.46385917435778556,Homo sapiens,Native Californian
Anterior,AMNH99.1/109,3,5,30.333532037806158,15.646642544556515,0.5428450249519262,Homo sapiens,Alaska
Anterior,BM1935.2.14.1,6,6,27.984969172593395,21.06102179309422,0.5716448651483069,Papio,East Africa
Premolar,HTB1890,10,10,11.425694265566207,16.055638801698752,0.5414027711470507,Pan,French Cameroons
Anterior,IPHA.15,1,10,15.77958036227703,16.348826643709156,0.20757318369310968,Homo sapiens,Afalou
Anterior,BRK126118,7,9,37.75980993359716,18.40562160658582,0.27568691080953056,Homo sapiens,Native Californian
Posterior,MH4459,3,11,43.45143219334541,11.168626451031857,0.4770145442873624,Homo sapiens,Australian aboriginie
Anterior,BRK126259,9,10,37.0514375611144,6.019071820316949,0.7096216273551645,Homo sapiens,Native Californian
Premolar,HTB1726,6,3,23.726974027392764,15.038163089476415,0.8021663182377954,Pan,Ebolwa
Premolar,MH1525,2,14,39.79286547999329,18.946660115046786,0.09541302757797643,Homo sapiens,Australian aboriginie
Anterior,BM1908.8.9.41,12,7,28.589683291311598,15.522799293847665,0.5739560103692787,Papio,East Africa
Premolar,MH12328,8,12,22.091661748345214,20.898003831579423,0.11221414420908443,Homo sapiens,Chucki
Posterior,HTB1721,0,4,35.70145223257089,11.682695294874147,0.31385560187616723,Pan,Ebolwa
Premolar,MH12328,7,9,27.241721406933568,16.186706088432146,1.0410928633916796,Homo sapiens,Chucki
Anterior,BRK126768,2,14,36.77190822688397,11.064577280847429,0.5841977981467467,Homo sapiens,Native Californian
Anterior,NMNH380431,11,7,14.580452428749378,13.038360304245774,0.6060138508934497,Homo sapiens,Australian aboriginie
Premolar,HTB3538,5,10,27.661843309678737,14.1922460878944,0.8643769940034512,Pan,West Africa
Posterior,NMNH258483,12,3,52.40710462800559,10.271720882161055,0.6273059543551298,Homo sapiens,Australian aboriginie
Anterior,HTB1226,3,13,30.174525211694654,8.135529434901304,-0.04555309890220116,Papio,East Africa
Premolar,AMNH99.1/107,5,12,17.0746482525625,21.550497378233615,0.9999677837566256,Homo sapiens,Alaska
Premolar,HTB3552,2,8,15.807170260786483,15.607289622249963,0.6232601318752149,Pan,West Africa
Posterior,BM1902.9.9.3,11,6,16.221025221697495,12.080826716289998,0.6563862402412816,Papio,East Africa
Anterior,PMN1389,7,9,23.855753724433498,12.097267981209189,0.5404805315905025,Homo sapiens,Australian aboriginie
Anterior,BRK125610,0,2,19.31917480404696,14.646612743855833,-0.1078179843593593,Homo sapiens,Native Californian
Premolar,HTB1151,7,6,33.157651879186766,17.818468977634684,1.1788634097148991,Papio,East Africa
Anterior,BM1976.1421,9,10,34.41770189237595,11.595588721730635,0.8128229895180497,Pongo,Borneo
Posterior,AMNH99.1/104,2,12,48.771115635968755,3.7094709525609506,0.6387557601916267,Homo sapiens,Alaska
Posterior,BM1931.4.1.1,10,4,20.397824049187356,11.214040700081469,0.8070377374708928,Papio,East Africa
Posterior,HTB2033,6,12,12.722213019695676,3.757077273440709,0.48999394772629495,Pan,Ebolwa
Anterior,UVS125,6,8,39.07862395652566,10.544973938225315,0.5139012981553255,Homo sapiens,Khoi-San
Premolar,BRK126768,2,11,20.390174510405814,10.592375150764525,0.8948712543481181,Homo sapiens,Native Californian
Premolar,IPHA.48,2,10,33.32246299759726,23.372553524108696,0.34660428968126,Homo sapiens,Afalou
Anterior,UVS119,11,2,23.605572533637982,6.442390020190588,-0.4690548211960268,Homo sapiens,Khoi-San
Posterior,AMNH99.1/87,3,13,23.392847493652003,19.71345936705135,0.5891632294065872,Homo sapiens,Alaska
Anterior,UVS3,1,3,13.049334657205755,17.05459934814108,0.08668406552395935,Homo sapiens,Khoi-San
Anterior,MH12328,1,5,37.44670649963682,13.445124162875452,-0.042405058661155515,Homo sapiens,Chucki
Posterior,BRK126256,3,9,18.214221008790943,11.175942509381848,0.8380453269961261,Homo sapiens,Native Californian
Anterior,HTB2033,5,4,32.705802983123455,8.571713269929921,0.7489353454929497,Pan,Ebolwa
Posterior,AMNH99.1/160,10,13,41.54669245904524,11.779902098474086,0.09419094309444886,Homo sapiens,Alaska
Posterior,BM1913.10.18.2,8,6,28.26630693757503,18.248406538758825,0.6406542519042244,Papio,East Africa
Premolar,MH5327,9,6,32.88641351607616,17.69650694616329,0.3416482493487827,Homo sapiens,Australian aboriginie
Anterior,UVS49,6,3,28.744775494773187,10.582421569367394,0.24968334368312745,Homo sapiens,Khoi-San or bushman half-caste
Posterior,MH20914,2,8,43.970832821860455,5.355326357619003,0.856216100937758,Homo sapiens,Yaghan
Anterior,MH20913,8,13,31.19037478678113,7.646061161349696,0.6146022193041888,Homo sapiens,Yaghan
Premolar,UVS49,9,7,32.59405959952776,14.40339228621551,0.8423845612989045,Homo sapiens,Khoi-San or bushman half-caste
Anterior,BRK126773,1,10,24.270939448835367,14.58807115796148,0.31997088856229794,Homo sapiens,Native Californian
Anterior,NMNH225032,8,12,21.518560311884443,13.37340402217585,-0.42887794056193407,Homo sapiens,Chucki
Premolar,HTB1735,9,3,13.461023064075675,13.387656501082871,0.25281976117417804,Pan,Ebolwa
Premolar,BRK125670,2,2,43.288618947978975,16.107444384464905,0.46771128213375557,Homo sapiens,Native Californian
Premolar,HTB1768,1,7,39.66231394886536,16.04605695124714,0.3062985521665056,Pan,Ebolwa
Premolar,BM1902.11.22.1,6,3,41.49478851673897,16.629078901764622,0.778462959313127,Papio,Arabia
Anterior,BM1911.12.1.1,5,13,27.216889295189244,13.70471703932826,-0.26500646492649815,Papio,East Africa
Posterior,MH1861,11,5,40.8523853761673,13.713929096766307,0.4232582161730096,Homo sapiens,Sami
Premolar,BM1939.1006,4,13,30.7322104060536,13.999705953195031,0.7194216858007629,Pongo,Borneo
Posterior,HTB3434,3,9,30.41809105122628,10.465646839034846,0.36373054513044845,Pan,West Africa
Anterior,NMNH380466,6,14,43.903162587167955,22.842071005025655,0.48701984588047775,Homo sapiens,Australian aboriginie
Premolar,BRK126092,12,14,5.569997338352675,19.488602623867884,0.8641406901455155,Homo sapiens,Native Californian
Premolar,NMNH380448,11,13,51.55106423893005,19.93713957968434,0.5309090950160885,Homo sapiens,Australian aboriginie
Posterior,MH20326,2,2,31.93595150931558,19.428646232645345,0.33430768162965857,Homo sapiens,Australian aboriginie
Posterior,BM1976.1409,7,10,12.545918417824517,19.494918760783797,0.34435573784765516,Pongo,Borneo
Posterior,HTB1745,8,13,14.476345638962748,16.094034163664052,1.0849395838954812,Pan,Ebolwa
Posterior,BM1976.1428,0,6,34.018673536737715,16.24934347938044,0.45193189377092324,Pongo,Borneo
Posterior,IPHA.30,4,9,25.691063279233322,4.641609289918394,0.5593999081031936,Homo sapiens,Afalou
Posterior,MH3619,4,11,28.549374658867315,16.593108481786174,0.2546185645775577,Homo sapiens,Tasmanien
Posterior,HTB2756,11,4,29.41164871072846,11.644228973581038,0.017446245482889422,Pan,French Cameroons
Anterior,BM1922.12.19.6,12,13,36.48441346643758,13.354071337001281,0.847914311444837,Papio,Central Africa
Anterior,HTB2001,2,11,5.327027133335314,13.95865846908982,0.7066010667109357,Pan,French Cameroons
Posterior,BM1908.7.17.1,3,6,34.4078183829037,16.802418018742962,0.4625894283240558,Pongo,Borneo
Posterior,BRK125458,1,10,21.936866748553463,13.280785887117865,0.8533704243841674,Homo sapiens,Native Californian
Anterior,BRK126247,2,2,21.6777365895659,17.485670649605538,0.357693640240323,Homo sapiens,Native Californian
Posterior,MH24934C,6,14,30.55756915065753,20.413518945094083,0.4733620109478769,Homo sapiens,Buriat
Anterior,NMNH278709,12,5,55.08762971614328,7.2581369150258075,0.29588772952735864,Homo sapiens,Buriat
Premolar,AMNH99.1/104,8,4,31.418901679307574,12.054805600174905,0.4057748814757132,Homo sapiens,Alaska
Posterior,AMNH99.1/80(a),2,6,30.125085402674948,11.390863540077707,0.7928196426210392,Homo sapiens,Alaska
Posterior,BRK126264,2,2,28.02101788554387,20.445844472113038,0.14740216118740185,Homo sapiens,Native Californian
Posterior,UVS12,0,11,26.287276162840108,13.36585592654114,0.5455982457863329,Homo sapiens,Khoi-San or bushman half-caste
Premolar,NMNH227455,12,4,31.418629198906178,14.192747807594099,0.8547647343177486,Homo sapiens,Australian aboriginie
Posterior,HTB1226,10,5,18.53405987959117,18.92228749238882,0.5970017620811013,Papio,East Africa
Premolar,MH4460,2,6,24.778087000990872,12.669922474223716,0.729420162673104,Homo sapiens,Australian aboriginie
Anterior,NMNH278703,1,7,30.758564921197536,17.006172960855174,0.8166317877174941,Homo sapiens,Buriat
Anterior,HTB1028,10,6,11.049461405826328,13.89695176873,0.32384046403603883,Papio,East Africa
Posterior,BRK125660,6,10,31.238487283987457,14.524552425058243,1.0428886517170306,Homo sapiens,Native Californian
Posterior,BRK125802,5,5,26.09845869804393,14.244220030508426,1.03986419436897,Homo sapiens,Native Californian
Anterior,BM1971.2354,6,14,20.22079293701263,15.364761495283075,0.8026244227777588,Papio,West Africa
Anterior,BRK125458,7,4,47.04209675714221,16.790958678699056,0.3949892993458891,Homo sapiens,Native Californian
Premolar,BM1924.8.6.16,7,2,23.032851569265336,16.51212698082313,0.4831630237742616,Papio,West Africa
Premolar,MH20326,4,6,40.08098964992369,16.810534396166435,0.32813904963411905,Homo sapiens,Australian aboriginie
Posterior,AMNH99.1/59-B,5,13,23.64230009017744,15.558563909990003,0.27125775886685244,Homo sapiens,Alaska
Anterior,MH24893,2,4,34.722338487727,14.636359386875805,0.7568890497033209,Homo sapiens,Khoi-San
Premolar,BM1886.12.20.10,11,8,49.477384939970285,15.082846368447942,0.34125288981089597,Pongo,Borneo
Premolar,BM1910.10.3.1,7,11,51.638867962896846,13.24102331318256,1.4710497762187145,Papio,East Africa
Posterior,HTB2034,1,8,30.53146757841032,17.612346445001265,0.5977612159617958,Pan,Ebolwa
Posterior,MH12318,4,14,29.759814848718737,17.497676022496545,0.7773490579177171,Homo sapiens,Chucki
Premolar,MH24894,1,14,34.82294033944821,11.472231887961218,0.8948386342008592,Homo sapiens,Sami
Premolar,MH3337,9,9,31.00820825246756,16.75927814460249,0.7291876206348726,Homo sapiens,Australian aboriginie
Posterior,BRK126251,7,4,30.39302307739303,13.276482797587096,0.8779439701038201,Homo sapiens,Native Californian
Posterior,BRK125676,7,11,34.558078126068025,14.401384122209219,0.7759734281113939,Homo sapiens,Native Californian
Premolar,HTB3411,10,14,43.75604591664755,16.976026372526483,0.96425992192428,Pan,West Africa
Premolar,AMNH99.1/89-B,12,8,42.06573389550969,16.384441461404588,0.22365724524457958,Homo sapiens,Alaska
Posterior,HTB1720,1,4,24.688821741376387,16.92094850836022,-0.16419062016999597,Pan,Ebolwa
Posterior,HTB1758,6,9,16.20232952132438,10.990732157075058,0.5895285403522013,Pan,Ebolwa
Premolar,MH1503,1,5,13.991058353597037,16.78707121359401,0.8172790102614249,Homo sapiens,Tasmanien
Premolar,HTB1212,7,3,31.742946309703648,15.101807077903318,0.551641681014421,Papio,Central Africa
Premolar,HTB1223,3,8,30.1261789697858,24.891567890392995,0.9098243214780364,Papio,East Africa
Posterior,MH22277,11,8,29.58921589773821,16.101633679720077,0.37702250509469004,Homo sapiens,Sami
Posterior,NMNH344712,1,9,27.49126247823772,7.560149471834275,-0.1399715640785335,Homo sapiens,Australian aboriginie
Posterior,BRK126251,3,2,32.36808000985832,15.517970775849793,0.7174256475374458,Homo sapiens,Native Californian
Anterior,HTB2026,5,6,10.143468695162042,17.516744227155417,0.719125242402429,Pan,Ebolwa
Posterior,BRK125666,2,4,33.643660375582584,13.946237799137753,0.27957496036845875,Homo sapiens,Native Californian
Premolar,IPHA.28,4,4,25.303044587907202,14.61982356325985,0.2911111015264768,Homo sapiens,Afalou
Posterior,HTB2771,6,10,62.11243084832459,15.804046775158827,0.5151833429410299,Pan,French Cameroons
Premolar,BRK125660,10,4,17.633981931267886,15.60033495827705,0.22118220238323633,Homo sapiens,Native Californian
Premolar,BM1913.10.18.2,8,12,22.42927763992733,18.374657083476848,0.5674118307536419,Papio,East Africa
Premolar,MH22281,7,7,17.231693072120358,15.468110798780426,0.23568451300050353,Homo sapiens,Sami
Premolar,IPHA.46,9,6,29.901608470943035,10.377032444078969,-0.20772183320226068,Homo sapiens,Afalou
Posterior,IPHA.22,12,4,16.97794562422511,17.557639710717588,0.44243256756542415,Homo sapiens,Afalou
Anterior,HTB1889,0,6,22.011080927816145,17.924537936828347,0.4009215917609773,Pan,French Cameroons
Anterior,NMNH380430,10,8,20.481647137678948,16.09025003346752,0.04308175125455255,Homo sapiens,Australian aboriginie
Posterior,BRK126768,6,14,37.847541211944844,12.683161276004402,0.530660907541096,Homo sapiens,Native Californian
Premolar,MH20912,12,7,37.17649361516842,13.97648713987385,0.27012696026672267,Homo sapiens,Ona
Premolar,AMNH99.1/89-A,12,14,19.77878621014967,13.303978635489328,0.5657882527242933,Homo sapiens,Alaska
Posterior,BRK126125,1,11,24.15300250384474,17.97052007562525,0.5367368907936638,Homo sapiens,Native Californian
Posterior,UVS59,1,13,19.215465067760128,9.886196066622714,0.3058441536619465,Homo sapiens,Khoi-San or bushman half-caste
Premolar,BM1924.8.6.16,4,2,29.689687624415267,16.886965027797064,0.18767598261535984,Papio,West Africa
Anterior,HTB1903,5,14,48.00861435947128,19.780698664629767,0.036284438117227924,Pan,French Cameroons
Premolar,NMNH278713,11,10,31.94779801279217,15.639419859635495,1.111892246373184,Homo sapiens,(Buriat) Chinese?
Premolar,BRK126757,8,10,18.948440951837156,14.578754467313775,0.6711412625704622,Homo sapiens,Native Californian
Premolar,MH24934A,9,4,27.86681961255261,18.83156028767773,0.4164705592932152,Homo sapiens,Buriat
Premolar,BRK126266,5,6,15.076063038987147,13.177906194532657,-0.16655421828613726,Homo sapiens,Native Californian
Anterior,NMNH278710,7,4,58.47366536264017,19.317755660470013,0.023100357663450366,Homo sapiens,Buriat
Premolar,NMNH380430,2,11,19.43209727795567,16.116264332368257,0.9774006668407507,Homo sapiens,Australian aboriginie
Posterior,MH5329,5,5,31.92554497057494,19.69735347701004,0.930559591484744,Homo sapiens,Australian aboriginie
Anterior,HTB0828,2,3,26.31306458198656,9.122291212747985,0.573648681184425,Papio,South Africa
Premolar,HTB1719,0,14,30.141206864683014,11.392708274997114,0.19892753498666788,Pan,Ebolwa
Anterior,BRK126766,4,8,17.21977945466828,16.16028936939121,0.13610760029528002,Homo sapiens,Native Californian
Anterior,MH20325,3,6,41.032352514037015,20.020258391239285,0.6963885791004706,Homo sapiens,Australian aboriginie
Premolar,HTB1225,0,11,30.83139408685576,16.01905153389338,1.006661462884387,Papio,East Africa
Premolar,HTB2771,3,9,30.82057587418164,20.06907386702038,0.5699064941104725,Pan,French Cameroons
Anterior,MH24893,6,11,34.909221833950475,13.112979530890861,0.8760713981594179,Homo sapiens,Khoi-San
Anterior,UVS119,3,10,15.52336216197597,25.488155239855928,0.29560955104804226,Homo sapiens,Khoi-San
Anterior,UVS102,4,2,24.541171229751733,17.75849091477097,0.05796707976384863,Homo sapiens,Khoi-San
Premolar,UVS125,9,14,49.270807758645944,12.544936846394332,0.1959236078749093,Homo sapiens,Khoi-San
Premolar,NMNH350096,12,13,19.383349802068846,13.793926840352766,0.8079938865222875,Homo sapiens,Australian aboriginie
Anterior,BM1908.8.9.41,1,8,27.680446831754928,13.544556575410148,0.7789185466484511,Papio,East Africa
Premolar,NMNH344714,11,11,14.18722495605067,18.802974016724573,0.1825759355946372,Homo sapiens,Australian aboriginie
Anterior,UVS46,7,10,48.14527172613863,12.803872020153383,0.28429654335464283,Homo sapiens,Khoi-San
Posterior,UVS40,9,6,32.25146858468937,21.686158959482707,0.03220077474040306,Homo sapiens,Khoi-San
Anterior,PMN1497,8,3,38.26582439687467,10.344375250936269,0.2774868592163926,Homo sapiens,Australian aboriginie
Posterior,HTB1220,3,11,54.397532321995314,17.537801012258015,-0.006459717314151292,Papio,East Africa
Premolar,HTB1218,10,13,18.314743045037552,14.565312521270238,0.9038432630037917,Papio,East Africa
Premolar,MH1511,11,10,41.19849655878099,13.661640478653773,0.956701450286697,Homo sapiens,Australian aboriginie
Anterior,NMNH380451,9,7,41.20325787254561,12.983561177341356,0.4152935115024371,Homo sapiens,Australian aboriginie
Posterior,UVS24,9,13,42.55251118745153,14.224340899136084,0.6386686443022757,Homo sapiens,Khoi-San
Anterior,HTB1739,0,10,46.68629048856199,10.532638192556849,0.43751114854589096,Pan,Ebolwa
Premolar,UVS60,4,5,42.78839979120515,15.077256331472482,0.9974357312903175,Homo sapiens,Khoi-San or bushman half-caste
Premolar,HTB1226,2,6,14.195998842296635,12.951476497769303,-0.188234978977734,Papio,East Africa
Premolar,BM1976.1421,5,11,49.475992468945634,16.578241937530827,0.7766242983347275,Pongo,Borneo
Premolar,NMNH344714,5,14,21.152084939234726,11.284804905780527,0.8756624647119515,Homo sapiens,Australian aboriginie
Premolar,NMNH350097,8,12,36.5379542311817,16.00736833957478,0.6136360282501442,Homo sapiens,Australian aboriginie
Posterior,HTB1720,2,12,18.01397695861447,17.10809686401963,0.6444775936707285,Pan,Ebolwa
Premolar,HTB1703,9,6,21.352625729265775,11.175190639341846,-0.3025044907356378,Pan,French Cameroons
Posterior,UVS38,11,2,31.56203432162061,9.964455612903182,1.1724865051707276,Homo sapiens,Khoi-San
Posterior,NMNH350097,7,6,25.252007283155965,19.520823744199113,-0.28333029951506994,Homo sapiens,Australian aboriginie
Posterior,NMNH226087,7,13,34.76422936221894,16.32938062854124,0.9813277767754924,Homo sapiens,Australian aboriginie
Anterior,BRK126054,3,8,31.235518565854456,10.32892140624591,0.8403746892691462,Homo sapiens,Native Californian
Posterior,BRK126768,0,2,32.821306363358275,16.980564651823236,0.5140163285576751,Homo sapiens,Native Californian
Anterior,NMNH380464,7,8,49.94531142169055,15.02117463249097,-0.3203863021390496,Homo sapiens,Australian aboriginie
Posterior,UVS46,7,12,32.151621513774224,13.67483326022642,0.9428129985610445,Homo sapiens,Khoi-San
Premolar,UVS46,7,10,47.112192264630934,7.3464772677689405,0.33413694470686317,Homo sapiens,Khoi-San
Posterior,NMNH226087,6,10,16.87765987943544,15.48338141273509,0.42452861788685886,Homo sapiens,Australian aboriginie
Premolar,MH12326,0,3,39.835089408453484,11.861492871827483,1.2461882816598702,Homo sapiens,Chucki
Premolar,MH5327,3,14,34.89265332510587,17.035966046786164,0.30358600004862535,Homo sapiens,Australian aboriginie
Posterior,HTB1726,6,2,31.941159332366635,24.968724247429556,1.6882735815147814,Pan,Ebolwa
Posterior,AMNH99.1/96-A,9,14,12.789739399925288,12.202570972266495,0.374527165589978,Homo sapiens,Alaska
Posterior,AMNH99.1/100,0,8,51.937363162520306,16.2912077642386,0.8277617503424631,Homo sapiens,Alaska
Posterior,HTB1223,3,10,24.379267062905196,13.552738297480222,0.7519896658311607,Papio,East Africa
Anterior,BM1923.3.4.3,3,11,27.544020960039717,14.951541727677583,0.6745973071136488,Papio,East Africa
Posterior,IPHA.14,2,10,20.34732385922024,15.117339499346983,0.15378825282590503,Homo sapiens,Afalou
Premolar,NMNH344714,8,13,34.97625724778829,15.248872746054703,-0.07784896010946829,Homo sapiens,Australian aboriginie
Anterior,BRK125598,3,4,30.210731868729475,12.575216230792417,0.9413769649564385,Homo sapiens,Native Californian
Anterior,UVS58,12,7,48.729340344205234,18.221101304312572,0.7147820170032202,Homo sapiens,Khoi-San or bushman half-caste
Anterior,NMNH258483,7,3,39.763973833971804,17.580439200581228,0.7558181518871042,Homo sapiens,Australian aboriginie
Posterior,MH3619,5,10,21.18261731541908,18.78074336404006,0.13822951999927746,Homo sapiens,Tasmanien
Premolar,HTB1768,1,7,32.613099511158666,14.484552663206392,0.3258084285007469,Pan,Ebolwa
Posterior,UVS63,3,4,22.642407321332875,17.925880489077073,0.305641565517464,Homo sapiens,Khoi-San or bushman half-caste
Anterior,BM1934.11.20.1,12,9,29.06526119423407,19.889678409151433,0.07604690569593964,Papio,East Africa
Anterior,HTB3551,7,5,25.084082154321397,13.739768750596573,0.6363331903827169,Pan,West Africa
Posterior,BM1911.12.1.1,1,6,43.71294461681077,14.170033751944942,0.29137152669355737,Papio,East Africa
Anterior,NMNH283613,5,8,33.51787576950619,16.24063557775221,0.7315457740068941,Homo sapiens,Buriat
Premolar,AMNH99.1/99,7,2,35.95737305709294,6.732963864018709,0.6206581609518964,Homo sapiens,Alaska
Posterior,BRK125670,5,14,37.36475904407097,17.43817917023327,0.7877650905877573,Homo sapiens,Native Californian
Anterior,HTB2026,5,12,40.547366086404054,9.42440546950295,0.6211847449976724,Pan,Ebolwa
Premolar,BM1976.1408,0,3,38.070826743295854,15.199524399959428,0.4305326348041433,Pongo,Borneo
Anterior,BM1962.25,2,11,28.72179697830243,10.969305066893476,0.6756655043491785,Papio,East Africa
Anterior,IPHA.36,4,12,18.996386983479304,6.051595585191398,0.7753581549957033,Homo sapiens,Afalou
Premolar,BM1909.6.11,3,7,40.4854962580788,14.904605810786714,0.2650512906121618,Papio,East Africa
Premolar,MH1670,10,8,41.27051380130541,13.40918793740164,0.8628043483224346,Homo sapiens,Sami
Anterior,HTB1956,5,2,54.68785356037239,10.364966630303584,0.08781152075518561,Pan,French Cameroons
Premolar,BM1899.6.10.2,0,14,45.26532747353213,12.406621064579463,0.0833400270511711,Papio,East Africa
Posterior,HTB1154,7,8,49.49556198433507,14.261142932400249,0.48376691691990453,Papio,East Africa
Premolar,NMNH330605,8,10,27.133363305850146,8.54868999606407,0.6431381364874492,Homo sapiens,Australian aboriginie
Anterior,NMNH226092,8,4,19.779869313865632,17.84691501179174,0.3602066373474817,Homo sapiens,Australian aboriginie
Anterior,BM1908.7.17.1,4,14,57.72787056331661,15.81384902166536,0.833041426180652,Pongo,Borneo
Posterior,UVS10,8,11,45.560639555432466,12.819509126844313,0.794830953830848,Homo sapiens,Khoi-San
Posterior,BRK126104,4,11,38.47741001458316,18.439267365413272,0.46498369973715714,Homo sapiens,Native Californian
Anterior,UVS142,7,11,46.3201497340158,18.542352283423654,0.5601531861311577,Homo sapiens,Khoi-San
Posterior,HTB1701,2,6,24.26027888510614,19.278378978273718,0.9585732345688003,Pan,French Cameroons
Anterior,HTB2001,10,4,7.783150463564944,6.527262602779253,0.701681773650048,Pan,French Cameroons
Premolar,MH12327,2,7,17.36324550810846,8.42416885096408,0.8774036132095824,Homo sapiens,Chucki
Anterior,BRK125675,7,4,35.38296541219968,15.985570133510075,-0.2349543827632371,Homo sapiens,Native Californian
Anterior,UVS125,4,3,42.253057891668476,19.53152013642487,0.1729677633435649,Homo sapiens,Khoi-San
Premolar,BM1899.7.8.1,10,6,39.821847060416715,9.20134945002842,0.5870486876501654,Papio,East Africa
Anterior,NMNH278706,7,12,23.788327993751157,12.732063175866568,-0.16427510919774524,Homo sapiens,Buriat
Posterior,IPHA.22,5,14,18.71237488489531,14.838674013124647,1.3360552270954846,Homo sapiens,Afalou
Premolar,BRK126243,7,5,24.551455960544207,14.473173031459055,0.8439876153363488,Homo sapiens,Native Californian
Anterior,MH12318,9,13,39.16978134267795,20.655266253440693,0.1594164456193653,Homo sapiens,Chucki
Anterior,BRK126764,7,11,19.78067036298621,17.169006403086854,0.9747448805335799,Homo sapiens,Native Californian
Posterior,BM1976.1428,0,14,45.40627138789234,11.362276268717533,0.8104480737891606,Pongo,Borneo
Anterior,IPHA.29,10,11,42.15368322405651,13.614641373825975,-0.022404197553182348,Homo sapiens,Afalou
Anterior,HTB1223,5,5,49.0536963543924,17.32114613106057,0.09692762843625247,Papio,East Africa
Posterior,BRK126117,3,11,43.639412736753115,15.614679710106692,0.5981819422462762,Homo sapiens,Native Californian
Anterior,BM1900.6.28.1,0,3,29.92236004041185,16.688019148082837,0.8554433337734602,Papio,Arabia
Anterior,UVS63,6,14,41.19443431418928,11.709957731021381,0.5247131413356773,Homo sapiens,Khoi-San or bushman half-caste
Anterior,UCD2(1)b,12,4,1.7386255818916787,16.270175269503262,1.1958226697928296,Homo sapiens,Native Californian
Posterior,BM1938.7.17.1,2,5,48.360803030085926,13.815638887740882,0.4929036364315971,Papio,Central Africa
Premolar,BM1899.6.10.2,12,8,30.935568066349706,21.00083034642081,0.6961277242072348,Papio,East Africa
Anterior,BM1976.1431,4,3,31.747396888805405,18.292529339381787,0.2508543373077986,Pongo,Borneo
Posterior,HTB1217,11,7,15.239866147843966,23.278370438403904,0.8171664124539353,Papio,East Africa
Posterior,MH20326,6,5,35.06584226270539,18.132817287880663,0.5141366131792012,Homo sapiens,Australian aboriginie
Anterior,IPHA.34,3,4,57.95048638258751,9.880990081132419,0.1861395722679307,Homo sapiens,Afalou
Posterior,AMNH99.1/100,7,11,30.866112042157262,14.34333345956178,-0.17574824639124143,Homo sapiens,Alaska
Posterior,IPHA.48,2,11,42.424802088769454,16.44654225263434,0.16098259281129174,Homo sapiens,Afalou
Anterior,UCD2(16)b,12,4,19.321110298834768,11.269382068896967,0.436804416242094,Homo sapiens,Native Californian
Posterior,BM1935.2.14.1,4,11,32.96222445567126,17.712928370208143,0.014445933528408006,Papio,East Africa
Premolar,BRK126089,1,14,38.82978698835003,14.422864870729558,0.12584048501550488,Homo sapiens,Native Californian
Anterior,MH24934B,9,14,40.495183386008776,18.200398423835395,0.753239100271228,Homo sapiens,Buriat
Anterior,NMNH278710,5,10,27.460486089915296,14.406394396431857,0.43279266781665743,Homo sapiens,Buriat
Premolar,MH20325,9,11,30.934884657231176,16.205212077824562,0.3327928460162087,Homo sapiens,Australian aboriginie
Premolar,AMNH99.1/102,4,9,35.57793251996043,11.84111686811761,-0.2020056655140009,Homo sapiens,Alaska
Posterior,NMNH350097,1,6,20.912076538851892,15.03827322517919,1.0068301353245483,Homo sapiens,Australian aboriginie
Premolar,NMNH225025,8,10,31.684944590432135,12.168619881685164,0.5882247595288611,Homo sapiens,Chucki
Posterior,HTB3434,4,2,38.91283463008735,12.887578301205552,0.13541047778816018,Pan,West Africa
Anterior,BM1913.10.18.3,6,14,16.870485749532037,12.699792257283567,0.6322346185688801,Papio,East Africa
Posterior,NMNH258483,5,8,24.691846917211578,18.716013261439727,0.32764047703499005,Homo sapiens,Australian aboriginie
Posterior,BRK125675,0,5,38.10674734674173,10.922602416916803,0.41719934154137883,Homo sapiens,Native Californian
Posterior,BM1900.6.28.1,2,9,21.774449504952702,14.0975121623698,0.4689954707081065,Papio,Arabia
Premolar,AMNH99.1/72,2,11,39.44065928760682,14.148039104969454,0.7779325042102357,Homo sapiens,Alaska
Premolar,NMNH226089,5,7,38.56690434786276,11.16972318902916,0.6084841250697668,Homo sapiens,Australian aboriginie
Premolar,HTB1218,12,5,47.76473339359855,13.195234132644993,0.2817396465411257,Papio,East Africa
Anterior,HTB1025,1,12,46.38466816423889,13.73118503125257,0.46518263596959986,Papio,East Africa
Premolar,UVS67,8,12,24.993529967181775,18.411778172296845,0.36965919162208827,Homo sapiens,Khoi-San or bushman half-caste
Posterior,UVS68,10,7,32.96379672799478,16.51650266449009,0.7202551935566838,Homo sapiens,Khoi-San or bushman half-caste
Posterior,AMNH99.1/91-A,7,6,27.463003378497937,9.51524940418836,0.7779048887838866,Homo sapiens,Alaska
Posterior,BM1935.2.14.1,0,10,38.92439069781805,9.282925820851133,0.378497023231168,Papio,East Africa
Posterior,NMNH344715,5,9,0.1053812279585209,14.003586081374584,0.10172566586268333,Homo sapiens,Australian aboriginie
Anterior,NMNH226087,10,2,39.7732212320733,15.634559814295836,-0.13373853283631165,Homo sapiens,Australian aboriginie
Premolar,BRK126256,8,10,42.679106784237895,17.264726437542635,0.48030960659002786,Homo sapiens,Native Californian
Premolar,AMNH99.1/89-B,12,7,28.441363354460375,9.332999630398097,0.44366544646086964,Homo sapiens,Alaska
Premolar,BM1900.6.28.1,9,2,36.97299619490006,19.959627408994017,0.4493051870869085,Papio,Arabia
Anterior,MH10289,9,4,14.405351099688907,16.40931828909626,0.3391947634706299,Homo sapiens,Fuegian
Anterior,IPHA.30,5,6,36.39835133249931,12.637359498711406,0.5312180916475078,Homo sapiens,Afalou
Posterior,BM1976.1428,5,6,27.484341185464544,7.594822889997281,0.24782977358818342,Pongo,Borneo
Posterior,HTB3437,2,3,19.6104094536374,25.43305022485152,0.18022741516023405,Pan,West Africa
Anterior,NMNH278711,2,13,42.83660836304509,12.837348073603929,1.1837576492705262,Homo sapiens,Buriat
Posterior,MH12328,4,14,33.39819293738905,15.133478344289738,0.6109040039743242,Homo sapiens,Chucki
Posterior,BM1902.11.22.1,4,9,32.80993292351417,16.275717319238936,-0.024757903684142213,Papio,Arabia
Posterior,HTB3398,6,9,16.319832125613875,21.06400051244372,0.5121325637351917,Pan,West Africa
Posterior,BRK125666,9,11,24.686303576798167,10.023208807259445,0.2569184567568489,Homo sapiens,Native Californian
Anterior,PMN1390,12,6,36.952155011869245,12.67292211238896,0.48234699024026306,Homo sapiens,Australian aboriginie
Posterior,HTB3434,8,9,38.84091297639051,15.858603153031272,1.0802513750614584,Pan,West Africa
Posterior,UVS52,12,8,48.54292409944419,11.74111731435867,0.4618377311052596,Homo sapiens,Khoi-San or bushman half-caste
Premolar,NMNH278701,0,9,44.06244074590866,16.550520853374877,0.5264376932705475,Homo sapiens,Buriat
Premolar,NMNH329779,11,2,22.990634072580193,10.501241680168075,0.07454792320617798,Homo sapiens,Australian aboriginie
Posterior,BRK125670,1,12,37.85397186895182,16.216963831382476,0.5788891749104711,Homo sapiens,Native Californian
Premolar,HTB1222,10,5,33.37442240569711,6.677504401764267,0.3469688316080624,Papio,East Africa
Premolar,MH24894,2,6,45.178590469817436,16.604419789335857,0.7491417967712599,Homo sapiens,Sami
Premolar,HTB1721,10,3,49.285781737823676,19.409051904470548,0.5469732150456454,Pan,Ebolwa
Anterior,BRK126100,5,13,35.440060142039215,18.665070127893955,0.5652640855811812,Homo sapiens,Native Californian
Premolar,MH12327,2,12,34.97549882364891,20.232907304355358,0.30799737867479426,Homo sapiens,Chucki
Posterior,BRK126113,8,2,28.273892234818973,15.68114343120868,0.31561076114327064,Homo sapiens,Native Californian
Premolar,UVS38,11,6,42.846529656054216,19.487596559938332,0.5298476616610196,Homo sapiens,Khoi-San
Anterior,MH2283,4,10,41.0419213106498,15.935306650397349,0.4479629029078178,Homo sapiens,Fuegian
Posterior,HTB1903,3,8,42.96261806567624,16.648036982174187,-0.18442299968156006,Pan,French Cameroons
Posterior,AMNH99.1/59,4,2,20.87183038145192,12.179943058733071,0.2516714378359539,Homo sapiens,Alaska
Posterior,BM1924.8.6.16,11,11,36.93792710553326,13.008146645857558,0.7159388207684623,Papio,West Africa
Posterior,UVS29,12,9,49.1707060908773,17.50265475160567,0.2674993794197187,Homo sapiens,Khoi-San or bushman half-caste
Anterior,BRK126768,5,12,43.71523099928519,14.945130549449077,0.7031787124612848,Homo sapiens,Native Californian
Premolar,BRK125832,10,7,36.11646833947036,12.048140076385264,0.34292075168787106,Homo sapiens,Native Californian
Anterior,PMN1497,10,4,43.328690733862175,16.600079988979278,0.045001688306288645,Homo sapiens,Australian aboriginie
Premolar,AMNH99.1/110,3,11,24.419662586329846,14.933639730761875,0.33393698222155976,Homo sapiens,Alaska
Anterior,BM1924.8.6.15,4,8,24.355809733204058,13.134032049780009,0.93782205515144,Papio,West Africa
Anterior,PMN1390,1,3,21.669637874014303,18.870175973591788,1.2427315950472613,Homo sapiens,Australian aboriginie
Posterior,HTB2823,0,11,42.1598772563063,12.57125361390313,-0.34557262090123875,Pan,French Cameroons
Posterior,BM1964.2174,2,2,35.420052587297945,9.07814723809543,0.5693930093345038,Papio,East Africa
Posterior,IPHA.30,9,5,44.53697458214231,7.314968157915514,0.2327379174602156,Homo sapiens,Afalou
Posterior,MH1503,4,3,27.863409085573387,14.887520149028019,0.882934257284631,Homo sapiens,Tasmanien
Premolar,BRK126089,5,8,21.388212435152212,8.39625730853094,0.5603983584180504,Homo sapiens,Native Californian
Posterior,MH20912,9,5,28.872742584531725,17.24032402331069,0.9168972295778577,Homo sapiens,Ona
Posterior,HTB3434,10,12,25.60697812935644,16.295741049588713,0.37579830327191854,Pan,West Africa
Anterior,HTB1701,0,3,38.07602337724289,14.082105987810072,-0.04343665764930171,Pan,French Cameroons
Premolar,BRK126760,0,8,54.359739627193306,12.879644810674728,0.7855239029838741,Homo sapiens,Native Californian
Premolar,NMNH329778,6,3,32.668755871884926,13.02294901754365,0.05003134498337092,Homo sapiens,Australian aboriginie
Anterior,MH3616,1,6,30.360953566850956,13.38469895580655,0.9799772202848684,Homo sapiens,Australian aboriginie
Posterior,AMNH99.1/105,0,3,22.256689593115276,14.410434264505783,0.47365951951178975,Homo sapiens,Alaska
Anterior,NMNH278716,3,4,39.115035693387966,11.826709201894138,0.57478535765027,Homo sapiens,Buriat
Anterior,NMNH344713,10,13,30.782611532817903,21.01624038872606,0.6381649154982978,Homo sapiens,Australian aboriginie
Posterior,BM1901.8.9.23,3,12,28.95993101970428,18.312000063192837,0.24285346312742473,Papio,East Africa
Premolar,BRK126118,3,14,24.235743889228143,10.922234955774215,0.49012979511632393,Homo sapiens,Native Californian
Anterior,MH3337,2,9,62.90802110573057,23.869563165300335,-0.26407210013179083,Homo sapiens,Australian aboriginie
Anterior,UVS38,3,6,48.561473691167926,9.571489454097115,0.24619393742921558,Homo sapiens,Khoi-San
Posterior,BRK126261,7,2,24.861692126673308,16.933140613099177,-0.08489622301788136,Homo sapiens,Native Californian
Premolar,AMNH99.1/89-B,10,8,22.438744159615172,8.710507536863089,0.22341248238888012,Homo sapiens,Alaska
Anterior,MH24934B,12,7,37.56735434757676,22.8528666370133,0.33355605201995675,Homo sapiens,Buriat
Anterior,BM1962.25,9,14,21.107713238067504,24.97635669998205,-0.02792813689294671,Papio,East Africa
Anterior,UVS142,6,6,34.60284990624649,20.597030349640477,-0.14645626207022244,Homo sapiens,Khoi-San
Posterior,BRK126248,2,7,34.60573596075719,15.73507481281509,1.1594216794691579,Homo sapiens,Native Californian
Posterior,BM1976.1416,9,13,42.2347549852969,16.813109026849506,0.9077108519804593,Pongo,Borneo
Anterior,BM1906.11.1.6,8,3,28.034058741383788,17.00194138144504,-0.290273499385032,Papio,East Africa
Premolar,HTB1153,11,9,25.531300802126587,17.01784968122983,0.16336754980251056,Papio,East Africa
Premolar,NMNH225025,12,10,14.523970781180285,18.602412260739072,0.23742521041515408,Homo sapiens,Chucki
Premolar,HTB1726,8,11,36.97267895068907,11.36938149186782,0.08129120159610265,Pan,Ebolwa
Posterior,MH1860,4,4,39.87716274140281,15.850176190677873,0.524994186685532,Homo sapiens,Sami
Posterior,NMNH226088,11,4,36.06215299843578,15.435175879881546,0.7270559389741487,Homo sapiens,Australian aboriginie
Posterior,BM1908.8.9.41,2,4,22.28424555652144,21.84244776729396,0.4898700822146422,Papio,East Africa
Anterior,BM1935.2.14.1,8,6,41.45528168343064,17.08120407830613,0.4402480369052269,Papio,East Africa
Posterior,MH1670,4,6,28.728430364897626,9.896900956985764,0.31185685001462315,Homo sapiens,Sami
Premolar,MH12317,1,6,36.14299074098779,15.166030360225518,1.0971896954415938,Homo sapiens,Chucki
Posterior,NMNH278710,12,3,41.24069093148819,15.53553752902193,1.3444811703589012,Homo sapiens,Buriat
Anterior,NMNH380450,10,8,19.266142055340453,14.692805948004153,0.4856466817986349,Homo sapiens,Australian aboriginie
Posterior,UVS1,9,7,43.46206908552954,16.9641801915268,0.30071584804063306,Homo sapiens,Khoi-San
Posterior,BM1884.10.30.1,4,11,26.720058551433247,16.202049404121798,0.8321048057013227,Pongo,Borneo
Premolar,AMNH99.1/105,12,13,40.17536386258089,9.32080558776142,0.3820010139513531,Homo sapiens,Alaska
Anterior,BRK126773,11,10,25.928092827980322,11.190763098638225,-0.5209022789903943,Homo sapiens,Native Californian
Posterior,BRK126774,9,5,26.483912433339793,16.796929437971688,0.6539100382631355,Homo sapiens,Native Californian
Posterior,UVS1,0,12,49.25061451782574,21.466217452325253,0.2739845983644462,Homo sapiens,Khoi-San
Anterior,HTB1721,8,10,38.74425339798155,19.071631566999102,0.318436310560665,Pan,Ebolwa
Anterior,HTB1218,10,9,25.44658291438855,16.238720332649425,0.643836761050932,Papio,East Africa
Premolar,PMN3064,12,10,19.81766507163522,12.990768042604275,0.5857124514198865,Homo sapiens,Australian aboriginie
Anterior,IPHA.14,9,13,38.1631805825162,17.557527228088116,0.2531529109679876,Homo sapiens,Afalou
Anterior,MH1505,10,4,15.13177027429579,9.060785806554684,0.99999031591483,Homo sapiens,Tasmanien
Posterior,BM1901.2.13.1,8,5,17.14705849460149,16.936390000473153,0.8358535314720443,Papio,West Africa
Anterior,BRK126244,4,7,25.210015757209405,16.359521344090197,0.6343669810476429,Homo sapiens,Native Californian
Posterior,UVS46,2,13,26.26486911868227,12.083452539838024,1.3117111606997673,Homo sapiens,Khoi-San
Anterior,HTB2748,9,4,33.60361634403935,14.930364264238984,0.6145529433873083,Pan,French Cameroons
Posterior,NMNH225029,1,8,37.58331527972354,9.543800707449767,0.997795395946912,Homo sapiens,Chucki
Premolar,UVS52,1,5,35.34710159001266,13.212811969754297,0.20866537623179515,Homo sapiens,Khoi-San or bushman half-caste
Premolar,BM1932.7.6.1,11,2,28.63659974824924,21.882425977712472,0.48137199650847157,Papio,East Africa
Posterior,NMNH283606,7,4,24.970613601040135,16.207006362634733,0.4419853146174251,Homo sapiens,Buriat
Premolar,MH24934B,6,3,31.017246391925138,7.400904887269829,0.2804364392780804,Homo sapiens,Buriat
Posterior,HTB1958,1,13,39.65200615760294,11.213125394564997,1.070991243065968,Pan,French Cameroons
Premolar,BRK126755,11,12,17.149584116098513,15.40112242662063,0.7950161999813818,Homo sapiens,Native Californian
Posterior,MH11150,3,10,30.49819550622953,13.149361255921518,0.21806015514806343,Homo sapiens,Buriat
Premolar,BRK125676,0,7,30.626595459186504,16.03734190519981,1.3356539701655206,Homo sapiens,Native Californian
Premolar,BRK126266,12,10,16.492803455536148,8.883009434579733,0.8215702421956248,Homo sapiens,Native Californian
Posterior,HTB3537,9,5,51.0165294268739,17.631264608635384,0.45557143843609915,Pan,West Africa
Posterior,IPHA.5,9,6,40.75908040005481,20.73197213948729,0.7515407279487596,Homo sapiens,Afalou
Premolar,AMNH99.1/160,0,4,34.81654795503414,12.795314596383154,0.9047173093651668,Homo sapiens,Alaska
Premolar,HTB1720,2,14,35.86046167884082,7.184982256207527,0.8277620372463086,Pan,Ebolwa
Posterior,AMNH99.1/107,1,3,39.61770563921776,10.681282495102515,1.0116574780587944,Homo sapiens,Alaska
Premolar,BM1976.1422,10,8,44.370438098771615,9.500844240913139,0.240984362321628,Pongo,Borneo
Posterior,BRK126259,10,12,41.54536457832397,20.420442328803457,0.046276427403358966,Homo sapiens,Native Californian
Anterior,BRK125670,6,4,20.773500943453552,18.913254310422694,0.5421871158815439,Homo sapiens,Native Californian
Posterior,HTB1497,2,6,33.05198453109481,17.8746901686465,1.0973141237160713,Papio,East Africa
Posterior,MH1511,12,7,27.418380485006566,17.18109623508664,0.5686361970783109,Homo sapiens,Australian aboriginie
Premolar,BRK126113,7,5,41.62286460531638,14.52492259950205,0.2049743484348936,Homo sapiens,Native Californian
Posterior,NMNH278704,3,6,39.05486696361204,17.87866434724804,0.6188647592938777,Homo sapiens,Buriat
Posterior,MH5563,2,9,32.9097378784788,21.702485158152285,0.684447569257377,Homo sapiens,Khoi-San
Premolar,UVS2,0,2,33.389217728374895,15.688369537339355,0.2591517442688883,Homo sapiens,Khoi-San
Posterior,HTB3539,9,3,39.43965779826221,4.597580396630324,0.2273184134298814,Pan,West Africa
Premolar,HTB1758,1,13,44.933260415219166,7.651793167956494,0.7675695469598308,Pan,Ebolwa
Anterior,IPHA.14,6,11,51.15709682006367,18.49313507316428,0.5109527402722982,Homo sapiens,Afalou
Premolar,AMNH99.1/64,0,14,13.778247418819493,13.947193317840972,0.4255682043732806,Homo sapiens,Alaska
Anterior,HTB0802,2,13,28.707068656060457,17.469961808093736,0.49254138488482907,Papio,East Africa
Anterior,NMNH329778,11,4,27.43807417375058,11.393677026651101,0.4285216495726378,Homo sapiens,Australian aboriginie
Posterior,NMNH226092,11,8,32.187728586220146,17.169406510058042,0.5907465239557642,Homo sapiens,Australian aboriginie
Premolar,BM1900.3.18.1,11,9,32.54946603680502,10.910301002312487,0.6527549304600331,Papio,East Africa
Posterior,BM1976.1420,1,13,14.399472300816353,21.768505896212936,0.10585480973783645,Pongo,Borneo
Posterior,BRK126774,5,7,35.192494926165395,12.620752888469093,0.6931472879948062,Homo sapiens,Native Californian
Premolar,UVS119,2,9,50.82384764532018,21.139958816375817,1.1854498520868115,Homo sapiens,Khoi-San
Posterior,BM1976.1417,8,6,45.95511117001195,15.008292424324484,1.6072234754031498,Pongo,Borneo
Premolar,HTB1719,3,10,25.682156770880862,12.472633622744745,0.736055880317014,Pan,Ebolwa
Premolar,HTB3551,2,14,31.45410799217431,15.767911108557664,-0.3503328056930901,Pan,West Africa
Premolar,MH3619,0,12,34.358348800453115,22.249198854418633,0.38849360695565394,Homo sapiens,Tasmanien
Premolar,MH19777,11,7,46.42695736136305,16.670725516391848,0.07880349634655781,Homo sapiens,Buriat
Premolar,BRK126054,6,3,35.9464714863909,16.18373138374701,0.006281216183799898,Homo sapiens,Native Californian
Premolar,HTB1212,2,3,59.71670612239106,10.871271959574518,0.7078115635270706,Papio,Central Africa
Posterior,MH1860,11,9,38.009150684468196,19.283658286483373,0.659968417126444,Homo sapiens,Sami
Premolar,BM1938.7.17.1,3,2,12.462648670647969,14.74797745377587,0.8439011757328184,Papio,Central Africa
Posterior,MH3619,9,3,46.76064053468783,19.11409158190122,0.5622676811881329,Homo sapiens,Tasmanien
Anterior,MH19782,0,12,38.35712987930295,10.403823834779999,0.3130254697841667,Homo sapiens,Buriat
Posterior,AMNH99.1/101,7,10,38.51757299985949,21.048512754391886,0.6912405563860905,Homo sapiens,Alaska
Anterior,NMNH225029,1,11,33.57726905077082,23.498402392516248,0.4545156471543753,Homo sapiens,Chucki
Anterior,NMNH330604,1,14,42.382080334333025,7.767987293708858,0.33683743782641024,Homo sapiens,Australian aboriginie
Posterior,HTB2032,5,9,31.19846883232216,11.312581241695662,0.30995357190411355,Pan,Ebolwa
Premolar,IPHA.3,12,11,42.237343766274265,15.75945981379398,0.9517797204449185,Homo sapiens,Afalou
Anterior,MH1860,3,14,8.757017141817236,15.333186166545564,0.8127331317145806,Homo sapiens,Sami
Anterior,IPHA.36,3,10,40.16578635112023,16.00078596448163,0.7553790029354971,Homo sapiens,Afalou
Posterior,UVS142,7,7,26.867394017867063,14.684948618324881,0.45599980444190563,Homo sapiens,Khoi-San
Posterior,AMNH99.1/61,2,11,26.41754194827653,12.540074991059367,-0.06172198871052337,Homo sapiens,Alaska
Posterior,IPHA.25,4,12,35.81911560080561,16.648418482651202,0.38576180297752566,Homo sapiens,Afalou
Premolar,HTB3437,12,4,26.788170489934675,15.562002730150125,0.27963848212446707,Pan,West Africa
Posterior,MH12320,4,7,29.23519913449769,10.659164063496352,0.530410080813774,Homo sapiens,Chucki
Anterior,HTB1503,10,12,24.677612225204737,16.367973003207887,0.7140520203237727,Papio,East Africa
Posterior,BM1939.1006,7,2,33.68768060366587,23.64525720750671,0.6689489503322685,Pongo,Borneo
Anterior,BM1976.1442,8,10,32.29967048062099,20.62751011679334,0.7991768521835396,Pongo,Borneo
Posterior,HTB1221,5,4,29.052140832962866,10.416484430003944,0.21879920275496384,Papio,East Africa
Anterior,NMNH225032,5,14,26.08171643463807,19.405341879235316,0.5023130632272378,Homo sapiens,Chucki
Posterior,HTB1503,10,6,24.833355933324597,11.657509285445805,0.7258235219071821,Papio,East Africa
Premolar,AMNH99.1/98,8,13,29.18604492803032,13.13139674374344,0.3120253576465906,Homo sapiens,Alaska
Posterior,HTB3538,7,4,30.66322242666063,18.114545742755784,0.16900799177624842,Pan,West Africa
Anterior,MH4459,6,3,32.031711087987155,18.58802772247607,1.011483447799208,Homo sapiens,Australian aboriginie
Anterior,UVS125,11,12,29.56359592912571,12.222365682988396,0.688538512933011,Homo sapiens,Khoi-San
Posterior,HTB1888,12,9,41.62407331014565,16.497011014246368,0.6354640745578464,Pan,French Cameroons
Premolar,AMNH99.1/97,7,10,26.485564517837453,22.803063445602245,0.5536231656380338,Homo sapiens,Alaska
Anterior,HTB2756,5,4,25.01671581062133,14.728812321305444,1.278422747677877,Pan,French Cameroons
Anterior,NMNH227455,10,10,22.865028250193102,19.419770481824585,0.6964386715330028,Homo sapiens,Australian aboriginie
Premolar,UVS52,2,9,38.03195682851997,21.909379097069415,0.528391377294426,Homo sapiens,Khoi-San or bushman half-caste
Anterior,MH20325,8,2,47.51476885790358,16.394214435534302,0.663407403761386,Homo sapiens,Australian aboriginie
Anterior,MH4459,6,6,24.358961749372835,14.587141095302574,0.6023701651909013,Homo sapiens,Australian aboriginie
Premolar,HTB1220,3,13,35.21187689778733,17.73376669509483,0.2139385131293393,Papio,East Africa
Premolar,BRK126259,2,11,15.76186350783064,11.97601090638956,1.1194525922777387,Homo sapiens,Native Californian
Premolar,HTB3398,11,13,33.44051916934634,20.213032710567653,-0.3718387471823279,Pan,West Africa
Premolar,MH8057,7,6,27.825801211975115,5.873135692426144,0.7273387692455567,Homo sapiens,Sami
Anterior,NMNH226089,2,5,15.091153327989101,17.77054073008242,0.28298046499574847,Homo sapiens,Australian aboriginie
Anterior,BRK126767,0,8,16.322843619529465,23.969537881940504,0.3588200287859893,Homo sapiens,Native Californian
Posterior,BRK126243,8,2,44.29059855086915,20.415540510200444,0.5093809341220594,Homo sapiens,Native Californian
Premolar,NMNH350098,7,13,36.709476429826296,22.79483132756934,0.8406776337550503,Homo sapiens,Australian aboriginie
Posterior,IPHA.48,6,10,26.658698960859056,20.23567820150181,0.36427658525442963,Homo sapiens,Afalou
Posterior,NMNH380466,10,5,34.744782173817,11.275028061861459,1.1734628348877187,Homo sapiens,Australian aboriginie
Premolar,NMNH283615,0,9,33.99462070207023,9.483993795534417,0.8327859948374579,Homo sapiens,Buriat
Anterior,HTB1737,4,4,23.067234890429233,15.01491132585715,0.39330015959406533,Pan,Ebolwa
Anterior,HTB0890,2,12,37.93139674131463,12.598264035895205,0.11043319248447708,Papio,East Africa
Premolar,HTB2751,11,9,26.619488453696583,10.131259726417245,0.6687259348554077,Pan,French Cameroons
Posterior,IPHA.2,7,8,50.62913712754103,14.474240320279522,0.303783221198505,Homo sapiens,Afalou
Anterior,BM1934.11.20.1,9,4,21.1140825624703,14.515133908172825,0.3652751665039602,Papio,East Africa
Anterior,MH5325,2,14,34.00891878225495,12.17823885731728,0.3045215116752291,Homo sapiens,Australian aboriginie
Anterior,BM1901.2.13.1,4,6,51.89077439666625,13.640414995767308,0.9740574796826222,Papio,West Africa
Premolar,MH1861,12,2,34.72598588529315,23.042499183571174,0.883161659912095,Homo sapiens,Sami
Posterior,MH5329,5,8,33.930846496625904,9.164265062650824,0.25316255806636756,Homo sapiens,Australian aboriginie
Premolar,HTB1724,2,3,14.206127525094384,8.447947879082788,0.16268371288845485,Pan,Ebolwa
Premolar,PMN1497,5,6,34.530711126581664,18.36972988516681,1.0648150072396336,Homo sapiens,Australian aboriginie
Anterior,NMNH344713,4,14,15.418142031826916,15.03216059740793,0.4120379649084431,Homo sapiens,Australian aboriginie
Premolar,MH4763,11,3,46.49332684099267,16.71205960222008,0.25008388434750034,Homo sapiens,Australian aboriginie
Posterior,MH3337,11,6,26.33519621757698,17.557435305023198,0.2482439210782496,Homo sapiens,Australian aboriginie
Premolar,MH19784,9,13,34.158261560425004,13.562967624268941,0.8634648857677012,Homo sapiens,Buriat
Anterior,AMNH99.1/89-A,2,12,25.683494953469744,11.690075726941785,0.429626587306351,Homo sapiens,Alaska
Premolar,MH12328,12,13,29.704391485055044,14.143448551236059,0.634044409240382,Homo sapiens,Chucki
Premolar,MH19826,9,6,21.046392862041486,15.21057184596276,0.7417831448498353,Homo sapiens,Yaghan
Premolar,BRK126089,8,9,21.267761168352063,16.3257031115373,0.4829843017281453,Homo sapiens,Native Californian
Premolar,NMNH330606,9,11,34.71849416951732,17.08399075741995,0.5667524819664173,Homo sapiens,Australian aboriginie
Posterior,MH10285,9,12,18.90340659569037,14.081615333087777,0.931794690402239,Homo sapiens,Ona
Posterior,BM1922.12.19.6,7,9,26.91236266929144,12.701943255959524,1.0276970622456112,Papio,Central Africa
Premolar,BRK126117,1,11,33.588029204374706,14.25167280605541,0.5566945165131534,Homo sapiens,Native Californian
Premolar,BRK125822,1,11,32.114891261867065,19.474206875318423,0.34904092065583725,Homo sapiens,Native Californian
Posterior,BM1976.1429,10,13,27.633252977033468,18.176541416653468,0.27856990253899017,Pongo,Borneo
Anterior,BRK126764,8,12,55.92430181408389,17.793013864757626,0.9178250702607453,Homo sapiens,Native Californian
Anterior,PMN3064A,8,12,32.25791935940458,8.914017336267097,0.49169480871497073,Homo sapiens,Australian aboriginie
Posterior,NMNH380449,4,3,27.07411100993133,17.042900242809033,0.2640449486960742,Homo sapiens,Australian aboriginie
Premolar,BM1976.1436,4,7,29.846509150797864,12.86470179514901,0.49098235569754106,Pongo,Borneo
Posterior,AMNH99.1/109,0,11,28.8792103613428,16.343397593716595,-0.26060974236293666,Homo sapiens,Alaska
Premolar,BRK126264,5,7,48.90281959399519,16.17604762568611,1.1581766224742982,Homo sapiens,Native Californian
Anterior,NMNH225028,5,14,18.33931149298833,9.735905333944103,0.718620657957633,Homo sapiens,Chucki
Premolar,HTB3398,9,5,25.662677508010088,18.03199282178888,0.2842427544638595,Pan,West Africa
Premolar,NMNH283607,9,13,20.820555473443658,16.015082934087136,0.7100029739587967,Homo sapiens,Buriat
Anterior,NMNH344714,5,5,29.764746361017814,19.432416933995164,0.6709677969242456,Homo sapiens,Australian aboriginie
Posterior,HTB1959,6,12,20.37891940624867,19.35869391014492,0.3129464321956731,Pan,French Cameroons
Anterior,BRK126054,2,14,40.88749983148399,15.423470867242001,0.4922207309615022,Homo sapiens,Native Californian
Premolar,HTB2026,11,14,44.35561834131845,18.56893989282864,0.174134388459953,Pan,Ebolwa
Anterior,MH20326,4,6,13.174165475950492,12.276735048630883,0.24366693355192448,Homo sapiens,Australian aboriginie
Anterior,UVS10,7,6,23.03477181316979,16.088782102295323,0.1010109073201324,Homo sapiens,Khoi-San
Premolar,BRK126260,3,9,43.243956864752164,19.059408054633995,0.07442039839809628,Homo sapiens,Native Californian
Anterior,MH22282,0,4,15.66176369870744,11.579298302744755,0.22986920499623392,Homo sapiens,Sami
Posterior,HTB2756,1,13,25.589299575077106,18.274543632444804,0.5187990113600626,Pan,French Cameroons
Premolar,BM1976.1427,5,8,24.314109062247482,11.992751708902397,0.5058673747728283,Pongo,Borneo
Premolar,BM1936.12.28.1,1,2,30.419864557337846,15.363794509195126,0.21025768951083212,Papio,East Africa
Posterior,BRK126248,10,2,30.333481021372606,9.791045568721335,0.8579416593349307,Homo sapiens,Native Californian
Anterior,IPHA.48,0,9,26.440962298113604,15.690090990056763,0.27243515644860794,Homo sapiens,Afalou
Anterior,BM1902.11.22.1,8,4,43.95253981334881,17.814996797949995,0.8419484299695486,Papio,Arabia
Posterior,IPHA.13,8,13,29.374215873112288,12.193084467247688,0.6585382926336724,Homo sapiens,Afalou
Posterior,HTB1722,1,10,23.90349071434158,11.368727670834426,0.6482153057745603,Pan,Ebolwa
Posterior,BRK125458,8,10,10.214294443818254,15.01870656054568,-0.2265566263448967,Homo sapiens,Native Californian
Posterior,MH12328,6,12,16.6696496090606,15.222600418121283,0.4633688149180421,Homo sapiens,Chucki
Premolar,HTB1722,1,10,51.042819022638284,14.214773294089634,0.2939789066995032,Pan,Ebolwa
Anterior,NMNH380464,10,9,38.3868430341678,13.956740865418151,0.48472317935962084,Homo sapiens,Australian aboriginie
Premolar,UVS63,12,10,28.969810667732006,15.10834197784745,0.7465231683699863,Homo sapiens,Khoi-San or bushman half-caste
Premolar,NMNH278712,2,9,17.985990342498624,13.881466789741284,0.31479251894937527,Homo sapiens,Buriat
Anterior,MH2896,10,6,43.708374264292736,17.15859208281065,0.3854118318017505,Homo sapiens,Khoi-San
Premolar,BM1964.2174,6,7,26.398750277650272,17.08321024092464,0.3495409628701034,Papio,East Africa
Anterior,BRK125666,2,3,37.600628134111204,15.942186484576045,-0.24960886752825862,Homo sapiens,Native Californian
Premolar,AMNH99.1/103,4,13,29.251735333628808,16.020044260953686,0.31478254917739035,Homo sapiens,Alaska
Posterior,UCD2(10.1)b,1,4,32.64758767133356,16.363901262416306,0.2725436871333681,Homo sapiens,Native Californian
Anterior,NMNH380449,3,13,36.63904348931881,13.217237774340942,0.5359319262903318,Homo sapiens,Australian aboriginie
Anterior,BRK126250,5,5,26.858218754647627,16.819170807638518,0.9403887325834228,Homo sapiens,Native Californian
Premolar,HTB1956,2,10,45.247109932813565,17.344367223463543,0.5884509304193534,Pan,French Cameroons
Posterior,AMNH99.1/160,7,11,23.486925457323768,17.516918716023845,0.6615846768941163,Homo sapiens,Alaska
Premolar,HTB1758,10,11,41.41173710963863,13.28993833069123,0.5370642020492292,Pan,Ebolwa
Posterior,IPHA.12,11,14,48.88006126097452,19.444225550051907,0.18990415290131324,Homo sapiens,Afalou
Premolar,AMNH99.1/86-D,2,9,29.55017509533409,14.064724938213487,0.6899122275341023,Homo sapiens,Alaska
Anterior,HTB2033,5,11,42.705806081633185,18.188192764503153,0.9380380333035103,Pan,Ebolwa
Anterior,HTB1153,12,3,41.29922323284767,9.05365624069765,1.1610577366768355,Papio,East Africa
Premolar,MH1509,6,9,37.39409637014543,16.31544313892839,0.5401484874785012,Homo sapiens,Australian aboriginie
Anterior,MH20913,9,3,43.42440155548632,15.128300009118888,0.9362618391206401,Homo sapiens,Yaghan
Anterior,BRK125802,10,2,30.273467597930768,16.302579977404687,0.4462779874515729,Homo sapiens,Native Californian
Anterior,AMNH99.1/97,9,2,19.711743391386705,9.10161218211811,0.0024834313394758167,Homo sapiens,Alaska
Anterior,HTB1215,4,7,35.286297103088756,14.623788733847608,0.21377061317282603,Papio,East Africa
Anterior,NMNH330604,1,9,19.230258150499914,17.25929223567673,0.3701394108802651,Homo sapiens,Australian aboriginie
Premolar,HTB3515,10,13,41.08377813910447,11.150829411358757,0.7437101559639624,Papio,East Africa
Premolar,MH4767,1,3,12.25020626299775,7.48172811346685,0.33556351886237495,Homo sapiens,Tasmanien
Posterior,BRK125679,6,10,29.104772635268272,14.14176397403604,0.4944799655618756,Homo sapiens,Native Californian
Anterior,UVS40,1,8,40.61047676129283,15.192167631010708,0.8799516878936338,Homo sapiens,Khoi-San
Premolar,UVS67,9,5,22.385359264849146,16.345291101906916,0.1779694156800437,Homo sapiens,Khoi-San or bushman half-caste
Posterior,HTB1768,10,6,34.294231046000476,12.625323459542656,1.6407066822759493,Pan,Ebolwa
Anterior,PMN1390,0,5,37.164113596441226,17.25946332649358,0.4414855766588908,Homo sapiens,Australian aboriginie
Premolar,MH20912,12,12,26.911018567377393,18.26987973492501,0.5055363318947627,Homo sapiens,Ona
Anterior,HTB1959,5,12,37.34491524575926,21.48644995069604,0.7778512041072849,Pan,French Cameroons
Premolar,HTB1713,7,8,27.648105164812947,3.0815017321734874,0.9695807224388352,Pan,Ebolwa
Anterior,UVS55,12,6,39.00626637256364,13.81687449895198,0.982729694660882,Homo sapiens,Khoi-San or bushman half-caste
Anterior,BRK126094,6,5,23.498698437401323,13.892930942844028,0.44163399255054975,Homo sapiens,Native Californian
Anterior,MH11150,6,10,4.217254926151764,9.845492823154888,0.9342542286451337,Homo sapiens,Buriat
Premolar,BM1908.8.9.41,9,7,20.073591530299296,15.909310532618342,0.7453765864022471,Papio,East Africa
Premolar,HTB1882,3,13,7.099892884343152,18.05982907675648,0.8568278312827972,Pan,Ebolwa
Premolar,NMNH225025,3,10,30.633969229121952,4.933019461606017,0.6706826565382855,Homo sapiens,Chucki
Posterior,MH1526,6,14,34.937126037437835,15.509858256971935,0.2600233308556962,Homo sapiens,Australian aboriginie
Premolar,MH19784,0,11,28.80593638133562,12.220014807137867,0.1378022495673274,Homo sapiens,Buriat
Premolar,AMNH99.1/89-A,11,5,41.96385845846885,21.33010064697386,0.7772414783113524,Homo sapiens,Alaska
Posterior,HTB1703,2,10,35.72882250787852,11.607939139013391,0.7185670585908119,Pan,French Cameroons
Anterior,NMNH329778,0,6,42.07968001764398,23.63774684501105,0.6510081292002923,Homo sapiens,Australian aboriginie
Anterior,AMNH99.1/59,8,5,24.619986558760935,18.9225207771721,0.6519067704029757,Homo sapiens,Alaska
Premolar,UVS3,12,5,33.97137037509681,19.59066413993203,-0.0342433922997053,Homo sapiens,Khoi-San
Premolar,BM1939.1021,10,10,16.88334256086159,13.124244571219059,0.7141550849878326,Papio,West Africa
Anterior,BM1922.12.19.6,5,2,40.00736343291244,9.640319176475053,0.6837119394645628,Papio,Central Africa
Posterior,IPHA.25,9,4,32.91183733488295,15.930496910597242,0.656519069056833,Homo sapiens,Afalou
Posterior,IPHA.29,5,4,3.312070096740758,11.333743137668906,0.7782809999643333,Homo sapiens,Afalou
Premolar,NMNH380466,4,14,29.645226353692266,19.71041618554048,0.55919875601463,Homo sapiens,Australian aboriginie
Posterior,AMNH99.1/79,1,5,46.55332879202368,20.5419576403983,0.9429067999675689,Homo sapiens,Alaska
Anterior,HTB1043,10,8,26.7416083158742,23.436035567685735,0.8593332273590681,Papio,East Africa
Posterior,HTB1768,2,4,27.334306069110397,14.59252149031234,0.5505659106712034,Pan,Ebolwa
Premolar,UVS119,12,6,36.4492903086503,20.755950032750466,0.3621755173701638,Homo sapiens,Khoi-San
Anterior,BRK125666,11,8,43.34847056670344,19.82627095057279,0.6476152385711507,Homo sapiens,Native Californian
Posterior,HTB1726,1,10,32.684160136514755,16.644085713772512,0.7368482893294874,Pan,Ebolwa
Anterior,MH22283,11,7,28.31642386915602,11.130128816246183,1.3034399733990774,Homo sapiens,Sami
Premolar,BM1904.8.2.3,0,3,22.819910001596526,16.510747065159187,-0.24158035329082284,Papio,East Africa
Premolar,BRK125661,7,11,20.567498359751262,12.343402658448866,-0.03185393284973559,Homo sapiens,Native Californian
Anterior,BRK126076,8,9,25.725847803258375,18.74447098592865,0.22605322843061793,Homo sapiens,Native Californian
Posterior,NMNH350097,1,2,30.652321206883347,17.97393338057065,0.38748192155553024,Homo sapiens,Australian aboriginie
Anterior,AMNH99.1/84-B,7,7,23.768332812728033,18.696740187293905,0.5771365390116703,Homo sapiens,Alaska
Anterior,BM1939.1005,8,10,57.22002794401566,18.35674443813621,0.5188224501894202,Pongo,Borneo
Posterior,BRK126092,0,14,28.40344056406485,19.639693381701857,0.35029901868768704,Homo sapiens,Native Californian
Premolar,HTB1744,5,2,33.89926593720673,14.625530042007181,0.9314851176962216,Pan,Ebolwa
Posterior,HTB1791,7,7,35.69365800498059,9.473549232183109,1.190683974670306,Pan,Ebolwa
Premolar,UVS45,8,9,54.770260195729605,13.122210535541187,1.0405422912649112,Homo sapiens,Khoi-San
Anterior,IPHA.13,4,8,40.69264542416689,14.615505533617409,0.4202784676501624,Homo sapiens,Afalou
Anterior,UVS3,6,2,34.179465789344185,7.110126126927359,-0.3186612089670475,Homo sapiens,Khoi-San
Premolar,BM1899.6.10.2,0,2,20.274633795858705,10.888185447754882,0.150949975755153,Papio,East Africa
Posterior,IPHA.36,0,8,13.61054763283844,18.81720408251406,0.552906281318919,Homo sapiens,Afalou
Premolar,MH4763,4,4,26.79227298121761,19.20876548223393,0.6387145811596912,Homo sapiens,Australian aboriginie
Premolar,NMNH225025,1,14,24.771432337047514,17.822743762370138,0.7647202937018867,Homo sapiens,Chucki
Premolar,BRK125661,12,13,20.577970495601164,21.517242196542565,0.9378795760651257,Homo sapiens,Native Californian
Anterior,MH24592,8,12,22.829729110638034,7.976551466627399,0.20260230436205018,Homo sapiens,Ona
Posterior,MH12324,0,5,38.90379350904149,12.464094823856929,0.34021063162095366,Homo sapiens,Chucki
Posterior,IPHA.46,1,8,6.384695505648963,9.553351890620927,0.5705577857274599,Homo sapiens,Afalou
Anterior,NMNH278707,3,4,26.57956541950782,16.466770546600788,-0.19252473384736501,Homo sapiens,Buriat
Premolar,NMNH278704,3,3,41.7357020802969,17.95450222744144,1.103686434630342,Homo sapiens,Buriat
Anterior,BRK126774,0,10,42.54512488706024,4.688437627253085,0.9057865148848748,Homo sapiens,Native Californian
Premolar,MH24934B,12,14,40.72862917034692,16.968551207380074,0.22204878604027123,Homo sapiens,Buriat
Anterior,AMNH99.1/94,3,12,22.49512852478396,17.021925028245334,0.7139482089460899,Homo sapiens,Alaska
Premolar,MH24934C,11,5,44.60315474519797,14.907007702911693,0.45108136340525895,Homo sapiens,Buriat
Premolar,NMNH283613,12,10,14.79406902317617,14.540903862548106,0.8367863348771,Homo sapiens,Buriat
Anterior,MH12320,6,9,36.30649679652378,12.230940899857814,0.5039273774294782,Homo sapiens,Chucki
Posterior,BRK125666,10,3,37.2921860916334,16.423666111218335,0.15585071302196074,Homo sapiens,Native Californian
Anterior,NMNH344714,10,9,26.26572579776721,16.644764277649305,0.7263442884790796,Homo sapiens,Australian aboriginie
Premolar,HTB1220,2,14,41.72154005573479,15.125141457012166,0.31040064666752015,Papio,East Africa
Anterior,NMNH278701,5,4,17.56044956072534,12.171836669286021,0.6913841183033385,Homo sapiens,Buriat
Anterior,NMNH278711,12,11,20.455836196150223,10.317676011790706,0.7816276872814983,Homo sapiens,Buriat
Posterior,NMNH344711,6,11,46.35920786895514,17.149487705167463,0.8425359121818803,Homo sapiens,Australian aboriginie
Premolar,HTB1775,1,12,24.77531257972335,13.22249995946817,0.5358941956086385,Pan,French Cameroons
Anterior,BM1927.8.14.1,4,2,42.694163709049405,11.19500454138143,0.07958731536576086,Papio,East Africa
Premolar,HTB1503,8,10,24.94554171060137,11.500140787454365,0.9357696679024748,Papio,East Africa
Premolar,HTB1903,11,14,22.302647402833045,13.987361713010706,0.09023872477609551,Pan,French Cameroons
Posterior,HTB1025,2,3,30.494106890709507,13.779516934233204,0.4500015998427712,Papio,East Africa
Premolar,MH22278,8,6,27.393197134626114,18.005508817350968,0.11459298742531632,Homo sapiens,Sami
Posterior,MH4767,8,2,23.520273185500606,16.770734590331745,0.5943492798002,Homo sapiens,Tasmanien
Posterior,MH12327,2,12,36.32529958381223,9.653552086026517,1.4428428448777328,Homo sapiens,Chucki
Premolar,BRK126244,3,13,15.232145039183695,16.391487906277057,0.7877510129848856,Homo sapiens,Native Californian
Premolar,MH10285,4,13,15.975738367492271,15.986068768697837,-0.06496485039650968,Homo sapiens,Ona
Anterior,NMNH380449,4,6,41.924782818946994,16.087983420201393,0.8890448206964329,Homo sapiens,Australian aboriginie
Posterior,NMNH350096,8,12,24.66220823371329,14.849294724255353,0.9673122556671931,Homo sapiens,Australian aboriginie
Premolar,NMNH278716,9,7,16.936351912218726,22.053462984239587,0.3595976722061666,Homo sapiens,Buriat
Premolar,NMNH278712,8,2,32.883473386257904,23.24876527324514,0.5185502617718809,Homo sapiens,Buriat
Posterior,BM1904.11.5.2,2,5,31.471583508696458,12.632171978456267,0.5180082962065932,Papio,East Africa
Premolar,UVS52,4,11,38.81014002297729,14.83635661022897,0.5087751520905717,Homo sapiens,Khoi-San or bushman half-caste
Premolar,MH12323,5,10,28.565579412985265,20.268904104713688,0.6826981368061357,Homo sapiens,Chucki
Posterior,HTB2771,10,13,27.985792734632508,13.709003006636916,0.04786857697078001,Pan,French Cameroons
Premolar,HTB1220,6,4,28.06139202272577,8.275918262898731,0.45986133620489655,Papio,East Africa
Posterior,NMNH329779,9,3,29.714553889202396,13.396317669351383,0.6154091250221569,Homo sapiens,Australian aboriginie
Posterior,AMNH99.1/111,6,11,29.007844033428665,15.816304019442995,0.4318186802091683,Homo sapiens,Alaska
Premolar,NMNH278711,0,9,48.100500318752786,17.586536678378224,0.28146864813979455,Homo sapiens,Buriat
Posterior,UVS68,9,10,31.229447540979084,20.277730805914405,0.795463656844809,Homo sapiens,Khoi-San or bushman half-caste
Premolar,BM1976.1428,2,9,13.247454191721634,11.450405685284473,0.7625595822534706,Pongo,Borneo
Posterior,UVS29,6,7,40.360836351049166,17.238944434157585,0.9059903062032517,Homo sapiens,Khoi-San or bushman half-caste
Premolar,UVS119,6,13,23.341440908905895,8.144895449336829,0.8362302539115718,Homo sapiens,Khoi-San
Posterior,BRK126250,0,7,18.03511154762156,15.609268248639294,0.46387382435589863,Homo sapiens,Native Californian
Anterior,BRK126259,5,11,44.63837071733625,14.336886997425788,0.8681295643285587,Homo sapiens,Native Californian
Premolar,UVS10,3,8,35.23895894167966,13.025818076612117,0.8536808827278427,Homo sapiens,Khoi-San
Anterior,BM1922.12.19.6,1,7,-0.043554134145637136,22.195123745004924,0.8793942968583777,Papio,Central Africa
Anterior,UCD2(10.1)b,11,14,35.20195509201118,21.68769017619249,1.032769314906918,Homo sapiens,Native Californian
Premolar,NMNH258483,8,13,22.759430777140047,17.347961417615,0.11972736386869437,Homo sapiens,Australian aboriginie
Anterior,MH4765,8,2,27.146465538701936,14.347164987989466,0.06166470262252943,Homo sapiens,Australian aboriginie
Premolar,NMNH380448,2,4,9.758270082710549,22.43185933687488,0.763569049503831,Homo sapiens,Australian aboriginie
Anterior,UVS63,9,12,39.88761198235711,13.220253047183569,0.1980819650932487,Homo sapiens,Khoi-San or bushman half-caste
Anterior,BRK126076,1,6,21.56141988754854,12.438437909227444,0.20114463353763962,Homo sapiens,Native Californian
Posterior,IPHA.3,1,4,11.551743936189233,14.877895825141106,1.035701349656461,Homo sapiens,Afalou
Posterior,NMNH283609a,2,10,37.87167533551848,11.284851416187426,1.3529516634797982,Homo sapiens,Buriat
Posterior,BM1902.9.9.3,8,10,42.26474889341721,15.72065518517091,0.9061912129737208,Papio,East Africa
Anterior,AMNH99.1/87,0,8,16.736045645275922,17.053403370935342,0.47664519069334327,Homo sapiens,Alaska
Posterior,HTB1741,5,14,28.091604134067484,11.656465618419718,-0.06373853334346757,Pan,Ebolwa
Premolar,AMNH99.1/59,7,5,30.505164024442898,17.622075959176847,0.4911704045764927,Homo sapiens,Alaska
Premolar,NMNH226092,8,7,48.22696136879052,14.897667673029957,0.8276662360188387,Homo sapiens,Australian aboriginie
Posterior,BM1904.8.2.1,5,7,49.956916950551076,16.379557560632513,0.4811729987509719,Papio,Arabia
Anterior,HTB1497,12,14,40.07842235212056,19.89253711968502,0.45653360170416885,Papio,East Africa
Premolar,HTB1956,8,8,19.93199468523531,14.627813117756482,0.4280883750453655,Pan,French Cameroons
Anterior,NMNH344713,11,7,15.703397640370481,13.827568370072928,0.6170992655726574,Homo sapiens,Australian aboriginie
Anterior,MH4459,11,8,25.979024543177957,13.313768799224171,0.5156844055400418,Homo sapiens,Australian aboriginie
Posterior,BRK126118,5,7,26.81315156626872,19.389531231323197,0.029568652488233205,Homo sapiens,Native Californian
Premolar,BRK126092,5,10,17.727453108135133,18.183559847694482,0.628713645373569,Homo sapiens,Native Californian
Premolar,HTB3537,0,2,35.635454053423814,15.881015662326721,0.9746082836995327,Pan,West Africa
Premolar,IPHA.47,10,14,32.06631333477723,14.341055548699146,0.21639652610674381,Homo sapiens,Afalou
Anterior,UVS28,10,12,40.07045309572687,11.498245526285952,0.195537679937271,Homo sapiens,Khoi-San
Anterior,MH20914,7,14,14.184536352532092,15.075559012360383,0.5219838990940192,Homo sapiens,Yaghan
Premolar,BRK125598,0,13,27.802155816336292,8.321887995508067,0.0055423164711921324,Homo sapiens,Native Californian
Premolar,BM1976.1431,5,13,13.96232624325949,16.798456220553895,0.4216694852110272,Pongo,Borneo
Anterior,BM1908.8.9.41,11,5,31.600830085448802,11.178368515054416,0.3502808670582224,Papio,East Africa
Anterior,BRK126252,10,4,21.204171936138877,10.686156093265279,0.9265191734493139,Homo sapiens,Native Californian
Posterior,NMNH329778,10,3,34.754139143216605,17.8159052338131,0.6701607158855354,Homo sapiens,Australian aboriginie
Premolar,UVS3,8,2,30.103488162379836,12.680704836632167,0.7224872769771623,Homo sapiens,Khoi-San
Anterior,UVS60,8,11,25.668984392711767,10.614861609840144,0.41617959876772864,Homo sapiens,Khoi-San or bushman half-caste
Anterior,HTB3515,11,14,38.141387064627224,21.15234392710647,0.5112163808557753,Papio,East Africa
Anterior,MH12318,8,12,27.69240236283699,16.184683972678478,0.6943760527253525,Homo sapiens,Chucki
Premolar,MH12319,10,3,40.12333786371409,16.97828269226262,0.6263386241726838,Homo sapiens,Chucki
Premolar,NMNH226088,9,10,17.36141094555652,15.317439067371454,0.10911533995437395,Homo sapiens,Australian aboriginie
Posterior,BM1886.12.20.10,9,5,27.015420777175535,15.111218946619918,-0.06172318741539695,Pongo,Borneo
Anterior,AMNH99.1/77,5,8,16.300472055160576,14.62585038493175,0.20914862625677416,Homo sapiens,Alaska
Premolar,HTB1720,5,7,31.140828332522727,20.479338914782623,0.5390752731891336,Pan,Ebolwa
Posterior,HTB1708,10,11,46.29996147339715,10.872809194601256,0.39173783024465064,Pan,Ebolwa
Posterior,BM1904.8.2.1,9,7,21.81195792350445,21.730555795705868,0.5045762143795574,Papio,Arabia
Anterior,HTB3434,9,6,27.414031169789524,12.343542765035195,0.6402084864089352,Pan,West Africa
Posterior,NMNH278706,2,5,28.611524765062892,10.681381001076392,-0.11612928449724547,Homo sapiens,Buriat
Posterior,AMNH99.1/84-C,1,3,42.108614654468234,16.610503313015876,0.22861925017909873,Homo sapiens,Alaska
Premolar,IPHA.36,5,12,41.54037729467453,14.833809471511646,0.1865930649610713,Homo sapiens,Afalou
Premolar,NMNH331243,3,9,2.29572452831356,8.229220521991746,0.15148761731530147,Homo sapiens,Australian aboriginie
Posterior,BM1911.12.1.1,0,10,37.471563821971436,17.322080452342078,0.539076739941755,Papio,East Africa
Anterior,HTB2001,4,7,46.643333367316735,19.40310755806822,0.6091517260976155,Pan,French Cameroons
Anterior,NMNH350096,8,6,8.022917607826418,17.418563692362337,0.3117276774420012,Homo sapiens,Australian aboriginie
Posterior,NMNH344715,1,9,38.67710886554792,14.748993482926041,0.6411701754021681,Homo sapiens,Australian aboriginie
Premolar,UVS57,0,10,28.906265973854666,14.45379027021708,-0.19313581276234226,Homo sapiens,Khoi-San or bushman half-caste
Posterior,AMNH99.1/61,4,14,34.874103182270545,14.501395559277032,0.7286100699441881,Homo sapiens,Alaska
Posterior,NMNH350097,4,5,48.6423876082078,13.064617742823025,0.39561327513004696,Homo sapiens,Australian aboriginie
Posterior,UCD2(16)b,12,2,33.030740423373125,7.455468815690634,0.36653686547099845,Homo sapiens,Native Californian
Posterior,NMNH278704,4,9,36.4839185492247,16.18624156014616,0.7839460656560236,Homo sapiens,Buriat
Anterior,UVS63,5,10,41.06215785102238,12.887278024556732,0.7150633155095011,Homo sapiens,Khoi-San or bushman half-caste
Anterior,UVS38,10,14,29.55640066920882,20.831488029173784,0.44780558065881826,Homo sapiens,Khoi-San
Anterior,NMNH380451,0,3,31.582883667301576,19.298545266073795,0.3615992866855931,Homo sapiens,Australian aboriginie
Anterior,HTB1503,5,7,36.94766608639489,18.591756003628724,1.307842741557967,Papio,East Africa
Premolar,BRK126113,1,8,19.710550852168982,16.48071086505473,-0.07792324269983453,Homo sapiens,Native Californian
Anterior,MH1511,5,10,22.9161069511064,14.004536709465935,0.06947940375952005,Homo sapiens,Australian aboriginie
Premolar,MH22280,5,3,42.68137839949509,13.471307796909223,0.43524676253078387,Homo sapiens,Sami
Premolar,UVS101,10,2,33.73807528531238,19.584608991688704,0.459596669478426,Homo sapiens,Khoi-San
Premolar,HTB1791,7,2,20.79708504298121,14.891464766314465,1.2839591747947077,Pan,Ebolwa
Premolar,HTB2747,11,11,39.576971113572526,10.3882491961913,0.8465341674224989,Pan,French Cameroons
Anterior,MH1509,4,14,29.8101362000041,16.140368086794282,0.7099695362228764,Homo sapiens,Australian aboriginie
Anterior,BM1976.1437,2,14,44.24899924767592,19.01059430610529,0.3322636822575715,Pongo,Borneo
Posterior,MH1511,0,2,23.75384205365251,11.543647475341785,0.2215737927571868,Homo sapiens,Australian aboriginie
Premolar,UVS59,2,5,32.05334824500897,17.20870647385897,0.42627053282615196,Homo sapiens,Khoi-San or bushman half-caste
Anterior,HTB1707,1,12,28.78996290604906,18.752747618097796,0.46906663476456556,Pan,Ebolwa
Anterior,BM1976.1443,11,4,28.964423112087587,16.500315200677342,0.42227921043956873,Pongo,Borneo
Posterior,MH22278,8,10,20.908256435271838,14.889937234858925,0.4950086829458119,Homo sapiens,Sami
Posterior,NMNH226090,11,11,17.199041078129603,16.905662582431262,1.3378411720355718,Homo sapiens,Australian aboriginie
Premolar,UVS125,5,5,32.27625479969966,15.530510432898303,0.11607086742275069,Homo sapiens,Khoi-San
Premolar,HTB1713,1,5,22.874174698618624,16.3900565410988,0.7024371351328202,Pan,Ebolwa
Premolar,AMNH99.1/86-D,6,3,55.32360083033514,13.784905468247784,0.9097383960216698,Homo sapiens,Alaska
Anterior,HTB1726,12,12,36.335046937332,18.688599673949298,0.6129010108778002,Pan,Ebolwa
Anterior,UCD2(8)b,12,13,39.03399742912492,16.088874861630448,-0.47768687441105717,Homo sapiens,Native Californian
Anterior,NMNH283607,9,7,20.128545288260863,19.792727525722537,-0.0718089338165333,Homo sapiens,Buriat
Posterior,BRK126757,7,3,31.601411973821232,17.63819952161361,-0.2606653390590006,Homo sapiens,Native Californian
Posterior,HTB1775,4,9,30.46708206681537,15.495105179463081,0.7845361120145513,Pan,French Cameroons
Anterior,IPHA.28,3,8,26.013780812446022,16.560445010681075,0.5472684411511524,Homo sapiens,Afalou
Posterior,AMNH99.1/59-B,5,5,27.510044531574188,14.745036758157003,0.7474063405205545,Homo sapiens,Alaska
Anterior,HTB1888,9,4,20.160900317225032,9.242206508877269,0.4516366290945354,Pan,French Cameroons
Anterior,BRK126251,7,10,23.10346360221491,16.27107111171238,0.6343277776294833,Homo sapiens,Native Californian
Anterior,MH1503,9,6,35.36829446042971,15.690704844311524,0.446889118958496,Homo sapiens,Tasmanien
Anterior,NMNH278705,9,5,50.72101886712994,11.694314448373223,0.6954768204105768,Homo sapiens,Buriat
Premolar,NMNH330605,12,8,37.70724054356512,12.889030430280942,0.5362024327678754,Homo sapiens,Australian aboriginie
Anterior,MH12318,6,7,28.76473585771283,17.003628058674803,0.48352915847318567,Homo sapiens,Chucki
Posterior,BRK126100,8,12,35.993915676984784,13.946485390510668,0.06673335418895265,Homo sapiens,Native Californian
Posterior,HTB1775,9,8,25.948986719470923,11.665809606799597,0.6676675173053489,Pan,French Cameroons
Anterior,HTB1956,8,10,22.814160037864,10.032627375882583,0.5898951043015314,Pan,French Cameroons
Premolar,MH12316,12,9,32.31421539241563,11.23100690773055,0.7714296690347203,Homo sapiens,Chucki
Posterior,IPHA.9,5,7,18.35841225792978,17.603042287467126,0.40359299166090024,Homo sapiens,Afalou
Anterior,NMNH380449,5,3,24.546812328820018,15.967087000369345,0.6789744693968325,Homo sapiens,Australian aboriginie
Premolar,BRK125610,6,4,23.20146478417393,13.599611919889536,0.6108965543192418,Homo sapiens,Native Californian
Premolar,IPHA.34,11,6,12.180986402392051,6.125973801544925,0.8178311693984381,Homo sapiens,Afalou
Anterior,BM1936.12.28.1,11,12,24.395211985392358,11.114636965752112,0.3869975666737545,Papio,East Africa
Premolar,HTB1738,6,3,39.226081792012415,19.709580764756723,-0.15999390418039539,Pan,Ebolwa
Premolar,BRK126087,7,13,47.25032680196399,13.246683928527045,0.5876245607185822,Homo sapiens,Native Californian
Anterior,AMNH99.1/103,4,14,4.303687898589931,13.452954901674353,0.9897876536963968,Homo sapiens,Alaska
Anterior,HTB3515,9,13,47.49538440131266,13.07156522267844,0.6637958609763822,Papio,East Africa
Posterior,HTB2823,12,14,39.94625213934269,21.324641977030055,0.5747794857073109,Pan,French Cameroons
Posterior,NMNH380430,1,3,32.38258647793788,16.326019105677894,0.0687159190040369,Homo sapiens,Australian aboriginie
Posterior,NMNH380448,6,6,32.00090353318097,17.365889086488522,0.145294187698231,Homo sapiens,Australian aboriginie
Premolar,IPHA.3,11,11,52.853955157172955,19.799517592996857,0.14883859754842682,Homo sapiens,Afalou
Posterior,MH22277,6,3,31.232116046555127,19.285213508603746,0.16965465553828574,Homo sapiens,Sami
Posterior,NMNH226089,9,5,11.580588132201292,15.946832102417769,1.2588201901998441,Homo sapiens,Australian aboriginie
Anterior,MH20326,5,11,46.163528498782824,19.047770543567694,-0.12357546987522738,Homo sapiens,Australian aboriginie
Posterior,BM1976.1443,8,12,25.744514552154616,20.18138329839183,0.7174837946034245,Pongo,Borneo
Posterior,MH4665,11,3,21.672245449247917,18.952998471416638,0.5604778756463531,Homo sapiens,Australian aboriginie
Posterior,BM1899.7.8.1,11,10,42.451776879832124,18.200609691668273,0.26078218002407144,Papio,East Africa
Posterior,BM1924.2.25.1,11,7,32.82219198726028,9.82896899001959,0.6902307696763734,Papio,East Africa
Posterior,NMNH380429,8,14,-2.4734889228926384,15.480455952866135,0.3375278348305519,Homo sapiens,Australian aboriginie
Premolar,BM1904.8.2.3,0,13,43.56053162658095,14.07905081363119,0.3977370315004517,Papio,East Africa
Premolar,IPHA.13,1,10,28.015414184228803,15.917564136383502,0.28670431749057457,Homo sapiens,Afalou
Premolar,PMN1496,5,6,23.62117395602813,15.274755973256218,0.0509181807536474,Homo sapiens,Australian aboriginie
Premolar,AMNH99.1/79,3,2,28.393525482500312,16.10071697231544,0.42969778260452884,Homo sapiens,Alaska
Anterior,NMNH344712,11,8,28.73958011132269,21.53007679622859,0.12727332169055228,Homo sapiens,Australian aboriginie
Anterior,HTB3537,6,3,34.20039820004419,13.176510657267954,0.4131488523745762,Pan,West Africa
Posterior,HTB2771,9,5,26.18481903097727,14.731684068409708,0.6679994245621905,Pan,French Cameroons
Anterior,HTB1722,7,5,31.980490684050256,12.910895527426938,0.5036465631322884,Pan,Ebolwa
Premolar,AMNH99.1/91-A,12,3,33.13851665259691,15.185836200598184,-0.057888631241484134,Homo sapiens,Alaska
Premolar,NMNH225025,1,8,39.7089897299263,16.839766752287023,0.24224859520759667,Homo sapiens,Chucki
Anterior,BRK126259,10,8,36.34043127275545,10.669079181731785,0.32258673654833847,Homo sapiens,Native Californian
Anterior,BRK125598,8,4,9.24308843722633,15.569160280884235,0.8528873960340243,Homo sapiens,Native Californian
Premolar,BRK125675,8,4,6.743672575098071,12.15510778276656,0.31104312760513875,Homo sapiens,Native Californian
Premolar,HTB3437,2,4,37.58687189290589,18.72722373356422,0.607230892788955,Pan,West Africa
Posterior,BRK126261,3,3,34.33229617540322,15.678843719822824,0.01177516484120239,Homo sapiens,Native Californian
Posterior,BRK126118,0,14,15.396379906168303,16.8196828147015,0.08804246813689076,Homo sapiens,Native Californian
Premolar,HTB1738,7,14,18.327833832253955,12.533157128752496,-0.05204853726448666,Pan,Ebolwa
Posterior,HTB2027,11,13,25.32985625301742,14.134944477790373,0.4829021934442579,Pan,Ebolwa
Posterior,MH2283,4,12,39.92979493304922,17.378420272391267,0.6116573714048675,Homo sapiens,Fuegian
Premolar,MH1861,7,13,31.06017033642946,13.49347018966041,0.1986000761411536,Homo sapiens,Sami
Anterior,HTB1718,12,14,40.11074986830019,15.392733615899703,0.7490589278942316,Pan,Ebolwa
Posterior,HTB1741,5,12,38.34028293775677,5.088806798748141,0.28324972543623517,Pan,Ebolwa
Posterior,AMNH99.1/84-D,10,7,24.643866582080854,19.707766942112993,0.5407978799372862,Homo sapiens,Alaska
Anterior,NMNH278705,11,8,39.40946925970663,15.440248661135007,0.23718098998777892,Homo sapiens,Buriat
Anterior,MH5329,6,2,21.86026492340128,17.389505402362957,0.7454878894718383,Homo sapiens,Australian aboriginie
Premolar,MH5325,5,5,18.147892019468387,10.563636164548736,0.7303031187064655,Homo sapiens,Australian aboriginie
Anterior,BRK126094,3,13,25.40791039074752,13.225625846462009,0.6320453052467858,Homo sapiens,Native Californian
Anterior,AMNH99.1/100,1,9,36.19736278788559,16.631309916835455,0.3064487015127991,Homo sapiens,Alaska
Premolar,AMNH99.1/64,11,6,25.63037500318955,10.010197070145992,0.49052975998075404,Homo sapiens,Alaska
Premolar,HTB1720,10,5,21.669773462706694,13.22379231007892,0.7934080506342862,Pan,Ebolwa
Posterior,HTB1744,3,2,54.048269495135074,17.66873116423647,0.31062241006138525,Pan,Ebolwa
Posterior,BRK126087,7,9,7.540040500435168,14.349934381915174,0.4992220608340276,Homo sapiens,Native Californian
Anterior,IPHA.34,3,4,11.440870726334172,18.38656089166807,0.5228588603089827,Homo sapiens,Afalou
Posterior,BRK126243,5,3,50.8164938775742,13.703479747952903,0.7827634370398028,Homo sapiens,Native Californian
Anterior,AMNH99.1/160,1,2,44.014814127515,15.845087896899777,0.38980162793415624,Homo sapiens,Alaska
Premolar,UVS125,12,2,34.501638952620354,13.29598994683624,0.7740214535197315,Homo sapiens,Khoi-San
Posterior,AMNH99.1/89-A,0,4,29.439987773430552,11.997430000799586,0.4237026671157537,Homo sapiens,Alaska
Premolar,MH4765,10,7,22.823286813577475,17.05914068450597,0.6841724934480533,Homo sapiens,Australian aboriginie
Anterior,BM1901.2.13.1,9,7,22.473217373759663,19.263161166403844,0.7529731849585857,Papio,West Africa
Anterior,BM1935.10.22.24,12,2,13.65496440071443,17.529756309358614,0.6026527133373489,Papio,West Africa
Anterior,HTB1713,10,3,36.427345842125945,8.697177212265856,1.3038299312346324,Pan,Ebolwa
Premolar,BRK125832,7,8,16.571157966875493,13.319663562154036,0.1292023486365081,Homo sapiens,Native Californian
Anterior,AMNH99.1/98,7,5,33.57314672268616,19.457117710272467,0.660412097019158,Homo sapiens,Alaska
Posterior,HTB2027,8,12,44.36420326668724,13.271186225945273,0.29341696191616623,Pan,Ebolwa
Premolar,UCD2(16)b,11,3,33.05941217972794,19.543199180436098,0.584456214772447,Homo sapiens,Native Californian
Anterior,BM1939.1006,0,14,26.076083893281403,20.612388640267845,0.271468329388725,Pongo,Borneo
Premolar,MH3619,9,2,11.6474246546368,13.89098280587977,0.2739290582103255,Homo sapiens,Tasmanien
Posterior,BM1927.8.14.1,4,3,25.908645698280175,16.031852640657796,1.0735027989678612,Papio,East Africa
Posterior,BRK125610,6,7,35.44097099132736,12.461165458898659,0.4965307991875019,Homo sapiens,Native Californian
Posterior,MH17264,1,2,39.20336300117103,15.232278509636616,0.8258269939819247,Homo sapiens,Australian aboriginie
Premolar,HTB1959,7,6,25.82547057810289,14.427592067987502,-0.0897133770958567,Pan,French Cameroons
Posterior,BRK125670,7,9,44.70781823493419,17.965566381891243,1.2833959515052364,Homo sapiens,Native Californian
Posterior,HTB1217,2,10,40.45829721037077,16.31144173628852,0.11191317830123437,Papio,East Africa
Anterior,HTB2026,12,13,35.448328508211844,5.829496626296326,0.618338026077558,Pan,Ebolwa
Premolar,UCD2(10.1)b,1,8,33.07177836952364,20.024152822055015,0.11911096892178813,Homo sapiens,Native Californian
Premolar,MH10291,9,7,6.585788740960663,12.930554565474345,0.10536860930976827,Homo sapiens,Yaghan
Premolar,NMNH330607,3,5,39.51130846927126,16.846206511436506,0.21838047456260073,Homo sapiens,Australian aboriginie
Anterior,NMNH350096,3,12,42.96471492947609,15.293098324844552,0.21420855544729944,Homo sapiens,Australian aboriginie
Premolar,IPHA.13,1,11,42.24872682958256,10.60654538554189,-0.05137430296264467,Homo sapiens,Afalou
Anterior,HTB0828,6,6,24.452820159841444,17.56303616522362,0.4678459208671416,Papio,South Africa
Premolar,AMNH99.1/84-A,1,12,19.69192788982833,15.38912255813293,0.47952255341560546,Homo sapiens,Alaska
Premolar,BRK125827,7,10,34.67864458281604,12.178609654194492,0.921538995265936,Homo sapiens,Native Californian
Anterior,AMNH99.1/91-A,0,10,26.025901532783354,20.302941420743927,0.7901411053526313,Homo sapiens,Alaska
Posterior,UVS68,3,2,40.244287088896826,21.771082380922735,0.9369002923303533,Homo sapiens,Khoi-San or bushman half-caste
Anterior,HTB2001,10,12,42.75613607522524,15.93633834516686,0.4384092273279916,Pan,French Cameroons
Posterior,HTB1882,6,11,24.559554919859252,11.936238427604886,0.8434858311650583,Pan,Ebolwa
Anterior,HTB3412,8,9,40.170468929412536,17.75614413241279,-0.1154757114574535,Pan,West Africa
Premolar,UCD2(16)b,11,12,42.427295598875396,17.972269685875133,0.4563785812258153,Homo sapiens,Native Californian
Posterior,AMNH99.1/89-B,4,13,26.94826545739596,10.999338291609508,0.4530129569809256,Homo sapiens,Alaska
Posterior,HTB2823,0,11,23.012320913865928,17.84418966717081,0.7625801743929186,Pan,French Cameroons
Posterior,UVS104,11,7,26.851060674792166,20.084986431563955,-0.7266852395111991,Homo sapiens,Khoi-San
Premolar,IPHA.15,10,10,34.49331779535879,14.424899324207443,0.45553750198417087,Homo sapiens,Afalou
Premolar,BRK125827,4,3,23.50464734189059,12.93773346670084,0.6853631317340229,Homo sapiens,Native Californian
Premolar,BRK126076,4,9,44.37086564242219,17.17379122691866,-0.18975800383714758,Homo sapiens,Native Californian
Posterior,UCD2(2)b,12,8,25.96095691237577,20.655979706211195,0.4612256491573383,Homo sapiens,Native Californian
Premolar,BM1934.11.20.1,8,7,41.28504515491807,20.250956954328274,0.041081548413835156,Papio,East Africa
Anterior,BM1902.9.9.3,5,5,31.672211615473895,15.6974902686566,-0.14936746297390502,Papio,East Africa
Posterior,MH1701,10,10,37.93890159927508,12.383252960828028,1.003405564482038,Homo sapiens,Sami
Posterior,UVS104,0,7,32.58310102205399,18.003710428116037,0.5307365780891836,Homo sapiens,Khoi-San
Posterior,MH20912,3,6,40.492852135896,21.28793751409476,0.2489369026926283,Homo sapiens,Ona
Anterior,BRK126758,7,14,13.12847767522537,11.204652247882063,0.06628566707077888,Homo sapiens,Native Californian
Posterior,HTB1958,6,7,9.990033576872886,18.20121506774199,0.47525035121413434,Pan,French Cameroons
Anterior,NMNH225032,3,2,43.37875736337891,16.02830529062278,0.3651647145380133,Homo sapiens,Chucki
Premolar,AMNH99.1/84-C,0,14,40.29337914772918,11.927846704744223,0.6961903313266165,Homo sapiens,Alaska
Anterior,BM1886.12.20.10,5,11,32.129957612951834,19.46585494751278,0.12781919877122871,Pongo,Borneo
Anterior,HTB2823,4,10,35.13551575158095,18.19333355817431,0.7765735790284486,Pan,French Cameroons
Posterior,IPHA.49,5,14,30.775984766338556,24.65480705346899,0.5695492030010241,Homo sapiens,Afalou
Premolar,BM1898.2.28.11,3,13,36.44628683851209,22.103050760865326,0.23417983644286833,Pongo,Borneo
Anterior,BM1907.7.8.11,7,12,37.12809383622877,16.19782764450973,0.3434214752588696,Papio,Central Africa
Posterior,UVS57,11,6,49.58432154456061,13.127520986993057,-0.014819049890261171,Homo sapiens,Khoi-San or bushman half-caste
Premolar,UVS101,3,3,23.155545697957383,17.483745057061014,0.33890495582025204,Homo sapiens,Khoi-San
Anterior,HTB2748,5,10,30.701190287734295,7.599604260047339,0.11311303237952708,Pan,French Cameroons
Posterior,MH1701,11,7,21.7168879562559,20.794334088508354,-0.15936701690608102,Homo sapiens,Sami
Premolar,AMNH99.1/80(b),11,12,21.692893997394716,6.815346445235408,0.8642676654764043,Homo sapiens,Alaska
Posterior,BRK126760,12,7,17.079793162547155,24.442752221104335,0.9466793369666897,Homo sapiens,Native Californian
Posterior,AMNH99.1/72,10,5,21.499131323888456,17.597637055661675,0.8567456930846136,Homo sapiens,Alaska
Anterior,BM1913.10.18.2,1,2,45.4832808414472,12.947581362839953,1.0592243690005145,Papio,East Africa
Premolar,BM1868.4.16.2,8,14,21.978794763654093,10.167166089863866,0.8967734758904622,Pongo,Borneo
Anterior,AMNH99.1/60,7,10,33.564501899806345,17.423887848947547,0.2689274809341754,Homo sapiens,Alaska
Premolar,AMNH99.1/94,2,4,28.89615659120519,12.443395219059898,0.35454850280753347,Homo sapiens,Alaska
Anterior,HTB1959,6,12,37.56578644412699,9.746558696552125,0.5250712726955632,Pan,French Cameroons
Premolar,NMNH283609a,6,11,25.150588607418683,16.4518023654953,0.6838028322102137,Homo sapiens,Buriat
Anterior,IPHA.12,4,6,25.840699951021545,14.953968886013628,0.5565170006489716,Homo sapiens,Afalou
Posterior,AMNH99.1/89-A,9,2,33.42067965059149,12.302783440939182,0.34786952079277284,Homo sapiens,Alaska
Posterior,UVS38,1,7,24.92520647660573,10.841471357083535,0.028434983990827112,Homo sapiens,Khoi-San
Posterior,IPHA.49,1,4,34.804182794916265,18.727169311983317,0.2080583124807468,Homo sapiens,Afalou
Premolar,BM1976.1437,7,11,45.43374346126873,6.800234700973215,0.9743409349498708,Pongo,Borneo
Posterior,IPHA.49,9,4,24.664468770243992,16.848008130501242,0.33323079822772506,Homo sapiens,Afalou
Posterior,BM1962.25,6,11,30.829735772642657,14.364368263563293,0.5004300100129903,Papio,East Africa
Premolar,NMNH329779,5,8,30.75129977333601,10.428454807191667,0.37712597821869687,Homo sapiens,Australian aboriginie
Premolar,NMNH329779,7,12,24.89551092819866,5.776174393517405,-0.1769006161639599,Homo sapiens,Australian aboriginie
Premolar,HTB1706,4,14,24.045806087650185,11.002578748864995,0.8194972104297374,Pan,Ebolwa
Premolar,AMNH99.1/87,0,4,45.51903405357578,15.114371116037454,0.6307072391617811,Homo sapiens,Alaska
Posterior,HTB1708,6,11,26.21977611721969,18.491861300594184,0.36560317682734234,Pan,Ebolwa
Anterior,AMNH99.1/79,6,13,29.57237733764877,15.049141146609154,1.1511749764059176,Homo sapiens,Alaska
Premolar,HTB1220,4,7,37.69560681213603,15.689334929092446,0.8062770798012814,Papio,East Africa
Premolar,MH3616,6,12,41.656252556805995,10.178473110267323,0.42795991434934993,Homo sapiens,Australian aboriginie
Anterior,UVS58,12,6,30.230146588011692,14.077202043674177,0.7099887602684916,Homo sapiens,Khoi-San or bushman half-caste
Posterior,MH22277,3,6,35.40517198306187,11.259773527284015,0.7429346925452069,Homo sapiens,Sami
Premolar,HTB1152,8,3,52.92395334457578,18.49249309784326,0.7426955867326953,Papio,East Africa
Premolar,HTB1719,0,8,17.918809621455658,14.422937875902644,-0.1323812220500611,Pan,Ebolwa
Posterior,BRK126472,4,2,19.88848801453637,13.39984186285705,1.0301994672149783,Homo sapiens,Native Californian
Premolar,UVS58,12,14,26.0832322700787,21.142166820361492,1.0462346251546255,Homo sapiens,Khoi-San or bushman half-caste
Premolar,HTB3551,8,2,33.8357730017117,15.19745588529768,1.5203193966478656,Pan,West Africa
Posterior,HTB1225,2,12,41.446678857394254,15.877635798061963,0.4098200265197123,Papio,East Africa
Posterior,BM1925.5.12.1,12,11,12.362923385234165,11.90498664082917,0.5186869003000882,Papio,West Africa
Posterior,BRK126266,11,2,29.93874564594464,10.7935043915836,0.37986996565683423,Homo sapiens,Native Californian
Anterior,BM1976.1431,3,10,25.94288913615094,14.185748803051268,-0.08243926946301827,Pongo,Borneo
Anterior,MH3337,2,10,46.66149455310262,11.930045535361451,0.5385579273057376,Homo sapiens,Australian aboriginie
Posterior,BRK126760,8,3,34.89888606731215,11.148602225138788,0.7468969896386294,Homo sapiens,Native Californian
Premolar,MH5325,6,13,32.57289931919662,15.558390908296827,0.34242303584391254,Homo sapiens,Australian aboriginie
Anterior,MH4767,4,13,39.63096429919785,14.52630817385403,0.08644247512465647,Homo sapiens,Tasmanien
Anterior,HTB2771,0,12,29.437438003000555,18.968323333678182,1.049252883651324,Pan,French Cameroons
Premolar,BM1934.11.20.1,2,9,24.48631963101658,14.158113157300335,-0.544488553887202,Papio,East Africa
Posterior,AMNH99.1/61,6,8,27.535264409163865,6.925841763110187,0.18389744630032145,Homo sapiens,Alaska
Anterior,NMNH226090,3,3,31.790986446294013,11.457651329156157,0.20433517255621686,Homo sapiens,Australian aboriginie
Anterior,BM1918.11.8.1,0,14,21.98958194933318,12.529611968263147,0.7879542498807584,Papio,East Africa
Posterior,BM1930.12.1.2,9,12,37.349424549783606,11.563976351051766,0.6463550413498502,Papio,East Africa
Posterior,MH3638,10,8,39.759427226421245,15.004907641773537,0.02034117534195512,Homo sapiens,Tasmanien
Posterior,BM1976.1434,3,5,40.85373695452762,18.127659463837897,1.0766107442800579,Pongo,Borneo
Posterior,AMNH99.1/91-B,2,5,34.674396030308344,13.592295714951698,0.6470843673779946,Homo sapiens,Alaska
Posterior,HTB3538,1,5,21.690580664043708,15.523998072562877,0.2824553368706445,Pan,West Africa
Premolar,AMNH99.1/61,0,3,24.64183153047574,20.70611442142146,0.06786548798287995,Homo sapiens,Alaska
Anterior,BM1976.1428,12,10,24.124982961911044,21.250543710846507,0.5318124511300737,Pongo,Borneo
Posterior,MH24592,11,9,15.791474494570693,16.013571062711403,0.11803030229378147,Homo sapiens,Ona
Posterior,HTB3411,9,5,20.970283640419172,19.279790258395924,1.0640734160880758,Pan,West Africa
Posterior,NMNH380450,1,5,34.62678969190002,19.877812042330532,-0.12787083472125726,Homo sapiens,Australian aboriginie
Posterior,AMNH99.1/102,4,7,35.28710948283845,13.422571675865374,0.7933306962867983,Homo sapiens,Alaska
Premolar,HTB1217,10,13,21.570872919619084,17.472811206250338,0.2750107212051649,Papio,East Africa
Anterior,NMNH380449,11,8,45.16207015838459,12.506137458775628,0.44667492659058466,Homo sapiens,Australian aboriginie
Anterior,HTB1745,8,13,28.504361204084738,13.665841806595843,0.5810191769413001,Pan,Ebolwa
Premolar,BM1976.1416,8,2,13.881795556761581,16.68288806828379,0.7748160827635635,Pongo,Borneo
Posterior,HTB1222,1,10,34.05609635827205,12.77714856710546,0.3544411055083542,Papio,East Africa
Posterior,AMNH99.1/75-A,8,5,26.084492431333828,18.969767499056626,0.7140088084865095,Homo sapiens,Alaska
Posterior,HTB1758,5,10,24.219552644431978,15.777197171261234,0.2529496019178906,Pan,Ebolwa
Anterior,BRK126271,2,6,17.23684858529466,12.687177033252357,0.8279363988604493,Homo sapiens,Native Californian
Premolar,BRK126117,12,13,41.84023716740491,17.03889899259892,0.5065437259009639,Homo sapiens,Native Californian
Anterior,AMNH99.1/111,6,9,27.368268694575097,9.881053391786693,-0.47106109301994326,Homo sapiens,Alaska
Premolar,AMNH99.1/84-B,2,13,49.97845820820261,8.343400125266452,0.3009766808428094,Homo sapiens,Alaska
Premolar,NMNH344711,10,12,34.814946669219,14.72335369409678,-0.29503153408529703,Homo sapiens,Australian aboriginie
Posterior,UVS46,0,11,34.77404298115911,20.83100503399953,0.5008397508948368,Homo sapiens,Khoi-San
Posterior,BM1976.1439,4,8,29.747959229883058,10.630850272572008,0.4836916720296497,Pongo,Borneo
Posterior,HTB1706,5,13,11.946388077650415,19.701395044011033,0.09422465992129053,Pan,Ebolwa
Anterior,BRK126271,1,5,35.463113067970326,17.50058563417385,0.9781011827414312,Homo sapiens,Native Californian
Posterior,HTB1726,1,9,55.08080265911512,21.118634685023594,0.6177654032711222,Pan,Ebolwa
Premolar,UCD2(3a)b,8,8,52.912474943884064,14.661112835005236,1.1651630831043505,Homo sapiens,Native Californian
Premolar,IPHA.34,2,3,35.28912229756336,16.1277566295626,0.47959844938596763,Homo sapiens,Afalou
Anterior,MH22278,10,6,29.278252907851012,15.308809321102542,0.36866386549242885,Homo sapiens,Sami
Premolar,MH20914,7,13,29.221685571012184,18.344177127786985,0.8271056924311814,Homo sapiens,Yaghan
Premolar,MH10291,7,4,18.71691639464307,11.391523040723376,0.35506276272400134,Homo sapiens,Yaghan
Posterior,HTB1903,8,13,33.965657760460275,17.784515843110995,0.6975875325849719,Pan,French Cameroons
Premolar,BM1976.1438,6,10,23.34636216265015,20.644275935826258,0.19491349040112943,Pongo,Borneo
Anterior,PMN1389,8,11,33.25132417851304,22.961518038039394,1.0495796076687895,Homo sapiens,Australian aboriginie
Anterior,HTB3412,9,2,32.43441582097282,9.813683099761558,0.4652639303034346,Pan,West Africa
Premolar,HTB1882,5,14,30.30393016063704,11.287097454740183,0.7197076390360072,Pan,Ebolwa
Premolar,MH22281,1,9,8.35204104928027,20.043112653348953,0.629067029154651,Homo sapiens,Sami
Premolar,NMNH329778,2,4,38.90670925625786,11.948579339142517,-0.1263435732240421,Homo sapiens,Australian aboriginie
Posterior,BRK126125,2,12,34.05007606885554,21.196739596393783,0.7760569686646985,Homo sapiens,Native Californian
Anterior,AMNH99.1/111,5,6,29.91480027726854,10.065550754699142,0.8327637167375008,Homo sapiens,Alaska
Posterior,HTB1741,11,7,22.15196051022171,14.449373336366468,0.8330849073921603,Pan,Ebolwa
Premolar,MH24934B,3,4,26.56273081093115,13.55603692791467,0.029963246606751204,Homo sapiens,Buriat
Premolar,NMNH380466,4,6,32.23157536638233,12.26330779331731,0.6070032571289219,Homo sapiens,Australian aboriginie
Premolar,NMNH350096,10,9,46.283174809440546,16.83170490876092,0.9748770079803237,Homo sapiens,Australian aboriginie
Posterior,AMNH99.1/86-C,11,14,23.740223745575534,19.63711702196929,0.46746170752946015,Homo sapiens,Alaska
Premolar,BM1868.4.16.2,1,14,55.55727678200308,11.146535993316359,0.4753218927065279,Pongo,Borneo
Anterior,HTB3418,3,9,25.295006725931053,19.199423813102694,0.17429741925151282,Pan,West Africa
Posterior,BRK126755,9,13,19.591556175145655,17.658550292738497,0.4003916937173975,Homo sapiens,Native Californian
Anterior,BM1899.7.8.1,11,8,25.83608129861197,20.036228001573825,0.05417503528258061,Papio,East Africa
Posterior,NMNH331243,7,5,45.215415906994764,15.972530130051528,-0.019343936276140727,Homo sapiens,Australian aboriginie
Anterior,AMNH99.1/110,8,14,41.5430314029906,23.88325372622614,0.1902454491103956,Homo sapiens,Alaska
Anterior,UVS55,6,6,23.341954732385034,14.061337061200451,0.7601010280762726,Homo sapiens,Khoi-San or bushman half-caste
Anterior,AMNH99.1/80(b),5,5,45.937303645107306,16.96873483126736,0.9563027482908302,Homo sapiens,Alaska
Posterior,BM1925.5.12.1,0,4,32.33494297879956,14.383920298983167,1.2258447508324362,Papio,West Africa
Anterior,AMNH99.1/94,9,14,30.40754670739618,19.032839120504022,0.41080071763425585,Homo sapiens,Alaska
Posterior,NMNH278705,9,13,20.807291697646715,17.298903880571373,0.7043006478120198,Homo sapiens,Buriat
Premolar,AMNH99.1/94,9,6,31.646989510010556,16.032531183766665,0.6110046581146112,Homo sapiens,Alaska
Premolar,BM1924.8.6.15,4,13,43.042351375623596,13.212526366584418,0.6804927517105411,Papio,West Africa
Premolar,AMNH99.1/94,6,3,14.914659553418925,18.96674529093495,0.18612581907085396,Homo sapiens,Alaska
Anterior,AMNH99.1/160,5,3,47.28909804960691,8.438790234136164,1.084201155261878,Homo sapiens,Alaska
Anterior,HTB1217,8,2,40.891123108623034,13.637750486787619,-0.16655645998337365,Papio,East Africa
Premolar,UVS3,0,5,11.662241375624998,16.693081649243187,0.5592398650927881,Homo sapiens,Khoi-San
Premolar,HTB1890,0,10,15.534260125946412,14.689279136762408,-0.34590953224598087,Pan,French Cameroons
Premolar,HTB1028,2,6,27.92669068690067,8.884713064180207,0.6580938750774058,Papio,East Africa
Posterior,BRK125811,1,7,53.75136873279216,10.185564498385627,0.5827222056392461,Homo sapiens,Native Californian
Premolar,HTB1212,7,13,25.127594003358546,19.75476821810391,0.9421605777946649,Papio,Central Africa
Anterior,HTB1723,8,11,18.838729267911532,17.00118315958528,-0.15968181178379448,Pan,Ebolwa
Premolar,PMN1496,3,10,51.4863187759743,12.889334001101028,1.2028983873175947,Homo sapiens,Australian aboriginie
Posterior,UCD2(L-23-1)b,0,9,22.980298956389998,11.131636028995711,-0.163399355196015,Homo sapiens,Native Californian
Premolar,BM1976.1420,12,5,29.894749128084317,18.12382031471407,0.6172928662697005,Pongo,Borneo
Premolar,IPHA.3,10,9,19.44032244266792,9.825534551703413,0.8387331813242118,Homo sapiens,Afalou
Posterior,UVS40,12,14,13.792131696045576,15.227565609466,0.5719616220993702,Homo sapiens,Khoi-San
Anterior,PMN3064A,6,12,26.531491808719306,6.0689733806750095,0.1938945694289208,Homo sapiens,Australian aboriginie
Anterior,HTB1703,9,6,38.2697601848822,17.261695858297703,0.025284770484381824,Pan,French Cameroons
Anterior,BM1939.1021,0,9,26.732748046367497,8.6621746462858,0.6699116472652721,Papio,West Africa
Posterior,HTB1217,10,10,34.75815872263541,13.803907281002433,0.3403595297355421,Papio,East Africa
Premolar,BRK126260,6,6,24.23462850118991,15.432582279959647,0.9158118663124291,Homo sapiens,Native Californian
Posterior,UVS142,2,12,28.629973598228162,18.644547523387345,0.7105529356857817,Homo sapiens,Khoi-San
Posterior,IPHA.1,4,10,20.826663244940097,8.479206929896474,0.6445733879213948,Homo sapiens,Afalou
Posterior,BM1976.1434,6,6,38.52077614188743,23.941174068375474,-0.03730834046299658,Pongo,Borneo
Premolar,HTB3437,7,2,9.119780613588759,10.916359045324334,1.458249024131252,Pan,West Africa
Posterior,NMNH278702,4,4,38.50617588992073,15.143634603838777,0.011604706985931579,Homo sapiens,Buriat
Posterior,HTB1958,2,7,44.49939989215122,16.90309590691094,0.829534209545093,Pan,French Cameroons
Anterior,IPHA.49,8,8,29.842411631776855,13.98384492949602,0.5223204635297075,Homo sapiens,Afalou
Premolar,BM1931.4.1.1,1,3,28.38737853592552,15.349784208542449,0.6282664133388951,Papio,East Africa
Posterior,BRK126758,5,9,18.20705138274469,19.358651907981617,0.344304496727754,Homo sapiens,Native Californian
Anterior,MH24934C,1,2,40.67193152778975,13.27679408285363,0.44377416613784654,Homo sapiens,Buriat
Anterior,BM1924.8.6.16,2,4,32.30125676752688,19.051980300793947,0.6306589990007487,Papio,West Africa
Anterior,BRK126761,2,11,24.934440484738154,13.893191633421775,0.823754079157323,Homo sapiens,Native Californian
Anterior,MH11150,11,6,35.66937029067424,17.26328214504164,0.6030979885286334,Homo sapiens,Buriat
Anterior,NMNH344714,1,13,36.09387236035542,10.022272718101773,0.971329406384321,Homo sapiens,Australian aboriginie
Premolar,AMNH99.1/101,12,5,31.066721245053692,21.881965297063864,0.92070982087497,Homo sapiens,Alaska
Anterior,UVS1,3,14,27.38573650953744,11.534119858520718,1.0919646232382791,Homo sapiens,Khoi-San
Premolar,BRK126107,4,5,31.59966109703349,12.470473926666125,-0.0399647468112696,Homo sapiens,Native Californian
Premolar,AMNH99.1/84-A,7,6,50.33416865332608,13.053323020251824,0.789385507813497,Homo sapiens,Alaska
Anterior,AMNH99.1/101,0,8,24.61729213980461,6.880083931793392,1.3515231551070088,Homo sapiens,Alaska
Premolar,HTB1225,4,3,55.42223706458941,18.067802847043456,0.028711791170775436,Papio,East Africa
Anterior,AMNH99.1/98,5,9,31.05189453583006,15.070704816174645,0.05209218664462412,Homo sapiens,Alaska
Anterior,IPHA.34,9,3,23.471496531699962,13.674992411883467,0.926465157099271,Homo sapiens,Afalou
Premolar,BRK126251,0,13,39.75455678092324,14.467044879947675,0.02966117099416493,Homo sapiens,Native Californian
Anterior,MH12324,3,13,23.251568277442722,15.837160812280498,0.012870670533812634,Homo sapiens,Chucki
Premolar,BRK126776,1,12,34.55027534289995,20.096836841133914,0.2788838830864049,Homo sapiens,Native Californian
Posterior,BM1908.8.9.42,5,10,46.544174660599595,17.447082840331106,0.573754763822248,Papio,East Africa
Premolar,IPHA.10b,0,13,38.8297454408676,18.649420595755064,0.10582112818288747,Homo sapiens,Afalou
Premolar,HTB1741,0,4,22.306124699175456,9.271233777350975,0.8267743161087333,Pan,Ebolwa
Posterior,UVS52,6,6,11.584960543015711,11.183844811434092,0.5894899159254204,Homo sapiens,Khoi-San or bushman half-caste
Posterior,MH24592,2,7,14.093473098822017,11.319061275972786,0.5888792396476626,Homo sapiens,Ona
Posterior,BM1904.8.2.1,9,13,31.402720803091025,13.55880562299924,-0.1798707837403899,Papio,Arabia
Premolar,UCD2(1)b,5,6,37.60522222789036,10.137353992250947,0.3071684957526464,Homo sapiens,Native Californian
Posterior,BM1976.1424,5,7,40.34073549655322,14.82545364586561,1.1218538140077712,Pongo,Borneo
Posterior,UVS60,12,2,20.20556522571719,13.776979474104236,0.818709759189661,Homo sapiens,Khoi-San or bushman half-caste
Anterior,NMNH226089,1,4,28.334193515453556,17.844303871442825,0.035746574445412016,Homo sapiens,Australian aboriginie
Anterior,HTB3551,12,9,38.374261868534084,20.015111984138922,0.2568049455412502,Pan,West Africa
Premolar,HTB1748,10,9,43.87863020836173,9.086264706432576,0.6943056807417411,Pan,Ebolwa
Premolar,BM1924.2.25.1,8,10,24.861160039580565,10.947788910090033,0.3119186925168803,Papio,East Africa
Premolar,BRK126292,6,7,15.58021527617458,17.12711319868016,0.19408846468057717,Homo sapiens,Native Californian
Posterior,AMNH99.1/96-A,1,7,42.00196428416448,10.011069902902218,0.7961893080619693,Homo sapiens,Alaska
Posterior,BM1899.11.6.1,12,14,32.0664836007214,14.445991364687886,0.42409241520928886,Papio,Arabia
Premolar,BRK126766,0,3,54.16040969410736,22.17158053580578,-0.023096406698659977,Homo sapiens,Native Californian
Anterior,AMNH99.1/100,10,14,53.390878162846064,22.61487557902366,0.8894787066277305,Homo sapiens,Alaska
Premolar,AMNH99.1/86-D,12,12,39.32709817017906,3.3610685987128814,0.3391592459701826,Homo sapiens,Alaska
Posterior,HTB1497,2,3,27.15768932484945,10.420798791065852,0.696827866900424,Papio,East Africa
Posterior,BM1976.1422,8,14,16.997314661425996,18.743087646668442,1.036594559575325,Pongo,Borneo
Anterior,BM1899.11.6.1,12,6,41.15094867864107,11.61004437706726,0.6540461577178418,Papio,Arabia
Anterior,IPHA.10b,3,4,30.511559473914833,18.002686430470877,0.812629068244093,Homo sapiens,Afalou
Anterior,BM1936.12.28.2,4,6,43.58678986377031,24.515344154852524,0.35117207864142075,Papio,East Africa
Anterior,IPHA.5,8,8,19.560580083667638,17.43563539907226,0.1699139034683505,Homo sapiens,Afalou
Posterior,HTB1722,3,9,35.512001320961375,14.089786297030233,0.11324943349175032,Pan,Ebolwa
Anterior,AMNH99.1/103,0,8,13.699798685283099,17.637850025114595,0.4014869838531998,Homo sapiens,Alaska
Premolar,BM1936.12.28.2,7,12,16.64522099402501,10.304885299582903,-0.3224643240615702,Papio,East Africa
Anterior,BM1904.8.2.1,9,10,10.07130303791141,11.662192299386348,0.7741483464491603,Papio,Arabia
Premolar,IPHA.48,5,7,57.817820076394696,18.94731151525616,0.1402544002067856,Homo sapiens,Afalou
Anterior,AMNH99.1/104,4,10,14.622990446142541,22.17040677746587,0.6930217454863483,Homo sapiens,Alaska
Premolar,NMNH278712,1,3,27.59121767798936,21.271610706426948,-0.37571360745414817,Homo sapiens,Buriat
Premolar,BM1976.1422,6,4,27.929293862900835,21.56361959623228,0.6756247692772964,Pongo,Borneo
Anterior,UCD2(L-23-1)b,11,9,30.24679736013896,15.938070432028718,0.5956733439975366,Homo sapiens,Native Californian
Posterior,BM1976.1425,0,14,47.95543416819738,14.749413865611979,0.6791486479841903,Pongo,Borneo
Anterior,HTB2748,1,5,21.315237213801673,14.64839839535821,0.5625808035191562,Pan,French Cameroons
Posterior,HTB2033,9,5,18.76981705803353,15.350402071054331,-0.028974723382698686,Pan,Ebolwa
Anterior,MH10285,4,8,26.718499150023973,12.116102712594904,0.5970827647555417,Homo sapiens,Ona
Posterior,UVS67,7,13,31.577617336723364,16.455992701973617,0.13460459739859193,Homo sapiens,Khoi-San or bushman half-caste
Posterior,MH8057,2,7,32.967272091343204,17.444669572144598,0.30565321962734615,Homo sapiens,Sami
Premolar,BM1976.1421,10,8,15.886186517241873,11.89151835994808,0.31167394313607677,Pongo,Borneo
Posterior,BM1927.8.14.1,12,12,20.981209530477674,9.552082068896212,0.6654391672745692,Papio,East Africa
Anterior,BM1976.1427,0,5,23.800900808874037,16.30360892840531,0.32417665931443324,Pongo,Borneo
Anterior,BM50a,12,9,44.89010406950891,11.075962503683018,0.3892359579007433,Papio,East Africa
Posterior,NMNH278702,1,11,23.066864347967687,15.599982277046347,0.4423681281516897,Homo sapiens,Buriat
Posterior,HTB1025,1,8,17.732990572246425,11.142420367870386,0.2887543418749494,Papio,East Africa
Premolar,BRK126259,10,12,48.11309625724574,21.116257105390552,1.1400460400307972,Homo sapiens,Native Californian
Posterior,PMN7459,7,11,46.531626520751615,15.70397319749538,0.3718436067092449,Homo sapiens,Australian aboriginie
Posterior,UCD2(L-23-1)b,6,5,20.305542817974363,13.940320453209381,0.05985394377153436,Homo sapiens,Native Californian
Posterior,MH10291,11,7,41.41248587628319,23.551224534102992,0.6299900772271626,Homo sapiens,Yaghan
Anterior,UVS142,0,13,40.62890393998584,14.617861683675157,0.40926739735977324,Homo sapiens,Khoi-San
Posterior,IPHA.29,1,11,29.575815163734937,12.114303010034913,-0.06266933878802161,Homo sapiens,Afalou
Anterior,NMNH350096,2,2,38.04181397466618,16.301513436467605,0.12599867460033787,Homo sapiens,Australian aboriginie
Premolar,BM1939.1006,5,11,30.64213513285229,9.436293315166639,0.2185454292563065,Pongo,Borneo
Posterior,HTB2823,6,12,25.987483171240157,16.520492521569263,0.6215817631048346,Pan,French Cameroons
Premolar,PMN3064A,5,14,29.322759398617272,15.378849822534457,-0.08990182458287499,Homo sapiens,Australian aboriginie
Anterior,HTB1758,11,13,21.123082683220638,11.850620118884207,0.400786633126612,Pan,Ebolwa
Premolar,NMNH278711,8,14,34.67244524727531,15.47620451354607,0.8424860457329231,Homo sapiens,Buriat
Posterior,AMNH99.1/101,5,10,22.882051444177733,14.343751447885309,0.8675885561828196,Homo sapiens,Alaska
Anterior,IPHA.13,1,7,35.330979146028184,15.909815753369426,0.2266208144348979,Homo sapiens,Afalou
Anterior,UVS42,5,5,40.538183173605596,8.961579285822697,0.07614143926942485,Homo sapiens,Khoi-San
Premolar,AMNH99.1/84-B,9,6,18.29854246911337,16.183552207004094,0.22428025488168235,Homo sapiens,Alaska
Posterior,UVS60,2,2,34.39201332404004,24.958629211694088,0.16559031073524122,Homo sapiens,Khoi-San or bushman half-caste
Premolar,BRK126776,10,5,35.85338987039118,15.163079649991488,0.10132156958408373,Homo sapiens,Native Californian
Premolar,BM1884.10.30.2,3,2,23.772292867715525,13.683646088410207,0.9068277364277872,Pongo,Borneo
Premolar,HTB1151,5,5,49.75680746944515,14.944720899358158,0.30106719289935435,Papio,East Africa
Premolar,MH24934C,8,8,20.03091007791243,15.57768073533897,1.0078157187861088,Homo sapiens,Buriat
Posterior,AMNH99.1/86-D,1,11,43.0247232596608,10.756271916535486,0.21744091194872123,Homo sapiens,Alaska
Premolar,BRK125670,10,12,15.97767823166264,11.7043675014656,0.3397264316970018,Homo sapiens,Native Californian
Posterior,BM1976.1409,3,14,10.129713925163905,14.63050245314512,0.4957597543678036,Pongo,Borneo
Anterior,PMN7459,3,2,39.27534038196988,14.399698876926191,-0.011462853763088754,Homo sapiens,Australian aboriginie
Premolar,HTB1214,4,3,23.060104037329907,11.796957656008155,0.2613604790109877,Papio,East Africa
Anterior,HTB3398,4,11,38.49967718709954,10.81353024313528,1.176586273362143,Pan,West Africa
Posterior,BRK125810,1,9,19.948731381007526,15.890902787098463,0.9841929846655596,Homo sapiens,Native Californian
Posterior,MH2283,7,14,26.14551224927143,8.703483741226083,0.5244864413018069,Homo sapiens,Fuegian
Anterior,HTB0802,2,11,31.972781835160784,14.918930663380213,-0.035333630325366294,Papio,East Africa
Posterior,BM1899.6.10.2,2,10,17.594858930049092,20.94355131447901,0.612261394745875,Papio,East Africa
Posterior,MH1860,5,5,49.88553197794664,20.37538183853433,0.301328861314038,Homo sapiens,Sami
Anterior,HTB1706,7,14,24.051611201510216,16.924239559801293,0.47497915188867257,Pan,Ebolwa
Anterior,BM1899.7.8.1,9,2,30.241846979744153,9.633714540317882,0.09813186581740363,Papio,East Africa
Premolar,NMNH344714,5,5,44.751924893539524,12.455383887536913,1.0648172830747233,Homo sapiens,Australian aboriginie
Anterior,MH19784,10,9,21.404455998677655,11.712467771098346,0.7749207024723755,Homo sapiens,Buriat
Posterior,BRK126251,11,2,17.668135521683972,14.222002604256218,0.6606930413411238,Homo sapiens,Native Californian
Anterior,HTB3437,2,4,27.5759460124217,16.93797556749182,0.40093885334599577,Pan,West Africa
Posterior,AMNH99.1/91-A,12,5,28.641561326266892,13.791792352100764,0.4877585664264284,Homo sapiens,Alaska
Premolar,MH24934B,1,4,30.28287966085162,20.700610850292875,0.7808153132485146,Homo sapiens,Buriat
Premolar,BM1909.6.11,6,8,44.656677119265005,9.355329218383272,0.689584139708079,Papio,East Africa
Posterior,HTB0828,11,9,34.08815559863527,12.885522460326628,0.7939854431642844,Papio,South Africa
Anterior,BRK125660,8,7,54.70584365610192,11.435129496486313,0.13640270932098458,Homo sapiens,Native Californian
Posterior,NMNH283607,11,13,30.230684685376435,19.501183484885434,0.9052497212032657,Homo sapiens,Buriat
Anterior,BRK126765,4,14,40.98787730000538,18.417685180773205,0.263980910805388,Homo sapiens,Native Californian
Premolar,MH22281,5,12,34.67714507316644,12.052815386222733,0.2413950482352208,Homo sapiens,Sami
Anterior,PMN3064A,10,2,46.2237175493528,10.567596698604259,0.4519797537899462,Homo sapiens,Australian aboriginie
Anterior,BRK126121,1,8,33.212406680190874,20.948722287898093,0.6942105294937813,Homo sapiens,Native Californian
Premolar,NMNH350096,1,5,35.452780210428784,11.230930333894655,0.44558692840341874,Homo sapiens,Australian aboriginie
Anterior,MH12316,9,14,27.057558964692475,18.677541895014627,0.8189118779116944,Homo sapiens,Chucki
Premolar,BRK125802,9,6,57.774671650129136,13.090760741472275,0.1778427006415576,Homo sapiens,Native Californian
Anterior,BM1901.8.9.23,5,6,39.23366079972754,14.804184653760636,0.23089639926054428,Papio,East Africa
Premolar,BRK126761,6,14,26.72209707858051,11.953974583374679,1.005962079407476,Homo sapiens,Native Californian
Anterior,NMNH225025,10,14,57.032189406580784,18.268067028535917,0.18548916679850586,Homo sapiens,Chucki
Premolar,MH20912,10,11,37.95946545366475,19.511778483227424,0.1376468008651615,Homo sapiens,Ona
Premolar,MH1861,10,14,35.93825115605733,16.489775006408166,0.8237776740921936,Homo sapiens,Sami
Premolar,UVS60,8,14,20.85676391864958,15.784010960125109,0.8081341106471427,Homo sapiens,Khoi-San or bushman half-caste
Posterior,MH12326,7,6,24.024769494073798,18.422174285368506,0.9669274430503001,Homo sapiens,Chucki
Anterior,BM1971.2354,6,12,51.80545903088294,18.39553794033343,0.35844141119797884,Papio,West Africa
Posterior,NMNH380449,0,8,47.995736338421125,14.66026496767006,0.35022620780370417,Homo sapiens,Australian aboriginie
Anterior,BM1909.6.11,7,3,18.81406173039622,14.13229008928639,0.21624239258150835,Papio,East Africa
Premolar,HTB1043,1,14,6.362543190668454,16.335700117400044,0.9366722101278544,Papio,East Africa
Anterior,BRK126261,7,3,44.383527658156495,11.208801947189434,0.5130989516088139,Homo sapiens,Native Californian
Premolar,IPHA.22,10,2,22.446991756732146,13.577886296028634,0.7894796691646994,Homo sapiens,Afalou
Anterior,NMNH226089,5,14,28.92443823350912,16.827844057746482,0.44075066226130466,Homo sapiens,Australian aboriginie
Anterior,HTB3412,12,13,44.0383059911422,19.817681950056702,0.2335712261540941,Pan,West Africa
Premolar,NMNH278709,5,8,17.699082335939327,18.170961061051063,0.7920013669473145,Homo sapiens,Buriat
Anterior,HTB3434,1,3,27.01265131657173,8.449618893104617,0.4957160780410922,Pan,West Africa
Premolar,BM1924.8.6.15,7,9,27.39017264822678,13.912409849136985,0.24724135153083632,Papio,West Africa
Premolar,BM1918.11.8.1,11,3,17.599055863695447,26.279928876840543,0.15318570919255814,Papio,East Africa
Posterior,MH12324,3,9,36.54315334064306,13.472140013975908,0.6411227281388613,Homo sapiens,Chucki
Premolar,AMNH99.1/104,7,3,34.08539060831435,10.975498954084319,0.694118186734914,Homo sapiens,Alaska
Anterior,NMNH278709,10,3,41.746112376709306,16.150463896558612,-0.09125218558000259,Homo sapiens,Buriat
Premolar,NMNH380451,2,5,27.050846008395496,5.29205241463835,1.12565104114003,Homo sapiens,Australian aboriginie
Anterior,NMNH278709,4,12,41.9438370057386,20.509223867078106,0.5036086613300742,Homo sapiens,Buriat
Posterior,AMNH99.1/61,2,11,31.263155805028905,11.7807425124089,0.6671779856022539,Homo sapiens,Alaska
Premolar,BM1976.1423,8,14,35.14127338505815,9.419976041895797,0.23104372650458582,Pongo,Borneo
Premolar,IPHA.1,3,3,25.662792876592768,18.22439735723248,0.5469549528040593,Homo sapiens,Afalou
Anterior,BM1884.10.30.2,0,3,28.897912423074526,12.441346303486338,0.41091578603972184,Pongo,Borneo
Premolar,UVS60,0,2,25.084089349647236,10.544651851130997,0.1690325194361612,Homo sapiens,Khoi-San or bushman half-caste
Posterior,AMNH99.1/89-A,4,13,35.25882702959079,11.545334129032748,0.2128620089860569,Homo sapiens,Alaska
Posterior,HTB1218,0,12,36.33716176680138,10.662692150830152,0.8569599387255242,Papio,East Africa
Anterior,HTB1957,3,9,38.861542890554134,13.224782104598024,0.09907943273021896,Pan,French Cameroons
Anterior,PMN3065,5,14,30.231407698623396,13.328894819122992,0.4072257006480623,Homo sapiens,Australian aboriginie
Anterior,HTB2771,4,7,32.14728243022396,16.640888588635807,0.5129625363435594,Pan,French Cameroons
Anterior,PMN1497,1,8,23.50877290722037,13.093080276943775,0.6930903410459601,Homo sapiens,Australian aboriginie
Premolar,AMNH99.1/80(b),12,6,38.67540879199291,11.822754296808103,0.3651579317491072,Homo sapiens,Alaska
Posterior,AMNH99.1/103,7,4,40.411567509940426,17.665692077180065,0.31913399467728476,Homo sapiens,Alaska
Posterior,NMNH380449,10,5,30.642313866097545,15.341799826996349,0.7783451512174792,Homo sapiens,Australian aboriginie
Anterior,IPHA.29,2,3,13.249996131288011,13.864079263255524,0.6518162781312293,Homo sapiens,Afalou
Premolar,BRK126761,12,12,22.389854050218506,11.986199894784903,0.3555932745861299,Homo sapiens,Native Californian
Posterior,NMNH278701,11,14,16.06902392298395,20.364363681928133,0.8922384113531981,Homo sapiens,Buriat
Premolar,HTB1739,1,7,27.480777873967387,11.3452380385813,0.15240662837097674,Pan,Ebolwa
Posterior,AMNH99.1/109,9,10,17.721251780410707,12.866025020466743,0.26129293189135994,Homo sapiens,Alaska
Anterior,HTB3434,1,6,55.28931993943966,11.531480233434428,0.62230707182342,Pan,West Africa
Anterior,BM1976.1431,3,12,19.956683480162027,19.749491906291556,0.6765557712940593,Pongo,Borneo
Posterior,BM1976.1416,1,11,12.137417069373807,15.92430606502879,0.4308492258633378,Pongo,Borneo
Premolar,BM1976.1438,10,9,36.72253263617108,15.998238048981603,0.5575363460178412,Pongo,Borneo
Premolar,BRK125661,9,5,19.786458703956505,17.590126727562218,0.5967348496075155,Homo sapiens,Native Californian
Posterior,BM1922.12.19.6,7,5,15.887959334348245,17.786694608501122,0.10966549232728418,Papio,Central Africa
Premolar,BM1899.11.6.1,4,13,11.721982874821922,22.92751123780661,0.4491688410503256,Papio,Arabia
Premolar,MH12328,10,12,32.184185798024345,9.813796427165173,0.549417227666468,Homo sapiens,Chucki
Premolar,NMNH331242,10,4,31.29396621439801,14.780231683202379,-0.25864331641164073,Homo sapiens,Australian aboriginie
Premolar,MH1701,12,6,32.12099808814352,9.79278378931338,0.6080417678890377,Homo sapiens,Sami
Posterior,MH1860,12,6,26.465412511046353,16.254412029175676,0.17057833656822002,Homo sapiens,Sami
Posterior,HTB3537,10,13,39.57152653940838,9.861008665008473,0.5441545791045151,Pan,West Africa
Anterior,HTB1720,1,12,30.6723977565798,13.229084552876097,1.0471626631746012,Pan,Ebolwa
Anterior,MH19782,4,9,7.927874310680895,14.637497797175572,1.2292363148429648,Homo sapiens,Buriat
Posterior,BM1976.1436,4,11,25.711618050092703,15.825968125824145,0.6873040495839309,Pongo,Borneo
Posterior,MH19784,0,8,32.65391362659396,15.226816504040462,0.2936015304261988,Homo sapiens,Buriat
Premolar,UVS1,7,10,29.88983653111677,15.799306407668805,0.7660259180656825,Homo sapiens,Khoi-San
Anterior,NMNH278701,3,6,52.75848044986189,13.191440453947042,0.3257383266465181,Homo sapiens,Buriat
Posterior,IPHA.45,9,5,33.26115066655194,14.84405060661693,0.6680545324473467,Homo sapiens,Afalou
Anterior,BM1884.10.30.1,10,11,27.200910817896023,11.336851929615314,0.5291216770556832,Pongo,Borneo
Anterior,NMNH225032,4,11,39.01845788948266,10.646106169703867,0.2669664614998409,Homo sapiens,Chucki
Premolar,MH19784,4,8,50.01877885150769,18.290150966688536,0.21049772609515105,Homo sapiens,Buriat
Premolar,HTB1152,9,13,26.616284625110463,13.168870442897822,0.48037413039420124,Papio,East Africa
Premolar,UVS40,11,12,31.017482760795627,14.987336120567543,0.8043776430259046,Homo sapiens,Khoi-San
Posterior,MH20325,1,5,33.519665724548425,20.389664127204938,0.44762680717998193,Homo sapiens,Australian aboriginie
Premolar,AMNH99.1/64,7,10,41.72244718709953,20.54629276942995,0.5465549205923038,Homo sapiens,Alaska
Posterior,MH24893,8,10,43.43997465071824,15.313488096372781,1.4976170450869382,Homo sapiens,Khoi-San
Posterior,PMN7459,9,7,46.19740044490735,22.143717812820086,0.24835470539816196,Homo sapiens,Australian aboriginie
Premolar,PMN7459,4,3,21.22306960265505,13.606587456865874,0.34160238386459174,Homo sapiens,Australian aboriginie
Anterior,HTB2034,7,14,28.67441559677642,15.626751879378604,0.9835481465029123,Pan,Ebolwa
Posterior,UVS59,12,9,25.825787441760024,18.955708095288198,0.4986770550541232,Homo sapiens,Khoi-San or bushman half-caste
Premolar,HTB3418,1,13,34.825924960089665,15.408904661481058,-0.09135972184271368,Pan,West Africa
Premolar,UVS58,2,7,37.993448091633866,17.612105146027158,0.8743549155282624,Homo sapiens,Khoi-San or bushman half-caste
Anterior,UVS125,2,7,29.37612317548348,13.038680927811223,0.317826503025867,Homo sapiens,Khoi-San
Premolar,BRK125802,8,12,17.915282281335294,14.899463792603461,0.8367262156710706,Homo sapiens,Native Californian
Posterior,NMNH283609a,2,11,18.85077987205278,20.925611322648333,0.21089418636075075,Homo sapiens,Buriat
Anterior,MH1701,3,10,30.602305714963443,22.64415915136971,0.4831409458711558,Homo sapiens,Sami
Posterior,HTB3515,3,10,50.04428907555403,18.60687584835778,0.5955892375957939,Papio,East Africa
Anterior,MH20914,1,10,42.88775402196947,6.687322598547928,0.6173987848424609,Homo sapiens,Yaghan
Posterior,BRK126773,3,6,49.49387597524144,11.906882024978636,0.1273796585668986,Homo sapiens,Native Californian
Posterior,BM1976.1442,6,3,37.83674221427,17.78004004159144,0.6815420848511663,Pongo,Borneo
Posterior,MH12320,0,12,37.113396213819016,13.641643545460193,0.11680447659431775,Homo sapiens,Chucki
Premolar,HTB1701,2,12,53.09000898588256,13.640590638627389,0.6365908479524255,Pan,French Cameroons
Posterior,MH1509,0,9,32.00742866786848,15.348341199986551,0.6113246083552583,Homo sapiens,Australian aboriginie
Premolar,UCD2(2)b,5,12,32.29360590388325,9.465711908389558,-0.21363275195094433,Homo sapiens,Native Californian
Posterior,NMNH278702,5,5,23.22415859967608,5.264697782619294,0.7734332259591923,Homo sapiens,Buriat
Anterior,BM1911.12.1.1,2,6,20.97260016789003,22.753575065420637,0.293644991093725,Papio,East Africa
Anterior,BM1976.1420,3,14,30.256909539056725,10.449518293961502,0.7832257151024886,Pongo,Borneo
Premolar,AMNH99.1/97,2,12,25.964879521927912,11.548693120276766,0.20991533639356036,Homo sapiens,Alaska
Premolar,MH12320,2,13,10.470298866874597,11.943057346211864,0.0073079324696073145,Homo sapiens,Chucki
Anterior,HTB0802,2,8,33.145600863323985,12.395642494126875,0.11011521698862275,Papio,East Africa
Anterior,BM1932.7.6.1,12,7,33.34335184824348,20.64999349516421,0.06776344772489046,Papio,East Africa
Posterior,BRK126755,12,8,44.658530036042194,20.405752947767983,0.5893773640268509,Homo sapiens,Native Californian
Premolar,AMNH99.1/84-A,8,6,23.63074025359841,16.72049775395644,0.07925805159843263,Homo sapiens,Alaska
Posterior,BRK125598,7,11,30.856735582094558,11.980899874331866,1.193687837502333,Homo sapiens,Native Californian
Premolar,NMNH331242,9,12,41.6980321106026,18.7007018932458,1.1635041165732027,Homo sapiens,Australian aboriginie
Anterior,BRK126118,0,14,30.00818352789264,11.908340010493712,0.8579576847035975,Homo sapiens,Native Californian
Anterior,BRK125802,5,6,28.372807473710306,18.452706773492555,0.71620065838965,Homo sapiens,Native Californian
Posterior,BM1976.1431,4,11,31.325595474573657,16.379355850909757,0.39347997414000624,Pongo,Borneo
Premolar,HTB1222,2,12,47.5670267189943,13.934809483914782,0.7020876675470843,Papio,East Africa
Posterior,MH12321,10,3,38.659605679020366,11.340574074382893,0.6719625843805039,Homo sapiens,Chucki
Premolar,MH12327,8,12,26.693870744299886,19.394668175117523,0.5189366372555474,Homo sapiens,Chucki
Posterior,IPHA.3,11,11,44.650148357370384,13.573710568079235,0.8877333922451187,Homo sapiens,Afalou
Premolar,HTB1959,0,6,25.16860074448079,18.435482443118453,0.3777936161848101,Pan,French Cameroons
Posterior,NMNH283607,1,4,35.215391955588714,8.374418730213929,0.6054849094643953,Homo sapiens,Buriat
Posterior,NMNH283609a,4,9,40.00293146554536,17.506150710587296,0.7195946036131922,Homo sapiens,Buriat
Premolar,HTB1703,10,4,56.80087776899501,18.992274263144363,0.8938743621233632,Pan,French Cameroons
Anterior,AMNH99.1/110,2,14,10.266884982915041,22.13271675210673,0.3537895157068281,Homo sapiens,Alaska
Premolar,NMNH283607,4,10,42.07769461325857,17.413749921272853,0.5878950275762541,Homo sapiens,Buriat
Anterior,HTB1739,0,14,41.05953682851183,23.730277941208286,0.6758043336357963,Pan,Ebolwa
Posterior,NMNH278710,9,8,15.165737155268424,18.445320416275564,0.8715243407874541,Homo sapiens,Buriat
Premolar,BM1904.8.2.3,5,8,57.83619889335964,15.037986106717877,0.22737038077473515,Papio,East Africa
Premolar,BM1964.2174,7,2,18.624506722795978,11.545735383895368,0.9388818505216994,Papio,East Africa
Premolar,AMNH99.1/79,6,8,44.441345333962744,21.321504604468572,0.11689077371090273,Homo sapiens,Alaska
Premolar,MH19777,1,7,14.997299772943151,10.566265450464453,1.0590608327064057,Homo sapiens,Buriat
Anterior,HTB1703,2,2,30.62857193395888,18.369340230364845,0.9021895105157826,Pan,French Cameroons
Posterior,HTB1706,2,12,23.915698500357436,2.5730006274694617,0.5085604140595925,Pan,Ebolwa
Premolar,BM1901.2.13.1,3,5,18.461204701142407,15.085201338745433,-0.09043246385665615,Papio,West Africa
Anterior,MH3616,5,13,28.320645010134573,18.328938327916937,0.6121332968798852,Homo sapiens,Australian aboriginie
Premolar,MH1507,7,10,32.830812261045935,10.707297007753565,0.8064307379340871,Homo sapiens,Australian aboriginie
Posterior,IPHA.12,6,14,30.904361411804555,17.399986876385945,0.4194038382353608,Homo sapiens,Afalou
Premolar,MH5328,1,7,25.433776502705744,12.020810236734249,-0.06351010072122065,Homo sapiens,Australian aboriginie
Anterior,UVS28,9,6,23.297485960198017,18.412795391352248,0.318266265090698,Homo sapiens,Khoi-San
Anterior,HTB1722,9,4,29.2440369997701,8.100616349311043,0.9078227941958057,Pan,Ebolwa
Anterior,BM1900.3.18.1,2,7,31.08519994954867,20.001623910167176,0.15512958556714695,Papio,East Africa
Premolar,BM1976.1429,11,4,42.62591533475977,9.675102542204442,-0.1503068325774778,Pongo,Borneo
Posterior,BRK126118,12,11,39.419571332479414,18.237267684976164,0.47974854323583155,Homo sapiens,Native Californian
Premolar,MH4460,5,4,35.33328675201329,20.430224629821275,0.80479242668213,Homo sapiens,Australian aboriginie
Premolar,UVS24,10,4,27.97641249361074,13.812859463719615,0.36085643633651926,Homo sapiens,Khoi-San
Posterior,BRK126767,7,4,36.656680092082425,9.201219387441315,0.1587080450613898,Homo sapiens,Native Californian
Premolar,BM1976.1424,4,12,27.444055736643232,9.957093414029934,0.28116012116337713,Pongo,Borneo
Premolar,NMNH278703,7,6,35.86559856282483,16.04925275916353,0.755761812383104,Homo sapiens,Buriat
Posterior,MH17264,2,2,24.351457090064926,13.190692923766061,1.1237734657987306,Homo sapiens,Australian aboriginie
Posterior,BM1918.11.8.1,5,9,31.065381311567535,19.79946481391502,0.5891341508662585,Papio,East Africa
Premolar,BRK125827,2,3,39.86526700626759,17.032001991922805,0.7651665863890096,Homo sapiens,Native Californian
Premolar,MH12326,2,7,45.515517515439925,20.070258984838752,0.3755106706572573,Homo sapiens,Chucki
Posterior,HTB1748,7,9,40.74046048100923,9.484997613402658,-0.3314673874919766,Pan,Ebolwa
Premolar,UCD2(8)b,2,3,35.57191075576109,13.690113041091816,0.04402129936087984,Homo sapiens,Native Californian
Posterior,AMNH99.1/112,6,13,30.9923128146215,16.26340320409775,0.5041646614743438,Homo sapiens,Alaska
Premolar,HTB1707,2,4,41.75039679328935,10.179955793734667,0.13178901620417832,Pan,Ebolwa
Premolar,BM1964.2174,12,5,48.165096913294434,11.651230352721662,-0.1691393754723044,Papio,East Africa
Posterior,UCD2(16)b,2,3,24.76945256804465,8.408248630004817,0.2321266667044033,Homo sapiens,Native Californian
Premolar,BRK125821,1,12,47.609594878554404,13.907653361368215,1.0419724678972253,Homo sapiens,Native Californian
Anterior,BM1971.2353,5,8,25.204351623976102,12.83480652227066,0.774642898021253,Papio,West Africa
Premolar,NMNH278704,10,5,31.365784227188175,15.29542359636923,0.5439153796763995,Homo sapiens,Buriat
Anterior,UVS76,11,3,5.830924772434919,18.501193330815877,0.40833888407138286,Homo sapiens,Khoi-San or bushman half-caste
Anterior,MH22283,9,8,46.90021088614079,22.544713265878567,0.5733587871488642,Homo sapiens,Sami
Premolar,AMNH99.1/105,6,4,6.675315319838003,19.007194170332355,0.6421693276329328,Homo sapiens,Alaska
Premolar,HTB2026,9,4,23.545718997561558,16.213544709283696,0.08037415770688972,Pan,Ebolwa
Anterior,HTB1027,6,4,-7.299772858794821,7.224788743961188,0.18023681744787928,Papio,East Africa
Posterior,UVS34,12,12,26.533395935220966,16.31986207220306,0.4422477384728435,Homo sapiens,Khoi-San or bushman half-caste
Anterior,NMNH283606,9,6,30.12152911171741,18.50437939146135,0.7339299392604958,Homo sapiens,Buriat
Anterior,MH19826,6,5,20.79463453709399,13.710659935818,1.3315682326713554,Homo sapiens,Yaghan
Posterior,BM1908.8.9.42,3,7,38.91782516971578,17.968665794053546,0.49424399502671856,Papio,East Africa
Anterior,BRK126251,9,9,25.068521406186896,20.786897544988086,-0.0014797784741904518,Homo sapiens,Native Californian
Premolar,MH1702,6,5,26.517580970924783,18.74435568148162,1.0416258741654332,Homo sapiens,Sami
Posterior,NMNH226087,12,7,36.19901321248805,12.096643546587831,0.2811147454437618,Homo sapiens,Australian aboriginie
Premolar,AMNH99.1/96-A,0,4,33.49847127749266,13.134478672670161,0.6242416694078702,Homo sapiens,Alaska
Premolar,NMNH344713,7,5,30.59184154576822,18.144831590856192,0.7184714895967546,Homo sapiens,Australian aboriginie
Anterior,MH12324,1,5,26.557451061624405,13.93879821721838,0.9904829004146807,Homo sapiens,Chucki
Posterior,HTB3538,4,12,39.991177748536074,14.552020117474381,0.5510409930753474,Pan,West Africa
Premolar,NMNH380452,6,2,39.573563083576936,13.719458924902419,0.006142993406653807,Homo sapiens,Australian aboriginie
Premolar,MH12316,9,8,9.15063907763873,17.048290182142054,0.8042398571591114,Homo sapiens,Chucki
Anterior,AMNH99.1/75-A,8,9,29.41488893236476,12.59608011173928,0.462581366975818,Homo sapiens,Alaska
Anterior,HTB3398,2,3,37.52281444309354,12.514782864422726,0.2706634785208143,Pan,West Africa
Premolar,HTB2033,1,5,32.44804840279547,13.544045492446285,0.8460669514605776,Pan,Ebolwa
Premolar,BM1902.11.22.1,3,5,49.748698997145304,15.667264578808489,0.5746897986720693,Papio,Arabia
Posterior,UVS42,3,4,25.86312757332967,18.82421746238453,0.6219789230477382,Homo sapiens,Khoi-San
Premolar,AMNH99.1/86-C,10,2,35.117816494136996,14.55018320319185,0.39852775802765605,Homo sapiens,Alaska
Anterior,AMNH99.1/75-A,12,12,42.71083178343977,17.404656368001934,0.24982477369081635,Homo sapiens,Alaska
Anterior,NMNH283607,2,6,24.516736307811204,18.827490760358266,0.7827654099576242,Homo sapiens,Buriat
Anterior,UVS52,8,5,11.91392562041828,11.769168726131612,0.4053058866406674,Homo sapiens,Khoi-San or bushman half-caste
Anterior,UVS142,8,7,36.538248200043675,19.84562375755523,-0.3627751513538884,Homo sapiens,Khoi-San
Posterior,MH22278,6,12,2.9296987664967915,13.289010437415365,0.42117482160763653,Homo sapiens,Sami
Anterior,HTB3539,5,3,30.008360408963632,14.005347740185478,0.5589567432681856,Pan,West Africa
Anterior,BM1976.1420,1,10,11.367513644044323,4.0983067510357625,0.9290586439701034,Pongo,Borneo
Posterior,HTB1958,1,3,17.29995754374705,14.162657167287223,0.7718647311046649,Pan,French Cameroons
Posterior,BRK126054,7,10,27.108232814462973,12.993671240497509,0.17021326531038444,Homo sapiens,Native Californian
Anterior,BM1976.1425,11,9,25.23778770340406,11.785555704814904,0.7301578071250824,Pongo,Borneo
Premolar,MH3619,3,9,21.711553402353267,12.26069569723082,0.2678298261815728,Homo sapiens,Tasmanien
Anterior,HTB1959,10,2,36.772814601116295,20.25253333823035,0.7114005265050599,Pan,French Cameroons
Posterior,NMNH380429,3,8,38.87640412281588,15.99855664297954,-0.050841160911592076,Homo sapiens,Australian aboriginie
Anterior,NMNH350096,6,8,40.918167410493545,22.998289227371988,0.3146245559076507,Homo sapiens,Australian aboriginie
Posterior,HTB0828,1,10,19.50413593885871,14.281100984721274,0.08894195525532794,Papio,South Africa
Premolar,MH3616,3,5,34.59916042643902,15.059262785244984,0.3987344480980787,Homo sapiens,Australian aboriginie
Anterior,MH19784,9,13,31.767949541203187,14.125103906641833,0.13883588536195912,Homo sapiens,Buriat
Premolar,NMNH380452,7,2,29.35759650624091,19.13854333462121,0.4846899770551152,Homo sapiens,Australian aboriginie
Anterior,UVS67,2,11,19.64581025423238,23.510433757850947,-0.20054942010563348,Homo sapiens,Khoi-San or bushman half-caste
Premolar,AMNH99.1/89-A,4,6,20.09715520834194,16.13444531344483,-0.011448485484489401,Homo sapiens,Alaska
Anterior,MH5330,1,10,17.133694901461443,8.513176749172612,0.5420309963027916,Homo sapiens,Australian aboriginie
Premolar,MH5325,7,9,33.91438601563292,17.467046338040717,0.6547305367602967,Homo sapiens,Australian aboriginie
Premolar,PMN3064,0,12,20.14857502667136,14.945646390077416,0.009339846793435302,Homo sapiens,Australian aboriginie
Premolar,NMNH226089,0,12,31.13049119320529,14.149565694097209,1.0329443092526214,Homo sapiens,Australian aboriginie
Premolar,HTB3418,8,2,19.837645832903732,8.184137336543312,0.5617409270422986,Pan,West Africa
Posterior,BRK126244,8,10,39.131054267589725,11.492260251241648,0.36567807641744515,Homo sapiens,Native Californian
Posterior,BRK126089,2,12,39.45692155549409,22.527943795046482,0.634866371040239,Homo sapiens,Native Californian
Premolar,BM1902.9.2.1,6,2,35.058258088892025,16.715512119853926,0.4408800633439937,Papio,East Africa
Posterior,BM1906.11.1.6,8,9,11.992323930278257,11.458356842165985,-0.1082996541932919,Papio,East Africa
Anterior,BRK126113,11,11,22.933243627163655,16.118003520632964,0.44964578928314436,Homo sapiens,Native Californian
Premolar,IPHA.9,1,10,31.291842330528127,13.321961647290667,0.7382813906344122,Homo sapiens,Afalou
Posterior,HTB1791,1,5,18.836863732921266,13.075197853554002,0.8108091798097071,Pan,Ebolwa
Premolar,HTB3437,10,14,15.108329905132472,13.844460373428468,1.0471568347227922,Pan,West Africa
Anterior,MH12323,4,6,25.693520897484515,9.186121025077117,0.9121672075635034,Homo sapiens,Chucki
Anterior,AMNH99.1/102,2,9,21.57532173709381,20.653975737309167,0.7742653091876295,Homo sapiens,Alaska
Premolar,BM1976.1425,8,2,22.61939587154876,21.16442516953584,0.1817648441654821,Pongo,Borneo
Premolar,HTB2032,3,11,37.48844608148562,11.220781092746398,0.4814630375109825,Pan,Ebolwa
Anterior,BM1900.6.28.1,9,13,26.43461664307004,18.328769612573645,0.337344905619988,Papio,Arabia
Anterior,MH5329,6,12,40.37792524286645,14.721969824511653,-0.2037313452966134,Homo sapiens,Australian aboriginie
Premolar,BM1899.7.8.1,9,4,11.86891969523056,9.715049172473961,0.13132570088992945,Papio,East Africa
Premolar,UVS42,10,12,31.22067742787122,11.318786113181098,0.1899840905647579,Homo sapiens,Khoi-San
Posterior,MH10289,3,13,39.59685402409343,18.087804841937558,0.4323036811697347,Homo sapiens,Fuegian
Premolar,PMN1497,6,13,31.658533808441963,16.289236063481397,0.3318033628229715,Homo sapiens,Australian aboriginie
Premolar,HTB1726,0,8,51.02518681331286,18.293119389539637,0.6894278068872642,Pan,Ebolwa
Anterior,AMNH99.1/84-D,10,13,32.687904823155044,17.223071976627235,0.5545336255265901,Homo sapiens,Alaska
Anterior,BRK126260,6,13,38.94725952894634,17.283442165899817,0.6882119955630343,Homo sapiens,Native Californian
Anterior,HTB3434,0,8,25.36333424884368,12.31503968970703,0.28295970379394414,Pan,West Africa
Premolar,HTB1738,3,3,31.240714215240217,13.523410769434197,0.6338127879459282,Pan,Ebolwa
Anterior,HTB1890,10,4,38.9807050103469,16.12141497216913,0.8588488270644246,Pan,French Cameroons
Posterior,MH20913,2,12,23.527522165856343,19.954612748085893,0.5376069373898954,Homo sapiens,Yaghan
Posterior,UVS46,10,2,32.831574467191096,17.879068800866815,0.3011418331625681,Homo sapiens,Khoi-San
Anterior,HTB1738,3,7,19.76950114497613,11.408457216624718,0.39249920452613757,Pan,Ebolwa
Premolar,BRK126113,9,3,31.210689789423526,17.396252254987093,0.11749777836879555,Homo sapiens,Native Californian
Posterior,NMNH226089,4,12,51.60555371042926,16.95630829668429,0.5136446491381073,Homo sapiens,Australian aboriginie
Premolar,BRK125661,3,3,33.5980679419392,16.08572371000526,0.9628347335551581,Homo sapiens,Native Californian
Premolar,BM1936.12.28.2,2,8,29.093298404808813,15.410024968732294,0.2348762626693317,Papio,East Africa
Premolar,HTB3411,1,7,24.221805683223202,7.422382949497313,0.778707160805393,Pan,West Africa
Premolar,MH12319,12,3,20.321022098421597,14.512752026575363,-0.14386817402544172,Homo sapiens,Chucki
Anterior,NMNH380450,1,5,33.246634653780546,17.828278426692645,0.3574771086112235,Homo sapiens,Australian aboriginie
Anterior,IPHA.7,5,2,48.45334617164725,11.910598650497462,0.608381275825781,Homo sapiens,Afalou
Anterior,NMNH344715,0,8,41.710987297373414,24.9739635851343,1.265807927841029,Homo sapiens,Australian aboriginie
Posterior,MH3619,8,2,49.96746946328557,19.556844634686335,0.13719249882601076,Homo sapiens,Tasmanien
Premolar,MH12321,3,12,52.438091399824245,8.743352332754544,0.40350341428394365,Homo sapiens,Chucki
Anterior,IPHA.14,1,11,23.49101632762389,13.17366964190387,0.4494294099972042,Homo sapiens,Afalou
Anterior,UVS29,7,3,40.50895667884762,8.618191417348143,0.5984211229739842,Homo sapiens,Khoi-San or bushman half-caste
Anterior,PMN1496,3,14,29.356611331784187,11.758314636557301,0.9683729173812381,Homo sapiens,Australian aboriginie
Anterior,HTB1028,2,13,37.10203394281449,21.53482042938843,0.37177668916375495,Papio,East Africa
Posterior,HTB1741,9,9,28.154724477396766,11.923764945889324,0.08461821304906886,Pan,Ebolwa
Posterior,NMNH278709,2,13,29.594382853254576,15.215047879840727,1.2075768985002902,Homo sapiens,Buriat
Anterior,HTB1220,9,5,47.61984361723217,12.125101879982527,-0.2858510245896191,Papio,East Africa
Posterior,AMNH99.1/77,12,12,27.541697856218164,15.91651736154423,0.6352742966503837,Homo sapiens,Alaska
Posterior,BM1884.10.30.1,1,10,31.978961388706853,15.732295956136156,0.7003573117531448,Pongo,Borneo
Premolar,HTB1791,6,4,21.07936600919357,18.11742972083826,0.30630880550290185,Pan,Ebolwa
Premolar,HTB1745,2,8,27.721385431408738,15.365274807087378,-0.18845714223464405,Pan,Ebolwa
Anterior,NMNH226088,9,3,26.29092758641177,14.534764809285559,0.4036818044539167,Homo sapiens,Australian aboriginie
Posterior,NMNH331242,5,8,29.928590454458813,12.86063219421943,1.000860229765678,Homo sapiens,Australian aboriginie
Anterior,BRK126271,1,11,43.05461727759345,14.138206982017547,0.854399610794567,Homo sapiens,Native Californian
Posterior,BRK126264,11,13,14.780083435943801,11.919435485504334,0.7535925169286027,Homo sapiens,Native Californian
Posterior,BRK126764,2,10,35.713410932976295,14.857405859092907,0.16274245687765793,Homo sapiens,Native Californian
Premolar,BM1927.8.14.1,5,12,35.66814555752663,17.090213073155454,0.24159057551887875,Papio,East Africa
Posterior,PMN1496,10,8,33.49567093447713,16.33215515465032,0.06377968278211987,Homo sapiens,Australian aboriginie
Posterior,UVS24,2,12,37.34240082977152,12.140967309596409,0.3043164281535915,Homo sapiens,Khoi-San
Premolar,NMNH330605,3,12,35.66230597449722,14.081008393068853,0.07808349373176104,Homo sapiens,Australian aboriginie
Posterior,PMN1390,11,8,30.617933627233047,14.994885973728412,0.6977981561061051,Homo sapiens,Australian aboriginie
Anterior,NMNH350098,4,5,30.342970105304424,16.855240001487065,0.29657706342680057,Homo sapiens,Australian aboriginie
Posterior,BRK126247,6,5,41.791853275762705,12.5549524978584,0.8219575811670387,Homo sapiens,Native Californian
Anterior,AMNH99.1/101,11,9,33.30191630624228,17.503949876309484,0.23476804030552767,Homo sapiens,Alaska
Posterior,HTB1706,6,6,42.47504237048604,7.416449963506416,0.22100181806232355,Pan,Ebolwa
Anterior,BRK126054,1,10,56.05958605754857,9.655574346864318,0.9896444658464243,Homo sapiens,Native Californian
Posterior,AMNH99.1/111,8,6,22.76854295223649,11.9312318165229,0.18646585077792516,Homo sapiens,Alaska
Anterior,NMNH226086,3,14,31.0935976848324,10.288207801116446,0.5995147738562128,Homo sapiens,Australian aboriginie
Premolar,HTB1154,10,14,24.93092400533044,14.762079880172351,0.22454235589706517,Papio,East Africa
Premolar,HTB3411,6,10,17.8984335626225,10.851612570143393,0.01089177612036557,Pan,West Africa
Premolar,AMNH99.1/84-A,2,9,13.942278677906529,14.804165001261765,0.6140569215388103,Homo sapiens,Alaska
Premolar,HTB3551,5,10,31.35162477247327,16.27284722392289,0.8696737409921078,Pan,West Africa
Posterior,NMNH278705,9,5,26.870117297437837,10.366455310875352,0.6594224596323397,Homo sapiens,Buriat
Posterior,BM1884.10.30.1,2,8,32.478008266444554,16.192101309345535,0.32075230216967254,Pongo,Borneo
Premolar,AMNH99.1/59-B,5,14,26.26197029239936,13.541356959320456,0.853502350806811,Homo sapiens,Alaska
Posterior,UVS22,7,12,54.17746815112791,11.435139380852474,-0.1296327077771443,Homo sapiens,Khoi-San
Posterior,AMNH99.1/59-B,6,14,19.30121474128248,6.777974365001526,0.6488772195343553,Homo sapiens,Alaska
Premolar,MH12319,10,11,22.530668145243588,13.414583034892548,0.25370793825499516,Homo sapiens,Chucki
Anterior,AMNH99.1/160,5,4,34.703723640757254,17.126271323846872,0.6269573678382251,Homo sapiens,Alaska
Posterior,MH22282,8,12,44.02028831374345,15.925790676904368,0.42464785733329374,Homo sapiens,Sami
Premolar,NMNH278707,1,9,34.95244735560913,14.457902115725833,0.4151071746883416,Homo sapiens,Buriat
Anterior,MH19776,2,5,22.87834226214248,12.18851225919111,-0.058971993403014955,Homo sapiens,Buriat
Premolar,UVS40,0,14,46.490397507104056,12.172406486909537,0.7124639794193734,Homo sapiens,Khoi-San
Posterior,HTB1025,11,10,28.14508629557023,16.388315225539582,0.6850024574022766,Papio,East Africa
Premolar,BM1976.1429,3,3,39.61693100231359,18.34444475164405,0.24639932925502978,Pongo,Borneo
Premolar,AMNH99.1/110,5,12,36.55743365901137,18.215359442927962,0.44002372956302555,Homo sapiens,Alaska
Posterior,PMN3064,4,2,37.002937801250255,10.388685414899353,0.5391535422173234,Homo sapiens,Australian aboriginie
Premolar,HTB1225,0,13,17.88640767079326,6.09223622457284,0.5763068259753564,Papio,East Africa
Anterior,HTB1775,3,8,30.291481120345022,12.312400772631882,0.29971243399578795,Pan,French Cameroons
Premolar,BM1902.9.9.3,5,10,23.10371052165778,12.809838171035583,0.732897628091579,Papio,East Africa
Premolar,HTB1154,3,8,39.32294537384174,9.378194485081728,0.19346933401645122,Papio,East Africa
Anterior,BM1939.1006,4,12,14.234765957981548,18.974851251255366,-0.28637081934528275,Pongo,Borneo
Anterior,HTB3437,10,6,26.228321354346875,19.545182284286618,0.5571554858512172,Pan,West Africa
Posterior,BRK126092,6,6,26.257833176330383,16.504228735799696,0.42245931607559045,Homo sapiens,Native Californian
Posterior,IPHA.7,2,5,50.604216371798586,7.318701360217473,0.11428964384080709,Homo sapiens,Afalou
Posterior,UVS57,0,12,31.388960648017314,13.537189042999046,1.067580791051375,Homo sapiens,Khoi-San or bushman half-caste
Premolar,MH11150,12,3,37.06154668484354,11.873921118162993,0.18561700085438754,Homo sapiens,Buriat
Posterior,MH1670,3,10,49.89518597607929,11.195839039779884,0.8158326461867385,Homo sapiens,Sami
Posterior,HTB1735,3,10,29.84919181000186,15.525444111427515,0.8341947594550936,Pan,Ebolwa
Premolar,HTB1220,9,12,0.3051930675956207,17.103530708440037,0.2109167747547575,Papio,East Africa
Anterior,BM1884.10.30.2,7,14,35.086478714577616,8.592928333335887,0.7121836198862088,Pongo,Borneo
Posterior,MH20912,4,8,29.972972743249297,13.915365491428586,0.6853560599172366,Homo sapiens,Ona
Premolar,UVS28,2,7,40.307759572797025,6.296867188239144,0.8710358810269265,Homo sapiens,Khoi-San
Posterior,HTB3436,0,6,35.96310905065154,18.52762349252325,0.19996432850668266,Pan,West Africa
Posterior,HTB1723,7,10,48.48606864758894,21.454929005216577,0.5162400437152623,Pan,Ebolwa
Anterior,PMN3065,2,7,35.0105008995886,17.59184511099244,0.4316850875584753,Homo sapiens,Australian aboriginie
Posterior,UVS34,9,12,4.046957779552077,13.38577475735908,0.45731334210209945,Homo sapiens,Khoi-San or bushman half-caste
Anterior,HTB2771,6,2,32.28813849774045,14.521878541505435,0.42565507662461494,Pan,French Cameroons
Posterior,AMNH99.1/111,7,5,64.26634254281535,18.107963920008594,-0.5624467463705352,Homo sapiens,Alaska
Posterior,BM1900.3.18.1,3,11,28.33811772826918,21.92149007397497,0.7149489326443997,Papio,East Africa
Posterior,PMN7459,12,4,48.13202429679007,24.572266216075363,0.10805068083567804,Homo sapiens,Australian aboriginie
Posterior,AMNH99.1/103,8,7,37.948081244304326,18.469421929420708,0.4544674561864006,Homo sapiens,Alaska
Premolar,HTB1713,5,7,41.487553536569536,18.582872881986898,0.05580814877842727,Pan,Ebolwa
Posterior,NMNH226087,6,2,25.278092734126332,13.833693325656663,0.693394435673947,Homo sapiens,Australian aboriginie
Anterior,BM1908.7.17.1,2,7,31.662342844209757,16.92851421282996,0.16162293158503538,Pongo,Borneo
Posterior,HTB3412,10,2,19.034070527353265,16.763333038527747,0.20694976728425596,Pan,West Africa
Posterior,HTB1889,4,11,35.16734479162291,16.637467067532373,0.43911763931057224,Pan,French Cameroons
Posterior,NMNH344715,0,11,17.578674828054595,10.56746806620367,-0.06678756677918363,Homo sapiens,Australian aboriginie
Anterior,UCD2(3a)b,0,10,34.522805382267066,20.036156835393182,0.4259809376471694,Homo sapiens,Native Californian
Posterior,AMNH99.1/89-B,5,8,26.69100568831266,13.852734502649978,0.7360274009814851,Homo sapiens,Alaska
Anterior,AMNH99.1/75-A,6,14,23.14255117986631,10.694474964596335,0.5906347789181265,Homo sapiens,Alaska
Anterior,HTB1217,1,12,34.775790007281145,12.327506419331717,0.38251172425429814,Papio,East Africa
Premolar,HTB1703,11,11,8.155054585412525,11.44175147100086,0.3188746309714022,Pan,French Cameroons
Anterior,HTB1958,4,4,43.91700868096062,9.666197281882852,0.2820073311623968,Pan,French Cameroons
Anterior,BRK125676,0,5,17.088967703622288,13.018592838278256,0.487943655767476,Homo sapiens,Native Californian
Premolar,AMNH99.1/80(b),9,11,24.513024070126463,18.919528690605027,0.1633540122555825,Homo sapiens,Alaska
Premolar,UCD2(3a)b,11,11,19.784208564828518,15.695334327890517,0.8565282621219572,Homo sapiens,Native Californian
Anterior,PMN3064A,4,12,28.047545000380662,13.864840377221055,0.6334268383190351,Homo sapiens,Australian aboriginie
Premolar,HTB1903,5,13,35.56296912265848,9.406001356543799,0.3776130065248713,Pan,French Cameroons
Anterior,NMNH278706,2,6,2.002974354055418,13.013382251997983,0.6742840578196689,Homo sapiens,Buriat
Anterior,NMNH380431,4,8,33.293201049191566,19.415398251298022,0.6235933484400576,Homo sapiens,Australian aboriginie
Premolar,MH12328,6,5,32.03468570835515,15.182497123977658,0.6149850992834306,Homo sapiens,Chucki
Posterior,BM1976.1439,11,14,35.45711035643629,17.181025561064803,0.8470655061355666,Pongo,Borneo
Posterior,BRK126124,4,14,43.40315632170741,17.35554530302356,0.3712209004524168,Homo sapiens,Native Californian
Premolar,BM1910.10.3.1,8,9,21.779320436965833,14.535127010989376,1.376405261077492,Papio,East Africa
Anterior,BM1901.2.13.1,3,4,22.803535246213336,17.2334015936904,0.2288391823380942,Papio,West Africa
Anterior,AMNH99.1/84-A,8,13,40.0530493599743,11.636818709053374,0.6857782160251651,Homo sapiens,Alaska
Anterior,HTB1741,8,2,32.08596749356825,14.322421055563106,0.9364045320181689,Pan,Ebolwa
Posterior,BM1976.1409,3,13,35.834000858137514,13.599873073888944,0.9643098305373707,Pongo,Borneo
Posterior,MH22282,11,2,27.42493112732659,21.151444791081996,0.3752146295854329,Homo sapiens,Sami
Anterior,NMNH344712,5,11,33.01674644267703,14.743985697487828,-0.10406209930810295,Homo sapiens,Australian aboriginie
Anterior,AMNH99.1/79,4,5,42.81271146539686,18.73840311588748,0.2593618046430388,Homo sapiens,Alaska
Posterior,MH12321,12,5,11.861865303111617,14.950817191101793,0.6059515785447576,Homo sapiens,Chucki
Premolar,AMNH99.1/59-B,3,12,28.417473976257433,18.56737938865173,0.7703230991312916,Homo sapiens,Alaska
Anterior,AMNH99.1/110,7,7,63.30100686547627,15.204998155767994,0.6979873820595439,Homo sapiens,Alaska
Premolar,MH24934B,12,9,18.63575721190898,18.076180430448172,0.3753396488899631,Homo sapiens,Buriat
Posterior,BM1884.10.30.2,3,8,24.351541276853844,20.645949406746347,-0.12262659818996013,Pongo,Borneo
Anterior,NMNH350096,6,6,9.872514302430556,12.788848012438603,0.24455841440936488,Homo sapiens,Australian aboriginie
Premolar,AMNH99.1/91-B,10,8,36.07802828313767,15.300382770483669,0.58695652222546,Homo sapiens,Alaska
Anterior,BM1904.8.2.1,4,14,38.28799748061757,22.72551194881225,0.6492372104699156,Papio,Arabia
Premolar,AMNH99.1/90,11,7,35.460943002161216,14.948001547858249,0.718620994534698,Homo sapiens,Alaska
Anterior,IPHA.25,4,9,39.66933728200782,15.502740664820942,1.003396031178342,Homo sapiens,Afalou
Posterior,BRK126266,2,10,43.684459396026284,23.294843865019427,0.7205089879422285,Homo sapiens,Native Californian
Posterior,BM1939.1008,10,9,62.83550058783815,15.627771780077927,0.45873483518508884,Pongo,Borneo
Posterior,MH2896,0,9,37.16301354946121,16.00288234580908,0.11042002475818025,Homo sapiens,Khoi-San
Premolar,HTB3434,5,7,42.577249065133785,15.298589385533088,-0.07956626151109247,Pan,West Africa
Posterior,MH12328,1,2,12.43885592733735,16.93640625385615,1.0161724210648415,Homo sapiens,Chucki
Posterior,MH22282,12,7,32.22144349143739,23.82561233042634,0.4724990372764928,Homo sapiens,Sami
Premolar,BM1976.1425,8,4,43.31173345429109,16.47541450696467,1.49037072298995,Pongo,Borneo
Premolar,AMNH99.1/103,11,2,52.77332036441559,14.645704527734354,0.1727087368553492,Homo sapiens,Alaska
Premolar,UCD2(8)b,0,5,20.760540129096324,13.432653689603958,0.15036133537294855,Homo sapiens,Native Californian
Premolar,BM1918.11.8.1,1,10,2.5198300526378503,13.2060586457017,0.594723230003367,Papio,East Africa
Premolar,BM1976.1428,3,11,39.64944984711349,13.012844852357452,0.7648910698719289,Pongo,Borneo
Premolar,HTB1701,1,8,17.650807457304975,19.62470062089925,0.20089339832753272,Pan,French Cameroons
Premolar,MH5327,11,7,33.044557916994,17.571569388562786,0.5879226523157691,Homo sapiens,Australian aboriginie
Posterior,BM1976.1443,7,3,22.274071354514504,19.941254545424226,0.5629986883516007,Pongo,Borneo
Premolar,MH1525,4,5,25.902093215885035,10.622067820752678,0.5662942163889274,Homo sapiens,Australian aboriginie
Anterior,HTB1739,9,3,41.06338075471061,21.291197140395823,0.7647268177555078,Pan,Ebolwa
Posterior,NMNH330605,3,14,41.223716975322766,18.097275197935087,0.4368427683423131,Homo sapiens,Australian aboriginie
Anterior,BRK126107,1,12,29.896445077853137,17.52206563112398,0.6798548507573978,Homo sapiens,Native Californian
Posterior,MH5330,3,9,21.574486306697132,12.026170169976835,0.1664406855392238,Homo sapiens,Australian aboriginie
Anterior,NMNH380464,4,4,48.871391377873195,29.648058594947358,0.6826356407590197,Homo sapiens,Australian aboriginie
Premolar,BRK126243,4,6,35.7139596040936,11.938472293494142,0.5932538076078349,Homo sapiens,Native Californian
