Unnamed: 0,female,black,housing_expense_ratio,self_employed,married,mortgage_credit,consumer_credit,bad_history,PI_ratio,deny,loan_to_value,denied_PMI,accept
1914,0.5670333392234351,0,1.3841312404369785,1,0.6639863849309608,2,6,1,0.36687208592009546,1,0.9726047825998261,0,1
1763,0.12434941535653177,1,1.4683398604231739,1,1.077582328506772,2,4,1,0.3698407738890907,0,1.1142671614881492,1,0
117,0.22498015925458115,1,1.4795173123189376,1,0.5926962390488996,2,4,1,0.4255022389964521,0,1.053242154191581,0,0
1902,0.5159564021139673,0,1.5202899117475253,0,0.15937145964366012,1,4,0,0.47646971672574717,1,0.7952377067490453,1,1
1835,0.06276702302772835,0,1.2979166113377492,0,0.7165575105382251,4,3,1,0.5141764355154491,0,0.7164048576447236,0,0
964,0.32727151469499377,1,1.5187843756840318,1,0.2912440155329604,1,2,0,0.5361378819981008,1,1.1475759396167518,1,1
1532,-0.792342180729902,1,1.493215983829986,0,1.2254923545109069,2,4,1,0.4289471655616195,0,0.9127183404543446,0,0
1251,0.018449551508269157,1,1.589228533901788,1,1.1116242938430663,2,5,1,0.3773977832294194,1,1.0025841845260604,0,0
206,0.07728997353160111,1,1.4945365990981152,0,0.17416311609824897,2,1,0,0.5022311610359971,1,1.122029407155297,0,1
1441,0.9241829862933376,1,1.5122889309082717,0,0.8548617990488383,1,4,0,0.4845028093096239,0,1.1234371897467754,1,0
1777,0.2857171017246488,1,1.5594839896485622,1,0.9004090759964786,2,2,0,0.5431094304670291,1,0.9252292548547525,0,0
609,0.5194771347829396,1,1.7199700869987433,1,0.1213948327439035,3,1,0,0.4184811900216908,1,0.8808403073699835,0,0
2364,0.62559756591295,1,1.5720887892951911,0,1.5392861438455383,4,2,0,0.361837281049972,1,1.1670326638774302,1,1
1830,0.973261044567375,0,1.4870409677926353,0,0.2868454955385843,1,6,1,0.43573239505877126,1,0.7295441171362206,1,0
1143,0.5502098623681231,1,1.7786688739810403,0,1.049853763161137,1,5,1,0.5164228808532708,0,0.78067338051988,1,1
831,0.47617743897702014,1,1.5386437883982909,0,0.33529366275093575,3,6,0,0.5133431611736065,0,1.1648935213777318,1,1
1962,0.20954982163403746,1,1.4722587485903966,0,0.4550306185332046,2,1,1,0.4955529874890533,1,1.0334971909249169,1,0
301,0.8353428680356119,0,1.4508124206676054,0,0.8711747040207323,4,5,1,0.5302935648551063,1,0.9835840420853788,0,1
1276,0.039517108961432734,0,1.3693082278188478,1,0.5801336730798126,3,2,1,0.42009042094531474,1,1.1878747589230851,1,0
65,0.8891105066568461,1,1.4624204805057381,1,0.08925032979110958,2,1,1,0.3547505303386397,0,1.2061203925669028,1,0
903,-0.5996765641683008,0,1.4190137059452992,0,0.42752842760681514,3,5,0,0.4417881570151994,1,0.9661009601888093,1,0
142,0.34728216064493256,0,1.4195117512482236,1,0.4204702581793365,2,2,0,0.46037016639886413,1,1.1136328310553856,0,1
928,-0.008477858196762056,0,1.492274961576299,1,1.4448039487140154,3,5,1,0.466940871404165,0,0.9943386029607538,0,1
659,0.0947597908217071,0,1.4690691809080703,0,0.5766784473221946,1,2,1,0.4149470709432561,1,0.828588943480595,1,0
1609,0.9156181810636761,0,1.493241273672562,0,0.6610481078541318,2,1,0,0.45812748167901934,1,0.9580589546652631,1,0
2221,0.7330114521397165,0,1.6807193110215854,1,1.0298022074719153,4,5,1,0.5270608567063904,0,0.8748631415720638,1,0
1027,0.8105062453426941,0,1.6383160581891583,1,0.046369736418757024,4,1,0,0.44177255813554817,0,1.079009869077496,1,1
756,0.8999695967459972,0,1.654238607853813,0,1.1858205179009036,3,2,0,0.5340242889494721,1,0.9832131865855109,0,1
619,0.6705560827173209,0,1.5012931589385154,1,-0.217029009442131,3,1,1,0.29046705640767045,1,0.8363819370459276,1,0
391,1.0399090363971744,1,1.3239230076374744,1,0.2049777800719228,1,4,0,0.41254684821125565,1,0.671756362668633,0,1
2352,0.8145818904642423,0,1.5687727413251134,0,0.5690005538660733,4,4,1,0.5120445666601167,0,0.8440809780868621,0,0
2220,0.4131237699316115,0,1.4471118714449256,0,0.6626832398769017,1,4,0,0.35258622804630346,0,0.8384810971929751,1,0
1743,0.30820678159533577,0,1.4522968661124842,0,0.5501001640963182,3,2,1,0.5316795106982042,1,1.1349957142578155,1,0
1371,0.3922451904100284,0,1.4352947454753286,1,1.2010763712035435,2,2,0,0.5549494130409653,1,0.8942613715365128,0,0
887,-0.036768548694345204,1,1.316416842801141,0,-0.8822247324819394,1,5,1,0.4211642446280072,0,0.7989915250500351,1,1
841,0.5051700320791248,0,1.4682613442208443,0,0.258984926747313,3,3,1,0.49069134327455954,1,0.8286472945432399,0,0
2137,0.864643773207147,1,1.394710679511178,0,0.5118522030023634,2,6,1,0.41851584375994116,0,0.9254032876868186,0,0
2271,0.1321360234412548,0,1.5477753709916904,1,0.7291453489736536,2,6,0,0.5361451898795968,1,0.9108106956368445,1,0
1141,0.09862245689418775,1,1.6991731732038569,1,1.1054682924533341,3,4,0,0.7445675677130086,0,1.1128203221398822,1,0
1015,0.7161293806282454,1,1.511559418813301,1,0.1965707476172241,2,4,1,0.39049380444763343,0,0.857012083558433,0,1
410,0.24735625382806936,1,1.5359701795128173,0,1.4781223496591984,2,1,0,0.5887185338449077,1,0.6778978968086905,1,1
1923,0.9613591367893484,0,1.4918638748919342,0,0.2674345321160143,3,5,0,0.5368194628677859,1,0.7111736263376487,1,1
1917,0.6881213451906536,1,1.2761619013251155,1,0.3243843047479811,4,4,0,0.4353213224055347,1,0.6631730948661413,1,1
2207,0.7131932820219046,0,1.397387537374449,0,0.9407234209630445,2,1,1,0.47999746159570394,1,0.8167560568113545,0,0
466,0.10733836545428732,0,1.5380573384821632,1,0.07722461040598622,2,3,1,0.6358721380237081,1,1.040497712945274,1,1
643,0.33097374042665695,1,1.5136785254418894,1,0.7129174280026761,3,3,1,0.4473908123963308,0,0.7877173362694345,1,1
1598,1.0585454464033104,1,1.5394115810621993,0,0.3281466337464558,4,2,1,0.5410218169647821,0,1.1555137352952167,1,1
602,0.219374337419661,1,1.4337572718969822,1,0.412064586106365,2,3,0,0.504436994881105,0,0.9608044221405722,1,1
1649,0.6022389206126081,1,1.656429400903635,0,-0.3725411623049344,4,4,1,0.5352470099391562,1,0.780309055619663,0,1
1265,0.13859918424956452,0,1.307016910458406,0,0.29940973947964833,2,6,1,0.4695248055110959,1,0.9985825323570513,1,0
493,1.1221813039315793,1,1.527928348315807,1,0.6547390560975586,1,5,1,0.42865282363605234,0,1.0096951399375524,0,0
1561,0.3867154939526553,1,1.4794577714546975,1,0.6327146710783642,2,5,1,0.48716488072073677,1,0.8877728681197188,0,0
1596,0.9994553351171156,1,1.3972554667816897,0,0.22201958091370844,2,2,0,0.5270566042147554,0,0.830097695758267,1,1
2267,-0.1836934339341475,0,1.686140660182736,0,0.6485272864801217,3,2,1,0.4621453691724953,0,1.1052025102510743,1,0
1402,0.7277875758086985,1,1.3867779035405914,0,0.27792127259112664,4,1,0,0.519425310618291,0,1.0472468244121347,1,1
647,0.6032920707223866,0,1.622170328796439,0,0.3991651046016403,1,3,0,0.6167017205300849,1,0.7334647611486282,0,1
440,0.6744848196530729,1,1.6209325310614675,0,0.909057188417804,4,5,0,0.45412579376083334,1,0.9467574195851698,1,0
2300,-0.003423914794721483,1,1.4667030055742762,1,0.1980288093630721,3,5,0,0.3599892316149151,0,0.942461922014618,1,0
1400,0.48570098659271893,1,1.5662622830808337,1,0.5973643939400983,2,4,1,0.5252855116285085,0,0.8434266244814986,1,1
1181,0.7322456999952279,0,1.5043297794390835,0,0.4298448947893811,4,1,0,0.5989498608296294,1,1.3587687054690785,0,0
1436,0.6266346090443147,0,1.4196059886675907,1,0.5905329385013757,1,2,0,0.5504061358798041,0,0.9610908662738061,1,1
758,0.08335344390535576,0,1.535353850259537,0,0.2169357093550382,1,2,1,0.5143054371602157,1,0.9571438816944646,0,0
1094,0.6076563968450195,0,1.393640270807059,0,0.035970250974748874,2,6,1,0.48425745788105323,0,0.961549525847845,1,0
1485,0.4508366254733428,0,1.5860611554945963,0,1.0877588151749378,1,3,1,0.4872930538681819,0,0.649971671669267,1,0
1424,-0.0429943433181722,0,1.5488933468349395,0,0.779367588465923,3,2,0,0.44099117596871806,0,1.0957634905664837,0,0
2219,0.1418146248836839,0,1.475592651313913,0,0.6623087626067024,2,4,0,0.5061817592180826,0,0.8820047095671071,1,1
723,-0.267307367649642,0,1.5612226489316459,1,-0.133943693790762,4,6,0,0.5696949923633107,0,1.0770608952477259,0,1
1522,0.8381378813429323,1,1.535881442230108,1,0.196734391910528,2,5,1,0.4096623055961882,0,1.3696853601588361,0,0
1864,0.3761938128077146,0,1.5802046106053542,0,0.8645381468494966,1,1,1,0.6934227069271194,0,1.1457957575293969,0,0
176,1.0184415174473678,0,1.424241214340832,1,0.2696079370426942,1,2,0,0.5243528266165011,0,1.0821693527131964,0,1
931,1.1187921468155553,1,1.423368691387982,1,0.7013498514420472,3,6,1,0.45042118284345534,0,1.1681029241950862,0,1
380,0.31125236357612673,0,1.5637342661590274,0,1.108676269007088,2,2,1,0.6007814610373194,0,1.0247673239455624,1,1
1438,0.07929077844817534,0,1.5248209818758571,0,0.20546168127283015,1,3,1,0.4011792054417318,0,1.0286220956967227,1,1
2190,0.5367718160867732,0,1.5629826544871923,0,0.6931802425349728,1,1,1,0.5069463187444944,0,1.2250121964665133,1,1
2017,1.1215875191745441,1,1.5946014787136638,0,0.3024899761316997,4,4,1,0.40888706052887286,1,0.9552752591361371,1,1
1368,0.37111960317201254,0,1.5715904985707627,0,0.8537089804382956,4,1,1,0.3896925538113264,1,0.5038277259758948,1,0
317,0.15586615426995126,1,1.3487109853385277,0,-0.18312993995381677,2,1,1,0.5029051383715222,0,1.0636793180280308,1,0
525,1.1401757745094994,1,1.4076284457039758,1,1.1581442817252183,2,5,1,0.5317703118286076,1,0.9532907315748889,1,1
212,1.037998915663616,0,1.5723690484411026,1,0.054993034997739776,1,3,0,0.5989624206489873,1,0.7895169445544082,1,1
780,0.002248986004184328,0,1.5827066252354616,1,0.7455320741338525,4,1,0,0.4533326605641826,0,1.0338975059961004,0,0
2051,0.7619815874667584,0,1.5926610247302628,0,1.0648895981320021,1,4,0,0.46250098887542757,1,1.157565898399394,0,0
497,-0.20107794152791936,0,1.5360539950494052,1,0.5765238921913003,3,4,1,0.36555297136737996,0,0.6271444696142197,1,0
1770,0.5058159346054552,1,1.5003624902012906,0,0.4429156951319203,4,6,1,0.37573894075743686,0,0.8585262305706871,1,0
2303,0.2798710396326898,1,1.5857048228720612,1,1.1423119944862843,2,5,1,0.47022143355564566,0,1.2564379462283455,0,1
1681,0.062907505111504,0,1.6312700057689777,0,1.184376934819491,2,5,0,0.5148343175743875,1,0.9732629383694045,0,1
2158,1.2252133940283416,0,1.494151784643052,1,0.9235356996723416,2,1,1,0.5760349071017504,0,0.9352653462173873,0,1
1151,1.2464719101265125,1,1.752725139821838,1,-0.4285876794842228,2,2,0,0.5172026866382136,0,1.0292294023357178,1,0
2167,0.9453849445317662,0,1.4817531471594814,0,1.0075892513485483,2,6,1,0.3655094929973597,1,1.0389479665228782,1,0
1699,0.27441684501216634,0,1.5821801927099428,0,0.4076131440971216,3,1,0,0.4759982116937146,1,1.3316102464037498,0,1
847,0.4598591113007398,0,1.4304999574191972,0,0.4422895865707389,2,5,0,0.5462880347560836,0,0.7379572128680835,0,0
750,0.5431009066055575,0,1.5373176506056843,0,0.8694907003165504,2,5,0,0.44974720662992074,0,0.9731394252232456,0,1
2265,0.9300638733706511,1,1.4627105797987685,0,0.13399214392444703,4,1,0,0.3766080201050444,1,1.0435150725590594,1,0
130,0.7531607102831929,0,1.5359829588009521,0,0.13507611118418644,2,3,0,0.4455853770555758,0,1.0760571192884036,1,0
2178,0.8584805225794497,1,1.4621290055987388,1,0.010719562271901184,3,1,0,0.4860754948178019,1,0.842466777055714,1,0
2370,0.6559730096584512,1,1.3295109024031726,1,0.516199047305309,1,4,0,0.49303297813512775,1,0.9218223980157159,0,1
380,0.5429669042346826,0,1.4361042671058055,0,1.6285854552492682,3,1,0,0.48506349860200204,1,0.8338074036788993,1,0
981,0.3861303374303269,1,1.5894490109917618,1,0.4117242926102278,3,1,1,0.4450140369158531,1,0.8707505082590183,1,0
937,0.4455029180648309,0,1.4918171512736227,0,-0.5045047568883338,2,6,1,0.40967687819310644,1,1.236357219913219,0,1
1696,0.3843309584516476,0,1.5799284836121594,1,1.2146331175585905,2,1,1,0.3635994769938179,0,1.1588961712893087,0,1
1426,-0.29867698296683476,1,1.475383137014545,1,0.29945747052528815,3,4,0,0.5113277199415412,0,0.9489815817292381,1,1
1616,0.8169242145878204,0,1.535214063286765,1,-0.0007032917600504618,1,1,0,0.4319533005432365,0,0.913767271810631,1,1
142,0.6859361520123848,1,1.5760319499928577,1,0.7329338131507719,2,6,1,0.4694723960574164,1,1.325537371297313,1,1
507,0.3540534969614335,1,1.434673892455858,1,0.19909965104937932,2,4,1,0.4895159417547832,0,0.8266150221049348,1,0
696,0.5707572440515657,1,1.4695012958216926,0,0.1702381634843551,1,4,1,0.3869469983568637,1,0.9547364406348632,0,1
1809,0.6985314377903884,0,1.4187029703234328,1,0.8216200198421615,4,3,0,0.443184941331801,0,0.8789344089305939,0,1
166,0.7114317172958232,1,1.477081192640174,1,0.699617925462563,4,3,0,0.3794247495239186,0,1.0515662301815312,0,1
2088,0.975114226386901,1,1.4411851108860265,0,0.314777294183413,1,4,0,0.6128046799625615,0,1.0663785832381976,1,1
2272,0.818177908761764,1,1.6266201014825146,0,0.1633941819908445,4,1,0,0.40454203274454126,1,0.8988214608522607,1,0
2328,1.106467772930936,1,1.4723906138385028,0,1.1109469780344918,2,6,0,0.5604959183904161,1,1.1440531438496153,1,1
109,0.7589166212286429,0,1.5712017413314876,0,0.2409966136622591,4,6,1,0.4348687118013613,0,0.8105691237455124,0,1
654,-0.43843972563496336,0,1.5229125425647094,0,-0.20658595178601036,3,1,0,0.5137184855682799,0,0.7913262049140445,0,1
56,0.9380307122977145,0,1.6066419856579242,0,0.8250323630912682,3,5,0,0.446450492141327,1,0.948397727139839,1,0
892,0.36160960530087294,1,1.4526179934882133,1,-0.027602901455036077,2,3,0,0.5160399779877282,1,1.1357197822795566,0,1
1102,0.2908473637682395,1,1.5080005369113265,1,-0.3573533425773625,4,6,0,0.43741117630250564,1,0.989842499354593,1,0
982,0.747591013399789,1,1.5067861340473614,1,0.6328143494962244,2,2,1,0.39620296836432667,0,0.9927359416514314,1,0
2075,0.5041531022730745,0,1.4489638026600526,0,0.19291432768440092,4,3,0,0.5252370566656639,1,1.0139433975566188,1,1
1069,0.25896073236443684,1,1.7531576334598795,1,0.81140162622039,1,6,1,0.5477028609338057,1,1.0203337677556883,0,0
568,0.28341603576911906,0,1.546515302745529,1,0.052018084916518326,4,5,0,0.3992127283835906,0,0.8157598117435167,0,0
912,0.7062113651001525,1,1.658991076773515,0,0.9246323156683784,4,6,0,0.448927578148788,1,1.1390386227659328,0,1
1379,1.1062841607131038,0,1.506188437954477,1,0.6158383701116603,4,5,1,0.3895475884378951,0,0.8201126274280093,1,1
857,0.8798468897472602,0,1.42784635947185,1,0.7612489667689716,1,4,1,0.5123694474338307,1,1.1036678136504914,1,1
1255,1.255944379029285,0,1.6794981417634691,1,0.932486803913806,1,2,0,0.47833399518552594,0,0.8472926779959437,1,1
742,0.7099944144688989,1,1.435274450469872,1,-0.6367989755685639,4,3,1,0.4219388228829569,0,0.8158229791295781,0,1
471,-0.36272547756363827,1,1.667601796600415,1,-0.46068820205159833,1,4,0,0.4215599412655989,1,0.6422083602770161,0,1
1680,0.13744828146566984,0,1.5270973746161005,0,1.020827078069743,3,1,0,0.3484697661316829,1,1.233543660112232,1,0
869,0.47298076026576163,1,1.5727363815505193,0,0.3024834050377362,4,2,0,0.5115102010866259,1,0.9289059878438042,1,1
2237,0.5931165430242664,0,1.4747318134748153,0,0.6281039126604067,4,4,1,0.36835133620965,0,1.0454354574797724,0,0
1351,0.6810922001993285,1,1.5684185166930882,0,0.47384937223388457,4,6,1,0.48797742037435876,1,1.007134740423548,0,1
2176,0.4106371733045229,1,1.3517099169998608,1,0.6082918553904076,3,1,0,0.4467703462777771,1,0.8242935834710625,1,0
447,0.7168574116296897,0,1.53002030885836,0,1.02896876894359,2,3,1,0.660663200574477,0,0.9780011693106784,1,1
1708,-0.22018745367522163,0,1.4785046545807918,0,0.5718146163056121,2,3,1,0.49778309892350825,1,1.0177122998985495,0,1
2377,0.6410867664515485,1,1.63963644479088,1,0.1525664538255766,1,1,0,0.5773796207921141,0,0.6440450865632639,0,1
1422,0.14429640279604228,1,1.5875488914760103,0,0.1998952972228652,3,4,1,0.5196846256881619,0,0.8820774704050778,1,0
1824,0.32057295196823926,1,1.4574716169292108,1,0.15177298088863533,4,2,0,0.538053766481207,0,0.99163713666411,0,1
1067,-0.19144944296195987,0,1.4584083341359253,1,0.9753118434535725,1,3,0,0.5184427528462155,1,1.0237899068050729,0,1
1845,0.389206901928119,1,1.4868834241704338,0,0.48244901066008417,2,2,1,0.4540498753540411,1,0.9392823274198323,1,1
447,0.7567332801614908,1,1.3320387020996172,0,1.8225720046227492,4,6,1,0.5565832922193301,1,0.961953804674926,1,0
938,0.6674146137912844,1,1.4411273652682588,1,-0.2663156305391223,4,1,1,0.5357943671063847,0,1.0432471556730816,0,0
2171,0.08105527251339595,0,1.5106750263579931,1,0.8525120328876263,1,1,0,0.24252448194289786,1,0.9156484967425624,0,0
79,0.6307396104260506,1,1.6684137039743934,1,0.4433201455891647,4,1,1,0.45115086617578076,1,1.0679705833935613,0,1
2268,0.3207161757597947,1,1.5608390507322956,0,-0.4451995179701498,4,6,0,0.5149043264913088,1,0.9709989356428289,0,1
2376,0.518564946437879,0,1.4964550691100265,0,1.0070900186137854,2,2,1,0.49128373003582376,1,0.9121081693458871,0,0
1307,0.27788327801842644,0,1.35770022878404,1,-0.1701894736988423,1,5,1,0.3814734204642161,0,0.9880607438782117,0,1
2089,0.12367584055682573,1,1.6504812975148857,1,0.7634401580889794,4,1,0,0.45792415362790123,0,0.7255795490211511,1,0
124,0.351906280558263,1,1.6848205303557917,1,0.5044684256407663,3,3,1,0.4255401456929457,0,1.0773494384305464,0,0
2262,0.44044401879790085,0,1.5081211004249886,0,-0.07789729812757218,1,6,0,0.4614149819239162,0,0.7565560429093663,1,0
1182,0.3581151524982499,0,1.3263427853244831,0,0.5002704066966033,3,2,1,0.44612061528117564,0,1.1979368972830848,1,0
202,0.7894362488656166,0,1.2518006383140698,0,0.9352512295785076,1,2,1,0.42914631268655584,1,1.209745706762076,0,0
1375,0.6840389888970506,1,1.5444485195603426,0,0.12754542814111802,4,3,1,0.437494484103231,1,0.8726979386582918,1,0
919,0.5476493457327992,0,1.533310618808641,1,0.02392269108976247,1,5,1,0.4227657515546274,1,1.0013645907647954,1,0
973,0.18167319744371707,1,1.430263692654348,0,0.2647408386470075,2,5,1,0.5369987527023142,1,1.1245582176535458,1,1
784,1.1417118037314966,1,1.688370460128597,0,0.12321620820886864,1,4,1,0.5506788257266821,1,0.9389600056751203,0,1
838,1.1716495253585277,0,1.5975239662975302,0,0.5614166180516607,3,4,0,0.48409875524725204,0,1.1058670625947824,1,1
2322,0.3516599722124619,0,1.3322202729100956,1,0.37911195521046515,2,1,0,0.49884593830195395,0,0.921004571228516,1,1
950,1.0012509790417639,1,1.613091965606478,1,-0.6942878200185227,2,1,0,0.4076292101460247,0,0.924083250906658,1,1
1533,-0.3446202347824008,1,1.6024846860878765,1,0.31025401013637466,2,3,0,0.4402844213108814,0,0.4699414570790013,0,1
1571,0.3279613293484447,1,1.4636443149134535,0,0.9560362599549543,3,3,0,0.38962866869639506,0,0.7392464891514812,0,0
2161,0.4652923701028794,0,1.525938561779147,1,0.33476512112111817,4,6,1,0.45532082391313106,0,0.9619507297701109,1,0
66,0.7100072167568305,1,1.5420693716265088,1,1.0478924099893066,3,2,1,0.4454714054222747,1,0.894983512517094,1,0
1726,0.7769356710267479,1,1.337044494748881,1,-0.14195650702091844,3,5,0,0.4874134758448011,1,0.8279510449177776,0,0
1403,0.568589017138295,0,1.3425554161780813,1,-0.30369189430693433,4,2,0,0.5516946005442707,0,0.9782145182509533,0,1
662,0.5560097380928832,1,1.7135340008778095,1,0.5759222423440815,3,6,0,0.6234091805442974,1,1.0367394522298534,0,0
1159,0.6991791162084249,0,1.4461023557587607,0,0.2854480153647994,2,4,1,0.41549801197787023,0,1.194418659629323,0,1
1506,0.6999981840195824,1,1.4623069346499848,1,1.0772351933803246,4,1,1,0.6492515149123814,1,0.9753951133349632,1,1
837,0.6303859966467035,0,1.558641960989212,1,-0.1824138025204296,3,4,1,0.6279311373911002,1,0.8395090461540778,0,1
446,0.715577904933798,1,1.3969952943414452,1,0.47812901455152207,3,5,0,0.4273042345015847,0,1.0130433367688747,1,1
2027,1.1271633898585554,0,1.5365883602754908,0,1.0323500701552681,4,5,0,0.5084168567284779,0,0.9451703654330955,0,1
1404,0.4449939588451807,0,1.6303464159565966,1,1.345993132167127,1,4,1,0.3339828299973809,1,1.0441128937188167,1,0
2167,0.1506596043778491,0,1.4923672167260362,1,0.27199649074850013,1,2,0,0.3256481943741153,0,0.7830828866793299,1,0
585,0.45005039716615236,1,1.5740748040499362,1,1.0172074474491644,3,2,0,0.46788170134632867,1,0.8205295985685993,1,1
555,0.703704813722675,0,1.5189596461341865,0,0.14217424160618825,2,2,1,0.42497572836742725,1,0.878438103507299,1,0
1311,0.028377505691062177,1,1.6454088592032057,1,0.10754050026689815,2,1,1,0.3016454315731414,0,1.1868109162027691,0,1
1627,0.016129722394899626,0,1.4043864533931738,1,1.45305725893982,2,6,1,0.4097606245357012,1,0.9395230573160467,0,0
400,0.4645550942568347,1,1.5493664767729411,1,0.6831198019397954,3,4,0,0.4608399391659721,1,1.0847175584309057,0,1
13,0.9772155504826561,0,1.5359537390077327,1,0.720945601443227,3,5,0,0.49671423101082424,1,0.9547947871476926,0,0
1932,1.9491999390564432,0,1.284693217462654,0,0.6979984182354669,1,5,0,0.35586779812613223,0,0.7247555555856551,1,1
1778,0.6286113469163893,0,1.453683257072593,0,0.6843844599906223,2,4,1,0.5075979242537146,1,1.0565377564994651,1,0
260,0.707947348020396,1,1.5839666143695608,0,0.22782921050316896,1,3,1,0.48067849769924054,1,0.9154708886985282,0,1
2124,0.888123961322757,0,1.6576228521508076,1,1.0294943019752596,2,1,1,0.5170965567571084,0,0.9399363334015519,0,0
1092,-0.15988740293287007,0,1.5283651710974144,1,-0.4513882905896254,4,5,0,0.6799345684063502,1,1.0609754083000524,1,0
1027,0.8971596901551413,0,1.4585164061388893,1,0.23157446590301178,1,1,1,0.598115453064462,1,1.4796562165314135,1,0
2214,0.5645366669527385,1,1.45625996709319,0,-0.07251527913123867,2,6,1,0.42212279647169004,1,1.2388548745913037,0,1
1579,0.20651749689702514,1,1.4081521839668951,0,0.03561740444277545,1,2,1,0.5864438390588707,1,1.0990962937104074,0,0
653,-0.14707941769859434,1,1.5454034713857685,1,0.9426765337667458,1,5,0,0.5596629674644229,1,1.1026148438135617,1,1
20,-0.1686818551294006,1,1.3192015569438205,0,0.7578206346603099,4,2,1,0.44311721097224765,1,1.2136242031576852,0,1
1523,0.3557196262325854,0,1.696107874860926,1,1.1201152004497161,4,6,0,0.4778133604120924,1,1.0726797179597904,1,1
653,0.55875513513741,0,1.669113366022795,1,0.4592655559455591,3,3,0,0.6885033877733694,1,0.8009477990462414,0,0
2055,-0.29062482821907,1,1.483148902277721,1,0.7189307077078513,3,5,0,0.5265024918279656,1,1.0022687049620673,0,1
2159,-0.04042081736214487,1,1.5196864871221174,1,0.592574423848603,2,3,0,0.4165480883544282,0,1.2334398772214463,0,0
1108,-0.16765518142339453,0,1.4613105820365917,0,0.7941852733380284,1,5,1,0.5730290199996732,0,0.9153175784364302,1,1
1757,1.093696484919283,0,1.5394661727416399,0,0.510902035925625,3,4,1,0.4604171442321331,1,0.7873658201402833,1,1
1524,1.1775685316160018,1,1.6272209409505902,0,-0.49504997151697905,1,6,1,0.4223544401646919,1,1.2274147981697339,0,0
2232,0.24135248368607604,0,1.6012541434651382,1,0.5839793390630565,2,4,1,0.40194823196674745,0,0.9563153500621071,0,1
1036,0.9085658136564971,0,1.5112898433196034,1,-0.2861026771160363,4,4,0,0.28623423505015294,0,0.7449078684580364,0,0
756,0.29312566104770954,0,1.4020647557901562,0,0.638872580180587,1,5,1,0.4323097091057955,0,0.7565466800386469,0,1
1533,-0.08186606129378027,0,1.4358917902307795,0,-0.05881709360637022,1,2,1,0.5535404684321593,1,1.0343057322831186,1,0
61,0.14824844597606218,1,1.4474909028551013,1,0.4128126362702549,3,6,1,0.38807787690086737,0,1.0419337956225034,0,1
2312,0.22768258394021323,0,1.522112726375158,0,0.4272487576445846,4,5,0,0.3913147538301729,0,0.746558495561584,0,1
2359,1.0306446950967083,0,1.4856803719285618,0,0.08112685512291212,2,1,1,0.5259746979122857,0,0.8281997940088044,1,0
684,0.4549612232808504,1,1.5657714683387385,0,0.2417555645131519,3,5,0,0.5897084178061522,0,1.0197809814059788,0,0
1829,0.5133853591886198,0,1.4966467387849187,0,1.1739446658300305,2,2,1,0.4375793739282501,0,1.021367283978107,0,1
1837,0.5064887202966332,1,1.4390743321796486,0,1.5415773665312633,4,5,1,0.32063183106801585,0,1.1234767528966922,1,1
1914,1.0197272713343866,1,1.6865612169186597,0,0.3574831275571644,1,4,0,0.34449742488308654,1,0.9975289832735399,1,1
1720,0.27805332155862017,1,1.4622086299649621,0,-0.25805367750825714,2,4,1,0.3443447092208459,0,1.2642144710735765,1,0
1710,0.08011926758280002,0,1.617056779238712,0,0.6207874614996107,1,1,0,0.46273883997225174,0,1.0841672543317402,1,0
1326,0.4313472076570505,0,1.5080199107799215,1,0.6015585272267487,1,5,0,0.3829738297384093,0,1.066002307964236,0,0
1360,0.7644780730578153,0,1.5220255902991027,0,0.4029089083833889,3,5,1,0.48688906253114944,0,1.1183351816276166,1,1
2275,0.49357727316417455,1,1.2879285220685843,0,0.581139083288226,2,3,0,0.3683100328945658,1,0.6429000188926428,0,0
1134,-0.04322214798493673,1,1.4658432990588988,0,0.3827435239816498,2,2,1,0.48253126211254066,1,0.9443868562695181,1,0
735,0.9034520276898517,1,1.6661281479884036,1,1.060113647639858,1,1,1,0.4375402983675559,0,0.8164553290832777,1,1
297,0.8395418866362554,1,1.4941222879859442,0,0.1449462748869887,3,6,0,0.5585384068442145,0,0.9861577626087439,1,1
1921,0.43868711168572894,0,1.3896211997165373,1,-0.07126184583400841,1,2,0,0.4375175323663962,1,0.8455813555102776,0,0
694,-0.012337026409811713,0,1.3667149766864244,0,-0.05271145628597307,4,3,0,0.4706409533748365,1,0.7339446816244772,1,1
2347,0.8945746711177696,0,1.544648700572313,1,0.20491496574496798,4,6,1,0.35355471504266034,1,1.00790821541248,0,0
649,0.28462939859061104,1,1.5138942312054378,0,0.2724171105852292,1,6,0,0.5025830809574127,0,0.9424895092646425,1,1
315,1.2121936704131504,1,1.585489306228569,1,0.3317090320410033,3,5,1,0.2992409016351619,1,0.9832330951337046,1,1
933,0.11911947204906209,0,1.586847539480858,0,0.5313800201212988,2,6,1,0.39632127505580783,0,0.9395736496700904,0,1
1693,-0.01904125549088609,0,1.6162025552905463,1,1.0752925942719995,2,6,0,0.5062686938898711,0,1.0685912200986616,1,0
2211,1.4621685718572723,0,1.6982900944766306,0,0.271642020446869,3,3,0,0.6012342251062212,1,0.8597646894013447,0,0
2252,-0.15622055155677106,1,1.5022547318343404,0,0.7033769390932096,4,6,1,0.5516772874704674,1,1.2769884885410807,1,0
628,1.0226558343776833,0,1.3834938167363835,0,-0.4364861368488524,2,2,0,0.5379650875075451,1,0.7983205444275319,0,1
1235,0.2833801509465416,0,1.5488388588663242,1,-0.29391140000557603,3,1,1,0.4515552896952177,0,0.9442552063196259,1,1
551,0.530157802337255,1,1.418138508019198,1,0.5947474242917934,1,4,1,0.4550629676521736,1,0.9508892442913444,0,1
1557,0.4659158237453397,0,1.468332859252255,0,0.6917122937956344,2,4,0,0.5433866526032499,0,1.1386982091533655,1,0
1599,0.871496167230932,0,1.475713474457128,1,0.6479247082591728,2,3,1,0.488687761822564,0,1.0078265735721763,0,1
90,0.8453110337902979,1,1.3711793212744485,1,1.322806521082867,4,1,1,0.730751399496965,1,0.7361570380210857,0,0
1607,-0.23789559213773126,0,1.2845941550143356,1,0.07582579865636735,2,6,0,0.4738639093360759,0,1.1748131181333217,1,0
1968,-0.1604923322742905,0,1.460164969578156,1,1.2722408581637368,1,4,0,0.7018324620354357,1,1.1317020323890936,0,0
891,0.9475043216130901,1,1.4900473624968882,0,0.3784265933903988,4,2,1,0.47312197555240915,1,0.7948886552825266,0,0
776,0.16935627637269318,0,1.678266460639045,1,0.5936210102514375,4,2,0,0.4260446065558267,1,0.7584809973415936,0,0
916,0.7258528407542304,0,1.4593233728615553,0,0.18628873016382114,1,1,0,0.2842834926387118,1,0.7826344760904322,1,1
809,0.7042509242877497,1,1.4774535682824395,0,-0.7950525103357156,4,2,1,0.49536657585670624,0,1.1543038198105182,1,0
797,-0.29801243192735305,1,1.513398437437476,0,-0.023641072560775633,2,1,0,0.4373773770316731,1,0.9781865146654366,1,0
1602,0.175390362860521,1,1.4865345494422397,1,1.2535062635413434,2,3,1,0.36735750755106505,1,1.0742100623927529,0,0
2131,0.750904905812219,0,1.5595811349025024,1,0.21307746978572922,4,6,0,0.4888702818879126,1,0.7571910106428226,1,0
1346,0.5557715029631045,1,1.531000928912459,0,1.0220653260093115,4,4,1,0.5186688943750174,1,0.8282470049570475,0,1
1240,-0.08389914467054538,1,1.4997744364660415,0,0.39630496666844495,2,5,1,0.40501855383198093,1,0.9390692231374176,0,0
18,0.3671663874313619,1,1.3971459580063645,0,0.6978560432743398,1,3,0,0.5116880728455159,1,0.9093260377365382,0,1
824,0.42762610551373076,0,1.7211705193852493,0,1.5766593816478751,2,5,1,0.5305091423578436,0,0.7690755371977998,1,0
1288,0.181886144646491,0,1.2925247637499337,1,0.704746992611194,1,5,0,0.5740597472272084,1,0.8286075334717236,0,0
1260,1.0759409427674136,0,1.3482551227905746,0,1.089146571878628,2,2,1,0.4865936921921231,1,0.8917674981367462,1,1
1708,0.5767403191410392,1,1.3223854780443738,0,0.3156831013984993,3,4,1,0.48270940917395366,0,0.8808570645612128,0,1
1551,0.043768757215311926,1,1.5069063678039483,1,0.6635345745038036,4,1,0,0.5459494809643883,1,0.9243439097747352,0,0
1171,0.4063416752553057,1,1.539110112779628,1,0.12501611183463401,4,2,1,0.4841148744920489,1,1.0899227426351457,0,0
848,0.3654129275489219,0,1.599922135442292,1,0.12763060451629976,4,4,0,0.43533282630949005,1,1.0084315448985977,1,1
2126,0.6521762416776488,1,1.4955911899906214,1,0.07614152768980997,1,2,0,0.5259782897284855,1,1.2287818406955708,1,0
623,0.7739650691991338,1,1.3882338646418857,1,1.198005655483167,3,3,1,0.565239105550405,0,0.9668620203060229,1,0
2298,0.5755337507659902,1,1.5670459964431633,0,-0.10023507326657588,4,1,1,0.3953408120814338,1,1.1579121845891245,1,1
2072,-0.09885848265215547,1,1.4371961860052445,1,0.07301022988362704,4,6,0,0.5652060374943699,1,0.9883733090756314,1,1
1983,0.6552030760975939,0,1.561546557400188,1,1.3377835944267438,4,5,1,0.39900075500878035,0,1.1895283355445714,0,0
1100,0.13436714723118537,0,1.4156173806472276,1,0.46017814492101916,3,3,0,0.48070831386079593,0,0.9323483258465559,0,0
575,0.7439102596861733,1,1.496033726535631,0,0.7216580814975286,1,6,1,0.41331902461695497,0,0.8408150879791572,0,0
1335,0.4023497361968844,1,1.368830269436741,0,-0.4032867152585323,3,2,1,0.48329625005176746,0,1.1405348317995534,1,0
608,0.9932621441024012,1,1.542648470113381,1,1.068293663126299,1,6,0,0.2935864370882669,1,1.080971250000684,1,1
346,1.4848448561936085,0,1.3999560983917092,1,0.5909223084238081,2,3,0,0.5823884374501379,1,0.7166411600090753,1,0
1014,0.310256159969609,0,1.632502301584513,0,1.1884764149063334,4,1,1,0.42893542718150457,0,1.0098325209356638,1,1
1898,0.02197807871799301,0,1.4944426175857273,1,0.19765357951362245,3,4,1,0.5587931646043246,0,1.073787939717383,1,1
915,0.30837647606606156,1,1.593771110013206,0,0.018264717484553106,1,6,0,0.47366029215341576,0,0.8341667475784877,1,0
1931,0.36729393611424704,1,1.4590931983909048,0,0.6493994593651546,4,5,1,0.6392430881439386,1,1.0384443638122725,1,0
1849,-0.036081293075529874,0,1.5264402195863545,1,0.3567378378947744,2,3,1,0.517944862827288,0,1.0232625694307405,1,0
1275,0.10149249393934329,0,1.6168628141336143,1,0.5574718782973934,4,2,1,0.510132522197242,0,1.116994199443074,0,0
2117,0.20817196523678066,0,1.542488437058734,1,0.19765896497409946,1,5,0,0.33059806335656,1,0.9568894590870575,0,0
516,0.6311395102378744,1,1.5420548423114457,1,0.5196290952937848,3,2,0,0.34304091114500096,0,0.9416868117969052,0,1
119,0.8742699145230544,0,1.5094335588694,0,1.073424148761914,1,5,1,0.4565544653429699,1,0.854780321628492,1,1
1003,0.777777490023799,0,1.4556590372784046,1,-0.1201198627534833,3,4,0,0.5225646484634329,1,1.0770520132869512,1,1
908,0.4811517077449457,1,1.3888877312986843,1,0.8115742912680701,2,1,1,0.355095768137226,0,0.48289510320940754,0,1
815,0.7376075797721111,0,1.3867967582013834,0,0.06902579335007059,4,2,1,0.47079510140299496,1,0.7710097921942444,1,1
1200,1.2968050206136912,1,1.555424297308236,1,0.7731622261551623,4,3,0,0.4927453540064813,1,0.7332890171180745,0,0
630,1.0522863442596306,1,1.5593807521734535,1,-0.03618137911369024,1,2,1,0.5014769812397778,0,0.6634126831196006,0,0
2125,0.8162782550961406,0,1.611680922350343,1,-0.022129664270334026,1,1,0,0.5733947126919704,0,0.9808208436175123,1,1
1199,0.7337260825877899,1,1.4994426913409487,0,0.557987289566049,4,2,0,0.47308457742200916,0,1.1822174140292598,0,0
2370,0.634255415658172,1,1.6774636792922322,0,1.1901771457483328,3,4,1,0.5663819668440975,0,1.292177163623446,0,0
445,1.2926233098852773,1,1.6026706232260315,1,0.695132732793473,1,6,1,0.5001115726063353,0,0.952181563573959,1,1
1608,0.7108984512862278,0,1.5938428667500772,0,1.1228443334271914,3,2,1,0.39669492702685355,0,0.9045993921943066,1,0
1465,0.3069829172076419,1,1.349265479587122,1,0.5986616876751429,3,5,0,0.4747814175231806,1,1.3758506098575576,1,1
2036,0.639601862177751,0,1.4564318474775833,0,1.0912972117395983,1,2,0,0.5690840010410262,0,0.8166846019336791,1,1
2255,0.2902491541480946,1,1.4457351734294266,0,0.6151918300214883,4,2,1,0.481504090849357,0,1.2118724486589667,1,0
1561,0.49689176686301956,0,1.4710573327833227,1,0.1782309749153853,2,2,0,0.3825944449084135,0,1.1136610851858542,1,0
1001,0.4626792413734348,1,1.5440802801570663,0,0.5689070067708564,4,5,1,0.4051925125142173,1,0.8959256038665735,1,0
1425,0.36332528277461457,0,1.5142621347863177,0,0.3809881589359958,1,3,1,0.5681872023457569,0,0.8302654014013208,1,0
298,0.6431548831359837,1,1.4538725140567492,0,0.07776061920195793,1,3,0,0.4728646943700225,0,0.927070600201414,0,0
202,1.0160900658577332,1,1.6266826884861962,0,0.8337080507017061,3,2,0,0.4896095066301147,1,1.3483586027165382,1,1
1331,0.6259092936187798,1,1.5805980451585406,0,0.5938165161514577,4,4,1,0.4619498019584133,1,0.96167222011912,0,1
955,-0.2990907785881538,1,1.4497632104455418,0,0.348181375129371,1,2,1,0.4992466621100755,1,0.8151735092120015,1,1
633,0.8372826685993946,0,1.4151111788811028,0,-0.657076392069623,1,6,1,0.3800513842541312,1,1.0762850812633304,1,0
1214,0.8491772640840589,1,1.5941097426481374,0,0.2797016933688109,2,6,1,0.48428457214587645,1,0.9178642630094855,0,0
1011,0.16689279862201062,0,1.4365899008162093,0,0.5127609425585095,3,5,1,0.5551478131493912,1,1.0492169013673276,0,1
1410,1.2257643035771049,1,1.3536285624322133,1,0.4576934807062192,1,5,1,0.36885449037722784,0,0.9755489433834933,1,0
1646,0.8396412263167515,0,1.4429279624507383,1,-0.4514366843442408,4,5,1,0.5096039820450146,1,0.7832694534126977,1,0
1126,0.5861382145720511,1,1.5223011590986184,1,0.8045794748305608,4,2,0,0.4980093069274097,1,0.9504997655381258,0,1
1658,1.193975514831366,0,1.4972791597149144,0,1.2049600503368891,4,3,0,0.4803990859306234,1,1.1205263397859184,1,1
651,0.961069344687902,0,1.689459763911581,0,0.09807531019836757,3,4,1,0.3916374904498864,1,0.8441575906553602,0,1
1641,0.34804817339420613,1,1.5831871318695305,0,-0.4154213520510648,1,4,1,0.4286545403678363,0,0.7801951785785196,1,1
979,0.5925050007938718,0,1.3986107373722756,1,0.5143625792370495,2,5,1,0.5820311735365665,1,1.0257740345046336,0,0
347,-0.019914253777631452,0,1.4230260410702698,1,0.09538435592535233,3,6,0,0.447491226854946,0,0.7019483154697248,0,1
4,0.7465276220749175,0,1.473636858091118,1,0.22690296682226802,3,2,0,0.5701597639424871,0,1.2007434813057523,1,0
373,0.4576498406225086,1,1.5399880330625304,1,0.7002379823900203,1,5,1,0.5901055503670061,0,1.1060592882711935,1,1
2056,0.43747619513017594,1,1.4867767854344573,1,0.5918416826983037,4,4,1,0.4751324203412106,1,0.9414989184232533,1,0
220,-0.29689108778114903,0,1.5154830688098135,0,0.5529285741561626,1,2,0,0.37667011393600874,0,1.1761468872511067,1,0
1806,0.1241343952016965,1,1.5277185167400726,0,-0.029916212414351495,4,5,1,0.41747311484115346,1,1.0367027853859232,1,0
2167,0.8068340000322662,0,1.609955845679188,1,0.4114559101445633,4,2,1,0.4924820621600401,1,0.9679141252552127,0,1
308,0.88331186298426,1,1.5260962605279793,1,0.6446203356886794,4,2,1,0.3660811474910107,1,0.8511226750825313,0,0
2089,0.61902560725275,1,1.5190831781861998,1,0.1351572154215248,4,1,1,0.6399798793586262,0,1.2389800916004634,1,1
2078,0.34985793797434117,0,1.5370859245572417,0,0.2281085755982028,1,4,1,0.4826611910284599,0,0.6957257934187611,0,1
936,0.6816116510037042,0,1.4171442164786519,0,-0.10119491454981788,1,2,0,0.5031478175176893,0,0.8655726805555404,1,1
1152,0.30359222563828325,0,1.5026290348365403,1,0.757558747338253,4,2,1,0.6295405654950197,1,0.9517355969263893,0,1
270,0.8721719768280147,0,1.6668841657949252,0,0.9086967913607027,1,4,1,0.3915340242423351,1,0.5317180770334806,1,1
1580,0.12315996482804548,1,1.6273060432139494,1,0.5584258326713024,1,6,1,0.3964081020822405,0,1.100749354016585,0,0
1888,0.5907397772015297,0,1.4120363193294774,1,1.1201975750521167,4,3,1,0.3602643445716509,0,0.9194967489051945,1,1
1325,0.5732996797515957,1,1.5555604975928303,1,1.2871148241948163,4,2,0,0.36755040303157327,0,0.7677127683897054,1,1
1107,0.68262350904575,0,1.457670575771925,0,0.05473820589231421,4,6,1,0.3140718654067465,1,1.1271698979318128,1,0
1314,0.592278535287824,1,1.4952260429936526,0,0.22537454249033095,1,3,1,0.4598774324719784,1,0.857275645235492,1,1
517,0.1693310034961631,1,1.608855531007014,0,0.14820737363006337,3,3,1,0.4014957723477777,0,0.899011481772063,1,0
1970,0.9763652551965276,0,1.4182398577406974,1,0.8843573443915257,2,1,1,0.5110663327643082,0,1.374999460551595,0,1
2348,1.1657068959420482,1,1.4702704367649566,0,0.7311831939109013,2,3,0,0.4647353355678978,1,0.7486603451939512,0,1
1797,0.8707937311251128,1,1.6144709117740514,1,0.9887811358260563,3,6,0,0.297638387519762,1,1.1136260381189682,0,0
413,1.4838760773523079,1,1.5632834884496452,1,1.0239340978564866,2,5,1,0.5753627666057249,0,1.0520962434129952,1,1
2040,0.1553499928804269,1,1.485790679511895,0,0.80445328406604,1,3,1,0.4194090448183174,1,1.0023987577477371,0,1
1048,0.12763566858289482,0,1.5417501514574508,0,0.6308757257753584,1,6,0,0.4664446536815856,1,1.0081822422704247,0,1
624,0.6674811046601886,0,1.4834202128578406,1,0.7394884315777461,2,1,0,0.573714666599036,0,1.0942123606667957,0,0
997,0.4165116217274548,1,1.4155387090102731,0,0.16805587012999618,3,6,0,0.5008361596115238,1,0.7158472144365274,0,1
1551,0.4090012323195756,1,1.3378271682217302,1,0.5180415788087511,3,5,1,0.2800101643112407,0,0.9201540295506946,1,1
602,0.817226085251272,1,1.6391473833406678,0,0.727811469148954,3,5,0,0.5119230048114316,1,0.8403572707507262,1,0
2254,-0.345853234509502,0,1.5278087717804691,1,0.9760345639246099,1,1,1,0.4442565218042705,1,1.0030470512204606,0,1
1192,-0.2370770580074929,1,1.3717925228071854,1,0.25473614721086224,3,1,1,0.5047698733317566,1,0.9780029655280036,1,1
1228,0.1225092381512391,0,1.6495758931819504,0,0.3798439664233551,4,4,0,0.3426081515736724,1,0.9182024919325064,1,1
1107,0.27619001203485516,0,1.2658071510666593,0,0.5586456705521908,3,2,1,0.349732682815988,0,0.9821652873519675,1,0
1981,0.03338621124390395,0,1.433283007528113,1,1.1134633131651035,3,6,0,0.5583607366949745,1,0.7745183536775854,1,1
2159,0.21782123600014286,1,1.4315814886844156,1,0.4026118622595108,1,6,0,0.40325866916635733,0,0.8951647515592954,1,1
569,0.05278174935402968,0,1.4420745851592858,0,1.1105738773434037,3,3,1,0.4565810257184123,1,0.8452232402964772,0,0
759,0.9458570873196482,0,1.5915555359746414,0,0.8012952256039465,4,3,1,0.4262361504499699,0,0.8699226512171085,1,0
960,0.3404774575945082,0,1.5966659375498076,0,0.254801768550153,4,6,0,0.4617427126320304,1,0.9023266482478467,0,1
1405,0.9564605044768225,1,1.341290974517503,0,0.13014497207005876,1,3,1,0.33194020166466887,0,0.9078892751207106,1,1
781,0.9704196323737252,0,1.560430482020775,1,0.46162897464513947,4,3,1,0.5072081241485251,0,1.0932522342323336,1,0
2278,1.1029351453877154,1,1.6476659362892851,0,0.7847480674827554,3,5,0,0.4463012168587122,0,1.0229050983737225,0,0
983,0.1602902303006687,0,1.3426893001133753,1,0.4792981112295274,2,6,1,0.45959765104132766,1,0.9451737250030626,0,1
1168,1.0402140141170684,0,1.467067502732478,0,-0.3973604668252033,1,1,0,0.43819628714757564,0,1.0086120329321089,0,1
1633,-0.0439586199956038,1,1.4669367888652807,0,0.4248628181835803,2,3,0,0.5339114562056432,1,1.0156469740826035,1,1
2081,1.0453733015825373,0,1.4407446167956592,1,-0.2817001127635612,2,2,0,0.5358691230599258,1,1.1081188873396555,0,0
364,0.9071723930838904,1,1.3846468805620666,0,0.8633627799019246,3,5,1,0.4864001881517527,1,1.0247102882019843,0,1
2061,1.3841239775720622,0,1.4181290229275192,0,1.091447400478936,3,5,0,0.5131623940554054,0,0.7808226150063553,0,0
878,0.9675671421552838,1,1.6145177446774306,0,0.36090212821216494,2,2,0,0.4471018561741315,0,0.8169259329043086,1,0
608,0.663651137852785,0,1.4825942638234506,0,0.2693258432648613,3,1,1,0.3831640763612471,0,0.8988854325007086,0,1
1837,0.5497260616455885,0,1.6738263644478257,0,0.8018172513552222,3,3,1,0.47173284210273436,0,0.8948687098025266,1,1
1509,0.47969292915856265,0,1.5821399871476716,1,0.6780327546819311,3,4,1,0.2530044504670066,0,0.7494165963387968,0,0
1290,0.5647597191050528,0,1.61413810819774,0,0.41335790168384007,1,1,0,0.6346672148904675,0,0.9711636372901489,0,1
2020,1.1206052077000677,1,1.5453712774719097,1,0.015703159448670678,1,1,0,0.4949766530691999,1,1.184914248860209,1,1
1648,0.46790252547952255,0,1.5119139321707133,0,0.08885959476589156,1,4,1,0.4771467858551167,1,1.2969737931520537,0,0
1892,0.9206169961592826,1,1.460332815379322,0,0.38750061449473755,1,5,1,0.5829934931179686,1,1.16671913443825,0,1
1122,0.20491763236034294,0,1.6012719867939451,1,0.3500683043010656,4,2,1,0.5118398596467874,0,0.9574960892430261,0,1
333,0.3101271590287301,1,1.4440507222731107,1,-0.2483429579237172,3,2,1,0.39934714002161775,0,1.2013866654964036,0,1
1368,-0.11893934044116272,0,1.5632490501662861,1,0.6181484219453605,1,4,0,0.345922049424461,0,0.8863159493958368,0,0
1247,0.39238645500023267,1,1.4348936901207012,0,-0.15344544318710007,1,3,1,0.5560846290923052,1,0.6498021162711742,1,0
104,0.0807819947729625,0,1.3366730141744059,0,0.562716493635106,3,2,1,0.4838933273320135,0,0.9975226782131662,0,0
1800,0.7810916350996102,1,1.5676341722117195,1,0.4917034125577922,4,5,0,0.4673730738663289,0,1.1217599444495887,1,1
1817,0.2972716257115475,1,1.434209016463114,1,1.0200385001242596,3,5,0,0.5141347361127688,1,0.8095144231418683,1,1
712,0.5055936581156606,1,1.5762081454295411,1,0.6285255380255825,2,2,1,0.44710385255305474,1,0.7701603906072324,0,1
2223,0.3470999151281545,1,1.5877317392701618,0,0.37594126260814226,4,1,1,0.5035867894352232,0,0.9232787748207653,1,1
1953,0.6184917214494188,1,1.2805113471756813,0,-0.14254187261736795,2,2,0,0.4396143385822129,1,1.0639762992710828,0,0
1847,0.8680500625573231,1,1.4649953824385489,0,-0.39414348246520536,1,5,1,0.5183196387930509,1,1.0956591764774297,1,0
363,0.5171642747481916,0,1.5205366788918444,0,0.4981781983397746,4,1,1,0.49004964821506897,0,1.151568045020427,1,0
225,0.7036299617233917,0,1.2575214741685898,1,0.1793213532766067,4,4,1,0.3073725943976149,1,1.00274460861375,0,0
2261,0.7702611463435451,1,1.6365653688731334,0,0.9713950346886916,2,2,1,0.45461625496872377,1,0.8522846236299603,1,0
2352,0.40567161527898377,0,1.6364621709243663,1,1.1477754155494817,2,1,0,0.3304989028639437,0,1.0688200057770691,0,0
2052,0.452267733221047,1,1.6359964128274065,1,1.0148769746886117,1,2,0,0.4371050627798949,1,1.165343661094063,1,1
483,0.375861218852915,1,1.5613383231479327,0,0.7612865614201749,3,6,1,0.3918104924816098,0,0.7604314614219077,0,1
2004,1.1268676782701863,1,1.5553014124924587,1,0.41776755630595913,4,3,1,0.44102814568069804,0,0.9626986501333685,1,1
1583,0.8636597428566157,1,1.3897552018330495,0,-0.11853062849415175,3,1,1,0.46305969420627596,0,1.0448501188873431,0,1
1128,0.6784490916720018,0,1.4989741566530381,1,0.6068730930945113,1,6,0,0.40881528496154407,1,1.2195805187521467,1,1
348,0.29392015936194305,1,1.524003566796829,1,0.7357403373655327,2,5,0,0.39435754188290717,0,0.6905772150771268,0,1
718,0.09819880281275789,1,1.4155692217442908,0,0.08430952914485279,1,6,0,0.40878372908854155,0,0.8335557426869856,1,1
670,0.8983196373133742,0,1.4264587167360725,1,0.23274005518131563,2,4,0,0.48142600571766625,0,0.918564691348864,0,0
953,-0.021452594217461818,1,1.3880736125544704,0,0.7127312481947258,4,3,1,0.502220412338796,1,1.3353151499863833,0,1
1183,0.5747848670384412,1,1.48460049239195,0,-0.08831943099848205,3,6,0,0.4935678989171862,1,0.851252545197872,1,1
82,1.0239683269219224,1,1.4223960639546782,1,0.3830406232921585,1,6,1,0.5657595565222262,0,0.9022995631455634,1,1
559,0.33308123621253405,0,1.4477731353244143,0,-0.19469141827670933,4,6,0,0.5500922900189691,0,1.0139786175219043,0,0
121,-0.13545533862449943,1,1.4190108527582346,0,0.07046899114168531,2,2,1,0.5194551635157102,1,0.9756992195351963,1,0
450,-0.003043964376027275,0,1.5200647978957313,0,0.059993741076389995,1,3,0,0.4339014699478136,1,0.6301440184914184,1,1
168,0.7205992013004908,1,1.3461269083331024,1,1.019469121575236,2,1,0,0.4364845868839774,1,1.0412259109207709,1,0
318,0.6088399408681191,1,1.363148730086371,0,-0.14730865074488875,3,4,0,0.4776761450303677,0,0.9716032612051626,1,0
1027,0.38681763398458996,0,1.6159019857073411,0,0.2915287527822274,3,5,0,0.41546259262458685,1,1.2361843128346048,1,1
557,0.5597551787269797,0,1.5256999983428163,1,-0.3821963893000304,4,5,0,0.5420279932325266,1,0.8689700700117389,1,0
1427,-0.05010026929659561,1,1.337857729217684,0,-0.030684403317837616,4,2,0,0.3134666116559774,1,0.8956973351610981,0,0
2115,0.46762368256285297,1,1.5369838084875507,0,1.0304918307997606,2,5,0,0.3061005935010186,1,1.1972748309736916,0,1
1710,0.7567288155333975,1,1.3415465101181914,0,0.6557895293488013,1,2,0,0.5408868343463489,1,1.0618560257973555,0,0
1079,0.7442371275344228,0,1.4985912017963585,1,0.784404519146663,1,5,0,0.5264479547899767,1,1.1786866190850558,0,1
2274,0.6642930723890142,1,1.496410412649062,1,0.7369109519282115,1,3,1,0.4186927476673734,0,0.6908051682868073,0,1
1590,0.23574752216742445,0,1.5008399754589579,1,0.21384846872393237,1,5,0,0.43345209345844216,1,1.1872576442170204,0,0
1126,0.4903321706623329,0,1.3556514699777988,0,0.4718239067201826,3,3,0,0.5456844073766322,1,1.026790995771282,1,1
223,0.5588688494956725,1,1.4972062243706878,0,-0.30878002310741026,4,2,1,0.5141455490824132,1,0.99342575658081,1,1
907,-0.4875123205655716,0,1.547585520578086,1,0.7893085925460899,2,4,1,0.40662131118317674,0,0.9020259433632496,1,1
2116,1.1728538167051408,1,1.384631630223583,1,0.3484652796241351,4,3,0,0.3147680590995353,0,0.9446003103170686,1,0
1214,0.883362491325514,1,1.3850356133638475,0,0.5550510874629427,2,3,1,0.6361412093182937,0,1.0030459777463923,0,1
1688,0.3906183395883125,0,1.4316075488986182,0,0.219674450341463,3,1,0,0.45372508312547943,0,1.1404672516898158,0,1
1263,0.7845539504467793,0,1.4347161032517115,1,0.880970593602737,3,1,0,0.44150487304105734,0,1.1935477034082023,0,0
804,0.7943056314886285,0,1.5733709984514452,1,0.5271010354537228,4,4,0,0.4063720660747032,1,0.9614407038841123,1,0
1792,0.1436452278891645,0,1.6047878087488294,1,0.4187018608665834,1,1,0,0.41217300634327475,0,0.8008164637605624,0,1
956,0.3241718068027598,0,1.5146736950855246,0,1.5780735487045605,4,1,1,0.30373880910399953,1,0.9402013504143872,1,0
4,1.044953470493605,0,1.5701081311792635,1,1.0859109770342021,3,5,1,0.32701851424335504,1,1.2611657505587353,0,1
699,0.9359120606958589,0,1.4133149989365665,0,0.6136709755784308,3,3,0,0.467770625072698,0,1.0760124076516615,0,0
349,0.3456130523558151,1,1.4752826420799812,1,0.7081666156254871,3,4,1,0.49733536112730276,0,0.9280354544569771,1,0
123,0.16702660609837422,0,1.3818202107150868,1,0.37030687404398555,3,2,1,0.6010953929098614,1,1.219391833919095,1,1
1389,1.1525265436416268,1,1.6363216781234802,0,1.1197008214374615,4,6,1,0.5775139094617392,1,1.017282123617884,0,1
1368,0.5960574579061844,0,1.3556159172395617,1,0.3610279354624808,4,2,1,0.5524464892499313,1,0.7491734855753224,0,1
743,0.04104126654474527,0,1.5280334220918268,0,1.4667596499391393,2,2,0,0.46078912139993744,0,0.9987862655065822,1,0
1409,1.3097114871488633,1,1.5569070638387887,1,-0.11003205476871081,4,6,0,0.30696518806043743,1,0.8460014133726892,0,1
1246,0.2539841796536918,0,1.538764601337196,1,0.09620421454109845,3,3,0,0.305631013387651,0,1.0782154479500883,1,1
1963,0.8341372543390542,0,1.427606408954443,1,0.6831727535076262,2,2,1,0.4977287091846639,1,0.9610739046892754,1,1
1463,0.7735230337437906,0,1.4302642889602235,0,0.6965060479327,4,3,0,0.58912581228908,0,0.7520184263899217,0,0
1080,0.31615293090949453,1,1.4632139723355404,1,-0.11516065573383527,1,3,1,0.5608889162497459,0,1.3253102644848078,0,0
1558,0.5921610150458816,1,1.573451942008739,0,-0.09443168524288037,1,4,0,0.5156666109316156,1,0.7031742158177872,1,0
1896,0.5628088310841703,0,1.5124516053129866,0,-0.4049333241233092,1,2,0,0.35610298492887094,1,1.008976692360963,0,1
1240,-0.2749867173291747,0,1.5813191894576581,0,0.4590573592846232,1,6,1,0.4329364968612955,1,0.9871013597319396,0,0
270,0.8425053152875475,1,1.6118518168140394,0,0.5191220477301285,2,1,1,0.5026562233564252,1,0.9872621450652236,0,1
148,0.12272525511620158,0,1.4053514208416855,1,0.7560933534774272,3,3,1,0.49929008126894914,0,0.8436363511153984,0,0
778,0.34196562764260685,0,1.5303816645420447,0,0.46771217088546324,4,5,1,0.4186943807843778,1,1.1448887290774628,1,1
2370,0.30718269513125707,1,1.5080077774227565,0,1.320950603259069,3,2,0,0.4648349283380022,1,1.250920102546626,0,0
1628,0.8023325121571756,1,1.4909348067705297,0,0.5531318750673369,4,2,0,0.4808032070904251,1,1.0369492607828639,1,0
1742,-0.1282051833331751,0,1.5679810759971207,0,-0.228853280938645,1,6,1,0.5122063547468619,0,0.9556344438065462,0,0
2155,0.596107911122435,1,1.386211128513084,1,0.7625103973121063,4,5,0,0.3988070338776688,1,0.8645683135677383,1,1
67,0.7341716940969731,0,1.2856607205862374,1,0.436869330177731,4,5,1,0.42910293411501216,0,1.0820915701490044,0,1
7,0.5743460370395821,1,1.343893797922846,0,0.40748266244279463,4,5,0,0.4047624919980848,0,1.068996655631862,1,1
795,0.35523061600480044,1,1.354621995795564,1,-0.0038274339854709183,3,6,1,0.49802478610454737,1,0.7770144244360828,0,0
1596,1.594824080688888,1,1.7154591457205357,0,-0.39937500230110057,4,5,0,0.5518906051460658,1,0.9623925471016063,0,1
2251,0.4614335229061197,1,1.4409077123748164,1,0.8943384331117044,3,4,1,0.3981373574445077,0,1.0728901347938202,0,1
1532,0.5844081203238987,1,1.4132730485628568,1,0.6174154004698087,1,2,0,0.667989671029337,1,0.8161168566193808,1,0
292,1.6682007580676097,1,1.3293323561948247,0,0.6119425589583478,3,2,0,0.48525522074530986,1,0.8024196985263732,1,1
395,0.4020385222488002,1,1.6558130475665693,1,0.6583014405866665,1,2,0,0.5356501964730532,0,0.9681688368359114,0,1
1538,0.31612978752943044,1,1.4175275511599226,1,-0.6366781993345176,3,2,1,0.432089492489622,0,1.0245467036752036,0,1
1214,-0.25654437167096444,1,1.57636956934296,1,0.18046872200410913,3,1,0,0.6584736845570398,1,1.03278174250402,0,0
1444,0.7609791604985154,0,1.5256727795612124,1,0.852030187051457,3,6,1,0.5086227672331538,0,1.1361272653580468,0,0
585,0.11430183242600472,0,1.6879331513139917,1,0.27393757559208504,4,1,0,0.46324931344115405,0,1.3639591145234542,0,0
97,-0.12195411079674878,0,1.5050409799702733,1,0.46479831885874645,4,3,0,0.6127586008338569,0,1.2015082841348455,0,0
1143,0.4860098939043693,1,1.42358517768634,1,0.31793861482441166,4,1,0,0.5835961742873387,1,0.7899184928908904,1,0
222,0.005342650432830831,1,1.4820175589891031,0,-0.04170132496464807,3,3,0,0.463787822604031,1,1.3333369233684826,1,0
2235,0.40194008684081667,0,1.3854619491620328,0,0.835749586229556,1,4,0,0.5738033011721014,1,0.7113764206623476,0,1
891,-0.4196803624269031,0,1.5251469674293132,1,0.5063009044883711,1,1,0,0.3077359959015857,0,0.9318823850375226,0,0
965,0.41217306637949414,1,1.4597803772696856,1,0.24270741209229446,2,5,0,0.5779511306691212,1,1.1886231241548995,0,0
306,0.5091095823892966,1,1.3438276826269693,1,1.1992878889716856,2,1,1,0.3361263271612853,0,0.7378925064205908,1,1
1843,0.13955338756485042,1,1.5708755711379516,0,-0.532371459704289,1,5,0,0.4061408753944405,1,0.9700035533603665,0,1
273,0.21595892894089858,1,1.3221272793013321,0,-0.17670458354136442,3,5,0,0.5305474230466534,1,1.230141307618842,0,0
1906,0.4754381594951683,0,1.4240263565270808,1,0.7067898723365913,2,6,0,0.3970819616075955,0,0.9560424122238536,0,1
1447,0.13663042468849318,0,1.572698726581145,0,-0.08550063247555972,2,5,0,0.5913220116197776,1,0.5871391038615907,1,0
1642,0.4976782148434679,1,1.5873167968898616,1,-0.003476296295004566,3,3,1,0.4413120124477705,0,0.5129688531188492,1,0
2344,0.5963865854866942,1,1.677539429357535,0,0.7091631683658853,3,3,1,0.4250797935693559,0,0.5352885459501647,0,1
1706,0.24202045992227111,0,1.511485830725887,0,1.153786111292159,4,1,0,0.46055944573513824,1,0.7701626793945393,0,0
39,0.15320792905428426,0,1.7068226735908332,1,-0.015763154527803747,2,1,1,0.5210965107713144,0,1.0760897633605175,1,1
1515,0.01996245936498431,1,1.4301500570354106,1,0.0755780704739264,3,6,0,0.4060456698555146,1,1.1666597725725991,1,0
2297,0.6443361985096345,0,1.501666585894497,0,0.4090838981447407,4,4,1,0.4609947708064555,0,1.1891159170834422,0,1
1829,0.20689469643812386,0,1.766467482406505,0,1.1267863086645753,4,5,1,0.40971408117345853,0,0.8163829495866837,1,0
390,0.8829529908737477,0,1.4029773440102222,1,0.8049142127864133,4,4,1,0.3410474171088915,0,0.6646335401693161,0,1
2246,1.211532995942568,0,1.4326646385953423,0,0.4562003870980364,1,2,0,0.4611070540398457,1,0.945258485593643,1,0
1772,0.2685332693437242,1,1.4820863896174934,1,1.017113059414961,2,1,0,0.5762685867306907,0,0.88429513497067,1,0
1027,1.02393836897711,1,1.6370132813810374,1,1.2860812085713094,3,4,1,0.4481826086676228,0,1.0818223288591935,0,0
2354,0.47338369847567163,1,1.4040261788928166,1,0.08035106470349462,2,2,1,0.5307963394549973,1,1.0138165159791175,1,0
615,-0.09384639459743249,1,1.553469536463207,1,0.7706587709407748,2,1,0,0.5334368987149569,1,0.9817828861649717,0,0
1664,-0.17154784664678235,0,1.5579701145941836,0,0.7504802387164613,4,2,0,0.5363495871458828,1,1.1617915593420893,0,1
2171,0.313943348798087,0,1.3825954991254907,1,0.29468745832076904,3,2,1,0.42398727219148025,1,1.1130178195814113,1,0
1920,0.3525789386895618,1,1.5381570153432698,1,-0.40486362353048844,2,4,1,0.4744059825982121,1,0.9177378859588878,0,1
1167,0.11107314741600072,1,1.3469381252147046,1,0.3272258195766714,2,5,0,0.47703637136219357,1,1.0844626733525935,0,1
439,0.31985481823030204,1,1.4312280608823729,1,0.8474183433512141,2,5,0,0.46453911127565745,0,0.8722297147017116,0,1
1852,0.02843373090240703,0,1.5973525458430036,0,-0.11140737149959457,2,5,1,0.31438091847782146,1,0.9671690562524765,0,0
2044,0.8190306674688912,1,1.611622592708182,0,0.5726774349159695,4,4,0,0.5565520737413793,1,0.747018953341914,0,0
895,1.2284237237266098,1,1.563472606244296,0,0.15339168937710246,1,6,0,0.4223351863554297,1,1.215355558486916,0,0
2059,0.9097116603906409,0,1.468483834117829,0,-0.323561351229959,4,2,1,0.36114168697576154,1,1.3095127245731288,0,1
285,0.014843221279744634,0,1.3162356163597593,0,0.21003423498704005,2,4,0,0.41703990884934167,0,0.7018451222195796,0,0
247,0.9695325985945937,1,1.3421913266903174,1,-0.14793573806790083,3,4,1,0.44830089270550183,1,0.9819084939971526,0,1
1110,0.5397309365658789,0,1.5891078020973886,0,0.8121767569898533,2,4,1,0.5309956887701109,0,0.7938556615929263,1,1
1690,0.3078751384930387,1,1.6225820994949434,1,0.49179712533228215,1,1,0,0.6187963258773538,1,0.954068931249049,1,0
79,0.6022254936794057,0,1.5060098514491471,0,0.21055636131898403,2,5,1,0.6098893496185191,0,1.165955686806003,1,0
2140,-0.08105343331845383,1,1.4803898997329359,1,0.6781341850685434,3,3,1,0.36983469826669896,1,0.6452887302775417,0,1
133,0.207428647144553,0,1.5577207837104032,0,0.46231531662269704,3,5,0,0.629635930216415,1,0.8990730120830476,0,0
1740,0.2958048411422821,0,1.5790025250469577,0,0.9515651145288984,1,1,0,0.5108593363891036,0,0.8896763959131758,0,1
387,0.22210715491394695,0,1.5320520631147054,1,1.654094641417075,4,5,1,0.4398406969520756,0,0.5695738006425729,1,1
1687,0.966087635646973,1,1.4596898099074227,1,0.4973214619080581,1,2,0,0.355242087542542,1,1.0728559551546384,0,0
1843,-0.10373074384339953,0,1.5309959673623046,0,-0.18767656452191384,2,2,1,0.5018241382694699,0,1.0916764084810433,0,1
1121,-0.4242785751673037,0,1.5278908961511304,1,-0.04297125450610251,2,5,1,0.4669818668212467,0,1.0037809526413508,0,1
1322,0.736042352741169,0,1.4959469619089758,0,0.4939869236266857,2,2,0,0.4514405937718086,0,1.0604832322580429,1,0
1392,0.01638436462877385,1,1.615561433575881,1,0.7357865944632593,2,1,1,0.5296038641577846,1,0.8720171368931976,0,1
337,0.0828891108545115,1,1.6254922382508867,0,0.13539294353953707,4,6,0,0.41417466317014184,0,1.0129220866672342,0,0
1457,0.20311070125327907,0,1.5118474806223285,1,-0.3238637287020839,4,5,0,0.5142635670384643,1,1.0278790658642172,0,1
1435,0.4052957574366901,1,1.6949950047412499,0,-0.145206213412014,1,4,1,0.548415278743143,0,0.7969392991595041,0,0
659,1.3746387939514997,0,1.3441080279044142,0,1.2375227541258569,2,6,0,0.4827379424111644,1,1.1145352707168423,0,1
1505,0.9492406849637197,0,1.375824361338384,1,0.1663624478118692,2,2,0,0.5405331091183188,0,0.6428618665443988,0,1
233,0.16177355287345335,1,1.5297404016057983,0,0.11775941902146503,3,5,0,0.6036387873492545,1,0.9456198270733043,0,1
120,0.32780790901527285,0,1.6057586969380755,1,0.29970341017626734,1,1,1,0.5482625898212125,0,0.9246122868514287,1,1
813,-0.18733211374769898,0,1.5433735814636003,1,0.30812525691220627,3,2,0,0.48731937477767007,0,0.9266684566638429,0,1
425,0.5354227084708301,1,1.581139160274558,1,0.5801136394632886,3,5,0,0.5161472828189267,0,1.0167717526528495,1,1
1229,0.3173982744959588,1,1.5083662318079867,1,0.8453690684049262,3,4,0,0.29595598485560526,1,1.075477556150693,1,1
2276,0.4489691371951344,0,1.455182489614817,0,0.4252501214271049,4,1,0,0.6521933690997603,0,0.7900062964600576,0,1
2224,0.8516904579454776,1,1.3906427479069552,0,0.5584307256173864,4,2,0,0.5921059301210273,1,0.8161982525971079,1,1
569,0.411483456913857,1,1.403376934561492,1,0.982486145873923,4,6,0,0.5555407925258471,1,1.0144175502089696,0,1
2217,0.3934819699359823,1,1.4816246095716354,1,0.9734839262773902,2,5,1,0.5897493912768863,0,1.0380233449186957,0,0
163,1.1163497622126177,0,1.5638702306966403,0,0.9812804027808633,1,5,1,0.54255635168349,0,0.7910589271893668,1,0
1214,0.11486636393495842,1,1.5454007635083271,1,1.2754980593942415,1,5,0,0.35542255512124543,0,1.035040738319471,1,0
734,0.522819179794696,1,1.413688901701504,0,-0.153091067389717,1,3,1,0.5975922272833847,1,0.9309667306680747,1,1
1256,0.6937848728251649,1,1.4876391507829,1,0.25176779656820025,4,2,0,0.5595686896073712,1,0.8843841514860706,1,0
1796,0.7750314392702649,0,1.5381366442238915,1,0.9486285540997432,4,6,1,0.574488073640592,0,0.8265102479041309,0,1
452,1.0656595295331437,1,1.4990176694406554,1,0.567329742577326,2,3,0,0.3589186732466131,0,0.75575031321301,0,1
126,0.8967302282842065,0,1.6150781247175001,0,0.36766106602086945,4,5,1,0.4642927541253243,1,0.8510265467223364,1,0
724,0.8057639212960619,1,1.5684335380236367,1,0.5982381493825846,1,1,1,0.6521524036012797,0,1.0518129544794763,0,1
1095,-0.042790547934548284,1,1.6041801611107636,1,0.9254469870328592,3,1,1,0.3982408314856577,0,1.244186423310233,0,1
774,0.3363751149533117,0,1.5110234040742603,0,0.7894772549796645,2,3,0,0.5466017111952433,1,0.8370101168069761,1,0
1985,1.2730117766367721,0,1.5649504504884675,0,0.3938059423583181,2,6,1,0.3242266143748241,0,0.9192025180296665,1,1
2171,0.6306344332653135,1,1.3810209174871946,1,0.017234416433902222,4,1,1,0.420887480555933,0,1.162023112643599,0,1
564,1.1829887521743125,1,1.4317915291358154,1,0.4749597769916724,2,1,0,0.5777248880494406,1,0.9320173696168851,0,1
2273,-0.03302952069471743,0,1.433255654912803,1,0.7651175403919506,2,6,1,0.4850247433689944,0,0.8991087857138312,1,0
948,0.2103975143463918,0,1.4452696831190899,1,0.33796916084141215,4,5,1,0.5373203934677689,1,0.9086796632528725,1,0
615,0.06941223154667808,0,1.588956968395256,0,-0.1343487267772826,3,1,1,0.43813653011999854,1,0.9988236129940286,1,0
2009,-0.0571191579892798,0,1.5579798262689164,0,-0.21381265600165,4,3,0,0.6201625614827235,1,0.7453255282448712,1,1
173,-0.021568838880785535,1,1.505001388032777,1,0.3151394427849661,1,4,1,0.4734343163192755,0,0.8048425224681554,0,0
644,0.372025619764071,1,1.646691190740822,0,0.9598511165071746,4,3,0,0.5421953416033194,0,0.9689918150169622,1,0
575,-0.1259398232332105,0,1.578163683642679,0,0.5658336241295081,4,2,1,0.35036349612900053,0,1.1474396855460602,1,1
1582,0.44224085585310935,1,1.4745309925522332,1,0.5816968667424416,2,2,0,0.6178977607778549,0,1.1238119521713987,0,1
1487,0.7499319977332134,0,1.5492310314188198,0,1.0342297671529481,2,4,0,0.4870059648778039,1,0.9292351790138855,0,0
1338,1.065108225152994,0,1.3248035262290305,1,0.7896050885432184,2,3,0,0.5258550111704094,1,0.9995865998761864,0,1
417,0.41045861323267013,0,1.367498050788122,0,0.1258076260761084,4,6,0,0.41569993330462596,0,0.8638068642057384,0,0
290,0.08161116096926652,0,1.4017877952559916,0,0.5459044077772934,4,3,0,0.291216893216277,1,0.7816075609348363,1,1
1477,0.8605458306361058,0,1.5892077045413529,1,0.12304059772167614,1,5,0,0.507782143155438,0,0.33180295977847163,1,0
642,0.5930778122589861,0,1.350523227187932,0,0.5715037223524844,3,5,0,0.48954212941307845,0,0.935188829918974,1,1
593,0.5970386127920537,1,1.634476516349756,1,0.20712675160120647,1,3,0,0.4717786528878785,1,0.9433384442374023,1,1
167,-0.07610759504291253,1,1.345689042658718,0,-0.2566967812213282,2,1,1,0.4768799252289606,1,0.9896685050752694,1,1
2229,0.21270888307810837,0,1.5164982803323361,0,-0.18335948221368426,4,4,0,0.52781734288597,1,1.1339338277949809,0,1
72,1.3289232422577917,1,1.389009474787502,0,0.17372342659909068,4,6,0,0.5342739369480576,0,1.338732804531116,0,0
199,0.0943556479245104,0,1.3926308595247625,1,-0.004453615279255696,4,4,1,0.4837790685671595,1,1.0156348110902038,1,1
2274,0.7367063739434253,1,1.62875698719297,1,0.8745128820981758,2,5,1,0.5453406741040394,1,0.8344335081178652,1,1
596,0.6033787418737134,1,1.5014466252078693,0,0.9991008966235659,2,3,1,0.4883316786662939,0,0.9331745059803372,0,0
24,0.7472281890166415,1,1.4785143976437372,0,1.250084089032089,2,3,1,0.4908741136335632,0,1.0835800878949777,1,1
307,-0.3638845934827927,0,1.365362398529478,0,0.028363666688929146,3,1,1,0.46943310280010847,1,0.6175104846296808,0,1
1751,0.524163734970355,0,1.6553068379094353,0,0.4221634793785382,1,3,1,0.2972705074169916,1,0.7396118788149413,0,1
785,1.2292004589809356,0,1.5533291872692856,0,0.3465260052422633,2,3,1,0.5244227888703445,1,1.1452922641190892,0,0
1569,1.5885696675995895,0,1.4020778360045167,0,-0.1379971582227485,1,5,1,0.5684844224279257,0,0.7337355795195084,0,0
201,0.5285858228036923,0,1.4518774216088068,0,0.22303772092811597,4,2,1,0.5213276268174257,1,0.9581680734319515,1,1
2023,1.0327958644446862,1,1.444463512248362,1,0.13767069898958134,2,6,0,0.4317607976166684,1,0.872526923354063,1,0
1470,0.5684876088983604,0,1.5830503167050478,0,0.8686918747840098,1,4,1,0.37760341506081496,0,0.7047072068739688,0,1
199,0.1737699019793672,1,1.5087115234139183,1,1.0475471526827818,1,2,1,0.49860201143091704,0,1.016825114214583,0,0
666,-0.11683773241236795,0,1.6427303327930383,1,0.40607731091184823,1,5,0,0.5236299481890724,1,1.1997087855910258,0,0
1301,0.4469885670215639,1,1.4770197476054034,1,1.1664778262924944,1,5,0,0.434515975229134,1,1.0913843311878608,0,1
801,-0.13725175145772017,1,1.6303568845066714,1,0.27226685227378955,1,4,1,0.35807698367232343,1,0.8142990026338294,0,0
100,1.031738414117184,0,1.4555248567639885,0,1.1462343139642526,3,6,1,0.5238626698523225,0,0.7795525848338797,0,0
1578,0.13694969804631868,1,1.5333937648657527,1,0.15375369547187545,3,6,1,0.4470923803520643,1,0.9108207984808865,1,0
1592,1.3982401811256422,0,1.4571190638568934,1,0.295653968563025,2,3,1,0.5586702936774878,0,1.306817316603191,1,1
2104,0.8215965522630756,0,1.4626787053664974,0,1.1712634425701274,3,1,0,0.5222581508623853,0,0.9476111772412981,0,1
83,0.2288913747863423,0,1.5318892273287559,0,0.3538220457922274,2,1,1,0.5395600685419351,0,0.703844678962241,0,1
1004,1.0137502541001062,1,1.3898498276267903,1,-0.07933659570367502,4,3,1,0.2860368277704123,1,1.104454570149677,1,0
1819,-0.20923214825005976,0,1.4998440137071767,1,0.49830354395169807,4,2,0,0.4207741705883987,0,0.8640437843721709,1,0
1857,0.4294842906946489,0,1.280208965293655,0,0.10632584028905234,1,3,0,0.5585336003231306,1,0.7985289854030028,0,0
258,0.4911900134469502,1,1.4442414691815948,0,-0.24315408118538784,1,5,1,0.4528464366816161,1,1.0249504954498672,0,1
583,0.42774866896729213,0,1.4426230523285328,0,0.6832628387315096,2,2,1,0.3456772433432248,0,1.0306051426790677,0,1
76,0.3100027534173122,0,1.4065323232488205,1,0.7410671456985891,4,5,1,0.4793217570548258,1,0.6217481660959447,0,0
1882,0.6504705449867246,1,1.5739545016475567,1,-0.273922496756978,4,3,1,0.5684472277851322,0,1.0504099662428403,1,1
414,0.6481361382532861,1,1.6244803984268736,1,0.31441436643466025,4,4,0,0.4353213493182799,1,1.048946338208392,1,0
1657,0.4968290157084274,1,1.5408565265937937,1,-0.04947683124860047,4,2,0,0.5191874650422007,0,1.1677726527334449,0,1
900,0.5247020524539784,0,1.4479487876658947,1,0.586784555501381,4,4,1,0.5465542023726451,1,0.9781089812785397,0,1
1365,1.1754932244463903,1,1.3821121071045928,1,0.3426312360832027,1,5,1,0.4294812471621513,0,1.0206348535877092,1,0
114,-0.4911680402369577,0,1.6179759939133114,0,-0.6658784331395067,4,3,0,0.4751910923161011,0,1.0179781249863478,0,0
1871,0.6697813757133977,0,1.367079679837405,0,0.021199630122220647,4,4,0,0.6118732145085156,0,1.111465265008296,1,1
1327,-0.2799469484005196,0,1.5209176582468642,0,0.5262553308698027,1,2,1,0.40864487691834056,0,1.0994165014810489,1,1
1505,0.14155971101643555,0,1.4485849195413927,0,-0.3147487478826607,2,1,0,0.5767747768947755,1,0.9279116567570392,1,0
117,0.37390158396880807,0,1.5708461003349234,1,-0.17563840553546362,3,4,1,0.41297674046524235,1,1.0488848405212914,0,1
2182,0.5050953931277843,0,1.4062257534052787,1,0.9698187238235727,1,6,1,0.37627305797702093,0,0.7913585217871347,0,1
2189,0.41525837576187286,0,1.4695855123879833,1,0.6854697871984464,3,2,1,0.45190630478525107,1,1.0929174701160789,0,0
252,0.1895611015547377,0,1.5252332187297883,1,1.1845070752682603,2,6,0,0.33253077709826295,0,1.0543328142945991,1,0
2183,0.45777484234618093,0,1.6574566666423503,0,0.12412826043837533,3,3,1,0.3817339578143795,1,0.8766294023396737,0,0
502,1.205062859070893,0,1.477235712856154,1,1.396372420681761,1,5,1,0.55389011924161,1,1.1155545959232978,1,1
1021,0.8549399976017829,0,1.3832130425429392,1,1.3144711401452132,3,4,0,0.4949375521017862,0,0.9081916821376256,1,1
1694,-0.15678134537037147,1,1.2526676541722424,0,0.27562460867283506,2,3,1,0.5653313989242752,0,0.7020605720781279,0,0
1952,0.1745597723942453,0,1.427138847494265,0,1.3441713924623553,3,6,1,0.501731096066225,1,0.7221065760519971,0,0
109,0.9425012538747908,0,1.4450895118864329,1,0.37245053625806135,2,2,0,0.6126137928026684,1,1.043187060418039,0,1
501,-0.12895121360179385,1,1.475110838657242,0,0.7524209348273521,1,2,1,0.41756517244591784,1,0.5858602384718212,0,0
478,0.606915891667238,1,1.4803374106956657,0,-0.1546097881312406,4,6,1,0.6391887187032071,0,0.9331111829000935,1,0
783,0.2744704396980867,0,1.5346255419815622,0,1.256743010931111,3,3,1,0.5101170033516449,1,1.032090723034305,0,1
881,0.6150387633629338,0,1.6384085918835087,0,0.36863966043144347,3,2,1,0.5082172456601408,1,0.8184130723341987,0,0
627,0.5125189482301236,1,1.501596224782627,0,0.958973481923723,1,6,1,0.5162472603169638,0,1.0823367194293771,0,1
999,1.088414281967311,1,1.5775812483998148,0,0.2906486633449903,4,2,1,0.46021711045351943,0,0.7776997890752709,1,1
665,0.3401878433664053,0,1.4843712669600768,0,0.728341433883316,1,6,0,0.32374099404471773,0,0.8816577034155506,0,0
1554,0.7292022050335007,0,1.392668649381829,0,1.1458193340500875,1,6,1,0.5387009229654394,0,1.1344008966786236,1,0
160,0.48436778679229286,1,1.644439971692036,1,-0.2209415876030577,4,6,0,0.42154635770129867,0,1.0020829010652397,0,1
343,0.4021420556991358,1,1.513773211893487,1,1.0601819442575664,2,2,1,0.581772540884543,1,0.9212654928071895,0,0
345,0.6413871631117297,0,1.5372649316327425,0,1.3435298726709815,2,6,1,0.6075619390227015,1,0.7628899803377972,1,1
584,-0.07920685542619399,1,1.4652495326039248,1,0.5231719603840002,2,6,0,0.4634253461119365,0,0.8044102641385422,1,0
414,0.7729980822686375,0,1.4653277173500026,1,0.9822922711241378,3,4,0,0.20476420341479262,0,0.8787689290114478,1,1
451,0.6563446579799646,0,1.5647200461271489,1,0.4368123240387977,1,4,1,0.39100841381953033,0,0.849071948006627,1,0
827,0.24918696094087978,1,1.4488695836389085,1,0.609778834292492,4,6,1,0.49435019493961135,0,0.5669930616404241,0,1
2366,0.8679093952098718,1,1.4926766475434032,1,0.3684854972801489,4,3,1,0.33369611471990274,1,1.0324853058677408,1,1
362,0.933250383508238,0,1.574706950613958,1,0.6993740970707343,3,2,1,0.4934496726499694,0,1.2669479105363943,0,0
1859,0.9786885188680015,1,1.4965427946597216,1,0.8733285065676795,4,2,0,0.41727234652636874,0,1.0141462117743139,0,1
388,0.3750720022161906,0,1.76211952225164,0,0.9641427531309525,1,6,1,0.46608946660654693,1,0.9430004510176018,0,0
2245,0.9958430851988842,0,1.5395795495679392,0,0.5151751332990046,2,2,1,0.43781522763510583,0,0.9623574540870541,0,1
1477,0.8213459704090551,0,1.5954261604408064,1,0.8394807156694771,3,5,0,0.46775064382025683,0,1.193155535824153,0,0
1431,0.8527644195638782,0,1.4249252352127078,0,0.22408994472613725,2,6,0,0.3643990106906081,1,0.7962468416905549,1,1
50,0.843392468517461,1,1.3739512183753761,0,0.5061790996650775,2,6,0,0.5137881875955139,0,1.0273273902231481,0,1
1633,-0.27707937730948207,0,1.623345479437178,0,0.35197208159291415,3,4,0,0.37465151489249715,0,0.9551875473361408,1,1
200,0.6357432581082914,0,1.4990982196528897,1,0.43763807984061937,4,3,0,0.5386617188955249,0,1.2634202085114778,1,1
1642,0.5273617215574701,0,1.6110707814804555,1,0.580586661305017,2,4,0,0.46867096790979196,1,0.7046744329499858,1,1
1119,0.27790795851729533,1,1.6414006657473976,0,0.7897489399201552,1,4,0,0.42666863118879433,0,0.8081698517141023,0,1
992,0.39917150815207836,0,1.4189894487744277,0,0.35671011004056813,4,2,1,0.48303973139465917,1,0.680695688603249,1,1
828,0.012269288137546963,0,1.6049302294711443,1,0.1710883176473142,1,3,0,0.5590486462304476,0,1.290782476238678,0,1
1885,0.24982643949889743,1,1.5910424874735292,1,0.5934181871347398,4,6,1,0.49536687511976374,0,0.7240522660564718,1,0
1027,0.9302337036219889,1,1.5979312824663783,0,0.7470597539973749,3,3,1,0.31970963212736936,1,1.0302792555225104,1,1
567,0.7496928758653087,1,1.6055632126679582,1,0.5269035138381774,3,3,0,0.3563823026956636,1,0.9719187975406441,0,0
646,0.9896764392283683,0,1.451691028957853,0,0.37231640552189443,3,2,1,0.3521014725846511,1,0.9693076293933344,0,1
2051,0.17416090173821486,1,1.3557641482333818,0,0.94189391002718,2,4,0,0.6047235614511228,1,0.9736633523162405,0,0
1570,1.3034174446326996,1,1.5119326717969854,0,0.5086724804883777,2,3,0,0.5134644357122483,0,1.0085020423665179,1,0
826,1.378019447710014,1,1.4523153293745463,0,0.23651834640865266,1,4,0,0.48301000827022955,0,1.1116181070196391,1,1
1334,0.6782048447090773,0,1.5390269642973857,1,1.0028293464542009,1,4,1,0.48001111313455397,1,1.0910863849586754,1,1
1997,0.9609379325532847,0,1.32019820319123,0,0.8011131161434907,4,3,1,0.4294871508742609,0,1.0392315630551505,1,1
1085,0.8551224096300991,0,1.4588506392256253,0,0.21271470731539166,2,6,0,0.47780212223039414,0,0.9808403761525021,1,0
1399,0.419408169659667,1,1.4741708111867713,0,0.6069520244944044,1,1,0,0.44429496694797993,0,1.1478826701269325,1,0
1316,0.8591674529341948,0,1.3952166248980649,0,-0.21421623416368518,4,2,1,0.46137917191249106,1,1.2962921270617103,1,0
1229,0.281536497382146,1,1.5653483382992037,0,0.975539667689558,3,2,0,0.5881401959531412,1,0.8013953646018459,1,0
2287,0.4685306345056372,1,1.5857994609249773,0,-0.03747861955340692,3,2,1,0.4712764152542355,0,0.8322566984392357,1,0
646,0.568764021428309,0,1.4411166320415665,1,0.6119366836100533,2,6,0,0.5306148831750964,0,0.9202232088357524,0,1
2122,-0.06447153967089547,0,1.5081484912106002,1,0.28116600087637716,1,5,1,0.6248368738137494,0,1.1775254811230464,1,1
2151,0.05208276348703983,0,1.6541667133302298,1,0.6340447727989423,4,5,0,0.467983775756818,1,0.723820508241158,0,0
373,0.7194013910784653,1,1.5053841076045833,0,0.5065628369904364,2,5,0,0.3657983953614915,0,1.1854412164875217,0,0
2015,0.6364417536158461,1,1.5505168980572244,1,1.0756127131125666,4,3,0,0.37494762034383783,0,0.5857325513151365,0,0
689,-0.5457865663742745,0,1.6255011063148728,0,0.15523473364077867,4,5,0,0.5694091623258043,1,0.9199885420781823,0,1
1696,0.32485489937015993,0,1.52942920881662,1,1.249130696685933,4,6,1,0.48765653960309846,1,0.9271725909847637,0,1
817,0.2596704611603403,0,1.5219951204182764,0,0.29307627028872635,2,1,1,0.47589279653367333,1,0.7804505492441628,0,0
1550,0.12569076449388733,0,1.5410345842143833,1,0.27280413050737085,2,4,0,0.47319114896038456,0,0.8322838026083872,1,1
662,0.7159806238985633,0,1.4980854857473287,0,0.4789214294767784,4,1,0,0.585879628913824,1,0.9603684928529928,1,0
2095,0.4810099262331829,1,1.4264203812878185,1,-0.18473546706732125,2,5,1,0.3880323937434966,1,0.8798164233086172,1,0
19,0.9216753247360154,0,1.3814620931916235,1,0.04435974358146977,1,4,1,0.3604650008222003,0,0.8729835635874381,0,0
383,0.41796972635302254,0,1.3331191243581344,0,0.0373082824941105,4,4,0,0.43338517140196875,1,1.1711538729986306,0,1
2363,1.0258360815065743,0,1.1581019638336474,0,0.45037500272172726,1,3,1,0.31573199168974964,0,0.7618155152974369,0,0
351,0.25015247553055253,0,1.4962859912253745,1,1.2187055289416189,4,2,1,0.43057108102033836,1,0.9510107652694557,0,1
1613,0.5013605017313489,0,1.5081746655625734,1,1.0819572359301346,1,4,0,0.48949030744094624,1,0.9539806822735566,0,1
1014,0.7104850846075813,0,1.6067346828309108,0,0.5826751713478213,4,3,0,0.4873763103850982,1,1.1770114358458108,0,1
239,0.5343255720645278,1,1.4819026570975529,0,-0.1032024962922582,4,5,0,0.37677737375551135,1,0.9827546045591621,0,0
1798,0.12248423636522315,1,1.5307388540945563,1,0.0823522135547134,3,1,1,0.47345430915658204,0,1.0896635495229499,0,1
1876,0.5516286981549494,0,1.5433605485418875,1,0.5349982295014546,3,4,0,0.4307988080988406,1,0.7409645257103608,0,1
370,0.541899063087815,1,1.4218313970614136,0,0.977483883395173,4,4,0,0.4829769371004966,0,0.4721102070508599,1,1
2200,0.8321840917698382,1,1.5806631569665823,0,0.25391874040355084,2,1,0,0.50503291931205,1,0.8794923669901098,0,1
1303,1.3916594225896626,0,1.5017965705103546,0,0.900873477832266,1,5,1,0.4738562883897436,0,0.9386226290007426,0,0
679,0.5481183873213614,0,1.5487737259176932,1,0.794152560073651,3,6,0,0.41563728156845287,0,0.7976364116826452,0,1
1668,1.3723316026389754,0,1.4356683810423236,0,0.7100278036646532,2,6,1,0.42029997329805086,0,0.7884338686424959,0,1
370,0.25240642294533366,0,1.542274019196233,1,1.1173510457998266,1,3,1,0.5152762896710958,0,1.0484395118582512,1,1
93,0.9151262188766318,0,1.4601615776301982,0,0.37824499437203707,2,2,1,0.3301962958161687,0,1.0650513235346126,1,1
535,0.18891958828155586,1,1.5818522987512795,0,0.5279390327748723,1,3,1,0.3838002553285109,1,1.2158524765909,0,0
1824,0.5642699757328835,0,1.4937553871907026,1,0.5977026009932929,4,6,1,0.3814267566823015,0,0.9981275214230549,0,1
1653,0.8711365751375304,1,1.5769169886720966,1,1.416356324642312,4,2,1,0.5029380015649287,1,1.2084628297987086,0,1
575,0.13636976762953879,1,1.6967939731705315,0,-0.049467149428509716,3,2,0,0.4958448471436339,0,1.0924725418139454,1,1
2214,0.4683648364730601,0,1.4870080208887078,0,0.4348978236074633,4,6,1,0.4034856891680036,1,1.0182415256804733,0,1
1086,0.9728981412924378,1,1.573970601464042,0,0.5844072265658922,2,2,0,0.4667960190889842,1,0.5790754597163047,1,1
1622,0.091595630338341,1,1.4199035456481823,0,0.5427434327256809,2,4,0,0.6316503524749482,0,1.4814280108528592,1,1
304,0.4256985189729693,1,1.353586321632138,1,0.17711430243414872,4,2,1,0.36805794853311763,0,0.9303343712841375,0,1
1942,0.9356412181132032,1,1.4369576257615302,0,1.0802496554982781,1,5,0,0.37207168320036776,0,1.0843377669025946,0,1
249,0.9894394180962051,0,1.6077818831867687,0,0.4024190523779663,1,3,0,0.4010772675344326,0,0.8704674514362649,0,1
115,0.9913341560864715,1,1.6738834405220069,1,0.591162098925368,1,5,0,0.30586102383459246,1,1.0339605042946847,0,1
1634,0.224731625962303,1,1.5394542767502555,1,0.22213618686172293,3,5,1,0.6231593477445332,0,1.038504527820141,1,0
744,0.47372923462386773,1,1.372004398539589,1,0.4858772602374983,2,1,0,0.6386900513803714,1,0.8408498016532454,0,0
419,0.7529801978767338,0,1.606775586796092,1,0.7818397364536183,4,4,1,0.31516758829995983,0,0.9824886728869758,1,0
934,0.3420518415999654,1,1.5594890580970768,0,-0.33428223650758926,1,1,1,0.5323773488805977,0,0.9875729995657102,1,0
1844,0.46441258201371066,0,1.64042233761174,0,-0.11604830486555251,1,4,0,0.3932776876563072,0,0.7670974567499689,1,1
683,0.10935472076692615,1,1.5093530413859533,0,0.030607785894495865,1,3,1,0.5251766043890231,0,1.0760910234930166,1,1
1969,0.4250068725955615,1,1.5226370894496346,1,0.5343241300301547,4,5,1,0.45612754623043283,1,1.063780437797761,1,0
1635,0.3253397071727693,0,1.532576177020595,1,-0.12643339882892402,1,2,1,0.3655330683148993,1,0.6534612795110271,0,1
298,0.7917562237935484,1,1.4627828432079104,1,0.4771694196530009,1,6,0,0.5245225690002362,1,0.90489980040925,1,1
1059,0.8959495715691872,1,1.627434784502721,1,0.6964361893739245,4,3,0,0.6356618544585091,0,0.8615887520253138,0,0
901,0.008563093133504396,0,1.5522991092251215,0,-0.1336858595970496,1,3,0,0.5623016911347483,1,0.9268214349329545,0,1
235,0.3178915925844122,1,1.446051745412864,1,0.1127599000861535,3,2,0,0.49801939598947736,1,1.0421104555978078,1,1
1890,0.16475164379776475,0,1.5352828029663967,1,-0.20968931391648316,3,6,1,0.605544924538559,1,0.7816683381045711,0,0
1692,0.6182595282518119,1,1.3083393011380666,1,0.4365721582706107,2,4,1,0.49063038595007036,0,1.1995077299890575,0,1
1715,0.17122717940232496,0,1.4751679350182982,0,0.3751080413706054,3,3,1,0.4916124045128006,1,1.0414241153819537,1,0
2285,0.25422944046962215,0,1.6358350024379609,1,0.5091454515763223,4,4,1,0.4165041848371775,0,0.6394769370783134,1,1
339,0.8813354370583031,1,1.5607283893499053,1,0.9389019207385509,2,1,0,0.47152474556655316,1,1.0156288280584467,1,0
521,0.6539223241533564,0,1.5254484018642929,1,-0.19172652853592131,3,2,0,0.5098514788728522,1,1.1021672762658852,1,0
965,0.9787602522057599,0,1.53692891237132,0,0.2393728020453198,3,5,1,0.46326062406657326,0,1.0288995896245834,1,1
2366,0.5755526830166694,1,1.6636027255726047,1,0.10225618642916479,1,5,0,0.4075693996291925,1,1.1122549705621743,0,1
424,0.13936496494698236,0,1.5426185744358634,1,0.13302307499268506,1,4,0,0.5197955581704796,1,1.0883385410032242,0,0
1259,0.13338056280946353,0,1.482718062086479,0,0.7784401510484082,4,4,1,0.4540721348826892,1,1.0728471583398558,1,1
675,0.2599877036222042,1,1.484025586817308,0,0.7095953691321665,2,1,1,0.5940225826521012,1,1.1152852903151,0,0
558,0.2036418592838642,1,1.4714574167233057,0,1.466302035178834,3,6,0,0.5918135460861879,0,0.9465928808654637,1,0
1697,0.6237683655962396,0,1.5806619463120073,1,1.1766686120414505,2,2,0,0.5653914704577068,1,0.9673706960746323,1,0
861,0.614512043946394,0,1.670516795877234,1,0.030433811091468643,3,4,0,0.554607043799977,0,1.2297029153751717,1,0
1516,0.7593713816643681,1,1.4763860076434734,0,-0.5547016467334276,4,3,0,0.49166675023739664,0,0.9449681157800638,0,0
132,1.4217057608431989,0,1.389424140120239,0,0.929828743542102,1,6,1,0.3901730011837417,1,1.0779623344051967,1,0
1152,0.26620968432397263,0,1.5843220176019543,1,0.510365046342087,3,1,1,0.4800918907967007,1,1.214065421379907,0,1
159,0.6185250863389247,1,1.744431192152853,0,1.4874270282974975,4,6,1,0.6051962903263872,1,0.8744603978551088,0,1
1561,-0.015564153157168525,1,1.478611709239531,0,1.1946367403176912,4,1,1,0.37293935576347126,1,0.9128227127335972,0,0
251,0.8915424234272518,1,1.5991948391469146,1,0.6612492822240433,1,5,1,0.6119605008614735,1,1.0015538663180164,0,0
1009,0.3579339396440314,1,1.4800714001944062,1,1.2912524172580973,3,5,0,0.45955623865412915,0,1.0321614932165242,1,0
1210,0.09057970194424214,1,1.4456149005867425,1,1.3620494371986034,4,1,1,0.41815384100887726,0,1.037624199775032,0,1
1598,0.5671995872841334,0,1.514241784291332,1,0.5700415500011589,3,1,0,0.3668335777634926,0,1.32734384589965,1,0
758,0.8537114179140708,1,1.5789948915911607,1,-0.11224914786964446,3,6,1,0.36320964920765275,1,1.2278722524693262,1,0
481,0.21296871511448784,0,1.4923208109221315,1,0.7850884353879968,4,6,1,0.4119090727498045,1,1.1329278774184992,1,0
75,0.9006169277827872,0,1.4430371869312983,0,0.07793726564679793,4,4,0,0.5132426438412959,1,1.4309218679260471,1,1
1517,0.6556830421569602,0,1.5415138388657479,1,1.1603694812479004,2,2,1,0.5061771797777678,1,0.9047688706482557,0,0
1933,0.43530992858383644,1,1.4154140403453885,0,0.1479623769202028,4,2,1,0.5072294821721739,0,0.956866853561358,1,1
2023,0.6152708065174597,0,1.4122680555226481,1,0.30275764507774466,2,6,1,0.47150124753216693,0,0.9785380568834045,0,0
585,-0.04016363805237266,0,1.6407118472273525,0,1.2159476303091412,3,1,1,0.3855373840988049,0,0.9353531102935234,0,1
1884,0.2432931804066616,0,1.612970390602046,1,-0.3880435986007177,4,5,0,0.26736246020319265,0,0.9789262659939858,1,1
2117,0.7337656204628047,1,1.4252610873156768,0,0.8146183654897725,1,6,0,0.5007319386434806,0,0.9954983694075497,0,0
1589,0.21461446141660595,1,1.464891272213287,0,0.15814165832945776,2,6,1,0.39399666649024695,1,0.8694964996791991,0,1
1416,0.5069379875103839,1,1.6021946913060012,1,0.45963574886602926,3,5,1,0.3863505617069485,0,0.7364278717115772,0,1
1363,0.4788027983596877,0,1.4483027515265976,1,0.053192964969164924,3,4,1,0.42291201088173197,0,0.9037396635079812,1,0
2375,-0.11020640928295333,0,1.5447431002512186,0,0.5297581395069503,3,1,1,0.5921505583182286,0,0.8600701618291078,0,0
2275,0.5590118299191169,1,1.541189369047063,0,0.547166227907772,2,3,1,0.5350273001817495,1,1.0133372442259676,1,1
2221,0.13129720578980147,1,1.4072128824220211,0,0.2438656022775464,1,5,1,0.49492741738428875,0,1.10961262126036,1,0
1842,0.17533254823778288,0,1.6356520158477221,0,0.9359240047968742,4,2,0,0.6123424580214231,1,0.9016110044999038,1,1
2310,0.6692270244457743,1,1.589871007949331,1,0.7169281329754751,2,2,0,0.4491320475972488,0,0.8863473011947407,1,1
19,-0.5002458875576876,1,1.476123610273324,1,0.6202440983379682,4,2,1,0.36412489338043547,0,1.1833325525782599,1,1
1403,0.9051944384931576,1,1.5193473687598853,0,-0.2103757477466628,4,2,0,0.5346512663112047,1,0.9694013759104912,1,0
1445,0.36264400352688253,1,1.5851871168573946,1,0.5178961818716578,2,1,1,0.4599103994648531,0,1.31547575407926,0,1
1716,0.7149693003513815,1,1.548869286540846,1,0.020651295439414408,4,3,0,0.49688026633541826,0,1.0075966190679542,1,1
1865,0.8165951953329538,1,1.3768988797311674,1,0.8352058080357629,4,6,0,0.4178916259127743,0,0.9974709309782523,1,1
849,1.3139352762749705,1,1.5585517622272036,1,-0.48217097595051694,4,1,0,0.4521300898932558,0,0.9842570034485657,0,0
220,0.9829158293849446,1,1.6320801853100928,0,0.2732944938736496,3,4,0,0.5049510783524515,1,0.9194103532874897,1,0
1300,0.38709817136000446,0,1.5428369092241736,1,0.3879513590906112,1,3,0,0.6474260530636706,1,0.8913635552929772,1,0
1782,-0.2780089931932388,0,1.4888404543919638,1,0.20136071928292298,1,4,1,0.492505058277311,1,0.9720544621889148,0,1
2329,0.5473126746704171,0,1.4414216458926852,0,0.20693917008374146,3,4,1,0.36073514724599187,1,0.835449776424297,0,0
1085,0.296570053271485,1,1.5380082440738962,0,0.21186922356992988,1,2,0,0.5670210114098745,1,0.8970645966743299,1,0
2037,0.06484695018206532,1,1.588979173382181,0,0.618256550847758,3,6,1,0.2536038160458056,0,0.8869429649756095,1,0
107,-0.03404139137553852,1,1.5639862781010634,1,0.27513838384297684,3,1,0,0.488082166089559,0,0.9715444368838193,0,0
1898,0.12502829443025143,0,1.2358226782081696,1,0.3106066848885065,4,5,0,0.43242107604662017,1,1.0510753840223686,0,0
877,-0.13648931992276625,1,1.2113576885558306,0,1.0823142148801792,2,3,1,0.5409579225180304,1,1.1342794126132962,0,1
153,-0.6106854919387625,1,1.4884449950104732,1,-0.2238491069320926,3,4,0,0.37512532148907496,0,0.8033487418642281,1,1
1099,0.376863519260557,1,1.4841832024645825,1,1.3154670005804299,4,2,1,0.5163412804931053,0,0.8292032984194927,0,0
759,0.2973262702819047,0,1.423742296376668,0,0.5566233414192732,1,2,0,0.4357953932194975,0,0.9684365239870523,0,1
19,0.2029879985505828,1,1.561697558446014,0,0.2941665112347165,2,1,0,0.7167690363237375,0,0.9226465492962449,0,1
1197,0.8432279829818377,0,1.480479464078253,1,0.41666975188080135,3,4,1,0.4482467629961023,0,0.964473991051934,1,0
1084,0.5309059581533353,1,1.6823548290043875,0,0.5579905335390276,3,5,0,0.554248907165385,1,0.9729051312867887,1,1
364,0.828291184741359,0,1.5426925785431158,1,0.8014238912521721,4,1,1,0.5835020892044703,0,0.9908827040508257,1,0
558,1.163001955743192,1,1.5894190289898347,0,1.2956632257677416,3,5,0,0.5052313759024355,0,1.0416470121209802,1,0
49,0.6535280750492791,1,1.5051474253712385,1,-0.26054227584019407,1,5,1,0.5169524183857718,0,0.976965635461673,1,1
2168,0.31941664457702873,0,1.590995045367065,1,-0.06789122644677126,4,3,1,0.45921299232201623,1,0.7621035107664194,1,1
1583,0.5561400646761686,1,1.3887342606012854,1,0.5595967213258563,4,4,0,0.6199812825263036,0,1.0718698451979933,0,0
2080,1.0481986086913628,0,1.5905498246699405,1,0.8143728962528717,2,1,1,0.4489707250432561,0,0.9070333953358929,0,1
675,0.5365652926419047,1,1.4908013010355006,0,0.5783893660890899,1,1,0,0.36154273776428975,1,0.8609002131894135,1,1
1655,0.8326467103591577,0,1.572898999864702,1,1.0743311738413388,1,1,1,0.5388050750544933,1,1.134603278873165,1,0
1260,1.0078805230570957,1,1.4390577141085463,1,0.9571341480870056,4,4,0,0.45580831357156343,1,0.8001061375020195,1,1
742,1.2110798984725393,0,1.3666812941628226,0,0.06162056115405751,2,2,1,0.4384712455531338,0,0.7930521003703223,1,1
12,0.5885252084118608,0,1.6891268338793919,1,-0.21275718534941268,1,3,0,0.3058723277864168,0,1.006025747769914,0,0
1496,0.15261009595823655,0,1.4126918194585993,1,0.08590182866197194,3,2,1,0.32207281806014165,1,0.8544809820583347,1,0
456,0.25593877427168465,1,1.5031992389878672,0,1.4214042199631431,2,5,0,0.6175682817063534,0,0.8486868239999305,0,0
866,0.42681583589812766,0,1.313805951129725,0,0.12446267096822189,1,5,0,0.3702287336240625,1,1.1506147462332665,0,1
438,0.6311765389130588,0,1.585809322273347,0,0.1499692307539353,2,2,1,0.4668961866240361,0,0.9968714830850942,1,0
1570,0.9667048308560884,1,1.4756637315132284,1,1.2840336793147142,1,1,0,0.48577781516559293,0,0.9306106635436745,1,0
1196,0.6580453901300731,0,1.4377364546551183,0,-0.22251644055127662,4,5,0,0.5948768549703146,1,1.3579930418772208,0,1
206,0.07715097778792518,0,1.5252078518726329,0,0.6678525147395888,4,5,0,0.4211687585498813,1,0.6735166323852975,0,1
1618,0.5755491480860836,1,1.4223487929909395,1,0.056288671072414254,4,6,1,0.5040383404655866,0,0.7719907937046006,1,0
1435,-0.036768049519296575,1,1.5576269418961588,1,0.5259240671412547,3,2,1,0.41175274962080277,1,0.7111523478442254,1,1
434,0.3404430900771097,0,1.636071480900012,1,0.8584375480105895,1,6,0,0.5466809209788938,0,1.1931462061094347,0,1
214,0.08728552486245839,1,1.608638850302309,1,1.2252043606175995,2,1,0,0.37376297431739924,1,1.0773555680330442,1,1
1871,0.7035356392946417,1,1.5322738376117284,0,1.080813873658496,4,6,1,0.5095882247689009,0,0.9391014081305648,0,0
1951,0.36063877157159085,1,1.5087263293362265,1,1.2337104714070144,2,4,0,0.5186471631802194,1,0.9048209740837733,1,0
245,0.4214201334413323,1,1.3883919344341484,0,0.5672184644592306,4,6,0,0.5607800348072493,1,0.8466275896006838,0,0
1655,-0.18694128651014974,0,1.3195496881401596,0,1.7161182862488447,2,2,0,0.4914867275983914,0,0.9233391816885894,0,1
1455,1.108899273956664,1,1.4594501978752714,1,0.5277150784298911,2,5,0,0.6183781390515637,0,1.176849410604555,1,1
1193,0.393021762467318,0,1.3833928003090152,1,-0.08907858450029893,2,5,0,0.4251890070652695,0,0.8636897327953844,0,0
1355,0.35903554765563683,1,1.4697639641845532,1,0.48139885633663704,3,6,0,0.4688761193146843,1,1.1414127305441244,1,0
195,0.9335798483969915,1,1.4869979437708727,1,-0.09386390464771743,2,6,1,0.3889111303367367,0,0.632470134906338,0,1
513,0.3137233645051236,1,1.4124621981203695,0,0.017232672243035374,1,3,1,0.3491859864558391,0,0.8007993302253691,0,0
340,0.7595304835068403,0,1.578090168075185,0,0.7630635821302572,2,6,1,0.3053465205574428,0,1.0634822644978548,1,1
1040,0.4235984140389297,0,1.4619394332665623,0,0.6918245629915684,4,3,0,0.4901927034821145,0,1.1306759830851663,1,1
1818,0.5541769965567308,1,1.6277678711552324,0,0.46488589925354307,3,5,1,0.5428525364399593,0,0.8535117610131657,0,0
1225,0.9629523766947066,1,1.3049883706076604,1,-0.15456928080041066,1,3,0,0.5416626735381613,0,1.2674898166416044,1,0
333,0.5886867048208161,0,1.5525102391077477,1,0.06052119235459946,2,6,1,0.44434416102539115,0,1.0336307919832415,0,0
1120,-0.14275094784167952,0,1.3799364809875054,1,-0.5006706042858904,2,4,0,0.5646119580153217,0,0.9282029468182403,0,0
48,-0.3263359468860605,1,1.514961112846017,1,0.40590112186385513,3,5,0,0.49133048131640833,1,0.9448489310201039,0,0
638,0.8590065300754754,1,1.705755600233401,1,0.49667586601777386,4,4,1,0.3846542616550803,0,0.9127765337425344,0,0
251,0.7780690072009386,0,1.4881159021211858,1,1.1639930092838324,3,2,0,0.4844540687756822,1,1.0955484242702542,0,0
1666,0.4836096856548031,1,1.4845232303079594,1,0.6804326082396025,3,4,0,0.47020471919061546,1,0.7756412150674818,1,0
1040,-0.3476907122099867,1,1.5444579831716716,0,0.8219682850343333,3,5,0,0.356633917519803,1,1.0504658659124437,1,0
1021,1.5210459072487537,1,1.2764455660995302,1,-0.7821182179259505,3,2,1,0.5780755935990256,1,0.9950867701890118,1,0
1136,0.4382811123182867,1,1.5140578033103205,1,0.3193764147100927,2,1,1,0.38759533162158927,0,1.1161404027190964,0,0
1354,0.13371534040847394,0,1.483560439432895,0,1.347562354231988,4,1,0,0.42674135638251004,1,0.9592675304514753,0,0
2279,-0.36901306852515237,1,1.4161295904188465,0,-0.07693091477520231,2,2,1,0.5236003665207258,0,0.8656696538075576,1,1
284,0.863016349782451,1,1.5210840137081783,0,0.8176732225166619,3,4,0,0.4009275085535192,0,0.9756648578130767,0,1
368,0.5489814798689161,1,1.4364411228123304,0,0.09101576963244562,2,2,1,0.46566066915810783,0,0.5768916194931456,1,1
1739,0.056247793784942324,0,1.379288608442633,1,1.303931184140148,2,1,0,0.5851527342226227,0,0.5908777660382013,0,1
1332,1.1809813760107988,0,1.52757995819111,0,0.43804521942451174,2,5,1,0.4725566627266749,1,0.7344156537558887,1,1
2124,1.2652314315421065,0,1.4627524297187569,1,-0.2922527509334151,2,3,1,0.5795218416500447,1,1.0896963790298282,1,1
1869,0.5715751632193087,0,1.4561618827748075,0,0.8773910907894218,4,6,0,0.4173311099867564,1,1.0101099043761843,0,1
1137,0.9535739574241111,1,1.300065029597163,0,0.18138992891752037,1,6,1,0.5436920591961656,0,0.9869818513814268,1,1
2337,0.5403548457154449,0,1.558265705888638,0,0.34120760263705474,2,6,1,0.39201856305016525,0,0.9256374443385119,0,1
677,0.18341875104112543,1,1.6048980048215258,1,1.0201379302170244,3,6,1,0.45406985476902323,0,1.0749170814666216,0,1
728,-0.09676094304588667,0,1.6424966484274066,1,0.022054145400178082,4,1,0,0.448614243453792,0,1.1051005657511006,0,1
2071,1.0167874727150963,0,1.4382178611345653,0,0.1268803694652591,2,2,1,0.515884836142201,0,0.7701959564081043,1,1
2121,0.49310288638200833,1,1.470486869004692,1,0.06440921537523103,3,6,0,0.5267180225409054,0,1.1504726986987832,1,1
965,-0.30770303280500655,0,1.496792526143015,1,-0.21745125523296482,3,6,0,0.5657485043690557,1,0.9856432148021671,1,1
668,0.658025859228989,1,1.4113476403184115,1,-0.10044021981498819,1,4,0,0.3105585500511383,0,1.067865014473422,1,0
415,0.17883430056647381,0,1.5037134556165521,1,0.8124876231899747,2,3,1,0.5080617696508819,1,1.1080581824445253,0,1
720,0.13891749702270684,0,1.5486758495653652,1,0.02060760561581526,3,1,0,0.4257855193563924,1,1.2949059993641816,0,0
1956,0.4969853811250625,1,1.4848997152252885,0,0.6146711303046319,4,4,0,0.5391796428546999,1,1.0322744859446542,0,0
1498,0.21138162136266303,0,1.4110324503868417,0,0.9574620552069104,2,2,1,0.45338194831458734,0,1.0578385149806828,1,0
2253,-0.005260267217823356,1,1.5032363772424773,1,0.26849181940457334,3,1,0,0.5990241236924656,1,0.9741809900325145,0,0
741,0.4003574906873629,0,1.6115927288462113,1,0.30742784983936045,2,4,1,0.5256430228930251,0,1.0577176955941467,1,0
126,0.4005491419522345,0,1.615971525362908,0,0.6417826939390874,2,5,0,0.42247803250750887,0,0.981079080589423,0,1
455,0.6552906000575687,0,1.5800604737258725,0,0.958231747082317,1,1,1,0.4689678363455354,0,0.8580175881340648,1,0
1988,-0.09601573767381788,1,1.4393731968324082,0,0.7858101192161329,3,5,0,0.45085353383849747,1,0.848844237930223,0,0
2050,0.6940909782116396,0,1.8413554092428692,1,0.48725508835692155,3,5,1,0.5503333000623045,1,1.052058641186647,1,1
1588,0.5494852374710829,0,1.5364436484743387,1,0.8157230236838825,4,3,0,0.5373502217607505,1,1.3812050441681885,1,1
617,0.7080865365705018,0,1.3622499475712337,0,0.41453685017947445,4,5,0,0.3325575904353787,0,1.2016291377435224,1,0
427,0.6058343911580221,1,1.4276324550127018,0,0.5441747596040963,1,3,0,0.49976892311127263,1,0.637920972402495,0,1
2207,0.6283230660612034,0,1.4812099148857776,0,0.6670291091153138,4,5,1,0.5874766594329217,0,0.5664497194422482,1,1
810,0.3260463661249007,1,1.5304509634624952,0,0.0727199732443598,2,1,1,0.44771827509309137,1,1.1363373827805405,0,0
1960,0.8823540793791725,0,1.5264829583262527,0,-0.01819439113427379,1,5,1,0.5542688027466701,1,0.6901482275481107,1,0
1393,0.15126828507510326,0,1.3938818141564564,0,0.3661661392746173,4,4,1,0.44264820162805,1,0.9021776136171472,1,1
1629,0.9501410865379897,0,1.5580775382994487,1,0.08919118294434497,3,2,0,0.5817073930130633,0,0.9605088030996172,1,1
1291,0.9171599835794,1,1.7156562914485858,0,-0.04015375918523367,1,5,0,0.5025109612274774,0,0.9713363247494755,1,0
1191,0.4696579005423533,1,1.432180549490337,1,0.8960957251514593,1,1,1,0.44729975048077825,0,0.8991558682136155,0,0
1885,0.7772138502380925,0,1.4053285516268148,0,0.8341141200373581,3,1,0,0.34503167590254175,1,0.8272109912498268,1,1
760,0.983836703514243,1,1.488108963206013,1,0.41951381801625576,2,1,0,0.5356454971302657,0,1.0845056480618478,0,1
2204,0.35404549202520874,0,1.4473779329901542,1,0.6998251366237738,2,2,0,0.5624718174593588,1,0.9459509688092306,1,0
251,0.6650591144664693,0,1.5044373993597968,0,1.4529655322418784,2,1,1,0.3700797752111539,0,1.039305154534237,0,0
1929,0.8708481545349905,1,1.4079434434207125,0,0.13499148546273415,3,2,0,0.6929550266538201,0,1.0275287766715304,1,1
129,0.36963226567141894,0,1.5387931210877397,1,0.5882681599569077,3,1,0,0.5128246396632855,0,0.7916936306156401,0,1
1247,1.166230659474147,0,1.6152082903888165,0,-0.3182483392003238,3,6,0,0.5173418262046894,0,1.100399879756928,0,0
678,0.7505546151873552,1,1.5494057832974328,0,0.9581428940121963,2,4,0,0.4435318931995599,0,1.27142195024361,0,0
550,0.0782092173706142,0,1.4882260976236945,0,0.5184239024929497,3,4,0,0.4843248280693923,0,0.9196433159351828,0,1
81,0.2931666588359505,0,1.4338399462575944,0,0.4950507818391431,3,6,0,0.424499791136372,1,1.1441281537097605,1,1
1727,0.5031328739878723,0,1.503745811104416,0,0.9747075012609685,2,2,0,0.3392170983364198,1,0.7993022534878603,1,0
178,1.1873103105917182,1,1.4248647778467434,1,1.2060530267920497,4,2,1,0.5985376660498872,1,0.9515854533856766,1,1
2342,0.8607440820906996,1,1.3591894085685137,1,1.2036341898498013,3,1,0,0.4592030748512235,1,0.9947906896303642,1,0
1997,0.39728439311585406,0,1.4832968391642325,1,1.0354350809247517,4,5,0,0.47587191694708286,0,1.1940067569562705,0,0
384,1.0326486016594068,0,1.5809433993549338,1,0.18865485620486966,2,2,1,0.4104288455210836,0,0.9226105248679802,1,0
571,0.8674571955048964,1,1.426784948532314,1,0.14235094315402586,3,3,0,0.45545644156673337,1,1.162299749935867,0,0
1044,0.3924757327219438,1,1.5601480530470078,0,0.4375844338915193,3,2,0,0.3415629844672663,1,0.9044872657619462,0,0
1820,1.1082179157737595,0,1.5185317212249696,0,0.5955602223873414,1,3,1,0.5282112784334521,0,0.9220515274872307,1,0
2114,0.6227350294296451,1,1.4703572814505126,1,0.643406151758442,2,2,0,0.586543122201447,1,1.154910382167826,0,0
453,0.721652347795841,1,1.5101900963164019,0,0.4621492038851619,2,1,0,0.4325106884075032,0,1.2439333911121575,1,1
638,0.7713070507992057,1,1.5059899255127869,1,0.4113358063385038,4,2,1,0.5853682640504562,1,1.3824238766080037,1,0
2317,0.4727066567108028,1,1.5301014878383552,1,0.9590731959151294,4,5,1,0.4541686631856861,1,0.9450659009269687,0,0
599,0.8403810472016053,0,1.7765024326638437,1,0.9600933238496658,3,3,0,0.5467734096984795,1,1.0453992503409115,1,0
2346,0.02815926416693154,1,1.386541884420972,0,1.792053466019197,2,4,1,0.5399042619204008,0,1.154896249584128,1,1
2025,0.2491153579141842,0,1.6758589949515674,1,0.5343372315089914,4,3,0,0.47627383328102435,1,1.0941870110836098,1,0
2232,0.11348884569404366,0,1.5807280051570671,0,0.5114888411974503,2,4,0,0.554590423601962,0,0.942035898667951,0,0
526,1.3868202933897114,1,1.4611815764777056,1,1.0323981365552397,2,4,0,0.4327745106795859,1,0.6172969488530842,1,1
1647,0.028382744498775203,0,1.5969766296222148,1,0.47159086335339484,4,5,1,0.38807748143026405,0,1.0878277765689195,1,0
396,1.124660788523855,1,1.300099172593299,0,0.9433234143712669,2,2,0,0.42721704201566346,1,0.9760519585905292,0,0
163,1.179560368750523,0,1.6035451927876376,0,0.27154171560567464,4,6,1,0.6231408136909158,1,0.8505027255427194,0,0
1899,0.5424085361846307,0,1.302235551088466,0,0.7018061535376768,2,3,0,0.504427777602397,1,0.7275927063357593,0,0
1735,0.2514512206932354,1,1.4682047085204648,0,0.620134869445639,4,3,0,0.4004319447831555,1,0.9278463733888286,1,0
484,-0.6208893409067875,0,1.6736267428189517,1,0.08639466415986047,2,2,1,0.395783412127141,0,1.2550938482312786,1,0
639,-0.3108266396520376,0,1.480603884206771,1,1.691643870975058,4,6,1,0.42301472494122183,1,1.1328683842637146,0,0
2241,-0.17981634018621895,0,1.6064312075618048,0,1.0921800569743143,4,2,1,0.6128398270318794,1,0.7436686221866444,0,0
2327,0.19962658752948248,1,1.553517461808759,1,0.6008683752094609,4,2,1,0.4634745566736409,0,1.046628246436623,1,0
507,-0.07060969859518074,0,1.6161280961305824,1,-0.07743125306943033,1,3,1,0.6157584293122795,1,1.3753045796521097,1,0
942,0.5412862050316312,1,1.5233519188160343,1,0.7049917274578251,2,1,0,0.46959106449635285,1,1.3064170537785185,1,1
343,0.9533027611325171,1,1.5231089891162675,1,0.8427473075375076,2,4,0,0.34335471849714616,1,0.9912433166876498,0,1
2346,0.453843795731207,0,1.539372490246614,0,0.2618953227811574,1,6,0,0.4935178682209922,1,0.9199418255718463,1,1
519,0.11098043838564092,0,1.442291742525476,1,1.355620897327419,2,6,1,0.5749874189468441,0,0.9584852087731346,0,1
2020,0.7087697284936756,1,1.5432861593395537,1,0.017556921241096424,3,2,1,0.4194290659175571,0,1.0512832233386893,0,0
679,0.6260780649690628,0,1.3443086356202159,0,0.3330883264691804,1,5,1,0.3222367679102557,1,1.1305584319814759,0,0
49,0.5043788812081202,1,1.3804938610453628,1,1.0881959401403583,4,3,1,0.47828425581682155,0,0.8504054909988885,0,1
1340,0.8032745059677429,1,1.5123462369662843,1,0.7743680045253372,1,4,1,0.3744252432125228,1,1.093075118217151,0,1
434,0.4391495596676536,0,1.6048774309406417,0,0.8881632858397985,1,5,0,0.5956313913841847,1,0.8142809254777692,1,0
658,-0.28708406542136466,0,1.653079214938076,1,-0.31863812504956657,4,3,1,0.5145949379128946,1,1.0910095989301254,0,1
1069,1.437266349027293,0,1.6580838572123955,1,0.5316512152286281,2,1,1,0.3369791295920448,0,1.0879277436228207,0,1
2172,0.9945886583356951,1,1.5918541854885375,1,0.5406202960413651,2,4,1,0.4466414681388906,0,1.157808696697517,1,1
1571,0.6040405928608434,0,1.5117283140662123,0,0.7643248203647788,2,1,0,0.5728788411298368,0,0.7027794298444009,1,1
1665,-0.14031285537059301,1,1.6506167495566006,0,0.7865158842116926,4,5,0,0.35665943906869907,0,1.001179393138471,1,1
105,1.1915466368738703,1,1.3925764574332653,1,1.1771480201961761,1,3,1,0.3828483744833355,1,1.071361341547176,0,0
1091,0.20465717019201407,0,1.4869430777336319,1,-0.7112588822805812,4,5,1,0.46712633364991235,1,0.9403754501691154,1,1
1900,0.6926722713824717,1,1.480738283088819,1,1.4180324290166189,1,6,0,0.5365066799835047,1,0.8869014569325417,0,0
2226,0.6001797125172827,1,1.5924135995024378,1,-0.5781718908650604,1,4,0,0.5835651672042812,0,1.0356734403231533,0,1
2170,0.6430652534766008,0,1.5977329841009533,0,1.3525377573318251,1,5,1,0.4812960131025245,1,0.8942743328655881,1,0
308,1.2376977164366951,1,1.6803610255462091,0,1.116494556960864,1,3,0,0.4074878607891141,0,0.9769523989952841,0,1
165,0.12651819400118608,0,1.4192996833926532,0,1.6626162466764989,4,1,1,0.4166261672119591,1,1.050203311792412,1,1
212,0.1740087924016187,0,1.4759951334979773,1,0.5980604254246661,2,3,0,0.43153543596158184,0,1.2354836819909258,1,1
2193,1.165968911371773,1,1.5519420630766305,0,1.8677343391922532,1,2,0,0.4830439225935994,0,1.2858181037474443,0,1
208,0.8430377409728902,0,1.4164529058117283,0,0.9453915197385578,4,4,1,0.5282352129638328,0,0.8001467210136928,1,1
1151,0.053244659256339755,1,1.4248170979135628,1,0.4069743707656629,1,2,0,0.660263262163867,1,1.1187956387871534,1,1
233,0.5807205969018165,0,1.5623114187764047,0,0.20651469499520808,4,6,0,0.47432862880252574,1,0.9651050798355153,1,0
1849,0.5374933044593847,0,1.4331498164855732,1,0.6136604901565436,3,5,0,0.45693440839008503,1,1.0228493384456117,0,0
1139,0.5641103097880595,0,1.6034371071874638,1,1.116582067103705,2,2,0,0.5363515081921519,0,1.1116599883898786,1,0
333,0.32926698200772464,1,1.4397008776413112,1,0.36159351924329963,3,6,1,0.4825129838469906,1,1.0732839854752687,1,1
320,0.5939157055918203,1,1.5069924748468266,1,0.2763808394294862,2,4,0,0.49363015861730586,1,0.6156683967849914,0,1
2246,0.6779704245648666,1,1.5362632715115023,1,0.46149869261379006,1,6,0,0.5186430557946791,1,0.8482932951452118,0,0
530,0.27577079043816616,1,1.4245014851543842,0,0.6991478366062894,1,2,1,0.4118866369097404,0,0.6876451700709716,0,0
1693,0.2952595859717938,0,1.6485764446633944,1,-0.34313634021542194,4,5,1,0.5688500985058218,1,1.0268522048355344,0,1
470,0.5500110102083329,0,1.575958777460384,0,1.20290938702129,4,2,0,0.48789092437171155,0,0.7881125234997124,1,1
66,0.39750324836321654,0,1.7511402528696367,0,0.198221948937985,1,3,0,0.4404060363766876,0,0.7955300105010694,0,1
1322,1.0856738218961737,0,1.4759918624374342,0,0.8130888186890863,2,2,0,0.35094331213475194,1,1.1082869941632651,1,1
2019,0.5312099434802422,0,1.5771860986247022,0,0.4010132369064888,4,3,0,0.42156825068564374,1,0.9245347125148742,0,1
997,0.5406849880793033,0,1.3982631175964777,1,0.2728106985153111,1,2,0,0.5068278413403897,0,0.7840406236759715,0,1
1037,-0.1991481084406661,1,1.478268505522491,0,0.00025506231109373445,3,1,1,0.40303880624313715,0,0.802329993120678,0,1
1574,-0.3557515443355945,1,1.2340261676477149,1,1.5432452500740657,1,1,1,0.5371178799656267,0,0.5953884754927048,1,1
1127,0.8548775455616576,0,1.6442013936851587,0,0.5167373893431779,3,5,0,0.39246412621867444,1,0.7217339705195136,1,1
483,0.31960967634831317,0,1.5626509961154393,1,0.5540444191399629,1,2,0,0.48485440722628514,0,1.3352652713343156,0,0
14,-0.09829036569917426,1,1.471847616815315,1,0.06268795102992086,1,6,1,0.4215858506515502,0,0.8135470734116433,1,0
2254,0.20598137967661923,1,1.5694558581167632,0,0.5318335608902652,3,3,0,0.5477570691494633,1,0.9580648095391197,1,0
1769,0.853005971831537,1,1.4857444182879807,1,0.9056630602143606,3,6,0,0.4876806275378524,0,0.9921149006929493,0,1
73,0.40749944271223054,1,1.4628417073653308,1,0.703181202565037,1,3,1,0.5188303721871983,0,1.0207955984116732,1,0
1796,0.09293044628952896,1,1.6381561804479083,1,0.18114619378756375,2,1,1,0.42573423229443447,1,0.851999202717536,0,0
2205,-0.3182951137727963,1,1.4930198921088642,0,0.7468187242156692,3,3,0,0.5228644824630083,0,0.9411980864151387,0,1
247,0.5187388416506281,1,1.4540572756067525,0,1.3413514071865336,3,5,1,0.40630017767620547,1,0.9034240478528472,0,1
1575,-0.08838988537210368,0,1.6019459159223532,0,0.11734792330747668,1,5,0,0.3477673218899691,0,1.077316699404335,1,0
119,0.09792398782731804,1,1.5603991471420737,1,0.7449847183088115,4,3,0,0.4213163928898522,0,1.3284158840514877,0,1
892,0.1438125570107408,1,1.573132631348508,1,0.7120277068501859,4,5,1,0.4539328274073864,1,0.7334511468649515,1,1
1756,0.27849023155226194,0,1.5665404335449107,0,0.6173071027187277,4,4,1,0.4087094961701302,1,0.9615677453093237,0,1
1152,0.9577996913320937,0,1.499599385761944,1,0.6862494005094415,4,6,1,0.5237555055170446,1,0.9799547142992818,1,1
5,1.0216021175431296,0,1.52889320972175,0,0.11368747689549757,2,3,1,0.5045349674555989,1,1.0121170418591325,0,0
2014,0.5454998461005387,1,1.443095393388116,1,0.1802742900479009,2,2,1,0.5581153261534129,1,0.83429286162392,0,1
1116,0.15146418421768054,0,1.4280126778933275,1,0.7679051403516297,3,4,1,0.46725431972098413,0,0.8960090115349008,1,0
627,0.3799814947878407,0,1.4188560357071047,0,0.6244268137888795,2,3,0,0.45219014819636677,1,1.0983376478857783,0,0
593,0.3464219293799844,0,1.5201317745373077,1,0.08378086993781958,1,3,0,0.5082757858517738,0,1.0294565146629195,1,1
546,-0.5100431986091396,0,1.6057367908621085,1,0.37142584339568124,3,3,1,0.5952072783160559,0,1.1763305471414345,1,1
870,0.5776307851084002,0,1.414256613854543,1,0.8175551238601086,1,4,0,0.48982324650952314,0,0.9655527402573636,1,0
1317,0.003668755144573377,0,1.6832932150331272,0,1.035461158428134,2,6,1,0.4395800440764038,0,1.1560611552565907,1,0
177,-0.2903554527243196,1,1.4898307988356474,0,1.0480729002512652,2,1,0,0.5220546885563819,0,0.7525648966381522,1,0
1370,0.8448058214569649,0,1.4340621993538205,0,0.4402804787333838,4,3,0,0.544971977154738,1,0.8065602462261481,1,1
2223,0.24725372805699308,1,1.478298969522408,0,0.8972659338670945,3,1,1,0.4330276511800061,0,0.8538151462957814,0,1
2156,0.3077770899874608,0,1.5291316192259852,1,0.45971609809827124,4,1,1,0.5972676937235883,0,0.7030014736340416,1,1
1453,0.3576799395023576,0,1.6041471784134973,0,0.12458223250810285,4,6,1,0.4098933238348186,1,1.151787410375529,0,0
1614,0.07465110921368368,1,1.519111381999569,0,-0.2946190539268644,4,3,1,0.38313284319952706,0,0.6171127442345377,0,1
2313,0.7766968878075446,0,1.548345833086172,1,0.3717576938450444,2,3,0,0.5621805131933967,1,1.2268071741923763,1,0
1401,1.130386010011717,0,1.4816478071047132,0,-0.38137502280772784,4,4,0,0.5073822408357933,1,1.1591007395506432,0,0
2153,0.3408864436461392,1,1.3307377827843596,1,-0.3749631894348636,2,2,1,0.5672495375533,0,0.798680673275222,1,0
543,0.6439089820074058,0,1.7335666295464933,0,0.45672848509833175,2,2,0,0.4750548554843719,1,0.8724403502422005,1,1
799,0.29449520515703753,1,1.770146725138364,1,0.8515423498578365,2,1,1,0.44605460765544647,1,0.8426053392118781,1,1
1438,0.743492593019135,1,1.5324934155409027,0,-0.5354478255514481,3,5,1,0.45450474643288047,0,0.8848582346030192,1,0
433,0.30449093566566054,0,1.5614065269791555,0,1.0284245936231722,2,5,1,0.5025855862813103,0,0.9570353459841033,1,1
981,0.22760658440596787,1,1.579359098049346,1,0.10154520379165027,3,4,1,0.5276406320590061,0,0.7566610055764337,1,1
162,0.34220382934596716,1,1.4692952455780162,0,0.39341737943610733,3,6,0,0.4320711819840474,1,0.7142053376529678,1,1
452,0.5257297872149499,1,1.4540572351633316,0,0.050590962057360245,4,5,0,0.5037202774620702,1,1.0789158304294368,0,0
955,1.2089003674245289,1,1.487659561238127,1,0.33533928948689873,1,4,1,0.44335105838428746,1,0.8327165720944492,0,1
1692,-0.3635017210494742,0,1.580200685176379,1,-0.22868700450007928,2,5,0,0.32499161495332646,0,0.9380908334592932,0,1
1377,-0.06044452317371818,0,1.5038179529956248,0,0.8088991470345017,3,5,0,0.6456071821354881,1,1.2552381011078944,1,1
2,0.2708150210635025,0,1.5100159935896036,0,-0.2039520698626902,1,1,1,0.5463129347031721,0,1.190086181122926,1,0
790,1.1067493634867906,1,1.4331612057074217,0,0.8485997947205519,4,6,0,0.49486401200747476,0,0.9859975826697897,1,1
189,0.35879601419866747,1,1.3100042922411077,0,1.6401464947858162,3,6,1,0.47545142668342116,0,0.6971799059572656,0,1
1375,0.37345911991105696,1,1.4802267924194281,0,1.5206484381513687,3,3,0,0.4664907181196277,0,0.6736555354722554,0,0
91,0.47883622784787894,0,1.4035813559906711,0,0.3976691834479787,3,1,1,0.5284697569506818,1,1.008633289043404,0,0
1612,0.7243411568348092,0,1.5649388549602514,1,-0.10733365473735668,2,1,1,0.5717844002522554,0,1.2412946941740497,0,1
2363,0.805840468807483,1,1.5003520351895607,0,0.02344799579067408,2,3,0,0.4650555621335597,0,1.0658197876295927,0,0
879,0.7674286767804173,1,1.5273141796124694,0,0.5732604723625044,3,6,0,0.4658934275380472,1,0.9294494344871217,1,1
882,0.6654976096975943,0,1.51166259945675,0,0.7715224781748387,2,4,0,0.5337475375621145,0,0.8647159027879618,1,1
943,-0.47766895012286004,1,1.5266463551553002,0,0.6785552038919459,4,3,1,0.42588928772349743,0,0.874769992222176,1,1
973,0.4294569770392622,1,1.5889128459614272,1,0.7349907999312201,3,6,1,0.3009744622075986,0,1.1487114136326095,1,0
1064,1.0363972565685589,1,1.6548782907591508,1,0.2503983518072548,3,4,0,0.5009623277505699,0,0.7598210099757756,1,1
717,0.7365898783710816,0,1.4155614592031673,1,0.15497456503479556,1,3,1,0.4626717952638384,1,1.1490799895439539,0,0
656,0.8202887865837303,1,1.5052235059222152,0,1.1062338969469563,3,1,1,0.49859094398038956,0,0.95734006035507,1,0
783,0.5772229807877394,1,1.555012865501325,1,-0.6477063620586749,4,6,0,0.4740643148616708,0,1.0179889678648346,0,0
795,-0.15124036230937377,0,1.5462252580787557,1,0.7851090323786702,3,4,0,0.5183064033272864,1,1.1264376331934993,1,0
149,1.4871785281760657,0,1.5856529007660498,0,0.21923673642495417,2,2,1,0.42168980521996013,0,0.9245136002253139,1,0
875,1.0991411455278466,0,1.443338309763113,0,0.6386991106990987,3,1,1,0.4607211533419942,0,0.8085956169787202,1,0
1681,0.945662216410289,0,1.5981700375940786,1,1.0302354916401855,3,3,1,0.3874909339822557,1,1.0740367580688455,1,0
1108,0.04836671079366606,0,1.5221511498452842,0,0.751433018129801,3,2,1,0.5669006338892529,1,1.3553264054409566,1,1
1487,0.5864639870604498,0,1.6379270942602733,0,0.049951820552749715,4,3,1,0.5443376590667741,0,0.9453027266480282,1,0
1688,0.30960219507556963,0,1.6236879109042457,1,0.6718636807192375,2,4,0,0.4485218621226843,0,0.8724849245885292,0,1
1191,0.40834319218458026,0,1.5159976886113617,1,0.3137215571560248,1,1,1,0.4207197342665778,0,0.9107942962745478,1,0
145,-0.01200240221625859,1,1.3605254628336494,0,0.6949795917175875,2,4,0,0.2853552733967568,0,0.7344936501001706,0,0
1940,0.9123622487723322,0,1.474851773844843,1,1.1995908660594368,4,4,0,0.38794530269520844,1,0.9474954187971673,0,0
1758,0.6744929734401768,0,1.5222510345792357,1,0.27558058160886467,3,3,0,0.40508101761243875,1,1.0598175410988213,1,0
1056,0.6644620387422702,1,1.4977409147917142,0,0.15529617547332414,2,1,1,0.526633728641689,0,0.9196714377889862,0,0
44,0.2896968664655711,1,1.520662154526304,1,-0.04364757347293746,4,4,0,0.4258133334300757,1,0.884727602667447,0,1
297,0.4501813842810013,1,1.43463652190479,0,0.1622812727319859,4,4,1,0.4019873239319586,1,0.8852464281737259,0,0
1256,0.09213508245005603,0,1.477226135114908,0,0.8146043197953565,2,5,0,0.389797996366017,0,0.9550209740427082,0,1
2324,0.6667223298953696,1,1.7572058233392962,0,0.34980040882094976,3,6,0,0.48782347937405435,1,1.0358146130000003,0,1
918,-0.15519013312783747,1,1.4519239323119315,0,1.1564191782631292,1,3,0,0.4122151362510302,1,1.1122184786531175,0,1
1174,0.2894338838237685,1,1.4470660175400412,1,0.04211854086560385,3,2,0,0.5556705145316603,1,0.9912322882207957,1,0
2179,0.7198106372618436,0,1.48059116933237,1,-0.5576458195359313,4,3,1,0.43799502915828714,1,0.957190287446188,1,1
425,1.5835079604124034,1,1.5734467684573532,0,0.6472142856696866,2,5,1,0.47084299855090295,1,0.9724159627731425,0,0
2101,1.3034190998254935,1,1.5706224182057444,0,0.5175198806129959,1,1,0,0.408501353530518,1,1.0339859487786796,0,0
1455,0.29528754719128036,1,1.559957690901976,0,0.5283918527411305,4,1,0,0.5103808501310859,0,1.0760943133882626,1,0
526,0.6576785746154966,0,1.4959974991506013,1,1.184415630452016,4,4,0,0.44796730149948794,1,0.843883272883966,0,0
409,1.0310311726575863,1,1.6578597069851237,1,0.8226040911450524,1,1,0,0.5137154181163935,1,1.4646912381326058,0,1
269,0.27601367766004425,1,1.4777859254142311,1,1.1458160165040185,2,3,0,0.5810211017414793,0,0.8016405654885502,1,1
464,0.25842761607769105,0,1.6083364376955533,1,-0.16718187239484772,4,3,0,0.5448677169514926,0,0.8590809920477652,1,0
1790,0.770583681894085,1,1.4296959048753408,1,0.838313877190074,4,3,0,0.40959594308458885,0,0.9492242393314355,0,0
1259,0.5051357544420423,0,1.5336657195330337,1,0.3570242870590212,3,2,1,0.32621241757593067,1,0.8071897502889888,0,0
1295,0.5655567088838187,1,1.5620285188223646,1,0.20653032434333052,1,5,0,0.4715877725177089,0,1.0599229408558157,1,1
296,0.5643669060341243,0,1.5288675205498297,0,0.6824468380050759,1,4,0,0.6409487941928076,1,0.95980787451821,0,0
1331,1.2145164005083664,0,1.357375949415385,0,0.558097355129503,3,5,0,0.3966061772714347,1,0.9244455581819019,0,1
1338,0.7871078738131128,1,1.5225063882119083,1,0.9470599310283856,2,3,1,0.3342204704307713,1,0.7958549626828444,1,0
1211,0.5250975488861608,0,1.3638163218322585,0,0.17455500745057267,2,3,0,0.5785524201867353,1,0.8481354049576805,1,0
1042,0.5800739500527229,0,1.5043095577200871,0,0.9133025663751927,4,1,0,0.674495261648747,1,0.8390503346489714,0,0
1160,0.356429525874963,1,1.4971454178042265,0,0.5056321604187202,4,4,0,0.5017258531742605,1,0.9525471664204131,0,1
670,0.4482805157739433,1,1.5611131122900943,0,-0.08121391218596696,4,1,0,0.41984923337689783,0,0.8999959099586293,1,0
1474,-0.4119032964433288,1,1.4620023096178607,0,-0.008284550697591264,2,5,1,0.41902541275150784,0,1.0118697632258888,0,1
2227,0.377421508605536,1,1.460174484100197,1,0.4617120979123715,2,4,1,0.46716789013324744,0,1.1741145911113255,0,0
504,-0.7241364427735335,1,1.3727847165779354,1,0.27234192685786507,3,4,1,0.38456649401215676,0,1.0148357179218916,1,1
1344,0.9167889134553631,0,1.513117730701825,0,0.8233033954797225,3,3,0,0.3488485623702168,1,0.9510611054077561,0,0
0,0.3823729179310641,1,1.5742488209762429,1,0.9988348843549268,1,2,1,0.31744271205040264,1,1.0756743145126884,1,0
1378,1.5790405625315866,0,1.5060989581745066,0,-0.6841972885024135,4,4,1,0.4603175706915675,0,1.266893537967235,0,1
293,0.6745592204973443,1,1.4353319086536303,1,-0.3786369541411094,1,5,0,0.4335169352252429,1,0.5968703551570348,0,1
1569,-0.0816645084510651,0,1.5435081831238369,0,-0.5679581364691653,2,4,0,0.47229702354139547,1,1.0467938238507721,1,1
142,0.7023731714638797,1,1.4589547794958164,1,-0.13803815045395507,4,1,1,0.39878460676087074,1,0.9256004742421338,1,1
1168,1.1220535129971676,1,1.558779784548474,1,0.7477882006584804,1,3,0,0.4359686931872645,0,0.897698874126125,0,0
1534,0.562095889339289,0,1.4407788455178927,0,0.3928120796045196,4,4,0,0.3392577173339394,1,0.9566443477361495,0,0
2088,-0.048124314012981007,0,1.5280085564002046,0,0.3686327973683974,3,4,1,0.32900359261040213,0,0.7985716402466587,0,0
1395,0.6723116601783727,0,1.5636577640519012,1,1.5084161520061408,2,3,1,0.3591638874162567,1,1.103058674158728,1,0
1406,0.9961685684190132,0,1.348036903868634,1,0.6616399216628167,2,6,1,0.4962890401282241,1,1.092538454383249,1,1
345,0.5127618781400615,1,1.3674330150643477,0,0.6911330987759643,1,2,0,0.5189386981363711,0,0.991519434522693,1,1
1189,0.6123210009693705,1,1.495034556014934,0,0.5825598343005607,1,4,0,0.5584971247332153,1,0.6127674514722457,0,0
1166,1.0542932345655713,1,1.5789169379435664,1,-0.3478708751530686,3,6,0,0.4817964438478057,1,0.786479669502474,0,1
678,0.05464049882675692,0,1.440406965759941,0,-0.3060133840335788,4,2,1,0.5310090758920767,1,0.9491276724266031,0,1
1238,-0.5764738572117087,0,1.5768422852064425,0,0.5646228780592641,1,2,0,0.4883778342469246,1,0.6986062050824173,1,1
1956,0.03828076628206667,1,1.4119520748265573,1,0.7204604307643971,1,5,1,0.4257036504764909,1,1.1260325848918367,1,1
249,0.33181875011094186,1,1.7412250591019136,1,1.04076915726833,4,4,1,0.4621316136355344,0,0.8255120801687911,1,1
20,0.19777104540315843,0,1.4081474641654756,1,0.6929815612664227,3,5,0,0.41633414582502004,1,1.0437156550589703,0,1
23,0.8264902312385728,0,1.5478927260136741,0,1.2254067704200753,2,6,1,0.37021141731976215,1,1.0512156476467107,1,0
934,0.22682227323572185,0,1.576947756729204,0,1.4403919068427067,3,6,1,0.5677126064065806,0,1.03716969980281,1,1
472,0.6930959279094585,0,1.4745194753671997,0,0.8459190743365658,1,3,0,0.5842653054966148,1,0.6520300975610236,1,1
1734,0.8538695476195923,0,1.4683919751685097,1,1.3728522042929496,1,3,0,0.46339071678207555,1,0.8592347999979808,0,0
570,0.9564874760325072,0,1.5157165990432273,0,0.6238110639033165,4,3,1,0.5676297506090028,1,1.139829622643056,1,1
554,-0.15332951611522838,1,1.6711512363159164,0,0.9757024143387965,1,6,0,0.5212709737349909,1,1.4453349443084194,0,1
1924,0.2786738560704719,0,1.5959502635490754,0,0.708794689616272,3,5,1,0.5791205373325363,0,0.9382059248762885,1,0
638,0.33046955565768515,1,1.6033101850752651,1,0.6207222097122045,4,5,1,0.5952390589486802,1,1.1467004354879147,1,1
835,0.30745259935810776,1,1.4501377333052403,0,0.7131586597369366,4,6,1,0.5422982711106491,0,1.1285989349060188,1,1
17,0.5451234899262475,0,1.5480059981101522,1,0.524561094914552,2,1,1,0.4036491909546128,0,1.3282965281618664,0,0
571,0.5785811283580556,0,1.4527657717888203,0,0.4705314115751948,3,3,0,0.5565217474311966,1,0.9534516948503298,0,1
1907,-0.367370822422583,1,1.6778351577937154,1,0.8089470493604805,1,4,0,0.5279070318787619,0,1.110076198780074,1,0
2277,0.30218393263226595,1,1.5854611101315494,1,0.42292582234831366,2,5,0,0.4360746089612204,1,1.0054105676116019,0,1
1141,1.089193549806519,0,1.5988938027988397,0,0.8792188349867673,4,4,0,0.44283518939791344,0,1.0476329116197614,0,1
327,1.2800403525848858,1,1.342437600846628,0,0.3070110746509719,4,5,0,0.5126509544827598,0,1.3137546550086558,0,1
97,0.8350157357181092,0,1.6695026321831545,1,0.5622780810651685,3,1,0,0.5492706310619403,1,0.9470245645204274,1,0
2161,1.6449563441030706,0,1.6257092803105229,1,1.0175681283264808,3,4,1,0.47476498091575015,0,0.9440151474190138,1,1
951,0.5588943490018289,0,1.6127047164869757,1,1.246981296875608,4,2,1,0.3053385907372994,1,1.183271461574793,1,0
1484,0.03082544814403332,1,1.528093538482474,1,1.400026803712025,3,5,1,0.5342552803066187,1,0.9748187606975518,1,0
1934,0.5970329203270224,1,1.5685670742457771,1,-0.377395598917857,2,6,1,0.2678126920341547,1,1.180114061428817,0,0
1011,0.8661380786325495,1,1.6124821637941527,1,0.5569263052704843,2,5,0,0.4022595900394017,0,0.8829783196444674,0,1
1571,0.7975312215908539,0,1.6040230324717524,1,0.2553517408562477,1,6,1,0.5037156766656111,1,0.8492638430395612,1,0
801,1.0207962349426338,1,1.5686576295538541,1,0.4980444138623631,3,2,0,0.5194151096433582,1,1.093883086502439,1,0
1897,0.21682613878807727,1,1.4202842357736742,0,-0.02322859979983316,3,6,1,0.5219753971887597,0,0.9742703903426964,1,0
511,0.6110046869092003,1,1.5256223766284485,1,1.1635625278083541,1,4,1,0.46519771881945177,1,0.7728449256619427,0,0
1710,0.9663028357708121,1,1.5652277942330586,1,0.567628568278475,3,1,0,0.42366787426842745,1,1.0713434166756648,0,1
1792,0.9320853611704861,0,1.5518651161233745,1,-0.14623824326546953,1,2,0,0.49989880688364885,0,1.031578773796305,0,1
2343,0.20618760729165725,0,1.4953393490950688,0,0.6505357620918959,1,2,1,0.556573026257533,1,1.121032036150776,1,1
1542,0.3581767473068212,1,1.6301016715140855,1,0.4423842987698513,4,1,0,0.5355698061135828,0,1.102645702264237,1,0
1949,0.45101036387020976,1,1.4596523241168513,0,0.4914243742166777,2,3,0,0.5394215041519524,1,0.7845354153905346,0,0
1358,1.3841000952375389,0,1.7134588507600224,1,0.3221521774659611,1,1,0,0.4913797607819813,1,0.7692399745449187,0,0
1965,-0.016114412213212415,0,1.3207329627034334,0,-0.24367117309981046,4,4,1,0.432339532663033,0,1.1463035063574538,1,0
1690,-0.12221891841926114,0,1.5930390740571931,0,0.44593659012267056,4,2,0,0.44718878740592327,0,1.0062067474698606,0,1
275,0.9853263067972691,0,1.701234586955907,1,1.2473486277204684,3,6,1,0.554839628896927,1,0.9359720365336565,0,0
2279,-0.315536955875626,1,1.5711682355049434,0,0.55149351460052,2,4,0,0.5746158361565141,0,1.2036821545808505,0,1
440,0.20303668917137302,0,1.490675279852305,1,0.4199238531287026,2,5,1,0.37792911523015377,0,1.288341748572739,1,1
260,0.41564143720297236,1,1.5038258899297352,1,0.23653562260410405,1,2,0,0.530805059096396,0,1.0258952362633273,1,0
1267,0.4978132902779562,1,1.4883227932703709,0,0.9637639659080384,2,1,0,0.5296366800183452,0,1.0858256436475777,0,1
833,0.8400659020422765,1,1.3470793827357683,1,0.33834220076465016,4,2,0,0.37827326373110115,1,1.1239623273036166,1,1
1039,0.9796004777170189,1,1.606763694527725,0,0.7801991866854527,1,4,1,0.40057135470338623,0,0.751463332351912,0,0
1190,-0.29549996616598784,0,1.5325020048257483,1,0.17181979768569738,2,6,1,0.47916988509541286,0,0.7811610029606701,0,1
1353,0.37912454202490703,0,1.4582829478548505,1,0.16288135924673358,1,4,0,0.5196824732033332,0,1.1765898198872622,0,1
1070,0.9406161434706288,0,1.4726359223997296,1,0.9836139281600305,3,4,0,0.4959926078394661,1,0.8037785720875551,0,1
1260,1.1605510746786765,0,1.559109967134288,1,0.22327396197921534,1,2,0,0.4237011773670628,1,0.7625864465349801,0,0
888,0.3053501718485381,0,1.5671576663304787,1,0.47841123688262227,2,1,1,0.5046312869505859,0,0.7448348136687062,0,1
563,0.7139695905480576,1,1.42318207899127,0,0.5067689306583347,2,4,0,0.5796578435861144,0,0.7453629549977734,1,1
262,0.36037322188560833,0,1.5686209718753088,1,1.3493438530856277,2,4,1,0.4520614523286143,1,0.5822354102836673,1,0
2293,0.6085402774471275,0,1.4114169115319002,1,0.4512167911465793,2,6,0,0.42578504046395094,1,0.865436750427418,0,1
404,-0.3282418166458909,1,1.382798283929314,1,0.8856251559605499,1,3,1,0.41507810034433035,0,1.0640137077439202,0,1
1264,0.7177995765914134,1,1.6089882712763635,1,-0.17758707819395925,3,3,1,0.491775616206617,1,0.924168081027815,0,0
2182,0.8247259268674569,1,1.28470259082014,1,0.7123210483160741,1,3,1,0.4507379254559652,0,0.7436316056191161,0,1
1,1.3418494577202162,0,1.4817953714434442,0,0.7665730621320939,4,2,1,0.5050954279660383,0,0.9906860620801032,1,0
1030,-0.07859539543256855,0,1.3175923338577646,1,0.8612869394241937,4,6,0,0.4041453295697602,0,0.9451289904738838,0,0
137,0.8217189038706041,0,1.4844311434541149,1,0.8723822255392968,2,2,1,0.6157242470179316,1,1.264803098155456,0,0
1784,0.01915376821446918,0,1.5579964282157814,1,1.0483350800109785,3,1,1,0.43353463755815164,0,1.0767855678831955,0,1
1547,-0.0485375727612708,0,1.3575854989382674,1,0.25091119984833393,4,1,1,0.443429853503502,1,1.2294101090144451,1,1
1802,1.1709903246015436,0,1.3266338721513642,0,-0.6838001099978848,4,2,1,0.590233442267343,0,1.1797824227218376,0,0
884,0.5732268793268249,0,1.4284269779862826,0,0.5908112101825997,2,3,1,0.31027328050456315,1,0.8908792927339109,0,0
1692,1.1530921659037925,1,1.1313905888768077,1,1.8306907698226031,3,2,1,0.5073984232552103,0,1.2542722546277563,1,0
2001,0.7438739823660377,0,1.5040947517481684,1,1.5282051961194436,3,3,0,0.5087378674017877,1,1.0952500395028721,0,1
1392,0.45544533291267936,0,1.437692366739815,1,-0.29370873889185833,3,4,0,0.48223009892347185,1,0.8539276178061075,1,0
1025,0.390740834757102,0,1.4126448205607343,1,0.4738013171950817,3,1,1,0.5026745033271697,0,0.9922759831949177,1,1
1684,0.22308246756397404,1,1.6798474041223161,1,0.5883153139799506,2,4,1,0.5971303569805188,1,0.9635494673955215,0,0
1209,-0.12565954605648488,0,1.2668424420137212,0,0.7588836413942541,4,2,0,0.5067330045880084,1,1.401638194453664,0,1
1491,-0.3217255973684904,0,1.4398777614597644,1,-0.1732729475501089,4,2,1,0.4309101934325991,1,0.940288750549976,0,0
921,0.44036716825460465,0,1.5561015656489532,1,0.45722322297909157,2,3,0,0.46123002852167466,1,1.3897780517176717,1,0
143,0.2863318917534202,1,1.5045293456138595,1,0.7656781176150531,4,4,1,0.28262213474572284,0,1.1833348594129596,1,0
85,0.9668980722644711,1,1.5517963265804646,0,0.2829798839551301,3,5,1,0.5010108816177143,0,0.9311242077805938,1,1
1275,0.08790574010803298,0,1.4139902006130836,0,0.07659063559677265,4,4,1,0.43134632232084097,1,1.1087273262088904,1,0
1324,0.89737808132877,1,1.506841937068787,1,1.5045130946525542,2,2,0,0.4637441567393542,0,1.149451749174068,1,1
2203,-0.20446102980083347,0,1.5218870417825539,1,0.38848793240434876,3,1,1,0.6213570959313843,1,1.0899424019789212,1,1
1689,0.0733065868329279,1,1.5018403896828323,0,1.5961216135120604,4,4,1,0.4965996237005157,0,1.0152108430688902,1,0
9,0.6576439125976524,1,1.443668410098816,1,0.7881253209165786,2,5,0,0.517297257211764,1,0.9575363465900105,1,1
2350,0.38607124411492627,1,1.578109498633316,1,0.6392338381958012,4,2,0,0.5902204543794566,1,1.1623621149699541,1,1
387,0.03292678219702866,1,1.6222609505224106,0,0.7186462565243951,1,3,0,0.5723886736053267,0,0.8652887726027997,1,0
1627,0.5611703743936634,0,1.527173420667901,0,1.503009263368216,2,6,0,0.5022833128396873,0,0.9590962001368721,1,0
443,0.2958155887923517,0,1.5644666196725374,1,1.2327247177873333,4,4,1,0.3982809853753344,1,0.8693767813660267,1,0
1392,1.302327169851022,0,1.6181926137731961,1,-0.04468433192908672,3,1,0,0.3343397024976411,0,1.0871849714250246,1,0
575,0.8295166445999909,0,1.4674901816170258,1,0.9014731265411857,3,6,1,0.43687599795137716,0,1.3295612071951588,0,0
2373,1.161365614740101,0,1.4411255086991737,0,0.5809123271611736,2,3,1,0.5860020664839909,1,0.8502464118317412,0,1
1162,0.012460018998544653,0,1.5383528269916744,0,0.5260353807107919,4,3,1,0.3368804196436468,1,0.9789464028172955,0,1
1310,0.9453741053812644,0,1.2642579044591888,0,-0.37339033772411834,2,5,1,0.5381357709714869,1,0.6701663862315828,1,0
1193,0.5716376680465937,0,1.6629851913840126,1,0.0471391908997722,1,3,1,0.3952120299789752,0,0.9354828189522032,1,1
354,1.120767025745697,0,1.5504844897101964,0,0.5370760116488769,1,2,0,0.5047298074045422,1,1.122446141745592,1,1
591,1.0233599528379416,1,1.4891911685254104,1,1.19371774485217,4,2,0,0.4755352915007524,1,0.6918452182608882,0,1
2064,0.8594661939250889,0,1.563041134603795,1,-0.5231027578810086,4,5,1,0.3766585959972623,1,0.8302676141574733,1,1
1987,0.20008615114306416,1,1.426214371979301,1,0.3698517666358118,1,3,1,0.466078754829035,0,0.8169301033645435,1,1
299,0.3253601738438643,1,1.5514373725544148,1,-0.25626740110084,4,3,1,0.3289248163471398,0,1.020820010654581,0,0
884,0.6224660856601963,0,1.5251976385851715,1,1.1512841010947112,3,3,1,0.4769703396901231,1,1.0569316135440383,1,0
1741,0.09190666272521647,1,1.387507591333875,0,0.20999466952315177,3,1,0,0.43090960372204334,0,1.280221469278613,1,1
26,0.8265183067667428,1,1.4865129269890351,1,-0.1590224782440981,4,2,1,0.5048420723487358,0,1.0464364764853864,0,0
1515,1.4095701381899115,0,1.480531534438042,1,0.02870585955675531,3,2,0,0.43797674355172594,0,0.9614422958861212,1,0
600,0.8075877789266033,1,1.4430793972943996,1,0.3730551786662063,2,5,1,0.48377622751945387,0,0.9687189921675828,1,0
1778,0.2674787876019266,0,1.5455327592554011,1,0.5788694053957468,3,5,0,0.5928428827583202,0,1.240117259827143,0,0
782,0.765066202730992,1,1.5958653472566267,1,-0.6117903981473176,3,1,1,0.39506752785660637,1,1.2518855027458886,0,1
2038,0.44263288402958423,0,1.3958569790008766,1,0.5037150445581654,2,3,1,0.6012067533950003,1,1.190689951240231,1,1
77,0.3809386075890815,1,1.4658987316637486,0,1.2511876484477935,1,2,0,0.4153748339565864,1,1.173339540285546,1,1
497,0.5650612121525337,1,1.3772663980511757,0,0.9662218839384726,2,5,0,0.49500323422114606,0,1.1165443485792943,1,1
538,0.4936524838444988,0,1.5158005402442385,0,-0.20254408416150127,2,4,0,0.5340875697001938,1,1.0491192338385402,0,0
929,0.7835243298948946,1,1.5643586401973473,1,0.9174352837549526,4,6,0,0.5572724769222084,1,1.2614263252621947,1,1
1010,0.15484242295017414,1,1.499595735719873,0,0.033608798635191395,3,4,0,0.45928437056186505,1,0.7838116260120762,0,1
599,0.7690526890445523,0,1.473124085353432,1,1.315923996038464,3,1,0,0.46398628965409033,1,0.713402179626147,0,0
1420,0.8125377846318169,1,1.5129822583809338,0,0.5592570379881668,1,2,0,0.4983048513678241,1,1.1451080171924637,0,1
1994,1.3863877010054422,0,1.5158468517922647,0,1.306039471754243,3,4,1,0.368935847007676,1,0.9531468643175769,0,0
2016,0.7923891106174727,0,1.5591506031263347,0,0.3025533287135751,4,5,0,0.4886831464349951,0,0.7902149790550629,0,0
1540,0.7197779268894746,1,1.5075074390211392,0,-0.021441494453955712,1,3,1,0.3926645802513766,1,1.0256785545243232,0,1
1836,0.21408773952467447,1,1.341328487554547,0,1.2582901855690505,3,6,0,0.5284660733146823,1,0.600493240988003,0,0
1662,0.658189321497705,0,1.319546691529063,0,1.192808794937072,3,1,1,0.5319270158542951,1,1.0903810104916116,0,0
570,1.3801578995931878,0,1.4459956683631403,1,-0.23475924977551343,3,6,0,0.4128706484192127,0,1.194228728669684,1,0
1372,0.05317189712851844,1,1.4921120241927617,1,0.8940155167461119,3,1,0,0.35400205603760004,0,0.6255003463939675,0,1
1698,0.2570944161051616,0,1.5749588053836836,1,0.6016075053696606,1,2,1,0.5255352245911054,1,0.9794814034519191,0,1
1267,0.16275979101091437,0,1.5641655667981065,1,0.19095471938559827,2,1,1,0.4599517042937855,1,1.043252744824754,0,0
322,0.720945767356269,0,1.4819660142872024,1,0.5462563058774567,3,5,0,0.49166732632947907,0,1.186390649467552,0,1
967,0.30729243653574523,1,1.4905462422628992,0,0.08068656125448648,1,4,0,0.5720496818710484,1,0.6116161201264393,0,1
2297,0.13507675773599181,0,1.3878090371672849,0,0.0011905571514254087,1,6,1,0.373799947288614,1,1.0126965550107505,0,1
354,0.32376387877421153,0,1.4791625432250475,0,1.2940867449127085,2,4,0,0.5220481563661856,1,1.2795213436457347,0,0
1568,0.7073583556418661,0,1.3798212655201467,0,1.1227440508815394,1,5,0,0.5983925510139069,0,0.9516031071693621,0,0
1341,0.29531810271457815,1,1.5002032180293603,0,0.04672052957824041,1,1,1,0.42210642524788583,1,0.9243466885923693,1,1
693,0.635185106393604,0,1.5566551067424927,0,1.512005175313147,3,3,1,0.3848179510071935,0,1.0155786167642413,0,1
1891,0.172046907192834,1,1.6343649268674227,1,-0.0659450585211464,1,1,1,0.4910136365886974,1,1.182939979770259,0,0
1770,0.5050491131579661,1,1.503619118727495,1,0.6276774496447114,3,1,1,0.4860985448387163,1,1.0078005894372315,1,1
1450,0.4915137518695655,1,1.6234812852193186,0,0.1299578906198512,3,1,1,0.4947455353861135,0,0.9012421880036869,1,1
1432,1.2556507601522853,0,1.508309890424548,1,1.2557574806773373,3,6,1,0.4111519008168505,0,1.005117436669422,0,0
1966,0.2932443237480701,1,1.4626092733192968,0,0.15634010887108252,1,3,1,0.5883758231666786,0,1.2158181687586203,0,0
204,0.21885853860614451,1,1.3942848583928693,0,0.6668225152768402,2,5,0,0.5368154518696064,0,0.9739503113526754,0,0
887,0.11542190360450116,0,1.7227700231129812,0,0.6609110338055648,4,2,1,0.3982230518794999,0,1.0157854021511723,0,0
1114,1.273892134612032,1,1.4179067723581746,0,1.2109213331337334,3,6,0,0.5537910693592957,0,0.8144571663740302,0,1
1030,0.11935469205980298,0,1.4984422171553486,1,0.5479298708389564,2,5,0,0.33799486591269123,1,1.1074093535206666,0,1
1884,1.0986846758352526,0,1.529996860806388,0,0.6198548613730613,4,6,0,0.546972225228372,0,0.9747145236637571,0,0
2327,0.020111880856554687,1,1.5103801568659727,1,-0.1444589417668264,3,3,0,0.5985048236558367,0,0.9200958470111466,0,0
907,0.6588035897859219,0,1.675274417241799,0,0.01198215306463768,1,4,1,0.2761871915454269,1,1.2788677875875831,0,1
272,1.0532446732861387,1,1.6955278065752013,0,0.7769760348182144,2,4,0,0.4709826319715168,0,0.9563917048532995,1,0
14,1.0212698596645284,1,1.5208909424744388,1,1.2348925181762025,2,2,1,0.49609981374376183,1,0.9709037889770773,1,1
1008,0.7756771543014964,1,1.3637946707717021,0,1.1878780312728816,3,3,0,0.45694274809638524,1,0.9369574869663092,0,1
931,-0.24189442703363662,0,1.4748798310199296,1,0.4317436033133611,2,1,0,0.514939635021192,0,0.9142560955591483,0,0
1072,0.7117897153715498,1,1.4246282672773338,1,0.10348950867666312,2,3,0,0.44399650466165186,0,0.7908200511715168,0,0
1040,0.5766937304899563,0,1.4070518759972865,1,0.8596946540683499,4,4,1,0.5390291241228846,1,1.040769945175409,0,1
2256,0.42889527523812243,1,1.4038347333111065,1,0.5142149505449075,1,3,1,0.3562439900716031,0,1.0996546752314056,1,0
1886,0.3051247757755351,0,1.5411018229752997,1,0.4242393867645013,4,2,0,0.6605825558792543,0,0.8827681451789203,0,1
833,0.6774215786444108,0,1.503619017514206,1,0.46190042365010814,3,2,0,0.2923190958493781,0,1.2174528375580982,1,1
1519,1.3647947790628066,0,1.5618347474685232,0,0.44875230950634054,3,3,0,0.40837668201834965,1,0.8762457391570428,0,0
1519,1.0256471103054525,1,1.5130857854545268,1,0.5954223846477972,1,4,1,0.5335107165723988,0,1.0918349222351826,1,1
1670,0.2608587219127158,1,1.6195301573522407,0,0.19771150619666084,1,3,1,0.339126026794191,1,0.9150549977603029,1,0
1268,0.19464311918060667,0,1.4434078406370165,1,0.3920534699539958,4,2,1,0.3710821593825412,0,0.877649817800228,0,1
1850,1.0857519100095943,1,1.6179868878222703,0,0.2653810529083458,4,6,1,0.5445338518699567,0,1.0387929279226542,1,1
1398,0.6693520039465495,1,1.5436648183913624,0,0.17818044525780802,3,5,1,0.546586707325142,1,0.9676575410649488,0,1
266,0.7401484480042477,0,1.5158530101410743,1,0.751346759264657,1,6,0,0.4605569078448346,0,1.0283312419564274,1,0
1556,0.5085771569436142,1,1.4095534540692214,1,0.9227628145740693,3,1,0,0.39131913800704177,0,1.0292113185794842,0,0
470,1.0407469624838794,1,1.666353295091703,1,1.0746172233901956,2,1,1,0.4180757867457679,0,0.7853902697564539,1,0
1980,0.41384117382977903,0,1.4987264688917992,0,0.5206433841717225,1,5,1,0.6046233345565536,0,1.0637961129073819,0,0
172,0.3913562665629468,1,1.547884398824505,1,0.31743054548774946,2,6,1,0.5882265310293769,1,1.0442329996380089,1,0
869,0.04741387724747104,0,1.4412324768804419,1,-0.14410079826655864,2,4,0,0.37774582317914895,1,0.6416811671272821,1,1
677,1.0099310571178703,1,1.5676153163404902,1,0.41398933949787,4,5,1,0.6326112484337449,1,1.0224280847847784,1,1
1905,0.16133153229807018,1,1.4748973855082828,0,0.6899162336852702,3,2,1,0.4106715693939703,0,0.9565389203098755,0,0
2148,0.7507740692716132,0,1.5959825442930513,0,0.6076128011099474,4,1,0,0.38672546654751566,1,0.8009314099831737,0,1
987,0.191451382373638,0,1.40659455805831,0,0.7089448630071118,3,4,0,0.3602314357906976,1,0.8114602710015013,0,0
432,0.33603534495915466,1,1.2717432097633374,1,0.8368501263112966,3,4,1,0.34951259589146577,1,0.96478684464845,1,1
543,0.246171220164406,1,1.4689031719922567,0,-0.15279396810537982,3,5,0,0.5574405598303052,1,1.0317598365796274,0,1
1663,-0.3994809892679836,0,1.4520353715097996,0,0.7859932179982464,2,5,0,0.37389183852497143,0,0.6291195176719768,1,1
563,0.6761269798826122,1,1.4074037552526195,1,0.469062922050074,2,5,1,0.516422603748622,1,0.9524973090542531,1,1
252,0.5168624067656942,0,1.4484632819765693,0,0.39240859846533854,2,1,0,0.5278714831972432,1,1.0057469095865912,0,0
2275,0.41011176950787753,0,1.4700683145009024,0,0.750079393765971,4,3,0,0.3786329359441355,1,0.8210119883090056,0,0
243,0.332804651924173,0,1.4282603673232368,0,-0.003779959737058358,4,6,0,0.5582422616954151,1,0.8314393622716376,1,0
1529,0.1458002691356251,1,1.2729095703531235,1,0.7507375648728336,2,1,1,0.5758062491648055,0,1.119969634263052,1,0
1344,0.4463329193169428,0,1.4005406804952825,0,0.6026007879419711,3,1,1,0.4064315629738037,1,1.0847582979608383,1,0
1987,-0.3246610750011252,1,1.4112152999943137,0,0.5593710700158528,1,3,0,0.5048891867310052,1,1.0537548249860513,1,1
728,1.020842919998078,0,1.669689022879955,1,0.8198791721330021,1,6,1,0.48533047326262496,1,0.901521873184986,1,1
1861,0.4310359262518224,1,1.5601949858182746,1,0.2818366887526492,4,3,0,0.5051761117808625,0,1.041580811721869,1,0
1637,1.581643587131972,1,1.4217562838953937,1,0.31483716645087284,1,5,0,0.48548056941145445,0,0.8999589959068472,1,1
1157,0.26710744395705566,1,1.4195619463804676,1,0.7307496290312689,3,2,1,0.5542605807807477,0,1.3931491187800993,1,1
1057,1.0679072683476554,0,1.303650802445117,0,1.5380790969072884,4,5,1,0.5125763927593637,1,1.0142165868316377,0,1
2258,0.041835731723267766,0,1.5054665920277528,0,0.4485842053272853,2,5,1,0.48063928299819136,1,1.0500763488576674,0,0
1042,0.32943308635964735,0,1.4685901334547444,1,0.29222639491021624,4,6,0,0.4971356963410313,1,0.7883725493426591,1,1
1204,1.248197895772722,1,1.3192561404216705,1,0.8427794308550502,4,4,0,0.4975714808885496,0,1.3508930558689616,0,1
2243,0.11044228057614813,1,1.4684318126648521,0,0.29218161787546354,4,6,0,0.4818233348477445,1,0.9554617670440311,1,0
1457,0.31216133485485653,1,1.3436487695205572,0,0.3346150999461941,3,4,1,0.5199957824879056,1,0.6964054756767439,1,0
1135,1.0181052353718698,1,1.5109735284616397,1,0.30807829018579136,4,6,1,0.4583632282030236,1,0.985483526185602,0,0
265,0.42941665067559265,1,1.4074582552298194,1,0.5630191421883053,4,1,1,0.46517042370365236,1,1.1141976608529547,1,1
686,0.55779054392413,0,1.4169829628567818,0,1.3604321090434859,1,1,0,0.34416828734248317,0,1.0453246866866022,1,0
1691,0.8750474518832865,1,1.462677986617509,0,1.0315461788647782,3,4,1,0.49207883523043755,0,1.1325158666425044,1,0
135,0.35461580981389906,1,1.621373428474794,0,0.460473465452958,1,1,0,0.3558604428045855,1,0.8312770324567259,0,0
344,0.7313448193159842,0,1.4031273085122227,0,0.6745629700914474,3,6,0,0.43271995973539745,1,1.0342397537615773,0,0
2276,0.9053424600851643,1,1.36747233328384,1,0.0006064161865207418,1,5,0,0.412457103499118,0,1.0948295019261418,0,1
1895,0.8330778399834886,1,1.502460205061324,1,0.9116629363491914,1,3,0,0.6298829657559728,0,0.8377357281535591,0,1
1298,1.11237451684091,0,1.4775110717824989,1,0.9420391769198855,3,6,1,0.42206042340823574,0,1.0117222801787311,1,0
58,-0.2406431686453513,1,1.444829509261003,1,0.7645880172498594,3,3,0,0.477057124032749,1,0.8921702552022885,0,1
1754,0.3288623583661082,0,1.4197349388394247,0,0.6213527663762075,3,6,0,0.48175658771362667,1,0.9111038920616248,1,0
2175,0.7300126761760772,0,1.4167191283546217,1,-0.012976679096376231,4,5,1,0.5173532110251914,0,1.3499403833188677,1,1
851,1.2150206757363236,0,1.510708856953553,1,0.7490981308292666,3,1,1,0.5241687803444997,0,0.9585891301786628,1,1
2052,1.0946156302633945,0,1.4384993179918775,1,0.9224684702078148,2,4,0,0.39206976079255407,1,0.828337855655743,1,1
1020,0.6959621801081773,0,1.393171867043112,0,0.3044293621935279,4,6,1,0.5269912180334125,1,0.8815707038251848,0,0
2001,0.7654412308655081,0,1.4495498733271992,1,0.9742789226223094,3,2,0,0.41019360682296113,0,1.0138211384815439,0,0
1622,0.04812831875751156,1,1.6359170824837452,1,-0.2796676718838069,3,6,0,0.5675646521028724,1,1.0473495058638178,0,0
1207,-0.06620444222353505,1,1.4382234506885134,1,-0.08629365099606368,1,2,0,0.44542650245357696,0,1.0081518480967977,0,0
2273,0.45275834706644047,0,1.4555159848608974,0,-0.011978566401718682,2,2,1,0.3676328975453679,1,1.293064370202377,1,1
1853,0.5159923962003371,1,1.3517859092918,0,0.7772604835277259,4,2,1,0.4589455119783675,1,0.8650153814791676,1,0
748,0.47775124112210093,0,1.5608313286102775,0,0.46006934485486595,2,5,1,0.49612956756170223,0,1.0442113298954994,0,0
1664,0.5256387334912229,1,1.694453778914191,0,0.3063199546206937,3,2,1,0.5412242763809035,0,0.9647336167170151,0,0
257,0.05302373074377087,0,1.6798880641453302,1,-0.2834344320812716,2,5,0,0.5310655263962885,0,1.3318246587102929,1,0
140,0.18845299976482044,1,1.42685661286532,1,0.09599599799255865,1,2,1,0.39147078244709727,0,0.9997569452433145,1,1
2145,0.6824241601026948,1,1.6184803327207904,1,1.0483340595173316,4,2,0,0.6353542618410073,0,0.905207847243976,0,1
1516,0.18071160635306788,0,1.6440463975218758,0,-0.7309459252369159,3,1,0,0.36253382359250363,0,0.9608789219440349,0,0
804,0.7234147366091183,1,1.3443892373007853,0,0.5144675216421842,2,1,0,0.4652701991164306,0,0.7568155326897147,1,1
1536,0.4060350235296279,1,1.563443537113632,1,-0.16856352607865088,1,3,1,0.5427886214793471,0,1.1840092967830977,1,0
390,1.0912477678111139,0,1.4816866366241663,0,0.8232583322406526,3,5,1,0.40480190206033373,1,0.7616744175310034,0,1
301,0.1788543100283101,0,1.6175593958652559,0,0.7457188791402553,3,2,0,0.5986893297564067,1,0.7748343813423716,1,1
2178,0.6534770709495523,1,1.504749508518153,0,-0.2124777858876662,4,5,0,0.42398390225217125,1,0.9648574873745774,0,0
1865,0.34687147949781383,1,1.4954350326242847,1,0.49566014001394093,2,5,0,0.454421515105838,1,1.052649952884092,1,1
98,1.0958111273435764,1,1.575242109553224,0,0.2535662845432096,4,1,0,0.4690966729029011,1,0.8481765252143493,1,0
27,0.8403904236942724,1,1.586747309175533,1,0.7187772950227569,4,5,1,0.3556996566386615,0,1.2501725084796182,0,1
1765,0.09349004284652629,1,1.5462909275898418,1,1.4424527090426558,2,3,0,0.42409096304118354,1,0.7037650446904271,1,1
1333,0.6587450385376519,0,1.3609327030869438,0,1.060485557798046,1,5,0,0.5064911533332384,1,1.0908671762426945,0,1
1241,0.7769809502836033,1,1.5469580195966721,0,1.4747998435865157,3,4,1,0.4624381766928408,1,1.1491235875012846,0,1
1078,0.56127340042714,1,1.5430924824880627,0,-0.02002435002371239,3,1,1,0.5114852597783058,0,1.1978085409651686,0,1
1084,0.5837952274374547,1,1.4752358514983983,0,0.33312818838473246,1,6,1,0.49167187430322074,0,0.984470420829156,0,1
1467,0.9812523119504628,1,1.3102381299725403,1,0.7032450312349636,2,3,0,0.3796677996664546,1,0.5341982399987151,1,0
2029,0.8088016572748009,0,1.5099122045997042,1,0.957075662150072,3,2,0,0.43301778974559285,0,0.9635434028588259,1,1
401,0.5496737932598428,0,1.2158073147309305,1,0.6323010095556928,1,4,0,0.3379381972741521,1,0.9799314216553995,1,0
2021,-0.2961568526346444,1,1.461765482421704,0,1.0868916894024183,2,5,0,0.46715607525432057,0,0.8184779288428263,1,0
2085,-0.0738293132034934,1,1.4990018618343117,1,0.0588345414684171,2,2,1,0.3794057866691468,1,0.7743556713944681,1,1
64,0.5540799865217342,1,1.7430570780741872,0,-0.6216930654357646,4,2,1,0.31878113390180074,0,0.8707107407106494,0,1
229,0.9649027345478433,0,1.59694206049942,1,0.6001901435400714,3,6,1,0.4642346439548463,1,1.2528796303206495,1,1
1969,0.4037547153121103,0,1.5580652849383396,1,0.8363181051774984,3,3,0,0.5524444947530356,0,0.9535452064620418,0,1
1684,0.7266528749448209,0,1.5491731506532629,1,0.6097402882887941,2,5,0,0.47895456387428414,1,1.0797410573252806,1,0
1069,0.43884256125265236,1,1.4166113956876387,1,-0.057625117019937,3,1,1,0.3491892705309847,1,0.9437140009139647,0,0
1730,0.9400680198068079,0,1.4308494902080438,1,0.5394505576376938,2,5,1,0.46476897743966306,0,0.7643008012089728,0,1
1229,1.1132997602953325,1,1.820617261592832,1,0.22772425217340259,3,3,0,0.418500045123384,1,1.2671945976823829,0,0
2276,0.2997523492347601,1,1.5877066321122606,1,1.381701013422303,2,2,1,0.36252858101304386,1,1.1503125504651726,0,1
265,0.7147364543212433,0,1.6443303742803164,0,-0.09978791036954571,3,1,0,0.4352843466384022,0,1.067042065131293,1,1
670,0.27947345665407114,1,1.6970444540537788,1,-0.15628258849049692,3,5,1,0.42373269558772964,0,0.9966865829282427,1,1
922,0.013100824902701924,1,1.5339208176508023,1,0.34390597714449456,1,4,1,0.5398601798509237,1,0.8941827160576639,1,1
569,0.3749352700880237,1,1.4315781729298966,1,0.04067918716912955,4,1,0,0.6438710441440494,1,1.150704009498522,0,0
1627,0.5649272857289411,0,1.4415563169226984,0,0.6825881208530422,2,5,1,0.49715144686065754,1,0.7865827740377764,0,1
2227,0.3402679827151045,1,1.4618926392153657,1,1.1329127464645585,1,6,0,0.5783858365230782,1,1.112057830910236,0,1
206,0.736945713847581,0,1.6372035338447297,1,1.4872100777411963,2,3,1,0.45627407369115586,0,1.1110844594224258,0,0
1087,0.05463486954638325,1,1.3394399019927232,0,0.38641480632861014,2,5,1,0.5831563176558849,1,0.9341550406186805,1,1
1461,0.8155526409028717,1,1.7138951580998139,0,0.6475421831496493,1,4,1,0.4109354998182437,0,1.2771625066947911,1,0
1447,0.2540224790832667,1,1.4448085450554466,1,0.6145244242126544,4,6,0,0.523207684100652,1,0.9446306324644218,0,0
1964,0.5521939373887539,0,1.531397526930898,1,1.3081936942862087,4,3,0,0.46417882074560607,1,1.0939544406495794,0,0
923,0.10753864071590141,1,1.5488333075531338,0,0.46498847307467067,3,4,0,0.3855616793224053,0,0.8454144517779845,0,0
1063,0.3737890943055566,0,1.5474817166896306,1,0.4771208900148147,1,6,0,0.42068971165533287,0,1.2970353781230262,1,0
2368,0.877846427700504,0,1.4981024642120597,1,0.30147242514727735,4,2,1,0.5552235909551239,0,0.6731809072154191,1,0
1214,0.6265459424808313,1,1.4563961201311961,1,0.7444853462217467,1,2,1,0.44436843031860207,1,1.0151844472872982,1,0
1522,0.8280825503888608,1,1.6457687403084995,1,0.4582721006151613,4,2,0,0.36847957517517477,0,0.8013501660916145,1,0
1277,1.319664164777544,1,1.497688746643957,1,0.42584665047414233,4,6,0,0.5504716590407632,0,0.8956487312727103,0,1
1068,0.15827937460913205,0,1.5090616171143305,1,0.8352606587240201,4,2,0,0.5074812218098865,1,0.8420821936265803,1,0
353,0.5765056803896658,0,1.4628485164001526,0,0.2873140372829379,4,2,1,0.4506113200167724,1,0.9970708102421699,0,1
535,-0.1838428830036415,0,1.4314642698806839,0,0.5615077505529588,2,5,1,0.5847460714785099,1,0.9771343063179633,0,1
2246,0.6267101826385366,1,1.4734898195892971,1,0.5478285613065192,2,5,0,0.4235977913606657,0,0.9001547941646091,0,0
1454,0.8073817962433201,0,1.4842968410618118,0,0.9724124299930281,4,4,0,0.5575228768108043,0,0.8818576278887975,1,1
1323,-0.07257854481179249,0,1.6683252457400697,0,0.28965282447295726,3,6,1,0.5854938296384655,0,0.6592377112666344,0,0
1933,0.3034214898334172,0,1.5132779848253417,0,0.5127242951753909,3,6,0,0.6104210816788976,1,1.0219262292738958,0,0
1853,0.7721986027589895,0,1.690870298409101,1,0.1366696319447646,3,1,0,0.5483071335437069,1,0.9183048846984779,0,1
984,0.5854819932069083,1,1.4163138615743396,0,0.7993620641199696,1,2,1,0.4334547635192293,0,0.7138721725327061,1,1
1170,0.9155653723411115,1,1.4896376965329872,0,-0.03525860806995418,3,1,1,0.5444579464588086,0,1.2494280145264058,0,1
749,0.35114681986081114,0,1.605421101778397,1,-0.09481482851732381,4,1,1,0.6941872826775738,0,0.8724547569407486,1,0
69,0.27089149097251963,0,1.525303347094073,1,-0.21372660217075234,4,4,0,0.5255059678006138,0,0.6933111212668593,0,1
1698,1.1781326406915358,1,1.5791438540279172,0,0.44286991593631003,3,4,0,0.5423412642344855,0,1.0364451524843987,0,1
176,1.0321004234392588,1,1.3967458780304327,0,-0.30537371965272186,4,3,1,0.4179100770475112,1,0.8865095781310631,1,0
1164,0.1589195628467741,1,1.5341689613644045,1,0.5292678933404742,2,3,1,0.5094434775821991,0,1.0209111622729705,1,1
2300,0.6720989410000325,1,1.6562543927399493,0,1.4565884656852872,2,3,1,0.6730795283936699,0,0.8353505672567064,0,1
610,0.3812855342952598,1,1.6202029691020592,0,0.13098897840806523,3,6,1,0.4871358177511863,0,1.01291834582261,0,0
1579,0.2880081847016229,1,1.2924171884909734,1,1.2695348591508306,3,5,1,0.4111690352751443,1,1.1168025612029038,0,0
837,0.28055546487785177,0,1.559999019410318,1,0.846519291737476,1,2,0,0.5028986863790789,1,1.3455530279144023,1,1
834,0.7689949276428978,1,1.4926206889431248,1,0.7434907908572137,3,6,1,0.3145853133274993,0,0.5465175602072732,0,0
1105,0.767080511582658,0,1.5848924511406761,1,0.2640987648548032,2,2,0,0.5702672953999045,1,0.7681699205418765,0,0
624,0.6199221090645346,0,1.5440101417355705,0,0.5074069034708325,4,3,1,0.4629663637061104,1,1.2403017341233078,1,0
514,0.36419387349079085,1,1.4430037128026492,0,0.6880315046039904,1,5,0,0.4124966999629505,0,0.7613536063343079,1,1
549,0.22429269212252106,1,1.3763160526886475,1,1.2727257717902487,4,3,0,0.34325847886963073,1,1.2400279295467622,1,0
2178,1.2251767051088072,0,1.4914010043356536,0,-0.327615434546756,3,4,1,0.28116026519936543,0,0.7712818680290583,0,1
1595,0.39491952122237906,1,1.4959942753528137,0,-0.24170962976180588,3,5,0,0.4408443540496866,1,0.7442143460860071,1,0
220,-0.2270013168385,0,1.4735548834297076,0,-0.2587698900857692,4,4,1,0.40228295116760493,0,1.2688601589685837,1,1
2369,0.5088359963036256,1,1.5277538680144693,1,0.4535907881036361,2,2,0,0.5775929931925401,1,0.6438549202121926,1,0
2230,1.0687550709344777,0,1.3135049205983729,1,0.17818129522645554,1,2,1,0.43621069652561173,0,0.7580470007304232,1,1
1120,-0.3483085133466215,0,1.4130112817702767,1,0.8276111631198323,4,3,0,0.42654624636996574,1,0.926937006176343,1,1
1074,0.6680941221993293,0,1.4343628104411537,1,0.3392687443052359,2,2,1,0.41088422583537154,0,1.0847070395807719,0,0
1377,0.2719853333773269,1,1.5580886189141383,1,0.5778170429359532,4,6,0,0.3917579123013004,0,0.9700632025875817,1,0
144,-0.4138705652243624,1,1.517878638280301,0,0.5827596626265088,3,5,1,0.4300434700790339,0,0.9757335978796887,1,1
1792,0.6839279833259998,1,1.664895327500787,1,1.1359171877031535,1,4,0,0.3799961059636125,1,1.1294853876736024,1,0
13,1.3302325880396624,1,1.5020126445250166,1,-0.055869859191871596,1,2,0,0.5052651136022137,0,0.8596259780440297,1,1
1986,0.7746839699697203,1,1.5072192143275285,1,0.8675841586384188,4,1,0,0.48612224769113094,0,1.1345208199308023,1,0
1885,0.5605991391024024,1,1.5964010632900598,0,0.031407081160648,4,1,0,0.43859181487163146,1,0.9337911988242023,1,0
1086,-0.10927786680798335,1,1.5447490433195097,0,0.1491423842983151,1,3,1,0.4216605658371312,0,1.0388291242469845,1,1
1171,0.8443487060124891,1,1.5459352766262076,0,0.054308406617607,1,4,1,0.4207112666822136,1,0.7067466975722563,0,0
494,0.7779657399627541,1,1.47327413278737,1,0.4587238577661348,4,5,0,0.5416425592660343,1,0.8863311530524955,1,0
1535,-0.12655587265060209,0,1.4241703616474688,1,0.8786570892485668,3,5,1,0.5494484772829001,0,0.8408597814449671,1,1
96,1.0497020793935323,0,1.3437679944932026,1,0.8201145766892353,2,3,0,0.4478436623895032,1,0.9002408812039477,0,1
804,0.227184730973562,0,1.4632243176161364,1,0.8797837065116063,3,1,0,0.49042936119470876,1,0.9568024999591642,1,1
869,0.6996799459737775,1,1.543603811558451,1,1.3176714384640402,4,1,0,0.42371622821627164,1,0.7285854051761942,1,0
864,0.6356988816400502,0,1.617976904238669,0,-0.1671963497689576,2,1,0,0.5288445914566419,1,1.2253388023122176,1,0
1747,-1.1136348375244574,1,1.5421023604214934,0,0.6364262466639563,1,4,0,0.39146110261647404,1,1.0613696046473158,1,1
608,-0.6564458598057876,1,1.5181341374839397,0,0.319113908311366,2,2,1,0.608295222252464,1,0.9489564153768159,0,1
1013,0.60985390415462,0,1.4929983536889766,1,0.0926792948972962,2,5,0,0.48091117360449404,0,0.961469427183889,0,0
842,-0.039636370173979474,1,1.6532001970248473,0,0.4735498023210387,1,1,0,0.39374655599448904,0,0.6265552182994311,1,0
1078,1.0583255769529314,1,1.492401885080236,0,0.37003077548605945,2,4,0,0.4632629287440768,0,0.9987704353972107,1,0
658,0.13189059879068937,0,1.4245904614450158,1,0.7198016275873808,2,1,0,0.4442620803905609,0,1.045596796216485,0,1
2104,-0.07521263521801291,0,1.4729846253540297,0,0.38782756773625987,4,5,1,0.4585677261508544,0,1.0208153637191746,1,1
1571,0.6371114911363827,1,1.4219604621759996,0,0.9057774126069342,4,4,0,0.49898983341622,0,1.0643458801517112,0,1
1583,-0.21323457604442786,1,1.503322452402843,0,1.1262685135318655,1,5,0,0.3857212931861809,1,0.9269540912081521,1,1
1832,-0.10301098265811837,1,1.4553948868854252,0,0.48273070271335294,4,1,1,0.5300200119151547,1,0.9691265491602057,0,1
915,0.3615079065796413,0,1.3942727581836825,1,0.21493475862391026,2,3,0,0.5639189620704002,1,0.7969755940368607,0,0
735,0.6879220122866824,0,1.4863481748741252,1,1.056290276967023,4,4,1,0.5355907498148996,1,1.0106065747086095,1,0
704,0.8940540090016521,0,1.502275962417355,1,1.212000171434991,3,1,0,0.5260899340697148,1,1.221243176921499,1,0
855,0.6077106496407036,1,1.4964167413658558,1,0.6143891307530864,4,2,0,0.48333325312420083,0,0.6809494163168459,0,0
14,0.7140982030366545,1,1.6334295517571065,1,0.798088328658203,2,1,0,0.6517845768310485,0,1.110582537147517,1,0
247,-0.19351745983000912,0,1.642061482321989,1,0.6068948404484469,2,2,1,0.49020330132974255,1,1.0121533573786805,1,1
431,0.7511799349141628,0,1.5593911264668379,0,0.5197993350235222,1,2,1,0.41403585121401865,1,1.0613926994866447,1,1
2311,0.23143131672712725,0,1.6870183942488217,1,0.9023107176694067,4,5,1,0.4177824329043525,1,1.0058909331880361,1,0
970,0.03533879529130329,0,1.5861780586158538,0,0.8040752898391369,4,6,0,0.41821957100419244,0,0.9684670732162333,1,1
2296,0.8601954799594416,1,1.5753009909047477,1,0.5553532634356029,1,4,0,0.4690413647133219,0,1.0879291738349708,1,0
358,0.43899084029391255,1,1.4028695522917833,0,-0.2801600034894012,1,6,1,0.5088174393008138,0,0.9754816165974554,1,0
1230,0.5157705183422983,0,1.4948763070586668,0,0.7292408214984722,4,1,0,0.44141807410327116,1,0.733750590349923,1,1
2331,0.697122037755884,0,1.6055562108023858,1,0.5972757774917371,2,2,0,0.29360470704288966,0,0.9489114568302794,1,0
941,0.619287343920732,1,1.5069378151003516,0,0.9113064715202106,2,4,1,0.4739313820075784,1,1.3355443782980374,0,0
826,1.13709583816417,1,1.5111534968506695,0,0.23420827410779171,2,3,1,0.42977211279506145,1,0.7241295669195968,0,1
111,0.7390539037163639,1,1.4760539962811974,0,0.6531844366219732,2,1,1,0.5323414856960395,1,1.0885845817830073,1,0
124,1.334471171226383,1,1.6178244087316276,0,0.24036384594524912,2,1,0,0.39308694341656003,1,0.9926785635203969,1,0
94,-0.3931769720110987,1,1.4784688767545877,0,0.31499400868370986,1,4,1,0.47995131874688224,0,0.777809694892682,0,0
1636,0.4108602530334303,0,1.4975197385165528,0,-0.20822390184832051,2,5,1,0.4296790500310838,0,0.5140483158713992,0,0
387,0.39433754634609486,0,1.4969501696124952,0,-0.024376181721231238,1,3,0,0.5477199363543934,0,1.3124769627315522,0,0
639,1.165990010882634,1,1.564863184688728,0,1.0696487340086835,3,3,0,0.42125495540837143,1,0.7926319438652729,0,0
236,0.07803700385925871,1,1.5419599983325352,1,0.5219365263070438,2,6,0,0.3843494537427566,0,0.7917507788478485,1,1
89,0.7466941734912522,0,1.5647271454490526,0,0.7964696420646857,1,2,0,0.5250492183013054,1,0.9471665414769257,1,0
1685,0.2861546579492114,0,1.5092833286684983,1,1.0106120586413778,2,2,0,0.5146554072679264,0,1.1217291532676463,0,0
1804,0.2447887760345504,0,1.5367641023052367,0,0.13450515047034922,4,4,1,0.6185819161152218,1,0.7077993821964921,1,1
2166,0.6892242458111826,0,1.4918720140290755,0,0.40044675136022834,3,6,1,0.47582627896426094,1,0.570328731626992,0,0
422,1.379758230819724,1,1.4610410658662454,0,0.8696764889295094,4,6,1,0.5411000112349358,0,0.9600698409752368,1,0
930,0.1600096114826396,1,1.7890230500470095,1,0.5323728536063993,4,6,0,0.4160703945137636,1,0.8627462729536863,1,1
2248,0.7653594319492039,1,1.4852114396081129,0,1.1271255363389656,3,5,0,0.6697645977554326,0,1.0599007900561312,1,1
1042,0.6649275855974616,1,1.4983950166031648,1,0.8640394371224636,4,5,0,0.4593644156591518,1,0.9998825940493219,0,0
1094,0.12420220511159419,1,1.4995763198703518,0,0.2863171701052999,3,2,0,0.40934261610486955,0,1.1957359135778083,0,0
1534,0.5726899840251736,1,1.621273690719407,1,0.06303808125356247,1,3,0,0.4880561414650844,1,1.1071339926196881,1,1
793,0.21606871527833166,0,1.662735474154844,1,0.7221617536970707,4,4,0,0.5484327217032274,0,0.6981962817567812,0,1
641,0.4828076783877471,1,1.4111779797818107,1,-0.41736059370871004,3,5,0,0.40683076301390264,1,1.0414545948840783,1,0
801,0.37830976627542656,1,1.3081987335471945,0,-0.24897927527421437,4,6,1,0.41048221172331834,0,1.024260857168446,0,0
725,1.2455206882435226,1,1.5209666349593338,1,0.43351115881283375,3,6,0,0.5754191911713181,0,1.2163444356894886,0,1
1039,0.5232601975232474,0,1.4495506991822813,1,0.23062898771521978,3,5,0,0.44506121142443766,1,0.7262666515026962,1,1
1597,0.13745373131964994,1,1.4103626685529165,0,0.047753923538593535,4,1,0,0.5579226885856325,1,0.8666822650249629,0,0
1431,-0.2585209945630206,0,1.4174121740592698,0,0.6823683204717492,2,3,0,0.5674025277312883,0,1.099658990877968,1,0
1014,1.3655313381585708,0,1.5584023578340402,0,0.601335031608731,4,1,1,0.39801408477515676,0,1.1561848518266888,0,0
1563,0.1586227094066197,1,1.62765181597443,0,0.15370422649085042,2,6,0,0.508275184453447,0,1.194653516430141,0,1
1688,0.3865537725500846,1,1.610534212777949,0,0.9404050800424566,2,6,1,0.6095141158113722,1,0.9734648228933407,0,1
1752,0.7476482308084761,0,1.3728436744854389,0,0.5996890646988404,1,5,1,0.39362610571437984,1,1.2425386701080678,1,1
1236,0.8163367021017391,0,1.544686897989375,1,0.6613191878967918,1,3,0,0.440017476068869,1,1.085969090138027,1,0
989,0.5152818843142851,1,1.602707281429785,0,0.7015070747240245,2,3,1,0.5704979768634603,1,0.8084264872458011,1,0
2261,1.295394113915574,0,1.4219835206712417,1,0.3263428055146326,4,5,0,0.46014096214562566,1,1.1989142419208776,1,1
700,1.1458133026214647,1,1.4755986272866886,0,0.34564361881158057,3,2,1,0.2907019044054443,0,1.3368185222781752,0,1
349,1.1735707857459219,0,1.4954266417187407,0,0.49402229535551245,4,2,1,0.49552676458271755,1,1.030680662960061,1,1
2202,0.9787619069525849,1,1.3319995238629734,1,0.9211312805891382,3,3,1,0.44750613827163305,1,0.8537785365958481,1,0
363,0.9110859309768728,0,1.3803205920039612,1,0.2054159129152462,2,5,1,0.4139500594457278,0,1.116944510971777,0,0
1308,1.5472662372289663,0,1.3757187299775089,1,0.16410690198255323,4,5,1,0.4669166597984548,1,0.9562107293128423,1,1
1283,0.6645142581434212,0,1.3879122856780162,0,-0.07342170369163037,3,4,1,0.46903023232429003,0,0.9858033215263765,1,1
302,0.048893378211830096,0,1.4410818971821764,1,0.2774588896693946,2,1,0,0.3955281597574736,1,1.025253368490236,1,0
1514,0.1819538172414102,0,1.6249386020336614,0,0.27513190403741006,4,5,0,0.4203117310355674,1,1.0356435276461544,1,1
2080,-0.4730009861286374,1,1.4806284300733397,1,-0.0962751510628892,2,4,1,0.6146110725050159,1,0.9338313787148016,0,1
1526,0.35661797305399334,1,1.277849396835316,0,0.6456957519240526,3,1,0,0.48113408574126104,1,1.016839448833178,1,1
90,0.44735355150662026,0,1.6292230079348573,0,0.03226889637676961,3,3,1,0.4282993961542133,0,1.0139543537681284,0,0
845,0.27472908841288657,0,1.5773679184660976,0,1.0808022299337243,4,5,0,0.5673430172182463,0,0.7796926816026323,1,1
795,1.0824734924684045,1,1.6514846151528453,0,0.4314539727570671,1,6,1,0.5708377987015553,1,0.9962345953148354,1,1
213,0.7396114060191851,0,1.676861662899187,1,0.5498374400895008,2,1,0,0.42928154108947936,1,0.7397266589206487,0,0
1685,0.9615871168791109,0,1.5930622334413065,1,-0.10374678743780164,3,3,1,0.455050675338505,1,1.1958999150632499,1,0
1315,0.1420732213796757,0,1.485061438334171,1,1.1268802438561483,1,3,0,0.5355294940627807,1,0.6692031815138997,1,1
826,0.7058766578401675,1,1.5855100367174109,1,-0.0763532243615831,1,2,1,0.5244479172095136,0,1.0683974341961753,1,1
604,1.1361825501193548,1,1.5141099734396022,1,0.2264466743583297,1,1,1,0.4875733680126032,0,1.0317776688602631,1,0
676,0.11989606627885968,1,1.4923851051637764,0,0.9166817070235932,2,5,0,0.7114316850760769,1,1.2782914091041353,0,0
460,0.9253016856439453,1,1.5277517842824293,0,0.2913918683750819,1,4,1,0.4870891205110786,0,1.18206305166172,0,0
54,0.43819901432088065,0,1.3662685800930399,0,0.5160783105602537,1,3,0,0.48349521174608817,1,0.8295635093542041,0,0
292,-0.13261358172514737,0,1.4616632736516835,1,0.6815134834714659,1,6,1,0.49154547432103224,1,0.8311429684816806,0,0
610,0.7734874082226544,1,1.430562156628111,1,0.8919885084458066,3,3,1,0.5497992857654168,0,0.9665168364461593,0,0
1220,0.3490087012737614,0,1.3869681032185437,1,0.7744105274382579,1,1,1,0.3892010616994853,0,0.8608020089388252,0,0
872,0.351620487576219,0,1.5082797647965087,1,-0.04281149658724537,3,4,0,0.31335921518454457,0,0.744019836339937,0,0
1405,0.31630898379561606,0,1.5944050520336193,0,0.6035741707442065,3,6,0,0.5035731701335764,1,1.248545944708054,1,1
1033,0.8119604892624772,1,1.462541191700231,1,0.4571835022469883,2,1,1,0.37025361565937254,0,1.1908462367595423,1,1
1663,0.21727357580965384,0,1.4419421309267166,1,0.8826361520287995,4,3,1,0.4675038829892754,0,1.0378794721171483,1,0
1333,0.30800800824290175,0,1.592180054012904,0,-0.3532035441502327,1,2,0,0.48278771012415966,0,1.03946244662609,1,1
2021,0.2429931069295314,0,1.5190908542040402,1,0.6579613007427519,2,3,1,0.42987977319561466,1,1.1039200240946663,1,0
763,0.828834477799689,0,1.3848648593188742,1,0.7314018246496614,3,5,1,0.565176554976782,1,0.645776106856555,0,0
1530,0.6212768526820813,0,1.456727903433775,1,0.6962416563693711,1,5,1,0.4361230551785429,0,0.6512346969721673,1,0
904,1.0949114633771941,0,1.601279698477053,1,-0.0026287238070064056,2,3,0,0.5384148917953803,1,0.9963597579862123,0,1
2221,-0.09378118111278944,0,1.5062531834817143,1,-1.6376671951069763,1,6,1,0.570291834620934,1,1.128890984685793,0,1
1143,1.1382740744241846,0,1.4270745691473874,0,0.8363529820818552,1,3,0,0.424326547373796,0,0.8498142404668649,0,1
918,0.6131057414898803,1,1.5984721307111265,1,-0.3427436486252391,4,4,0,0.5981906050937568,0,1.2277006669161996,1,0
43,0.7939112418891953,0,1.3565797940520186,1,0.23933144722324623,4,2,0,0.5400878028566374,0,0.9853014998491881,0,1
58,0.6529134487711035,1,1.5889565269306185,0,-0.35732034797863155,3,4,1,0.45705350511166815,1,0.7850873356140398,1,1
1744,1.1139464221710234,0,1.4686771926357651,0,0.390048370441195,4,6,1,0.49817281929040474,1,0.9244531223383288,0,0
912,0.8205241522693063,1,1.3651481472438105,0,0.9464776321238584,1,1,1,0.5608847418394016,0,1.0305883547441206,1,1
1517,0.5085069650756773,1,1.4418080949453664,0,1.4487848853035084,3,5,1,0.44925353213313846,1,0.6533461906767084,1,0
106,-0.01087761850888802,1,1.316277490380697,0,-0.2028466164300683,2,3,1,0.4281088861219695,0,0.8662282138316713,1,0
446,1.024868948977768,1,1.584383712936151,1,0.2522945702119319,1,5,1,0.4488158636925621,1,1.0115138655514577,0,0
1356,0.41465784784900694,1,1.445582163580341,0,0.29296955266116664,2,1,0,0.48236427691103423,0,1.015124076017761,1,1
1263,0.5171383930599137,1,1.4126518039549838,0,1.062880561082495,3,1,1,0.33774485998706716,0,0.8944615151403901,1,1
1909,0.7920996948369183,1,1.6361564602122338,0,0.21281119660220865,3,6,1,0.30303964998946636,1,0.8035256263786352,0,1
1967,0.4658825925199347,0,1.4815546588138184,0,0.6275267995281798,3,6,0,0.4806928653689136,0,1.0978002902744888,1,0
258,0.6439099770502348,0,1.5569565219279657,1,1.2652854200866677,3,3,1,0.47910149532680996,0,0.9157988637066641,0,0
1100,1.2483757715434352,0,1.3151767263062544,0,0.9826070571359751,1,4,1,0.4163309304060481,0,1.1633816984827412,1,1
1356,0.6636741328265453,0,1.3678257528861246,0,0.8317998501246537,1,3,1,0.3730926109871527,0,0.5453621687224144,0,1
525,0.2819755130255053,1,1.5779926627727454,0,0.8586089823971688,4,1,0,0.3631470241620569,1,0.8227658246443169,0,0
1233,0.8044991634959096,0,1.4609023960371754,0,0.46739156476146115,3,6,0,0.4510806196855262,0,0.8150735974480431,0,1
383,0.2142857782144364,1,1.6693434268795082,0,0.4107857326897491,4,3,0,0.3391261326312244,1,0.990502424859061,0,0
1330,-0.019513424432125004,1,1.3931462312693668,0,0.1498612721531094,2,4,1,0.46568396745293106,0,0.8446399540492256,1,1
1220,0.24910335838721703,1,1.3011369182728458,0,0.3887129464559861,4,6,1,0.4685552411337485,0,1.3026688131172868,0,0
768,0.2052126304510325,0,1.6382398987891775,1,-0.22850160147703646,3,4,0,0.6112362797376,1,0.6083394217918128,0,0
838,0.18226344625507745,0,1.633844341329473,1,0.17319603917483678,2,2,0,0.5461494759497346,0,0.9990799279600339,0,0
1617,0.10101751779180113,1,1.490528437337757,1,0.5198641789660224,2,1,1,0.6607498117078566,0,0.8439583793918418,1,0
2099,0.7552188753798275,1,1.4800859591371853,0,-0.2311282392459605,4,6,0,0.4687203002821576,1,1.3179711512681789,1,1
932,0.4219418568108557,0,1.5848529958137476,0,1.064379905527432,3,4,0,0.6045373800637583,0,0.8725964247435,0,1
1222,0.21704230547527759,1,1.4970139737324022,0,0.9186331129314178,4,2,1,0.43115988372777786,0,1.1869574233176365,1,1
495,0.10846519479845995,0,1.4995272604619863,0,0.5725281137096105,1,1,0,0.4319560104494168,0,1.0178997206508802,0,1
1132,0.564132988675758,1,1.344811310915842,0,0.2745963948410078,2,6,1,0.4378153038181832,0,0.9839230392414416,0,0
1179,0.8322618759396196,1,1.457745497791471,0,0.5239827564337985,4,2,0,0.5519942988413835,1,1.182344971423325,1,0
2190,-0.40666702114671793,0,1.4521885345674568,0,0.6551941189650972,4,2,0,0.511641607462311,0,1.1414333764901339,1,0
1266,0.6425101350414899,0,1.4615934783868716,0,0.3712315252377596,1,2,1,0.46215733681057,1,1.00068911244157,1,0
1908,0.9110210104930927,1,1.5122943183801898,1,-0.028148769431278642,3,3,0,0.6113820331506168,1,0.8421375009205583,1,1
1604,0.8273423069134449,1,1.4966606551410366,0,-0.3899650862964278,2,1,0,0.6036493184908807,1,0.8998538228636661,0,0
73,0.28958580279681034,0,1.6210223870014069,1,0.7568536033720805,1,6,1,0.6028600707029697,0,1.1131569871094653,1,0
1732,0.2142363204121902,0,1.566444489519523,0,0.9307383750896988,2,5,0,0.45919081477315615,1,0.907131986857875,1,1
1017,0.28170536010347025,1,1.5016989506950285,0,0.3559488891322401,3,3,0,0.4552097205725823,0,1.0033097768109105,0,0
2332,0.48048080325011877,0,1.5100538161769363,0,0.815053387371593,4,4,0,0.35036572392804805,1,0.8939461215080595,1,1
1909,1.244567033991459,0,1.514440284645347,0,0.6751195235986875,2,4,0,0.44489206127334646,1,0.9500687752649981,1,0
1444,0.5516959695890506,1,1.507483070293054,0,0.371558726143048,3,1,0,0.5978626875102903,1,0.8785671250449911,0,1
2096,1.4188814674928492,1,1.682341261053124,1,1.114865359946662,1,1,1,0.42288013436353467,1,1.293386048415465,0,1
2011,1.1762302496994643,0,1.3729970981003354,1,0.6709341662481239,1,5,0,0.5048492030823288,1,0.7923900989032846,1,0
2183,0.3261061104585475,0,1.5888729078850174,1,0.6895902214514794,2,1,1,0.3414458668685687,0,1.353491450282387,1,1
1358,0.8780649903031166,1,1.4908306031951462,1,0.4185229171158393,1,3,1,0.3157129890530109,0,0.9457365230642829,0,0
1159,0.32278616799809173,0,1.4086696631686353,0,0.10889222318167463,2,6,0,0.6297863985341687,1,0.8634221825555397,1,1
2177,0.3260126044703886,0,1.5790960165276937,1,-0.6247997078512455,2,5,1,0.4548114362796943,1,1.1794900925535532,0,1
1923,1.393973734687037,1,1.5820373926858804,1,0.2120305882996522,4,4,0,0.40507395526800116,0,0.7340509609265982,0,1
1991,1.6371854647141582,0,1.3383919701003202,1,-0.4866167054943289,1,3,1,0.5801382781429593,1,0.8603746507703413,1,1
502,0.3831480468701697,0,1.4390123704005628,1,0.5703383750114515,1,1,0,0.4834005257942511,0,1.0300637469497367,0,0
983,0.7960350222505537,1,1.4201886206697911,1,0.23408719444182313,4,6,1,0.5456557883237456,1,1.279530352802953,1,0
2215,-0.0827823247138133,1,1.611991460704153,0,0.4594298664336664,2,4,0,0.4583917097835479,1,0.9412323902024159,1,0
7,0.5662263147091148,1,1.5758748368941184,1,0.6129135073555853,4,4,0,0.5658710615927555,0,0.8502103661576449,1,0
311,1.552907690560011,1,1.5420540666573164,1,0.7224107765060358,4,3,0,0.5353015711656056,1,0.878727354735408,0,0
1899,0.9145343782603269,1,1.4701978275285503,1,1.1716796733448573,2,2,1,0.37746654421238024,1,0.756273001087882,1,0
268,0.28607746367703124,1,1.346225533664759,1,-0.05386979963422589,2,5,1,0.48766324839116404,0,0.9117556188989633,0,0
1766,1.0165922794016833,1,1.43763524830663,0,0.5834055712426883,1,5,0,0.6161904229857447,1,1.250546416184823,1,0
1492,0.6627122703339929,1,1.3883959006868727,0,0.6245793087526647,1,5,0,0.46296635382063606,0,0.8485904362867521,0,1
2087,0.4590706961299303,1,1.4126643583149088,0,0.5610930704329097,3,1,0,0.4030693671812654,0,1.0733191625966438,1,0
280,0.1640448266117553,1,1.3474734280896432,0,0.6269503251956416,3,2,1,0.4279364175807127,0,1.3203830909961334,0,0
2378,0.05563454581494515,0,1.6077137780889519,1,0.7898856854605212,2,5,1,0.37008048605580585,0,1.087710576785298,1,0
1877,0.47273016302957516,0,1.5233490862475145,0,-0.22874619811636687,2,2,1,0.3697539743001662,0,0.9699716981754283,0,1
2270,-0.08219796864782669,0,1.4408644815727487,1,0.4601013828686885,3,4,1,0.287046666062419,0,1.194123673041123,1,1
2013,-0.02976242061427259,0,1.4670695789720216,0,0.5995166617774788,3,2,0,0.36707502127470587,0,1.2189792315273784,0,0
1940,0.0153088935163595,0,1.5905863055179457,1,0.869149309197321,3,6,1,0.5237963974993451,0,1.044674245995081,0,0
150,0.5704406464332042,1,1.6259990885915658,0,0.4668944730154223,3,3,0,0.5398088008626216,0,1.0516800609894237,1,0
606,0.40447912009439324,1,1.456449879492202,1,-0.08094355769710737,3,5,1,0.6058386121328935,1,0.6055772370421932,1,0
19,0.29187778202657333,0,1.4304781106028719,1,0.45690633911906325,4,5,1,0.483374631101993,0,0.9584627539018308,0,1
493,0.4342645141419385,0,1.5972267655894703,1,0.31040084503108556,2,5,0,0.48657906165929965,1,0.9981764934238336,0,0
1991,0.045784935357180534,1,1.6146608328382936,1,0.664924590880416,1,4,1,0.49385125556874276,1,0.5185537265905549,1,0
288,0.004408638894368988,0,1.4561610871983122,0,1.1412778879991872,2,1,1,0.5494903165873684,1,1.0725335691403863,0,1
2296,0.7402493003862362,1,1.4499142058518122,1,0.8618648246966196,3,6,0,0.4212279300865668,1,0.8564244316860649,1,1
1515,0.34077561093947395,0,1.4461859272842965,0,0.30444949702487717,1,6,1,0.5853780637628782,0,1.250798984331259,0,0
1803,0.14126094448331927,1,1.5412267668166637,1,1.0802789371231225,1,2,1,0.47704649481402434,1,0.802359645309483,1,1
1020,-0.048150873607664124,1,1.5333424830952875,0,0.03674738607957834,3,1,0,0.5244765177890407,1,0.8897275226503751,1,0
1335,0.9098613945116412,1,1.5790313038813315,0,0.21798381908763487,3,2,0,0.30508615442937237,0,0.8200676824660718,1,0
2205,-0.3577750310713228,0,1.4230444440524972,1,0.7005927177394973,2,5,0,0.3128381881682407,1,1.375505287723672,1,0
973,1.1900570727289357,0,1.3405982665048848,0,0.940758546316403,3,4,1,0.40983936648415653,0,0.7092879107539531,1,1
1432,0.13815694520009442,1,1.577693372953407,0,0.20056600607272917,3,1,1,0.36020202810437846,0,0.9915247567389054,1,1
2338,0.7782459774077741,0,1.5739145540455963,0,0.6102846630388314,3,5,1,0.5737672971340709,1,1.1504477694025894,0,0
842,0.6198192241353468,0,1.5417674744519108,1,0.3861872304898396,3,2,0,0.5114827808381169,0,1.1348089435723554,0,1
2031,0.08309335116649219,0,1.5234731664130308,1,1.1110833251747185,2,2,1,0.4406920893406573,0,1.0971416957343942,1,1
1525,0.16476201688761105,1,1.6330819487726154,0,0.858050359974809,3,4,0,0.358613619418251,0,0.9244895223221825,0,0
1363,0.14493979275117302,1,1.6196676479936263,1,0.05048323930376475,1,5,1,0.5263925425715907,0,1.231446996815025,1,0
2357,-0.02767848429681674,1,1.538316285269114,0,0.6961002090428533,2,1,1,0.46810927408232916,0,0.6097715244707911,0,0
157,0.4077420256377122,0,1.391300978866286,1,-0.2991508580805825,4,5,1,0.41721074673930547,1,0.7693584927204362,0,1
432,1.386877363309988,1,1.463086627625997,0,0.22760040818838778,1,2,0,0.47324613716700903,1,0.9946188138570792,0,1
1684,-0.2791771653708488,0,1.3916149349499785,1,0.9275002784544295,2,2,0,0.5216448932707132,0,1.1297720900955113,1,0
968,-0.16837613298795462,1,1.5360496876250005,1,0.28060749499118004,4,5,0,0.5296219856032407,1,0.958081803719935,1,0
1745,0.9969822804465385,1,1.2783472720021265,1,0.8852097184513581,2,4,0,0.3669264685038837,1,1.1762517175081395,1,0
299,0.2217103898052234,1,1.5393398893884567,1,-0.10697026481985672,4,6,0,0.37077215896453564,1,0.8005578854809562,0,0
2089,0.5000164765729728,0,1.4835552135803645,0,0.24355407301738907,2,3,0,0.7612413805609521,1,0.6948931075340405,1,0
2329,0.8720510251982102,1,1.5077410651861,1,1.3768888050616002,1,5,1,0.5397272529381395,1,0.9804563632234715,0,1
592,0.019360733861519097,1,1.4259210191816087,1,0.9290207967851508,2,1,1,0.48621648818060975,1,1.0466570500725763,0,1
305,0.7445379219017216,0,1.5127842461257919,1,-0.08255935635914269,3,1,0,0.6007483384884783,1,0.8104591949005494,0,0
2215,0.5853553133753943,1,1.5175896047736193,0,0.414572483891283,2,2,1,0.5134519124484447,0,0.891029468359062,0,0
1404,-0.354025305976184,1,1.3863008810489388,0,0.08345280076676498,3,1,1,0.38274289950501594,1,0.6214407579772119,0,1
769,0.5519307826973651,0,1.5464445560242874,0,0.8621687463394665,3,6,1,0.4060159549650716,1,0.8791207453293721,1,0
183,0.34111668385404237,0,1.4469209807247723,0,0.8808371380248314,1,3,1,0.4903272414159485,0,1.1749798467340047,1,1
2150,0.48164605847176495,1,1.4037933292384301,1,0.1049083158938523,2,1,1,0.44980411911762225,1,1.0926536226628234,0,0
305,0.10721013393774381,0,1.5664968546536733,0,1.1215736132398115,3,6,1,0.5644535668259832,0,1.0915128657358681,0,1
1660,0.3559201639063264,1,1.2894189455209335,0,-0.6102471195559631,2,2,1,0.36118869609962506,0,1.0086351751780591,0,0
1711,0.02810872494397021,1,1.604854889703036,0,0.4161945214854818,1,1,1,0.42149784325470985,0,0.742786035753568,1,0
517,0.26360730922792985,1,1.535842768820058,1,0.8926953176471524,4,6,0,0.6924993075506244,1,0.886302418735566,1,0
1294,0.6665796851916089,0,1.432585513781178,1,0.7340927451640255,3,6,0,0.49932319247365614,1,0.8116035392389949,0,0
1874,-0.24239974738486814,0,1.503923641542784,1,0.24916335879940127,3,6,0,0.501485230779907,0,1.2112670845590172,1,1
971,1.1335909545517628,0,1.402493343260805,1,0.3043540957659494,1,4,1,0.5659015688686873,1,1.3949457202045055,0,1
1853,0.34436071000050233,1,1.6177963149945203,0,0.14731565697596288,2,1,0,0.4654667716091005,0,0.8598118185287318,1,1
589,0.13562880289732893,0,1.4154197396063553,0,0.2874885823097383,3,5,1,0.3847084190548632,1,1.2157380362943793,0,1
1515,0.9433595590019364,1,1.2280150658635796,1,0.47130365445649297,2,3,0,0.46409217187684926,0,1.1959162246055124,1,1
365,0.34282695299280413,1,1.4359740278773716,0,0.1669708893719925,2,2,1,0.4626947940757194,1,0.8969930104415311,0,1
151,0.6397580934047415,0,1.640515194149879,1,0.7904272536625729,3,4,0,0.4967495295290135,0,0.9708432631946813,0,1
1067,0.8537593933845049,1,1.3708768083054788,1,0.9349089929240593,1,3,0,0.46116485635033827,1,1.0712031851921355,1,0
420,0.4534350473510604,1,1.551368984698207,0,1.1066198460442642,2,2,1,0.3162202377114329,1,0.9976730616195151,0,0
550,0.4780566770941543,1,1.6640062018907624,1,-0.07624947148611949,2,4,0,0.4514551356071453,0,0.8351967719294571,0,0
2289,0.5737228110166919,0,1.2927257321844678,0,-0.3237709213344011,3,5,1,0.44885500963999736,1,1.2288260302434675,1,1
1612,0.21185578128453952,0,1.525559044057446,1,0.4002487793062406,2,3,0,0.5210026293131593,1,0.5434096132620918,1,1
817,0.5189713505828176,1,1.6357335970225266,0,0.41291966825060167,4,1,0,0.5566520232657043,1,0.6412994445609539,0,0
355,1.1228299573815974,0,1.5913371888324004,1,0.16903723559473405,3,6,0,0.5067125010139476,1,1.2592795670688233,1,0
592,0.025102710685895258,0,1.5241654507609064,1,0.5106200670171465,4,2,1,0.543755615308269,1,0.949953455590515,1,0
718,0.5676265694058178,0,1.5274637313395338,1,-0.1549533376296549,2,2,1,0.43166343502053073,0,0.8647228596003076,0,0
579,0.7813702352929235,0,1.611439382786994,1,0.17270606480575412,2,3,1,0.5429784192541164,0,0.9255270804148183,0,1
397,0.4857673564755621,0,1.5667663861149326,1,1.243000824382511,2,5,1,0.3343156289710192,0,0.5587647689756517,0,1
692,0.49503033428606,1,1.3647156435024947,0,0.7300287193262684,2,2,1,0.38673419623507127,0,1.2395411433004568,0,0
867,0.3669746830960574,1,1.4633429514489829,0,0.433588129189712,1,6,0,0.5772994450374316,0,0.6774981872287409,1,0
2286,0.9198416400531856,0,1.6670197872903953,1,0.45306184598670934,4,6,1,0.2672225559146744,1,1.1740179653548,1,1
1590,0.2839679001147725,1,1.5935947633248502,0,0.2050275498043853,4,5,1,0.44527358680480733,0,1.3010189711073283,1,1
811,0.9050687968434539,1,1.4254329946632784,0,0.18230429956831562,3,3,0,0.3908789605307448,1,0.8508580783464474,1,1
751,0.5037345746534166,0,1.5539129150520081,0,0.8819196294942814,1,6,0,0.5304300916597166,1,0.972052274190112,0,1
505,0.4128844793844847,1,1.4691058572182831,1,0.2207368197519045,4,5,0,0.5293067527331518,1,0.8889497474628031,1,0
1890,0.7161554962155974,0,1.4107043947776048,1,0.11530330057363586,1,1,1,0.42661258013265413,0,1.2548691927964226,1,1
904,0.25750367711795275,0,1.4367313804002626,1,0.6417862840842954,4,2,1,0.3784068929136293,0,1.0624635631283432,1,1
1692,0.7286463406696533,1,1.4374395303524912,0,0.3760974220833399,4,5,1,0.46188503005102466,1,0.7683117479708995,0,1
1466,0.6485911843397831,0,1.5290293532792891,1,0.6462474795168646,2,2,0,0.5047710586888378,0,0.8033794867435579,1,1
922,0.08588627470923971,0,1.4767738018567858,0,1.0785042902414292,4,1,1,0.5251479790045769,1,0.8690455314265476,0,1
829,0.1328220525410207,0,1.3989727477474314,1,1.3012672353560344,1,2,1,0.3710337870573381,1,0.9430515264192413,0,1
144,0.3460688902597775,0,1.6180373064763862,0,1.0683431249656115,3,5,0,0.3579214550188332,1,1.1152876868205128,0,1
342,0.2969071776165215,1,1.4925352485286083,0,0.14743254846925785,4,1,1,0.379144730592589,0,0.6693441300775537,1,1
1916,0.12389564837432238,0,1.6389634209007333,0,0.056133647682799936,3,5,1,0.4625626941043408,0,0.9134588375141045,1,1
920,1.385341007801182,0,1.493151079007693,1,0.8173993857630515,4,5,0,0.4797204625815522,1,0.7856139318808106,0,0
1103,0.9253169447867209,0,1.4734572929501826,1,0.28909434409118084,2,6,1,0.5217744242132609,1,0.8945105753068756,1,1
1324,0.886528501702952,1,1.6567155953008708,0,0.18427089205017155,3,6,0,0.42701894499086085,0,1.285396523107305,0,0
1511,1.3382781331966953,0,1.5660941825783528,0,1.3041477587541928,2,3,1,0.4549890580661716,0,0.9441806544595434,1,0
1969,0.2203310618946862,0,1.5761884803548758,1,0.5997963483881581,4,3,0,0.3835390648223661,0,1.03181510276722,0,0
1402,0.3793179152428285,1,1.4497625973590773,0,-0.18134777046430828,2,5,0,0.4947412087075693,1,1.0751679111710106,1,1
2100,0.4437848036852731,1,1.6310441523610384,0,0.7514758825782881,4,2,1,0.4929818452615865,0,0.9685080937671593,0,0
348,0.25372978211005826,0,1.6419105739582192,0,0.17522031570738367,2,2,0,0.42841269417989847,1,1.000671571163672,0,0
509,0.5589400766226931,1,1.534681032474117,1,1.1051368496701266,1,2,1,0.3647411429557975,1,1.029246962491285,1,0
224,0.4805590114605868,0,1.4235715215097993,0,0.4966042044371658,1,1,0,0.5515121756633653,0,0.6520547744817591,0,1
119,0.5954502534026872,0,1.5144030460783182,1,0.40786115434431447,4,3,1,0.598594499827822,0,1.0315136706804826,1,1
207,1.2721149768295457,1,1.3482079435229095,1,0.16912695390317634,3,5,1,0.42955653731856397,0,0.6618809970903248,0,1
1381,0.8743090780449647,0,1.5639647579658733,0,0.8807732937582256,3,3,1,0.40349606103302693,0,0.9408946069585585,1,1
761,0.5968144198950514,1,1.499230522849101,1,0.8833916062421729,2,6,0,0.5011845833026701,1,1.0747550389289402,0,1
1437,0.4643796160321922,1,1.5171830164091893,0,-0.2465533542884899,1,3,1,0.33055529025736774,0,1.0272388782807471,0,0
1412,0.5762052829413897,0,1.535738880826848,0,0.18094479852343476,2,5,0,0.4228585108507821,1,0.7410827918273893,1,0
1851,0.08949144228815237,0,1.6261691759888364,1,0.8413194569838573,1,3,1,0.5419874846924355,1,0.5628508352700212,0,0
333,0.544533839833652,0,1.5893443746176428,1,0.6130087265917632,2,1,0,0.6298996139997057,1,0.9108274516407228,0,1
2254,-0.15024495811214045,1,1.5175051198992489,0,0.3443122592272029,4,1,1,0.3226863320938026,1,0.8320177308342029,1,0
1264,-0.0898205398531049,1,1.4623835870622293,1,0.8298852144796527,3,3,0,0.6108949942168138,1,0.8598540862275159,1,1
937,0.831991303947308,0,1.6007983474554197,0,0.8210309652053835,2,4,1,0.45533163397869647,1,0.7741162409938698,1,1
1600,0.36062899292974665,0,1.5205604690238763,1,0.5886494529622796,4,4,1,0.35515208089551187,0,1.008950045969259,0,1
2090,0.5198811455178594,0,1.6034399554438592,0,1.531046111797146,1,1,0,0.3717526747922396,0,0.8438038185963932,0,0
283,0.5129825485939238,0,1.462308181053649,0,0.46398962709361496,3,6,0,0.46001680734115485,1,0.8974934247689286,1,1
304,0.17652452073862013,1,1.535836389142493,0,1.2127744289206865,1,5,1,0.2823481094097301,1,1.2137268531910714,1,0
831,0.4550205217676925,0,1.3337290057858255,0,0.7850758284741607,4,2,1,0.27253961542904015,1,1.145066988477816,1,0
209,0.17713276110142417,0,1.4426334391153461,0,0.8782311005747988,1,4,0,0.3726146524741318,0,0.8306657620494619,0,1
2346,0.2763507446845235,0,1.6682391703524515,0,0.239484286294685,2,3,1,0.42693802635721173,1,1.1885646158046521,1,0
717,0.1365156243155099,0,1.4889250670473007,0,1.3667933821582323,1,3,0,0.4549735616761002,1,0.9739649410040615,1,0
172,1.255956185134047,1,1.3886075638273334,1,0.4319524039590223,3,6,0,0.4707401889152905,1,1.067063341732307,0,0
135,-0.20599582606142097,0,1.6269484631808242,1,1.7632833115913404,4,5,0,0.5548854567949001,0,1.1550630658460366,0,1
2285,0.9292917452625382,1,1.4594165792059446,0,0.670925643851214,2,3,1,0.4704785875815473,1,0.9492237372983328,1,0
301,-0.1395319268474593,1,1.581871159235347,0,0.6519799435877689,2,2,0,0.45561619001027903,1,0.8030931369416766,1,1
2278,0.26102512366924746,0,1.6066726137286202,0,1.5331178923000222,3,6,1,0.47666807311249093,1,0.7328993159685058,0,0
693,0.5392088624562673,1,1.5055558383774283,1,0.7650877322009622,2,4,0,0.46865345416679705,0,1.0681088298758206,0,1
2034,0.6585653092419688,1,1.5250983996715066,1,1.1146765958432114,2,4,0,0.4310586773218438,1,0.7701451687573129,0,1
1568,0.33755045503493064,0,1.512653077857777,1,1.059375304268082,1,4,1,0.5541309300947124,0,0.8581976835237533,1,0
2116,0.9101430505017158,1,1.568757146917802,0,0.9065474396213071,3,1,1,0.3787729610912769,0,1.2687930908038563,1,1
611,0.25624694606806747,0,1.5649256084082332,0,-0.05933545080848768,2,5,0,0.49902432389225343,0,1.0361087427172058,0,1
1059,0.341082224574746,1,1.5107492588794915,0,-0.25997164827261765,1,3,1,0.6356041762464093,0,0.48868915294004855,1,1
1463,0.7434005904022303,0,1.487370588139443,0,-0.19984065191462597,2,3,1,0.5017460486360565,1,0.8606189575042587,0,0
659,0.41486226837450546,0,1.5133301663608472,0,0.7581783463079553,4,4,0,0.3656697326817936,0,0.9233678068262033,0,0
1138,0.20724807548015106,0,1.3937256344668971,1,0.4754305098489532,3,2,1,0.5252572068090565,0,1.0840195444955778,0,1
1054,0.16613871801330143,0,1.5525751916733284,0,-0.01936732253874318,2,4,1,0.45282484834834114,1,0.9770596995811925,1,0
1250,0.4880856848987899,1,1.4338546342867224,0,0.6621409303831227,4,2,1,0.6109961792137656,1,0.9275124022671261,0,0
2156,0.6698398249241772,0,1.5443443651435518,0,-0.38069014451050665,2,1,1,0.25762931912393805,1,1.0276083752941174,1,1
869,0.02694065801627593,0,1.4111959256903832,1,0.8927707130355826,3,2,0,0.5342630795180161,1,1.2102012017143142,0,1
1132,0.646859203517893,0,1.5385708685038544,1,-0.9030908306520042,4,5,1,0.4768324877821269,0,1.2102509488792697,0,0
602,0.011597188194459929,1,1.500894742040159,1,1.148019120069876,1,4,0,0.39442500474045983,1,0.7878311757775509,0,1
1205,0.6409108160337478,1,1.3396218325669178,1,0.24021381868102498,1,3,1,0.6233264648188828,1,1.0444975711411517,0,1
1288,1.519716989247902,0,1.4747020395866963,1,0.1383713926985527,1,2,0,0.47686279674941673,1,0.7869794464345077,0,0
1542,-0.43480098152327373,0,1.528400475472042,0,0.5289478377974324,1,6,0,0.36627233066791315,1,1.376825247063783,0,0
2279,-0.03979311851751477,0,1.5604034984561874,0,0.6353081355406751,3,4,0,0.4092672407605147,1,1.2162170425535896,0,1
1757,0.6429393593459292,1,1.6204621678438997,0,0.32510068654536894,2,1,1,0.4576190896339011,0,0.9903204408102609,0,1
763,0.964316157967497,1,1.5380724261211765,1,1.2658394676452982,2,4,1,0.43721665178582536,0,1.0254414537550325,1,1
1238,1.2389297475243795,0,1.5615174354539592,0,-0.18684830742496994,3,3,1,0.43201926164762416,0,1.2809771046815666,1,0
114,0.8610767310950641,1,1.4905388075377457,0,0.41486298456938553,2,6,0,0.3459868483248616,1,1.0500196695640336,1,1
146,-0.02591397901363246,0,1.623486090512902,0,1.0895475713878744,2,3,1,0.3309180196724383,1,1.2869642952987417,1,1
1076,0.2005596988613838,1,1.6730658581679296,1,0.3822462264613646,2,3,1,0.5720629541794444,0,0.9082288894218156,0,1
1812,0.1269735941583492,0,1.616844563882546,0,0.5088528127637081,1,5,0,0.45149391915713255,1,1.2503986133058722,1,1
1166,0.40367351049690364,0,1.5604799417017283,1,0.26146326429830913,4,1,0,0.40640499092754223,1,1.1643287903600394,1,1
89,0.08221847684678146,1,1.424895491172222,1,0.7894925743723367,4,4,1,0.5549058555076062,1,0.9601599837650395,1,1
787,0.9621553892366147,0,1.449872701978493,1,-0.1759583701772499,4,1,0,0.3918640215676607,0,0.9441436834125384,0,0
1946,1.4327695259211635,1,1.3885511831868569,0,0.174607778534549,2,5,0,0.41885691274719533,1,0.8180640151794764,1,1
1347,-0.6044564285542027,0,1.5548838422068072,0,0.8898830280330506,4,5,1,0.3751283453307698,0,1.0764657316357078,0,1
341,0.6619434265531282,1,1.6498353184583339,1,0.5385392490227072,1,3,0,0.31855671423447784,0,0.7227155333300268,1,1
565,0.6659011002973236,0,1.5532020074495025,1,0.43303251574804325,3,6,1,0.39199591908955045,0,0.9545012152712135,1,0
1188,0.41243129655250144,0,1.4660201339649512,0,1.0847292654550622,1,4,1,0.36034544370931665,0,1.0690405189680412,0,1
1202,0.00377957915678373,1,1.5370843042151348,1,0.6088424668442171,2,2,1,0.4893762726223897,0,0.8486251201986129,1,0
786,0.4117552818058377,0,1.5824857046339351,1,-0.2121801319093789,3,2,0,0.5699423403067833,0,0.8371462147779453,0,0
1544,0.5512322357335944,0,1.516048455224092,1,-0.17779854789702187,3,4,1,0.4996634843958756,1,1.0926410528032142,0,1
250,0.19378804565899954,1,1.3645615389235857,1,0.1345213894185448,4,2,1,0.46607955456194283,1,1.1032503905846704,1,0
1447,0.38707537561217514,1,1.451194197892308,0,0.698671070425892,3,6,1,0.4537178446370807,0,0.8774844156870732,1,0
490,0.8139890167767108,1,1.3818563484273987,1,-0.23470421559709498,2,1,0,0.3789738893862976,0,0.6380786505160493,1,1
1481,-0.06364127217349924,0,1.5601079134630447,1,0.22942478227598073,3,3,0,0.45503483505853465,1,1.093400580943049,0,0
1305,0.3521734230389525,0,1.3970052655310108,0,1.5120959415028281,2,3,1,0.46812362896888743,1,0.5909816470605125,1,0
1496,0.5286818975714169,1,1.649883210135723,1,1.1666418045226035,1,3,1,0.4858095816939877,0,1.0150396620149436,0,0
778,0.21879010923515224,1,1.3980554499482845,1,0.975953987365461,2,1,1,0.49005091707632975,0,0.8599093300686445,0,0
443,1.089987448467981,0,1.2898376882438793,1,1.4241491217415998,4,6,0,0.35422893594260124,1,0.9809839356997809,1,0
320,0.7244128714217238,0,1.3772848429090703,0,0.768498087813331,1,4,0,0.6194348760046673,1,1.0698030284590285,1,0
1461,0.04893142424857688,0,1.6165006043832841,1,0.39272260082224936,3,6,1,0.5543916092834277,0,0.8969376329092905,0,1
1615,0.14288851068572989,1,1.5004146295878271,1,-0.07235750610296121,2,6,0,0.5290466079522516,0,0.7818084716342312,0,1
1342,0.29964459006178656,0,1.3803532466256363,1,0.4406129135479473,2,4,0,0.5388063288827792,1,1.12166478860434,0,0
8,1.1830838718733143,0,1.4690043258113876,0,0.5244086961168586,1,1,0,0.42239178938158767,1,0.8720178664897533,1,0
800,0.39810125163289733,0,1.497427532146465,0,0.857613749423991,1,5,0,0.4458199542675777,1,0.9133693944405621,1,1
1640,-0.09729067698710947,1,1.5658756302653702,0,1.4585196177169282,1,6,1,0.48936443415239567,0,1.217110429958959,0,1
231,0.13942181958428074,1,1.4450791932146985,0,0.24815466866845542,1,1,0,0.46077862744069387,0,1.1754924704184007,1,0
2093,0.6516350536780549,1,1.3680102107088514,0,0.15424072360287183,2,2,1,0.41727752003213386,1,0.8073435753547753,0,1
806,0.5789805476375564,0,1.477057719303389,1,1.0547057272308202,3,2,0,0.362316871640935,0,1.0489188056332603,1,1
302,0.5232750886419656,0,1.6745822126893617,0,0.9271309248913386,2,3,0,0.40966406791547516,1,1.1302633248098115,0,1
1333,1.0913253248984898,1,1.6108352166151556,0,0.07653803302573492,3,2,0,0.3394243731076695,1,0.9088186364861376,0,0
968,0.37514277601454893,1,1.5411096312866333,0,0.19923370208783292,2,1,0,0.5106678394960339,1,0.8027950794406691,0,0
344,-0.3259001591740166,0,1.4167323205791105,0,0.47675071237243954,4,6,0,0.3929450927606176,0,0.9488567816436326,0,1
2203,-0.27590600177006397,0,1.4467441361711026,0,1.1401770144161578,4,2,0,0.3995750142208415,0,0.5731822527600017,1,1
1299,0.4965610289951462,1,1.4415200224418918,0,0.35820240693618177,4,4,1,0.5328707082500956,0,1.0695068823682254,1,0
202,0.5767160419858599,1,1.5066374216400298,1,0.8272169475284441,1,6,1,0.3226361802916743,1,1.0696564481503692,1,1
81,-0.02717232016950033,0,1.3748441476903255,1,0.7919058924792228,4,5,1,0.7135379002179253,0,0.9853993905817581,1,1
402,0.850478972708769,1,1.4618707804536073,0,1.1287880808468826,3,5,0,0.5183186236873438,0,0.9061208831606935,0,1
852,0.5687261339505674,1,1.3830889661582868,0,0.29758522591735637,2,3,0,0.45682569458744887,0,0.8182089059876592,0,1
77,0.389296433117478,0,1.635589655408005,1,-0.4214909376198943,4,6,1,0.4635173187208485,1,0.887262935818159,1,1
508,0.5140830233321557,1,1.5213677678036455,0,0.7437433738841872,4,3,0,0.4731369873362214,1,1.0441115677087998,0,1
1350,0.2565130528308743,1,1.6976478944961013,0,0.32261441189930906,3,5,1,0.6081206443198525,1,0.8492682246254589,1,0
1365,1.38715704989065,0,1.385476320800986,0,0.39048017131856155,4,1,0,0.5364789434527468,0,1.23413018347178,0,1
2250,-0.11086503672407089,1,1.5484405778127532,1,-0.638532193404783,1,6,1,0.3615515944249896,0,0.857095982998106,0,0
742,-0.2831099968081813,1,1.6587859138415955,0,0.24229090120209418,3,4,0,0.37574299964859625,1,1.1496651752920795,0,1
801,0.7189134983160729,0,1.4777584565210002,0,1.2295783343444462,1,3,1,0.44133336761959135,0,0.9755909117950542,0,1
788,-0.05385077088465873,0,1.4699070170946777,0,0.8161507261282045,1,2,0,0.39847538831864965,1,0.7043886545018674,1,1
1427,0.0508971785999604,0,1.491699696538943,0,-0.24355733798978108,1,1,0,0.434885578176102,1,0.818086596140635,1,0
675,0.2805403180559796,0,1.4798141815312964,0,0.37950853610405444,3,2,0,0.5877954208188623,0,0.9045003056585996,0,1
1548,0.3387216274478031,1,1.5489153594092222,1,0.35811013276946635,1,3,0,0.5818772309565821,1,0.873697687184257,1,1
1870,-0.029328367004819555,1,1.5878121795032283,0,0.7092683380270822,4,2,0,0.5959386350564927,0,0.9547648953225513,0,1
1777,0.5014145982943109,1,1.5059819097363216,0,0.15108291244166422,2,3,1,0.5401381069576785,0,1.180143223221379,1,0
2122,1.2479252490751391,1,1.5120640314803875,0,0.47155795010012336,1,5,0,0.537950046347867,0,0.8357751362758683,0,1
2080,0.2667304511249533,0,1.292931889583727,1,0.7523246428213299,2,1,1,0.5145916472963673,1,0.8815120208645859,1,1
621,0.8208422400894873,0,1.5692823040449007,1,1.2774525096034792,3,2,1,0.38980332997444445,0,1.0064320339222812,1,1
2287,-0.4416057509585669,1,1.4467638179210915,0,-0.0361404411674322,3,1,0,0.5441269326344689,1,0.8855983552768806,1,1
1750,0.5875553202678191,0,1.4203723806464905,0,0.49045662589195593,4,3,1,0.5197641556792278,0,0.8394975706574304,1,1
243,0.8045897005509923,1,1.5957589054658565,0,0.38836662016562334,2,3,1,0.48333283489733364,0,0.8695829382670572,0,1
1019,0.34787773308247183,0,1.4950604158241205,1,0.6378003655253499,3,2,0,0.5594139676673419,0,0.96474437047197,0,1
1843,0.42794093922050447,1,1.4534766338721299,0,0.2840382329374768,3,4,0,0.35590560242794766,0,0.8385272889779389,1,0
335,0.10480474755889829,0,1.4991605974738271,1,0.9703867218519693,1,3,0,0.43265159855337004,0,1.0678848462583,1,0
1322,0.6353263502419609,1,1.6111717130820116,1,-0.0009170091077274067,2,1,1,0.4995947915528069,1,1.0594691664363434,1,1
1436,0.12501378220440845,0,1.5974619986917549,1,0.8109738361605041,4,5,1,0.4181822001142207,0,1.0230800461682905,0,1
1541,0.7669271894128568,1,1.4700721759199362,1,-0.8554064506956498,2,6,0,0.3688218797078921,0,1.164909285715635,0,1
857,0.2826700959991032,0,1.489455520181899,0,0.3088356888380903,1,2,1,0.4202614577119312,0,1.0475043825480561,0,1
1648,0.3720636630507411,1,1.4483673999439788,0,0.9259628087471171,3,2,1,0.37612836213715695,0,1.2343173035231505,1,0
293,0.5835722441439735,0,1.5317516027772324,1,0.9953350905181941,2,1,0,0.5167085818702511,0,1.2310708502009773,1,0
628,0.33350582409185614,0,1.608629440904576,1,0.03251198411864947,1,5,1,0.5569210465822474,0,0.8568649375321805,0,0
1043,-0.4370415962238474,0,1.5754245885347804,1,-0.6367495083107526,3,5,1,0.3934139125549929,0,0.8868681062568782,1,0
309,0.2904893802987974,1,1.510601438130909,0,-0.06280809355065076,4,5,0,0.4698211811278059,1,0.9182949283100593,0,0
2364,0.45074849112428794,1,1.4836069982220939,1,0.11614224549046576,1,5,0,0.5698812760421034,1,0.7706869575078453,1,0
173,0.5127744270412852,1,1.634163474376684,0,1.1482842633125938,3,5,1,0.5125274289106897,1,0.7816483536623381,0,1
41,0.4139441555533271,1,1.3933751956174392,0,0.4482943995212023,3,1,1,0.4254969547351993,0,0.9211193884930389,1,0
1255,0.24196868399865712,0,1.4813121040259776,0,1.1873221634046505,1,1,0,0.5683459431413502,0,0.8083185771577364,1,1
2052,-0.07385898780220679,1,1.500945612344323,0,0.2391988032123284,3,5,1,0.4059746262674512,0,0.7724970239435593,1,0
490,0.9199203441833035,1,1.594648119321633,0,0.6382960712204366,2,3,0,0.4303015411801733,1,0.7033452590183298,0,1
1339,-0.13846775680144063,0,1.6054156452647688,0,0.9910018482071028,1,3,0,0.37091760336155033,0,1.0053534225538412,0,1
94,0.76809346945129,1,1.3803186119518904,0,0.927572174933093,4,1,0,0.29270101623203915,1,1.0265828093873755,1,1
1842,0.7588792682712397,1,1.4916024872607336,0,0.675449426359907,2,3,1,0.4719581245015577,1,1.0213952453773736,0,1
233,0.9052794704857399,0,1.5604975405258188,1,0.37886589836374174,2,3,0,0.5434816993651886,1,0.949356328180097,0,0
1173,0.49063555236074663,0,1.4988696107874153,0,0.26852071603775374,3,5,1,0.27500755403268523,0,1.0108462700227052,0,1
1301,1.132151405934704,0,1.5867834494594315,1,0.1289523587146908,4,4,1,0.5026053663648055,0,0.8356490349804209,0,0
1480,-0.059486367813849195,0,1.3606397929366931,1,0.6281367572843176,2,3,1,0.4317748594756596,0,1.136294713023072,1,0
2322,0.8926487014289725,0,1.6149165453956094,0,-0.3213319792987569,3,2,0,0.5290859182409595,1,0.8512144672157129,1,0
1394,0.6963715852203191,0,1.3535280145334752,1,0.23310822303681022,2,2,1,0.6072240265189723,0,0.7126849691968996,0,1
158,0.3347654124108193,1,1.3954185500844534,0,0.4841932812588185,2,6,0,0.38684498650853566,0,1.1672094381702203,0,1
133,0.4800285245426352,1,1.5819713986915904,0,-0.04416069854868454,4,5,1,0.5621613282509834,0,0.8566197673924051,1,0
1788,0.772245983160605,0,1.710352869973133,1,0.8326343586314309,1,2,1,0.6635860151663967,1,0.726784174622896,0,1
1471,0.6071287574366312,0,1.45336528357524,0,0.6968726352018568,2,3,1,0.4301010602708028,1,0.9716698162603584,1,1
252,0.10516820322254061,1,1.541130660385938,1,0.16911714808546724,2,5,1,0.4771049886004942,1,0.9614411501389812,0,0
48,0.7266572886087609,0,1.7814366268789077,1,0.42198527640197936,2,4,1,0.47830188741972607,0,1.0388530655412742,1,1
1783,-0.2336945381113711,0,1.583840756021254,1,0.9693549633361803,1,5,1,0.40360056477317235,1,0.6304115507462443,0,0
675,0.9072988305727012,1,1.4163444992725276,0,0.40619942405557774,1,3,0,0.4731229606934696,0,1.1130816073375684,1,0
1180,0.4100643069558921,1,1.2719304120297625,1,0.18797793930162704,2,3,1,0.4189022861422669,0,0.7888577708364995,0,1
272,0.8943015778810388,1,1.4225290539408677,0,0.771055771884906,3,2,1,0.5028443605469982,0,0.7980700630907621,0,1
1555,0.04070587799808639,1,1.5568812010489956,0,0.6169165922410283,2,2,1,0.4446998831215768,1,1.1335737507750119,0,0
1761,-0.057877089311759944,0,1.4790103368302259,1,0.7507303903689213,2,5,0,0.5757154509733245,1,1.220987944357903,1,0
1322,-0.1818794705775293,0,1.6354654976706264,1,-0.034383493452114,4,2,1,0.4538918902397451,1,0.9809419676784237,1,0
1916,0.3267300210927022,0,1.4945603106702352,1,1.5039807325487284,1,2,0,0.3894414105634483,1,1.2926347141042285,0,0
1712,0.29310935257629156,0,1.316600623140299,1,0.19013357695960825,4,6,1,0.5144764432166105,1,1.0211749722954977,1,0
2219,0.48569515296565846,0,1.6753828616889241,0,0.08684520122546269,4,6,0,0.5289431355328517,0,1.1788753932302165,1,0
1477,0.5905385106139658,0,1.4366883991487072,1,0.9864921594388423,3,2,0,0.3848730119312372,0,0.94576193596173,1,1
1858,0.5456032727741464,1,1.4534637721604833,0,-0.3034028186956378,2,5,1,0.5177827003457003,0,0.7365276391324652,0,1
1289,0.42167665929478176,0,1.5566501398302708,0,0.3034996167618048,1,4,0,0.3487387869439187,0,1.1057724144735603,0,1
213,0.33559070422390314,1,1.5097977411523413,1,1.0836608078660497,3,2,0,0.57628467388022,0,1.2758284345288216,1,0
487,0.17539580050319636,0,1.4354583279971738,1,-0.5735932202509986,3,3,0,0.34660024467886585,0,1.2137845856449516,0,0
920,0.547606234250816,1,1.4885563265184278,1,0.7723440590358625,3,4,0,0.512139542410648,0,1.141279636995075,1,0
516,0.7066308653596196,1,1.4591352325762872,0,0.7652180798252406,3,1,1,0.5518536813106016,0,1.1371932009392864,1,0
1122,0.012629232963291215,1,1.3979532386246405,0,0.6611039012047881,3,4,0,0.48649817993529937,0,1.0124736956519564,0,1
375,0.1093539440069019,0,1.4734713092627927,0,-0.09852933288767773,1,5,0,0.38867634099074827,0,0.6634930871301411,0,0
2145,0.4804833317826312,1,1.7308386481384095,1,-0.5436973889546581,4,4,0,0.3797518422497731,0,0.9347470821882343,1,0
1315,0.7400647571964376,1,1.710446813878801,1,0.3715156443160124,1,4,1,0.519847062695034,0,0.8519120053433129,0,0
498,0.42293085916844414,0,1.5579846562704245,1,0.9007947829171101,3,5,1,0.4876318755881089,0,0.7021473305618577,0,1
1983,0.19024507569150484,0,1.4792128510654108,0,1.1198979275465781,4,6,0,0.5482662858054322,1,0.673334848576396,1,1
2272,0.03629276500435291,0,1.4818852378124043,1,-0.3447656181894596,2,2,0,0.44995326175062406,0,0.8153866018805652,1,1
2166,0.4931621346189303,0,1.43979943951231,1,0.15499972925456335,1,1,1,0.4099543869366086,1,1.3455798025128312,0,1
1177,0.36007586734462205,0,1.391836567905383,0,1.2704916186166573,2,4,0,0.5650219431274046,1,1.0798430968966786,0,1
810,0.12001261135331948,0,1.5583896853123165,0,0.47198175929169633,2,5,0,0.47353434239395986,0,1.2297467282999308,1,0
1669,0.7797301198820585,1,1.5668935392899208,1,0.9569186647122838,2,4,1,0.5180412885570514,1,1.2071655848296001,0,0
174,0.489944610011545,0,1.4610620755874808,0,0.2049397306374517,3,6,0,0.4869627095554017,1,1.25348849975178,0,1
370,0.8482447830597173,1,1.5588412284157034,0,1.6641223342677067,4,6,1,0.4856278978145655,1,1.2294734789699278,0,0
625,1.1833478513396367,0,1.5788494471655514,0,1.6187078335086942,2,3,1,0.47903715946529596,0,1.2771567601405458,1,0
487,0.09329776281459673,1,1.6949430783788604,1,0.5859758898384713,4,6,0,0.4487076489151672,1,1.1300576428191405,1,1
1316,-0.10263157582306404,1,1.4482874894052766,0,-0.226354530761941,4,3,1,0.5207520066651974,1,0.9868952982743863,1,0
306,0.4764174597401075,1,1.554720974499013,1,-0.011306475964967588,2,5,0,0.4518004936583806,1,1.1568728834144177,1,0
2320,0.30473852552519376,0,1.5208684461857394,1,-0.023071432186097085,3,3,0,0.34943694909263934,0,1.1493324057299839,0,1
1069,0.4963220267521706,1,1.7446758892503829,1,1.177440112113461,1,6,1,0.44518583066497214,1,0.8846595102951054,1,0
239,0.49310123446726367,1,1.623886511883959,1,-0.07190082219515226,3,2,1,0.40095571206000485,0,0.9891759656080791,0,1
56,-0.004056642269225752,1,1.4744278266232538,1,1.057049544639435,3,6,1,0.5012191894507374,0,0.6260625799482895,1,1
464,0.3061736188200761,1,1.412617595917569,1,0.14656596638058472,2,4,1,0.4716836665769536,1,1.0786240977241879,0,0
1444,0.3927359567902513,1,1.6477430875529364,0,0.6605732985702606,3,5,0,0.4809215593289165,0,0.831410549577283,1,0
1955,0.9577026197168971,1,1.3622441869411457,0,0.309158477863529,1,3,0,0.47492376469609243,0,1.0021136807544968,1,1
2125,0.29408712518508817,0,1.445925561083674,1,1.4978997957350115,3,6,0,0.36049192435692456,0,0.8066248540182823,0,1
270,-0.5812241108831584,1,1.5441658079619005,1,0.3971867169761246,4,6,0,0.539748539221371,1,0.9962879438016005,1,0
736,0.5729141529845896,1,1.4670131426567268,1,1.0440260409823656,2,6,1,0.41957954493045113,1,0.692341408996749,1,1
1630,1.0905523403913169,0,1.3879455684573754,0,0.4767586200090797,2,1,0,0.39091575137479195,1,1.2582470003665382,0,0
2298,-0.037067220253383604,1,1.532097674055561,1,-0.7919507868356124,1,1,1,0.5312034139487511,0,0.7479858838531225,1,0
877,0.5508452571601282,0,1.590577539014288,0,0.2178550636321156,3,6,1,0.5174977097325346,1,0.8975694795872629,0,0
1207,0.6143011899355947,1,1.5789839505536725,1,1.0022901868772478,2,4,1,0.62342730345727,0,0.9198173094725008,0,0
1707,1.4548038375685386,1,1.5158215720369808,0,1.096985627530699,4,3,0,0.4753330403418087,1,0.9371331951793573,1,0
2340,0.3787197120400845,0,1.456676013154365,0,0.2847881810665375,1,3,0,0.5288553888182231,0,0.7103413644837138,0,0
1232,0.03902713443768907,0,1.599864720734627,0,0.13682600219397195,1,3,1,0.317570383722484,1,1.0277118962029124,0,0
895,1.0005702076859595,1,1.482625658034969,1,0.3352855189219479,3,3,0,0.39171908291595336,0,1.2158569012477578,0,0
1370,0.648289207147306,1,1.5057767752165319,1,0.3356086656568663,3,1,0,0.6614724506660441,0,1.0640483327799135,1,0
2279,0.47386494187209754,1,1.3601958895574522,0,0.4230327206253307,4,5,1,0.437801196768357,0,1.1075597402842192,0,1
1526,1.209548274071273,1,1.5267243038043445,0,0.4000235818204102,3,4,0,0.3719750863340101,0,0.7843414793555316,1,0
1213,0.26771012770488745,1,1.469241892279278,1,0.17808376629002182,1,1,0,0.42908664810766883,0,0.7266227780825282,0,1
1374,0.3895184633586355,0,1.5147544590631261,0,0.3408576693442593,4,4,0,0.4454601273263272,1,0.975787461868941,0,1
514,0.883474042816275,0,1.5081997462884424,1,0.7266800144453074,3,5,1,0.391715275826954,1,0.9026476121053508,0,0
1245,0.6173959365856859,1,1.5313389147464376,1,0.6392965100070704,1,4,1,0.4528176719764701,1,1.122259184541797,1,1
1437,0.2629811931073022,1,1.317488172707383,0,-0.6524531810445193,3,4,1,0.5819551791382563,0,1.3248415280388626,1,1
1352,0.2556490263613954,1,1.4235348680949105,0,0.5051639883718532,2,2,1,0.44255623889427614,0,1.2370025891604985,0,0
1357,0.786336379795457,0,1.5486608433118776,1,-0.21521681274405635,3,1,0,0.47039180995584856,0,0.9437168177668522,1,0
2373,0.5233143214798408,0,1.6849588597210463,0,0.18804898888154625,4,6,1,0.438801611686701,0,0.7660554675692749,1,1
1818,0.6366096857737321,1,1.7757058071281044,0,0.25978570001714046,2,2,0,0.3806866167928746,0,0.8503849620876575,1,1
1495,0.4393864224084593,1,1.6289969348406348,1,1.0011563347799273,4,5,1,0.46987462183939516,0,1.1926275871524925,0,0
858,0.18040166783348732,0,1.5013021546396765,0,-0.2471014732226675,3,3,0,0.4567476486184005,0,1.024207274754086,0,1
2032,1.120266812226994,0,1.6763257823230042,1,0.7831470121252808,2,3,0,0.5109992290844811,0,1.000014206452267,0,1
1767,0.9989028084261241,1,1.5406315427193171,1,0.6904781132443575,4,2,0,0.42417875757416,0,0.8498866047394323,0,0
145,0.33596578674063726,1,1.4015602822961302,1,0.6971462963421415,4,4,1,0.5358616804352285,0,1.0389671070563677,1,1
1903,0.5974131921285589,1,1.6641556096715069,1,1.0669108162468586,1,1,0,0.45585936404465116,1,0.961865545746972,0,0
1711,0.38618227243385195,0,1.599426444100956,0,0.8880536639271162,3,4,1,0.5606729725051074,1,0.6677437418203778,0,1
1929,0.883691653541278,0,1.47779268323887,0,0.14579870957825586,3,3,0,0.40214490118885227,0,1.1111441052018347,0,0
1313,0.9328885492882688,0,1.558698676595154,0,0.4553168458843995,3,6,0,0.40368425533334895,0,0.7755957823303299,0,1
2004,-0.1365278667084786,1,1.7130000636181015,1,0.4276467926491463,4,6,1,0.4096805465655961,0,1.2701282918334886,1,1
1083,0.8146757789581291,1,1.5675066598312937,0,0.1962682953579965,2,2,1,0.41374086822969103,1,1.0575232740699203,1,0
1167,0.03517705697921658,1,1.4682959877506472,0,0.14586435714730012,3,3,1,0.5908439543979314,1,1.1821415744508137,0,0
10,0.6883577221856654,1,1.4801638253369795,1,0.8080964766420431,1,5,0,0.6342041580795355,0,0.9094088104436874,0,0
995,0.24296617910668217,0,1.573920518882426,0,1.0242345568537379,1,6,1,0.46365506030065323,1,0.7980479764018544,0,0
650,1.289595429521329,0,1.6260802936437704,1,-0.8911315631524177,2,4,1,0.4268698728400117,1,1.1386012133208518,0,0
692,0.3141664806133606,0,1.5684599738626563,0,0.6611050717458284,1,1,0,0.5990178840601852,0,0.7798130212614838,0,1
1090,0.7650677098925998,0,1.6399648662616282,0,0.5932862293602906,4,4,0,0.5567840037259302,1,0.6454860007462466,1,0
1751,0.34537611670583346,0,1.4506544380202977,0,0.4460316681642804,3,3,0,0.5631318887716716,0,0.8457880710894866,1,0
2345,0.9112719173506235,1,1.5050858915157734,0,0.3813498213694687,2,4,0,0.5510050828407664,1,0.9310876691690062,0,0
1901,0.8004628973324449,1,1.4052634327718703,0,0.22021335358513544,2,6,0,0.3939335728623703,1,1.2306023615566148,1,1
939,1.0809981594558835,1,1.5897527053772937,1,-0.6451184814389916,3,1,0,0.3592489759170725,1,0.8623121215879408,0,0
1863,0.20913232341431137,1,1.4723512378397954,1,0.6337517713462714,1,6,1,0.44348875344454886,0,1.044720215092649,1,0
2169,0.8299235247423374,0,1.4804128437554243,1,0.01593467623632233,2,1,1,0.4471009401843911,1,1.0438700747383987,0,0
303,0.5894532309586925,1,1.3376168811826077,0,0.8187712480642677,2,6,0,0.4268465344450322,0,0.7287825281628371,0,0
1561,1.0903671603386589,0,1.4367824473264579,1,0.09505429668567006,4,2,0,0.38674218755078993,0,1.0553407031105744,1,0
1436,0.5394826477986974,0,1.6123652735156657,1,0.9887481214910644,1,5,0,0.3898567208325389,1,0.782277828446444,1,0
1822,0.4300090594059083,1,1.4981053690345083,0,0.27252019860480614,3,1,1,0.4309487902477841,0,0.9106895438752173,0,1
2335,1.4481892610183986,0,1.4383542786245849,1,0.7984837718265307,1,2,1,0.5708853699209796,0,1.0681208827141044,1,0
1259,0.7226932994111307,1,1.557710550869096,1,0.8718874282321685,3,5,1,0.4100104425296591,0,0.8850359406720466,0,1
466,0.6825740685615913,1,1.5328013548933126,1,0.8101799082485228,3,3,1,0.44664958790889897,1,1.06349350192944,0,1
1179,-0.16935464007656942,1,1.4728211925065586,1,0.25859341080368664,2,4,0,0.5180080981635262,1,0.94673613744388,1,0
453,0.9882118101937158,1,1.4779846969731447,0,0.566194180157416,1,4,0,0.46166459477099453,1,0.6359459728631669,0,0
1109,-0.004075790863882212,0,1.6293630238488803,1,0.7410852028479127,1,4,0,0.5043559417369223,1,1.0354525126425207,0,0
2300,-0.18117483732983763,1,1.629193765866683,1,0.648268940572396,1,1,0,0.628577580861422,0,0.9246453377786168,1,1
2082,0.1832798230400975,1,1.6192387575244158,0,-0.19702730200116148,3,6,1,0.4441609522834645,1,1.138061151080124,0,1
1166,0.4510311754845649,1,1.5000603115081426,0,1.462281843453977,4,1,1,0.3885370462930661,0,1.0658263993612163,1,1
1974,0.48992304260020936,1,1.5385413854882914,0,1.1370901776465323,2,1,1,0.4202816540557215,1,1.0949053912735491,0,0
1773,0.729477289433848,1,1.3418185348232365,0,1.1387642210165019,3,6,0,0.3365511949524358,0,1.0555806325334645,1,1
961,0.8129002349466385,1,1.4438236166652683,1,0.31866609481401675,2,2,0,0.4016017927545196,1,0.9629065965320076,0,1
1802,1.124241269050895,1,1.4176984625348106,0,0.5131646579638587,1,1,0,0.38305938985954835,1,1.1981977168207982,1,1
1638,0.07828940059751832,0,1.5297008215737233,0,0.5722607136256279,3,3,1,0.33876191442408804,1,0.9312149827746533,0,0
794,0.647756863136447,0,1.5846434212521394,0,0.7135704538514247,3,3,0,0.42684228406048824,1,0.9950157666347645,1,0
750,0.7809701278627296,0,1.363547047398544,0,0.6880383378347031,1,5,1,0.49567633375891534,0,0.9175675683081447,1,0
1146,0.5905356139064715,1,1.4840636098964055,1,0.44933454315251475,2,3,1,0.48351435157389844,0,1.3225158466533227,1,1
103,0.7740562743053561,1,1.3962323711147118,1,0.38550159817107194,2,1,1,0.443621466845043,1,0.7497080693466208,1,1
42,0.74182816445029,0,1.6075531289462681,0,0.18993391187986763,1,6,1,0.5243716579544675,0,0.6848399845752522,1,1
417,0.8048847217171446,1,1.4436140349578157,1,0.7093415258380066,1,3,0,0.4808102624049875,0,0.8295457453021622,0,0
2183,0.4754210119943871,1,1.51936351643753,0,0.24835280549409744,4,4,0,0.5382130129457317,0,0.9664446363592303,0,0
1639,0.061957716560492204,0,1.653347159743463,0,-0.42233829786088684,3,4,0,0.5279587949256115,0,1.080596153753693,1,0
2101,0.9063923782784911,0,1.5914300195507038,1,0.8019195625760644,3,4,1,0.5155316976630364,0,1.2907469557646987,1,0
83,0.9357755260803584,1,1.5697235135958858,0,0.33331484868129657,4,1,0,0.4860432336579841,1,1.0551962878162504,0,1
1060,0.013003159365070016,0,1.616507888731476,1,0.8115153503706063,2,4,0,0.38758529799761127,1,1.0086832100452923,1,1
1803,-0.07636672060948546,0,1.466890367631417,1,0.959448289051032,2,1,1,0.490572435671732,0,0.984604824495705,0,1
197,0.2648262352192209,1,1.57439269573482,0,0.5353596660369829,3,1,0,0.44516626952785926,0,1.136444599066741,0,0
1037,-0.09616581516307088,1,1.3933556261866171,0,0.2955142381854101,4,6,0,0.4299435295953608,1,0.8434779411702079,0,0
525,0.8077749788609117,1,1.517200727720758,1,0.561484276921044,1,5,0,0.6116792394234789,0,0.7665006383770736,1,1
1111,0.7379854564534242,1,1.6260439157381128,1,0.7115176640647991,1,6,0,0.33309915909262133,1,0.5972533859473199,1,0
688,0.7056703407342646,1,1.5735921419935766,0,1.1155920585499897,3,2,0,0.48427593425718857,1,0.843565782102208,1,1
765,0.7680033827392673,1,1.6524123951928162,0,0.5712728859737607,2,1,1,0.5583977963979131,1,1.0957661269251178,1,1
1973,1.6431111419853637,1,1.5474090670946679,1,0.7466326335453465,2,5,0,0.47442482209896275,0,0.8813165082415292,1,0
766,0.46652769579546804,0,1.5024099857462627,0,-0.3093133402661612,2,2,1,0.2867028836091492,0,0.8254799684913747,0,0
2174,0.6546674336293086,0,1.5012565830968052,0,0.1717213618706644,3,2,1,0.4526777244467906,0,0.6589967137885968,0,0
1481,0.7604766132259735,1,1.4356834001098355,1,-0.1476494123040779,3,6,1,0.45887743503315065,0,1.1379136436140194,0,0
1511,-0.046209762670379684,1,1.62487852382495,1,1.1210115110017416,3,2,0,0.41845482781441456,0,0.8799390052055807,1,1
1442,0.18436338683185627,1,1.55687496037759,1,1.1759468627975638,1,6,1,0.32064494601152094,1,1.3329197375104935,1,0
892,0.5759399280782604,0,1.3920509824605203,1,0.17411699757177523,2,2,1,0.5454508312356877,1,0.943591836613284,1,0
903,0.47628404440962696,1,1.4298984516627065,0,-0.2174817057926003,2,5,1,0.40839706949465504,1,0.9698256747350544,1,0
1448,1.1683856329034168,0,1.5723328651733892,0,-0.0653372887469944,1,6,1,0.44379635223333225,0,0.731807473039276,0,1
2351,0.2894115958756839,1,1.667860531137248,0,1.2603429652331426,2,4,0,0.43623243971490683,0,1.1609962027850063,0,1
2184,0.6555218984808596,1,1.5345906251144816,1,-0.07162996800884647,4,6,0,0.5765744899668936,1,0.7637501804896122,1,0
1420,0.835490867415806,0,1.3947359984046175,1,0.5559676706008093,4,4,0,0.3885258332580237,1,0.39322566852637886,0,0
2182,0.7888690745547833,1,1.3919610772718891,0,0.8598643924205842,3,6,1,0.4752296249837337,0,1.1766033541923286,0,1
1448,-0.1551380471296281,1,1.4437575438895955,0,0.30967941382240605,3,4,1,0.40516531329532607,1,0.9686489499368919,1,1
1980,0.07809384988961948,1,1.5102089283825195,0,-0.25047049824752654,1,4,1,0.44907544879792893,1,1.1199166595959096,1,1
2170,0.40440914707809816,0,1.4135424527031692,0,0.5744332189852127,3,6,0,0.3055359799292604,0,0.7376917536880179,1,0
1334,-0.3754629629729488,0,1.353162095777755,1,0.819362616951478,1,2,0,0.44395486191782446,0,0.986915595224689,0,0
696,0.9725705488632621,1,1.4744060247772772,1,1.2692316653998896,4,1,1,0.4319180873805993,1,1.0695183036637113,1,0
328,0.14291072241626407,0,1.3564798476794981,1,0.21916047154883206,3,2,1,0.4627829639946087,1,0.9395444984692096,1,1
1197,0.17806016860504614,0,1.6467307399320392,0,0.09100705029479605,4,2,1,0.511125338630602,1,1.2783620584877324,1,1
1405,0.0021636560871214905,0,1.5117111266608358,1,0.25950700265787596,4,2,0,0.5631011492440564,1,0.9603963679897607,0,0
2194,0.1303239841047797,0,1.5143582999219,1,1.2558304111345482,4,4,1,0.4598459711837492,0,1.136868268729165,1,1
374,0.4862017152761133,1,1.6128845750824636,1,-0.5666036991987913,1,6,1,0.5362841037395534,1,1.0984189388879742,1,1
1443,0.5929630647000081,1,1.4926449452730626,0,0.3419881825549359,1,1,1,0.29959673042431667,0,0.9939987225717325,0,0
2109,0.06169891692149487,0,1.375736882882895,1,0.39187364139227043,2,4,0,0.517804190929932,1,1.062959415924719,0,1
584,0.23676050152636757,1,1.5274415118684403,0,-0.3095266610785641,4,4,1,0.5535640385296422,0,1.3006507414998971,0,0
1116,0.8665937958461809,1,1.3838152727334074,0,0.4140722775096689,1,4,0,0.42176349164724497,1,0.916787415406802,1,0
1430,0.5491675920405428,0,1.5076750800026328,1,0.9909722708758972,1,6,1,0.6666385676686907,1,0.8227506688982258,1,0
88,0.18103912478309175,0,1.5287730272320121,0,0.46816686976831434,3,3,0,0.621995956876984,1,1.091405217843933,0,1
1934,0.46263559226540474,1,1.537250089609602,0,-0.15240639405682688,2,3,0,0.45858778715604104,1,0.941888696741771,1,0
1604,0.36747313813928173,0,1.5753991814963575,0,0.7958364107418112,3,5,1,0.48847402210128177,0,0.9458163963419162,0,0
1493,1.10577196521659,0,1.419155495191992,0,0.10483152685833896,1,1,1,0.45412409861057057,0,0.8001348891156667,1,0
1231,0.5110525241028936,0,1.6224429496461574,1,-0.13916457350785938,4,4,0,0.6305304468326541,0,0.9850012862823017,1,0
1624,0.9096871200302781,0,1.3987081382500965,0,0.09789641014665224,2,6,1,0.5648335513926475,1,0.8742148694176722,0,0
821,0.4137633303437986,0,1.4146578123223623,0,0.630695227769191,3,5,0,0.44801018812798926,0,1.013302931304569,1,1
1657,0.8913055171296703,1,1.497434700610222,1,-0.515111075244862,3,3,0,0.3210792335345446,1,0.8023978042009822,0,0
2124,0.41408542269964,0,1.3532603941601837,0,0.6051518790168746,1,1,1,0.5336058714704999,1,1.0587580272977541,0,0
1704,-0.09785032360569423,1,1.4779803539377625,0,1.0011610811820628,1,6,1,0.5087063318270028,1,0.9877341152252196,1,1
1730,0.7248684687436768,1,1.4558851749760024,1,0.6545669514439894,2,1,1,0.5952444991990818,1,1.0916370978077796,0,1
1159,1.5187479820643823,1,1.4274112860750328,0,0.7780235463718533,1,1,0,0.49812802299686526,0,0.945932799983255,1,0
745,0.8338746253706646,0,1.471855884483705,1,-0.4096497704308891,2,5,1,0.4755950751162698,0,1.0183674539843357,1,1
963,-0.0251669787346257,0,1.544001083561382,0,0.26013592568522437,3,3,1,0.37636338602734204,1,0.7553113019692963,1,1
183,0.5037661163481605,1,1.5478040594079017,1,-0.05872557880897766,4,6,1,0.23660922004779647,0,0.9521421813112283,1,1
1213,0.09482222654826428,0,1.6103328032227988,1,-0.12706688236686503,4,4,1,0.377610252457571,0,0.6664225108870934,0,1
1798,0.35406744131791634,0,1.573348106537924,1,0.025618717391778068,1,2,0,0.5380150157951481,0,1.2746500375967669,0,0
2100,-0.21188326065997576,0,1.4460872727076775,0,1.1886175286567606,3,2,0,0.47737089100121,0,0.9171235422411177,1,1
1501,0.351198576479927,0,1.5444517703114446,0,-0.09932982169322913,1,1,0,0.40367213104523314,0,0.8441905191435248,0,1
71,-0.07348441740760137,0,1.653119063084978,1,1.025844920690739,1,3,0,0.4405002262670948,0,1.2761441261494355,0,1
877,1.1456270160203297,0,1.4831628221162492,1,-0.43514889938704804,3,6,0,0.45401818017330864,1,1.0630273612823027,0,1
2221,1.012755130412581,1,1.5278310155507997,0,0.977006607795627,2,5,0,0.48100911554965625,0,1.104115494249262,1,0
1645,0.3917430466501425,0,1.3712522993100786,0,1.3386951014084252,3,5,0,0.30715579785756386,0,0.4230018853138727,0,1
2010,0.294300166679195,0,1.403577836298343,0,0.2333472486381164,3,6,1,0.5239172901843661,1,0.8781995800291523,1,1
827,0.9723794485125676,1,1.4805510968341176,1,0.889705221226862,2,6,0,0.35978336302644376,0,0.9685391809938144,0,1
1265,0.44963170800508023,1,1.545483686082744,1,0.7949056442190587,2,4,0,0.3448202767082461,1,0.8474008276266001,1,1
600,1.4070090069438685,0,1.5026859755309974,0,-0.5305068227333278,2,5,0,0.33144136880332276,0,0.9701024996090843,0,1
1017,1.1627342107469487,1,1.4381765575899623,0,0.04592730453054683,1,6,1,0.41319363948220483,0,1.0561118083146026,0,1
474,0.297510128626738,1,1.4982522589587208,0,0.35200617284276936,4,2,0,0.5766614123963383,1,1.1795640728780552,0,1
65,0.5748654763282215,0,1.6073665838518385,1,1.3743361693485188,3,6,0,0.5529475525324706,1,0.9287899237123205,1,0
1325,0.9742266911427571,0,1.3814426248353018,0,0.24624081626233874,1,2,1,0.3592807885833286,0,0.9434987169471468,0,1
506,0.40782658028686947,0,1.3686176546904893,1,0.5098782813213705,3,2,0,0.49825336704376094,1,0.8207407654949442,0,1
1688,1.2187844434848047,1,1.5253873284394812,0,0.6043319738207477,2,6,1,0.30657864673750335,0,0.7075005206089835,1,1
351,0.6967884368781614,0,1.5160748033110072,0,0.41242333651440405,4,3,0,0.40977509633692155,1,0.9449928695251757,0,0
1379,0.94270276587915,1,1.6506207688550418,1,1.3460621277813232,1,6,1,0.17455758427956092,1,0.689912826630351,0,1
1352,0.5020941789951847,1,1.475705593600732,1,-0.06463728313461203,3,6,0,0.49845117596470634,1,1.0012198351680213,1,0
1474,1.2861625858361294,0,1.6030428313712621,0,0.2092406562811907,3,5,0,0.4413706032750467,1,0.8067970235697053,0,0
1937,0.8225678699171388,0,1.495580571023434,0,-0.11198441146564375,1,2,0,0.4383613748121074,1,0.9124481954928373,1,0
2027,0.3468654999666176,0,1.5645021534376047,0,0.4094152717898276,1,4,0,0.49873203801621296,1,0.8823816116065716,0,0
182,0.45859093140325347,0,1.3554021104886782,1,0.6128410836613908,2,4,0,0.4536143753334891,1,0.9996636252113791,1,1
2379,0.5244200722488155,0,1.6415791900226193,0,0.25373241611262953,4,2,1,0.29668955798724306,1,0.8867261609502134,1,1
1628,0.6219487693021113,0,1.3977944457810174,1,0.28563831316519905,4,6,0,0.47754021965505045,0,0.6119129613243302,1,0
1215,0.2476986024427369,1,1.5186406158479748,1,0.3243616875913128,4,6,0,0.4144173005130575,1,1.1769307185733218,0,1
1747,0.2930385772796677,1,1.560477290047853,1,0.3708044799839828,1,3,0,0.4432089515587519,0,1.0514096033414244,1,1
1274,0.7212033135753891,1,1.4938683711043872,0,0.885149361528288,3,6,0,0.5015363335808333,0,1.1177538851447963,1,1
1245,1.4435441935655249,1,1.3907884539238324,1,0.2199443722984054,4,6,0,0.4701279272572827,0,1.2127666378650197,0,0
555,0.22984478851046491,0,1.56166822422143,1,0.8343789556797125,2,5,1,0.397645294346091,0,0.9524124894819173,0,0
77,0.08414594094762495,1,1.454401577959996,0,0.23122800230751872,4,3,1,0.6183258384681309,0,1.1567144799795475,1,0
455,1.0385871409843828,0,1.525010474161451,0,0.8724186642525973,2,2,0,0.5090152746024327,0,1.08448347627631,0,1
1068,0.1189385613490403,0,1.392584780228184,0,0.07153803649310392,4,6,1,0.46351973424781245,1,1.09635109028648,1,1
2056,0.15872816392999833,1,1.3840341293966105,0,0.5909040208558692,3,6,1,0.4043965986336336,1,0.8986806985888751,1,1
506,0.14575431057030053,1,1.4512471282687527,0,0.7805172558698958,3,2,0,0.5010838021668114,0,1.140231514945191,0,1
1168,0.5690213124154959,1,1.5194241968413627,1,0.7564708667144298,2,4,0,0.28083730984301997,0,1.164433064126848,0,1
1748,0.550477341206913,0,1.2918720289152823,1,0.8765079614732685,2,3,0,0.4634271734284386,1,0.7225778608261091,0,1
759,1.300003487573942,1,1.5032697184785109,1,0.1066319071849201,4,3,1,0.5642474415357118,0,0.7450238767890462,1,1
197,0.17471391961671096,0,1.2243712698128988,1,0.6310867921222283,2,3,1,0.5756974939487487,0,0.6190267506641418,1,1
1807,-0.446226116692059,1,1.6038775358009203,1,1.4619271069588802,3,5,0,0.5858108160275994,1,1.018312052743313,1,1
221,-0.45178727910157246,1,1.49784365104447,0,0.1899452711818828,2,6,0,0.41306203758256005,0,0.9416879435598703,0,1
1697,0.3121824455871122,1,1.6245454758500142,0,0.2744518192963233,1,5,0,0.4895747617411827,0,0.9616329561436995,0,0
513,-0.04403406957199618,1,1.3976002409977777,1,1.344001802531029,4,5,1,0.6293523865431283,0,0.7167951309426606,0,1
447,0.8247282498037503,0,1.4291780169365667,0,0.24153533334082988,3,1,0,0.5247840059333534,0,0.8970534665617943,0,1
2212,0.42251852198363304,0,1.592647815132799,1,0.583837946729198,2,6,1,0.47956879326929647,0,0.6550911822673382,1,1
2258,0.23284121064210095,0,1.3733370073975852,0,0.8049094296577268,1,3,0,0.5966364942849363,1,0.8550572419562894,1,0
825,0.8849270220300267,0,1.440672565240967,1,0.961732249158336,2,5,1,0.4100789267902064,1,1.1885793045529707,1,1
2301,0.6736640528082394,0,1.6483898882764025,1,0.11748498149068815,3,3,1,0.4767408216024061,1,0.8991751869701388,1,1
101,0.03220109301780116,0,1.5655718101450555,1,0.30805478447053625,4,2,0,0.40118562806716657,1,0.6395354573387659,1,1
763,0.7447241964783206,1,1.5169623907033345,0,0.2513517003888266,3,6,1,0.43514069863259264,0,0.8841625308676457,0,1
1252,-0.6757240246664558,1,1.7104195786689602,0,0.24055739591363973,3,4,1,0.4879981249158985,1,1.0297252757793125,0,0
2352,-0.2891634233138861,0,1.5014220913497414,0,0.3891371891597787,1,6,0,0.4722443107877064,1,0.9295151222498503,0,1
1818,0.5991624378054575,0,1.348945786453553,1,1.5067354222393148,1,3,1,0.4403418869768242,0,0.9994390904548591,1,1
1136,0.5634162492493999,0,1.5168049702884259,1,0.573124572643476,4,2,1,0.5567232574288608,1,0.6729562668175094,1,1
1574,0.17069289940170662,0,1.3872877403872643,1,0.30042352640667724,3,1,1,0.5552848920532217,0,0.9708111427414234,1,0
1555,0.7520963154734086,0,1.5831892614534575,1,0.7839576471740888,4,4,1,0.4571895039533849,1,1.308713609078223,0,0
700,0.22087750432628717,0,1.4911779378019876,0,1.330148098200843,2,5,0,0.3832616679285678,1,0.7505961405872271,1,0
671,0.35687866425228437,1,1.4068091125630113,0,0.6998323450933901,4,3,1,0.5689351175092655,0,1.1964453709168463,0,1
1246,0.09775262535531021,0,1.5633897170431361,0,0.957869522624164,2,2,0,0.48556015227246524,0,1.0739059521396337,0,1
817,0.3087846246416265,1,1.4301091953226508,1,0.3277174148484603,1,6,1,0.5143052086788527,0,0.9290101707339353,0,1
432,-0.3382356540056508,1,1.5491650469001552,0,1.3766806076144573,4,6,0,0.48255069237357484,1,1.4234861695898218,0,1
287,0.9155302702248644,1,1.3834450102272,0,1.5384380960102877,2,6,0,0.5327024026778606,1,1.0007131232763975,0,0
2005,0.7042096850904692,1,1.5073174639156213,1,0.22476777746944487,1,2,0,0.3706482038735096,1,1.0389450015830386,0,0
385,0.5592532108312522,1,1.6117796514877833,0,0.8849644627315696,4,1,0,0.37024598579058277,0,0.9963357471621678,1,1
1752,0.8514280709454903,0,1.5765426510122347,1,0.31196820722394214,2,1,1,0.5601950341489585,1,0.7154042175524427,0,1
371,0.7245797115382793,0,1.5137312230726427,0,0.039515647139214294,4,3,1,0.2838988997575739,1,0.8746437732982301,1,1
755,0.8102531046377577,1,1.4638850926732925,1,0.31370255220897214,2,5,0,0.6676833821428046,1,1.1123394329305647,0,0
1582,0.35887818705089863,1,1.5264799234575646,1,0.6557175629084349,3,5,1,0.32211331183470204,1,1.4953634055872747,1,1
1269,0.07283998655185386,0,1.66591855017472,0,0.6399378859960353,1,4,0,0.5410771216730582,1,0.7568235807408537,0,1
1915,0.6105448233295758,0,1.358627621042417,0,0.3945410339770974,2,4,0,0.47372773129177626,1,1.0242179468490025,0,1
379,0.6744230772340629,0,1.385979978306531,1,-0.33240891433004505,2,2,1,0.502349559604314,0,0.9762242099714227,1,0
811,-0.05875789525192654,1,1.4889806467888522,0,0.5892085016359502,2,3,1,0.43944399562678893,1,1.2856790420741189,0,1
2002,0.28072921188436384,0,1.423412057111304,0,0.8903636440358831,3,5,1,0.5181632100213021,0,0.939007450734359,1,0
1809,0.2485766413873859,1,1.4593632758246111,0,0.969291837769743,4,3,1,0.44609267644228284,1,1.027591945790284,0,1
1024,0.38800029336375313,1,1.3458462694676099,0,0.3143259428949763,2,5,0,0.3565632806818769,0,0.946148430923434,0,0
189,0.1275337704700783,1,1.5391507801255728,0,0.5160688115853932,4,5,0,0.43531819496630464,1,0.8670166677827325,1,1
799,0.02350576705733548,1,1.4430113588261215,1,0.6636842069962822,4,6,1,0.4381744115426218,0,1.0757510936985306,1,1
230,-0.35485158688645935,0,1.350308711636067,1,0.25396794027620095,4,5,1,0.47019803254262454,1,1.126404979342274,0,0
1015,0.7529403974252065,0,1.512265398031889,1,0.6733386456030497,2,3,1,0.3871410430951676,1,0.8209472655256711,1,0
82,0.9594878101111732,1,1.4979362469634692,0,0.672116622612747,4,3,0,0.34949463774529166,0,1.1124628825000327,1,1
2204,0.01772100376197716,1,1.4428970586426615,0,0.4509816206952279,4,3,0,0.4907407501489012,0,1.2099911129253766,0,1
1462,0.7319669212636517,1,1.38758650418519,1,-0.20495312406142507,3,4,0,0.605611908086813,1,0.8481077779073636,0,0
807,0.7655422582463537,0,1.3967682828709915,1,0.5706348516327279,3,6,1,0.5317795041728736,0,0.917509926367897,1,1
334,0.4944447923208101,1,1.3735596689270022,0,-0.5357574241351164,4,5,1,0.5321164504847845,1,1.3198261565244587,0,0
1936,0.6363975708911107,1,1.420740919640618,1,1.078499042541414,3,3,1,0.5526076727948831,1,1.1295709877358269,1,1
1403,1.0513227876100388,0,1.6110840238533755,0,1.1395703901995335,4,5,1,0.5530223092068847,1,1.2112924368858076,1,0
1064,0.6219118817632856,1,1.5871996241926547,0,0.33675267527319463,4,3,1,0.5626097730692258,0,0.8895236303641872,1,0
1126,0.7809650929105127,1,1.5342173789696423,0,0.6497972248874836,4,1,0,0.44421923473714053,0,1.385634470987519,0,1
518,0.9575393360560676,0,1.587397035984075,1,0.23209117097319143,2,5,0,0.5283135564597634,0,0.915335493335853,0,1
1821,0.3272782904190491,0,1.4717650114146705,0,1.7969115024328115,2,1,0,0.46581347082293323,0,0.9926495609955599,1,1
1221,0.9942480882533087,0,1.6274550983919045,1,0.8065787695338058,2,5,0,0.3699851941067202,0,0.9886557862219337,0,1
2133,1.41669272751771,0,1.6052774007103248,1,0.6154807543844616,3,4,1,0.48143419738730375,0,1.0235903465513467,0,0
800,-0.00400764284850208,0,1.5331669824807843,1,0.9752360468815763,2,1,1,0.4895315931236396,0,1.0553109238296208,1,0
2007,0.8263180935002281,1,1.3788341062298006,0,0.060011838004036755,2,3,0,0.38990783498303927,1,0.7007859371718259,1,0
2234,0.38704456621337935,1,1.5782135992148727,0,0.643130894749543,3,5,0,0.5181801387285276,0,0.9709544429907414,1,0
669,0.4010803567376454,1,1.4395309170939605,0,0.32201189197774527,2,5,0,0.42511246719364243,1,0.7745603566798696,0,0
764,0.8399652693245437,1,1.6014683076751697,0,0.9401584138124957,3,6,0,0.5342913843812532,0,1.1698254480861534,1,0
2047,1.1239197318845262,0,1.3959504420068258,0,0.9210069020278335,3,2,0,0.4794452953438981,0,1.0608162462477533,0,0
1882,0.8306492126151552,1,1.5004308437812233,1,0.17279756396224744,3,3,0,0.45552594434529364,0,0.7334941061479262,0,0
602,-0.1703549935714298,1,1.5911525922634906,0,0.22227906750069448,4,4,1,0.5306246458220722,0,0.9866891647627389,1,0
154,1.0245338641930446,0,1.4545453010297027,0,1.0601885226912495,1,2,0,0.3805547546045682,0,0.9448364489582424,0,0
250,0.8316893407314513,0,1.522562595460639,0,1.2868318409085608,1,6,1,0.3745383106710012,0,0.8460835150576065,1,0
904,0.2025259795029397,1,1.4524221425834076,0,0.45059439978391197,1,1,0,0.5848958433782592,1,0.9258704100816001,1,0
207,0.8442941963555108,0,1.5037024645585835,0,0.807943607062159,4,2,1,0.4832461479339347,0,0.7809642361678335,1,1
560,0.22439698500505734,1,1.4123437951125433,0,1.2040288915156325,2,3,1,0.3906655620982611,0,1.1680412483708247,1,0
135,0.6743321256754988,1,1.3703643799129377,0,0.0027011290391211196,1,5,0,0.5634962322608124,1,0.9172622553965173,0,1
532,-0.5852721163378323,1,1.5632850563670349,0,-0.19470606805053958,4,1,0,0.4403826862662047,1,0.7075680302869525,0,0
532,0.8262593547031807,1,1.5169998598559422,0,1.1592690032624873,3,6,0,0.526699622248802,0,0.8115857842166587,0,1
1287,1.0146485682187831,1,1.624465461629538,1,0.39914789781447,2,6,0,0.47587649582474484,1,1.2791335139539188,1,0
848,-0.10305520754511055,0,1.3458854769895114,1,0.5781215660845535,4,2,1,0.5066972499525978,1,1.0694142445386883,0,1
1970,0.7473770396243042,1,1.4004801891616878,0,0.08220074893780277,2,5,0,0.40151451573220986,0,0.766973272878207,1,0
846,1.506955530106601,0,1.420821279836142,1,0.5360090862842005,4,3,1,0.45415970014293594,0,1.2489585361973572,1,0
100,0.05609071720467396,0,1.5862445116641029,1,0.7887139081233916,4,6,0,0.37391050079592125,0,0.8635597640972009,0,1
377,0.8352452499982179,0,1.5803091433415561,1,0.37088884626642876,3,5,0,0.45184356896850897,1,1.0162167919965586,0,0
944,0.8692652051048984,1,1.481243127793381,0,1.153116039598117,4,5,1,0.34731217375145895,1,1.0093822621634474,0,0
1325,0.7602130739097558,1,1.4063442841979803,0,0.6888997735704501,1,5,1,0.5563353279215751,0,0.7245594824893989,0,1
124,0.7314595960265549,1,1.5230279797277755,1,0.6741455793413189,3,5,1,0.624080883026924,1,1.1072245653784443,0,0
388,0.36686412498116927,0,1.4983900758865945,1,1.0559015761635524,2,1,0,0.47244645154365233,0,0.915709794900236,1,0
680,-0.21338480884419242,0,1.5193386291862636,0,0.431005210986054,4,6,0,0.4913514299066257,1,0.9374299235241209,1,0
628,0.7561070869443882,1,1.5411877913943686,1,0.24838729713661245,4,2,1,0.4630561010845908,0,1.159726498872318,1,0
2189,0.5036212026896613,1,1.4344466921803998,0,-0.48171378374203355,2,3,0,0.4852496073554539,0,0.7919964153097302,1,0
2156,1.0781911545180045,1,1.3820368221550305,0,0.7538901407073146,1,6,0,0.5642067368002195,0,1.2152171961044567,0,0
909,0.8953706163723603,1,1.421749437745558,1,0.6370486264705506,2,4,0,0.48833141449850576,0,0.8065003291074482,0,0
1909,0.1374640718783079,0,1.3827867548009334,1,0.10365296792410589,3,5,1,0.6705628929682892,1,0.7917713869014553,0,0
1137,0.724138779054422,0,1.4102827597620973,1,0.8308806680356502,4,2,1,0.46470301502971906,0,1.0485401057257493,0,0
1965,0.7278698393368288,1,1.4403940943408229,0,0.46914112434561933,2,2,0,0.7621840609878723,0,0.6192676631640193,0,0
814,0.4998738591203923,1,1.424876047034652,1,0.5480239095498938,1,6,1,0.32817137898757726,0,0.9753670856840913,0,0
1794,-0.2267403891949744,0,1.423002921669643,0,0.39270937450251064,2,1,1,0.3208348907509847,1,0.8054302188776448,1,0
1710,0.6157610547103222,0,1.4832888103993866,0,0.4887623827502746,4,3,0,0.40924284686956697,0,0.9967323926914675,0,1
1695,0.8346103518814545,1,1.458289945824727,1,0.39408349286019306,1,3,1,0.6887974924784211,0,0.8804745374238621,0,1
1314,0.3109891826233503,0,1.6705314082720386,0,0.4225194882714378,4,1,1,0.4216335083505232,0,1.1314546802490981,0,0
1971,0.34608634982252384,1,1.5415320906633208,1,0.5332821588234712,2,4,1,0.5184398939882703,0,1.350829448827933,1,0
1095,1.0358784193246193,1,1.539760751234124,0,-0.0622174596731877,3,5,1,0.375672455945188,0,0.8907530505504108,1,1
548,0.8015393668229092,0,1.6011594592769485,1,0.24323719276111228,4,5,1,0.334792224440285,0,0.8812011036020935,0,1
864,0.5169053705761746,1,1.6392216424951533,1,-0.1296521253943298,2,2,0,0.4078780775990959,1,0.9457707154512203,1,1
253,0.7508468510156463,0,1.513049062958961,0,0.7015936130458615,1,3,0,0.47417721461474505,0,0.8477879519251332,0,0
2268,1.0573542973347756,0,1.4820853866300148,0,0.183611889566198,1,5,0,0.5479337795258894,1,1.260614812635996,1,0
1082,0.1676052102613771,0,1.3356367485256428,1,0.2719387938530825,2,3,1,0.5790588408383708,0,1.1480253590694856,0,0
2271,0.29516660466475675,0,1.3724830235345413,1,0.02023782864832646,3,5,0,0.497146090419376,0,0.9411047534582916,1,0
1757,0.4264544303544894,0,1.6494190134671185,1,0.6765758489018725,3,3,1,0.4119504578430391,1,1.1261926881381792,0,0
2259,1.0570787426760748,0,1.5493537626758256,1,0.4716366693665122,1,3,0,0.6901124496230204,0,1.0309512017973816,1,0
1369,1.1969074910895046,0,1.4066865957179646,1,0.3017794839544686,3,4,1,0.5241522704702793,0,1.247408261948812,1,0
2185,0.954913226851714,0,1.6035542227298818,0,0.4653253026090018,1,4,0,0.36428775166082333,0,0.9988721616949412,1,1
1747,0.4363192132298511,1,1.5169107541374303,0,0.7131849071361642,1,6,1,0.4706742746689302,1,1.1781344826747064,1,0
1743,0.05941101994633069,1,1.4662710462891229,0,0.6971479810998185,3,1,1,0.5986100795087101,1,0.9303840615364068,0,0
88,1.064598406778134,0,1.4729206637582501,0,0.8501553405717015,4,1,0,0.5227043285946226,0,0.9037273316562712,0,0
174,0.6439402876193233,1,1.4012836534374398,0,0.12380988619734407,1,1,1,0.4852522284848222,1,0.9269747922342109,0,1
203,0.07626620290440073,1,1.5621547531770636,1,0.21781147216313562,3,1,1,0.4391514957816992,1,1.153607713705662,0,1
125,1.0986556634284135,0,1.5873440848168854,0,0.6731950887843183,4,6,1,0.39790108159719706,0,0.9453614694180495,1,1
609,0.80818689976249,1,1.565999639338651,1,1.3027970080102174,3,1,0,0.46665895900038856,0,1.09893962816658,1,1
1261,0.41337997564884577,1,1.3598863096565448,0,0.9861074720490725,4,5,1,0.5645744961443289,0,1.1774407774037776,1,1
2086,0.48298881596797927,1,1.3764354106205687,1,1.300497532404261,4,2,0,0.38450880611269944,0,0.4689626373624477,0,1
1701,-0.09093617094133866,1,1.4724521936303143,0,0.049300033325910375,2,2,0,0.5409807405560816,0,1.0117425881263438,0,0
410,1.12986822573481,1,1.5489859961067245,1,0.43260429431736674,1,1,1,0.422613242073023,1,1.064621411381399,1,0
2035,1.0635698315271456,0,1.5640557329562559,0,1.4300180132097755,4,1,0,0.3353069719665383,0,1.2429379760091313,1,1
1326,-0.25753637226553094,0,1.5258594990918453,1,1.659734178791792,2,3,0,0.41697031606415147,1,0.7501187534637632,1,1
676,0.9444299143411603,1,1.4349626910478168,0,-0.5046707851389387,1,5,1,0.3895153868350232,0,0.7993308480986392,0,0
1343,0.05569305895565363,1,1.5979388431696508,0,0.9306294296649656,4,2,0,0.5334485885864237,1,1.1689174926029346,0,1
2266,0.5507556075617718,1,1.5427919987368752,0,0.438632405262901,4,2,0,0.49904514157088353,0,1.1215220621806856,1,0
1893,0.10171334791571152,1,1.636423706611028,1,0.27177085249783695,3,2,0,0.5276170107462866,0,1.0503979346654768,0,1
2098,0.0566786795356069,0,1.464880185341207,0,0.38337108166769784,2,2,0,0.38074948426284466,1,0.7321236659762722,0,0
976,0.2747775567630725,1,1.389321936904082,0,0.6882281097217046,4,6,1,0.3695522239825272,0,1.0575436980562132,1,1
1038,0.31536200089592425,0,1.5935026095482354,0,-0.42192887654527966,2,2,0,0.6599622850739593,1,0.5714680261791647,0,0
202,0.2683984997202216,0,1.5479980767280834,1,0.36609914491538587,2,5,0,0.5111278545931764,1,0.9480325094200934,1,1
292,0.5621995158105227,0,1.576590626333068,0,0.7199344379798245,2,1,0,0.412787515052904,0,1.2974586388853748,1,1
1358,-0.1265079630952305,0,1.433931566558435,1,0.19015216689287356,2,3,0,0.47934440419497154,1,1.0646181619424786,1,1
1357,0.6196575375251263,0,1.465106705512003,1,0.8134147652135347,3,1,1,0.4886352139589116,0,0.957266000277643,0,0
2297,0.2541971339741249,1,1.5228241885489366,1,0.46839073132289405,2,3,1,0.45649846837432784,1,0.8467250757989693,0,1
8,-0.6000144333829085,0,1.4126653264075557,0,0.3495166008079157,4,5,0,0.34307950360648215,1,0.8139385990210319,0,0
456,0.9588093210220252,0,1.3446021392768723,0,1.0351430858965596,3,5,1,0.4619200433210935,0,0.9279077987997427,0,0
530,-0.027012904594455822,0,1.514459260803587,0,1.1235227527494354,4,1,0,0.4989130921681497,0,0.6507210381507542,1,0
1334,0.13383812486365154,0,1.5688294767047282,0,-0.21617930491667814,3,3,0,0.3750889551866407,1,0.7426035013759529,1,0
1331,-0.051880042301677975,0,1.689397361896021,0,0.28409748204124474,1,1,0,0.3693114326118875,0,1.0358598220998065,0,1
943,1.4956958949567793,1,1.44652814917867,1,0.15302603091174982,1,1,1,0.5309982410004128,1,1.3617489853274642,0,1
1036,-0.09293942703134461,0,1.582328302745174,1,0.33112697866619023,3,1,0,0.41514732479834066,0,1.0451864509826756,0,1
1601,0.5363552142196127,0,1.4677466785561588,0,0.4616265974850123,2,4,1,0.3245534981897161,1,1.2628001837588125,0,0
6,0.24494425339494968,1,1.5049122430495212,1,1.039723423400206,4,2,1,0.4964236576634964,0,0.933702221337006,0,0
691,0.20087937238643827,1,1.3461312266093588,1,1.060333667752253,4,2,0,0.5182866779687667,1,0.9948100723259962,1,1
1432,1.180284162370165,0,1.4576604935305053,1,0.25311062964137454,3,6,0,0.6062285397354507,0,1.0200809292639348,0,0
1412,-0.27546930881096465,1,1.3749340786493807,1,-0.36393009074087923,3,3,1,0.6182908126107597,0,0.8485521330271456,1,0
1614,0.7052668492443374,0,1.4809226720838706,1,0.3556443166076789,4,2,0,0.5859271166947585,1,1.1914722790005297,0,1
2004,0.730719612080747,1,1.5142068628017313,1,1.3734795827255952,2,2,1,0.44054593073446596,0,0.9500109260254116,0,1
2177,0.6301679245053239,1,1.3903079451420992,0,-0.12005303772735776,3,3,0,0.42864752275676465,1,0.9617894113649645,0,0
1503,0.6738823804069429,1,1.5299064641852163,0,0.9770589840109049,2,1,0,0.7478831003454178,0,0.7990969930711608,1,0
2030,0.8264478714693642,0,1.5497511920159737,0,0.25912575445325425,2,3,0,0.4828454092185681,0,0.5757177447280905,0,1
789,-0.18864568532652493,1,1.6432193137925202,1,0.9633800458717862,2,1,0,0.4455745542377143,1,0.9933922837342329,1,1
966,1.0577167009844257,0,1.5479068921330552,1,0.598249319376688,3,1,1,0.4429059627586663,1,1.1266913736005715,1,1
771,-0.07264835006872006,1,1.499135320517392,1,0.2805861652048419,2,6,1,0.42671700645018823,1,0.8416340339985021,0,0
669,1.0712417144667654,1,1.3777746958006167,0,0.7689904940062253,1,1,0,0.3787775841647403,0,1.1601637881347602,1,0
2290,0.8577231831047296,1,1.6028248164313532,0,0.9722025270027079,2,4,1,0.33590714507161956,1,0.6781601725205548,0,1
2187,-0.03837789128287972,1,1.537846879121069,1,1.0805722326847373,1,6,1,0.358394486859754,0,0.9190353301673878,0,0
1379,0.44113279702958125,1,1.4715937783028687,0,0.7079387275278872,2,2,0,0.437781535814258,1,0.9409435401334613,0,0
186,0.8255383972021865,1,1.5384374608669593,0,0.6986350784452235,4,1,0,0.3974924126327358,0,0.7415457448789842,0,0
2000,0.7302225752066623,0,1.458744099357715,0,-0.13420414239890244,1,1,0,0.5470620552443257,0,1.0028051927074473,1,0
2300,-0.9726153289923114,0,1.404638493922404,0,0.6864409933170206,1,5,1,0.5248563540552846,0,0.9390406049506625,1,1
618,-0.03152806450944623,0,1.411722950042768,0,0.7556042072937833,4,4,0,0.6583964442353157,0,1.2065192271970957,1,1
1693,0.33311832156718957,0,1.5282780924507697,1,0.22167080888659296,1,2,0,0.3052173504500589,0,0.9575941862239808,1,1
206,1.4363300615934265,1,1.6932195002230768,1,0.38847945218555435,4,1,1,0.5356381551238186,0,0.9477640450114593,0,0
1573,0.817954450701661,1,1.3204567481754654,0,0.9306816589764607,1,1,1,0.6098563655631392,1,0.96613678194641,0,1
169,-0.09319927978441866,1,1.5379805604775834,0,0.42237830813985255,4,2,1,0.444163872160409,0,0.8840638447154865,0,1
2271,0.6595865797688569,0,1.4765879925173886,0,0.4295848779346452,3,2,0,0.42691381055472755,0,1.0057210178494713,0,1
622,1.1020919366441362,1,1.6225561954694794,1,-0.08838274367665977,2,4,1,0.402468997806418,0,1.0200352437163323,0,0
1972,0.35715800298693107,0,1.5536066567583007,1,0.5015556149835245,3,5,1,0.46026638266735564,1,1.046141286589925,0,0
1703,0.5781104768844436,0,1.4320242735704296,1,0.8511155377400554,2,2,1,0.4745710961932538,0,0.8418120224938482,0,0
1948,0.3920298042745396,0,1.5192277497306952,0,0.7550738555830969,4,3,0,0.38939817613415006,1,0.9614435331930904,0,0
1498,0.8623874972040939,0,1.4744933197910182,1,0.39804590985515187,1,1,0,0.41894388143883,0,1.0134226162324746,1,1
561,0.18727117498163814,0,1.3104219967035708,0,0.9568046723881325,1,3,0,0.40323109966058573,1,0.6990531475171998,0,1
1145,0.6952627855570115,0,1.4652349500474446,1,0.5945459157638641,2,3,0,0.41095718666952163,1,0.5578201256277457,0,1
223,-0.2316137722207411,1,1.4787487590461372,0,1.0158767584779702,3,2,0,0.5500193653653124,0,1.2681150470593228,0,1
1937,-0.33576225655228353,0,1.5094901088501391,0,-0.15695507917198037,3,3,1,0.5432284063434374,1,1.1225679824298012,0,0
1824,1.1654894111924847,0,1.5397307952052357,1,0.7874144775917491,4,4,0,0.5937296971495464,0,0.8130328126455935,0,1
2075,0.6878542090186279,0,1.4892662223560182,0,0.5065441389952494,3,3,1,0.46710452858570184,0,1.345712489709149,1,1
1270,0.3419411780188091,0,1.5685184244452204,1,-0.2076554999444804,4,5,0,0.5319207779533149,0,0.8905527691461318,1,0
1020,0.8521399397539418,0,1.4079585200177742,1,0.836990922425924,3,1,1,0.3577612207990253,0,1.12007694421195,1,1
1027,0.5781953553669249,0,1.3650145091529098,1,0.27340105164631756,4,2,1,0.457898467152801,0,1.1630590833856884,1,1
966,0.9329491506293786,0,1.4752177549106908,1,0.28921364376976233,1,3,0,0.5410895955535769,1,0.7347245115297186,0,1
691,1.121862070291927,1,1.441146586323537,1,0.2264686084597008,1,5,1,0.47379215279433623,0,0.9002646215760792,0,0
1872,0.4709843346908191,1,1.6760756987624679,1,0.06405305302857739,4,6,1,0.5044076481802371,0,0.5403686446729814,1,1
614,0.2681805558567091,0,1.4918203663171719,1,0.7688661275462083,4,5,1,0.5406367834306457,1,1.2166088415712164,1,1
781,0.2854409166066439,1,1.3817465539144131,0,0.06526269588642242,4,1,1,0.5302332471274571,1,0.8272116353295795,0,0
1834,0.3629433486160565,1,1.4807100238021376,0,0.317223991375251,3,3,0,0.4229151457593416,0,0.5530200907106909,1,0
159,0.906367271647394,1,1.5643091256876305,1,1.1154818827364164,2,2,0,0.3371738718796178,1,0.9454411630635515,1,0
2266,0.5344059744535314,1,1.572165299255741,0,0.7732778751925531,2,1,1,0.5246691238864293,1,0.9549566261498725,1,1
1192,1.188637932793562,0,1.5695104459507898,0,0.4385104311640875,1,2,0,0.41582185821837847,1,0.8960761982988248,1,0
1804,0.26123876998252626,1,1.4865087866277265,1,0.2522930319514958,4,2,1,0.4430474484942741,0,0.7712722464616792,0,0
1997,0.6782294746576951,1,1.509547178050739,1,-0.5682847389490113,1,2,1,0.5108599407631962,1,0.7640940358985112,0,1
1727,0.41593709737305057,1,1.4412252516456352,0,1.791757941755297,4,4,0,0.4566323874977246,0,0.9429819187002538,1,1
1940,0.918999666911188,0,1.4908111129366182,0,-0.12794664413677048,2,3,1,0.4552568245469559,0,0.8769915983392074,0,0
1533,1.0481754766199145,1,1.6021700065340991,0,0.3926455411012098,1,6,1,0.4512235523565474,0,0.8684625052158541,0,1
614,0.640860847913671,0,1.5690697005290037,0,0.04901939356924917,2,6,1,0.3892215286325759,1,0.7766212102280543,1,1
1102,0.13571611260986727,0,1.5231945222667738,1,0.5080842494031895,4,3,1,0.39590148026873406,1,1.072682731431882,0,0
1455,0.43659623665124614,1,1.5322361458562104,0,0.3280609279816648,4,3,0,0.5395484953806727,1,0.9208109359420813,1,1
171,0.3826815158577124,0,1.4178475405295758,0,0.8623132297704674,1,5,0,0.4355219538824385,0,0.8223736170894818,0,1
1203,0.05739058134815789,1,1.5706534799878995,0,-0.32879419446715874,4,5,1,0.48627305316253777,1,0.9355197851588697,1,1
2271,0.8295819913297843,0,1.5421953714602108,1,0.6775893131143028,4,4,0,0.4754878706692808,1,1.2986948747412332,0,1
1681,0.5248063143319012,0,1.5988576677733302,0,0.9862855413508232,3,3,0,0.49503524722421177,1,0.8912445312177595,0,1
1492,1.0368565955342293,1,1.4391309347270318,1,0.376440517362195,1,5,1,0.45699344708920936,0,1.0585455382700977,0,1
221,0.29090948441401043,1,1.5580169965180708,1,1.0440109784127927,2,6,0,0.4453226032032211,0,0.8298737298581624,0,0
758,0.8168267777519824,0,1.476428821183989,0,0.964929246732285,4,1,0,0.4884051723807369,0,1.1463323992109624,0,1
1543,0.5732096342128156,0,1.5427003361474423,0,0.49663863034299754,1,1,0,0.5694626810474525,0,0.9072120697279767,1,1
1700,0.15675744885174409,1,1.6333410796762702,0,-0.07071904747770974,2,5,0,0.5560490612494741,0,0.8664800738062067,0,1
2085,1.5145496171963766,1,1.3117203576200516,0,1.009268244747849,3,3,1,0.5308920761845607,0,0.8916848634773024,0,0
1836,1.013436461699878,1,1.3340478700076772,1,0.6795330494279307,3,2,0,0.34011020579968654,0,1.1272660009562498,1,1
471,0.13628063039953897,0,1.4411411534449619,0,-0.5051316731520366,2,2,0,0.41955595674695634,1,1.1472877637492112,1,0
230,0.632294870732621,0,1.5899861954142953,1,0.0723162467269286,1,4,1,0.4887809302604878,1,1.2146329429436702,0,0
792,0.7692782154194295,1,1.4577001567900776,1,-0.07743190259404553,2,3,1,0.3971060699335176,0,0.8305464221075669,1,1
2265,0.45312048075431,1,1.4585279119019268,1,0.8191831199167241,1,2,1,0.5467743296567084,1,0.6006604918574099,0,1
1422,0.01071011015072415,0,1.4381346611520838,0,0.11501906454852745,2,5,1,0.5139398202788212,0,0.5783843537510597,1,0
1137,0.6364673296136987,0,1.5384032666130176,1,0.6686705539512089,3,1,1,0.4983677088456155,1,0.8803620339823736,0,0
1294,1.4428275027084438,0,1.5854625567047513,0,0.24554349579900941,4,3,1,0.5017721183373105,0,0.7518977772342536,1,0
841,0.5977703644488972,0,1.3596150894221135,0,0.5539286438673864,1,5,1,0.5112102092936105,1,1.129542577363796,0,1
2319,0.5390735472761709,1,1.4551701063509415,0,0.8453014467085461,4,4,0,0.5157585687064424,0,0.656998472411632,0,0
595,0.9286265273412166,0,1.6211975539372994,1,0.5490216909538868,4,6,1,0.47504539867990375,0,1.0670358566912697,1,1
486,1.1154052746859535,1,1.4175697455219531,0,-0.9524779085685544,3,4,0,0.4012695984513914,0,0.9644985614669838,0,0
571,0.5334892524402438,0,1.4918804062106918,0,0.5293812075157022,3,6,0,0.3873466674999958,0,0.9596370089024658,0,1
1886,0.8641801385222121,0,1.511362329795275,1,0.804715607956916,4,4,0,0.4201276706732098,0,0.8515447852832809,1,1
388,0.3319140376590811,0,1.4460363494836348,0,1.065682743973916,1,2,0,0.5540236001384462,0,0.9421318456243809,1,0
370,0.18903319325913587,0,1.5754884195648617,0,0.8287225650072774,3,2,0,0.464757122678749,0,1.019872147644143,0,1
1303,0.9380350502521265,1,1.4897150669965817,1,0.9493284553261802,1,1,0,0.3529001783305522,0,1.098637908841927,1,0
1377,0.3943762329250579,0,1.6273613112968786,0,0.2949746432150995,1,6,1,0.39937044056847837,1,0.8524635398665155,0,1
450,1.3656289160729655,1,1.7423710302195687,0,0.4870718892053445,3,5,0,0.5292578176191579,1,0.8090619135912978,0,1
54,0.5839427922245576,0,1.627981745187261,1,1.2823481199519153,3,4,0,0.45290909579269706,0,1.1478632004026565,1,0
1794,0.8374859994334437,1,1.3708918717160534,0,0.7386036814295869,2,6,0,0.45173304594723984,1,1.3770555727987415,1,1
1625,0.41275836224948304,0,1.686067441776811,0,1.288755671884167,2,6,1,0.5785553980787689,1,0.9035953282134371,1,1
1557,1.0166193584124474,0,1.530392098160945,0,0.6083492653690173,1,4,0,0.5214017785469798,1,0.7973020857911955,0,0
1312,1.2352418113399377,1,1.3136322497732393,1,0.3466940760874906,1,5,0,0.45929815359249015,0,0.8699455522272063,1,0
2211,1.0771503339248265,0,1.4749788016596939,0,-0.7501486289054231,2,3,0,0.5993982578569819,0,1.0845084868736559,0,0
1982,0.40309955806853986,0,1.5848332386453132,1,1.5149930412834196,2,5,0,0.5966143026948306,0,0.8670755009935368,0,1
1216,0.8671726649439272,1,1.284069454398645,0,0.1312615210406815,2,2,1,0.34989393674373215,0,0.9874461737088279,1,1
1242,0.9339454364057889,0,1.5507116834598962,0,0.4593666748455648,2,6,0,0.3007943117785065,1,1.0709507156288511,1,1
1704,1.1906691133719247,1,1.6466336106472208,0,1.2670943326461228,1,5,0,0.35124959607268147,0,1.125214431084892,1,1
801,0.3413623296076542,0,1.3065393911629242,0,0.21871514483102894,2,1,0,0.6403287493494009,0,0.6293222584538056,0,1
386,0.578461261151419,1,1.5642718234547084,1,0.8149456732429533,4,2,1,0.47473945060419387,1,0.7635958563861834,0,1
1174,0.4969580306245596,1,1.323002308073975,1,0.42893274908004786,2,4,0,0.5307385054496425,1,1.1124386090683578,1,1
1495,0.41777266091062787,0,1.4848713437140733,1,0.15333244980184602,4,1,0,0.5637239761336872,0,0.6583489727280984,1,0
1433,0.8420659237182917,0,1.5840408308853402,0,1.17605633904314,4,3,1,0.43356656799112053,0,1.1114305780088978,1,0
542,-0.17314583867507705,0,1.308084929403796,1,0.417593266130986,2,3,0,0.45094271996930857,0,1.025783379083989,0,0
2034,1.009631758018957,1,1.4554649316314459,1,0.7600974508695372,3,4,1,0.5159115505449681,1,0.8114786466407705,0,0
1388,0.6972435603350997,1,1.3941854088453705,1,0.35186444221746127,1,2,1,0.4485909598977059,1,1.1625297735465805,1,0
1159,0.3374438753127882,0,1.515796533478165,0,0.2874598657227523,2,1,1,0.5545166874325007,1,0.9210890617709986,1,1
1250,0.223730172492283,1,1.5368270010548033,0,0.7368393175439667,3,3,1,0.5018424366866288,1,0.7818451909497561,1,1
370,1.131926379616228,0,1.6417184516506085,1,0.3269601402193264,2,5,1,0.5778303042961997,1,1.2122904159477341,1,1
1901,0.30394932180329576,1,1.544650517234368,1,0.20970543566879918,2,5,0,0.4565208374074785,0,0.7386187610908197,0,1
1922,0.5150463709142002,0,1.6343889564652194,0,0.9580483840932157,2,1,1,0.6066303808142316,0,0.7443077672899399,1,1
621,-0.008454812781495846,1,1.5077531672486313,1,1.1589724600885205,4,2,1,0.5152254314426895,1,0.995061388709486,0,1
1199,0.5778129731788242,1,1.4639604232617787,0,0.47297501018921945,1,4,0,0.3837022888609273,1,1.0444565362597524,0,1
985,0.14015832527646072,0,1.3852524376884416,1,0.02169777097140113,1,2,0,0.48391632126353024,0,1.087199807169357,1,1
2010,-0.16008595280863636,1,1.4992203698340638,0,0.6090958550521824,1,4,1,0.46112631585328123,0,0.9187957703641922,0,1
1972,0.3437601727550459,1,1.483959426107973,1,-0.42018547416391727,3,3,0,0.5777421397505967,1,1.2215216828779072,1,0
104,0.6739625186280166,1,1.714240590815318,0,1.0811940039849215,1,6,1,0.4442136682507501,1,0.9057128217516247,0,0
2365,1.164911808367842,1,1.4984881542170065,1,0.19838922054916736,1,3,1,0.4819822802091986,1,1.271732868254189,0,0
1962,0.9324667704689419,1,1.4920283618381054,0,0.8611831343670021,1,2,0,0.4854857351648406,0,0.7945433881448303,0,1
659,0.6436121275048567,1,1.4305070198893421,1,0.6103606605904495,4,2,1,0.426020785943505,0,1.103033023717001,1,0
529,0.35627141138900975,0,1.2984916382023952,1,0.07288812598784644,3,2,0,0.454614501146823,1,0.8218928904578141,1,1
532,0.23666052844856938,0,1.5848338158133923,0,0.7302948444996727,1,5,1,0.4123758627136706,0,0.7746296720907544,1,0
708,0.42370588210321614,1,1.505780873419955,0,1.0985628673007577,4,2,0,0.4130187519512042,0,1.214130605655463,0,1
863,0.6386862743013157,0,1.495112212954708,0,0.3637499026940426,3,6,1,0.34274645675477167,0,1.1046445222017205,0,0
1428,0.49836413442776833,0,1.358369000961484,1,-0.09019236982424439,1,4,0,0.5797050863209523,0,0.9932579282920744,1,1
1498,0.5284942913133848,0,1.5181840706199317,1,0.07064979071488248,2,6,1,0.4197885325509697,1,0.9063209855650791,0,0
104,0.8958258430629366,0,1.381526016281003,1,0.2428095325777443,4,3,1,0.4201638863595442,1,0.9430952136754499,0,1
316,0.798525011877574,0,1.6463309264167958,0,-0.5289363854827085,1,1,1,0.35463110132278364,0,0.9868516713840064,1,1
997,0.029739514570503778,1,1.4602971329342784,1,-0.07335951662938966,4,5,1,0.50996486893037,0,1.1038020830481738,0,1
303,1.1442226164366907,0,1.2792487136887338,0,-0.14794720171981401,4,1,0,0.495859196472944,1,1.1457447525419724,0,1
1071,1.3736358676953269,0,1.429161666155536,0,0.03174396358960341,1,1,0,0.4754886604240824,1,1.0094426224939967,1,0
172,0.6208057218637582,1,1.3386368035280358,1,0.9293929832644819,1,3,0,0.544039137555894,0,1.18436481223069,1,1
1866,0.589485072884228,0,1.565904047807936,0,0.4097415404285822,4,3,0,0.5258393837737402,0,0.45017207886804644,0,0
741,0.20549094239525068,1,1.4834779838004217,1,1.9492737899433648,3,2,0,0.40246809172326087,1,0.5787865119338877,1,0
1670,0.6993959538087166,1,1.5264615166272972,1,0.36510976855199917,3,5,1,0.5119725749019848,0,0.7269266020943821,0,1
996,0.6982210329974964,1,1.5348778271815273,1,0.27583851606432774,2,6,1,0.4695149161846918,1,0.6673651808351881,0,0
1892,0.40344666366115123,0,1.4958254948286447,1,0.17999641048934034,3,4,0,0.43714080542997485,0,1.6488309955830436,1,1
1476,0.22305980087396293,0,1.3679639253599176,1,0.6509634195108359,1,3,0,0.4689322120391296,0,1.0986681894881787,0,0
1529,0.28904066008722623,0,1.355422606913369,0,1.451683066188158,3,4,1,0.49709879768466764,0,1.0089089366948802,1,1
560,-0.2789188460877474,1,1.4875535299013203,0,0.40254439595443603,2,2,1,0.5197716590451656,0,1.0862686318523813,1,1
1579,0.6482181387942878,1,1.46882503583938,1,0.46690284753835526,4,4,1,0.5066561958990254,1,1.2536107066982687,0,0
373,0.02757713941670875,1,1.628989058801305,1,0.2522216648091713,1,2,1,0.5302343864823011,1,0.8324385754990549,0,1
776,0.9969752471273794,0,1.5369357147559233,0,0.07894750333956352,1,2,1,0.4103726556711687,0,0.4245121664901609,1,0
6,0.011350941019537986,1,1.514228523478551,0,0.47315555544949217,2,2,0,0.7213852198157278,1,1.0481432716222099,0,1
631,1.1243819425004662,1,1.7072510645533119,1,1.21464052927892,4,2,0,0.4769244487401654,1,1.1866514144008569,0,0
294,0.2757251922254798,0,1.5857315168306247,0,0.7513595882004713,1,2,0,0.32137801802091115,0,1.0568035995467515,1,1
187,0.1605822039713677,0,1.5166267714499415,1,-0.1853032261298153,2,3,1,0.4999107323583268,1,0.6347603817459615,1,1
2195,0.6938371593063568,0,1.4105744382588248,0,0.8025220107251314,1,5,1,0.5584807431892982,0,1.0667095594690506,1,0
1524,0.8351128461910511,1,1.4301288823192804,0,1.4546933738986683,4,1,1,0.37065162780538496,1,0.8156233605118055,0,0
1656,0.6019518681465157,1,1.3378276063875583,0,0.5326741418506907,1,3,0,0.43407046502445584,0,0.7691881796229496,0,1
499,0.9378156857443175,1,1.4267071402314737,0,0.8614293191742821,2,5,1,0.5420784045050033,0,1.041082537713407,1,0
1903,0.3119439862130642,0,1.5458146178578769,1,0.18533722353692778,4,6,1,0.3778134855356146,1,0.8795219782285999,0,0
660,-0.0759793708709362,0,1.4848523695047025,0,-0.07121872067315038,4,6,0,0.3568305581292033,0,0.8549512799224774,0,0
498,0.6026714267535734,1,1.4925307540610888,0,0.23342901799734217,4,4,0,0.507079890493913,0,0.6459240173762122,0,1
1852,0.18809085194632957,0,1.5301822454879446,0,0.5019548271519716,4,2,0,0.46508932919216517,0,1.0061426324797478,0,0
634,0.45729194758172875,0,1.4633235397681297,0,0.5442930876953188,3,5,1,0.4437513731952315,1,1.3915370343970397,1,1
76,0.6304799557959542,0,1.6319504029403853,1,0.2970009756589754,1,1,1,0.4054687973100991,1,1.0662808269736663,1,0
2336,0.4431358169600823,0,1.5765243889938054,0,0.4276917412146461,1,2,1,0.5325932673367542,1,1.1855584206844134,0,1
603,0.2391931083104487,0,1.6259012667362889,0,0.002280629716196858,2,2,0,0.48102127824183527,0,0.5107829508940966,0,0
1112,1.1418300276159623,1,1.5715593607301646,1,0.5645361354776195,3,3,0,0.34898850787867386,1,1.0462090330862581,0,0
1367,0.6118071996419473,0,1.4625253239838776,1,0.38835888373757266,3,5,1,0.5111353109439543,1,0.9404315161304101,0,0
1469,0.766442130695036,1,1.3998613249950012,1,0.9954561720967221,3,3,1,0.5309391581042733,1,0.803744748367074,1,1
1787,-0.22571770471607844,0,1.5664383537013291,0,0.24432967499174424,2,2,0,0.44073867128217525,1,1.0300864833043883,0,1
1512,0.3447802233267796,0,1.630776738648171,1,-0.13093851549727975,2,4,1,0.47761111381795224,1,0.9386428394955697,1,0
582,0.6946202402290806,0,1.668189322841216,0,0.9761755518622122,1,2,0,0.5066514224749334,0,0.7951664810806267,0,0
631,0.6966773955497128,1,1.5590031447818518,1,0.22395384976775923,1,2,0,0.31598334396522965,1,0.6409065744427147,0,0
2240,0.18884134025084331,1,1.3371166573454314,1,0.1760508494817256,3,3,0,0.5610474145136968,1,1.0528435591445628,1,1
1315,0.3605410274576746,0,1.2768348694122995,0,0.2841821804702797,1,1,1,0.33618528949468346,1,1.0862103118815105,1,1
338,1.2700127448298404,1,1.510357522842261,0,0.39621232974507886,1,1,1,0.5848000468821898,0,1.0648413776215315,0,1
589,1.0431262253969962,0,1.57517493963316,0,-0.25665363385742146,3,3,0,0.42568784373658364,1,1.487133414588497,0,0
720,-0.3854752011723893,0,1.5060125662395465,1,1.3397820980981714,3,6,1,0.4492867348942907,0,1.0683922590853123,0,1
2299,0.9224738133778317,1,1.7352245888506581,0,0.08779600750127353,2,3,1,0.5043286341756165,1,0.7262334193150539,1,0
1383,0.9549414242448735,0,1.3362759368035666,1,1.1342912247964096,3,1,1,0.4833598293681606,0,0.8697476217433732,1,1
995,0.9820309627400539,1,1.553122601683205,1,0.6869036137234878,4,1,0,0.4398209227587393,0,1.328085707619442,1,1
706,0.20874832555182543,1,1.446625472153759,1,0.20989570867517693,2,5,0,0.49032337607833165,0,1.4355431436080475,0,1
1925,0.4130531518242306,1,1.4923046380245204,0,0.39934894072842225,3,4,0,0.5000487928313317,1,1.0081586740330457,0,1
96,0.5796430315694767,1,1.5057884304821543,0,0.6154119254524233,1,1,0,0.6635778291322278,0,0.8274296574169565,1,0
1252,0.5893907788714958,1,1.4596363027313397,0,0.3713592365005153,1,3,0,0.42277912075144036,1,0.854571420066771,0,1
1629,0.13427658897292122,0,1.6215423871022576,1,0.6268173057887851,2,6,0,0.4034582583983001,0,1.0415066987990833,0,0
1212,1.1828912904039748,1,1.4955138816019846,1,-0.35367657878154757,3,5,0,0.3522611951702763,1,0.7366424362655364,1,1
2110,0.1642425604281253,1,1.5011449618867478,0,1.0500842464244715,2,6,0,0.48924080173629775,1,0.8131491834663761,1,1
1975,0.5564165030358347,1,1.6047250337014884,1,1.8704752214488367,4,4,1,0.4253196411048457,1,1.3402072101801097,1,1
772,0.19398871899725206,0,1.4412776799270264,1,0.6895247537828584,1,6,1,0.4914034245296978,1,1.0313937081316848,0,1
2279,1.3008330003720703,1,1.4833505192943726,0,1.7681544046992288,2,1,1,0.4759936584447115,0,1.0177613094759526,1,1
18,0.8357817375861288,0,1.5018205089906222,0,-0.43024077009405337,3,3,0,0.38899937028920395,0,0.8611485641422341,1,0
1006,0.04716551652915585,0,1.5306936431968512,1,0.6313484111961254,3,6,1,0.6245042683583627,1,0.9594655660683024,1,0
1933,0.21270961803886024,0,1.4888745175760996,0,0.7627609524820174,4,1,0,0.37580882432932444,1,0.923760026840399,0,1
413,0.4863676147923335,1,1.495929752443951,0,0.06015084683951294,1,2,1,0.40016237637784385,0,1.4722321776103038,0,0
2305,0.7129636500721706,1,1.6055491101344554,1,0.45779188884304034,3,3,1,0.4762768763683779,0,0.9887090975750997,0,0
614,0.5107080284129906,0,1.4822055866460657,1,0.7521355312007556,1,3,1,0.6809058799526087,1,0.8162459321214622,0,0
833,1.0251224091797952,1,1.2100476488965537,0,-0.040287663394668494,3,3,0,0.6451264316416396,1,1.1504527888179052,1,0
1580,0.692748867315269,1,1.4054717450536138,0,0.15724999950932905,2,4,1,0.4157657839165927,1,0.8027022039027134,0,0
2334,0.6143503674436146,0,1.546225551607768,1,-0.1156521043024813,2,2,1,0.5308060684556056,0,0.7501207785174805,0,0
418,0.6489015994355035,0,1.3143178144309087,0,0.3944973762479217,1,5,1,0.3346895142765892,0,1.1252433643751998,1,1
1170,1.040961039168772,0,1.383718161458979,0,0.3689503106687675,1,6,0,0.3785605337456245,0,1.0419164281649336,0,0
139,0.806329801064531,1,1.4792549319911086,0,0.7854480665714016,2,4,1,0.5767134356602922,1,1.2830337051474678,1,0
798,0.43962967497395933,0,1.5282168577553312,1,0.8352332089926634,3,4,1,0.44357768331591746,1,0.6622211158017093,0,0
514,-0.0648231304037169,1,1.5104742111108844,1,0.2913990076407109,4,6,0,0.6660570994657268,1,0.965474596812365,1,0
907,0.5281175949929562,1,1.5847658783848702,0,0.26832464390018423,3,1,0,0.49014906165762323,1,0.6931211435822628,0,0
49,0.3192031017429616,0,1.3603194979705011,1,0.11397784569128316,2,6,0,0.5193156227412479,1,0.9656709724332095,1,1
1619,0.7963330311977943,1,1.5300449084461698,0,0.7528952629109842,4,5,0,0.46150336680053305,0,0.71283716646883,0,0
915,0.9496589077186923,1,1.3760643872463638,0,0.7544410411716669,3,5,0,0.4995030036250031,0,1.1540756264315695,0,1
770,0.5160489397040132,0,1.643373492436886,1,0.44367773346842326,1,6,0,0.47229238756352215,1,0.6915897059504265,0,0
549,1.120726264149432,1,1.600844162299824,0,-0.09904426357143303,4,2,0,0.5400398009991393,1,0.8209587677682078,1,0
847,0.46618339052037366,0,1.4653156772435183,1,0.5131212959945405,2,3,1,0.5119019029989877,0,0.7737956787247338,1,0
1290,1.5898643759285875,0,1.3588848189859892,0,-0.11063547126471518,3,4,0,0.5796044074173188,1,0.765825247087375,1,1
565,-0.26404222145035083,0,1.480209498023362,1,-0.1792443534108995,4,4,0,0.3825190186228271,0,0.6681556553891396,1,0
1333,0.29265602307437866,1,1.508898381955989,1,0.07174840699601304,3,4,1,0.4642656935139023,1,1.1924005450160384,0,1
1013,0.15842046443649827,0,1.6046990986219987,1,0.5768646079513542,2,6,1,0.4491994158603491,1,0.8590398267822632,1,1
1605,0.268591405440047,0,1.3668248112354235,0,1.1240258467099555,2,3,0,0.5139001098770495,1,1.256601414012947,1,1
23,0.6324104235881722,1,1.708042687243156,1,0.3800409370518145,1,6,1,0.16955845103208622,0,1.269802314463253,1,0
2098,0.5282824334823386,0,1.4914558392033557,0,0.7609977877898166,4,6,0,0.4409511276349155,1,1.0700706844747094,0,1
1935,0.607627808381305,1,1.5721398209829665,1,-0.48273296558430634,4,3,0,0.40672607693974844,1,1.2254644952935239,1,0
527,0.16875156762372467,0,1.5952023016330346,0,0.3793344387876261,1,6,1,0.6159780193512707,0,1.0955474867821073,0,1
836,0.9508601404586237,0,1.4253845327050205,0,0.6821397069970598,3,2,0,0.2633485145259677,1,0.8470965725835625,0,0
316,0.4522014974570858,0,1.469133053353631,0,1.31650761524865,3,2,0,0.5121918175981494,1,0.8441029956671753,0,0
1744,0.7373874157458546,0,1.3496735204971217,0,0.19043629975795429,1,2,0,0.5098838748622663,1,0.9932529847964138,0,1
2036,0.19789374542916127,0,1.704391096588139,1,0.9293168531368733,3,2,1,0.4849559586530107,0,1.1142238701166582,0,0
1727,-0.12033895200340472,1,1.5861025665162993,1,0.21151984534235385,1,4,0,0.5183248343056217,1,0.8355270502853035,1,0
710,0.5987552376299747,0,1.5513828980358841,0,-0.11802255730257394,1,6,0,0.44094369505167347,0,1.035831271676724,0,0
1887,0.6255837054592438,0,1.666133272902146,1,0.9673267991142406,1,5,0,0.7067318315696799,0,0.6380348224993149,1,1
1461,0.7651996258912608,0,1.6089722153693833,1,-0.10586968506791261,1,3,1,0.627166622311235,1,1.2156015947271397,0,0
2262,0.7283872156883989,0,1.4856009247931299,1,0.437738052015348,1,3,0,0.5221499996676067,0,0.6766234780367,0,0
1597,0.691976195905377,1,1.5066228436748792,0,0.4995774118608692,1,1,1,0.3868570554198895,1,1.0562780217587011,1,1
1191,0.8974199252282418,0,1.3859335469869163,1,0.9691864802916812,4,4,1,0.5311015730993823,1,1.11691139259147,0,0
1002,0.5101875512202999,0,1.670399297118594,0,0.24595214398938503,1,1,0,0.5748213338599996,0,0.7174558635988345,1,1
104,0.8155724707398886,1,1.5321252556547376,0,0.4465528124746169,4,6,0,0.31217939280087764,1,0.8823697207770071,0,1
2059,0.3285693026486416,0,1.4294420965094852,1,1.0548970120295298,1,3,0,0.435441632726,0,1.3245157931407214,1,0
752,0.6967536947081703,1,1.4191319518591528,1,0.3297766019781293,4,3,1,0.5838315103155476,1,1.0352579482402773,0,0
1047,-0.14043258780373957,0,1.467965118532016,0,0.11575502975509888,4,5,1,0.32251979473283476,0,0.913142456669377,1,1
1338,0.8041089318706476,0,1.6538285620620812,1,0.12202260631484296,2,5,1,0.4096874436413891,1,0.7123948500582675,0,1
2150,1.2075096736505255,1,1.5982929411358342,1,0.2199295293186045,2,3,0,0.5354902334805675,1,0.8424784869290671,1,0
345,0.3268847815877467,0,1.4288384348669498,0,0.17081148387236877,4,5,1,0.4333510546431292,1,1.0294672557256956,1,1
1256,0.8214784855241929,0,1.4515936500018445,1,0.44444069355060456,4,3,1,0.5703915481280422,1,1.2316888634759144,1,0
199,1.1589347621456776,1,1.482840389990619,0,0.6908521003596572,1,5,1,0.5411502702047978,0,0.9651082254034665,0,0
1059,0.5370884360292106,1,1.5571343026099005,1,1.485700807843425,4,4,1,0.4956438444253411,0,0.9841819853923252,1,1
379,-0.07487456341306442,0,1.4700498242964097,1,0.39814838592328516,4,6,1,0.521105292053519,1,0.9806960675808485,1,1
2163,0.4912725756433098,1,1.4762811282262787,1,0.7700008828897325,3,2,1,0.47933034361515175,1,0.793366993743453,1,1
1731,0.056484762901215735,0,1.4437901365583121,1,0.07855665808016865,4,2,1,0.6169937044184708,1,1.0425932086532448,1,1
292,0.9275514485288752,1,1.4782688779551294,0,0.5238066203567882,2,5,0,0.5776549931409121,0,0.8702995609754398,0,1
1519,0.2804005752968172,0,1.462909522932752,1,1.392885866750432,3,6,1,0.5945443368550009,1,0.7733781463604736,1,0
972,0.60781525560782,0,1.374736312950126,1,1.521107974450078,3,4,1,0.43550259230435157,1,0.9975616039868923,1,0
2320,0.9125946960888817,0,1.4757826710857969,1,0.9501779114435112,4,3,1,0.4340942019782195,1,1.1864772074817993,1,1
1363,1.2641447345129082,1,1.5891561140994352,0,0.5592556007487612,2,5,1,0.4978178282675825,1,1.0415275167863625,0,1
593,0.749827553814133,0,1.3176111650880298,1,0.8779079719234899,4,4,1,0.54033310470792,0,1.0297881622959841,1,1
1097,0.8029836851513585,1,1.4988166729685442,0,0.0653119237225489,2,6,0,0.37556586921466567,0,1.0970389072726454,1,1
713,0.7042619636900531,0,1.497687293412376,0,1.1944636147912981,1,5,1,0.5159225195136169,1,1.0407916736931877,1,1
2246,0.529974074166358,0,1.6055949526067477,1,0.5738635286993139,2,1,0,0.4606268847553439,0,0.8114078535558914,0,0
1987,0.3993374057307034,0,1.6240046565818271,1,1.3701253487096694,4,4,0,0.48432931162580417,0,0.8449061679746459,1,1
1281,0.5029920522621775,0,1.5434653345694431,0,1.177153126006982,2,5,0,0.3453290855536715,0,0.7539253714605296,1,1
535,1.0642995473218786,1,1.4847895704102183,1,0.6915828271826479,2,3,0,0.5772876641393447,0,0.707904694511595,0,0
1642,0.04923360712673597,0,1.6273803784958452,0,1.8816873260598337,1,3,0,0.4713881062108909,1,0.93413880963768,1,0
2012,0.8365196505642887,0,1.366227705005633,1,0.15420157812848995,2,6,0,0.5070304062364877,0,0.6785499933646901,1,1
407,0.024887945450629667,0,1.5495027982017857,1,1.2267025748538662,4,4,1,0.48842908296866516,1,0.8832966790434477,0,0
210,0.764741231458435,1,1.5761337827992228,1,0.4762889428432586,1,6,0,0.35232226473842,0,1.4892599646929403,0,1
2036,0.7771736706160115,1,1.5678822401951986,0,0.3725691245148113,1,1,1,0.4799414036986521,1,1.2822688254594883,1,0
485,-0.263845456825368,0,1.476736199491392,0,0.7930715938214632,1,5,1,0.5394957919166743,0,1.015614365058545,1,0
1625,0.617356633689346,1,1.5916938289678664,1,-0.418368532147129,3,1,0,0.5000358905481006,0,0.9500707057294329,1,0
385,0.38945755706311175,0,1.5307988424954506,0,0.9683075719698604,2,1,0,0.49457309621392204,0,0.8820005269893729,0,0
2059,0.47649889499272186,0,1.5621253095587113,0,-0.17473056577329682,3,3,0,0.4196833229668923,0,1.0922081021141004,0,1
2092,0.6826118622665858,1,1.6309010499956011,0,0.34543935824767047,3,6,1,0.47451275098434353,1,1.0023677792945045,0,1
1083,0.5883400876813792,1,1.4971476570125228,0,0.4089790832677171,3,2,1,0.41216166656461806,1,0.7173077303574276,0,1
962,0.03693193517799348,1,1.4002615158498783,0,0.7696862975841738,2,6,1,0.5620568307469013,0,1.1483926551595942,1,0
682,0.8581171186406189,0,1.6686319676786168,1,-0.024384276363588864,1,1,1,0.43095371381319825,1,1.0811065045821326,1,1
918,0.2148652523357637,1,1.6223886130960623,1,0.2981429916112881,1,4,0,0.46510983599036687,0,1.1275865249643644,1,0
156,0.7038602284688256,0,1.5007690976894197,1,1.0698113674777097,1,4,0,0.37469206289454116,0,1.0230833821467302,0,0
832,-0.4072727905156255,1,1.4421570347404622,1,1.4882378051361405,4,6,0,0.3445619424509164,1,0.9164095575636639,1,1
39,-0.1622620702816916,1,1.4730244147115221,0,0.019503363478446945,1,4,1,0.32914720535439757,0,1.2348576415357342,0,0
669,0.697072948768185,0,1.3807417306840981,1,0.7430366685016723,3,1,1,0.45730910870425223,0,0.9889244850039616,0,1
1331,0.5407696763744553,1,1.3133077161275117,0,0.5298462582834389,2,5,0,0.3408806966321182,1,0.837131079935576,1,1
835,1.0677152667358203,0,1.5763817254019419,1,0.7130057392975726,4,3,1,0.4808024892168062,0,1.002461940219912,0,0
1092,0.36136913776329904,1,1.5360188261649699,1,-0.19535182354577552,3,1,0,0.5195464308008813,0,0.7655239230924669,0,1
91,0.5954543622554502,0,1.5475079533108833,0,0.6649055851031369,2,4,1,0.3922622979909637,0,1.2730608397364747,1,1
2308,0.5457483290325702,1,1.4621371549439104,0,0.7917412471465226,3,3,1,0.571047475736425,0,1.2488146628272405,1,1
1458,1.2854548896830205,1,1.50002635330415,1,0.1248076464131227,3,3,0,0.33416548930018664,1,0.9841524349654743,1,0
1925,0.10978111791615514,0,1.6299606737349202,1,0.37294819262825685,3,3,1,0.46571774577623476,0,0.8541787262261271,0,1
875,0.7124780767512076,0,1.4592667155576795,0,0.2254526692664472,3,4,0,0.41805305694846484,1,0.7337006919352502,1,0
1711,0.7381001285279968,0,1.6584969008775319,0,0.3272857351716906,4,3,1,0.5725011307689397,0,1.1614208532680617,0,0
1851,0.745747088177915,1,1.5612195681904615,0,0.28324793019059674,1,2,0,0.40586697600278776,0,1.2270319453559213,1,0
330,0.37700614931696336,0,1.3629077123220648,1,-0.2553192669621046,2,3,0,0.5406219988245946,1,0.9780068162729493,0,0
1850,0.9171685709537553,1,1.5919242166831904,1,-0.08350508650227784,1,6,0,0.5287861193469099,1,0.9537676449103726,1,1
1792,0.6590156693713498,0,1.5654523050106317,1,0.4989727295788156,2,2,1,0.3826377068654881,0,0.9542177522206873,0,1
370,0.13551737121991625,0,1.701801332213647,0,0.41907402375597347,2,4,1,0.4071094554790333,0,0.9794657864797828,0,1
2,0.6782480637946181,1,1.5595546599431884,0,0.23890763166956508,3,4,1,0.49032427872952944,0,1.1655066793340143,1,1
1767,0.2782556573936683,1,1.5420026950485206,1,0.9578640014912472,4,5,0,0.482855831950366,0,1.0829967413554797,0,0
140,1.097546820284336,1,1.5422611484749207,0,0.9582716248723632,1,6,0,0.4269232499624661,0,0.8695926272617065,0,0
1944,0.5141009467357226,0,1.656596939744785,0,0.3862415808005063,3,5,1,0.4516841125240284,0,1.1196563651518223,0,0
2110,0.5300489858858964,0,1.4949877231326771,0,-0.12194399827873137,4,6,1,0.5534263598668951,1,0.7913397499817991,0,0
462,0.51303330235603,1,1.4181324274177078,0,0.6028587310495288,2,5,0,0.5624233203203023,1,0.9325685944398845,1,0
804,-0.09145879278642433,0,1.5894920132105628,0,0.7988575946777612,4,3,0,0.5044541820996379,1,0.67796647632612,0,1
1595,0.4225494721657536,1,1.5234961791187887,1,0.6285744518923522,4,2,0,0.4607880699488771,0,0.9185287894602032,0,1
661,0.428797808746489,1,1.507050505612539,0,-0.09010881845642804,2,3,0,0.3302021665240222,1,0.9190891228571517,1,0
151,0.18516961067223536,0,1.5953399925058531,0,0.6136676790701462,3,2,1,0.4625998770752334,0,1.0736123510695104,0,1
845,0.8367189121895793,1,1.332787727141764,0,0.8419107747413543,2,1,0,0.4765708542648836,0,1.1661932093022414,1,1
380,0.926450815270403,1,1.5510489051198963,1,1.2117939160755422,3,1,1,0.38049545431544307,0,0.8410564451534059,0,0
685,0.5528338032986422,1,1.3598012467280136,0,0.2733254874114488,1,1,1,0.5698070966129812,1,0.7093906449571405,0,0
738,0.025012697994919453,0,1.3957695194860473,0,0.846553064009622,3,6,0,0.43276224698077,1,1.2601169621595856,1,0
663,0.8847265546751049,1,1.463018007309576,0,0.8845998463481872,1,2,1,0.5300726413182171,1,1.1165558529721253,1,1
1030,0.5140255444405571,0,1.3402666345000627,1,0.2794226712022918,4,2,1,0.36857328622040264,0,1.086709722313956,1,0
314,0.6486517368585001,0,1.431508802761649,0,-0.4059338051314074,1,5,0,0.5141575756960161,1,0.8457165717086037,1,1
331,0.2733184554311377,1,1.5528960938267922,1,0.5223258741712787,3,5,1,0.42582516941169307,0,0.9055265094259246,0,0
2075,0.3258450577216835,1,1.461961313092866,0,0.5899302912408814,4,2,1,0.5373240463692726,0,1.1180471132328047,1,0
681,0.30142025142872664,0,1.4457660311980898,0,0.952068730588019,3,5,1,0.3844884819304602,0,1.2302648983381381,1,0
2273,0.4677755917376869,1,1.5769647580781772,1,-0.19120601412688176,4,6,1,0.4953793869060612,0,0.680753578576702,1,1
2333,0.536023774199327,0,1.8043367623510285,0,1.0262640646610799,4,2,0,0.37427021499249136,1,1.105062677750091,0,0
370,0.9483750441513314,0,1.4883029801069347,0,0.8080489617215703,2,3,0,0.3305877941962885,0,1.0459038254713293,1,0
1487,1.0984221392977118,1,1.5114220524766317,0,-0.09059849744894255,1,6,1,0.49163122391803604,0,0.9195415904310841,1,0
1891,0.4076760896599488,1,1.471187104896305,0,0.7568384881419075,2,4,0,0.3344428705210508,0,0.9373955376947883,1,0
935,0.25591343566787256,0,1.3736117101249832,1,0.4058738917211239,4,1,0,0.4324636580204765,0,1.1226815064742208,0,1
884,0.19016353922107054,0,1.4684005219223069,0,-0.08983833694690113,4,3,1,0.38957238016610385,0,0.8857387658524384,1,0
1900,0.14351800041211488,1,1.666150444441487,0,0.13565867196862574,1,3,0,0.46703408637828303,1,0.7706772445318766,0,1
517,0.35413779800567036,0,1.6351228376492328,0,0.737907977437279,4,1,1,0.44944985221507006,1,0.7489670227945082,1,1
443,0.6607463943672033,0,1.420996620402319,1,0.5342863116248795,2,4,0,0.3865616811089756,0,1.0689206707789904,0,1
1615,0.3150308072563981,0,1.6385439718024997,1,-0.08444698362458403,3,5,1,0.475878247940418,1,0.9436051485917331,1,0
105,0.4308090736320461,1,1.3826080124563283,0,-0.33593613077278117,2,5,0,0.5067584086446263,1,0.9988825333240849,1,1
710,0.5785326555399459,1,1.4113225566004814,0,0.7460647757588998,2,1,0,0.3475566167584164,0,0.9537649176962254,1,0
2101,0.5677920877848969,0,1.3822334189878094,0,0.3908273865639297,4,2,0,0.564976598872901,0,1.0216379965407059,1,0
2082,0.5312875334255378,1,1.693594475642938,0,-0.07045275654325656,2,2,1,0.37748209950415185,1,0.8882345498804818,0,1
1073,1.033692296020324,0,1.5246962613905681,1,0.1894388064914453,2,1,0,0.5484985993289594,1,0.5504371681181347,1,1
834,0.31481600979850694,0,1.5227135449301648,1,0.5578694742099859,4,6,0,0.46579912506211407,1,1.0389065195274565,0,0
1324,0.15992766423208116,1,1.4043287007012746,0,0.6513164516062537,3,5,1,0.38476853876720896,0,1.220299275275334,1,0
1922,0.5659984778099243,0,1.548850064493637,1,0.007042178035911784,2,4,1,0.45578438638778285,0,1.171186611540525,1,1
1827,0.5609197237380116,1,1.4121956130901139,0,0.20890857893286385,2,5,0,0.5081083800544284,1,0.9742004273516721,0,1
31,0.42905933469126173,0,1.4503392192422577,1,-0.16977958095674495,4,1,0,0.3447880792992143,1,0.8615309722442794,0,1
2335,-0.15116798794682484,0,1.351235747736332,0,1.018986769810417,2,1,1,0.42268512326438157,1,0.7987200110388718,0,0
1257,0.7054917099923826,0,1.4889235662772577,0,0.5264401363374481,3,3,1,0.4602012652684626,0,1.0778309663795171,1,0
288,-0.08332345695238097,0,1.572330488195327,0,0.6900675980656443,2,5,0,0.3953095397759791,0,0.9076013289320171,1,0
113,0.31336361300464083,0,1.3783493831958158,1,0.4632461484509346,1,4,1,0.47139093779980445,1,0.9160312601828782,1,1
2270,1.271521118243826,1,1.7044805980163187,0,0.48676245981372046,1,1,0,0.4203207603845577,0,0.9826571136971595,1,0
1252,0.19568517073233932,0,1.496138627549982,1,0.480531692718538,1,5,0,0.5876349868058225,0,1.1367951330203458,0,1
385,0.9354853239824802,0,1.516566893500831,1,-0.8164064091473857,3,4,1,0.4011036014744554,0,1.0959832190999175,1,1
1527,0.3148811957394732,1,1.3352424076883045,1,0.7263401702152809,4,3,0,0.5581083790958382,0,1.1551677472129593,1,1
61,0.4606510673446812,0,1.4616979992881287,0,0.3005875889184906,4,4,0,0.5451477671810867,0,0.8561964088276857,1,1
594,0.5763073905022422,0,1.6191341380378632,1,0.6297513417825358,3,5,1,0.5228206195068601,1,0.8745585443281783,1,0
1667,0.3487227763160127,0,1.414131133073562,1,-0.27669348505872027,3,2,0,0.6549881521578942,0,1.070102395081815,0,0
1070,0.4620350026399402,0,1.5852264058397938,0,0.689543291204939,2,1,1,0.4466259205349297,1,1.0824901953683421,1,0
948,0.8224180717197055,1,1.4147949970280131,0,0.6723398729739237,1,1,1,0.5336026367623733,1,1.1198341923008746,1,0
575,0.7943116349550884,1,1.4948554267626706,1,0.6631836791082591,2,5,1,0.4970013190460984,1,1.1184519782609987,0,0
18,0.7153870364472106,0,1.5616739730675737,1,0.2581237153533563,3,1,0,0.4421584096390302,0,0.8347836264242106,1,1
1697,0.3396290004069834,1,1.501159394602199,1,1.1856330894521403,1,5,1,0.40321814918019827,1,0.727793060598426,0,1
702,0.45358236630929943,1,1.5088853702736456,1,-0.21709374676426996,3,5,0,0.4586273119765202,0,1.1241994478267583,1,1
1650,0.8046578169223904,1,1.5296459859294493,1,0.7264576169595215,2,5,1,0.4594064381151839,1,1.1875419181761753,1,1
10,0.7348443932692026,0,1.4207861796489751,1,1.147389843945966,3,3,1,0.4532436912123854,1,1.1107561731054914,0,0
940,0.06820009067243599,0,1.5673736662539182,1,1.0436067034076537,1,6,1,0.48250134898582997,1,0.8042037013273158,1,0
1634,1.2196178237747621,0,1.3368545385884483,1,1.4321853317471813,4,1,1,0.4840793242375134,0,1.0416651679911455,0,0
859,-0.156771569504071,0,1.5611707006249407,1,0.6985463173150622,4,6,0,0.5266721983374342,1,0.5805793385073094,1,1
572,0.16469406356084038,0,1.6141289754888306,0,1.102257536537706,3,6,1,0.47858932075263894,0,1.030719735292854,0,1
1357,0.02002299256828688,1,1.4926126100120298,1,0.5603366766094611,4,5,0,0.4145018624282653,0,0.7079485329024793,0,1
1981,0.2482140532879729,0,1.5163272008029414,1,0.8439301389079032,4,2,1,0.411106240003296,0,1.0209092187302864,1,0
1395,0.051400149246757565,0,1.363850444685992,1,-0.19875891070225682,1,6,1,0.49762514217459547,0,0.9085871941677993,0,1
1729,1.2277210832538312,0,1.5376503211636412,0,1.1703566455150747,1,5,1,0.5746083176336918,0,0.8307547928823835,1,1
2123,0.35402627244974016,0,1.4354401285275091,0,0.5134544427715747,3,3,0,0.4218166534834702,0,0.8877969237542443,1,0
69,1.0855797018877569,0,1.5176634964111733,1,0.6873170289320882,4,5,1,0.29925001754130076,0,1.1086882498646442,1,0
2364,1.2324925949162484,0,1.4692561109116076,1,0.526371214576947,2,2,1,0.5517565535248751,0,0.925472203444683,1,0
1684,0.3872133395426438,1,1.3414710360683741,1,0.9242815605550923,2,3,1,0.461682592978315,0,1.025988840075506,0,0
2292,0.6966021634733962,0,1.4509119156688997,0,0.26660281490158966,3,6,0,0.44759542132075936,0,1.2053547471254198,1,0
1307,0.4390407315937981,1,1.4035000577416485,1,0.3283191713912216,3,5,0,0.5483856047085996,0,1.1876701093213538,1,1
247,0.7299117288479621,0,1.5783446810487964,0,0.7706000682424208,1,4,1,0.3753237553659778,0,1.1405773776399832,0,0
476,0.3770155419853285,1,1.311969929071965,1,0.8462448024261303,1,3,0,0.47477241386167557,0,1.0274070187749955,0,0
1835,0.11310793499284683,1,1.3261100607600367,1,0.2911493766741557,2,6,0,0.5652029093773979,1,0.8706291840794732,1,0
579,0.2804319384185709,1,1.4002152516610116,1,1.0542429819747634,1,3,0,0.5496336055569827,1,0.9037841277547427,0,0
1811,0.9737605148615758,0,1.5640580673148505,1,0.8282421576366346,2,5,1,0.4406902147827032,1,0.8551880253795516,0,1
888,0.06219602137679442,1,1.5405624023528617,1,0.6499024802783931,3,3,0,0.5836472004935942,0,1.0125389094188135,1,0
167,0.6187686440827059,1,1.3774710338084883,0,0.8017392277544497,1,6,0,0.7028504023056136,0,1.014495344196595,1,0
381,1.07122862651527,0,1.577974765459504,0,1.4600728554982014,2,6,0,0.4959186640419481,1,1.0421240966282377,0,0
2199,0.07980826974043487,1,1.6130840951383694,1,0.6046060182034061,1,4,0,0.4903927128352549,1,0.934141756862113,1,0
1796,0.8794972004120214,0,1.3772531950040163,0,1.120534266082616,4,3,0,0.3986999329246583,1,0.8753650036280871,1,1
1403,0.45883786915238384,1,1.5443713550621916,0,0.9528487179543622,2,1,1,0.3491955822430053,1,1.195396645471241,1,0
795,0.013236521512942745,0,1.4221192841708024,0,1.1906975716900852,3,5,1,0.5072964979827821,1,0.710859173178102,1,1
2158,0.24573081112379774,0,1.5143380430133695,0,1.4446788899673364,2,4,0,0.420059054146158,1,0.8220025166571621,1,1
1745,0.5973745330252348,0,1.554665025807758,0,0.36670036270072703,1,5,1,0.7068953096848166,0,0.7440855787198515,0,0
880,0.3648502806164691,0,1.4969235776235017,1,0.6860347981936671,3,2,0,0.45681811629398117,0,1.0665638316357229,0,0
2190,0.9028604793492621,1,1.4915924312661728,0,-0.21923102168837438,1,4,1,0.49436234719779976,0,0.7783852629262853,1,1
708,0.9466180213893859,0,1.2000065964947948,0,-0.16140399682705675,2,2,0,0.5197870254137077,0,0.8760263685839125,1,0
1680,1.6277685435301585,0,1.4128412365148275,0,0.49741279115818715,4,1,1,0.4391833393300576,1,1.1755952902725504,0,1
1893,0.47472474027414757,1,1.4663362020820352,1,0.3548337520519408,3,1,1,0.536514475160492,0,0.6037148986977661,1,1
