uuid,page_id,reader_view,running_time,adjusted_running_time,scrolling_time,num_words,correct_rate,img_width,age,device,dyslexia,education,gender,language,retake_trial,dyslexia_bin,english_native,Flesch_Kincaid,speed
5507df65-d963-43c6-9e0d-a8c375c02b6c,2-1,0,397358,640291,118028,235,0.9546163554659074,804,41.21974069384772,smartphone,0.5244046005835593,postdoctoral,0.03274442875574557,Spanish,0.4381391727075246,-0.10392182416193185,N,2.0094435517473253,44263.557567720774
8672882e-46f5-44a6-ac35-bfedb6323e69,2-2,1,16052,913687,100933,207,1.2156638550930543,1254,34.3227359744174,desktop,0.9440194224939122,graduate school,1.4019073094417114,English,0.3719978456302088,1.0764348143897118,Y,4.511735641805579,46425.26124623494
722b0462-7e9e-4278-8d36-9495f6928afb,3-1,1,407243,802626,101412,237,0.28773763660406804,824,55.21941655414548,laptop,2.122783709832505,college,1.1496023267397022,English,0.5844360924166739,0.49022104712196185,Y,1.5254272972235619,44439.61461840446
6fd65cf5-962a-4227-b24b-b2ef6f590a96,2-2,1,712004,88322,54345,329,0.8614003187585694,789,39.83148734830624,desktop,0.2755251361389329,college,0.16982393882281843,English,0.6998121806280228,0.5809326704939618,Y,3.2201643462055154,44041.79579485802
a8a7b6f7-3663-43c9-a149-88a058e52ccf,3-2,0,575855,9910,121528,345,0.5245292343536737,1381,20.42051660961183,desktop,1.9196228164728173,college,0.17212350979612334,English,0.7053450407557723,0.9902908458740701,Y,2.146550148880719,43130.03926851527
dc6fe456-3569-43f2-b793-afaf3225c316,1-2,1,333572,666915,22127,113,0.4324685433918917,1434,41.52344199998241,laptop,1.2493266204838545,high school,0.6547488744145986,English,0.8386156844705752,-0.04875422606932833,Y,2.209144627792774,48590.70409024025
2e1d768a-de6d-4d56-ba2d-acc494ec8687,2-1,0,302422,189309,102288,303,0.6456418314831063,1165,38.57415130709368,laptop,1.7217113640122634,college,0.2733516623229032,English,0.8253009767270005,-0.07691757621078388,Y,2.4944220528253584,43608.40988443748
80377a90-a6d3-4092-ad16-1615a6f024b2,1-1,1,822969,875848,11607,351,0.6477352513650888,461,44.885902074383694,smartphone,1.3968465344346845,high school,0.7061588859096138,English,0.3790010840605857,0.2741550006646427,Y,2.1414928953436823,44667.90064700778
20707557-d86f-471c-bd39-ce12b5d290c3,3-1,1,494914,156954,42295,203,0.15705340545580343,408,37.8502722353118,laptop,1.716626755655652,college,1.0297350871255007,English,0.36530314349512305,0.1756668560488534,Y,2.319925634889281,45413.58569504871
9783faf6-c2f5-4343-a86d-f6312c95f762,1-1,1,658468,442935,63574,327,0.07252245933369783,1125,43.394384153673904,laptop,0.4588247516460986,graduate school,1.4116608501919816,English,0.7071194273299426,0.5223236972512554,Y,2.1908965150256874,45726.481632624964
d77f1a0e-29fe-4341-9629-55666d082f4b,3-1,1,949383,221923,134974,212,0.6099962416042458,320,32.40402326171375,desktop,0.5024903737484525,college,1.0616059026647833,English,0.3993274921951524,0.2200285600614963,Y,-0.6038780895040383,43428.925234845185
08e0c3b1-652b-4be1-b8fb-e30789efca15,1-1,0,386657,115025,97608,149,0.9800600424859067,795,54.86801107321635,laptop,0.6016780167135363,graduate school,0.244753559565129,English,0.28307327910909375,0.7644530202581532,Y,1.5792120050357166,45552.61928088338
ad72ff21-0001-4c71-9657-91f0af317112,2-1,1,781410,500639,27641,278,0.6004081204996944,1260,25.177743976409673,desktop,0.8567304880289442,graduate school,1.386400760386055,Other,0.053857319589434904,0.29094740408564335,N,1.4782721794526845,44269.06626024508
4bf638b5-36b4-4b87-977c-dbb48a337da5,2-2,0,145553,881051,20358,136,0.4126769043264563,449,36.29902023028105,laptop,0.1694923156285424,high school,1.436075434866575,German,0.7275565273433872,0.18085021198934048,N,0.9855750313286862,38614.4600316816
f0cad925-aff5-4a6c-a8f2-4a0eaeaa248c,2-2,1,141653,423917,45375,245,0.5411624734182974,846,33.936454068832376,desktop,0.516224820327231,college,1.4516971291047556,English,0.9667097818721041,0.1520984205904541,Y,2.2008434415670135,45796.48937553481
9ad793c8-00ee-4105-85c4-5e9513b219b5,2-1,1,323442,932724,132376,286,0.34877200569524736,630,49.323223713642086,desktop,1.111007300670017,college,1.2731079484895722,English,0.20728963833559155,0.28498201409742524,Y,-0.15962373733276292,48720.02207335694
f5c14e8b-4996-4b12-b844-3d5e0f8548e1,3-2,0,931814,721687,45019,236,0.4025716327213664,400,47.46232983002693,laptop,1.015774457195741,college,0.7265915864259358,English,0.3800043518746654,0.6917878941339337,Y,1.7316127996270823,43417.75203607873
7c73f8eb-7012-45e2-b6ad-2197ba40b925,2-2,1,173042,607343,23225,319,0.1045488017303825,440,51.05313263787439,desktop,0.718263319919503,college,1.2115982980672975,English,0.7113080254761662,0.22486775920699748,Y,3.509751377260695,43572.66647517221
5fc65dc4-1722-4f54-bd65-720c734f2d00,3-1,1,404281,74354,136235,184,0.3584829416518063,570,29.323017122510677,laptop,0.3668646396785813,graduate school,0.9880842062547117,Russian,0.4070318521378158,0.6319150159108702,N,-0.30453192672759677,46354.46574712008
ea2dec1b-93f0-4fdf-abd2-49c6087d3b5b,1-1,1,44108,859022,121389,124,0.7836201953949888,723,48.05333482610258,laptop,0.8792383983695011,college,0.6663001650218924,English,0.3840342810399458,0.1953980434743216,Y,2.360677482889613,42694.37785253028
790f5896-c569-4e73-b88b-b931b27dc799,1-2,1,349340,72431,142163,326,0.6263922120553286,957,53.451067349039704,smartphone,-0.2815783290214473,high school,1.2097040670974515,Dutch,0.7393007105315534,0.11110142370298681,N,-0.6521512045567279,41980.74727149856
2e174514-6907-4570-ab73-1d42a3521a95,1-2,1,526797,905134,7466,296,0.4855821835774039,943,29.31356800299899,laptop,0.3187295177314696,graduate school,2.094339720899219,Finnish,0.5903748148541952,0.28595505757610723,N,1.7176801270463296,42435.34278628798
0111fc3b-685f-4756-9692-67ace3297314,2-2,0,963086,508570,4616,175,0.35094082606260857,626,51.16810190948373,desktop,0.9443289343930046,college,1.016975839709247,English,0.12275424168810967,0.6020753938209099,Y,2.587311135871439,43897.78567240247
e8229c81-5d49-4981-abd0-3f3478f9567f,1-2,1,1000170,956699,9742,244,0.4296362684432833,722,15.67585763171687,,0.1864279357307177,,0.7556092395648477,,0.2801666622134339,0.02711131751657253,,0.10395086123636843,46275.78283064063
4ae8593c-1ba3-42b0-9e6e-deed9cdb2161,3-1,0,440382,587481,134188,153,0.5253767082866717,520,22.289864383056283,desktop,0.9384768156556735,college,0.4563645995204849,English,0.4170953733875644,-0.30532413759862176,Y,3.6871266386998047,42338.676344769425
2ee3c271-be10-41d8-b778-9c5d7d5b6e52,3-1,1,663674,612303,91685,337,0.6558035385872647,454,32.20411245475014,laptop,0.5851945232339294,high school,1.0377229130916772,English,0.6397672353093957,0.34368764617572983,Y,1.9302982360173813,43525.75109518731
6e1bdd21-d51f-4497-a684-654edc44a6c9,2-1,1,389015,662402,73,243,0.5906607515432545,875,27.83814121922928,laptop,1.6178685662608285,graduate school,0.09910373299830644,French,0.5991485910405192,-0.18773806018295836,N,1.3184747566854957,48087.09563160499
ffecc92e-4523-43bc-881f-86a60ec0cb05,3-2,0,109150,40946,72424,381,0.7053957763210332,594,29.990576312831468,desktop,1.9312720473555598,graduate school,-0.5394598301821683,English,0.7672612039699098,0.6026256083804726,Y,1.3887693895518407,39703.728523090715
ce41ecb5-d3d6-467d-8d90-0da4db858b7c,2-2,1,929280,914038,7607,224,0.20998980861581557,1387,35.47145156859436,smartphone,1.5299622704723,college,1.5040486281255623,English,0.3720767578787052,0.2020166212008303,Y,0.12442364854334431,41644.21522001273
6111a8de-8e09-451b-b8a9-ff41d2c985e8,3-2,0,77496,89840,129146,128,0.4217672394324762,1022,32.5653111571769,laptop,1.4997471327061687,college,0.03468812129008769,English,0.49520568588828356,0.6967254138097999,Y,3.419985082212701,42855.95687046698
b8f4ca6e-e390-464a-8d7b-7e81fcf0227e,2-2,1,164499,823993,102305,180,0.4852170308365609,828,18.327365120596298,laptop,1.3276569106496683,college,1.4417751345507241,English,0.5252426808673266,0.4770461486557732,Y,1.2705193178348955,41125.184619773325
0fd5e38b-fd91-40c0-b154-d407eba53e1f,2-1,0,969057,132863,104689,281,0.6220676416296556,1212,34.25368742446299,desktop,1.5115039098934275,graduate school,1.142204053680774,English,0.531596001908503,1.1531120042455405,Y,1.071555115371285,42709.35989924652
34604f27-94d7-4af3-9b8d-7c9fa836e7cb,1-1,1,817475,280637,52481,177,0.49006136208958034,484,59.97508370928702,laptop,1.7399077583323517,high school,0.5954934906025227,English,0.6744855628307033,0.686384835384814,Y,0.18308653541650166,40889.74649519561
bdf3a343-8379-4a21-aa09-be0ea98c2e96,2-1,1,964672,773499,79783,299,0.1984007648135127,814,28.470717438260024,desktop,1.436766462218268,high school,0.9922337951631195,English,0.30217737819934176,0.7033409763191868,Y,1.2962635914596259,43694.38107257135
82997735-0e98-4a00-bcf1-f2f0aafb0705,3-1,0,297421,297753,38842,336,0.19552509092851167,658,39.76656299953537,smartphone,1.7646016835068872,graduate school,0.8280383991519467,English,0.5788539012848273,0.5641249484164242,Y,2.470398772898292,43153.044850722006
9b2ec410-aab7-47b8-a6d3-19e9c1e54d4b,3-1,0,690305,652623,28452,152,0.5533293173501158,438,36.056371971198324,laptop,1.0350403263293046,college,1.2807309967033278,English,0.5517395972849064,1.1529425593648912,Y,3.0803483992111027,42811.15543048214
43bf127a-e9f8-4553-8ed9-5bd8a1da3ac0,3-1,0,658394,919966,102847,114,0.4932419820336542,708,52.94543043491019,laptop,1.173638170078848,high school,1.3684887610684644,English,0.2895783269336454,-0.22299153438364105,Y,2.527281445892229,47172.92563956004
cef9fb15-e845-46ae-8282-8e7247078df1,1-2,0,43095,804303,7503,376,0.49172127852292574,421,26.628905550438446,laptop,1.0448877800738898,graduate school,0.9812826237180123,Russian,0.360261669392524,0.476126712385451,N,-0.08654674913552074,41668.688331650286
e1205048-076b-4e6f-a4f1-23fa25931539,1-2,0,474388,956820,840,109,0.5609754050971218,899,31.36501507727641,tablet,1.2794224660771336,college,1.47610794139573,Russian,0.7059465258463951,0.21711911812275236,N,-0.07076390423676826,45093.75602359744
86fc00ec-2ecf-4b13-b031-7de5b98c4716,1-1,1,803252,566955,92232,256,0.4438997329848464,1069,37.60393189441534,smartphone,1.1256282793960053,college,1.2438368715237047,Dutch,0.35112455969367107,0.5166678684898152,N,0.3752468264895539,43928.02208114116
f5c14e8b-4996-4b12-b844-3d5e0f8548e1,2-2,1,542254,276741,52525,142,0.9046215095210388,705,22.345869793139286,laptop,-0.22601574378260136,college,1.9476368883774096,English,0.6073876874175148,0.8436218040481307,Y,1.5287688233645689,45536.72014469872
399592be-b15a-4ab2-bd28-0a210fefea30,3-2,0,433990,290383,27091,356,0.7291800984601402,1331,41.70465286846743,laptop,1.449580456046514,graduate school,0.3968440108151844,English,0.6846191509082281,0.04640838011056486,Y,1.9185541507718749,44776.66981494563
ee53e6ab-48ea-4636-8141-e636a103cbb5,2-1,1,196150,960261,45838,203,0.37931739112253776,471,42.4107551803197,laptop,1.0008526788175265,high school,1.0214389180187569,English,0.4875211923143657,1.021217294964847,Y,3.7138717514300534,46822.6006269756
cea04555-57d4-4edf-9198-e8aa302bc070,3-1,1,539251,585360,96404,228,0.3095214058428617,944,28.08759132411328,laptop,1.126388446050116,college,0.7289368951114266,Dutch,0.35703779279927866,0.7321041579717432,N,3.1317419673767306,46450.01682551064
154c0760-9c47-435f-8335-5f1178d12e46,3-2,1,404571,626554,23463,129,0.7837751456688784,805,54.42655572665729,laptop,2.384845445555454,college,0.8996826608506049,English,0.46386699053723024,1.0599835233580526,Y,1.3031618062541044,43071.68844682371
cc6bb97b-148a-434d-86be-1a4b7c05363f,3-1,0,568428,960232,135855,293,0.5346074497726967,709,29.862638336912738,tablet,0.26090603644854093,high school,0.6275609486064198,English,0.568278068150331,0.036012437769016914,Y,-0.09016908574549598,47187.672408984974
8e023aef-67dd-4d6b-bcf3-b12c776379b4,3-2,1,360879,995877,46525,127,0.8521635152970398,851,35.73521756066806,laptop,1.2848572566095426,pre-high school,0.38589604787187426,English,0.6536109860633286,1.180251541904843,Y,1.9685705263801194,42456.916615449976
d816358d-20fb-48cc-8597-6ce3578251dd,2-1,1,454344,444643,92285,335,0.6165790971442918,414,41.64342522100987,desktop,1.0406001108903657,high school,1.5356222330891196,Norwegian,0.15716009048889445,1.1123114577466238,N,1.1159075695854488,40393.331377548
902669eb-08bc-4e32-8e29-a4c99c57072b,3-2,1,104493,406269,112509,356,0.5029851604605652,967,25.00164329725867,laptop,1.0929167677778129,graduate school,0.4548789799204548,English,0.7611288589703438,0.5177003669526978,Y,2.3501131293392,46040.13232236986
96b2dfab-22c0-43b4-8799-2c759dd9163e,2-2,1,879002,548869,99385,194,0.49928478249957847,1103,43.57969297247088,desktop,1.004135173474891,college,0.8986253431332413,English,0.5510473284603131,0.08737706498661651,Y,0.976806743332124,43278.359535006115
ffecc92e-4523-43bc-881f-86a60ec0cb05,1-1,1,558906,543498,73808,146,0.5369349104379979,370,16.449536718573,desktop,0.50307911101329,graduate school,1.145979023852133,English,0.3461655357483904,0.4573778390845455,Y,1.8527974817297237,42742.70522674497
4bf66c16-79cf-49d3-a150-110237af0243,1-1,0,219911,841449,46048,118,0.7572569981518817,400,29.044605998682336,desktop,0.5961669996826022,high school,0.46319317078868394,English,0.3474100935328591,-0.16997109383372955,Y,3.5475764448776927,45310.26375759154
01793098-f0e2-4ef8-a0eb-706a0584332d,2-2,1,393378,556661,37056,280,0.8821722674078467,773,38.04004335907249,desktop,1.1936875710300128,graduate school,0.4852171638326218,,0.5955330662974246,0.6174722410664375,,0.47005796935304267,44424.10553924993
e3e994b5-c070-4cf7-941a-e2cf1f64f510,2-1,1,990637,413107,86162,182,0.44646035057398475,817,39.85057788378516,desktop,1.4280414251647786,high school,0.28548940168420256,English,1.040081254607074,0.6448623553602769,Y,2.3781168640365333,43399.67206379952
c2a8d24d-9630-4151-8175-0b42eb1aa9ec,3-1,0,619996,262512,99224,300,0.48624480311418017,1141,39.21481077260018,smartphone,1.206387981757381,professional school,0.8244579100475906,,0.43978585073835025,0.5323020444650973,,3.706676911434578,43023.76744609433
a1f22d02-0b2f-4c57-8736-0957dd153f8d,3-1,1,808001,552073,83092,150,0.41902309611531097,540,17.225281288619943,laptop,0.32545262048076073,college,2.0127833196568323,Dutch,0.25565911253087137,0.3506685067902106,N,0.10572527618056293,42122.12347674517
643a52f5-884d-44a3-8591-97c7af7f8357,2-1,0,605043,971198,76134,304,0.657694254133061,716,24.16025122572568,smartphone,0.00539321172573326,graduate school,1.7041464199850669,,0.6398144324892594,0.6561897200048976,,3.9377701195259975,45251.84137484583
722b0462-7e9e-4278-8d36-9495f6928afb,2-2,0,693040,827926,34349,158,0.6919048844026071,898,43.02297294706543,laptop,0.2069758653196232,college,1.3206267203006328,English,0.17423687254993997,0.42628383877125997,Y,3.2800640260250917,46444.65578586636
9861dbfe-d228-40ed-9c0b-ad0a8866adfc,2-1,0,51276,116485,22881,229,0.37826578716205594,1083,41.732912899986204,desktop,0.7965482594831131,college,1.1930222001644855,English,0.3619072105766493,1.0729860306782466,Y,2.113658688563409,40589.854359278754
475f8bb1-e661-4dea-af87-86ca2a261e7f,2-1,1,781418,712555,134648,362,0.25938272139961827,628,39.16064537341144,laptop,1.2143949278907953,high school,1.1470599831500838,German,0.6928294000775189,0.5989688554023005,N,0.3931778455433306,44739.81084463341
f74db555-3110-484a-bdc4-b09f6cf1c720,3-1,1,139631,584756,40623,123,0.7129361835306889,1193,46.210047148936646,laptop,-0.3207073578648516,college,0.8928216701076055,English,0.5612710308084291,-0.4064080992933793,Y,3.178098446695855,45174.254159044205
a17c35a2-ade1-4a79-a19e-5aa8093af1f0,2-2,0,56039,675864,16750,303,0.6949574982706194,1047,42.30082962628587,desktop,-0.30044351355681753,high school,1.0952214281157464,English,0.5359683308077515,0.9378564490969403,Y,0.5659707276112924,45603.94721632681
0d84e944-f2f1-4a68-8fc5-719111349ddd,3-1,0,390428,785408,88174,262,0.6184329913747467,697,22.472565270342876,,1.1608475271191416,,0.47530198680747937,,0.5725903820519089,0.6227257726937754,,-0.28601337947285677,45601.09098862861
10497147-ea3a-43a2-8c1d-61e871fbe21a,2-1,1,39617,727286,18031,315,0.600256883852082,335,32.02695063281452,,0.1481417332556515,,0.46599386353665606,English,0.716068797892785,0.4654579908545653,Y,0.1505178402954206,45371.43313269653
c5f16c37-1a33-4562-9996-0f8262566ab2,2-2,0,380122,1017643,62259,198,0.43682558879404304,1135,49.62891184940818,smartphone,0.661485556859281,college,1.8847554672752636,English,0.6069437828439054,0.6240569647030445,Y,1.5243921486760892,42959.287251823276
61d89609-6242-4f26-b2cf-8a9f538a757b,1-2,0,395203,464976,21172,330,0.28301654780039276,1171,29.536665938534878,smartphone,0.7244760914479593,graduate school,1.5231525828534154,,0.5987474649206683,0.5015202274540973,,1.5198233950834759,45261.553943815205
ea0abfe5-f18d-4fad-9ee6-4114f292450b,3-1,1,52478,740689,44511,274,0.2901526179875135,1226,26.78329720377766,desktop,-0.031311652844143056,high school,1.261834094993664,Swedish,0.18810823919124964,1.1518547677441293,N,1.4880656695641075,44124.51132386403
5013da82-22c7-47fd-a245-d7131d2fab50,3-1,1,95433,852633,61146,242,0.5028819831424443,1178,18.708171348394828,,1.3805601154652178,,0.8480211848515825,,0.32406620264471814,0.1694553992302431,,1.6616971912446468,44612.85051391886
2de720d4-ef3b-4064-9437-2886a4fb5d23,1-1,0,633004,791149,17517,107,0.3499143056963182,1385,32.56669405007109,laptop,1.1401492349837468,high school,0.3442226901116725,English,0.5919145081741285,0.44206674673747415,Y,1.4638164331667538,39997.99986669924
832f42b1-7702-43bd-a55f-a71c4ad85b9e,2-2,1,63999,701886,44827,137,0.9214145968739194,1426,38.599003246964244,laptop,1.2969541339659774,high school,1.1077400641170028,German,0.3057554690735983,0.7243119891094448,N,2.8707146585173273,41480.88600321997
63cdd570-1369-4f2b-9090-d5b6255c51d2,1-1,1,987244,33292,33529,349,0.27723616161785014,769,14.422337346419535,smartphone,0.7517255675822518,high school,0.5566721981660252,English,0.6045086792023544,0.5221126715394389,Y,0.8716531770848018,46252.47593520068
ec830f1b-9018-4757-846f-ce2536ebed89,3-1,0,15416,846557,54412,230,0.32673480159537366,1182,25.356973403269308,laptop,0.29021040768364204,pre-high school,0.32618720084742825,Japanese,0.584669211577229,0.40693501746976957,N,2.7677975352156685,43422.713339997856
20bc2c15-8c8b-4581-89b1-ce290be145df,3-1,1,827049,16611,40742,137,0.948028552332782,1192,36.61766358342272,smartphone,1.9570406793158568,college,0.6985104942888938,English,0.37177774641066863,0.8119109404413505,Y,2.871491072224702,43038.66416289141
58489ac6-e6ac-479a-a4bd-f2c8e6575a10,2-1,1,384933,889252,32760,341,0.6027423186125858,470,24.85975049409067,laptop,1.3948943806716427,high school,1.2797961418282582,English,0.372206485905765,0.6232389183725193,Y,4.971131199369989,42091.11749648568
6b74a260-9d07-49bc-9cfb-6fefbe9a718b,3-1,1,208333,531450,98600,156,0.6424738651457801,1253,40.79996679686498,,0.5050183633387859,,1.0337107785557185,,0.371752719321863,1.3397531209357574,,0.24275343678426653,42191.075644879755
4eab4ba9-b923-43e9-94b2-b50f8ae543ad,2-1,0,318054,791364,30674,320,0.3125848346269132,1414,33.64641856855956,smartphone,-0.040702273808147726,high school,0.9029080312661218,English,0.4200361659184667,0.3413443007401358,Y,3.684519790286953,42999.82531647262
e5afeeab-aaf4-4200-a67a-5ea0b861dee3,2-2,1,118711,670252,98579,335,0.4066048830367085,1391,35.30461994492786,smartphone,1.0363832005589455,high school,1.3446256569229404,English,0.5678592021761353,-0.16653168378198502,Y,0.37511339791647,45040.35721622959
4be26ab5-1d7e-44bf-bd62-0a66c914394a,2-2,1,419946,684748,53494,161,0.7009905326597807,1056,43.094713013126096,tablet,1.633863907371125,college,1.5695160774252646,Chinese,0.48873485171176617,0.6775800402187262,N,2.2448631208052547,46942.02052072744
e1b5288e-cb8d-4cdc-b021-45df6158c3be,2-2,1,243716,689421,74366,376,0.7796238941095799,594,38.43072367498177,desktop,1.663599319232942,PhD,1.101974867259033,Korean,0.5332643897915722,-0.10425390581551208,N,1.4941725712446394,42786.87261573546
255498f6-e198-4a41-a057-5d4ddc6af950,3-2,0,449366,775890,63994,237,0.6365206087236422,640,38.32680239220406,laptop,0.2310492006237279,high school,0.7939503212747538,Swedish,0.21356767404825883,1.0185800181859492,N,0.9633948723241607,45163.75385673334
2fbee4a6-4fd6-4fa0-83b2-b180fee815e0,3-1,1,278035,640018,16322,329,0.4197213741913836,765,42.32969464456539,laptop,1.3636114435917315,high school,-0.19245751451246007,Chinese,0.45535789022246936,0.4744257072356175,N,1.1435135495492845,48127.84736351299
78dae403-7187-4be7-86de-8a1543649957,3-1,0,380615,77518,74410,340,0.23810730660645907,384,45.28312504070263,laptop,1.2997894186608385,college,1.2459460399387474,English,0.5928257455533615,0.5735336162350495,Y,2.974780143099734,42347.39956275737
cea04555-57d4-4edf-9198-e8aa302bc070,2-2,0,318256,688572,104634,233,0.5754698089737613,455,28.23628644548765,laptop,0.8661698526052056,college,0.23953338046892303,Dutch,0.4586653004820343,0.3911370987582241,N,3.347262797183778,45330.44661700848
028c35ca-c434-4a6c-9706-5752290c6d4a,2-2,1,325377,63909,25057,336,0.48271371743052793,576,54.86832968993079,laptop,0.5962149942905322,professional school,0.5992396716853012,English,0.8142462264572553,-0.0025078101997061397,Y,2.8276975373899114,44021.81735995262
8e023aef-67dd-4d6b-bcf3-b12c776379b4,2-1,1,643317,538759,69337,284,0.301725119429984,876,49.36164885653836,laptop,0.6245167003252788,pre-high school,-0.22666163855510035,English,0.5226487994945216,0.5902009227503806,Y,3.583522076030829,43648.284146177684
74a79217-122c-4027-92e4-05a4e5fb0b4c,3-2,0,386282,163866,112343,210,0.4421102539792349,1048,47.62530854867432,laptop,0.831111364948196,college,1.1864846594262326,English,0.7063236444693985,0.9259871650618503,Y,0.9451365060838468,43994.9403189241
c99a4a23-599b-4fcf-905b-a0330bb7b595,1-1,1,903536,77718,25863,158,0.41756043904361584,1168,52.103177438087265,laptop,0.7937591808782714,graduate school,1.017264805332656,English,0.3311237902230988,0.4058387121766176,Y,1.0546222962266136,43400.67169141591
984a4027-117c-4a02-894d-deab7ced44c4,2-2,0,405706,307065,58602,160,0.23692650592149145,470,42.13034903040104,tablet,0.844171083290983,professional school,1.111301505118998,English,0.47275136066883283,0.21870469147728538,Y,1.0096104757315167,40657.557353751676
769bc77b-f052-4fc6-8516-94a46941667c,1-2,0,372733,593635,130118,361,0.7657021060858304,750,26.907144271852808,desktop,-0.5283275246736594,graduate school,0.5929339536799461,English,0.4519302411988641,0.3168915670533048,Y,2.1796560224147923,44846.65638842575
9ae62339-ac5d-4e6a-bcad-c0235c043cf9,3-1,0,156509,792098,103947,227,0.5707915376134585,751,23.45066901759249,desktop,1.6337543591152166,college,0.48150082257396154,English,0.7833415723461856,0.231049928413266,Y,0.3875042098503374,45301.70123373947
276e0af6-a9e3-4de0-8f77-6dbf7f9e3c15,3-1,0,110930,744852,19393,248,0.19538268978168888,1366,-0.23426635390485728,laptop,1.6959210067522896,,1.3921152538674193,English,0.3662424143004056,0.6486814528745748,Y,0.37494621963413555,46177.89497964783
aea24408-032f-4620-986e-f97f5f47c28a,3-1,1,279206,712115,32863,350,0.20968805230846793,670,32.89291864409822,laptop,1.8694580937855916,college,0.5210854781900113,English,0.5522570155991311,1.216709580241405,Y,2.1994993917660466,44762.76261898253
28c7542a-c3f8-419b-80a0-8f4c706e2c61,1-1,0,1011494,621014,86005,279,0.6902607427536673,989,26.899222374942198,tablet,0.22900066026646804,high school,1.9594893613625708,English,0.4809551771975763,0.45149696777328124,Y,1.9610481648282603,44323.575741732755
ebe32dfe-f98a-490f-a017-f2872a47a1af,2-1,1,130498,812974,107034,232,0.6098625773201347,394,34.945015761261146,laptop,1.5811409202517095,graduate school,1.2761262176329675,English,0.8852778088092033,1.0195357871957214,Y,2.1054711949980236,44718.577569420704
255498f6-e198-4a41-a057-5d4ddc6af950,2-2,0,192832,443320,121477,140,0.6621249823333514,328,6.2373096121859,laptop,1.0092306656389367,high school,0.35888320393204853,Swedish,0.7535308287194523,0.3484937553015177,N,0.5663440883485011,41403.79806159579
b74b7a54-edf6-4d3f-92d3-8dc119424956,2-1,0,506226,307399,92493,218,0.4851691361663836,1321,32.8633864952777,laptop,1.3980584648960679,high school,0.6599819214024034,Turkish,0.8184307729630054,0.2083892600945052,N,0.4494704515599732,43911.80659159625
e66ac7c3-faeb-4b2e-8dbb-929d29a3bb65,2-2,1,451241,800824,10358,214,0.2649339386827806,1150,36.112138552980106,smartphone,0.7232461078764002,high school,0.817489947534257,English,0.5392737550871839,0.3831012911752996,Y,2.3614003695256254,43600.522525833476
d02dae2a-18e0-4019-84a0-e1f2d1b6360f,1-1,0,709533,319879,125996,232,0.17546049629667715,579,44.525800876702384,laptop,1.881183645288537,graduate school,1.2405357419746468,English,0.43453525943396354,0.23073929871378296,Y,3.2568185096608233,47050.97316527493
dd12faee-44a2-40b4-b2aa-276cd7e690dd,3-2,0,381645,571069,111967,267,0.1349480006152609,561,45.29590282943114,laptop,-0.5284482092748297,graduate school,0.15885100731530455,English,0.6604168413099109,0.5410309136009146,Y,2.6003727110100314,47523.99265904728
10497147-ea3a-43a2-8c1d-61e871fbe21a,3-1,0,70162,233357,124135,114,0.25034956071033443,673,54.72687823532171,,1.1948075837563845,,0.3339022420367147,English,0.6289423389289844,-0.054808104995256235,Y,0.2621000726568503,44287.961920567235
bb6d86fb-97e8-406f-b440-8dbc6e8e7771,3-1,1,656094,853220,40437,201,0.8362959792298209,1150,32.509890641743624,desktop,0.7565263584713923,high school,1.2563146457867167,Danish,0.412618046007601,0.5202090435179528,N,-0.34149187152966354,41789.95821316206
4bf66c16-79cf-49d3-a150-110237af0243,2-2,1,954089,594874,13289,355,0.7317437273906348,1346,44.80030148717066,desktop,0.6804993961946848,high school,1.5331615089055017,English,0.75948691339025,0.4648088767433419,Y,2.5594988916856547,45564.14206215528
2fd402f2-0a6a-46bd-9f79-244f46b106f6,2-1,0,878460,911285,45567,217,0.4873925139841132,1116,20.578113047869905,,1.5620621644840016,,0.41940092282536745,,0.318693450617307,0.4323073270158627,,1.2599924422024942,43231.73396889513
f899e672-b04f-45ac-8570-174894f1831c,2-2,0,156008,814350,77731,357,0.7089244770604415,1239,38.671254372845034,laptop,0.6857207036796209,graduate school,0.8045956145548431,English,0.6133539031890859,0.5646022618044488,Y,1.5364396563069818,46343.66725239078
b1872ef2-f148-440e-a44e-3f12578c14cc,3-1,1,723900,486158,39704,336,0.5628431911153062,1234,46.85639942166741,desktop,1.260404829490402,PhD,0.004420847228326141,English,0.3410355045300403,0.6672738475545188,Y,0.5680899382241136,42039.96729285156
4f8c5f95-808c-404c-9613-d9ad53bad8c2,1-2,1,713131,181677,130395,114,0.5486033356522482,425,31.677539054023725,laptop,1.4071855928260895,college,0.5679371798324624,English,0.3386928239783651,0.13962351086109892,Y,1.7268866820885183,47831.179888834835
db095ce6-bb12-4f37-88e2-d9e76be1b021,3-1,0,504622,353825,72447,216,0.6201612887087377,495,39.834550658944586,laptop,0.6683412408620409,PhD,1.4674540755489958,English,0.6761255680705212,-0.4533837458089023,Y,1.1204372312097275,46185.235159041666
bdd0644d-d39c-4f9f-b351-42085d4174c4,2-1,1,147852,807302,7241,360,0.5634544966172137,914,44.858803700481104,smartphone,0.23429776441137262,professional school,1.1446195694336065,English,0.3833653782939138,0.5654709803531345,Y,3.5983337687962846,45481.11958717918
9fa1aab8-97fc-491c-804a-f4676c40ea0f,2-2,0,19105,315419,134444,195,0.14110446865642745,786,52.683045579040765,smartphone,1.4431557107732638,pre-high school,0.9058469508283061,English,0.8085053672746925,0.6250457929343898,Y,2.1923600676127655,43567.674316617464
606ec9ab-33fe-4f7e-9330-c0c5d30928c1,1-2,1,804027,979767,56591,291,0.4710101572514485,1152,20.727109075520964,laptop,0.3494068749092816,professional school,0.37888386614100533,Standard_Hindi,0.22431875946140134,0.6547864468816456,N,0.788297231348086,43478.41262068066
9783faf6-c2f5-4343-a86d-f6312c95f762,1-2,0,357810,193416,132641,368,0.6126191901427414,293,56.57988586081566,laptop,1.2034350538590821,graduate school,1.6630054603700408,English,0.4373716571754796,1.247663446816225,Y,0.9457844132887314,42152.47255582834
6487b006-6591-4302-b387-45b630b259e6,3-1,0,772173,1011914,101566,159,0.2917319971272378,1226,26.13820288360526,smartphone,0.7533832880595774,PhD,0.6037666086051432,English,0.34444368988500046,0.25478030771431115,Y,0.5862889813837482,46551.49486975848
2fd402f2-0a6a-46bd-9f79-244f46b106f6,2-1,0,164659,120210,62943,292,0.6636744214796313,851,50.351614158964715,,1.8207687055679296,,1.3926517688857454,,0.5422030276818485,-0.06551198787591628,,-1.2313557977632024,44824.33043833402
27b4821a-e017-4740-b5cc-429d50c88f5a,1-1,1,429054,319244,130042,350,0.6967176507624712,535,46.59278551019698,laptop,0.6498420310432018,high school,0.8130574370253386,English,0.5164274093620443,0.014587245425688011,Y,1.8088738079890634,46396.14244540843
55ceb008-47a1-41ef-82f8-5527e474f4bb,2-2,0,184363,621811,85786,133,0.37895209215445014,538,40.03051684372257,laptop,1.1777475849622077,graduate school,1.6478725073515768,English,0.7020857254654125,0.5945235362571853,Y,1.90938126044973,46694.11381824017
276e0af6-a9e3-4de0-8f77-6dbf7f9e3c15,2-2,0,643264,904000,107692,193,0.6550397790593628,1257,52.81070697834188,laptop,1.8907394384343295,,1.5416755561357345,English,0.7396685054671486,0.18218950889096708,Y,2.9703461967877285,46412.48199528475
11c943dd-a2f9-4e88-814c-7812318b5999,3-2,1,244482,86580,7284,330,0.30178670273056674,497,53.90494801871135,laptop,-0.39956768804896026,professional school,1.5651826335453551,English,0.45805414398279165,0.67667796030023,Y,2.691888747178715,44876.30997832534
65ff8233-c35c-488c-a692-f140a8bc5f64,3-1,1,900195,886787,97221,356,0.7993781225862452,544,42.237177388739475,desktop,-0.006243806362210114,high school,1.1082030925614357,English,0.5058405916298796,0.8126559439991689,Y,3.7441071417833305,42895.84430593594
bca2bb1f-e075-4290-bb59-fdd14fd7f870,2-2,1,74314,548016,126982,139,0.5591799747982025,651,30.439508076366376,laptop,0.94089525319196,graduate school,1.3081432445875583,English,0.5427202786649706,1.093420538224861,Y,2.2294154434487075,42358.88597389232
9783faf6-c2f5-4343-a86d-f6312c95f762,2-1,1,346635,831768,103995,355,0.6105795005643798,411,40.37314247107993,laptop,-0.17851493607305358,graduate school,1.9759047626665103,English,0.45727167534423374,-0.2699560752997553,Y,1.4322800145221137,43343.82448047948
5507df65-d963-43c6-9e0d-a8c375c02b6c,1-2,1,339970,690768,84575,378,0.6642362158066533,764,40.00795842579917,smartphone,0.12009637609569368,postdoctoral,0.11874318127906625,Spanish,0.6861180371630486,0.017950007645935517,N,2.1690599783694897,44053.37312886921
34604f27-94d7-4af3-9b8d-7c9fa836e7cb,3-2,1,628152,731198,92571,285,0.6386923836626307,1200,35.61498930855189,laptop,0.5375779139039756,high school,1.4487484391385816,English,0.7950023945693383,0.7980713999443255,Y,1.3358239549253672,42607.86561681786
643a52f5-884d-44a3-8591-97c7af7f8357,1-1,0,1011325,508772,15791,344,0.9591246492619826,1389,45.78401692261552,smartphone,1.1714466281058673,graduate school,1.1316037755018764,,0.3481414394132536,1.0545911954961884,,1.2135380770024637,44558.22992688777
05a92b52-f72a-42f9-936c-9258bf385bf3,2-1,1,933379,103846,58589,226,0.5708195006724708,1297,60.90444504343695,laptop,2.0839265964006195,graduate school,0.9149421021619788,English,0.42329660953115916,0.5679797696603941,Y,1.286043798166726,42472.87652562218
c0112282-2a3d-4efe-af95-387d581e0a98,3-1,1,369383,281602,91822,230,0.3958756946781977,877,22.651127983383354,laptop,1.7096222536410477,high school,2.0486996416909,,0.3300585356080938,0.8606192288594645,,-0.04146459015286563,44945.64204980899
b1a27fa0-3a9b-4b77-9c22-2f7ffd839812,3-2,1,339617,104807,132481,153,0.2786213925993832,614,33.17538943489559,,1.8555937055104827,,2.0297396286653733,,0.3450398974353989,0.4694271784695856,,2.2739433120601578,44516.086367659445
fecaf7b1-1db6-46d4-92ab-aa1864c179ac,1-1,0,859141,969930,117707,204,0.46933040531516546,1130,25.025548580650845,laptop,1.5217595417194731,PhD,0.6997886127125192,English,0.23497728850108796,-0.009846734977749239,Y,3.9638936479715365,44863.94052532877
e66ac7c3-faeb-4b2e-8dbb-929d29a3bb65,2-2,0,722957,532127,103538,379,0.7330180384052645,545,49.04951274801522,smartphone,1.143880633626916,high school,1.3230969095082012,English,0.5818141162151469,1.2903166403289297,Y,1.5605830431000058,45958.475645392704
ad4c12c9-5088-480c-ac6b-07b6e44162bc,3-2,0,520389,200548,73752,134,0.21284206902279335,933,29.961035439312365,desktop,1.5130280670225122,college,0.6281960045761518,Norwegian,0.6486359784132731,-0.08815723975833267,N,4.305035979199054,45901.25989339178
336708c2-b201-4f59-803b-092eea309d6b,1-1,0,383622,611626,4114,244,0.538816738145084,842,32.16549625608198,tablet,1.0903441626777681,graduate school,1.2440122132073752,English,0.6982542219029674,1.472482553575603,Y,2.238428854590823,44439.55988370011
69ca58fa-5eb3-4e00-8658-df2640b449f6,1-1,1,831698,467253,15718,319,0.5348643884401642,432,46.80375446558652,laptop,0.20228076474989287,high school,-0.5548656791826518,English,0.6704950390126851,0.909346355963206,Y,3.4344828591519536,42197.23211521891
790f5896-c569-4e73-b88b-b931b27dc799,1-1,0,127252,979551,40581,354,0.439495471838618,1082,30.75298808580503,smartphone,1.385153633016139,high school,1.0614612893051065,Dutch,0.18598532558090103,0.3583156617971466,N,0.6975093053466161,44376.257156317675
b038618b-9b28-43cd-b9c1-ac984372d993,3-1,0,78671,920342,126315,268,0.11853682615355376,1247,32.59564249188005,desktop,1.5095072738825266,college,0.333563807416403,English,0.3177862138590102,0.5749926313654674,Y,2.305765702361045,44706.668035343646
b90659d8-9551-41ca-b0f5-deaff4b679a5,1-1,0,716919,893334,79194,355,0.7332581870739332,543,58.376141404124866,smartphone,1.2750169521692316,college,1.1069738142327115,English,0.7746602121837332,-0.015775380353202806,Y,2.2637954528715807,43123.75666184001
a28f6ad8-3ed2-4ddf-bee5-0ab05da1b6ad,3-1,1,524830,204997,52840,211,0.42489622591708254,1130,46.799313678977576,laptop,0.758599934901252,high school,1.3094012004801645,English,0.20413480810527002,0.5273365082980662,Y,2.298931626621945,46057.30781612363
4f197cbb-93cc-4852-aad3-46d35f809f47,1-2,0,210513,553440,40071,204,0.6690510045498523,1040,15.294668355198311,desktop,1.5972123802545832,professional school,0.7254097762293403,English,0.3660382818503106,0.8594220429469126,Y,2.6659618580576248,44397.28434679311
6965965e-87b6-46cf-97e0-3b7960e277c1,3-1,0,550297,156409,142789,137,0.5095064331847223,1041,45.36611058750931,desktop,1.7481277751346953,college,1.8147276589512442,English,0.4394809083643991,1.0127522256758454,Y,1.492653294537614,44303.023675791344
a8a7b6f7-3663-43c9-a149-88a058e52ccf,3-1,0,676065,470277,103562,133,0.4086610988849448,717,16.610484521001048,desktop,1.3353101297605598,college,0.8638901397324854,English,0.5610034850210799,0.788124567469551,Y,1.75478416842531,44619.28701377622
8e023aef-67dd-4d6b-bcf3-b12c776379b4,3-2,1,380955,564103,33039,222,0.5631727761834441,873,43.492541877326495,laptop,1.1454577235999637,pre-high school,0.5518187590308934,English,0.5188090514047328,0.24876581114345075,Y,2.0328484920092484,40715.94865006737
c5f16c37-1a33-4562-9996-0f8262566ab2,2-2,0,606622,500654,102296,349,0.479542047628913,1364,42.893728850679615,smartphone,1.1535814112169978,college,1.276031410054627,English,0.26859110629400285,0.14084580985656403,Y,0.4717080303078278,47375.172342976504
8daf6eaf-3757-49a1-9fb7-77fce259e6fc,2-1,1,359366,83000,8666,197,0.6696042716597302,1196,37.94031494756865,laptop,1.528012191412996,high school,1.0618159362215647,English,0.5769825892050325,1.1198232968571107,Y,3.755590072448553,41474.89731541491
acbf370c-b970-4ac5-b1ec-4335a936dbdc,2-2,0,380916,332085,89011,195,0.4166446628670408,824,31.47350970218935,tablet,0.2930314783844875,pre-high school,1.0584686165314445,English,0.3210541011411169,1.3368161132417846,Y,0.5154141486208053,46609.88965893087
9b2ec410-aab7-47b8-a6d3-19e9c1e54d4b,2-2,0,2598,632083,83484,299,0.36617292398613477,369,26.411861971085997,laptop,1.6147581823515287,college,1.5363908924054681,English,0.3520548732651582,0.2972471878552272,Y,3.0765460643127795,45918.408259755815
cc5900ac-23f3-4768-99c4-faf9c29e9382,2-2,1,950987,55131,108110,226,0.9463138579008483,906,29.41032146763246,laptop,-0.2554137595311523,professional school,0.5258453842174813,Spanish,0.6563360950918986,0.1000459256540901,N,3.6160703358778084,42348.06169115514
984a4027-117c-4a02-894d-deab7ced44c4,3-1,0,750814,530888,99174,142,0.21013224297364558,1004,43.513243382519384,tablet,0.9214732978845181,professional school,0.4047545423571902,English,0.569035473315352,1.209052849046714,Y,1.2471522294677897,44217.35338125021
e1b5288e-cb8d-4cdc-b021-45df6158c3be,1-1,0,292857,167197,96056,109,0.9622982805853064,1350,37.7224649644159,desktop,1.4439966601492016,PhD,1.3826977292896117,Korean,0.8550953498271145,0.06711907853732035,N,2.8834285802923443,40999.738272618204
9294f017-a752-4e3f-9266-06922b940943,3-1,0,763529,539302,65768,291,0.4543502066734283,634,39.23415508976513,smartphone,1.4115994826064988,graduate school,2.0170242782665277,English,0.5594183781919131,0.5302225877196073,Y,2.444954749513636,46503.46225435116
92549cea-1034-4ed8-8c3f-b94bbdd55d0e,2-1,1,103791,764332,132462,321,0.7181686729037637,516,3.138355619605356,desktop,1.3030720683600114,graduate school,1.587118130476713,English,0.4606433805907599,1.0304410451679404,Y,2.50866449206584,44470.66339873556
8711ed93-34d0-4b16-b713-b1ac804d7742,3-2,1,20411,865867,108100,275,0.8846529207720215,1015,27.459805553152485,tablet,1.2724405555495446,college,1.3574212811884188,English,0.6243639297542005,0.8878413387114539,Y,1.4549857864214433,45760.79543577824
6111a8de-8e09-451b-b8a9-ff41d2c985e8,1-1,0,594978,1011049,117459,310,0.17751491289370153,879,25.48229612290075,laptop,1.4318863496670242,college,1.3368045840532525,English,0.5187396056205167,0.027241457242586586,Y,0.7622015457186526,43803.14688709413
b4649c6a-01ed-4f21-be3f-a0f29b97fc1b,3-1,0,728749,61810,137659,238,0.3659789905062369,1309,20.79254458394507,laptop,0.5062229992171399,college,2.0907957928169383,Dutch,0.4935656204572895,0.46321375905853734,N,1.636016685865119,44785.20332446339
840a40d4-fee9-48cc-a027-58628a5ca9e6,3-1,0,389343,734085,127655,296,0.2886647306441049,787,48.43919578660262,smartphone,0.9047138963197957,college,2.046926811778632,English,0.19338902667807817,0.18206750142516032,Y,-0.17779917209675156,44424.328823588876
482de720-e72c-4225-b693-68609e6db53b,2-2,0,775264,585994,66342,302,0.44854359515159914,775,50.338396031113035,desktop,0.7190995619475395,high school,1.0256043342061614,English,0.17679214615288696,0.6389512057697121,Y,1.4209381330505928,44083.80893418362
96b2dfab-22c0-43b4-8799-2c759dd9163e,1-1,0,417828,91607,118313,114,0.5701826592296352,553,28.3466632499215,desktop,0.7332839765835057,college,2.101124598654313,English,0.38821831482096913,0.19939220077115333,Y,4.137206760835086,42049.18292225407
949a9e93-0ca1-4643-b4d5-9852ceeeec03,2-1,1,214699,884643,74987,118,0.4419932353889744,745,17.98895529107044,desktop,0.1923379526364234,college,0.44664436405865227,English,0.593906324594895,0.011703302280282157,Y,2.749764357801736,42023.074267073396
44593a98-060d-47ea-9a57-97e0c70027d0,2-2,0,419283,650321,30058,299,0.36552874122983214,308,32.71387792643854,laptop,0.719408081880084,college,0.22626473630545785,English,0.5704034570571559,0.5113798134515954,Y,0.2682453785711425,43195.000665666106
1ea0eab0-36ee-4a7f-a855-db0d0c545a87,1-2,0,49299,618224,27066,301,0.6329132921657797,1250,30.34614480018525,tablet,1.1542820182256137,graduate school,0.7285348795341353,English,0.12271869105874761,0.7170992981989381,Y,3.6818453421895043,38531.14918553109
8205439c-3064-403e-8fe9-b46a0c866470,3-1,0,829531,976525,39842,148,0.5619944195728394,395,42.06349614756075,smartphone,1.3972758969618326,college,1.0630628440838763,English,0.2453603376284137,0.8031416184272351,Y,0.9760684636168179,43198.34253780572
45e73d9d-cc89-4ee6-a6e2-ab4582ed166d,2-1,1,325360,346701,117289,227,0.5513356426550817,458,61.593122157890235,tablet,2.420615571129473,college,0.4466408239729337,English,0.44061869083448135,0.21431976391337615,Y,2.473280746410816,43511.15889198506
44e64898-8cc7-4234-86f8-f68036f35eac,2-2,1,365780,979762,16551,264,0.002080512449240124,613,49.956647414262804,laptop,1.0683352939039863,high school,0.8123328173601997,English,0.6563935766941743,0.1645048091213006,Y,2.2929277406019444,49284.548153938216
c7962751-a043-444e-807b-543a4b17b012,1-2,1,255838,459130,65046,352,0.5284398619702065,1383,18.67241142153368,laptop,0.7770763693960961,college,0.9023186752683666,English,0.6027188529516849,-0.16931449960895228,Y,0.1141537752282975,44733.091839569504
a77a0634-aabe-420d-8348-0a7372b161d2,2-2,0,73726,297557,64544,277,0.8475560293290053,1419,7.792913044215663,tablet,1.3447072967803684,graduate school,0.7732782795526624,English,0.5471917433435625,0.702875479758679,Y,2.0650381756144234,44038.91443267792
984a4027-117c-4a02-894d-deab7ced44c4,2-2,0,826565,325830,65898,229,0.46611428228025387,332,39.25824979288974,tablet,1.1576766643856693,professional school,1.692119116639097,English,0.44145273424063575,0.4785036372755989,Y,2.0334528793809414,42242.656187614455
72deb366-7970-47c4-9c54-b58c17c8874c,2-2,1,6998,711897,86214,169,0.4912832920153183,1338,31.241637249100815,laptop,0.2524261797345554,PhD,1.5827877564735648,English,0.3871596312789438,0.4741608566173916,Y,1.2950328932666282,43838.990529873874
bafce4bd-e4e4-4d73-8424-2a9343c52f7f,2-1,1,459513,582959,52851,177,0.27351204786975897,1129,28.98685004187402,smartphone,-0.322810143373492,graduate school,-0.17222926715324416,Other,0.07606328210628294,1.0259819084936685,N,0.7643980035025348,45877.46318759519
9ae62339-ac5d-4e6a-bcad-c0235c043cf9,1-2,1,212246,341780,106788,198,0.5957596963899661,1293,50.98969887655156,desktop,0.8955925432805839,college,1.0366519865017347,English,0.6448220544052319,0.18189187778143862,Y,3.0066417687365696,42189.09906480745
fa246754-e497-43c2-b08f-7b8daea1b410,1-1,1,458775,109706,3178,319,0.4077184942718529,816,25.20103838071288,desktop,0.47294101080924456,PhD,2.2291763942446288,English,0.42885748241123145,1.3115250173830202,Y,2.0446212355973383,46004.22441531038
34604f27-94d7-4af3-9b8d-7c9fa836e7cb,3-2,1,12242,403759,129430,303,0.29227496682359844,809,17.10547578244065,laptop,1.6367832032006664,high school,-0.11904562278106545,English,0.21046347568059903,0.8328170731902302,Y,3.2734464631901803,44875.509527015434
8672882e-46f5-44a6-ac35-bfedb6323e69,1-1,1,89002,901274,92768,268,0.6059611202820305,346,26.913872146549267,desktop,0.6212996489559512,graduate school,1.378895820733991,English,0.5093450918155665,0.6341403084105814,Y,2.8408764523376258,47888.51515267354
a7961f82-b7d1-4a3c-a0e2-6f03d8424b4a,3-1,0,780923,237462,81431,295,0.5839949327649969,424,19.48978646161791,desktop,1.1170552666962996,college,1.0647954010421987,German,0.5662899770647852,1.0298231393540904,N,2.159152225647748,43696.26615696036
471fa2d8-87bd-4cea-8ef6-6c24af87fbc7,1-1,0,275160,848210,25482,234,0.8352948560048733,802,35.025332464883256,,0.42048670067073823,,1.568290336389464,,0.300705884398048,1.0388130750930582,,3.215299592674215,42460.52922303339
dc68d578-d73f-4d91-a515-6a5569f35516,1-1,0,275232,525617,24224,297,0.6702309516737353,1310,39.67357622816518,laptop,0.46749191490544817,college,-0.05277509969307603,English,0.6919671150057478,0.48771070386652066,Y,0.2861183249081558,46830.1792102755
0010d921-1f71-4511-834a-55096185fabb,1-2,0,272878,421956,12372,121,0.12779891515374237,421,49.96271828347432,laptop,1.3716519497798334,high school,1.513911437501877,English,0.3318823593570191,0.32505023995944227,Y,2.89767665760712,45034.06059576016
433026dd-691b-4cc9-84a9-07dbfdd8a56b,1-1,1,754949,534243,88577,286,0.4364606109419594,833,41.96228336802286,laptop,1.2416597536289413,college,1.1608167671323388,English,0.4115011127428531,0.6212901691486598,Y,0.9097614457762333,41921.74268227542
e5afeeab-aaf4-4200-a67a-5ea0b861dee3,3-2,0,966463,971705,13546,373,0.4227551350654478,867,14.224379167124983,smartphone,1.3517353379070667,high school,0.2901273434700049,English,0.2850413669879689,-0.45007897570120425,Y,1.2232801991424878,42799.148004366325
a1f22d02-0b2f-4c57-8736-0957dd153f8d,2-2,0,881421,369148,22669,124,0.7723943763065555,799,23.923880880886482,laptop,0.4801210615903869,college,0.9281714852856547,Dutch,0.5592506147795125,0.6917413275035258,N,0.7502149320808579,43404.21994653178
54c3e853-e07a-4b15-ab2d-691a120c3b32,2-2,1,41822,363559,62900,217,0.6651031941750413,827,24.15322229914687,laptop,1.4124382173596235,high school,2.222235619548439,English,0.4360712852781428,0.16286971420865498,Y,1.8599395788782989,44144.13516457806
b4161534-88a5-4dd5-9160-ccca3961fb40,1-2,0,651051,137150,139754,149,0.7727319872490797,1144,34.48185590873028,desktop,0.7614634034704548,pre-high school,0.6951760341140267,Russian,0.4233424525248657,0.647527952541541,N,3.0577045218366057,44586.359503301384
f5c14e8b-4996-4b12-b844-3d5e0f8548e1,1-1,0,669481,562950,64465,303,0.24746369569549248,370,15.631283682428144,laptop,0.6884988083132587,college,0.6096574032771731,English,0.6584490442184929,0.41568378270370315,Y,3.3181039053755663,41443.79075623599
ac03d866-ecd8-41e4-9938-c4b098048187,1-1,1,845065,568877,125845,222,0.31174028716490393,1260,55.363938202341885,laptop,0.15712457511647582,high school,0.12228121252648083,Turkish,0.7765978952307702,0.6689445554589377,N,2.9958233410052673,46895.051545014365
74a79217-122c-4027-92e4-05a4e5fb0b4c,2-2,1,750451,604891,6164,270,1.0448331876778878,412,21.995802655462626,laptop,0.7846628969418352,college,0.43148706323048314,English,0.45666783825932994,0.479624452186272,Y,1.5366900099835052,43876.67115499163
6b74a260-9d07-49bc-9cfb-6fefbe9a718b,3-1,1,346708,822347,75411,119,0.868087851574881,858,28.457595867566823,,1.0556534013828527,,0.6106263714792235,,0.7663935764448062,1.8544375895002807,,4.2014026426590565,43968.745683810375
af2dd336-540d-4ded-ae2e-6d21383207fc,3-1,1,359446,816240,109849,172,0.2839925596051252,328,21.79096627194418,desktop,0.9159702114932332,college,0.7923597046740687,Chinese,0.5740295895587669,0.4975540582794773,N,3.0345592227569056,42508.87397270269
adff123a-e9fc-4289-89bc-8002fb8bb5f6,2-2,0,685189,90315,71647,322,0.22766852510971325,737,48.560987627018676,desktop,0.3092341086932108,graduate school,1.0813612193250488,English,0.5460904221411457,0.48031566487699373,Y,3.229359486058521,43665.921602661736
b0d76a60-3231-40e1-8fbe-d4d020b33e22,2-1,1,45336,946526,124101,265,0.8061511250767877,487,47.167237096349055,laptop,0.9405625675066674,professional school,0.533249789357198,English,0.4228935102775172,0.753521023177355,Y,2.8466401791335345,39080.033248555854
949a9e93-0ca1-4643-b4d5-9852ceeeec03,2-2,1,302628,962075,27907,333,0.44344976421939575,1118,25.11233920287374,desktop,1.2083612088436815,college,1.977419571782583,English,0.49432756580367737,1.1960633106993686,Y,0.5433677118953264,47261.7528495142
e7ea4b52-7611-4c90-905a-fd388cea9c0a,3-1,1,314795,930372,53560,268,0.6849592025399953,1202,41.31307115848524,laptop,1.1676575393191415,high school,0.9472439731703376,German,0.3881426100099206,-0.3369479654018538,N,2.0647307140886193,44415.773455587405
52655f97-f8e7-48eb-9269-d5ee71ad6db4,1-1,1,857633,50650,109790,260,0.7678020665245427,1212,29.255146431135874,laptop,1.7386502678980391,graduate school,1.5068209388703129,English,0.4346038559731895,0.45171068588781244,Y,0.8004639426887449,41976.840892731336
10497147-ea3a-43a2-8c1d-61e871fbe21a,1-1,1,270082,894707,106799,245,0.5909353545519807,845,36.095383878129056,,2.5491021592957326,,1.7448658406752755,English,0.3931350654947674,0.22130377182866995,Y,0.9521728650569623,43632.36985103829
08aad1ce-a5a5-4558-819a-80e470e455fa,1-2,0,956465,266822,96220,355,0.24759764274076307,1074,36.031679171321635,other,0.3468554702429487,college,1.3523287570147193,,0.6817014370530282,0.4459426747687731,,2.5951179778533113,46410.5417108633
27b4821a-e017-4740-b5cc-429d50c88f5a,3-2,0,48102,826100,138919,367,0.4579467032699983,1411,36.4600971511138,laptop,1.6954564292077254,high school,1.4071084942449241,English,0.8098430978535738,0.1382535079043657,Y,2.7064662639933115,44277.51457645497
4be26ab5-1d7e-44bf-bd62-0a66c914394a,2-1,1,533944,591556,60079,192,0.3233447276441628,576,43.31817101399695,tablet,0.49767767640671756,college,1.1736022284508516,Chinese,0.41281686674986895,0.3845499438747127,N,1.8544224210715385,45173.52659267987
18ff52ad-d2e9-4d03-b775-d01403f19b51,1-2,0,331066,114769,67035,345,0.5353654984564472,651,52.268956967142074,laptop,-0.13511371793766758,high school,0.8096577706636703,English,0.43938029544568125,1.146626161080333,Y,2.0912122924436853,42470.85211692754
ea2dec1b-93f0-4fdf-abd2-49c6087d3b5b,2-1,1,986285,387481,61714,365,0.3570891443820996,657,37.57411043192442,laptop,0.821567302030846,college,0.8506915775155498,English,0.41513963106690005,1.0441514028570982,Y,3.28937716908081,47160.564315617856
100567eb-57a5-424e-86c1-4a02cc690c8d,1-2,1,181020,247539,19792,376,1.1222312205038796,1228,40.248528270438904,laptop,0.6353524584147416,college,-0.21586709076711696,English,0.39757809584190945,0.7128451473666151,Y,1.3269946505383572,43839.5979432002
c0906133-d1a3-492f-99a2-6e5a6c56f767,1-2,0,948461,141464,10576,242,0.3229579852643522,1212,41.661592588711834,desktop,0.8873272908648616,graduate school,1.186324530765725,Norwegian,0.33003376857636346,0.5230771154217703,N,2.2948279751116907,45006.13365589837
de7bdd42-441a-4961-a547-2ccd7ccec379,1-2,1,550773,542576,24392,226,0.3283801349016695,378,21.086226957813388,laptop,0.5201841718983751,college,1.23040026734428,English,0.13856074821388026,0.6518584999684552,Y,0.014851788820421596,42912.173101450084
3b9eb1ad-94e8-4ece-9e83-bdaec18ce17d,2-1,0,856026,907339,72701,232,0.6335620452161063,534,31.35073552925284,smartphone,0.9741066518334057,high school,0.8489055800113392,English,0.5795371409516383,0.372936741327044,Y,-0.4473819166571351,44509.307932192656
7426e023-5833-4949-b5c7-457d0e2a29d3,2-2,0,584765,530399,49552,156,0.5405541603109023,545,29.474701180444892,laptop,1.5075901294880603,high school,0.9915190245650299,English,0.5144681032515347,0.5353289762940051,Y,2.3639877760477646,44146.39968117939
0fd5e38b-fd91-40c0-b154-d407eba53e1f,2-2,1,921884,1011690,128518,242,0.7126472313038831,768,15.119172297591351,desktop,0.8073393759276702,graduate school,0.07143634773777496,English,0.2268563971821862,0.5267502642727212,Y,1.5544069592123169,46814.31635183241
fc081f63-4e8c-43e7-ba36-428995498f3e,2-1,0,866111,534480,97997,223,0.32399793509774955,1266,41.97628445903461,smartphone,1.4136889807155688,high school,1.1200789223171757,English,0.17305072510280184,0.24618185603033743,Y,1.4285074833936362,43147.90813506806
b74b7a54-edf6-4d3f-92d3-8dc119424956,1-1,1,736713,444104,120424,189,0.31715752671638103,720,31.348537093374297,laptop,0.8405639629837826,high school,0.9866553838393859,Turkish,0.7668370995949468,0.5480947818889017,N,0.47261782199509095,43238.36692395995
44b8d6dc-2654-4d3e-8ae8-d34908f2fe54,2-2,0,926279,1010772,123582,241,0.8365299137960905,724,28.5465319364302,laptop,1.0706988961631505,college,0.6013198089763507,English,0.6222463295068319,-0.04912146076031054,Y,0.6624761264259591,43642.77299734732
c2a8d24d-9630-4151-8175-0b42eb1aa9ec,3-1,0,519881,94246,134910,240,0.4587901078426075,1194,58.88897543249183,smartphone,-0.18633763248217994,professional school,0.9683682243778989,,0.4972257307860453,0.2628253796394353,,1.700959844763036,44830.79469647239
f74db555-3110-484a-bdc4-b09f6cf1c720,1-2,1,598611,520099,49906,211,0.5092430787685901,1202,57.50769248422242,laptop,0.6319371545162069,college,0.8536642074557584,English,0.39886578423602803,0.8509728818533826,Y,-0.18761547615924146,40438.58183257393
8e9004ce-deac-4c35-8176-a799b50f944b,3-2,0,318955,663127,108704,294,0.6232185220397432,1296,28.510588581431143,desktop,0.9013681432361538,college,0.6050039548180635,English,0.7664323073625701,0.14382887676658884,Y,2.74794419230017,45210.77084213893
c6117094-afdd-4f97-9496-9df675e1485d,3-1,0,112132,324310,139633,184,0.2201051555256277,311,52.54365533215257,laptop,-0.5242725578433021,college,0.42338394757853115,English,0.33855206041818275,0.271671176920239,Y,0.6126180583124927,43316.00433875778
9bd7345e-fc32-41f1-a8c6-ee371715652e,3-2,1,512536,540167,101798,269,0.32006037616885985,439,43.69363238741851,,0.11429088525777986,college,0.9573364529555741,,0.5760752979299039,-0.15676839264933007,,4.183552889611117,46774.5469579556
0c06a58b-c629-43ce-8f6c-2a140dd88b66,2-1,1,512498,62024,107709,174,0.6529295808577956,450,20.304369359536746,laptop,1.553955516644053,college,0.7007822909243735,English,0.5911759318973816,0.7430215169301146,Y,3.6197590457527413,43674.789514223674
b1203ed6-31a9-42e9-b3a1-61384a0d18a2,2-1,1,879849,938699,120309,191,0.8784139465106275,1203,34.094574655991785,smartphone,1.129323259368416,professional school,0.5970281358596774,English,0.6089599119020317,1.4419385338089272,Y,1.2517389603414166,47328.76684556594
bac15d0b-cf63-4ab5-a05c-66f39e2834bc,3-2,0,253981,974069,123250,335,0.653956593524672,1396,24.438863226082706,laptop,1.074259691356839,high school,0.22397568805230783,English,0.4621605645164382,0.8512515213516311,Y,3.300578304336249,39621.08859620756
2fbeb59b-f93e-4073-8132-de082fdbda03,3-1,0,626132,705781,99597,160,0.0987083631080033,1333,34.781710896404114,smartphone,0.5669135983757021,college,1.45267117487026,English,0.6093041727301337,0.6871045125896305,Y,1.1115829815869673,41146.438544003155
c3cdf4d1-25d4-4f2a-b532-6b0cd92d2e30,2-2,0,787131,849994,81244,380,0.3589200630991345,438,57.160407662727124,,0.3750917338860419,,1.6606075102248412,,0.35888353239943005,0.3977394241998406,,0.7913126255401187,44869.49227540701
acbf370c-b970-4ac5-b1ec-4335a936dbdc,2-2,1,878636,393441,71109,154,0.6294068779952148,763,28.31366802352163,tablet,1.908922311415026,pre-high school,1.4912849586353465,English,0.5430675326548947,0.4541194165252983,Y,-1.0768267902646085,43325.08352403294
f01af761-d426-46f0-ac95-33b120cf9e23,3-1,0,385229,323563,138404,177,0.6595880923568747,1405,24.891314308355135,desktop,1.3270183597613974,college,1.4349720431740471,English,0.44126831968382796,-0.2195445446390546,Y,-0.6627479759868207,44131.35332997776
433026dd-691b-4cc9-84a9-07dbfdd8a56b,2-2,1,626586,587009,97426,179,0.4569441793437579,589,30.185798640095648,laptop,0.8127414580575347,college,1.0966885747787252,English,0.46071281296740274,0.6922339245910245,Y,1.9926877649407728,41865.61532479055
b856a7a0-694d-44df-84e5-7df262774187,1-2,0,157500,328129,73285,117,0.18786065804338992,422,41.77772969824629,smartphone,1.1236486491818283,college,1.6281549311951087,English,0.27419501955950054,0.2459896725565867,Y,1.3876806043604575,45410.34788640111
fd573d43-4bb4-408c-a8c5-790b562841e6,2-1,1,723909,486895,64557,346,0.25768897219647735,1161,32.62267193608315,desktop,1.395264222199614,PhD,0.7502138274575698,English,0.5670466150745674,0.9742216783262562,Y,1.7222851341336554,46709.63973626517
c4ca4342-0324-4995-9111-fae627df7fc5,2-2,1,160709,848928,142625,116,0.4813803186677641,926,31.723896360755486,,1.4211110271516623,,1.6408867274944965,English,0.33789616559614427,0.33306861377883584,Y,1.3330184292084415,48064.803051025796
df64e0d9-db88-4977-a401-e1f442400556,3-1,0,548872,1012528,15950,376,0.8543543942939724,308,46.00740036669028,desktop,0.3875099971708723,PhD,1.1629529768858973,Dutch,0.8776401412640475,0.3875513894716364,N,1.6231068936036612,43161.97354840713
949a9e93-0ca1-4643-b4d5-9852ceeeec03,3-2,0,743879,1015574,62902,325,0.6141449053231512,640,34.98208041804062,desktop,1.2412755193755538,college,1.599049442106129,English,0.37984815149812723,0.17296253894166058,Y,1.742859511582799,45126.50138264222
a7961f82-b7d1-4a3c-a0e2-6f03d8424b4a,2-2,1,72060,800088,5529,239,0.2665828500133079,598,-1.8446741132710045,desktop,1.175371615149549,college,1.1480082613849962,German,0.38770279482417613,0.09369913825398979,N,0.747316549056861,42439.28631485596
16d05f08-7a7f-4b5e-ac3f-b7a64a5ec349,2-2,0,167181,415508,83373,195,0.5372008690135606,935,54.88556020915172,desktop,0.19230141713017834,college,1.5160797363735632,English,0.5843631877783526,0.5343755122659983,Y,1.881680896851812,47553.25312595375
b69f0c92-ffd3-41e4-bba0-8c129a93d2fe,1-2,1,561668,585552,122284,186,0.37392541792134815,1011,31.690600591812284,laptop,2.012220872977913,college,1.2287080209507029,English,0.6134334686752873,0.2748606396887209,Y,3.3517530681444194,46187.63589002851
de7bdd42-441a-4961-a547-2ccd7ccec379,1-2,0,492450,78347,55453,228,0.17229082107471244,1204,6.84074931360016,laptop,0.5039923624226341,college,0.965113365042649,English,0.7207055103943334,0.8587841895583801,Y,2.3565918472606366,42241.53873915584
f0cad925-aff5-4a6c-a8f2-4a0eaeaa248c,3-2,0,252380,845795,10838,178,0.7462056556208737,367,35.91774569020583,desktop,0.5982699770891029,college,0.40295992660070246,English,0.1813135908537688,0.6855657743173954,Y,0.7346504086511376,44009.110491677304
417336ae-daf7-42ca-ae3d-7ebc05e0c43f,1-1,1,838416,485800,71617,363,0.62879923527726,1161,43.33712648833461,laptop,0.6273328150931063,college,1.495815851940879,Dutch,0.008380511884635566,0.04060110803400657,N,2.1265597341502906,45166.04216313483
63cdd570-1369-4f2b-9090-d5b6255c51d2,1-1,1,341311,909889,139414,299,0.3523625586539937,873,58.20109079582595,smartphone,1.807466998981972,high school,1.5798503480557577,English,0.17476835527749518,0.11493343533884343,Y,3.201979845827383,42059.91042617179
58489ac6-e6ac-479a-a4bd-f2c8e6575a10,2-2,0,800875,377772,4670,130,0.6192214528631321,1106,49.21305881106403,laptop,0.4823888296475062,high school,0.6669507115121407,English,0.17630386082056348,0.7500428974109146,Y,2.804909336456854,43498.657635131734
ce41ecb5-d3d6-467d-8d90-0da4db858b7c,3-1,0,153624,450774,89228,182,0.1835592834254312,549,8.667796569650076,smartphone,0.2110315906633653,college,1.0444791574906553,English,0.7516730345849444,0.793866574705876,Y,-0.05408206133111526,40844.46360708262
89f7f011-b480-4c6e-b249-c5a19f5c65d3,3-2,1,896175,157244,82566,141,0.3260676849046899,439,32.68684164309418,laptop,1.7054272374920723,graduate school,1.896291149494897,English,0.34162803293208255,0.3277336728346034,Y,4.897082327411031,44024.001662612376
e8229c81-5d49-4981-abd0-3f3478f9567f,2-1,0,226716,167103,113572,258,0.28077381088163134,741,37.497268596005775,,1.3001693095117512,,1.2068110923513318,,0.2503075020355651,0.44050237690434074,,0.4319669911542998,41017.121445366094
2de720d4-ef3b-4064-9437-2886a4fb5d23,2-2,0,889506,979856,1401,147,0.6796732828432044,1195,47.92736225732598,laptop,1.0865556365631541,high school,1.6802389867199887,English,0.6346601882775618,0.964562008027612,Y,0.2658082023536452,43627.34595401601
790f5896-c569-4e73-b88b-b931b27dc799,1-1,1,219604,602301,27446,172,0.6682403550840318,912,49.32058508397195,smartphone,0.9874647405264819,high school,0.44489264181035215,Dutch,1.1520657966076362,0.9834503291658067,N,3.225187909055859,43964.82361814002
ce47cbea-65c1-46b1-9520-f23d669514e8,2-2,1,496392,185957,26796,266,0.9649422424855065,1350,11.975848089930633,laptop,2.5115122271927675,college,1.3676104741674349,Swedish,0.46508265418025574,0.17450505634957203,N,2.7426173985667184,44954.62194419633
ad72ff21-0001-4c71-9657-91f0af317112,2-2,1,331968,639248,48665,241,0.6153865771369847,1355,37.80189907475872,desktop,0.4115854632618572,graduate school,0.34642130799887294,Other,0.5171904552051948,0.80401964859635,N,5.034997694774315,45797.57542512299
e3e994b5-c070-4cf7-941a-e2cf1f64f510,1-2,0,942206,994323,119743,366,0.8768233559493357,755,49.044205566164585,desktop,1.506853486353855,high school,0.9425208859657587,English,0.5130590445635917,0.4021652206395757,Y,0.21605496630644838,45866.09539684997
74a79217-122c-4027-92e4-05a4e5fb0b4c,1-1,1,344908,51498,110000,121,0.3896510872680835,1193,40.071159663387036,laptop,0.9805784908822648,college,1.1882588050882843,English,0.5856401349485553,0.9695731448218279,Y,2.570055891002414,43586.81210638986
27d0e742-13f8-4911-a1d6-42cbea5067e2,2-1,0,689961,398233,40056,332,0.6603388283064913,293,10.120229946851182,,1.02438817140361,,0.6848443457414402,,0.2788719820744213,0.14265812318393312,,2.8731402750605675,42320.60105696101
df64e0d9-db88-4977-a401-e1f442400556,1-1,1,248022,79068,29032,214,0.47889063013938865,967,22.816082573741134,desktop,0.7212437782808144,PhD,1.921601510146408,Dutch,0.7676435686649363,0.7680451008253837,N,0.8418968384609068,41992.35422262316
d1ef7d2a-2a3e-4130-968c-2fbc045ee618,2-1,1,587289,817937,82525,340,-0.06904492406251783,1033,44.504372221310696,desktop,-0.34688435888972635,professional school,1.4448280217767608,Russian,0.4954486961320096,0.6980067759287104,N,0.30378995873923276,44605.797796235296
adff123a-e9fc-4289-89bc-8002fb8bb5f6,3-2,0,348406,20264,34260,277,0.44684890614363604,640,31.835321775249874,desktop,1.8819391011238977,graduate school,0.48418227995659713,English,0.6902984293573504,-0.05906693156312104,Y,2.7566804771899536,44565.334574683686
41f5530d-ed72-4608-a119-a71dd31aaec0,3-2,0,544454,642254,54550,324,0.7676730276237385,918,41.16479860924967,tablet,0.9252948969851909,postdoctoral,0.7563648648048191,French,0.10694756493291208,0.8818511789288613,N,2.1277352828949914,45058.75169964581
373083c9-9167-4342-aeef-ada22adbfb20,1-2,0,398605,518067,67289,224,0.6768023639055487,1210,33.35961404373796,desktop,0.39816229234676936,high school,1.793322604092722,English,0.024785441877471948,0.9615737718519061,Y,3.4140710286474354,42460.48446329171
a8d07b3c-a7d4-49c9-b2b9-07c268f706fc,3-1,1,146216,293986,51894,194,0.5583083026439704,1328,36.10667390098609,laptop,1.4701977916033142,college,0.9075523129414194,Other,0.8159742584601944,0.8898312174427763,N,0.3570021119461846,47969.365377874616
94d5ae9f-66ba-48f2-93d0-19cf5aac6a3f,2-2,0,692554,112401,58206,130,0.662566697865786,504,46.24930597044978,laptop,1.2419161268526526,high school,1.5859552191812762,English,0.6490305551856257,0.6450193402768222,Y,1.3966254924056167,42457.315005110286
94d5ae9f-66ba-48f2-93d0-19cf5aac6a3f,3-1,0,739214,117667,82260,357,0.45652486070497045,1124,38.438952628293045,laptop,0.04153764923449843,high school,1.3791686688091764,English,0.37372811211778745,0.7434190486492885,Y,2.981358041087435,45284.844404977506
06d98056-2cc4-4216-85e9-e3fe7d5751fe,1-2,0,925369,144260,91234,367,0.18543950801691295,643,34.265649559295554,laptop,1.4846661348848695,college,1.2219201568338034,English,0.29354885010076903,0.527098303514731,Y,1.631122520941393,42121.69276957559
15a5a588-84f1-47b6-8ff7-3b5dd3065df8,2-1,0,648799,880681,130963,120,0.5469464428403271,1369,42.05892643765178,laptop,0.7173684440317265,college,0.8658157280906008,Portuguese,0.5297772486934808,0.6568401864858483,N,2.426732061895178,43940.528686481324
ffecc92e-4523-43bc-881f-86a60ec0cb05,2-1,0,2449,962870,112644,352,0.14848008081366004,608,38.32616973289894,desktop,1.7032186723532583,graduate school,1.5872198218986349,English,1.0345615479783792,0.8675758525947879,Y,0.36128497213411226,47753.17386968496
984a4027-117c-4a02-894d-deab7ced44c4,3-1,0,230296,991920,74306,270,0.12389976813005199,1429,43.40069153369346,tablet,0.5312686310268586,professional school,0.489374051261407,English,0.20264136983122588,0.41063690502482714,Y,-1.3805920282515793,45324.019343701155
0662696f-dad0-4850-8d7a-6a843036c294,1-2,0,952793,666154,99699,348,0.3050158391753678,344,49.834609634313466,desktop,1.0258932706751638,college,1.2829565689974385,English,0.2769446127642939,0.49250229875953727,Y,-1.0820149022842211,44562.112588345524
df64e0d9-db88-4977-a401-e1f442400556,2-1,1,652089,726597,112523,358,0.1773794165408064,1183,69.42716973412266,desktop,1.8208344761642614,PhD,1.2196732533084451,Dutch,0.5643148405003569,0.13211842595425055,N,1.0417641616762716,45691.291560195015
bd594697-306c-4969-bc64-971a4c6a795b,3-1,0,815910,317622,16228,222,0.9553103877472533,472,52.31087649993252,desktop,2.1506032958890273,graduate school,1.8997269100900152,English,0.7149064990842182,0.9201441619863098,Y,2.4773234871577734,47254.596188731826
c000581c-20de-42c2-9978-3278cb1cc4fa,1-2,1,610867,173324,5681,286,0.5140796984789034,1431,49.81954071733278,smartphone,0.9474001219378703,high school,0.43688081738820406,English,0.8065862072236254,0.6162663493650742,Y,1.231998277299811,43227.20722528679
58489ac6-e6ac-479a-a4bd-f2c8e6575a10,1-1,0,186728,466497,36525,130,0.5918295952582883,1042,19.9612181997654,laptop,0.5785335715259977,high school,1.576309710240575,English,0.2864903337506897,-0.04123585319915746,Y,0.4485690786099632,42870.60977399552
20bc2c15-8c8b-4581-89b1-ce290be145df,3-1,0,502687,935494,71333,112,0.23234395762010318,465,23.97069220454609,smartphone,1.4343102805646402,college,0.7746346110388127,English,0.344006579499982,0.39124125811811034,Y,2.0123015077304576,39537.90941471289
5fc65dc4-1722-4f54-bd65-720c734f2d00,2-2,1,15448,53650,73842,301,0.4714002955391843,938,32.51420083931421,laptop,0.32463587509932856,graduate school,0.4585755410111062,Russian,0.42448349304496147,-0.42194671913575366,N,1.9552181955725494,44476.53587358866
af2dd336-540d-4ded-ae2e-6d21383207fc,3-2,0,925643,372093,59143,115,0.2510568516652713,1032,19.04909098852648,desktop,0.5036540013735435,college,0.6667220564708316,Chinese,0.7047369653558971,0.6156369625188249,N,3.224575707009233,43056.99644698271
0d84e944-f2f1-4a68-8fc5-719111349ddd,3-2,1,356848,604827,34458,238,0.6684341563142822,937,39.243485435125905,,2.0471281469046474,,0.9556279957456639,,0.48746704236346233,0.5561065492171786,,1.9267038092076534,43600.46145219159
a3dd9852-6cc5-4893-a6be-e0eed5e53e52,2-2,1,906726,517170,47217,215,0.4588180478789122,914,27.244065196407682,smartphone,0.9115557655097106,college,1.1892611991894537,Other,0.5287865421735318,0.45848823753810336,N,0.5520138908795575,42243.4949521624
27b4821a-e017-4740-b5cc-429d50c88f5a,1-1,1,138988,426754,49795,241,0.5590154437556618,552,21.538682239360828,laptop,0.47737985215466416,high school,1.1497180242521094,English,0.6474642410210556,0.6237777745854077,Y,2.573985469220198,47068.53680839027
86fc00ec-2ecf-4b13-b031-7de5b98c4716,3-1,1,440494,736235,97053,167,0.42589227932985646,554,56.12451232267328,smartphone,0.3714914779918105,college,1.2335635828079352,Dutch,0.518428599147557,0.7769661335486693,N,0.8820551505160137,43583.144766823505
5013da82-22c7-47fd-a245-d7131d2fab50,3-1,0,633358,253301,7889,342,0.3452022487541888,1412,31.86725946908335,,1.5407755919101414,,1.6477952026669287,,0.7731627769073819,0.15067446449673394,,3.287750043603074,44363.57462658781
9b2ec410-aab7-47b8-a6d3-19e9c1e54d4b,2-1,1,424303,429924,3565,144,0.20692405791946367,318,38.084106830197946,laptop,1.424809122421396,college,0.36639750650611014,English,0.7367269892561041,0.07769964388947442,Y,0.9753610924792167,44446.826093306496
c000581c-20de-42c2-9978-3278cb1cc4fa,1-2,0,350946,346196,42641,137,0.3527954316294405,735,38.26598630123669,smartphone,1.5854556502330492,high school,1.1389343086428791,English,0.70733493799721,0.3376225019038489,Y,3.3825677789861226,46490.33813335444
934b7cd1-b84f-4fae-8981-c0231b37dc5b,3-2,1,924195,705517,62092,307,0.437222878703196,1341,35.188642536825384,smartphone,1.5010173727449825,graduate school,2.204834994091267,English,0.4425681277690423,0.6477106302216336,Y,1.8956085735484518,46815.975980379444
769bc77b-f052-4fc6-8516-94a46941667c,1-1,1,27530,547961,66601,235,0.3834065507352711,1135,58.48261537971866,desktop,0.6041233969807169,graduate school,0.845985358449835,English,0.5259208121327095,0.7435345913109164,Y,2.452320869137156,45075.53670480659
7ddcdb33-a18f-47fd-8476-4e5b117b5f09,2-1,1,920553,418612,27979,148,0.2899159220722447,433,22.23345781119109,laptop,1.2389284987420455,college,1.2604113002570274,English,0.8183063880045638,1.1626615627400425,Y,3.049087838995824,42709.1510213511
27b4821a-e017-4740-b5cc-429d50c88f5a,3-2,1,734500,343545,27730,248,0.5741606525653828,669,14.708441801313992,laptop,1.028670776216773,high school,1.4442563138145694,English,0.18164973483537122,0.22508147744073365,Y,3.2211738057748707,43785.40537541633
433026dd-691b-4cc9-84a9-07dbfdd8a56b,2-1,0,210895,688134,15279,139,0.5975170404402322,1012,54.13311337622811,laptop,0.583235766790748,college,-0.014108411606448046,English,0.7124848836517599,0.70371417001463,Y,2.6926653003323717,43715.992891749556
2e174514-6907-4570-ab73-1d42a3521a95,1-2,0,481217,627765,84530,372,0.6075318717654776,895,15.885555500040851,laptop,0.20935047730398904,graduate school,1.5994560248756258,Finnish,0.6607049128109949,0.24860186716459548,N,1.5382509165546017,42647.86918840955
5fc65dc4-1722-4f54-bd65-720c734f2d00,1-1,0,425755,81453,97313,232,0.47304778398534353,544,41.16675402229865,laptop,1.1397438281159413,graduate school,0.26510048473888037,Russian,0.42458419021732363,0.5400400655880978,N,2.4145859521510245,45315.89691089258
2e50f9bf-12b7-4271-bed1-a1dff8a126f6,1-1,1,491136,166885,127180,249,0.5500015816315335,823,50.899100229153866,laptop,1.7173351622282054,pre-high school,2.1805355217588622,English,0.7356653798550219,0.5874444929620448,Y,1.2455439808249658,44970.52072507611
692642eb-92da-4af7-b9c5-d9e588a1cbf1,3-2,1,896010,50291,118706,187,0.0133480354059628,430,32.18183373903121,laptop,0.7183972091803517,college,0.8528745566188243,English,0.21768241088080598,0.9567773344660842,Y,1.838986120193174,44796.32077165147
adff123a-e9fc-4289-89bc-8002fb8bb5f6,1-1,0,392836,990494,1768,173,0.6670581676949916,355,45.039889325706014,desktop,0.97966774524318,graduate school,1.1039536948312316,English,0.5969293645629619,0.5749936817401589,Y,2.2765174462841693,43349.81846347936
cfee68d1-90c7-403f-be8d-bd8b7abc1b67,1-2,0,319463,687932,61793,107,0.32868553563349545,1152,17.5279897477972,laptop,1.1971075852159865,high school,0.9450586434317487,English,0.5077898704361273,1.124886949222926,Y,0.9943698998570552,43549.36982190064
e66ac7c3-faeb-4b2e-8dbb-929d29a3bb65,1-2,1,65763,209602,85985,382,0.6731463587327554,676,28.44859722356314,smartphone,0.742296953766751,high school,1.2022105354192292,English,0.5483904933835207,-0.23682597483429346,Y,0.9252143056993334,47324.43446427389
34604f27-94d7-4af3-9b8d-7c9fa836e7cb,1-1,1,812236,108293,32468,324,0.3464004076281028,988,45.43669398960137,laptop,0.16083171835251897,high school,1.3604590570233774,English,0.4774619132768465,0.5351346400950927,Y,1.6023073181622023,44823.7592196422
fa246754-e497-43c2-b08f-7b8daea1b410,1-2,1,925368,795832,48626,253,0.38550872530291297,715,39.27796122761693,desktop,0.7247433490655836,PhD,2.5833427289129536,English,0.4820731241081706,0.18284475444463405,Y,2.2897337742876545,44361.05670565262
b74b7a54-edf6-4d3f-92d3-8dc119424956,2-2,1,100299,775574,32939,274,0.6005046448743518,1399,16.24689170159243,laptop,-0.13003731046609546,high school,0.7851873024045539,Turkish,0.17362872417823622,1.2574854455965658,N,0.7439637020033585,42607.72176737872
cf8cc387-399a-46fe-9313-9f73def19457,3-1,1,974884,543512,88244,305,0.2669665504562131,371,39.218165163678876,laptop,0.42883955798487317,college,1.6766996817249615,English,0.7399826484744264,0.4885668815491784,Y,0.6762109668072576,43818.45269825548
134bf53e-1ea2-4b61-b39f-a1e444535f80,3-2,1,88645,784180,49204,194,0.372131056827937,1375,50.31344949158634,laptop,1.0484769568123327,graduate school,1.433289925909115,English,0.4752160380340794,0.2835814395639946,Y,1.1784011582093177,42475.546737470024
4f197cbb-93cc-4852-aad3-46d35f809f47,2-1,0,338414,686243,18861,297,0.43073342741475923,1179,34.11942839810007,desktop,0.2851244702386082,professional school,1.344988848087033,English,0.3861747596445101,1.1050493921909172,Y,2.7967178016482146,46020.18391881576
eba4f35d-64b0-4b8d-a3cb-fe43c8fc6e77,3-2,1,458020,576325,48026,136,0.4763798456325891,962,42.61803691131436,laptop,0.3108203396868794,high school,1.1233338392561047,English,0.8315115796137289,0.7027753030899291,Y,1.0161919688952081,43880.227816550665
5fc65dc4-1722-4f54-bd65-720c734f2d00,2-1,1,402650,943127,111912,237,0.5952054804653242,668,51.823150590731224,laptop,0.5651064788951415,graduate school,1.1787733442593924,Russian,0.3077890097487505,0.5130561652506578,N,2.9902108694027767,44793.18712114085
9861dbfe-d228-40ed-9c0b-ad0a8866adfc,3-2,1,255981,376831,63815,257,0.4250818896907731,1253,39.039368652147786,desktop,0.1920808441544758,college,1.1270124022175636,English,0.6642198965404634,0.3847828974276855,Y,1.8047460648939997,44834.3470003106
2de720d4-ef3b-4064-9437-2886a4fb5d23,2-2,0,778682,498114,135483,111,0.45629793329166823,651,33.099803780877195,laptop,0.09856827418124081,high school,0.5685835419622408,English,0.48508089632641965,0.8505898509317737,Y,0.36376908883229575,41400.66085706591
5013da82-22c7-47fd-a245-d7131d2fab50,3-1,0,316518,81274,127709,161,0.4265255471302552,297,38.536452009546664,,1.2280076186637907,,0.9423510474472815,,0.6087334910577905,0.6202195167112345,,1.436474353744891,42874.10313340141
44b8d6dc-2654-4d3e-8ae8-d34908f2fe54,1-2,0,239904,715902,43117,333,0.6766118393123453,290,21.714172793538687,laptop,0.10626559588074924,college,0.6350738231720723,English,0.39410529551091833,0.9078600762438286,Y,1.9864327227272374,43185.7239432088
3410fc57-2a6f-4350-94d8-800423702f6a,1-2,0,31917,702282,4295,214,0.15319186532547935,438,47.35190519258046,,1.538492469964299,college,1.121313429853919,English,0.7296627698183016,0.8736068970358907,Y,-0.22461518196747243,45831.11411695011
7c73f8eb-7012-45e2-b6ad-2197ba40b925,2-2,0,742003,728890,59872,381,0.30445251245956995,401,46.512109786342165,desktop,1.271296354058892,college,1.2756994050505728,English,0.5561950711516724,0.41106809476399164,Y,4.120731519805866,44195.2416389162
0023cb4d-a3f6-4163-8761-a07914b40754,1-1,0,961930,747752,23216,368,0.27620218009510544,647,36.53469273274693,laptop,0.22202038616880237,high school,0.2236394364957871,Other,0.5648780948950535,0.6143831621090442,N,2.363815102627758,42429.197296542174
8053404b-3274-4b36-a3ed-c3f4cff86dee,2-1,0,528651,443617,76484,243,0.4089085301099614,1019,14.479455785047975,laptop,1.7654359319892623,college,0.9950656662969859,English,0.5222595058800286,0.545085092857455,Y,0.24206280171134953,44537.77308426231
dfeed816-4de9-4be7-9ea0-775157c7bd76,3-1,0,227200,620282,104285,177,0.2554227496736897,784,52.53362206521351,desktop,1.365517428390031,PhD,0.40680992100003766,Portuguese,0.25740941642699744,0.6113928730067609,N,1.993004358765944,41726.83759320976
fd573d43-4bb4-408c-a8c5-790b562841e6,1-1,1,622403,434777,49483,215,-0.0026731146052276777,1002,38.11438832322583,desktop,1.7951817686234763,PhD,-0.03188473045014395,English,0.6010985727887876,1.4112946911975162,Y,2.962969164179202,46108.06775940131
6b68642b-ac9e-40c0-90d9-91bd6ffd92a9,1-2,0,227153,651462,53389,205,0.5094750700295917,409,30.75410736892849,,1.3020219293289608,,1.6776702710759346,,0.4068202080599439,0.3998524800956307,,0.5629087819742427,44588.45112880408
fff115a4-7e00-4376-888b-03c5bdee5f3a,1-1,0,144898,267747,81728,130,0.5322669928877201,637,46.31524721566328,laptop,0.6302802366366593,college,0.20180359974592577,Spanish,0.4991838208472854,0.3290071939276951,N,0.324028752488307,46419.94720380822
db095ce6-bb12-4f37-88e2-d9e76be1b021,3-1,1,555035,750680,93328,216,0.814328471839424,1282,44.30755744330327,laptop,0.4515157966102299,PhD,1.0294919387811128,English,0.6511837983942778,-0.086265198961611,Y,-0.8923529797726779,40637.54758801534
b4649c6a-01ed-4f21-be3f-a0f29b97fc1b,3-1,0,294047,212077,107523,317,0.5941435705045697,703,36.21978686664398,laptop,0.6205651926910019,college,0.8058789043650734,Dutch,0.5922197909963424,-0.7175663518040787,N,0.810796637881909,43544.31669566048
69ca58fa-5eb3-4e00-8658-df2640b449f6,3-1,1,613776,413813,63450,297,0.2711593086553199,1092,51.52150812338978,laptop,1.2019492512123422,high school,1.0262856399839766,English,0.5642528126937574,0.7545747339038463,Y,3.015296513578443,46311.51267531804
ea2dec1b-93f0-4fdf-abd2-49c6087d3b5b,2-1,0,707153,584769,133754,297,0.777598148797773,1188,60.857817296406424,laptop,1.5121443530298577,college,1.5541989754354826,English,0.6678085700377384,0.73363061373998,Y,0.1527282871252118,42226.848211152115
ff595b52-47c0-48de-a732-ca6f366d3dfb,2-1,1,537934,236094,127030,328,0.4059805749062165,416,45.149789973315585,desktop,1.510712975869266,college,1.8302365633482647,English,0.6775699070410356,0.8737167231071259,Y,0.9392636333274769,45917.52736616911
1b57438e-b823-4e70-95b2-c4659c379273,1-1,0,91244,867848,11315,130,1.0015746489879622,736,37.63942924581955,desktop,1.864942676986543,college,0.004621094803984094,English,0.3017570498628655,0.6612342306863536,Y,1.8513234747899823,43928.1450454398
0ee8e6e8-930f-441a-8244-d7788041cf5b,1-1,1,527829,578768,110332,156,0.1705538320952122,993,57.84512110121557,desktop,1.686507802073073,graduate school,0.634230064064514,English,0.5998866643354441,-0.3294924720818653,Y,1.4723184180989173,44548.74841291612
3b9eb1ad-94e8-4ece-9e83-bdaec18ce17d,1-2,1,801490,241590,124177,250,0.513793708487808,614,44.51754462806759,smartphone,0.6237977343614712,high school,1.645500270985763,English,0.34644181761144477,0.4376141438015126,Y,-0.973522801763445,46525.31746098998
471fa2d8-87bd-4cea-8ef6-6c24af87fbc7,2-2,0,176479,45738,106248,226,0.5436796927398965,366,30.376511528368738,,0.7649701805405409,,1.2592762761129213,,0.5972452089366038,1.1653842941825139,,3.390213862081326,44097.22448768652
61d89609-6242-4f26-b2cf-8a9f538a757b,1-1,0,955093,606378,69367,175,0.4002287870828381,1020,39.62068185167688,smartphone,0.9967628693040321,graduate school,1.5934842647257899,,0.3897650471725978,0.38264293539475036,,2.6552868802846064,44435.04915121834
72deb366-7970-47c4-9c54-b58c17c8874c,3-2,0,549544,757232,81304,208,0.678026944090983,1245,64.67135362098347,laptop,1.5610235585203367,PhD,1.2355506094249302,English,0.5525538751117489,0.6647965162030282,Y,1.6835190497833816,45894.27597182352
0fd5e38b-fd91-40c0-b154-d407eba53e1f,1-2,1,395849,960172,91027,337,0.13567082060606195,868,14.968052581891278,desktop,1.314795819488236,graduate school,0.8525703065307898,English,0.6332447823770466,0.29041034495544815,Y,1.6327103205178841,45421.701714030925
e8229c81-5d49-4981-abd0-3f3478f9567f,1-2,0,1005228,771384,142231,201,0.28017361222415216,1350,33.53558664154567,,-0.03220628253524005,,0.7598492023664485,,0.7057762088093628,0.5775026316060534,,1.7744031906007973,43420.41759944416
61746fb4-9306-40b6-aeb3-31222f13e4bd,1-2,1,35150,698518,51727,330,0.6685432190348843,1152,26.14042918186999,laptop,1.4093201300014262,high school,1.0590321310986588,English,0.416939172595226,0.5563345158874216,Y,-0.20037722417325288,45718.69402202726
c82105bb-8520-4727-b430-daec6fdef0dc,3-1,1,772008,57850,109595,272,0.42999175807371276,1198,23.01351812867883,desktop,0.8785816648549873,college,1.1278780854930581,English,0.949553053478862,-0.10038062359752675,Y,1.532938386062996,45757.75604944082
790f5896-c569-4e73-b88b-b931b27dc799,1-2,1,941835,663820,49013,159,0.8207538519967268,1001,58.274369059444766,smartphone,0.43390748315329686,high school,0.8448710245130401,Dutch,0.7619902562023362,1.0666959120823964,N,-1.08807633946808,41486.52909010228
08e0c3b1-652b-4be1-b8fb-e30789efca15,2-1,0,334390,976111,38702,253,0.6522961385707264,751,38.884615369432154,laptop,0.7365264825508332,graduate school,0.5280621921658958,English,0.6788119312055156,1.1377003427438854,Y,4.756863480895845,44657.34659503379
cef9fb15-e845-46ae-8282-8e7247078df1,1-1,1,624986,707885,14728,271,0.5868728455447472,935,28.05939011668813,laptop,0.5076152886663459,graduate school,2.140034563157804,Russian,0.8491940268557157,0.29514581187411665,N,2.4409366649659456,46616.41317790126
b8fe046e-0564-4ca6-909e-6177a1343917,1-1,1,970249,428362,104168,232,0.35269284097046705,384,32.28774854197162,laptop,0.13633742706937058,graduate school,0.647976125384575,English,0.3909644748046169,0.29468592342299826,Y,2.377292070083831,41150.40163454037
b4161534-88a5-4dd5-9160-ccca3961fb40,3-1,1,782179,1014386,137201,342,0.20242339398206288,870,10.697560532008993,desktop,1.2290634380938021,pre-high school,1.052009590896797,Russian,0.520300929884236,0.5846813824390119,N,2.1226866582884214,46505.95190573982
347a69b8-232d-4315-8829-4c6a7374bf6b,1-1,1,484949,743357,20592,299,0.1635804691308425,1136,32.823623786926,laptop,1.583216509522617,college,1.1650490220377394,English,0.5985753969100422,0.12118334315933255,Y,0.3109174904275014,44918.65258931301
8d488770-dca3-4c48-bac8-af2e74d1dc4c,1-1,1,973148,93937,106629,243,0.8200646485040282,1163,18.882262457878905,desktop,0.9854532118241415,college,0.7434649050782818,English,0.42485921878297084,-0.32134312895590966,Y,2.124194747377536,43283.73945146588
bdd0644d-d39c-4f9f-b351-42085d4174c4,2-1,0,942027,484068,4742,303,0.46896095358117534,1036,31.012404387462283,smartphone,1.133639620633605,professional school,1.7172045613760951,English,0.3945392027310497,1.1187553669326906,Y,0.7563447736171637,41278.81591454185
41f5530d-ed72-4608-a119-a71dd31aaec0,1-2,0,757685,360785,39019,311,0.7090470287273772,508,22.157857485616425,tablet,0.4685458743382067,postdoctoral,0.905883003375142,French,0.714791951029316,0.23300797482915842,N,-0.903622751137076,45540.74647062274
adec7fbd-3153-4612-846d-2a4183f03202,1-2,0,979930,225207,12837,354,0.6531146866055371,773,39.614087079970645,laptop,2.017804967163246,high school,0.8871094331727302,Chinese,0.7197097806100564,0.2659179247925928,N,2.250143581980025,45649.781969644726
0d304788-a11c-471d-900e-323afd0cc99d,3-2,1,978286,82306,72433,341,0.64228715813549,892,28.023534217688606,desktop,0.2970202313918786,college,0.723943928774079,Other,0.38753319512601747,0.8583277826894389,N,1.7643909289839845,43785.307176826886
fecaf7b1-1db6-46d4-92ab-aa1864c179ac,2-2,1,333746,672810,105219,164,-0.0024192925238980534,1276,46.120836356795834,laptop,1.2266123679505538,PhD,1.5327928197688732,English,0.09886530530347237,0.5935864145753782,Y,1.9689359218163254,41483.707703970824
9294f017-a752-4e3f-9266-06922b940943,1-1,1,49574,396335,139994,286,0.4149039580401453,529,16.668994828168305,smartphone,1.764544539736586,graduate school,0.0859307821016595,English,0.32928917242109446,-0.30853638388969706,Y,2.166711235885553,43244.62855453144
4c958f8d-f3c9-40f1-8816-2b0c39a38bd9,2-2,1,978243,917118,75473,169,0.3778128243824169,469,44.81011288166638,smartphone,-0.053715568654109536,college,0.85959703879083,English,0.36683703053319583,1.3016899375471034,Y,2.7701056594186113,44704.736019335745
154c0760-9c47-435f-8335-5f1178d12e46,1-1,0,932466,931792,27948,355,0.4692138304518292,293,55.612875231548955,laptop,0.44172018304239025,college,0.5999763079311898,English,0.6751632328650246,0.5157379557164673,Y,1.6614929038032171,47026.8358745495
9861dbfe-d228-40ed-9c0b-ad0a8866adfc,2-1,0,68203,357992,86126,338,0.49612767651010303,1203,16.434083608701425,desktop,0.3991673797997538,college,0.29555059722286825,English,0.5762687572338668,0.4728018477637226,Y,-0.10523919099186974,45021.10173148909
af2dd336-540d-4ded-ae2e-6d21383207fc,1-1,0,824323,302532,100566,326,0.37568849133046384,318,57.21812132697479,desktop,1.5492176180652737,college,0.9824529870963795,Chinese,0.3037652171859989,0.6870260968592679,N,5.057052259152604,43274.926908562535
332f3d22-0b01-4c63-9df3-aed8cc851469,1-1,1,474256,27873,18277,209,0.24294124064837153,779,51.4997805267237,laptop,0.3857652640851489,college,0.9330312551101803,English,0.3772518480837403,-0.028135464871136495,Y,2.0570013731448524,41236.227225233524
bdd0644d-d39c-4f9f-b351-42085d4174c4,2-2,0,828771,9672,85375,143,0.5176386180662395,725,41.992716621244305,smartphone,0.021659256728009724,professional school,0.6381587524777971,English,0.2742750120653471,0.13423694427829713,Y,1.539796586295343,47393.16411447105
ba947df3-ae38-425e-a2c4-d6dd7839b0fd,2-1,1,594447,115372,24968,227,0.30236924869611315,968,49.12273681370252,laptop,0.5739294451900812,high school,0.4721559844404595,English,0.6566762349030291,-0.20926137113929277,Y,2.8046339591566145,46617.40531681493
5ccdee25-cad2-481b-8033-c90162b98ec7,3-2,0,845203,276889,6078,152,0.4717373738316989,765,-5.22471736124885,desktop,2.21579393197596,college,0.48374301642024387,Other,0.18897591279803594,0.43563502376736946,N,1.8652492994489915,42848.33717320266
f899e672-b04f-45ac-8570-174894f1831c,1-2,1,827933,541950,18865,239,0.7525829230377106,319,34.90542617806827,laptop,1.208560363531344,graduate school,0.5817749681082176,English,0.4580049519845898,1.1968156638941359,Y,1.5174404291749632,44879.05372351157
3208209a-6dbd-4582-ba9a-63a144f479f2,2-2,1,91972,786924,3544,339,0.13188101578927341,784,32.787467238910054,desktop,0.595405026831876,college,1.261407032562801,Indonesian,0.32502829402192157,0.4885649671599445,N,2.1600108401621174,43688.350281567866
9b2ec410-aab7-47b8-a6d3-19e9c1e54d4b,2-2,1,300594,692263,58741,230,0.8852960810566188,930,15.32571937673033,laptop,1.1717422147562908,college,1.1207929077477532,English,0.5722568899821731,0.14112542745821594,Y,3.124267525106959,43111.8561901979
01793098-f0e2-4ef8-a0eb-706a0584332d,3-2,1,861978,150408,71049,329,0.6224913626949347,484,47.28213382806908,desktop,0.8302510657746573,graduate school,0.9760856306784658,,0.7244390808731762,0.08258953784383966,,0.5728571019993514,47102.100720535906
45fb1767-91e9-4d69-83f1-3c781425982a,3-1,0,861361,866515,43234,245,0.42935162100732915,733,36.10223951408549,laptop,1.575982955912545,college,1.0102590071515316,Other,0.37227114357305824,-0.10322096490890331,N,1.0456726724341585,45609.896786127174
0111fc3b-685f-4756-9692-67ace3297314,2-1,1,86891,871255,115406,275,0.5430351433878102,730,44.35593907174024,desktop,0.8919624906557657,college,0.26719025113042993,English,0.7402085865232575,0.1214319680310571,Y,1.7647658065087244,47531.29870580727
eec0e61e-7635-4527-a83f-977a09cafec8,2-1,0,559274,981949,13408,215,0.7648069210030058,770,26.062210659809693,laptop,1.4658228989064925,high school,0.3391445935561608,English,0.4664238998413197,0.2314189198149853,Y,0.9706116979676636,45181.27258765417
ffecc92e-4523-43bc-881f-86a60ec0cb05,1-2,0,943249,39109,112423,250,0.7029519068476386,585,64.58951358249243,desktop,1.876059735535565,graduate school,0.3273592622622924,English,0.7520222616531367,0.8274671480827127,Y,1.9314113674745728,46806.387267455204
27b4821a-e017-4740-b5cc-429d50c88f5a,3-1,1,361710,451521,50395,254,0.44132801177274744,1320,34.461975173797605,laptop,1.2969672519017819,high school,1.5865817910247575,English,0.7023517328995867,-0.0056821969406324335,Y,-0.16216382577060373,43434.97400040462
60fc017d-b4ee-423c-9d56-6c2a06a3697a,1-2,0,351697,54261,87164,130,0.652206806175046,310,29.789783820172193,desktop,1.5719795027960335,college,0.8867647370676445,English,0.6545240745450814,-0.07465050498126069,Y,2.0180915179744985,45312.882659282295
be165b4d-f223-4403-9d2d-d186464c7150,3-2,0,41813,975037,71055,246,0.535344659846514,627,37.694916745443244,laptop,0.44195060831778077,high school,0.9295404778242964,Norwegian,0.49165936243853237,-0.08045659072189704,N,3.6224617527939564,42701.94360917394
fc8fca36-1e38-4e4c-9112-621a6a9471e9,3-1,1,657577,498787,6514,256,0.3759515910311438,1429,45.94070451613629,laptop,1.1985645639302736,high school,1.1159741875284557,English,0.824012777057811,0.6977563764899034,Y,0.8643865392502965,43344.74108590736
76d25023-7920-4e91-a62e-db630eb472c5,1-2,1,87499,558201,75938,201,0.41412943569052674,877,29.16616968485241,smartphone,0.44826131034605443,college,1.0071077481854227,English,0.503636174762029,0.3949676629866248,Y,3.7277854442608733,41189.832448281246
7169ffc5-813b-4e4f-8e7f-9c59e92ec66b,3-2,1,457377,165867,18888,299,0.7565720801348185,1388,53.061859053263156,laptop,0.7986809214078567,college,0.8799471466620247,English,0.5893962415149563,0.7073245828567462,Y,1.7723688392121888,44330.647893051784
525bf1c5-7405-44d8-a086-43a65dd46da2,2-2,0,994402,493689,91488,253,0.5325577378724917,438,49.038283812297884,laptop,0.8925737282450169,high school,0.7619094246841543,English,0.47162542582582667,0.10144270416865592,Y,0.7941214361429251,43406.969782485954
b90659d8-9551-41ca-b0f5-deaff4b679a5,1-2,1,289151,362430,134010,355,0.3186030676619703,1016,39.38957235829307,smartphone,0.9616150925772537,college,0.3981303870642984,English,0.6538282639062455,0.39039423539458623,Y,1.2038454488613315,43926.5016204332
c5f16c37-1a33-4562-9996-0f8262566ab2,1-1,0,408559,656308,24565,231,0.1716155040574388,1163,42.90444957851821,smartphone,0.5664881517128156,college,0.7240431700607397,English,0.5687420410683561,0.4966217579003179,Y,0.49194862263527717,43585.276090040614
54c3e853-e07a-4b15-ab2d-691a120c3b32,1-1,1,341539,984848,44055,374,0.7145931450687526,995,28.451925103944653,laptop,0.2558642056942795,high school,1.891584710723035,English,0.3256235284405564,1.329287985688466,Y,2.057427496453299,44052.74043483084
025562fd-3b78-416d-b71d-1bab3f5fe6b6,3-1,1,571301,349555,100719,243,0.836965762612913,1283,19.263561818950837,laptop,1.396736090881567,high school,0.95158020180202,German,0.5583332111507304,0.2291392800576183,N,0.8315042595929497,39539.18116908514
352a4090-79aa-4827-b4b0-f1bffd883940,1-2,0,739688,34178,141764,228,0.25380648765496616,945,48.72953539102072,desktop,0.4444466790534123,graduate school,1.3620374788304042,English,0.32962160456085743,0.690596482509687,Y,1.0968340194820962,48130.019776892346
7426e023-5833-4949-b5c7-457d0e2a29d3,1-1,0,253118,360751,30342,301,0.44192545394199817,1208,59.41072048879848,laptop,1.3065050078901896,high school,1.2813866683255468,English,0.6894828927104316,0.39816435079248785,Y,2.1757290092117776,44132.7646857804
df64e0d9-db88-4977-a401-e1f442400556,3-2,0,202581,445933,128806,156,0.5692284372946417,520,39.50400941141032,desktop,0.5022688814501507,PhD,0.6492809417229009,Dutch,0.8385543733394475,0.9668157045504515,N,2.1173912607896486,41180.265147877966
ee53e6ab-48ea-4636-8141-e636a103cbb5,1-1,0,499798,62765,69110,109,0.4869409023294191,1036,27.505021914374154,laptop,1.1593273326119693,high school,0.7778270205652018,English,0.48096321579922485,0.6944567708965695,Y,1.7182806168009384,41968.42408409401
ed0920d4-b642-455e-bd2a-ca21865b50e4,3-1,1,1007241,859907,96450,301,0.42762571846546854,737,50.3418397956777,laptop,1.148349152223417,pre-high school,0.867623996278163,English,0.26879006330278876,0.9505243134090371,Y,4.909497898207186,44353.087789659425
af359589-3ded-40eb-8c8e-8c820ad019de,1-1,0,900653,343567,26082,149,0.4355467543758669,617,37.19841302911398,,0.8068443512305233,,1.6670028925733043,,0.4947855086787142,0.2339641111214864,,2.655705693575803,47124.151661050426
45e73d9d-cc89-4ee6-a6e2-ab4582ed166d,3-2,1,116725,10330,91282,332,0.42665798792731835,706,49.37260684106164,tablet,0.19542125387439058,college,0.32089308807095196,English,0.4338663692413305,0.7625585032272628,Y,2.0151125057088892,42004.92323170716
52655f97-f8e7-48eb-9269-d5ee71ad6db4,1-2,0,811943,203007,49885,143,0.7447066160012502,1129,23.455165497245034,laptop,1.2826293939457583,graduate school,0.8354289362406377,English,0.6882347089100298,0.24208006430037404,Y,1.0920296437130983,43526.49256087335
6b74a260-9d07-49bc-9cfb-6fefbe9a718b,1-1,0,144026,714701,7705,310,0.6139771379044643,1220,6.057063288782931,,0.1648610573021606,,2.257256595203926,,0.4948576908559817,0.5422547320663766,,-0.0042889354946133995,45765.345459949174
fb6a141a-25cb-4495-9b22-48bc79dbd24e,3-1,0,182931,41375,130226,203,0.4166295047121189,1163,31.36832178543441,laptop,1.651014513619765,graduate school,2.497992617256015,English,0.14670407799723184,-0.4018694343605629,Y,-0.49401674492452585,43199.4854612024
e8b80ebe-59a2-424a-90a9-b6f699b54faf,2-1,1,46594,230811,94801,124,0.8752147728712718,1094,36.7101009742983,laptop,0.9061993197003386,graduate school,1.4456678743785991,English,0.5025415715809489,0.9942459371157153,Y,1.951717922743377,43428.03956729642
a28afe06-386d-4288-994d-28b51c745e3b,1-1,1,888650,761172,118531,148,0.30354908936897756,751,35.38307025486362,desktop,0.5676783309693636,high school,-0.1365121419194677,English,0.4845680902887183,0.34301509978412337,Y,3.367739082495327,46588.18548898377
0010d921-1f71-4511-834a-55096185fabb,3-2,0,90591,73187,22019,181,0.5026480864049659,1332,29.692457918033966,laptop,1.1564414433470382,high school,0.864033480061731,English,0.21999904061301134,-0.0014672183934696381,Y,0.127034174274969,43436.40638828949
71ebc1ad-ebc2-4c5d-bc77-e372bc1b0159,2-2,0,914144,54254,28309,338,0.545709506635292,1073,26.31035815853534,desktop,1.1549191913807981,college,1.2332098266504863,Italian,0.7694293847512982,0.4680576820904759,N,2.963516456486624,41191.14475265493
7ddcdb33-a18f-47fd-8476-4e5b117b5f09,1-2,0,661300,871428,94141,254,0.31329055479225165,1102,54.78411197215711,laptop,0.5016922341280128,college,1.164097105827506,English,0.4636423132441538,0.6874356310340531,Y,1.1983816044844349,42063.032754805485
4bf638b5-36b4-4b87-977c-dbb48a337da5,1-2,1,186086,577804,51970,290,0.042342886531930524,1361,35.6215451903757,laptop,1.7805198918560046,high school,1.4140868818379086,German,0.24524071659788904,0.8087509146570446,N,1.1515654571388614,44866.1142497289
58489ac6-e6ac-479a-a4bd-f2c8e6575a10,3-1,0,615848,548055,122087,228,0.4068203517370727,632,56.93045249168591,laptop,0.9556747202407538,high school,0.8285750019409797,English,0.6164202933472366,0.6345014844529691,Y,4.356489234504853,45423.760286270866
61d89609-6242-4f26-b2cf-8a9f538a757b,3-2,0,187493,23281,140127,257,0.4304133950190888,1135,46.57897157210682,smartphone,1.4720047764584594,graduate school,0.6415129434818931,,0.2665314766940239,0.374695841861267,,1.0664651092652822,42674.445930945585
023c99b1-f32a-4d79-b5d7-197ac75591e2,2-2,1,339597,212055,26496,130,0.9766327309539091,696,60.26600102028616,desktop,1.4617069616609593,professional school,0.6346072325503893,English,0.1941504669091122,0.5405828066860258,Y,2.42400814702071,42177.21783334636
16d93a7f-b378-4f6c-ba62-8e7479afc2d3,1-1,0,957859,313599,142079,225,0.5790352329824157,939,34.42845174336187,laptop,1.5907468153884778,college,0.5296707565120441,English,0.4604645904544935,1.3113804271770184,Y,0.568720904020181,45739.49261186384
24c1cc74-742c-4c92-860a-7a2fa7659727,2-1,0,789830,655739,77847,106,0.14312808063422472,1161,40.16766773744336,laptop,0.7268975221212169,college,-0.3095546946884027,English,0.308360379627799,1.4657456406379619,Y,-0.03014444222971502,38822.64334162372
422c02a2-c457-4a5a-83be-bc1fb038be39,1-1,1,406816,416834,7497,332,0.5168751236086395,1312,13.51205572583773,laptop,1.6610377418223574,high school,1.5585633148938531,English,0.4988907436350106,0.08735291194781847,Y,1.4658562018518726,47582.29435076848
722b0462-7e9e-4278-8d36-9495f6928afb,2-2,0,894760,165591,28035,145,0.6401120212192484,923,33.66176638336533,laptop,0.2434569487864806,college,0.6383868806458173,English,0.6170771072026454,-0.07192879886626347,Y,2.1471737009430645,42288.95616963288
adff123a-e9fc-4289-89bc-8002fb8bb5f6,1-1,0,513879,650666,114724,229,0.6413006605203586,1308,22.24502061119847,desktop,1.8353770449886695,graduate school,1.5426353145932,English,0.8132237153409112,1.3531614006783,Y,2.0864138806152486,42813.132955847694
ad72ff21-0001-4c71-9657-91f0af317112,2-2,1,775876,827741,118088,284,0.7375833990899936,589,64.61364561239455,desktop,0.643255953651771,graduate school,0.7807415970940212,Other,0.5708687647897484,0.30918402056651845,N,3.1250375023212884,42296.0111523205
44b8d6dc-2654-4d3e-8ae8-d34908f2fe54,1-1,1,978604,45594,110256,299,0.530169806783742,974,44.747181106577976,laptop,1.1478675511045797,college,0.5720080188885521,English,0.5666928962270981,0.37780554722320164,Y,3.8427412276926183,44778.58904908965
089fc400-90dc-483c-907e-f7143fe77183,2-2,0,470485,247309,75459,260,0.0053926485535372715,1234,47.81922818091239,smartphone,0.0294894616918554,high school,0.9018385122462587,English,0.6158786248051717,0.12939958454059491,Y,1.8951169553915608,42465.94190948128
525bf1c5-7405-44d8-a086-43a65dd46da2,3-2,1,696358,647368,17844,291,-0.32457740936219237,1178,35.227495220171946,laptop,1.265244447942323,high school,1.247241315562871,English,0.6421276602270455,0.47466614185183226,Y,-0.14032907702897268,41517.074254374056
b8f4ca6e-e390-464a-8d7b-7e81fcf0227e,3-2,0,420898,907229,72384,122,0.3700612803452382,657,24.41775196855521,laptop,0.3795625429329923,college,0.8693986133648706,English,0.43332154387018534,1.0093513802128746,Y,1.9521233108697413,42548.10533386514
6e1bdd21-d51f-4497-a684-654edc44a6c9,1-1,1,148174,834509,36004,210,0.3062914309686813,552,46.76789938061272,laptop,0.7534741781323298,graduate school,1.177392110425343,French,0.561764352451072,0.8867474340885209,N,3.066311371611058,41355.30414633537
c4d4c7b7-bbed-4695-b98c-0b5c48e29abe,2-1,1,407228,10140,106787,253,0.5194187430893584,405,19.61979154252919,,1.2109108039472605,,1.6940610479168137,,0.11027944337913831,0.30910054868726844,,0.9603632194659261,46072.674569595394
8e9004ce-deac-4c35-8176-a799b50f944b,3-2,0,632769,17586,93063,319,0.4425376137665452,366,33.55771358301645,desktop,1.1482668857717915,college,1.7858218312516843,English,0.5383987594242996,1.0634036583384663,Y,1.0814045809368418,41861.92028937583
4aa80c95-24fc-45e5-b3c4-102653f15325,2-2,1,670155,624735,92234,330,0.0912694588768681,550,45.990087859503035,smartphone,2.2972595662836865,college,-0.585632278072683,English,0.8415895315502018,0.38167888830807395,Y,2.2804472241921654,44710.284005783855
089fc400-90dc-483c-907e-f7143fe77183,3-1,0,426028,688602,118641,130,0.5385317210581841,422,17.193122065001667,smartphone,1.6502329287809336,high school,1.1566269847868824,English,0.6975613947896632,1.0409770783138996,Y,1.5099014662433778,40525.09913119601
bafce4bd-e4e4-4d73-8424-2a9343c52f7f,2-1,0,237982,944617,115638,363,0.15660682127778547,1275,13.821195390195431,smartphone,1.8179683957595343,graduate school,1.2026535855275962,Other,0.36798425506409665,-0.07308655972762645,N,2.4723827928937077,44817.043635448186
7426e023-5833-4949-b5c7-457d0e2a29d3,3-1,0,337532,86915,41379,202,0.3768748674139212,919,10.662226447863965,laptop,2.0045894730318725,high school,1.4595590797897307,English,0.3499062373207319,0.5626791701769849,Y,1.9528336026155786,47381.54029867691
c0906133-d1a3-492f-99a2-6e5a6c56f767,2-2,0,610207,288014,85879,242,0.46639072348233157,977,34.16180759764071,desktop,0.696032657998259,graduate school,0.6120855671123462,Norwegian,0.580143488083612,0.36710739425699423,N,-0.7625815267005334,45298.13409510821
63bc2403-a08b-4c51-8b2c-01e6cbfd54d3,3-2,1,563953,499733,130476,110,0.36404124761294576,1333,21.022030011836666,laptop,1.5050678394596664,college,1.2508954360680464,Chinese,0.28872434946142256,1.1140709752898905,N,0.42601846702223845,46222.06369958001
acbf370c-b970-4ac5-b1ec-4335a936dbdc,1-1,1,282345,35390,18545,125,0.3812587432952821,441,25.990183304164688,tablet,1.2509755595943606,pre-high school,0.4798258301373005,English,0.4438083219560186,-0.33075962537542214,Y,2.4997629405306565,44252.235733176545
6e1bdd21-d51f-4497-a684-654edc44a6c9,1-1,1,648237,4442,114714,361,0.5262247361985328,627,44.481847855698945,laptop,0.6258320434031672,graduate school,1.6567205138236833,French,0.4056286182718366,0.8855238871260296,N,1.52671224119939,43419.1718254122
422c02a2-c457-4a5a-83be-bc1fb038be39,3-1,1,692176,36134,114100,155,0.8076737809444101,1056,31.1367923812865,laptop,0.17903513956119876,high school,1.318102049039269,English,0.7576339856658212,0.8138325029819187,Y,0.8425364021291524,44149.06880525871
30f84640-2830-433d-94f8-24d5a11d93c1,1-1,1,37285,730536,83324,301,0.4747962310792158,462,46.83646621519606,laptop,0.4523194823446326,graduate school,1.4758567941982443,Vietnamese,0.8742943612218224,0.3651979388064758,N,1.2486006120329942,46802.74881853666
71a4495b-b507-4fbb-b247-6be543b98550,2-2,1,515988,103055,4309,249,0.4774329373413339,1280,45.16228315679227,laptop,0.9095469440740769,college,1.4405241100583872,Other,0.2810464328580127,0.6975156706977519,N,2.8182097011158116,42373.42526790774
74103437-cefd-47b1-a905-d85399f681db,3-2,0,771658,707896,137169,268,0.48719189835395077,842,42.58000085041464,,1.8447026927114076,,0.06648486182720414,,0.3893263647878348,0.45752174810965196,,2.4468222670563335,43766.32042965175
34604f27-94d7-4af3-9b8d-7c9fa836e7cb,3-1,0,369179,525375,26002,233,0.3183080607569638,390,42.466087149217024,laptop,1.2097361919103664,high school,0.6213001953453843,English,0.5581256960051891,0.5788091012561705,Y,2.4101670825237838,45807.51302842064
2fbeb59b-f93e-4073-8132-de082fdbda03,1-2,1,375360,479817,122772,321,0.801400774677155,540,35.81651923407108,smartphone,2.005166246256744,college,1.4567414925899937,English,0.5314473372390809,0.7323072148856776,Y,1.5979744894965846,44884.85224361446
5a403d6b-705d-4c75-aaea-443b79099f45,2-2,1,400601,383081,77392,363,0.5805995003816173,1160,49.41847485033158,laptop,2.2792077856433997,graduate school,0.9235301369427666,English,0.3812858447865751,0.13947876818648358,Y,1.0758449552538356,42885.354521480986
7c73f8eb-7012-45e2-b6ad-2197ba40b925,1-1,1,11711,406814,65501,147,0.4196720305009385,433,43.019955281028004,desktop,-0.009453462504504406,college,1.2003484675561908,English,0.4481436525017529,0.6698372821282134,Y,0.8873069633816978,42856.09482527731
475f8bb1-e661-4dea-af87-86ca2a261e7f,1-2,1,519327,448036,102045,275,0.5776898839819857,756,30.311820192681022,laptop,0.7449877706542698,high school,0.5375439351968276,German,0.644592131434335,0.647442465600496,N,3.3199655700066604,43458.330268160054
95cad567-beb8-48bc-9d49-b9f5b17eb742,3-2,0,238664,654266,109753,128,0.2734886746229238,970,45.0425548927859,desktop,0.8128719193488124,graduate school,0.7526281052125113,English,0.7053217627766499,1.3730941606459153,Y,2.5897125428683196,44110.463324853714
3657cc44-95b2-45ff-9e4f-a4cd22079a32,1-2,0,281677,579258,106528,190,0.390733009728898,348,31.315639114435086,laptop,0.20791470339405138,college,0.8340982795209152,English,0.6200915822345511,0.800450765622172,Y,0.9456319221973053,44379.63735167374
e7ea4b52-7611-4c90-905a-fd388cea9c0a,3-1,1,469665,877171,118317,319,0.43690189661460144,1140,31.68053964302255,laptop,0.280721044428783,high school,0.6943110403908868,German,0.46290290475481455,0.3704849904422185,N,3.4522212997497865,44577.06145122314
0d304788-a11c-471d-900e-323afd0cc99d,1-2,0,213894,563106,47644,273,0.547406866555496,354,39.008476000760936,desktop,0.15355534781887414,college,1.2434898676847204,Other,0.5755144937716533,0.9567503997042106,N,2.099623451422857,43981.033813846094
ad4c12c9-5088-480c-ac6b-07b6e44162bc,2-2,0,666436,683537,8813,129,0.9895899647120268,345,24.631484907209668,desktop,1.204046268027906,college,1.5808955375110287,Norwegian,0.26690755585207243,0.9231715333336512,N,0.7988186771811919,45090.40295995393
621bf4fc-6499-4c5d-af7b-25ab04eeb70e,2-1,1,806933,52872,107744,242,0.4979717496462518,764,42.2756399816189,smartphone,1.385752304000787,college,1.0675030545850135,English,0.5199937102120629,0.16361176482033457,Y,2.05466246635314,44587.25717397803
8053404b-3274-4b36-a3ed-c3f4cff86dee,2-1,0,488045,451360,52076,212,0.407573791116867,1378,23.415927174845923,laptop,0.45117327136011065,college,0.44906577226627786,English,0.7232589965230877,0.7807435512672318,Y,1.2949335985574635,45169.06288961328
6fd65cf5-962a-4227-b24b-b2ef6f590a96,1-1,0,979133,202003,118035,266,0.23790943037943774,823,47.486062943962885,desktop,1.3797129608530188,college,1.9146036045510662,English,0.49142263668397573,0.8737208796953589,Y,0.05411282836534759,45626.002533733204
63bc2403-a08b-4c51-8b2c-01e6cbfd54d3,1-1,0,341736,38683,41130,345,0.4019180426184904,1139,10.368918752868264,laptop,0.559078508249091,college,0.7106002166983358,Chinese,0.37514470070318456,0.42070876610809466,N,1.8937393651792118,44256.24869798392
d816358d-20fb-48cc-8597-6ce3578251dd,1-2,1,168514,824595,101347,218,0.7934874161574763,1182,56.82628333248137,desktop,0.962765381271725,high school,1.4235190061248604,Norwegian,0.42115751217079084,-0.2550965352953387,N,0.6701385869850767,44805.95940801982
b502be75-8bea-4412-9b7d-813e7bba3685,2-1,1,22402,596274,88156,201,0.5147896713368117,381,52.71205778469602,tablet,1.8064319694032331,graduate school,0.6607720641942827,English,0.7761184088519328,1.0036202814310373,Y,0.1676105085776245,41470.718466815764
5fc65dc4-1722-4f54-bd65-720c734f2d00,3-2,1,252502,212988,93338,287,1.0027741022109633,588,38.34962527370076,laptop,1.439368386003371,graduate school,0.8885434027949093,Russian,0.4419488348114142,1.0604746189574872,N,0.9832511539374524,43529.849474778784
2de720d4-ef3b-4064-9437-2886a4fb5d23,2-2,0,198730,108779,81730,113,0.25508366143811306,1430,27.972767580888608,laptop,0.20201382481075825,high school,0.649507523214479,English,0.3304544619985194,0.8641060539650307,Y,2.8800410599171555,45521.76348291575
7ddd2afe-d9fe-4533-b32a-056360bcb4c9,3-1,0,267083,222102,74296,349,0.5825190624446255,1418,27.300157715010307,laptop,1.0357302541659457,college,1.1906827698860036,German,0.19308313024906942,0.5454845451408353,N,1.3068006569863524,46111.52057289493
e5afeeab-aaf4-4200-a67a-5ea0b861dee3,3-1,0,386625,755402,18727,353,0.07159674733574106,1015,69.73775068723897,smartphone,1.1433728234089964,high school,1.0554578632343516,English,0.4879006067368633,0.15440610696535123,Y,0.6069456473112174,43759.971986078905
fd573d43-4bb4-408c-a8c5-790b562841e6,3-1,0,179956,342426,131657,330,0.40246316801873366,535,33.13478443025356,desktop,0.5011925646704825,PhD,-0.09891226194725822,English,0.5060132265046214,0.5378534285820715,Y,-0.3111585310155123,43267.64775002011
fa08b044-8623-4659-959e-63953534e08d,1-1,1,937664,43818,112484,238,0.6591993911044083,1057,20.7991861806848,smartphone,0.5394983196269301,high school,0.4916257043880702,English,0.5563927060656146,0.6772375659339182,Y,1.800370091916574,40467.748352716924
f0cad925-aff5-4a6c-a8f2-4a0eaeaa248c,3-1,1,822665,471482,115704,129,0.34722568988498426,551,61.865431848526086,desktop,2.1403863976206816,college,1.1797272370973437,English,0.6016670960159718,0.6556065487196046,Y,1.0858518545592082,43437.297866122084
3410fc57-2a6f-4350-94d8-800423702f6a,2-1,0,525411,151687,23294,241,0.37388445017886995,585,23.467349082185827,,0.6561517376549588,college,1.5492399309450007,English,0.7453967534600322,0.362738980523841,Y,1.6854074361303284,43915.17293010827
a7961f82-b7d1-4a3c-a0e2-6f03d8424b4a,1-1,1,292336,549294,5370,283,0.564733299647324,1368,26.533837054642987,desktop,0.3740350181953819,college,0.5423338464116652,German,0.13953584943855124,0.7691276578359201,N,1.990015497175974,44659.50873238114
8716e0ad-f17c-4c46-97ed-2c9643a576b0,2-1,0,448902,87574,20810,380,0.34672473897599065,1062,33.71149023109021,laptop,1.4820270811819518,college,1.5215600750766058,English,0.28222389905749123,0.2657941827028183,Y,1.5275980302882144,42630.58199548325
b1a27fa0-3a9b-4b77-9c22-2f7ffd839812,3-2,1,1002061,341600,51438,159,0.47501383754540216,1170,48.81769768090656,,0.2574464804857485,,0.7458739597890056,,0.5084522625111819,1.1721180591689266,,1.532436534518601,42979.24509025634
24a6f167-5017-43b5-9dfd-891537602f94,1-1,1,959304,745161,53993,228,0.12799073874824063,1051,34.8054302898153,smartphone,0.888888860409087,college,1.1255353221011457,English,0.7388295850578803,0.9896404307234342,Y,2.8177066160325936,45271.15982808902
cf8cc387-399a-46fe-9313-9f73def19457,2-1,0,402189,333475,135586,305,0.5456750440578614,1177,57.52597689542141,laptop,0.6896558699177474,college,1.5107648940119787,English,0.5896229114448279,0.6782727539609977,Y,2.1998353140626126,45084.31349479898
b69f0c92-ffd3-41e4-bba0-8c129a93d2fe,2-2,1,263851,268317,37066,113,0.16824787827877963,1237,29.817899095250826,laptop,2.020426965506596,college,0.7134733351149509,English,0.5569845405871171,1.0816628628286424,Y,1.9916154732117677,46602.81584362626
b60fd095-b0c5-4946-ab0a-4901ce69f617,1-1,1,393221,686310,49123,370,0.255798231640456,497,24.41699864747092,laptop,0.8306062288027168,graduate school,1.1133054797718804,English,0.42737227622409824,0.762744791427088,Y,3.5746407838673537,43617.300797569595
fa246754-e497-43c2-b08f-7b8daea1b410,1-1,0,177295,742208,90988,312,0.6607103992522915,433,47.13147654975234,desktop,1.1382760348882364,PhD,1.7840759522016532,English,0.6393331977136385,-0.07491310553648145,Y,1.045313496899524,45213.256964181805
a77a0634-aabe-420d-8348-0a7372b161d2,2-2,1,786169,743069,122679,194,0.5812292951698552,1229,30.428031585230844,tablet,0.9319233878631603,graduate school,1.8138777508276216,English,0.5749699019819403,0.5413928774074913,Y,0.2727764850287735,45123.69044792372
63cdd570-1369-4f2b-9090-d5b6255c51d2,2-2,0,899017,817697,78665,131,0.7993737752124974,1084,21.47079288602281,smartphone,2.5654282217544795,high school,0.8330827763856403,English,0.2753674958629006,0.5800940113588356,Y,2.6753393946689386,45877.113587528496
8d488770-dca3-4c48-bac8-af2e74d1dc4c,3-2,1,27969,84135,45750,335,0.38315939968627044,1426,28.038458875541366,desktop,0.9243604242049994,college,0.9356065216133416,English,0.9149745398386522,0.4674225633965634,Y,5.002985299976561,44170.16513073789
30f84640-2830-433d-94f8-24d5a11d93c1,3-2,1,493615,267889,96727,363,0.5925916477874681,1433,55.07241021060315,laptop,1.113545797469331,graduate school,1.6109069901918094,Vietnamese,0.4063672637463547,0.7280237739194672,N,4.235151586677571,39715.0065080879
20707557-d86f-471c-bd39-ce12b5d290c3,2-2,1,809240,824504,41011,161,-0.0009551814394174185,906,45.626026973675145,laptop,1.6211137990449034,college,1.2238743601140862,English,0.2418995937290374,1.106446986149412,Y,0.6553762195716657,45978.93928222845
b69f0c92-ffd3-41e4-bba0-8c129a93d2fe,1-1,1,42936,593229,24183,172,0.4895769329143799,738,43.05609952931975,laptop,0.987688212841472,college,1.2036075192222384,English,0.465106722146729,-0.18930985334102235,Y,1.8240662954281697,42782.57188620994
e893554b-e41b-44f5-9247-2f1b1ca49f52,3-1,0,534737,218156,64857,353,0.2905823330042892,1126,53.88670330294762,desktop,1.5153242819319048,college,1.054823664180153,English,0.31709093230588525,-0.045424389616881,Y,2.4729473978813568,41547.41050896644
2fbee4a6-4fd6-4fa0-83b2-b180fee815e0,2-1,0,469538,857204,12584,123,0.5651074921543988,928,34.13543432137462,laptop,1.4484819348146067,high school,1.32649505794013,Chinese,0.3728911858216989,0.3039835269213611,N,1.1122694321229658,43288.75474729625
5a403d6b-705d-4c75-aaea-443b79099f45,1-2,0,563091,612422,133801,293,0.4102024693032353,688,57.561549367965135,laptop,1.1577277940538893,graduate school,1.3120006262881108,English,0.28890940646413077,0.5652607175604935,Y,0.9015551093722224,43089.40404267576
dfeed816-4de9-4be7-9ea0-775157c7bd76,2-2,0,872286,971717,100417,109,0.7078133703139974,883,31.35458924600421,desktop,0.05277684870515309,PhD,1.6781545628116419,Portuguese,0.5197458862670763,0.5764116080926246,N,3.1791330536723454,42226.21270920651
540ad2c3-6798-4093-8f1c-3c3a0ea94ac6,2-1,1,980413,691433,69755,348,0.37391413919907057,1257,57.17605444735146,laptop,0.6954795087408449,pre-high school,0.4963492658127676,English,0.20894548122281137,0.567931765526345,Y,3.8291081807447225,43335.97762247235
adec7fbd-3153-4612-846d-2a4183f03202,2-1,0,401085,510089,93785,300,0.42613484789428546,416,28.76446935800139,laptop,1.834554730166953,high school,1.5017312541261159,Chinese,0.32874205855899463,0.26985567300515795,N,2.293171972076348,43935.679159027386
c0906133-d1a3-492f-99a2-6e5a6c56f767,2-2,1,396360,391160,133292,280,-0.0692875229404093,483,42.334603110345284,desktop,0.6779851985388117,graduate school,2.306397885777953,Norwegian,0.7705664145843096,0.4289304066256446,N,1.8162838642158075,44716.36149153546
f50cdb0b-d082-4ab1-b5f9-17fa8540795c,3-1,0,967985,265097,23498,194,0.6056067861368333,538,52.132292757453754,,1.3005384048145632,,0.8004518568254826,,0.3550831486267607,0.5585121563590603,,0.2739199995508179,43723.13481064611
9fa1aab8-97fc-491c-804a-f4676c40ea0f,2-1,1,944576,570088,99740,113,0.5699284537157487,1147,35.02647085089712,smartphone,2.4392128222568874,pre-high school,0.9838109031902559,English,0.5568609713570163,0.7191548004850812,Y,3.55460892718956,42184.51777914063
5fc65dc4-1722-4f54-bd65-720c734f2d00,2-2,0,823476,96984,140758,131,0.48473025770946776,629,24.141614886327627,laptop,0.5869368384424569,graduate school,0.6001174404351113,Russian,0.5451788463198297,-0.20666292464215008,N,3.957050132512188,38574.49797406388
a7961f82-b7d1-4a3c-a0e2-6f03d8424b4a,3-1,1,742885,489427,23122,305,0.41746385549445625,1256,41.05137618067257,desktop,0.3273200826370607,college,0.8805724398986373,German,0.31401196613140414,0.44890813685731173,N,4.108067831047382,45760.23518190345
8672882e-46f5-44a6-ac35-bfedb6323e69,1-1,1,740717,277604,67672,271,0.4666395197588758,725,28.209844608662664,desktop,0.5744236048736799,graduate school,-0.37551185767712325,English,0.5418880505602454,0.2256080760278908,Y,3.422230676303583,41772.87869305916
94d5ae9f-66ba-48f2-93d0-19cf5aac6a3f,2-1,1,295756,906740,103354,193,0.19800349064430312,615,42.169000382083524,laptop,0.9763949723089295,high school,1.381918758009041,English,0.21260494046547834,-0.05607810347517983,Y,0.8169018056829128,43334.81862533357
79dcc136-af62-41a5-a697-40d9b8f68d3e,3-1,1,699957,368689,82283,302,0.4186166010900513,497,35.82980939239217,laptop,1.636057660650772,high school,1.2742755304080502,English,0.35901896003730277,0.1576718420443467,Y,1.6128414888624107,47176.15151610092
6aa0c48e-1055-44d2-9d58-385715962733,3-2,0,484588,305720,62245,253,0.43724407956797695,693,30.709004401799632,laptop,0.8426994350260137,college,1.2725381708177017,English,0.7198713045609818,0.7044581276710061,Y,2.0712213157680965,47780.531630042264
1807eb20-6d3a-4efc-a8c4-8901ef1fca5f,1-2,1,759278,502367,103527,372,0.09229577672885109,1375,49.711132888889644,laptop,1.236652938724974,college,1.3203040633442757,English,0.2729143722598216,0.9740178198642618,Y,3.6717461502080373,42536.93903119663
f67e5c09-d2e4-47d1-9df5-bbf2a9c7765a,3-2,0,705899,633953,34440,311,0.4290433587614224,1224,47.136424759787644,desktop,1.9448076678252155,professional school,0.633582077400606,English,0.18128068794327568,0.29751744768523086,Y,0.7842233114261367,45783.3328886814
001d6664-0e5d-401b-bfd9-c2985739e2ca,3-2,0,854767,347884,92870,122,0.6769211870702634,675,31.873389713908825,smartphone,1.6357793318817881,college,1.0621199735661693,English,0.33063317433870154,0.8296241765411928,Y,2.683499020327318,43618.328033963066
a77a0634-aabe-420d-8348-0a7372b161d2,3-1,0,98667,362456,98584,296,0.18630099577609344,897,34.565999291352384,tablet,0.18491698605930085,graduate school,1.4605064514131039,English,0.5074023029619125,0.648817575089673,Y,1.7269747261573736,46739.03313952133
ff595b52-47c0-48de-a732-ca6f366d3dfb,1-1,1,138129,648749,72590,256,0.5776864063635136,911,24.110516497442624,desktop,0.6734589759781147,college,-0.5577091130319538,English,0.5668411255421084,0.47912826019140814,Y,2.5046675535890515,44633.46806839373
4b19d929-d5f9-41df-a9d5-4176d450e799,2-2,1,94535,130436,28147,299,0.12162377422447573,1084,37.60536351395543,laptop,1.1582242818056372,high school,0.9561617116907469,English,0.5877202167405045,0.7923244870188901,Y,1.0875196977744954,42080.93515763605
cfee68d1-90c7-403f-be8d-bd8b7abc1b67,1-1,1,585002,9708,59419,182,0.4867173484641317,546,42.064430480800375,laptop,1.580033446702634,high school,1.0240160601654915,English,0.7435558234780759,0.2013969894888329,Y,4.381323887069431,42594.25197823401
05407942-f651-4129-adc8-541378ce6ac3,3-1,1,791240,629401,43366,312,0.1685906434978094,728,35.820354900989315,laptop,0.1842353948359381,college,0.6423102440463009,English,0.6544938113019867,0.293780879646266,Y,3.842601154289851,45619.55979482396
4bf66c16-79cf-49d3-a150-110237af0243,1-1,1,360499,765623,52904,334,0.5650604136810957,718,33.15582806407063,desktop,0.5366953561185788,high school,1.5184246385451505,English,0.4857736495790016,0.09218821499122659,Y,-0.07613681770971437,42599.43591247744
a75e076f-3028-44a1-af60-ca3b3bcaeed0,3-1,0,284251,88382,18835,304,0.23172163264949486,1359,45.94139530628783,desktop,1.0997395995782586,college,1.0851187705361502,English,0.9411055846258453,0.21373158831632666,Y,1.5231976877785176,41826.62773178926
28c7542a-c3f8-419b-80a0-8f4c706e2c61,1-2,0,51435,643784,84893,313,0.3930066470070212,973,45.428517317219374,tablet,0.5956526707539502,high school,0.7282539174299055,English,0.6872330304168025,0.92687624077992,Y,2.09645686250255,45835.83726505137
089fc400-90dc-483c-907e-f7143fe77183,2-1,1,769616,507887,7134,122,0.8410535828794439,789,40.938900160579806,smartphone,0.8733549340498075,high school,2.2445476063980987,English,0.432391208278157,0.12769139665141466,Y,4.236069890192107,43425.794119312945
410395ad-1f39-4a21-93e9-298afee5d7e1,3-2,1,854533,756602,31719,235,0.8595525987565622,618,21.253987925743438,smartphone,1.2325252444416868,PhD,1.3608826648981733,English,0.35735319827418033,0.2670027541759006,Y,4.11592642080087,44607.33937836809
52094e6b-59e3-4905-9151-73e21750879d,3-2,0,515974,368758,98288,330,0.5113375259239826,1103,20.855093121604465,laptop,1.67445047373413,college,1.4400083998456716,English,0.791006662481893,0.03913553149022747,Y,-0.15711821947316507,42118.073869878244
a8d07b3c-a7d4-49c9-b2b9-07c268f706fc,2-2,1,395715,813376,22413,158,0.3378063501946404,1298,49.325176563496115,laptop,0.9517321875614781,college,0.8943336390736796,Other,0.9155135080242396,0.35107040144814333,N,2.3426763959953822,44131.08386297924
9ad793c8-00ee-4105-85c4-5e9513b219b5,3-2,0,639802,550645,6344,155,0.2704006823946744,394,25.731042056984528,desktop,0.9453242988612038,college,0.7486265881977556,English,0.6461680664467313,-0.2959999282589978,Y,1.899157038415547,46060.007998936824
28836691-af28-443e-9b0f-aa6a75dd4f43,2-1,1,654564,38920,42746,348,-0.03132964300804508,1365,21.3281773892462,,0.9514999917426318,,1.3459085165342561,,0.4305948573988934,0.581391993999397,,0.4851149049195582,46943.650490492924
49ed1805-bfda-406e-af15-31507cb3c5ac,2-1,1,366961,744350,118806,342,0.5366823832374852,1428,47.037489124234,desktop,1.287753368894255,college,1.2655895455422297,English,0.5523142968100424,0.36250680583736783,Y,2.023585025358958,41842.496429496074
45d0a062-50e4-4bce-b410-65ce05905a22,1-2,0,509483,224870,72936,116,0.304546806031298,606,32.2470716809567,laptop,1.1592333478347538,high school,0.8480971650438774,Turkish,0.5606797784850991,1.0784433547073764,N,3.6818490463554943,41837.430325218156
bdd0644d-d39c-4f9f-b351-42085d4174c4,3-2,0,105159,540550,47537,133,0.4325368458779897,976,54.49409263826152,smartphone,1.1769381429098862,professional school,1.57888383118852,English,0.7247761562833389,0.7688843776736933,Y,2.2213503908474355,44748.53336775949
fc06986a-ae94-4241-b930-3b90075bbcfb,2-1,1,457841,896057,34209,321,0.34218979732834987,849,46.91256408899645,,-0.0002574267094854754,,0.22358846683124511,,0.555172308224351,0.2605708998726031,,2.2214199698308463,42796.787493777425
e1f48355-1636-4f4f-8966-a26d86a48b3d,1-1,0,757741,558405,64711,143,0.6146484328710041,340,43.43838788871145,desktop,0.4978210490390722,postdoctoral,0.4260961716672311,Italian,0.331480903877765,0.8327001673366522,N,3.678925142937528,43669.83593485331
71ebc1ad-ebc2-4c5d-bc77-e372bc1b0159,2-1,0,798447,967931,74883,125,0.43870408102738906,535,45.5805145920077,desktop,1.117547524431953,college,1.0695542595643879,Italian,0.40219844021157053,0.031847296862860586,N,-1.0968227104177468,46157.45518358888
9fa1aab8-97fc-491c-804a-f4676c40ea0f,3-2,1,323105,4152,129266,363,0.5079439641012338,1281,39.05014421692008,smartphone,0.7717085449006845,pre-high school,0.30966947518022214,English,0.46229581151663657,0.2949353780822786,Y,1.1828560050058645,42937.15546701191
6111a8de-8e09-451b-b8a9-ff41d2c985e8,1-2,0,547316,892057,60971,223,0.22299575410653588,1061,42.65729630990924,laptop,1.4160374488445482,college,1.4295223648445632,English,0.5342332557795806,0.41238344976033964,Y,1.3111568236074236,45417.56002717633
63bc2403-a08b-4c51-8b2c-01e6cbfd54d3,1-1,1,1004726,9773,69516,267,0.5820096552757821,352,43.90291477344922,laptop,0.45672065251426797,college,1.5510780865104288,Chinese,0.45311784305041114,0.8629827072998255,N,1.4196192498393818,47140.627362226856
db095ce6-bb12-4f37-88e2-d9e76be1b021,1-2,0,677470,689572,130640,373,0.7776185001087146,425,49.57375896100098,laptop,1.5614292909823635,PhD,0.09325290663187646,English,0.6656533704804789,-0.1977564522927282,Y,2.463006797235055,42709.74426628441
adec7fbd-3153-4612-846d-2a4183f03202,2-1,0,150273,761162,30516,362,0.7191479909648694,588,21.370741599212902,laptop,0.49617526678163437,high school,0.5588514738618203,Chinese,0.5849000128802586,0.13260180573328006,N,2.559341409228521,44559.55894640366
020bf19f-ab82-4c2a-8fb3-fbaab33412fd,2-2,0,670231,924528,59750,205,0.5063715046481774,1406,35.88330872669209,laptop,1.5899485034405436,college,0.6642643115713813,Russian,0.40656899472481167,0.1952400899450688,N,3.472691202946212,43782.53366279817
9d35cb65-f33c-4a81-bcbf-a794582e6691,2-2,0,374422,148239,54359,315,0.2425813569749643,1090,28.489276732981825,smartphone,0.25145430083940035,high school,0.72355349462024,English,0.5476398197729662,0.8915750531986828,Y,2.8656526114482404,46287.779186266576
ea2dec1b-93f0-4fdf-abd2-49c6087d3b5b,3-2,0,517691,284365,103600,203,1.0652909642613604,574,13.843878075165698,laptop,1.5538322755355873,college,0.9930218149349597,English,0.3803788954286681,0.40009949366722586,Y,0.6880915505901974,41175.04441411037
e5afeeab-aaf4-4200-a67a-5ea0b861dee3,2-2,0,281376,32124,31729,171,0.6706100715748131,1186,29.189664508332587,smartphone,0.8759103216340142,high school,1.0892819609732023,English,0.6673241386463744,-0.12320580251132218,Y,2.2216287987104453,43443.975481229034
55ceb008-47a1-41ef-82f8-5527e474f4bb,3-1,1,847394,540710,102511,313,0.15742787223214255,709,47.79233439141831,laptop,1.4460322905291838,graduate school,1.0963079697946077,English,0.5594441959304657,-0.1611872183980413,Y,0.12619269455556403,42583.54319138122
b90659d8-9551-41ca-b0f5-deaff4b679a5,2-2,0,869754,335672,32752,308,0.6980186970821404,896,45.610673966314735,smartphone,1.0678122871338376,college,1.8278831374382425,English,0.4397294862531724,0.32584730878980345,Y,1.9630572089208758,44301.976907277734
86fc00ec-2ecf-4b13-b031-7de5b98c4716,2-1,0,450904,543203,12859,108,0.4383957081083831,606,23.126394565401263,smartphone,-0.1632497344355046,college,0.11414451148570381,Dutch,0.0930067193305788,0.5449630024942336,N,2.57306466860689,45928.515988172745
d5474dc4-83b3-459e-8435-aab6eb356a3a,2-1,1,39593,589682,124504,354,0.42178504188244587,1196,36.88321193324393,desktop,1.897155519637637,college,0.47442257983053115,English,0.7372547145873446,0.38449085803561556,Y,1.1741040253022457,45275.351411838914
3979e883-9ca7-4771-a299-0d6a366f1a60,1-2,0,16004,130815,29413,286,0.9014926427981819,1386,14.04069520345822,laptop,1.8861463284013271,college,1.1269177064273936,English,0.5363183263423141,0.6845341088143946,Y,1.2415545460897977,47212.17466060941
be165b4d-f223-4403-9d2d-d186464c7150,1-2,1,969126,406953,118867,260,0.5007589014997991,1385,62.53193699127783,laptop,1.0555974481929837,high school,0.8865071212751447,Norwegian,0.8482393299806199,0.5202372900706763,N,1.631411886308492,46545.266946562224
49ed1805-bfda-406e-af15-31507cb3c5ac,2-1,1,602809,871575,90017,107,0.28055964251169574,1205,25.534312546165097,desktop,0.9278004972447782,college,0.711301078999443,English,0.44193130888303056,-0.1553278090202429,Y,2.0593374516496463,42122.042403529726
8e023aef-67dd-4d6b-bcf3-b12c776379b4,1-1,1,412530,337528,53352,366,0.7743528466403666,1394,30.28510707509821,laptop,1.889536133433334,pre-high school,-0.18043653409441496,English,0.5876885821295069,0.5409019171488868,Y,2.1776365267166433,46240.54507345061
27b4821a-e017-4740-b5cc-429d50c88f5a,1-2,1,130683,590470,65899,185,0.22600229630615076,740,37.74136136349637,laptop,1.1842636490071377,high school,1.878660935625641,English,0.07485314983241903,0.2984529079621109,Y,0.4954882717156808,45307.555880182335
471fa2d8-87bd-4cea-8ef6-6c24af87fbc7,1-1,1,900259,119373,30012,378,-0.13867136696574667,1151,17.14915937983731,,1.224673749823207,,1.6215017496775195,,0.6623104724935871,0.40220146015997815,,-0.23819104840191474,44292.12537096998
e15bc5a6-d4de-4e87-a1c8-e21fb441910c,1-2,1,517182,235326,96104,142,0.9323294342086463,526,41.04891098326936,smartphone,0.975187394214215,professional school,0.7559559418561468,English,0.1875674412246383,0.08192097883957711,Y,2.158572818953669,44823.15444178835
a7961f82-b7d1-4a3c-a0e2-6f03d8424b4a,1-1,0,358701,807003,82901,154,0.5982483052115287,843,10.563592890764617,desktop,1.482082455979567,college,1.9964074035643813,German,0.6888108478582954,0.30570420323829994,N,1.5423569500340153,44009.470390127135
276e0af6-a9e3-4de0-8f77-6dbf7f9e3c15,3-2,0,948446,100641,73906,344,0.5690036648032577,824,46.849282438608604,laptop,0.6162508687653436,,0.1505998341045569,English,0.715104288408079,0.4078857227757271,Y,0.7434885600509932,42360.67202209522
fb6a141a-25cb-4495-9b22-48bc79dbd24e,3-2,1,613706,477287,63856,371,0.4922644289078625,1385,24.73903703257856,laptop,1.2061100620513079,graduate school,-0.13412950631956555,English,0.39055423389200894,0.25239856175132674,Y,1.7349849766035175,45110.33147521679
03f385b7-6b1b-4549-95f3-1d999b1df64a,1-1,0,989522,111246,133015,175,0.30700389611212653,1199,39.00736587824992,laptop,-0.22943469713847398,high school,1.1399208393332223,English,0.6025512633496759,0.29207785162885763,Y,1.1927880667564956,45297.69946268166
16d93a7f-b378-4f6c-ba62-8e7479afc2d3,3-2,1,226829,334784,111250,133,0.4385300157723422,743,44.06571699632412,laptop,1.3062187788076258,college,-0.022647668154973877,English,0.4198467922039,0.21999020373629852,Y,1.4589294745523522,45569.047967555394
fc06986a-ae94-4241-b930-3b90075bbcfb,1-2,1,204161,58621,134833,128,0.4309814894071764,1323,20.7374349827004,,0.8310452180603807,,0.7744714074032456,,0.7060739560724825,-0.05333277708304984,,2.4734643484074157,42019.06589757449
b90659d8-9551-41ca-b0f5-deaff4b679a5,1-1,1,156087,885912,78746,114,0.6837537289558774,741,34.174584737965255,smartphone,2.2332241108974475,college,1.1720364215077552,English,0.5916277761008071,0.32776262682740276,Y,4.206144564784089,41678.84885296245
485838c8-c7f2-4591-a8d8-7896e1327b7d,2-1,0,462146,596312,131144,319,0.48964429259188763,646,14.12423087488802,laptop,1.7839993040736215,college,0.7145036378312091,English,0.5181502308182033,0.04719940844339565,Y,1.5258883832338834,44796.47260936619
540ad2c3-6798-4093-8f1c-3c3a0ea94ac6,1-1,1,560429,80815,23989,330,0.6627834633994386,686,38.46253518077354,laptop,1.4178128187952737,pre-high school,0.5768618404241517,English,0.7306198625106194,0.3819602558306565,Y,2.522023626354361,47402.45159560851
902669eb-08bc-4e32-8e29-a4c99c57072b,3-2,0,261942,501231,62453,188,0.6560369289606514,1125,31.686604516663927,laptop,1.1457688489727285,graduate school,0.7713128055766325,English,0.6135246634339397,0.17526231216782212,Y,-0.07487821109984516,45848.11341291745
0befef59-998c-41d5-a028-cda46345a259,2-1,0,596995,186537,128875,358,0.5001196894897015,971,36.14228949281731,smartphone,0.37881441304690666,high school,-0.43846479773120817,Other,0.5209797049967857,0.7750241161411063,N,0.4511677199086914,42374.418886538726
591c5b25-b236-46fc-9796-d2e943430115,1-2,1,60313,132872,30719,297,0.5420184677299162,308,52.27059409346215,smartphone,0.9133744004382007,college,0.8559947154676857,English,0.5373755646494421,0.3207048401976701,Y,3.2262182831853803,45402.28912443364
276e0af6-a9e3-4de0-8f77-6dbf7f9e3c15,3-2,0,346340,169465,116854,308,0.04207994121635916,374,56.24461280960616,laptop,2.0196801289767015,,0.15068191551960597,English,0.33121054257956695,1.1560921385491734,Y,2.661095435725052,43809.38938676521
9841a311-d989-42d7-9ea6-f5d4e981c98a,2-2,0,653827,421490,117725,154,0.6844489563335352,908,36.73585834055636,desktop,1.0534542707426195,graduate school,0.5199739016591343,English,0.4004501680404163,-0.04225669582352687,Y,0.9590624047897348,42460.16341628352
76d25023-7920-4e91-a62e-db630eb472c5,3-2,1,1235,482745,17310,269,0.4083048859983028,914,27.24086170556591,smartphone,0.8032335172904996,college,1.1740778595492267,English,0.10182145583868296,0.2946191685709516,Y,2.840502826067076,45726.63913859926
6aa0c48e-1055-44d2-9d58-385715962733,1-2,0,327330,922489,42554,221,0.5046492916604113,541,21.442078050954848,laptop,1.7510386807983829,college,1.5687317832376246,English,0.5632257928012397,0.027159655131358373,Y,1.0643044419297385,45051.681624797944
db4b8bab-f58d-4d9c-ab15-18335ea4b16e,2-1,1,786052,606295,134221,362,0.252918386319731,716,41.88561099034088,laptop,1.3093136333681612,college,0.30826318539375774,Other,0.8385938153670982,0.5601748455364054,N,1.9349401461410145,42417.559792498985
6aa0c48e-1055-44d2-9d58-385715962733,1-1,1,418661,75906,99688,225,0.5974363051444074,478,45.08090693744685,laptop,1.6299914674337965,college,0.7631398101948684,English,0.8281866658683816,-0.07751899122980865,Y,-0.36270431236892575,42948.44663610337
7c57c624-9ceb-493f-a5a1-f4542209969f,1-2,0,24829,848326,115911,336,0.6478077255456073,775,41.06089896053294,desktop,0.2517372481996111,graduate school,1.7756843765528045,Other,0.766325885629729,1.0419854817245557,N,2.2482316705132153,46208.990177327025
f67e5c09-d2e4-47d1-9df5-bbf2a9c7765a,1-2,1,415979,792503,51860,307,0.4787689419604681,420,45.52112335452665,desktop,1.7823027320423397,professional school,2.3342022844149977,English,0.7697592330677753,0.023010609573126894,Y,2.1669222447981684,42536.944925281095
422c02a2-c457-4a5a-83be-bc1fb038be39,3-1,0,584166,961748,75610,257,0.13979362506625043,1173,38.66329693974418,laptop,1.819251795668289,high school,1.1987944234671346,English,0.2522551270229379,0.5341111743448985,Y,1.591846003134969,42388.69657067427
74a79217-122c-4027-92e4-05a4e5fb0b4c,3-1,0,32162,690652,21535,132,0.5474392564628026,1091,47.72152900349537,laptop,1.1255058351472973,college,0.1496702131592632,English,0.5058387938552936,0.4084017292991087,Y,1.715440328617101,42317.42553082452
80377a90-a6d3-4092-ad16-1615a6f024b2,1-1,1,241961,451784,134576,257,0.6852679792041876,1213,19.433941896862635,smartphone,0.9979679980004942,high school,1.6674382554698217,English,0.265332339974973,-0.021989936779164165,Y,2.6812400700109773,38545.54929721104
4a348423-fe96-4fcb-9b2d-f32161971b4d,2-1,0,932007,805352,48826,156,0.4820789421504072,739,38.124495049621075,laptop,0.12622813804924582,college,0.28800675222734484,German,0.4927392861798736,0.11671246164997973,N,0.9694091176918648,41363.03530457288
14d4cd1a-7cba-4495-91d7-47fd9d0990e6,2-1,0,178775,354191,15027,157,0.07282823452063242,1111,14.624145326720729,laptop,0.6433711933765212,college,1.2251668122735941,,0.8071955745573566,0.7689327302687561,,2.6982804898635866,42777.36096714717
4b19d929-d5f9-41df-a9d5-4176d450e799,2-1,1,434955,58507,109815,375,0.3847997215426764,641,2.3029220203602634,laptop,1.17627209846667,high school,1.0029096010822762,English,0.3918080268940475,1.2453977030077246,Y,2.753047533204138,45707.39115668261
5e3b5968-8333-4c18-987b-b413b916f904,2-2,0,313631,491831,35823,182,0.5516389053428365,380,21.702886319863595,desktop,0.7128441601337386,college,0.3181228628255788,English,0.6015721780116902,1.0745077841876123,Y,1.496864299061293,44063.60209224214
ff3d06e6-c5ec-4c24-87dd-0dfc42864aa2,3-1,1,456731,108169,30973,372,0.09124936623686342,1045,26.85187295063044,,1.1969491379730761,,1.45366849683555,English,0.6228781982219209,0.6473289652226887,Y,4.282507757895502,42985.64089074412
9d234aec-32d0-48e3-8160-e228d2816978,1-2,1,780243,857988,37167,370,0.4513460327167458,784,22.00517642340445,desktop,2.2677612222513392,high school,1.1532693898949762,English,0.18003036828237867,0.6266212782462725,Y,1.6187764800376274,42374.614337491235
7a5fe584-0426-4d55-b8b9-782fdd635a86,1-1,0,295958,196252,47041,279,0.5252989844989787,399,38.74401088874591,laptop,1.9766306140342973,high school,-0.20067188756377985,Korean,0.5966980797201509,0.18798673577065567,N,2.2376207258983953,42410.76151957342
ad4c12c9-5088-480c-ac6b-07b6e44162bc,3-1,0,492642,881156,4465,109,0.7166696573675768,1153,17.923926723689213,desktop,0.4136440166336409,college,1.1965065061236317,Norwegian,0.755104098353398,-0.009413368727312688,N,2.9348096540439466,41374.861378314614
79dcc136-af62-41a5-a697-40d9b8f68d3e,3-1,0,515816,558409,70595,314,0.30726839386639326,1418,35.8855337862595,laptop,1.9366951358148605,high school,1.1614792094655182,English,0.47987147937420593,0.7263337959797669,Y,1.9769597354231474,45502.16965406659
e1205048-076b-4e6f-a4f1-23fa25931539,2-1,0,245995,134098,131408,341,0.5146364910993195,1436,36.41656790336181,tablet,1.3492903428686098,college,1.62371580426343,Russian,0.6617601726595339,-0.050902918074563375,N,2.8440323985779354,40160.01496415333
93ae865d-c378-43e3-ac66-f429add5f358,1-2,1,788306,776151,32544,172,0.5336255468251425,1415,59.20359784091782,laptop,1.6594396215089091,college,0.015487901269473081,English,0.23294272105398173,0.5981724110497709,Y,2.12919404416994,46743.367359183096
7c73f8eb-7012-45e2-b6ad-2197ba40b925,2-1,0,881639,221519,84220,334,0.3815135139067754,296,30.789900054606093,desktop,0.5345585286679777,college,0.6509126568406973,English,0.6887655089505366,0.4813570520593028,Y,1.7239394365489915,41264.784374339404
9bf41690-b2cc-4709-964d-7c21b856bbf8,2-2,0,729957,357842,108998,131,0.5599626673657979,1071,48.815659566305,laptop,1.2024510257373684,college,0.6668847008218122,Romanian,0.509229597122017,1.184993797363341,N,-1.045530036625069,43426.67507497664
cfddbee4-d7bc-41a2-b2d3-a6380269d199,1-1,1,334615,684915,94064,381,0.4203625710603872,288,43.62250043434365,laptop,0.7948960074738648,graduate school,-0.29084131637611255,English,0.3381737647035581,0.47045007556189233,Y,1.6101279116641374,42024.70625511931
94d5ae9f-66ba-48f2-93d0-19cf5aac6a3f,3-1,0,889482,516105,38557,313,0.606143843990352,570,21.974875073528075,laptop,1.5642590138598615,high school,0.9067102854088842,English,0.3344279413040545,0.6049097908492136,Y,-0.7471108579593952,42066.150522066804
f01af761-d426-46f0-ac95-33b120cf9e23,2-1,0,391503,930323,103996,141,0.46088755188679986,1326,34.776860237491874,desktop,0.6813080002559743,college,0.8360296346595877,English,0.4916563177226943,0.8574706940683894,Y,0.5314412792503496,45842.01800546319
9ae62339-ac5d-4e6a-bcad-c0235c043cf9,3-2,1,305758,752907,140660,159,0.27694757136754605,582,27.16860940343704,desktop,1.6580042772690335,college,1.1500530841569419,English,0.3631787250794247,-0.1630251091378403,Y,1.6909548554107023,49016.994708038
902669eb-08bc-4e32-8e29-a4c99c57072b,3-1,0,500717,438669,29280,346,-0.045850058951374284,624,29.249666062091126,laptop,1.1480714468477604,graduate school,0.6342251975496758,English,0.5100500473721368,0.6741913086770548,Y,1.8649910310573186,43606.52192388906
bb13e1f2-6905-4fb4-89d7-e517633755b5,2-2,0,888874,336546,49090,216,0.9238574763093217,1294,13.827182307171373,desktop,0.8453744906811754,college,1.0682527582781065,,0.1790411041979173,0.05740554207933701,,2.8153356537580585,43704.712696866125
8e023aef-67dd-4d6b-bcf3-b12c776379b4,1-1,0,780232,841687,139918,298,0.4945948338402765,847,23.467904834600052,laptop,0.8594214470309112,pre-high school,1.2073015138499903,English,0.9310158056885198,0.33143179883517176,Y,4.11506910993945,47655.702398999754
2fd402f2-0a6a-46bd-9f79-244f46b106f6,1-2,0,354955,247187,136681,365,0.5226019656112614,1072,27.11869700774728,,1.0976149127561383,,0.8881539449853745,,0.7858197107657808,0.41233248638458175,,2.2150595893040133,44467.92935616037
ad72ff21-0001-4c71-9657-91f0af317112,1-2,1,782322,535213,114973,128,0.4742401030856862,549,22.456246787074186,desktop,0.6397994496172531,graduate school,1.0398146591680066,Other,0.6494424579626188,0.09606584733821444,N,4.6252122592807705,43877.87881887747
30f84640-2830-433d-94f8-24d5a11d93c1,2-1,0,708190,252016,3855,156,0.7255838448448034,910,11.969299281407675,laptop,1.4279874518060325,graduate school,1.5110559386080802,Vietnamese,0.5340897480172249,0.785409457244933,N,1.3380911371529758,46140.053149355204
123cbcaa-5ea4-4b59-85fb-394a9549a516,3-2,1,514348,121628,17831,373,0.150176937773209,539,39.802441122420554,desktop,1.2105131828735125,PhD,0.195054773818921,Romanian,0.6772515767506286,0.29947611845405264,N,4.508440945428679,43683.75310136411
884c8fa4-f6a9-4e37-a9ab-652c0f26d668,3-2,1,668085,642264,42162,126,0.7658283728595503,1225,43.38711095455304,smartphone,0.37607143727802494,college,1.6370503233357037,English,0.579993927445607,-0.012162206768951633,Y,0.6866870131948355,44953.461076289466
74a79217-122c-4027-92e4-05a4e5fb0b4c,1-2,0,427807,472503,39886,366,0.33530453533342974,1224,37.96506884982901,laptop,0.5934908954146062,college,0.7118379067122933,English,0.6734369128275839,-0.02534579374966217,Y,0.4081031947796594,43583.10685173008
b95563e8-9d70-4aee-8c29-b2d677981d92,2-1,0,84263,224106,106694,145,0.2856261284177499,1268,40.45097645686495,smartphone,0.35999514719011017,college,1.2632715637925105,English,0.39179154703954416,0.23122679689437076,Y,1.5795785297477396,45066.70968326956
b8f4ca6e-e390-464a-8d7b-7e81fcf0227e,3-2,1,97514,962513,51839,286,0.7483631755633198,1320,42.99159170831836,laptop,0.7486249185203556,college,1.7240340836967252,English,0.41997270398385345,0.49042614247233407,Y,-1.1549896531872905,45038.72179950167
fb6a141a-25cb-4495-9b22-48bc79dbd24e,3-2,1,517046,446650,19299,294,0.14747523117359623,1031,42.81081292282634,laptop,-0.2581457988914271,graduate school,1.2140176393560405,English,0.39074527742202003,0.5608952654942868,Y,0.6265755878697368,43767.789450159944
7a8f85f2-03e4-4714-995d-c15403d9d38b,1-1,0,974685,187752,30303,141,0.6418970238336572,664,47.502832569437174,laptop,0.9471033915448246,high school,0.9562693575876398,Finnish,0.20879792083573573,0.28316421220413157,N,-0.044106616681758526,42072.02403168039
e1205048-076b-4e6f-a4f1-23fa25931539,1-2,0,784735,330947,121718,121,0.8267014394720914,816,24.496870390090194,tablet,0.6998851052804888,college,1.1015508784302015,Russian,0.5091843065237452,0.34139029069848165,N,2.039407306451277,40058.471969940816
05a92b52-f72a-42f9-936c-9258bf385bf3,3-1,1,924325,824317,101833,260,0.7587981092771667,598,34.77065145768123,laptop,1.1260455673846643,graduate school,-0.12704965096321907,English,0.2899078052545241,0.5929557394493514,Y,2.1596111450197557,44885.562609144894
482de720-e72c-4225-b693-68609e6db53b,3-1,1,290647,294605,4323,286,0.4174970486483887,715,52.64134934113113,desktop,1.0460288246309892,high school,1.5523436640108166,English,0.6884830962963113,-0.24408722343342748,Y,-0.5283733328777278,44807.06507339218
bca2bb1f-e075-4290-bb59-fdd14fd7f870,2-2,0,900692,833449,136914,346,0.361919925890439,579,43.68456202827642,laptop,1.1008847665831616,graduate school,0.7583335435229089,English,0.6200161790931509,1.1283430349413721,Y,1.6227711755905747,43003.28171165019
020bf19f-ab82-4c2a-8fb3-fbaab33412fd,1-2,1,312816,208240,5821,242,0.26852726591382836,775,37.096553418581315,laptop,0.4923534750961971,college,1.7051290151268743,Russian,0.5880266024104936,1.049020022257209,N,2.129162692202319,45596.05489120363
0e77b20c-c1e1-467c-a359-0a2942538fcb,1-2,0,155896,136999,125841,305,0.4176298190420514,1171,39.817253577507955,smartphone,1.3209878007366194,high school,0.9991489602322208,English,0.5000080795460294,0.4757253304918639,Y,3.614918149288172,43647.55525171073
44593a98-060d-47ea-9a57-97e0c70027d0,3-2,1,285335,424444,103431,351,0.5778263876356301,1262,20.517601127592823,laptop,0.1172156429562704,college,0.08956704028318119,English,0.3099828537126101,0.2853602596285241,Y,2.1973828129039537,41905.9362018776
4b19d929-d5f9-41df-a9d5-4176d450e799,2-2,0,909421,764551,131713,173,0.2829066687309446,1209,49.83238054059346,laptop,0.7394846885745379,high school,0.9408871838863588,English,0.6235908314494926,0.9141831423810354,Y,1.5063513137849778,42954.69361247817
8053404b-3274-4b36-a3ed-c3f4cff86dee,2-1,0,16077,757798,120004,126,0.5714952219302661,441,57.6280187169656,laptop,0.7945398510316488,college,0.8630111202390945,English,0.6058938633515113,1.0370573892607964,Y,3.6225900408800387,43437.26633520767
6e1bdd21-d51f-4497-a684-654edc44a6c9,1-1,0,853212,199792,99937,235,0.3641116462358706,1290,30.62209786275961,laptop,1.7878558814321024,graduate school,0.400704939839726,French,0.6261671502932409,0.8933049287726929,N,0.290945523098431,44151.57280332556
ad72ff21-0001-4c71-9657-91f0af317112,1-1,1,925880,351236,33384,140,0.45463719554635695,805,29.9041194768519,desktop,0.5443453566565276,graduate school,0.9544044386119234,Other,0.7432803388804361,0.15658244485804246,N,2.983555067286437,41279.03774651279
fd573d43-4bb4-408c-a8c5-790b562841e6,2-2,0,597052,770971,100222,151,0.4011340088069279,872,35.699643559289974,desktop,2.055754990078806,PhD,0.34496187143978474,English,0.5852081468957346,-0.01905106077254115,Y,2.635302084699168,45005.96269128837
2de720d4-ef3b-4064-9437-2886a4fb5d23,1-1,1,182808,831041,64285,224,0.17959585431026504,420,55.587169711472164,laptop,1.6815624480124827,high school,1.4005930739305001,English,0.13081224174423184,0.5706247313640431,Y,0.5470938258730504,40349.63527101907
525bf1c5-7405-44d8-a086-43a65dd46da2,2-1,1,351573,427021,136121,293,0.2948142950015209,1385,50.109190363830436,laptop,1.3498429326052759,high school,0.9052286281035593,English,0.7285576463082608,1.178646142328109,Y,2.094683188937296,40006.2647328098
5a403d6b-705d-4c75-aaea-443b79099f45,3-1,0,199011,565040,56123,226,0.8220456217008474,681,37.087330681905726,laptop,0.9343933909916101,graduate school,1.549708181923262,English,0.02137311711936213,1.19025464500828,Y,0.9501358419979905,44230.30204950185
8ee594b5-8f8a-4ac5-874e-70ae8f41cac6,1-1,1,850877,745332,10422,279,0.6222252537541061,506,34.46588364006258,laptop,1.3837962737707745,high school,0.9182626440021461,English,0.37939226388186803,0.418072275633358,Y,5.628427642443826,40466.05943706356
c3cdf4d1-25d4-4f2a-b532-6b0cd92d2e30,1-2,0,573403,801863,65912,296,0.843558838618804,910,75.7034648483062,,-0.5953199870759764,,0.311220720385589,,0.7387682146840144,0.11792894388041875,,2.2536904487948526,44691.5956725235
f5c14e8b-4996-4b12-b844-3d5e0f8548e1,3-1,1,418024,615542,98976,166,0.9262481551128521,1384,25.860448878808246,laptop,-0.21024348559543737,college,0.4938207351149979,English,0.4658097130407361,0.470435144935536,Y,2.3179592320244002,42497.197617372345
c76dd3b4-df4e-460a-91cf-30691faa6703,2-1,1,632583,780375,64634,356,0.344833415425299,666,52.730334575210364,,0.9124753057704393,,1.7561751841974687,,0.5288280646429969,0.7604722609331059,,0.23565448051644422,45716.85093929058
f1d9d03c-16e7-467d-8734-070773d65aed,1-1,0,417379,310254,73025,324,0.08774589290035545,369,19.21502354883646,laptop,1.286237975265419,college,0.8021729395413381,English,0.15978515300808926,0.1371613561375541,Y,0.04186733937398257,42610.22269910227
0fd5e38b-fd91-40c0-b154-d407eba53e1f,2-1,1,431846,510862,77232,224,0.4146517133026873,629,32.57467847820885,desktop,0.5329403232019234,graduate school,0.8502992610836531,English,0.4408241973409865,0.476886509463486,Y,0.6244081067780936,47398.060164200884
30a1bff8-ce7b-4ea8-bfd0-579a06f06269,2-1,1,211886,474482,117408,185,0.4012556418886844,506,59.95118960861913,laptop,1.8527043389360265,college,1.7780063263498045,English,0.5592073377864395,0.7813754364577069,Y,0.7393972212471337,43629.066394819536
7c73f8eb-7012-45e2-b6ad-2197ba40b925,3-1,0,266962,990391,109590,325,0.7534113966020792,790,24.27395005720182,desktop,0.5600087649489992,college,0.6770174081208198,English,0.4353671334597725,0.28176706176703104,Y,-1.4466532080706678,45826.03211358653
9bd7345e-fc32-41f1-a8c6-ee371715652e,2-2,1,842421,576739,20338,150,0.7733088563545337,770,33.323027809786616,,1.6507303212643267,college,0.3484570520041189,,0.4542005033278991,0.773672154498708,,2.3451018447183287,47709.621842899214
52094e6b-59e3-4905-9151-73e21750879d,3-1,1,428509,201399,16532,362,0.384079178208895,320,30.38755329970902,laptop,1.5903854407412494,college,1.41475190806626,English,0.41197418633844785,0.6277169225015053,Y,2.2855687465116277,43560.57099109192
5d7b19c5-4d3a-4fc7-be3b-390f623433e0,1-1,0,299932,11063,58559,193,0.5758940896826684,1266,31.42985037037164,laptop,1.235673684344321,college,0.9162094773182319,English,0.5487087567568723,0.8531812706343778,Y,0.8560156588861761,46591.968775630114
5d7f8090-1b2b-425d-acdf-31cf8ff2f527,1-2,1,1013331,871320,48037,175,0.7398935713898485,1297,63.14031427437812,smartphone,0.8255663784039692,college,0.9646966998508699,English,0.37494333993593487,0.17949522555337766,Y,2.464613223505507,43024.09776576523
74103437-cefd-47b1-a905-d85399f681db,2-1,1,313425,191166,2669,201,0.923443003661311,1283,23.656996256976885,,0.5289716815511671,,0.7809495595470218,,0.3079146877500044,0.5069961620278145,,2.1587049636044298,41971.49152113987
0939d037-9073-4b45-beef-4b1a9cb29fc6,1-1,0,997258,200256,140685,213,0.5721175755734366,1078,27.123522601956257,desktop,1.5933906961569844,college,0.35741008815212616,English,0.405265497411533,0.46740675287393896,Y,1.5889310945339687,43201.23150687609
d1ef7d2a-2a3e-4130-968c-2fbc045ee618,2-2,1,607947,498351,139284,114,0.8190236296037633,361,46.2966053551996,desktop,1.25593442412056,professional school,1.2178051038260889,Russian,0.5775962949359276,0.13079709800370048,N,2.4773515781113593,41338.17857462413
45fb1767-91e9-4d69-83f1-3c781425982a,3-1,1,165320,574877,91017,339,0.6000189993557774,719,51.33177362536236,laptop,0.34864225103724733,college,1.302248887480436,Other,0.36477536147849937,0.557126586225946,N,2.501470072672239,41847.11600802637
e15bc5a6-d4de-4e87-a1c8-e21fb441910c,1-1,1,571326,937535,5335,142,0.46068576502803965,1112,24.770683124076868,smartphone,-0.06204470731019551,professional school,1.263581308835126,English,0.38836971625923283,-0.5879019411746476,Y,2.6066776409347554,45293.75055140109
bafce4bd-e4e4-4d73-8424-2a9343c52f7f,3-1,1,717418,441858,123444,278,0.36493230847329916,1311,36.000268043912115,smartphone,1.7398871731879297,graduate school,0.532447840845617,Other,0.6051510545333441,0.42816020359094886,N,1.2408834631478338,42714.62182258375
5013da82-22c7-47fd-a245-d7131d2fab50,1-2,1,792703,454944,109798,106,0.7459690140948918,596,47.22430019686677,,1.1374969791523735,,0.05034509992604186,,0.5723715398850052,0.526146290469232,,-0.03837184951216921,43716.92640722794
786e8403-6cca-47f4-810f-b94ae3880816,3-2,0,12274,411043,85170,286,0.5593919030077693,451,33.18242163552904,smartphone,0.9018071119762516,high school,1.3900262341045355,,0.525525115730256,0.49974427114738557,,1.3952961686747196,46545.15708481643
041129bf-1228-43d2-af14-173e38b15972,1-1,1,345028,727140,28714,320,0.7932275152688048,291,30.73314339311361,smartphone,1.4842769998098169,professional school,1.8512299396908762,English,0.6918477669328505,0.03295893542036876,Y,1.410385564707743,44937.499748815804
10497147-ea3a-43a2-8c1d-61e871fbe21a,1-1,1,975308,54564,108141,263,0.18045331140002224,724,30.21771589287904,,1.4101065744959775,,1.2337511576167046,English,0.7788355684296409,0.1389087336962962,Y,0.8581009902890007,43408.75169481606
817abbbf-33b6-4f40-a3e1-e0b38753e896,1-2,0,334955,26495,2293,259,0.4610364582479254,949,37.13741066858194,,1.7261581687091196,,1.157030532397466,,0.48066138508321,0.03618819143705926,,0.4800791483964437,48308.48599620521
aea24408-032f-4620-986e-f97f5f47c28a,1-1,0,727360,779305,70013,114,0.579055829500245,1210,21.829991459384274,laptop,1.6552955827857758,college,0.9893574060418963,English,0.34976796815393396,0.0823989887074893,Y,0.7742619910614164,44665.98860824402
817abbbf-33b6-4f40-a3e1-e0b38753e896,3-2,0,315523,809849,62623,347,0.6419145520087854,445,35.801247018224686,,1.4839292551692043,,0.7374555693601414,,0.40591016641072886,0.34830048849583195,,0.5188958383838165,46486.63256557205
ad72ff21-0001-4c71-9657-91f0af317112,2-2,1,872255,681182,6842,204,0.17199062617759375,575,49.32666339912337,desktop,1.3150825492534581,graduate school,1.0617048542211773,Other,0.5047685686623431,0.07019008951827155,N,1.0321244598277017,44700.2145490735
9e875d92-b04c-452d-870f-c6d62912ff13,3-2,0,132655,429336,46186,113,0.3043703098425777,1260,37.4649170523067,laptop,1.16386840193289,graduate school,0.5609272768657809,English,0.39985958291932167,0.7783768911038228,Y,3.401417151719869,44762.08175394487
d0480270-621b-4343-80db-a5252e9d0a29,2-1,1,455075,9866,3346,305,0.1942927155891137,1128,8.549237785909224,desktop,1.3353341085841277,high school,0.5850972986916847,English,0.6247045478720221,1.3105786413541147,Y,0.599269481661697,44195.30145273216
8205439c-3064-403e-8fe9-b46a0c866470,2-1,0,821851,982664,135378,279,0.4103805631793441,937,26.791373350394448,smartphone,0.2364041476092843,college,0.901449636391077,English,0.46939066100403415,0.9102478555109222,Y,-0.2971432328930037,41904.68270130476
9d35cb65-f33c-4a81-bcbf-a794582e6691,2-1,1,972796,499168,16243,375,0.5050904894270422,534,25.12682462880781,smartphone,0.3178890552945268,high school,1.2313967297693877,English,0.3910624593076155,0.517056477433164,Y,1.6730326018420647,42963.74659314719
76d25023-7920-4e91-a62e-db630eb472c5,1-2,0,315628,957524,87494,371,0.8550396403585416,617,52.93214255804548,smartphone,1.2283864603065577,college,1.5285243402580206,English,0.4535005898365343,0.08722722616131878,Y,0.22937504085341942,45006.40460588465
9175e447-1bf7-4667-bb18-dd7aacb6f4ef,2-1,0,141271,624246,113976,108,0.45357779191338526,1393,54.0944050281812,laptop,0.4820763518528076,graduate school,1.028201270586309,German,0.5742779882111895,0.33903422166924735,N,1.2406500043195048,44967.29774140451
2e50f9bf-12b7-4271-bed1-a1dff8a126f6,1-2,1,46000,184568,142929,367,0.5855255822136021,1008,10.361972827563623,laptop,0.16168672582482968,pre-high school,2.020870340767537,English,0.24479237008653543,0.09810000381719292,Y,0.9441470898649691,42939.95320705632
65856aa0-65ac-4bbe-835c-61ccafe631be,2-2,1,697130,604206,141471,127,0.7079979530902379,787,43.86745447640673,desktop,0.9476551409020032,college,1.165445488376975,German,0.36802733434912926,0.664971711526424,N,2.4619434137508946,44257.759611722984
8daf6eaf-3757-49a1-9fb7-77fce259e6fc,3-2,0,697110,301162,41004,119,0.6318457565323519,609,33.63909790401041,laptop,1.2590163502225487,high school,1.0252628330310145,English,0.6004775930253856,0.8314970666618062,Y,4.064934256472929,44278.763963346624
60fc017d-b4ee-423c-9d56-6c2a06a3697a,2-2,1,798156,585809,46395,297,0.32222851164030514,366,22.06812916243286,desktop,2.1884370943082443,college,1.3764013908693196,English,0.37222782458232706,0.5328702044826685,Y,0.8617540385603385,45021.225845035224
24a6f167-5017-43b5-9dfd-891537602f94,2-2,0,1010064,592683,10414,318,0.47464414305254454,1336,30.09090703209281,smartphone,0.3584983044125678,college,1.655184774696966,English,0.2081820584610391,0.9259209690319274,Y,2.1446003908813522,44999.74901711426
45b56b87-c43f-4c6f-baae-661bbb6e40c7,2-2,0,151142,418868,140628,294,0.2785551318690266,768,37.79352860066679,laptop,0.8455793258491859,high school,0.8879300338205768,Swedish,0.8509828738755184,0.5252271647066562,N,2.1930819466294875,41777.3469207024
253f1616-4a99-4ebf-8086-6ecb195f5fc8,1-2,1,557148,297862,13497,141,0.6462479589861991,376,57.599894246056934,desktop,1.2889798005764797,graduate school,1.4901299830886692,English,0.8820405116348456,0.7514696330897934,Y,2.890241744440214,41667.45892442554
6487b006-6591-4302-b387-45b630b259e6,1-1,0,289493,1007114,34230,217,0.25066406386601314,557,43.87922023592853,smartphone,1.4785206174798038,PhD,2.2080349151029837,English,0.37409256720121964,0.5054413011194393,Y,0.8315869530287208,41430.21000399359
74103437-cefd-47b1-a905-d85399f681db,1-2,0,709221,170042,112457,374,0.5813132079399116,529,38.87934019435669,,1.185302952727122,,1.0306340033627153,,0.6028913653721498,0.6579248523863409,,0.9184964077492571,41740.63581960057
8e9004ce-deac-4c35-8176-a799b50f944b,2-1,1,969514,795097,70665,285,0.5487696381322417,932,55.72060844683891,desktop,0.8336894911391712,college,1.3546269459444586,English,0.5188180969384479,0.3557519252588029,Y,1.8242223926399668,43797.13574836887
05407942-f651-4129-adc8-541378ce6ac3,3-1,0,726703,316685,83265,113,0.7321166194861704,979,44.37180525060858,laptop,-0.07322756310437661,college,1.1864366219098694,English,0.505755696197482,0.9197151042251832,Y,2.8062330124608743,44465.87396259449
332f3d22-0b01-4c63-9df3-aed8cc851469,2-1,1,390040,75110,42517,125,0.35456903017390234,1016,37.25724433600759,laptop,0.3999169772207427,college,1.5460048215941704,English,0.4167315878830276,0.8575170958858229,Y,-0.9059965035956594,46669.51485132208
55b18dd9-dcd2-4440-a56b-8443f3fb1c43,2-2,1,914487,156377,96396,289,0.4131257038238385,1104,24.914936122111364,,1.9410069135183146,,0.47448359997752354,,0.5458394146537031,1.1395550230538287,,1.981380938160557,40697.44591314001
020bf19f-ab82-4c2a-8fb3-fbaab33412fd,1-1,0,844479,729229,50163,295,0.45891312170258747,494,40.87702793094444,laptop,-0.14123171360337206,college,1.7189876795208674,Russian,0.1077239094525475,0.03717782600845826,N,0.1391800093384954,42538.767558750515
4aa80c95-24fc-45e5-b3c4-102653f15325,1-1,1,59249,109496,110775,305,0.32067740569351844,548,44.16864716760814,smartphone,0.4433349098029149,college,1.0144512833274761,English,0.5429314693960213,0.5898858954565103,Y,3.5105394888655796,40971.783174302436
c2330187-54a2-48ba-be2c-d317fea39438,3-2,1,948538,522381,126842,210,0.6889129883510081,1196,42.547128983579,laptop,0.6179469801307932,graduate school,0.4509703393978949,English,0.15526087411324774,0.23653661869863035,Y,0.29772450348380763,44308.07945958246
ff595b52-47c0-48de-a732-ca6f366d3dfb,1-2,1,14370,176914,36105,154,0.5167532261269344,1184,43.88382186093487,desktop,2.212115443290056,college,1.7981280498516095,English,0.9716255880218824,0.40010932346310046,Y,3.7087651755106084,43387.79176525658
7ddd2afe-d9fe-4533-b32a-056360bcb4c9,2-1,0,288361,51453,80206,314,1.0406885930172534,1339,27.9603148594859,laptop,1.1384028862881879,college,0.42611359689793304,German,0.3330266094513873,0.04272106550469984,N,0.5972475960556585,43376.14647891262
5d7b19c5-4d3a-4fc7-be3b-390f623433e0,1-1,0,363226,975813,141678,197,0.40402645449696567,1033,36.06853394019775,laptop,0.9312481036101145,college,0.7511007953714971,English,0.737880510931451,0.7268735186677644,Y,3.887794061337776,41177.67492321206
cc5900ac-23f3-4768-99c4-faf9c29e9382,1-2,0,814851,191666,93691,297,0.4467619845436698,1172,40.132823767263,laptop,1.7941685688888604,professional school,1.0992231263620467,Spanish,0.6882890460019778,0.5175927009694649,N,1.5746942659672878,43867.45366833661
fc081f63-4e8c-43e7-ba36-428995498f3e,2-2,0,823876,912770,14720,228,0.36620442177404877,571,42.33625170207335,smartphone,1.3612245520473856,high school,0.45872902942306415,English,0.37015884959446765,1.069029937443028,Y,0.7896208569907207,44956.64277551621
5d7b19c5-4d3a-4fc7-be3b-390f623433e0,3-2,1,196398,12438,110823,305,0.6741198961290338,432,43.67972918765138,laptop,0.9298228219562148,college,1.677466601460395,English,0.31625476383424755,0.014910713563600908,Y,2.9069532765743133,43712.503520127786
a17c35a2-ade1-4a79-a19e-5aa8093af1f0,3-1,0,168105,402148,121623,261,0.27484972889532333,1055,47.09644658051776,desktop,1.2007682131817563,high school,0.3904249200065911,English,0.9153908076096777,0.43112243177138115,Y,3.35317176092854,41916.21920441447
264b7cb3-a20d-4fe4-9f75-2a0dda8f6300,2-1,0,293150,464791,69088,314,0.3386778853213879,1022,37.67909020658976,desktop,0.5019328939218654,graduate school,0.8315906631817239,,0.5791251817384033,0.27219581273813787,,3.4794003666480675,42241.31842626043
a5e829ad-603c-4eb6-b078-c82074eae0a3,2-2,1,339743,975239,28718,145,0.1005709356672097,993,47.52466070928674,laptop,1.0126868711452903,graduate school,1.555743907537202,English,0.6929238651552396,0.5789979751487463,Y,-0.047560790747346315,43226.737183786936
15a5a588-84f1-47b6-8ff7-3b5dd3065df8,2-2,1,451969,704617,10894,368,0.22600201506955397,538,28.645264251929355,laptop,0.8770371681160175,college,1.07263694021008,Portuguese,0.42872364114495104,-0.18750516898605196,N,0.5950345492191706,47089.26061056775
482de720-e72c-4225-b693-68609e6db53b,1-1,0,533371,286580,2672,137,0.32956841558204486,622,36.55251419960948,desktop,1.4354044335627871,high school,0.2030969494341095,English,0.1614390634689944,1.330059775310617,Y,2.380416713302261,42902.077086291945
ba947df3-ae38-425e-a2c4-d6dd7839b0fd,3-1,1,690463,20138,116240,181,0.7157353989593256,1098,44.757818274129804,laptop,0.8523364726311204,high school,1.4946604409028872,English,0.33585290682835006,0.1326956604748346,Y,0.4414886877316948,44222.69755044995
c2330187-54a2-48ba-be2c-d317fea39438,1-2,0,683686,701760,133054,248,0.5096831734789811,1185,47.706572556170904,laptop,1.784279224167125,graduate school,1.2087295800796933,English,0.5580547517251907,0.9469143245804903,Y,0.2548673970246438,40269.52423297475
fc04e88b-4dcb-4ad4-8171-4e21fe5f259e,1-1,0,444611,239151,4772,326,0.9375453674840563,785,50.55438071759503,laptop,1.2091494502961908,high school,0.9239038932728426,English,0.3784083238435255,0.5711264541822757,Y,0.43715544095949044,42397.05318092706
001d6664-0e5d-401b-bfd9-c2985739e2ca,3-1,0,635176,972651,21944,223,0.8645667878583884,760,36.7237328693477,smartphone,1.4490553879737922,college,1.3751109966147959,English,0.6674517833011917,0.938501861691138,Y,0.5941412189152933,45266.51058999941
4f197cbb-93cc-4852-aad3-46d35f809f47,2-1,1,483410,941908,110039,282,0.23878380593663062,1201,54.071142605732604,desktop,1.7005233947171305,professional school,0.9212637505044692,English,0.7521886257932857,0.6946914618728854,Y,2.4331309306651807,43543.29598662403
58489ac6-e6ac-479a-a4bd-f2c8e6575a10,3-1,0,674862,605588,43910,264,0.4840800866468861,1068,40.05437996562467,laptop,1.177462483470682,high school,1.6704436290440297,English,0.38489374825539757,0.5137362167020533,Y,2.4526819358221905,43399.063434590535
6487b006-6591-4302-b387-45b630b259e6,3-1,0,137642,66933,21145,133,0.5402647382906066,538,35.55689445473027,smartphone,0.4627275168293461,PhD,0.4931072553157927,English,0.37904313116243954,0.17864154972884222,Y,-2.199874430612218,44640.59251883959
63cdd570-1369-4f2b-9090-d5b6255c51d2,2-2,1,132736,12443,101132,209,0.842633020214922,535,56.595986968959465,smartphone,0.7631371642953807,high school,0.7529447685807883,English,0.40783492583630965,0.26395979570863676,Y,4.126949386757678,44282.23916515176
b95563e8-9d70-4aee-8c29-b2d677981d92,1-1,1,530478,630985,58640,130,1.0379340772102448,494,47.86966776617562,smartphone,2.1886567214030572,college,0.7890198623699947,English,0.37886113524182574,0.3039758374620914,Y,0.04565456338693652,43958.84783855935
253f1616-4a99-4ebf-8086-6ecb195f5fc8,3-1,0,124814,692579,101055,219,0.875348510506131,650,40.21764347004408,desktop,0.8872995600238048,graduate school,1.2126356481835585,English,0.5962383183053455,0.5890068103130146,Y,0.8984515787891462,41069.157193368446
de7bdd42-441a-4961-a547-2ccd7ccec379,1-1,1,215877,579961,26164,126,0.7899036154856726,357,48.29633531030183,laptop,0.8404408013551016,college,0.8716967388362435,English,0.34750418929869864,0.4540341227395584,Y,3.476174901836663,41242.79911565445
134bf53e-1ea2-4b61-b39f-a1e444535f80,1-1,0,736023,586472,47749,315,0.5879109483744998,743,23.718844527068164,laptop,0.7410851202609087,graduate school,1.099656352428381,English,0.5568001244608205,-0.007041115352692473,Y,3.1275837491251988,43912.9861980659
828fc4a0-e2fb-4de1-93f7-f828fbdaf97e,1-1,1,880755,856918,141013,185,0.3027399135587121,690,34.98749103433829,laptop,1.2204799555046701,professional school,1.4485739746580057,English,0.4135045367860936,0.451685497182799,Y,0.7343687311212966,42131.064390771004
e15bc5a6-d4de-4e87-a1c8-e21fb441910c,1-2,1,459525,1014976,52218,154,0.7623964164065624,954,28.92472802666048,smartphone,-0.20851283188421865,professional school,0.5322432167037334,English,0.37976334233056763,0.2438002599958869,Y,0.2726023275399365,42284.744065572515
b856a7a0-694d-44df-84e5-7df262774187,1-2,0,478076,98354,25922,127,0.42834084193903815,769,57.00885292712462,smartphone,-0.25109905252788245,college,0.7600833032929756,English,0.3283526141736611,0.8114360503446103,Y,0.4659857744182003,44655.30095864457
54c3e853-e07a-4b15-ab2d-691a120c3b32,2-1,1,519188,275976,92759,186,0.30446081366135147,901,37.24891435953537,laptop,0.7724390362863829,high school,0.5555503160099955,English,0.01881981619544204,0.4181367271065709,Y,3.4866259514329476,43053.66719340128
028c35ca-c434-4a6c-9706-5752290c6d4a,1-1,1,318258,721282,81204,287,0.40762806616951897,458,38.291538091350844,laptop,0.7598873137717896,professional school,1.1060466437179965,English,0.3277382929068097,0.4245433785123167,Y,4.203823297579493,46065.07108180353
80377a90-a6d3-4092-ad16-1615a6f024b2,3-1,0,395916,623523,37487,352,0.8476778479592969,477,44.5236302410525,smartphone,0.6241201620547348,high school,1.5976022500739133,English,0.5033228987748741,1.2525889351233124,Y,1.5295105053946958,45912.151147208824
45fb1767-91e9-4d69-83f1-3c781425982a,1-1,0,762761,485701,29587,258,0.4839359622141099,1029,40.536974329941195,laptop,1.2881854855924573,college,0.4626573549460443,Other,0.46625381463011895,0.2168754906711749,N,2.1621243813253037,42536.92048932952
9783faf6-c2f5-4343-a86d-f6312c95f762,2-1,1,33330,113464,88943,299,0.5305048944329798,764,23.063871542697022,laptop,0.7927996773807733,graduate school,0.7595286006591822,English,0.2795479083088468,-0.28074971041560737,Y,-0.5318541952390752,41634.484912468666
a7961f82-b7d1-4a3c-a0e2-6f03d8424b4a,1-2,0,831145,635294,25555,158,0.5319319794239357,1060,39.23674766940336,desktop,1.2237980404777127,college,0.8685030749905214,German,0.405630770491532,0.8085788383619037,N,1.0144631776393633,42582.02520615393
db397e5a-8fad-4c15-bf93-e25495e0584e,1-1,1,680407,211863,60929,196,0.3062536233854786,1041,49.80045809600459,laptop,0.7041664212482253,college,0.8640499124170459,English,0.347683843425531,0.7641980168428095,Y,3.5506801596197617,43884.19809616413
30f84640-2830-433d-94f8-24d5a11d93c1,2-1,1,127492,313600,128228,218,1.1319164476764272,564,43.72252714481188,laptop,1.076191387208497,graduate school,0.19146607217974299,Vietnamese,0.4839129058026581,0.2543053379681756,N,1.1349808661460605,43988.83444530007
264b7cb3-a20d-4fe4-9f75-2a0dda8f6300,2-2,0,874103,309971,77203,348,0.6592237054630496,1164,49.56909715106307,desktop,0.32077596008503206,graduate school,0.790072723931636,,0.5285256737477175,0.6699862888932446,,1.0002056993542414,43885.803706868704
27d0e742-13f8-4911-a1d6-42cbea5067e2,2-2,1,306402,876886,111499,374,0.46592132566597105,291,53.037917456714325,,0.7280052525595739,,1.0728854182435799,,0.8188813381219129,0.5353770342480786,,2.8468147979421414,43158.366431495066
314782d8-515f-44b4-ba28-8365f8811ae1,1-2,0,397063,910618,99058,207,0.957288069558772,427,19.991859100306865,smartphone,0.3966812240604053,college,1.4630766858778612,English,0.2611185136868201,0.17389156922949217,Y,-0.6137535502449629,43867.16391316765
2ee3c271-be10-41d8-b778-9c5d7d5b6e52,1-2,0,661674,792662,128295,152,0.6978367054472633,582,48.52038509106585,laptop,1.4987140584826841,high school,0.5033570250149504,English,0.5075270068485725,0.21508938519247978,Y,1.681492846794246,43677.36830807423
c7962751-a043-444e-807b-543a4b17b012,2-1,0,249632,178155,91740,220,0.7658948226073888,624,43.7469421587272,laptop,1.7353221045817462,college,1.0300495826694525,English,0.286011794255139,1.2644081567367986,Y,4.036099272573865,43418.00251785412
ad4283c9-d606-4e9c-b45f-7f660b31f5d3,2-2,0,417900,432783,31815,330,0.7794294382890519,808,45.884456311575114,tablet,1.5145940424009,PhD,1.5986349606970167,Dutch,0.07612611883590797,0.7070272483398287,N,1.4396569125065755,47177.84772402515
bdd0644d-d39c-4f9f-b351-42085d4174c4,3-1,0,794114,357976,139519,345,0.8588122599051816,1098,34.72953635320397,smartphone,1.078628920042621,professional school,1.259769662537824,English,0.8170039442145551,0.47164366310221545,Y,4.196166412560434,44326.68956508926
95ad60c1-7c93-4341-9da3-763bbed405b9,2-1,0,695494,353661,13635,254,0.39311954570688623,505,17.47350333112492,desktop,1.6661943762377351,college,0.9481642871429109,Chinese,0.736374899749703,0.37995821637228566,N,0.9540345386184717,39465.88843036145
482de720-e72c-4225-b693-68609e6db53b,3-1,0,265287,900653,41127,110,0.0824014010228038,1425,47.08016073058233,desktop,-0.7222168600216226,high school,0.9567263100974712,English,0.4486312729834675,0.11620481167808061,Y,2.6212787103520356,41420.530560503146
041129bf-1228-43d2-af14-173e38b15972,2-1,1,763258,978477,32630,355,0.48916952857716467,416,14.56810862209262,smartphone,1.4139916290941066,professional school,1.4296250910051798,English,0.875664044937253,0.8656062211395115,Y,3.389253052019779,44901.69912011731
76d25023-7920-4e91-a62e-db630eb472c5,2-1,0,44230,243077,8207,195,0.17270040018585103,1172,58.54366103670451,smartphone,1.1333791667160185,college,1.4215934435787843,English,1.0912462865530799,0.3797031615950686,Y,2.301911286197183,41744.49960934193
fc06986a-ae94-4241-b930-3b90075bbcfb,2-1,1,659837,446699,25267,119,0.6718850640624098,988,43.10324730374514,,1.3076876891431195,,0.4797834930704512,,0.5501176763684863,0.14444600726395318,,1.3692652492766069,41744.26951222776
bdf3a343-8379-4a21-aa09-be0ea98c2e96,3-1,1,221768,612106,3081,215,0.725718728760339,1166,26.45067364891449,desktop,0.16502890822557392,high school,-0.27758703010260377,English,0.5183036712826934,0.6252474860668885,Y,1.426558039030254,42008.267633453375
ce41ecb5-d3d6-467d-8d90-0da4db858b7c,3-2,1,584311,118813,70681,343,0.5027172008743812,497,24.729890406951284,smartphone,0.7064334941023934,college,0.2964967853201552,English,0.6509608728632751,-0.02015329353972417,Y,1.1389491250839359,44573.07373814824
025562fd-3b78-416d-b71d-1bab3f5fe6b6,3-1,1,959459,550761,4111,174,0.21591401996072396,658,48.630157087918455,laptop,1.425026369819104,high school,0.3875281295478773,German,0.4030966114673914,-0.24313430363730215,N,0.5031789549989554,46606.88094866581
45fb1767-91e9-4d69-83f1-3c781425982a,3-1,1,413135,80905,82310,335,0.9098072267539251,1436,17.39421064970643,laptop,2.351512181224426,college,1.6619025039268633,Other,0.567820797159983,0.8401600235646607,N,0.6571869694489865,45708.259111808045
485838c8-c7f2-4591-a8d8-7896e1327b7d,1-2,1,218573,523760,90869,328,0.8442267441368916,341,28.165000413032672,laptop,1.899346167590136,college,0.7552303395807778,English,0.6596614035776243,0.9979816903844887,Y,1.4546852405176791,41123.455518521056
95be5385-2c68-450d-9591-83bb9246442d,2-1,0,455191,632755,77471,145,0.5814707150250361,893,52.28138588117569,desktop,1.1983443017304563,professional school,1.7326411105868778,Norwegian,0.6393164153423033,0.30734342787256913,N,2.550557591430501,42601.122937703236
2baf6ca8-ba5b-45f6-860e-359b139766f2,3-2,0,665552,146462,135806,285,0.49149723404091217,577,45.19182020453769,desktop,0.003277249954682371,professional school,0.6388979775196892,English,0.393696300391457,0.959270728629831,Y,0.3366399856764133,42424.532360625446
58489ac6-e6ac-479a-a4bd-f2c8e6575a10,2-2,0,64276,59724,8746,225,0.3833736475118801,918,44.14240463138065,laptop,0.7994170952409254,high school,0.9588884995046469,English,0.6597809362873726,0.8231320560658102,Y,-0.7732675294758895,46510.665910381984
2fbeb59b-f93e-4073-8132-de082fdbda03,1-2,0,227699,435215,74168,326,1.1442412419109225,939,50.331385478552846,smartphone,-0.1134990169968213,college,0.9494476109963231,English,0.7810423503540265,0.028381189365318804,Y,1.3901689314215,44156.4655853626
b90659d8-9551-41ca-b0f5-deaff4b679a5,1-2,1,96487,673576,78658,372,0.23123581699985774,548,45.900736337662316,smartphone,1.0731846779826821,college,0.2881271699658934,English,0.44301326126242424,0.4542778074894164,Y,2.655059963250229,45344.110478749986
cfddbee4-d7bc-41a2-b2d3-a6380269d199,2-1,1,385723,155924,108998,371,0.7686537812542138,813,39.18427127019939,laptop,1.1408371110740698,graduate school,1.2604769114223369,English,0.8155447132571708,0.5662513246055839,Y,3.3538062226040704,43903.63905080694
db095ce6-bb12-4f37-88e2-d9e76be1b021,2-1,1,1006445,5502,137937,342,0.33437885906676496,519,21.61144702600098,laptop,1.0771235331931657,PhD,0.4340459660789392,English,0.2485008612941576,0.8736955405134994,Y,1.5632506242006678,39168.07722470147
a12939e3-640d-42c5-87ed-83c1358c4698,3-1,1,215809,915479,81085,303,0.3454922702457619,987,49.992475996349,laptop,0.44735757617951055,graduate school,1.0950792537578735,English,0.31347404241319565,0.47090281188796806,Y,4.1023654426167475,44430.41516662881
df64e0d9-db88-4977-a401-e1f442400556,1-2,0,287791,436422,69409,108,0.5350161257901573,975,53.752531740760645,desktop,0.9976458771542526,PhD,0.2771593480572442,Dutch,0.08593640577039735,0.18410865236896962,N,1.6623302186898306,44389.31677417345
1566f86d-93ed-408b-a7b8-90d409419736,1-1,1,195523,910590,42162,341,0.45866840909722134,519,23.251286635435434,desktop,1.3212096786082594,high school,1.0008394033496715,,0.366813513304714,0.5691624359317532,,-0.343886270442018,44178.37609626597
45d0a062-50e4-4bce-b410-65ce05905a22,2-2,0,80625,342692,124095,241,0.691665018585898,635,25.528938056656397,laptop,0.8722819190165689,high school,1.4678351312360578,Turkish,0.27660163461639475,-0.43120840070264044,N,0.5570338651713505,41390.85844994694
2a29612d-37ba-41fa-b45f-004677aa5908,3-2,1,293126,489535,125213,346,0.13200091635715805,463,45.88826752040855,laptop,0.7371525487127613,graduate school,0.5366934419613527,English,0.5047485237555348,0.21291785121077794,Y,2.3414764956899403,45879.00759682637
dc68d578-d73f-4d91-a515-6a5569f35516,2-2,1,697836,461134,103392,272,0.7932247211868206,1065,15.088077185597523,laptop,1.4136744241134898,college,1.153924130756325,English,0.45973164048251347,1.4062680087797967,Y,2.1645199661213166,44834.76611314491
4bf638b5-36b4-4b87-977c-dbb48a337da5,3-2,0,577109,1011584,7313,341,0.14956346076289356,966,36.3756564521652,laptop,0.8570315660680805,high school,1.1362212198132593,German,0.17197536020833648,0.8310421744165637,N,0.5529725921836037,41295.43053947234
16d93a7f-b378-4f6c-ba62-8e7479afc2d3,3-1,1,573182,93564,22339,306,0.2759031709073051,861,12.639791484715975,laptop,0.8449749859204572,college,1.4524637590699025,English,0.5756294948782195,0.739931657302806,Y,0.9063777618888046,43491.75510418729
c5f16c37-1a33-4562-9996-0f8262566ab2,2-1,1,399772,282256,65342,210,0.7000487074056402,1157,40.27900857794584,smartphone,0.6484944135864659,college,0.801705468072736,English,0.4589788303081433,-0.013187643912856206,Y,0.3204163841444079,42191.040205131736
6b74a260-9d07-49bc-9cfb-6fefbe9a718b,1-1,1,524778,139436,37765,362,0.592153730966243,1260,42.33445853584188,,1.2369013061401561,,0.9661926690465591,,0.4744025392785348,0.08708801773973807,,2.6382425078154914,44518.72767330432
14d4cd1a-7cba-4495-91d7-47fd9d0990e6,3-2,1,537975,841178,55316,347,0.27564154343986436,680,23.72169350987106,laptop,0.8048143590383324,college,1.6091790716105425,,0.440661832371677,0.5695892564324123,,-0.21757635165818523,48828.25653938457
264b7cb3-a20d-4fe4-9f75-2a0dda8f6300,3-2,0,892394,351905,12968,272,0.2533116859653086,884,33.37134697222912,desktop,1.1079503092774212,graduate school,1.2845418756241225,,0.19165940887727428,0.9440137411076512,,2.2453802046889413,43183.4315552297
4be26ab5-1d7e-44bf-bd62-0a66c914394a,3-2,0,719032,524793,88635,248,0.19261110306413426,1186,30.347232713842004,tablet,0.5613072750339595,college,0.649054185551292,Chinese,0.3188612161476553,0.20810054620233998,N,2.908762079643836,47162.521531305225
bafce4bd-e4e4-4d73-8424-2a9343c52f7f,1-1,0,94841,80619,89317,186,0.37937310516988065,787,41.46320970201113,smartphone,1.3021327769007285,graduate school,0.8324191693468055,Other,0.045680618294024034,0.184370810485752,N,2.7521859396599826,45733.75102482054
f74db555-3110-484a-bdc4-b09f6cf1c720,2-2,0,790016,333602,129076,290,0.7675938520332424,520,47.72959722071498,laptop,1.2447268928247077,college,0.7194964779235998,English,0.5177171074002338,0.7273610055593509,Y,1.7613037672471692,42983.858128780565
417336ae-daf7-42ca-ae3d-7ebc05e0c43f,1-1,1,379082,162951,16683,179,0.3169847518838519,590,32.33987683784275,laptop,0.22701871526719608,college,1.1711807121736217,Dutch,0.4274212563827475,0.0012857222384983213,N,-0.054128821393983007,42865.128464982554
817abbbf-33b6-4f40-a3e1-e0b38753e896,1-2,0,279430,249288,141904,301,0.6350906630831887,1412,42.14376856451662,,0.8392476402383675,,1.2782198862693415,,0.6496816834883393,0.25325142971931613,,0.8943392905161592,44685.27992605633
3657cc44-95b2-45ff-9e4f-a4cd22079a32,2-2,1,839803,952849,142813,130,0.4101148872638589,418,-1.4715034832298741,laptop,-0.09518484452860743,college,1.0054348944213476,English,0.5695322606053588,0.4398044174059174,Y,0.8541230895372436,44931.82823955074
d6ab955d-3293-4ce7-9390-bc93ff535cbc,2-1,0,331738,60833,112058,317,0.1881814586126745,641,38.93950877729823,desktop,0.9084634120269537,college,0.5013431326909943,German,0.34055027188487885,0.3489176292427727,N,1.4238210698173441,45552.29127241224
2a29612d-37ba-41fa-b45f-004677aa5908,3-1,1,602539,653864,107899,378,0.6451039035090006,1042,54.682670657242795,laptop,0.42429667417900097,graduate school,1.3578422770374767,English,0.37249205301842236,-0.15171242663136741,Y,0.2178448914253277,41822.525463550584
db397e5a-8fad-4c15-bf93-e25495e0584e,1-2,0,555353,920701,23633,310,0.36359900836491743,665,38.083308370060145,laptop,0.3147075847749292,college,0.8041748615476935,English,0.5139860406018265,0.6961170649912936,Y,2.6168076115893575,42776.54471750417
4be26ab5-1d7e-44bf-bd62-0a66c914394a,2-2,1,271836,793631,84923,188,0.4810651148490155,309,32.370211797970576,tablet,0.42973142020238253,college,1.4300670935517517,Chinese,0.8878580361255555,-0.056140604846153574,N,1.0335564924143434,39975.29365022346
89f7f011-b480-4c6e-b249-c5a19f5c65d3,1-2,1,128396,766308,18430,304,0.6946533725921203,592,35.62466498326887,laptop,1.5939271882609303,graduate school,1.1700609878663548,English,0.41877312891631335,0.7356463914380683,Y,1.8260818529134726,41949.79584384189
db095ce6-bb12-4f37-88e2-d9e76be1b021,2-2,0,139374,174465,104505,239,0.6501209974513806,566,41.31678980200201,laptop,1.0570476590442164,PhD,0.6489420182246192,English,0.6973020214295409,0.9809359964105113,Y,1.061806134872131,47119.03727834283
8dbae56a-69d6-470e-837f-17b3df9f2ca8,3-1,1,632769,350031,30658,317,0.687262872091737,858,32.932528745133695,desktop,1.4434973799953292,college,2.391734583873203,English,0.6228453817204002,0.342080420982249,Y,-0.13498739211545963,40478.595134821386
fa08b044-8623-4659-959e-63953534e08d,3-1,0,713845,586258,63605,118,0.4115996734018404,462,27.418448679693505,smartphone,1.142607992264376,high school,2.186825419248934,English,0.06271164282554115,0.03590614336372794,Y,1.209453185327632,45007.89108740046
2baf6ca8-ba5b-45f6-860e-359b139766f2,3-1,1,801460,807019,112523,128,0.8511627492554901,369,52.792898010864114,desktop,0.4072635743262951,professional school,0.30027918371771267,English,0.4774260102037739,0.6915600025501253,Y,2.4953662004327213,43876.1639804548
c9912952-1990-4415-8cd6-b5b96d6e4267,3-2,0,920078,399577,77915,108,0.6418705527636726,597,30.5172250918213,laptop,1.0620021330119263,graduate school,1.0834018641937966,English,0.392892052127441,0.4997711462103132,Y,2.5787065802950657,46278.48900725968
89f7f011-b480-4c6e-b249-c5a19f5c65d3,2-1,1,941293,590748,107254,262,0.08536808273989205,446,59.46784275452445,laptop,1.5004215022977323,graduate school,0.33456537719293034,English,0.7888999275900055,-0.1562373972355059,Y,3.4980596456250534,42846.513812638346
1566f86d-93ed-408b-a7b8-90d409419736,3-1,1,612392,869945,98960,376,0.7211350150175992,1137,25.60313650847948,desktop,1.4618213134787288,high school,1.8256810199199514,,0.2624292793428914,0.7906442560510628,,-0.9480320349231319,46208.885004826785
0e27148e-216f-4fe9-9572-c1317d616ac9,2-1,1,677063,911204,109814,371,0.7244578137703327,734,37.79865034237891,desktop,1.6632278886919403,college,1.163234340351635,French,0.524318942879156,0.6891100300231446,N,2.044352786253134,43749.86006400135
8dbae56a-69d6-470e-837f-17b3df9f2ca8,3-1,0,437025,426155,101189,205,0.3483584590719735,474,13.15465329501398,desktop,1.1158196336160664,college,1.321393070389219,English,0.4741487995483601,0.8271346564933759,Y,-0.42512970790215876,46436.85718951209
63cdd570-1369-4f2b-9090-d5b6255c51d2,3-1,1,255795,328201,142889,183,0.43692001285448984,838,29.66618291994609,smartphone,1.9133591752058323,high school,1.0071576764019015,English,0.20531624069934085,1.0979343044378076,Y,2.4986451478897647,44539.67342434232
336708c2-b201-4f59-803b-092eea309d6b,1-2,1,788089,857296,41060,363,0.559149731714627,1316,22.282295725232785,tablet,0.8850349881483547,graduate school,0.550728873047988,English,0.5323835298963845,0.4093364441673094,Y,2.121530178081623,43621.4684044019
4ba34db8-9baa-42a5-bed2-a6381f36d03e,2-1,0,762563,95324,23188,144,0.898472574903991,1435,50.17741682396098,smartphone,1.0453325330785672,graduate school,0.2313435223442194,English,0.6899958175919908,0.21668161296021898,Y,0.7594685893243823,42473.47690304029
d75a8088-c158-4ab0-a3b8-7927d6e80961,3-2,1,332294,553992,127400,109,0.7283033684298816,738,16.826659278697562,laptop,-0.10186491290952215,college,0.49765570030408723,English,0.3788289676869787,0.7170672891064382,Y,1.1862885158157757,46199.466806813834
dd12faee-44a2-40b4-b2aa-276cd7e690dd,2-2,0,356031,878437,84509,124,0.2564337161370972,1415,14.659557135300162,laptop,1.6474995873558047,graduate school,1.3241809215197453,English,0.6456868067085332,0.771215003111837,Y,-0.13259720948322817,42363.79734668904
4f197cbb-93cc-4852-aad3-46d35f809f47,3-1,0,256871,323972,99762,237,0.45620328616368805,1285,24.26156012108774,desktop,1.2180533054818488,professional school,1.4235274246617822,English,1.0390545129265645,-0.7029756383705892,Y,1.6465177471350687,43717.1448506306
0939d037-9073-4b45-beef-4b1a9cb29fc6,1-2,0,641466,670013,86682,286,-0.04411117549923271,1270,43.188180585406975,desktop,0.3420659472207723,college,1.0560179477798635,English,0.8008063978231375,-0.18534014014547495,Y,1.9188742862328345,40735.631108211644
e1937dac-e29c-4679-b93e-9d6284fd9da1,1-1,1,938682,518237,142453,164,0.5917168194011004,362,26.962406332139185,desktop,1.5763865096505087,graduate school,1.0221794822823516,English,0.786815272294928,0.6025243293020609,Y,0.36215229800486215,47048.1489776922
8daf6eaf-3757-49a1-9fb7-77fce259e6fc,3-2,0,284173,51288,39644,219,0.04058341319565073,847,38.70011304762339,laptop,0.3142643830664591,high school,0.5668867475216768,English,0.6231737598448507,0.35003754870440795,Y,0.646265769265679,43155.271676969685
bc0678d9-a75c-448c-98ba-86c4ecc10593,2-2,0,1018517,429049,50604,183,0.3932438772417431,882,49.48457387036018,desktop,0.6592787706570169,college,1.573894470305846,English,0.33046254703942457,0.39090481766271984,Y,2.441935687452063,44939.880611679495
036b67f1-2e0e-4bc3-9616-c53f4bdeebf6,1-1,1,638685,469607,16488,364,0.693248284523546,611,46.94709542765631,laptop,2.0480850182388046,college,0.3000564920896325,English,0.5281837736682589,-0.08641308348230248,Y,2.646032301827138,46756.849183361
d1ef7d2a-2a3e-4130-968c-2fbc045ee618,1-2,1,962088,738820,36578,351,0.5315711983396837,382,42.62520938940733,desktop,2.1547637448501034,professional school,1.3949434335597184,Russian,0.5048609531971211,1.2413834196294782,N,-0.9635299291777781,42433.8096324588
95cad567-beb8-48bc-9d49-b9f5b17eb742,1-1,0,361009,879320,90770,118,0.660714832277455,623,30.39001667500176,desktop,0.1574780102562927,graduate school,0.7021551233938562,English,0.4179658366998486,0.29691446906207986,Y,3.7016822723699403,44518.09878125181
11c943dd-a2f9-4e88-814c-7812318b5999,1-2,1,352193,529191,121168,131,0.7383370078023958,433,60.01957965202022,laptop,1.8406876996711934,professional school,0.7717263508028699,English,0.3502215729968373,0.5598804108187698,Y,2.193015445564563,42156.343581530644
dcf4d35b-0244-403b-ac65-5593edf94d6c,1-1,1,259372,183898,107083,158,0.5736143851255634,853,30.63158057686989,desktop,0.3169344384452294,college,0.7455849711854876,English,0.620506489511708,0.7066937579901126,Y,2.739968799813465,44036.85875357389
023c99b1-f32a-4d79-b5d7-197ac75591e2,3-2,0,216171,535523,127015,174,0.6076402994083869,736,35.4475074145342,desktop,1.8608386372858767,professional school,1.0913357850655812,English,0.31576504180436893,0.6674268222235379,Y,0.25531466905953026,46885.87509160286
be165b4d-f223-4403-9d2d-d186464c7150,3-2,0,245227,10549,59031,313,0.7657567568183292,486,35.22401947509681,laptop,1.324520100837977,high school,0.5410506543840883,Norwegian,0.7999867594559048,1.117287507884364,N,5.598443643895146,46458.187410011866
db4b8bab-f58d-4d9c-ab15-18335ea4b16e,3-1,0,398241,378528,134558,375,0.3195912187308061,836,56.46134151056754,laptop,1.856891007029867,college,0.7702351453340726,Other,0.8405888924544859,0.730356637690281,N,4.897409484278802,45167.02878798229
4ba34db8-9baa-42a5-bed2-a6381f36d03e,2-2,0,170103,527374,36764,337,0.14307513359635055,500,12.8924192995317,smartphone,1.5236439062201859,graduate school,1.310929395466905,English,0.9303028668742273,0.6619646625379022,Y,2.9498890476844575,42456.84528153805
db095ce6-bb12-4f37-88e2-d9e76be1b021,2-1,1,144683,640855,93451,291,0.8820860201710929,645,54.24713608235486,laptop,-0.3392692395855479,PhD,1.002530153766239,English,0.43861264954669493,1.001261999848711,Y,1.4793148481844218,41511.801386415085
c76dd3b4-df4e-460a-91cf-30691faa6703,3-2,1,715953,202085,49058,140,0.4418940812449176,836,6.75846023959722,,0.14380828528246015,,1.7703514530370783,,0.6433948339480495,1.2891799010565381,,1.2891859861166821,42165.51997512041
c10c2f4b-5e25-495d-be7f-9678adcb45ed,1-1,1,420944,200590,108608,303,0.7777827255768223,379,13.8911623305797,laptop,1.4783579814248478,college,1.7571064831130596,English,0.505772910434887,0.4928001292036151,Y,0.4224651955505012,43830.49422012802
5a403d6b-705d-4c75-aaea-443b79099f45,2-1,1,408364,817144,29960,339,0.4292993826494406,888,35.77229398506311,laptop,1.0359570577051285,graduate school,0.893053725667318,English,0.6978386660007527,1.108816260069045,Y,1.396995844402642,44632.62102466311
24a6f167-5017-43b5-9dfd-891537602f94,3-1,0,533773,273872,100116,263,0.36335814700371405,629,16.90783005053317,smartphone,2.089876198954566,college,1.3345695360190102,English,0.7048060541617968,1.5993693791015309,Y,2.4585511372521855,43960.89237067817
afb433da-e4be-42f4-a386-41690af0783e,1-1,0,476247,274193,76435,194,0.6747706605781948,1291,48.157214962433294,tablet,1.2277108600655424,high school,-0.3765844644979113,English,0.772005234134006,0.6245061889545752,Y,3.404688020284265,41894.81714674044
17e9c042-57f7-4dbd-b484-3216d2baa9f7,1-2,0,443699,598160,119453,332,0.33768767285837253,432,53.55879997512173,desktop,1.6556624742279782,high school,0.2695925165602857,English,0.5618754543315019,0.5492886646995145,Y,3.736291044711311,44286.35712782039
bd594697-306c-4969-bc64-971a4c6a795b,3-2,1,631431,982331,106109,271,0.41484012407980986,445,37.12203483507046,desktop,0.41300363210900004,graduate school,1.534780347191349,English,0.5584587200948625,0.11051132127533059,Y,4.078319964726461,44003.33726499572
45b56b87-c43f-4c6f-baae-661bbb6e40c7,3-2,1,863768,282986,7326,162,0.3090042845690766,1000,32.2456205203869,laptop,1.10987668061907,high school,1.8496101804039196,Swedish,0.5608701711670249,0.5010444224386289,N,2.4722822812844827,46430.45491256336
05a92b52-f72a-42f9-936c-9258bf385bf3,2-2,0,876493,124984,108314,219,0.27743952944043326,709,41.667240236433074,laptop,2.1799813670923553,graduate school,0.27276456451422615,English,0.45069221668097637,0.7454517952044443,Y,4.760300398086708,45923.11599333682
45b56b87-c43f-4c6f-baae-661bbb6e40c7,3-1,1,165043,310605,30176,353,0.5322642159473282,1046,14.669476289586562,laptop,1.2330656780375362,high school,1.0476183618173496,Swedish,0.5714746211316172,0.5198159792948608,N,1.2602405567673212,46398.637031823615
c4ca4342-0324-4995-9111-fae627df7fc5,2-2,1,523764,474544,38253,135,0.5257999829912355,489,18.156165899201493,,-0.45143135152356817,,0.6940001570149059,English,0.3322973905324852,1.4057131894764825,Y,2.415651706885399,46964.284552907025
028c35ca-c434-4a6c-9706-5752290c6d4a,3-2,1,497983,834588,92632,136,0.5269508138089789,462,31.95735315545684,laptop,1.132034783567575,professional school,1.204797719297866,English,0.6925711917517481,0.9118494681451381,Y,1.1679020632794512,41687.72295122304
6487b006-6591-4302-b387-45b630b259e6,3-1,0,387005,573328,62017,212,0.0476835111487382,865,42.358321860556664,smartphone,1.3505257874316299,PhD,2.001408950829714,English,0.34459567376580424,0.8074260396047844,Y,0.40955668082328134,51037.03144870829
9841a311-d989-42d7-9ea6-f5d4e981c98a,2-1,1,269237,167991,3531,349,0.1702646230657618,854,29.257925285712084,desktop,-0.10206820461273103,graduate school,1.504199700151116,English,0.5650146718821689,0.43626079687737507,Y,1.4520052919223887,44018.87476034414
399592be-b15a-4ab2-bd28-0a210fefea30,2-1,0,675653,616257,80361,287,0.37970270379116466,299,25.562540275301632,laptop,0.561001173311233,graduate school,0.8724280581781709,English,0.690965195008203,0.9884529783901559,Y,1.6296999127573546,44094.103885471966
45e73d9d-cc89-4ee6-a6e2-ab4582ed166d,3-2,1,829147,260891,131014,185,0.2629174385783267,518,67.3377449835676,tablet,0.9497335433050114,college,0.35254981172673017,English,0.33460991230079273,0.19472038002552333,Y,1.85878029655912,42690.1187219768
94001a0c-b948-4223-a92a-eebe14c48d2f,2-1,0,37141,172924,41684,211,0.45000503187383395,318,44.958007314573685,smartphone,1.1098496375405758,,0.8955556630760458,English,0.8878575747521475,0.5567062510802869,Y,0.12462193077972117,41453.26894739894
e726e53d-6183-4ec0-b300-896df7bca3c2,3-2,1,776155,716206,119342,334,0.15565808992882313,292,45.12315812567114,laptop,2.1525988158004,college,1.0909882699646274,English,0.5523079578363462,0.6307018826356718,Y,1.7192428013780947,44619.814096064234
3208209a-6dbd-4582-ba9a-63a144f479f2,3-2,0,747933,107070,80791,125,0.17388761064514469,1285,43.54581816768282,desktop,1.0596047887764761,college,1.1188377948592267,Indonesian,0.4633718438268173,0.6361002563694302,N,2.7908287997683994,45201.92698415815
f0cad925-aff5-4a6c-a8f2-4a0eaeaa248c,3-2,1,853199,901556,62399,235,0.6503469050096923,1370,37.16387131259135,desktop,0.5527202113748094,college,0.7041948778760103,English,0.11195787627219195,0.362664240093841,Y,-0.6905722256284546,45724.690782576385
c4ca4342-0324-4995-9111-fae627df7fc5,2-1,1,861065,711320,101449,254,0.7749662781637868,834,25.474653361478484,,1.2187351532278097,,1.1782475072756267,English,0.4056290964633681,-0.17125230189036933,Y,3.336611679786217,46795.34795532604
70d89d2f-00f4-4b1d-808e-ed50b71c3e5f,3-1,1,916781,630888,24236,348,0.4657204839663439,679,20.934601497648693,laptop,0.7262504193705304,,0.7314113509711229,English,0.753150572157117,1.5516640455484576,Y,3.7544727908767386,45239.82500223003
b1a27fa0-3a9b-4b77-9c22-2f7ffd839812,2-1,0,510606,205812,3791,172,0.45666340484071904,407,27.790349467390776,,0.7640693926648736,,0.628674150646525,,0.3600352155954154,1.5182576240097527,,0.2634869829086839,42255.4095928796
ba947df3-ae38-425e-a2c4-d6dd7839b0fd,2-2,0,829513,921797,50874,361,0.3295283224175464,984,1.894941321808659,laptop,1.320279142646631,high school,1.299453457775284,English,0.6952547901967967,-0.09359207176801154,Y,0.943961171056936,43094.9718401666
e7ea4b52-7611-4c90-905a-fd388cea9c0a,1-2,1,685229,216006,74533,222,0.4995237173141718,1221,44.686808365026685,laptop,0.356936875333248,high school,1.0011589780020171,German,0.35655470270896333,0.39049996756402916,N,3.9767578950099858,43909.010420410894
d0480270-621b-4343-80db-a5252e9d0a29,2-1,0,135839,117861,26936,257,0.6561138653780973,428,59.1823280388199,desktop,0.8905330047439713,high school,0.6288463774078032,English,0.15351417293266145,-0.03991370970805275,Y,1.4716956560443433,40300.875048353606
74103437-cefd-47b1-a905-d85399f681db,1-1,1,188091,100863,125552,321,0.737154738253965,525,58.65470770942372,,0.8311355622500777,,1.967582115296488,,0.32674543403926204,0.4469312583604535,,0.3405943794027819,42323.03590217524
e4766279-7658-4830-b9a9-93458033e880,2-1,0,86296,333065,70088,271,0.5333693323086499,1278,20.62001779325093,,1.420376110906119,,1.1887700901356364,,0.7302095551715181,0.28879965144642905,,0.04640155510193589,44875.120612995706
e781e374-74ed-48db-8e39-bdd209a83470,1-1,1,799702,429032,110174,367,0.6741229695128826,1320,31.809259888468187,laptop,0.4661350227409524,college,0.23421490157001257,English,0.45462442955555876,0.16946805838036982,Y,2.7663610921435473,45333.379695383876
6b74a260-9d07-49bc-9cfb-6fefbe9a718b,3-2,0,839167,568591,121983,179,0.3672754906463772,1299,25.88730253819972,,1.7928572437010217,,0.5608270932946914,,0.7365706386649371,0.2818911942020722,,3.4968946076777128,44291.02018473634
f1d9d03c-16e7-467d-8734-070773d65aed,2-1,1,401777,212603,102752,282,0.3445617649560312,926,27.334998696765783,laptop,1.2089235167700378,college,1.2080480720958462,English,0.2567385468883796,0.0917914670933665,Y,-0.3827503454003338,44296.76482428798
06d98056-2cc4-4216-85e9-e3fe7d5751fe,3-1,1,647394,582013,34054,335,0.5845509868886352,957,46.727688518457775,laptop,1.0999680939332206,college,1.2278283279235693,English,0.5077709335117487,0.5930030890694976,Y,1.9405626320179694,46965.86775312979
023c99b1-f32a-4d79-b5d7-197ac75591e2,3-1,0,799423,511854,126839,142,0.5243890614726344,1395,57.69059171095248,desktop,1.2624974562534117,professional school,1.204715653652727,English,0.39065792762776813,0.12898081407201223,Y,1.382606957306293,39842.57499859799
20bc2c15-8c8b-4581-89b1-ce290be145df,3-2,1,69119,779560,133660,373,0.43836851307262886,328,50.16970769410518,smartphone,1.0557488450951362,college,0.608114361307601,English,0.7268939467316944,0.2704357860435042,Y,4.061188718540775,42724.381760866185
692642eb-92da-4af7-b9c5-d9e588a1cbf1,3-1,0,232023,499961,32846,149,0.5239244261431241,1214,30.70593979851959,laptop,1.3230792280149268,college,0.7720426907643586,English,0.344554061196817,1.2156556830117784,Y,1.2622709934588479,43988.59535894228
840a40d4-fee9-48cc-a027-58628a5ca9e6,2-2,0,733945,730402,107535,356,1.1419497054323298,622,47.42797430857263,smartphone,1.8790444922552512,college,1.1762023544406603,English,0.3686475924421754,1.1824124444157016,Y,2.606226369338058,43528.86495427187
ce47cbea-65c1-46b1-9520-f23d669514e8,1-1,0,495084,813729,74962,356,0.621643686849082,526,58.37522510456495,laptop,1.1632430295567422,college,0.205045809535353,Swedish,0.47848205458379195,0.7513403505088776,N,1.3169934868773625,44705.15462647553
41f5530d-ed72-4608-a119-a71dd31aaec0,3-1,0,551557,698202,8267,369,0.8056360110358461,1152,16.88187200960084,tablet,1.0506625154790847,postdoctoral,1.0225890347922548,French,0.3197031873996241,0.30599666771680006,N,0.369997788454856,42166.17747564842
bdd0644d-d39c-4f9f-b351-42085d4174c4,2-2,1,335813,731958,125405,150,0.6579622859354084,828,67.5847131290632,smartphone,1.5852061292012816,professional school,1.7447923600017434,English,0.3313895537971202,0.5797208421270974,Y,0.0887091033997831,40856.02629737447
832f42b1-7702-43bd-a55f-a71c4ad85b9e,1-1,0,1019979,37520,102843,168,0.3935375731266605,660,31.160031099318783,laptop,-0.1813523866872726,high school,2.094052120269337,German,0.5340693078891741,0.4502195248006158,N,-1.0393681257857765,43326.757801871216
af359589-3ded-40eb-8c8e-8c820ad019de,1-1,0,112821,583770,93307,175,0.6313653537953984,878,31.355535894226357,,0.9712115323162333,,0.6003268738441428,,0.6859537248188039,0.38484653807825353,,1.6280170558146572,47901.01331571683
1b57438e-b823-4e70-95b2-c4659c379273,2-1,0,779705,784955,23235,131,0.5783295575115638,562,19.65911529808295,desktop,0.43842646690011056,college,0.4717759570976857,English,0.2732727164371308,0.9064831573707419,Y,2.657275519166425,43134.39609442587
433026dd-691b-4cc9-84a9-07dbfdd8a56b,3-1,0,36933,471559,23785,322,0.8518093511090497,862,31.17350722747085,laptop,1.844981829097427,college,1.2731170097062954,English,0.5602532752535563,0.8912006219426025,Y,4.190342388264994,45143.22384750024
026078fb-bbd3-403e-9003-57ef39309521,1-1,1,798926,726806,63524,238,0.7828398165441182,444,44.41685156390939,smartphone,1.445888401334113,college,0.7881367624678118,English,0.9705459614251586,0.3414366405552941,Y,0.7534311997930544,46088.16251789182
49dd7632-70f7-4146-be5a-cad4473fb75b,1-2,1,674480,187947,12676,143,0.42780850240353324,1425,19.682422741721503,desktop,0.7590050698237973,graduate school,1.1801451576246782,English,0.9607807536017631,-0.08534815622263181,Y,2.6958818109755835,43092.75942898479
3208209a-6dbd-4582-ba9a-63a144f479f2,1-1,1,269089,745306,35949,123,0.430193093848539,428,46.87758053768429,desktop,1.2416118228189856,college,0.06222982440664926,Indonesian,0.3456804601463166,0.18674834262066436,N,1.2089465812845597,42469.85296830392
2e50f9bf-12b7-4271-bed1-a1dff8a126f6,2-1,1,324333,211914,5707,295,0.5866362169731517,1334,46.56581932779333,laptop,0.3010659236537171,pre-high school,1.392124862213378,English,0.32347506161532896,-0.14387945069527164,Y,3.828102929464911,45095.334808406726
014c91ae-55d5-4aab-87e7-77c677f8a128,3-2,1,980530,162876,33752,218,0.863767993296582,971,27.510405566319903,laptop,0.7390410309720918,college,0.6143074155181545,English,0.1915050758118539,0.8554967224054255,Y,2.538432977064332,44139.228441402985
d75a8088-c158-4ab0-a3b8-7927d6e80961,2-1,0,465612,322674,109847,125,0.45436764748750025,1029,22.63934661809816,laptop,0.5185731245252592,college,0.6540954923017337,English,0.5169696738252735,0.5370722055532918,Y,1.5760304002483139,41745.2215210988
24aa2b4b-800c-4a4a-bac9-727b1065e142,2-1,1,367863,415292,65327,114,0.5666982311544996,932,37.07720328273384,laptop,0.002191174021510478,college,0.09152736467385791,English,0.3058746840783588,0.2945889227162072,Y,1.626486855594915,42100.67716117435
3208209a-6dbd-4582-ba9a-63a144f479f2,1-1,0,826087,361027,49859,315,0.4018881092274474,657,39.48986538465647,desktop,1.1277913231656542,college,0.9965330073189546,Indonesian,0.16516122420345636,0.2997013379606245,N,0.9882881666508235,45849.02230653644
8cc63a40-be0d-4ffe-bf7f-45d515c40b6c,2-1,0,420320,923705,101799,370,0.592458434907662,1273,34.598964402478444,tablet,1.7899797453940387,college,1.7165645194881434,English,0.7200399246696404,0.8172552307230437,Y,2.415767871321889,42906.35729148217
591c5b25-b236-46fc-9796-d2e943430115,2-1,1,161786,140860,31424,285,0.6591590405792572,407,34.0413100587693,smartphone,0.6883623351480984,college,0.6215760408664888,English,0.5320125316411705,0.7673773546526592,Y,3.4312495985255467,45165.05828594369
6487b006-6591-4302-b387-45b630b259e6,2-1,0,475737,985361,94585,296,0.6027217401543813,1192,35.42531012557154,smartphone,0.06675364048780708,PhD,1.2160867540863602,English,0.6670914151664951,0.8454240487702327,Y,0.8725241334092249,41464.387091043674
6487b006-6591-4302-b387-45b630b259e6,3-2,1,684678,706486,102208,207,0.6475221305834556,1416,37.94048844357536,smartphone,0.2983892900683004,PhD,1.0244208171662816,English,0.3264354102549044,1.098980898402968,Y,2.8427867802481797,44696.887570170526
a8d07b3c-a7d4-49c9-b2b9-07c268f706fc,2-1,1,104511,395115,119354,332,0.22022191306088268,646,53.62379526800089,laptop,-0.23014885176805566,college,0.9441580354708505,Other,0.3579019817740571,0.16169077876655946,N,2.6493113935910353,38726.584075980914
5ccdee25-cad2-481b-8033-c90162b98ec7,3-1,0,844965,104769,77749,168,0.37779222451005107,956,58.63871533488903,desktop,1.348658745395773,college,1.3330624128672746,Other,0.4900722491422444,0.5434759723348082,N,2.6255875223068688,43581.33246718238
f33ac1f3-83dc-471c-9b3d-dacdf51395f3,2-1,0,580934,441576,2443,344,0.4388626572704379,411,31.22084117659132,laptop,1.0401756766999959,college,1.857840799487632,English,0.4859193034200844,-0.17469519124224508,Y,2.6022811718550556,43301.82018630707
b502be75-8bea-4412-9b7d-813e7bba3685,1-2,0,453836,752678,123514,253,0.6624736202770168,801,40.09557522040174,tablet,0.34046298487713145,graduate school,0.971865541406673,English,0.25051553107517543,0.35311221662886977,Y,1.4877295845014877,42515.85533121743
9bd7345e-fc32-41f1-a8c6-ee371715652e,2-2,0,462571,907022,126975,326,0.6429844523201442,718,32.65691379083255,,0.7049793032092017,college,1.2881866248686467,,0.4843651847864677,-0.09844152748575452,,1.8455652509192975,42596.14923218224
be165b4d-f223-4403-9d2d-d186464c7150,3-2,1,281289,372596,52168,187,0.600574100486235,470,43.60419696584179,laptop,1.018240989032934,high school,1.7440116920216822,Norwegian,0.5346489385964421,0.9175327787937899,N,1.527560752030627,41501.93526326429
7c73f8eb-7012-45e2-b6ad-2197ba40b925,2-2,1,496948,213512,13537,115,0.9344282910361549,1039,34.44862840939727,desktop,1.0132067970132925,college,1.530407111752453,English,0.7772130324232263,0.956629124650374,Y,0.6439797271898813,44419.95673454482
aa6ebb2d-1a1e-4fc2-8f8b-146561327a41,2-2,0,994940,287211,55048,126,0.3617048330840526,1259,31.226805906926202,desktop,0.9651268657254033,college,2.156459826759422,English,0.8543081558802057,0.022239547237259627,Y,0.19331644665381598,41126.6880016391
2f391d00-fce2-4b0b-9e09-e98753d78adb,2-1,0,736932,622406,16102,362,0.397233381287053,670,42.01388303417811,,0.6300981236282136,,1.3249859911064206,,0.16291746740643087,0.07768902459539279,,-0.2567232023540251,45324.09840414847
cf8cc387-399a-46fe-9313-9f73def19457,1-1,1,766351,691379,114929,136,1.0212346530809402,964,24.273927867231578,laptop,0.8133679800489765,college,0.10489964024045517,English,0.6476473983986379,-0.22228898512326467,Y,-0.14039114418518772,46670.37845284044
482de720-e72c-4225-b693-68609e6db53b,3-1,0,317394,573089,77434,324,0.18050149434921658,484,37.57777846542539,desktop,1.311173186834952,high school,1.3605459331781806,English,0.5575084574226913,1.0657119669216666,Y,0.3147849786845647,45327.36224728101
6aa0c48e-1055-44d2-9d58-385715962733,1-2,1,959673,891086,114029,167,0.4251765202229725,827,27.56964366115778,laptop,0.3906684395717569,college,0.3745964045798944,English,0.40265259410210064,0.9103911195397576,Y,2.2305114353159854,44073.32205064114
c4d4c7b7-bbed-4695-b98c-0b5c48e29abe,1-2,0,699335,210793,132649,234,0.8986476133967887,891,55.75198980344847,,1.3024930111179511,,1.8328552497605943,,0.36261390921491277,0.7050734973485779,,2.7249119552902563,43763.08630744419
86fc00ec-2ecf-4b13-b031-7de5b98c4716,2-1,1,878665,866033,62472,178,0.576791002266768,713,28.995301201192156,smartphone,0.9721314196371003,college,0.632225749754773,Dutch,0.4191088593810775,0.21893455604880124,N,-0.8108399536263415,42054.098312753915
8205439c-3064-403e-8fe9-b46a0c866470,1-2,1,421003,18400,10692,191,0.3009708565620466,1064,30.82166116364986,smartphone,1.1240087296457402,college,0.25773647680202805,English,0.36361881392483636,0.24519032889235814,Y,4.716759643000964,46068.595744010985
d77f1a0e-29fe-4341-9629-55666d082f4b,2-1,1,345389,298917,112896,231,0.8076815106599355,1276,50.714142458812226,desktop,1.6365769955319291,college,1.1061481112578915,English,0.32853204410409076,0.7258235529012541,Y,1.8203530121499574,43458.73665149297
08aad1ce-a5a5-4558-819a-80e470e455fa,2-1,1,680371,792560,58219,282,0.4108766439181353,669,27.329617178149142,other,0.7392720221528288,college,1.0475439710822771,,0.8751799582586954,-0.24958717256931617,,1.5232125010915314,43411.347593993916
332f3d22-0b01-4c63-9df3-aed8cc851469,2-2,0,716601,54965,4201,195,0.7004605614505871,892,40.76505688406223,laptop,1.6610471387140378,college,0.4362883158494769,English,0.37717639171309125,0.8940471868587552,Y,2.786048454953819,43963.348875244614
de7bdd42-441a-4961-a547-2ccd7ccec379,2-2,0,876001,66375,40167,273,0.3694697770173416,775,51.00457939362859,laptop,1.224504118370796,college,1.8203115660710305,English,0.25166664456716925,-0.10689968167587527,Y,2.7579000006266527,41825.787308718194
cf8cc387-399a-46fe-9313-9f73def19457,1-2,1,327042,741838,73840,347,0.5129940593482499,379,33.48520803864603,laptop,0.7903250532419861,college,0.23951332887634302,English,0.6381107435103419,1.1203294845805503,Y,2.7619933327633266,46734.693843969646
a3dd9852-6cc5-4893-a6be-e0eed5e53e52,2-2,0,262957,95576,121640,325,0.18280409256876262,955,40.41031955895359,smartphone,0.6258606424973635,college,-0.032756212294897225,Other,0.4798137219733859,0.9948360184539802,N,2.8692994494658546,42453.90675732491
036b67f1-2e0e-4bc3-9616-c53f4bdeebf6,2-1,1,242452,423549,119643,121,0.7798339587195412,524,29.17259399728531,laptop,0.6577661284326513,college,1.1161869374563707,English,0.4903863033203644,0.08457546162979257,Y,0.47099788128099673,45710.186438050354
14bf8206-4d05-43c0-84e6-984bbe11a47f,2-1,0,760608,370998,104244,127,0.20586350894958277,523,37.33372168359479,laptop,0.029753362305299236,graduate school,1.4850634836971102,English,0.5438690005772169,0.07565424151920708,Y,2.41862388034012,44290.05146001159
db4b8bab-f58d-4d9c-ab15-18335ea4b16e,2-1,0,35702,293053,10111,241,0.16262164947681468,317,43.912003414481916,laptop,0.7801634443574346,college,0.5870941754652181,Other,0.5860337039898417,0.27359685564127334,N,1.808573339610086,44161.06649433758
76d25023-7920-4e91-a62e-db630eb472c5,2-2,0,620389,125425,68156,119,1.0307359940992775,1223,43.262640907455335,smartphone,0.5130819323948762,college,0.5331244786941107,English,0.4978309146127612,0.3139083870581591,Y,0.5009345822043423,42069.27098362319
db4b8bab-f58d-4d9c-ab15-18335ea4b16e,3-1,0,496518,42274,118087,209,0.7410219083385554,1256,39.093148722965005,laptop,1.179022472120305,college,1.558609071638867,Other,0.703245743701001,0.704025865332373,N,-0.09543033212870156,43955.471836416305
e66ac7c3-faeb-4b2e-8dbb-929d29a3bb65,3-1,1,339305,158872,117976,125,0.7085819180172563,998,19.55562353135496,smartphone,0.4413647883264443,high school,0.8684035485444578,English,0.41358357024166426,0.8738381505468671,Y,1.4697467890777354,44759.23696066937
087aef1b-10d8-4753-a39d-25591695d5fa,3-1,1,969919,359839,123540,359,0.49246172148551,768,34.72048025124701,laptop,0.8434613019503425,PhD,0.9711046896668242,English,0.3711893232788887,0.5635266758942424,Y,0.8618880274551964,44520.909113025016
9841a311-d989-42d7-9ea6-f5d4e981c98a,3-2,1,641892,465917,39351,297,0.5408530333279976,518,51.96370575079934,desktop,1.6554806483797242,graduate school,-0.18514043961903726,English,0.6038293339158619,0.5275262895553448,Y,1.0232543158956529,46470.462892619296
cfddbee4-d7bc-41a2-b2d3-a6380269d199,2-1,0,61795,255139,35561,239,1.0260947769836788,1259,56.87714373589036,laptop,2.1918241607830744,graduate school,0.30313809978668704,English,0.30406855499805946,0.679904801571416,Y,1.2648066291447482,42011.3482300442
417336ae-daf7-42ca-ae3d-7ebc05e0c43f,2-2,0,377874,796441,47111,278,0.8325526454888217,1231,37.24732552998986,laptop,0.6624679036018108,college,1.7898361310982156,Dutch,0.61740857639678,0.2536239601485156,N,4.295601691888734,43988.166151073354
f9b78c22-3fa5-4a9d-b697-ca70e5a794a3,2-2,1,330605,267710,135264,110,0.9036831796943944,1043,65.96280913455074,laptop,1.0383591972868447,graduate school,0.6811085823073503,Portuguese,0.54133924455601,0.0707179087207801,N,2.1658909593470224,42947.40378388509
9bf41690-b2cc-4709-964d-7c21b856bbf8,1-1,1,486878,130951,125463,312,0.7228860472828623,1252,29.815607709112996,laptop,0.43790114124272417,college,0.4641027297614032,Romanian,0.07770581995650239,0.2594073266158184,N,1.1738559471953365,44828.15230765967
8711ed93-34d0-4b16-b713-b1ac804d7742,2-2,1,495334,759223,111269,343,0.6766569351243457,1378,53.07056763401705,tablet,0.5370388422695838,college,1.0807341866082065,English,0.801452933251531,0.002804876239534626,Y,1.456874545868308,44970.53137413935
b4161534-88a5-4dd5-9160-ccca3961fb40,1-1,1,1005295,507898,33499,237,0.3305955682591052,694,25.443981718829995,desktop,0.8513923189265005,pre-high school,0.9104327958524666,Russian,0.5529132873155885,0.3988039998051456,N,0.134191245819411,45821.834371121346
c4d4c7b7-bbed-4695-b98c-0b5c48e29abe,3-1,0,997895,549072,127421,360,0.4227982138680401,624,17.08086834097949,,1.5959747378812188,,0.4051526459623003,,0.4793292361737139,0.22433654535201064,,-0.6335028245751508,44836.029297057
ee53e6ab-48ea-4636-8141-e636a103cbb5,3-2,0,873215,398300,114931,231,0.39756480689304785,451,41.66254296008758,laptop,1.2167187357013192,high school,0.6327033764973109,English,0.585047886881059,0.669508270677376,Y,2.9739442758622703,42177.092383584284
58489ac6-e6ac-479a-a4bd-f2c8e6575a10,3-1,1,801745,787775,140745,371,0.1674182333556386,1083,39.763787782495534,laptop,0.6633192560240204,high school,2.2280153330306156,English,0.48853424503761467,0.5445235667102228,Y,1.4923495716510202,43457.1925485668
c6117094-afdd-4f97-9496-9df675e1485d,2-2,1,865841,258758,17651,231,0.4795666904484174,703,46.52898894543062,laptop,0.8025255810398368,college,0.27995511065325707,English,0.49016876998651576,0.7136114686520347,Y,-1.4989774697725813,47606.09800283325
8716e0ad-f17c-4c46-97ed-2c9643a576b0,2-1,1,288120,553692,4476,246,1.1184169455628934,500,22.26802795948279,laptop,0.6542524429471248,college,0.9982732569285349,English,0.276437639237953,0.23830658150939915,Y,1.2088965227645114,41566.14311694304
95ad60c1-7c93-4341-9da3-763bbed405b9,2-1,1,415586,15078,139087,174,0.4389220630474189,1395,39.32944102059321,desktop,2.2009941003382467,college,0.9310869036899027,Chinese,0.17461868998025337,0.41108603191056836,N,1.070839175702155,41178.69641175661
ea2dec1b-93f0-4fdf-abd2-49c6087d3b5b,1-1,1,859127,339634,28792,335,-0.17463581183875887,936,23.240280319260933,laptop,0.40690301983414323,college,1.3767188558551622,English,0.5991639254662827,0.36806700718843793,Y,0.09227130194417787,43872.30320949866
b0d76a60-3231-40e1-8fbe-d4d020b33e22,2-1,0,363156,723315,64102,179,0.700215085673342,642,34.76731305103551,laptop,0.8743997029578994,professional school,1.3151137402762227,English,0.3683095964273907,0.33521550210744633,Y,0.8603507699591807,46185.96662251074
a3dd9852-6cc5-4893-a6be-e0eed5e53e52,2-1,0,840697,51060,86415,230,0.3761947620937167,811,43.881682431710615,smartphone,0.8217986142063717,college,1.0840105959583413,Other,0.644323209143614,0.38139085648261084,N,2.2174565176118652,43496.95023270498
9b2ec410-aab7-47b8-a6d3-19e9c1e54d4b,1-1,0,474586,738018,94603,123,0.25973809092411315,1279,44.12399992593422,laptop,0.33545809487533373,college,0.5315311051282235,English,0.6204288863769545,0.4563667776199185,Y,3.0284927380602538,42647.72865084989
fff115a4-7e00-4376-888b-03c5bdee5f3a,2-1,1,46071,752331,45831,327,0.4521365212682326,586,24.395354301857157,laptop,1.2894226718569581,college,0.9543236924771004,Spanish,0.46035185722600386,0.22327598206822757,N,0.012606842594865109,44523.81224256493
f1d9d03c-16e7-467d-8734-070773d65aed,2-1,0,209921,905791,27182,349,0.44374353347164525,600,27.62552881433823,laptop,1.111033340761764,college,0.9220338342295529,English,0.915193642306974,1.011517870754341,Y,1.1149251876932298,44904.396676647724
a77a0634-aabe-420d-8348-0a7372b161d2,3-1,0,224300,177814,5479,162,0.43279416317699626,482,30.204341453280204,tablet,1.935515520496547,graduate school,0.3194963940528923,English,0.4982732245267126,0.6512108915871125,Y,0.6913959975871935,47200.40107511528
769bc77b-f052-4fc6-8516-94a46941667c,3-2,0,31178,1769,1541,249,0.7322983172305729,449,34.97008259905616,desktop,0.33046393173356103,graduate school,1.6804896008993713,English,0.6050831816742852,0.5126479003386331,Y,-2.7930580339812163,45180.406542009856
4ba34db8-9baa-42a5-bed2-a6381f36d03e,2-1,0,840672,574704,25954,194,0.5392279001073429,647,36.3091607907947,smartphone,1.0413223940278014,graduate school,1.397321763393044,English,0.37917694263400625,0.5669393722152785,Y,2.9482460950997886,44109.23221705888
154c0760-9c47-435f-8335-5f1178d12e46,2-2,0,287404,235969,79760,276,0.12206683458458706,426,59.73177580183983,laptop,1.0393987121548718,college,1.6857098408951394,English,0.47941036805413095,0.5410319719719898,Y,4.49901841278621,42808.03915381009
6aa0c48e-1055-44d2-9d58-385715962733,3-1,0,436592,81603,48678,374,0.47908885634718906,1299,39.135827984066594,laptop,2.0411905708218994,college,0.42172262412910466,English,0.8096951026158659,0.23906663245417636,Y,1.8736286106436875,45147.214436192444
14bf8206-4d05-43c0-84e6-984bbe11a47f,2-2,1,19067,322237,30214,157,0.8477880097204726,881,37.64928026160499,laptop,0.03981465541566509,graduate school,1.531433259356904,English,0.7279904428802242,0.09489158371952744,Y,-0.161857403383183,44853.93613807476
5ccdee25-cad2-481b-8033-c90162b98ec7,1-2,0,225919,890769,21790,271,0.19606410759496778,695,42.08821096053471,desktop,1.5151299548517687,college,1.0436644252343847,Other,0.2304299210554384,0.9523661172258885,N,1.5246196825328557,40958.053871216805
8053404b-3274-4b36-a3ed-c3f4cff86dee,3-2,1,588363,737153,138091,292,0.7281848118670589,1200,32.00221484371374,laptop,1.6679340858556595,college,1.4282841858625186,English,0.5988584032770798,1.2330975120589374,Y,0.24714915170777552,43520.475159240814
0010d921-1f71-4511-834a-55096185fabb,2-2,0,133728,595891,26548,319,0.5321765014077404,947,29.965442150882232,laptop,0.8462560670745466,high school,1.0945038599828945,English,0.44073142154105793,0.5071420135423809,Y,0.44320009394267834,45892.55990068155
2e1d768a-de6d-4d56-ba2d-acc494ec8687,1-2,1,570801,402253,114359,314,0.4525257478154979,1046,45.710606648055375,laptop,0.6835352848342623,college,1.5578333393887211,English,0.45431581330528686,1.0038224928067712,Y,0.345698478831874,44771.66663297423
b1a27fa0-3a9b-4b77-9c22-2f7ffd839812,2-2,0,790174,314915,52050,193,0.4019803062978428,331,45.672742005244984,,0.21807839674835838,,0.03526714710743839,,0.4467761333081591,0.8953736560759435,,1.1775023754839686,46590.69490434596
03f385b7-6b1b-4549-95f3-1d999b1df64a,3-1,1,676221,930318,21308,316,0.6570860169010163,326,49.92113845156467,laptop,0.5684681111539437,high school,0.951878291312353,English,0.49090168684360674,0.32414453037794644,Y,0.25894463083410835,50443.3451825946
0010d921-1f71-4511-834a-55096185fabb,1-1,1,144468,156517,122801,304,0.7168289688002003,1326,37.32590129258271,laptop,-0.038147807407845846,high school,0.14556441976612944,English,0.5935505629792845,0.07639876905931203,Y,2.250813051187567,45533.07488249942
bbf1911e-20bb-49c1-9bc7-c9103f55c169,3-1,0,265668,698789,11995,128,0.5643157173666258,352,10.716740076956413,laptop,1.1162561839026317,college,1.1923821890957782,English,0.6072003622573483,0.48017025149677317,Y,2.1700056471730593,39452.84429540387
43bf127a-e9f8-4553-8ed9-5bd8a1da3ac0,2-1,0,676456,686453,42982,214,0.6042688975951558,1292,8.97082513191286,laptop,0.6166801440044343,high school,0.13421460735387458,English,0.602376190187441,0.2108451390661248,Y,3.2344471868002014,43731.321250583314
089fc400-90dc-483c-907e-f7143fe77183,3-2,1,942891,745828,46688,351,0.7196893866006003,1398,16.867124604018837,smartphone,0.9005808421260807,high school,1.034888574688098,English,0.5807833080736433,0.6472065221036158,Y,2.281816130663543,43330.24676616112
a77a0634-aabe-420d-8348-0a7372b161d2,3-2,1,906738,891568,35267,212,0.5085465182623016,1355,22.34884253858091,tablet,0.08006443450305878,graduate school,0.22447731426443607,English,0.9426964846742583,0.33034005224799984,Y,0.04682310086923902,41878.77543810635
ff86ae10-c0aa-47ec-8b3d-4d48cafa9039,2-1,0,629585,894323,58194,341,0.6314143927225107,1395,17.11068589835539,desktop,1.4912451475386785,college,-0.23363450828341792,English,0.5799331316561152,-0.2864334497291713,Y,1.7190498397437228,43763.466057469064
c9912952-1990-4415-8cd6-b5b96d6e4267,2-1,1,979215,85530,88526,337,0.43064712770984226,612,42.0408567283158,laptop,0.3484334746311435,graduate school,1.2217990621241037,English,0.5715029168586189,0.7746182997579198,Y,3.3358616647800834,42255.24638208948
5defc8cd-7312-4744-9ac0-ff39228637ed,1-2,0,59321,201082,60098,123,0.377819762925869,348,43.125041038220715,smartphone,-0.738749172138077,graduate school,0.47611190127779535,Czech,0.344653172876723,0.6921886526272103,N,3.8007228679832714,43303.51936789994
95be5385-2c68-450d-9591-83bb9246442d,3-1,1,448047,665579,132189,113,0.37308879707231213,730,49.08670916102205,desktop,1.2234233908669756,professional school,1.3142345536672269,Norwegian,0.40614333940680303,1.23653837998928,N,2.721462218706592,43695.64562967452
100567eb-57a5-424e-86c1-4a02cc690c8d,3-1,1,70577,183340,58621,255,0.8070574909669961,843,39.836428821483615,laptop,0.13686670944344514,college,0.2237332421465449,English,0.20936543058933293,0.4019948181093821,Y,2.0658984732934407,46909.798342240916
540ad2c3-6798-4093-8f1c-3c3a0ea94ac6,1-2,1,911020,407503,57130,371,0.665836032985509,1173,32.03193085704313,laptop,1.081167861996334,pre-high school,0.7205753313544767,English,0.6464980529337735,0.9710773974086047,Y,0.4088490322759579,43078.68218602921
934b7cd1-b84f-4fae-8981-c0231b37dc5b,3-2,0,960610,623698,88009,139,0.44617918058350786,633,35.29050669715262,smartphone,1.0331229319130792,graduate school,1.011866808210018,English,0.8554865590383713,-0.1483169552269049,Y,-0.560843938271411,41715.52995010089
95ad60c1-7c93-4341-9da3-763bbed405b9,3-1,0,861768,813169,8804,211,0.3478072810019851,506,44.11368446361965,desktop,1.0240769926951898,college,1.0432951463776565,Chinese,0.2009158462965291,1.0835534140613992,N,1.2732572139633334,44706.329178077955
e15bc5a6-d4de-4e87-a1c8-e21fb441910c,1-1,1,57978,665540,65801,125,0.3935745270091371,1146,27.2016061120056,smartphone,1.277077689967749,professional school,0.7478367680221765,English,0.4951479481624014,0.10872760817671112,Y,1.814966041371881,42373.85073247935
ad4283c9-d606-4e9c-b45f-7f660b31f5d3,2-2,1,368727,261337,70419,354,0.5307655195991845,290,49.4167512936166,tablet,0.36736002275332114,PhD,0.8061842534617485,Dutch,0.2924811942093113,0.35658506877766366,N,2.142930276411543,42047.50803596815
eed8457e-2f39-4f4a-a3fc-7bc9fa57d880,2-1,1,70458,311003,51113,228,0.6059742809193418,1392,48.42077278696132,laptop,-0.9844637769760578,college,1.4814418295382026,English,0.4379002999771397,0.3655669902901452,Y,3.284560516437577,40735.80342245517
94001a0c-b948-4223-a92a-eebe14c48d2f,3-2,1,660022,424718,86058,359,0.6791635289233042,514,63.18363541767131,smartphone,1.3377766838963825,,2.104363892818358,English,0.7597627665970459,0.8599063725053444,Y,-0.07646528617942483,40932.19003755276
74103437-cefd-47b1-a905-d85399f681db,3-2,1,53732,894113,77906,111,0.5378413273863987,506,54.85753512582403,,1.3594510436876512,,1.631392338203212,,-0.07364032212825011,0.3449247288844657,,-0.3238103206303009,42385.60881035796
b8f4ca6e-e390-464a-8d7b-7e81fcf0227e,3-2,1,425166,925826,10065,351,0.6579907830816729,715,40.0410604770605,laptop,1.6931060368459254,college,1.5004938803257821,English,0.6222235735891265,0.4261012639758175,Y,1.1369777863351538,43607.8664175515
49dd7632-70f7-4146-be5a-cad4473fb75b,2-2,0,295428,293962,51749,121,0.4916775851376735,548,28.498047176461228,desktop,-0.3007543825749377,graduate school,1.2241483004283633,English,0.8090946870057567,0.8602948126633927,Y,2.9859827203874456,41977.93927329018
134bf53e-1ea2-4b61-b39f-a1e444535f80,3-1,0,766792,482959,123011,333,0.5518736582058041,1001,45.65757980300172,laptop,2.3107799025715483,graduate school,0.751892763444768,English,0.014532279690525285,1.005855588315483,Y,4.56622324741211,44796.36416610054
323a09e0-4da8-499c-b80f-5802dbf08cb5,3-1,1,315217,749883,30397,241,0.6642346669346777,936,46.31848878829726,smartphone,0.22626787929257253,college,1.0817151098451312,English,0.6522217975016233,0.24032716923000674,Y,2.8398754547910485,43094.718032523975
087aef1b-10d8-4753-a39d-25591695d5fa,1-2,0,292767,1007005,76913,276,0.5279796581323812,373,33.410601963990594,laptop,1.8372348084523027,PhD,0.41057305712009307,English,0.8638735745013497,0.7851186498462244,Y,0.8912668016759323,43202.190666905735
dd3b3024-ad2e-4cd6-8c24-3b0c6ab90dc0,1-1,1,17622,536056,105928,376,0.42862033377664444,403,56.34381994780362,laptop,0.6563536130213388,high school,1.4355067488598983,English,0.2673296089346968,0.5856228349721502,Y,-1.1940652511056373,44532.89167933044
34604f27-94d7-4af3-9b8d-7c9fa836e7cb,2-2,1,882949,145715,77789,346,0.1934723499114459,848,32.01268362809607,laptop,0.13247934273515072,high school,1.973837749885444,English,0.43319549297222254,-0.08390947416108174,Y,-1.2428320355896867,45319.186925295246
ce41ecb5-d3d6-467d-8d90-0da4db858b7c,3-2,0,865739,684459,7173,344,0.40083298749800167,730,27.68769535392282,smartphone,1.1865145272433368,college,1.0519556733888007,English,0.7096884571369226,0.4586993718337799,Y,1.6960890237469608,47322.61203180325
d816358d-20fb-48cc-8597-6ce3578251dd,1-1,0,621500,360397,48837,241,0.4707810486522491,1418,40.43189688768655,desktop,1.202302402951948,high school,0.7878529748460161,Norwegian,0.1092738796399586,0.18897190490931132,N,1.2584440428049666,44479.98988449784
44593a98-060d-47ea-9a57-97e0c70027d0,2-1,0,780793,238278,97114,142,1.1579451915198706,451,33.5163913577583,laptop,-0.7453017633901962,college,1.6707436279629806,English,0.6348823628584174,0.308001748099192,Y,2.216728591034235,42205.07523476213
203a6897-eaef-44f2-ac30-f8e9d95fa886,2-1,0,321265,2470,116551,142,0.5851647176607538,550,49.74763454637977,tablet,0.9416544973195385,PhD,1.4229213959958198,English,0.36375819683813515,0.8204614584664034,Y,1.0006694019035862,40370.55374210916
a12939e3-640d-42c5-87ed-83c1358c4698,2-1,0,381619,963857,2426,331,0.7346049708331235,1134,18.432021418767913,laptop,0.8473411199168903,graduate school,1.18984029854533,English,0.2079831034681579,-0.04260254659569562,Y,2.7134478477830903,44595.12855467145
b95563e8-9d70-4aee-8c29-b2d677981d92,2-2,1,55263,858047,91815,230,0.905932241792482,1088,30.967489612317966,smartphone,0.40081033450531256,college,1.4680661534793082,English,0.539807845309715,1.2038170704937756,Y,2.5937638262888214,43704.600565342975
c000581c-20de-42c2-9978-3278cb1cc4fa,2-1,1,630835,147091,12023,203,0.41097394725988456,798,21.231936665504456,smartphone,1.7789954752913024,high school,1.728886931926578,English,0.3198904980134225,0.44170429470697953,Y,1.7435349761632404,41244.56739362101
0befef59-998c-41d5-a028-cda46345a259,3-2,0,193167,939588,71512,184,0.3068286773158774,1279,33.283398712452055,smartphone,0.08048153146699788,high school,1.7120345528428307,Other,0.5460994067751113,0.2841827032472545,N,2.448230334103973,43966.75700081738
c99a4a23-599b-4fcf-905b-a0330bb7b595,2-2,1,409345,6072,127261,317,0.770711356035328,529,30.096210993280607,laptop,1.7613978914781634,graduate school,0.6037633295447871,English,0.41837194344396034,0.47155535489489697,Y,3.392102725417558,41938.44380626763
e893554b-e41b-44f5-9247-2f1b1ca49f52,1-2,0,768960,495883,116085,169,0.45488323185104634,1111,32.97214533668611,desktop,1.4922892927805456,college,0.7227863275204394,English,0.2644783256914275,0.46008014391271784,Y,2.9302436170745603,43912.59675779158
5a48e48b-30ca-48ad-a397-3ecf853bb5c9,3-1,0,72335,370332,102269,268,0.6213369972238197,693,27.38102528157927,laptop,1.564424227076536,graduate school,1.4094573156096413,English,0.6941495453409336,0.8838636281817762,Y,2.0387547996427653,43726.67767137796
45fb1767-91e9-4d69-83f1-3c781425982a,3-2,1,17328,590452,125848,138,0.3815180412678597,469,27.781207832907995,laptop,0.21259791440545517,college,1.2420297555082966,Other,0.7388228029161321,1.213727910184102,N,1.1522418657147342,43657.47139944666
cc5900ac-23f3-4768-99c4-faf9c29e9382,3-1,1,43564,562745,118055,242,0.20961818698305368,1333,27.582564340762023,laptop,0.4518175112367431,professional school,0.6603510916849219,Spanish,0.3311715768349599,0.7107401435494222,N,0.7601062237702227,43618.88754979676
001d6664-0e5d-401b-bfd9-c2985739e2ca,3-1,0,793732,841826,95889,219,0.39916630485850446,548,54.49509900672196,smartphone,1.483843851776367,college,2.000972332419228,English,0.5557691779950282,0.06326456181798223,Y,2.8861832678405777,44137.77161355717
16d05f08-7a7f-4b5e-ac3f-b7a64a5ec349,3-1,0,810662,780162,114651,313,0.5100492021479603,1397,41.729536459275295,desktop,1.6479788067939225,college,-0.1827608526944151,English,0.1276224882455808,0.10436454929660605,Y,2.184120053599829,43229.62969417312
c16c936c-e99b-447f-b617-9453bbff6d31,1-2,0,191959,705662,14837,243,0.27623907701756945,411,51.90126263895422,desktop,0.40789048223463076,high school,1.5856192817909,English,0.5882445701297216,0.6796230243420674,Y,0.9565634873331554,47132.848053370326
ad4283c9-d606-4e9c-b45f-7f660b31f5d3,2-1,0,112174,897122,56871,218,0.4970918738068297,672,48.942965836742836,tablet,0.7898262945413722,PhD,1.1401477818551178,Dutch,0.6012989201185901,-0.14267670813707156,N,3.2839381315835725,48069.262060701636
e1205048-076b-4e6f-a4f1-23fa25931539,2-2,0,998443,252193,102529,291,0.5030175203047796,1213,48.7744820280427,tablet,1.3805308218573373,college,1.3034646929406017,Russian,0.934854257211803,0.41401376698649195,N,3.015313159031398,45209.168007312786
cea04555-57d4-4edf-9198-e8aa302bc070,1-2,1,235207,890305,82897,262,0.5069246269796343,1158,49.44795884732725,laptop,1.7078092425900502,college,0.9359713319348241,Dutch,0.3910585929372963,0.027627657842379028,N,0.47738250705823515,41974.088305778074
79dcc136-af62-41a5-a697-40d9b8f68d3e,3-1,0,867318,971159,52179,291,0.3292298215879896,1416,36.249739965605706,laptop,0.3929772066762577,high school,0.027011511100465513,English,0.3751194145643385,0.01863732212140551,Y,3.0046358502348784,43444.17140974923
a5e829ad-603c-4eb6-b078-c82074eae0a3,1-2,1,904069,474142,23997,307,0.579423192226612,1166,18.720630869992963,laptop,0.6660530737403381,graduate school,1.0348457281328969,English,0.16119795478910154,0.38457608758710643,Y,3.5310638835644443,43854.71052745565
203a6897-eaef-44f2-ac30-f8e9d95fa886,1-2,0,330890,560435,20637,183,0.22920459980933172,1030,38.30289906139337,tablet,0.9295313064761911,PhD,0.7600878764332475,English,0.6878275586997881,0.40253913858522633,Y,2.3612820245462425,47290.218791818836
8d39576d-2b3d-4eb4-acfa-32254991618d,1-1,0,972076,728545,119254,286,0.5858931488401778,730,9.984945452796612,,1.6792149409258528,,1.1152081322921936,English,0.5330704073257454,0.4163078475507441,Y,1.8290047052728975,47597.50814637172
a7961f82-b7d1-4a3c-a0e2-6f03d8424b4a,3-1,1,544652,536322,64117,184,0.8174185236340119,861,53.291161933153845,desktop,0.44873670226820683,college,0.8606960862825133,German,0.18960546979008552,0.26294261137134023,N,3.2412245981257177,43862.189024411644
ef9702d4-36b9-4de8-a045-dbce0eb27a98,2-1,0,75748,341407,87887,182,0.7530451734936598,302,26.897507898018226,desktop,1.8307198281759618,college,1.577206541793247,English,0.7634631732948599,0.48078623813307975,Y,1.8638911197815664,45723.54571421694
c76dd3b4-df4e-460a-91cf-30691faa6703,3-2,1,555915,366131,85471,262,0.7164362147074607,402,16.791185810416884,,0.7561990339546726,,0.7238421701815991,,1.0261048493012523,0.5460245524756715,,-0.5292912327099479,45928.2061307253
c16c936c-e99b-447f-b617-9453bbff6d31,3-2,1,352680,385684,19771,223,0.8996766692773788,1198,39.65777467656764,desktop,1.220196223970972,high school,1.7110918735036218,English,0.7894422429984669,0.31600507976472864,Y,1.8375062676287846,47899.19082611506
cc5900ac-23f3-4768-99c4-faf9c29e9382,2-2,1,77686,141023,19648,137,0.6856618259022502,352,37.17185556803896,laptop,1.4632079666693545,professional school,1.0518118817638222,Spanish,0.2921009339400473,-0.014013869285042446,N,1.4105593245392916,45371.92651072048
71a4495b-b507-4fbb-b247-6be543b98550,3-1,0,833589,830223,121124,312,0.47026576191777036,850,32.796181122356224,laptop,1.071387341459737,college,0.8122563692971269,Other,0.5104048960846747,0.7288442944225535,N,2.204173528037464,42750.77215719644
a3dd9852-6cc5-4893-a6be-e0eed5e53e52,3-1,0,541927,812727,113853,330,0.04570643803298091,649,44.29442723873611,smartphone,1.0464945512314754,college,1.1517219520858373,Other,0.2594084112489934,0.8006714615843439,N,-0.21983165535551485,43103.445951953574
eec0e61e-7635-4527-a83f-977a09cafec8,2-2,0,217673,1015022,87194,217,0.07811646162720148,484,37.714778410754995,laptop,1.710903971156637,high school,1.4190936156184328,English,0.17519829430969497,0.5456326818549068,Y,2.3622549470132004,45674.34678900093
14d4cd1a-7cba-4495-91d7-47fd9d0990e6,3-2,0,637763,722377,65626,255,0.5708408174074879,387,49.86890192214542,laptop,1.5208844318477355,college,1.5332798026658239,,0.12832589251882837,1.3111569532639942,,1.4689047437218323,46409.026150373575
c4ca4342-0324-4995-9111-fae627df7fc5,2-2,0,966763,241538,91814,128,0.5331767933677706,1220,35.40330777503753,,1.9263410675004284,,0.607780626706508,English,0.5877602006797842,0.416376394532184,Y,0.7813375369888214,44303.06497852605
20707557-d86f-471c-bd39-ce12b5d290c3,1-2,1,447638,94223,140401,343,0.5987947852787268,1221,21.519125668770748,laptop,0.9530215870752377,college,0.42231067753498097,English,0.8601432062888863,0.4793077351944348,Y,1.7815019093882907,40610.445286650276
be9ad381-7efe-4b47-b2c8-04121156cd38,3-1,0,585505,487112,93656,255,0.3827296136457637,523,30.765360073876586,desktop,0.3730707350427125,graduate school,0.8935759377852908,English,0.8972497397257371,0.11834439710802458,Y,3.6125125043557467,44290.927185295426
253f1616-4a99-4ebf-8086-6ecb195f5fc8,2-2,0,918320,201335,29074,290,0.36850331851574925,922,33.15205543152954,desktop,0.06904457079937043,graduate school,0.9448056049211144,English,0.28216083556385063,0.033840183411291136,Y,-0.48981266158836734,45102.19575302499
769bc77b-f052-4fc6-8516-94a46941667c,3-2,1,464714,58145,125794,273,0.5491412924267264,844,30.402938716043586,desktop,1.8300269523014416,graduate school,0.3662850164803956,English,0.33428395071763883,0.8519586625229579,Y,2.7126503933212893,43115.63244804225
9fa1aab8-97fc-491c-804a-f4676c40ea0f,2-2,0,737216,927076,26881,189,0.7163242107477286,1067,43.05781749550599,smartphone,1.5946945519342108,pre-high school,2.156365789035404,English,0.5469996251139377,0.251694034088628,Y,1.2344899567676686,44851.34892655299
ffecc92e-4523-43bc-881f-86a60ec0cb05,2-2,1,419025,508535,114905,173,0.34589668496994086,693,48.444220249061814,desktop,0.5090392659549671,graduate school,1.569711257457766,English,0.28341788508544785,0.2879485287420112,Y,3.474895229626104,47075.63325341826
87ae871b-9380-42b1-8130-7914f969a239,1-1,1,23733,448113,139261,353,0.9824530215209228,581,46.09872388251053,smartphone,1.3242630737194685,professional school,0.30343065990410467,English,0.8002883073890984,0.36326573822098346,Y,3.3020975948735645,44360.95848780328
bb13e1f2-6905-4fb4-89d7-e517633755b5,1-1,0,569464,155789,91003,228,0.5104988916165559,1152,25.438212235956556,desktop,0.8445748367623627,college,0.5521604377102579,,0.3997686376527238,0.913665451999121,,2.2959087814846515,43763.73985088075
8e9004ce-deac-4c35-8176-a799b50f944b,1-2,0,989280,569228,127462,247,0.33657658822185654,783,58.999438763087795,desktop,0.8881464924056675,college,1.248441260102649,English,0.44699236704497625,0.47772482498276775,Y,2.224596021044949,41558.9016497805
55ceb008-47a1-41ef-82f8-5527e474f4bb,3-1,1,671494,1008358,48935,368,0.39596181081486603,1227,42.35867078881815,laptop,0.7272179982368326,graduate school,2.162528697373067,English,0.30048705598103187,1.050107536067125,Y,2.171728641746494,41875.59513701999
817abbbf-33b6-4f40-a3e1-e0b38753e896,1-2,1,468816,216048,97372,209,0.12879466080460866,1077,27.051667431758695,,1.1370356576659628,,1.341751752279868,,0.6257580329926058,0.5026642940549578,,-0.9816590715421261,45060.57022714075
ea0abfe5-f18d-4fad-9ee6-4114f292450b,3-1,0,392447,832948,113078,167,0.6847135038290963,1419,35.24235513166924,desktop,0.803400784304487,high school,1.5562088921286101,Swedish,0.5117855484574031,-0.03919989685395697,N,0.7280165314887235,37575.208370832894
bafce4bd-e4e4-4d73-8424-2a9343c52f7f,2-2,0,199197,910856,33302,309,0.5128372203003025,597,22.02851504048509,smartphone,1.5041321267737109,graduate school,0.7918028853942451,Other,0.10261952438534472,0.4592338905588163,N,2.618107203036823,41244.873570271535
87ae871b-9380-42b1-8130-7914f969a239,2-2,1,50669,268052,114442,142,0.568385085060423,1437,36.319714811425065,smartphone,1.4280303605911344,professional school,1.2658993460888266,English,0.6116208519412232,0.8771153380357589,Y,1.4635354680413233,45850.100818415136
49dd7632-70f7-4146-be5a-cad4473fb75b,3-1,0,921159,122141,109700,228,0.30972723599343377,695,37.33388505819083,desktop,1.3714201455095474,graduate school,2.0937189409705343,English,0.270730767621303,0.9127785033754677,Y,4.977745411752457,41301.53230475219
ce47cbea-65c1-46b1-9520-f23d669514e8,3-1,0,280849,818341,100559,302,0.5921540119543852,409,18.273613935971962,laptop,-0.05934766140125869,college,1.3255300290975545,Swedish,0.66434571046629,0.905005271502628,N,2.698435732988749,45041.50932010423
03f385b7-6b1b-4549-95f3-1d999b1df64a,2-2,1,379852,612267,9484,285,0.2735373630931982,1133,32.7012838394077,laptop,0.9447804709265386,high school,2.365219527770388,English,0.6279502501804652,0.20982979375276395,Y,2.457395767969747,43698.34245043727
08e0c3b1-652b-4be1-b8fb-e30789efca15,3-2,1,307211,972583,28520,350,0.704261952698715,293,41.67768012598064,laptop,1.6869484708945843,graduate school,1.3376431994409714,English,0.5271747765421695,1.0419526396689744,Y,1.6096981951247538,45339.7358708526
399592be-b15a-4ab2-bd28-0a210fefea30,3-2,1,885431,123475,3349,108,0.4128377412779946,1197,35.32891220615757,laptop,0.6603784392896545,graduate school,1.208466877269598,English,0.41386512832917266,0.39459507762723167,Y,1.974173717908248,41355.51899207706
b502be75-8bea-4412-9b7d-813e7bba3685,1-1,0,59854,866021,140838,210,0.6949592762769472,841,42.594227599691415,tablet,1.7573205896394508,graduate school,1.06197022007373,English,0.22766155811139377,0.5191610634339774,Y,2.0541765002512014,41565.63972340487
6aa0c48e-1055-44d2-9d58-385715962733,1-1,1,275984,110094,133081,351,0.4757228641742449,691,35.476311615071516,laptop,1.3193231452358245,college,1.1590812991758033,English,0.762647192213964,0.43784303025884475,Y,1.7452247233294824,44966.62965815065
d816358d-20fb-48cc-8597-6ce3578251dd,3-1,0,180701,142910,18414,286,0.7733492876765442,1318,31.43780137013243,desktop,1.7129047884995356,high school,0.798507908002749,Norwegian,0.352578093490207,0.28511750642221767,N,0.11900554400634356,46080.71002400565
f74db555-3110-484a-bdc4-b09f6cf1c720,3-1,0,620191,494063,87079,228,0.49907048686639616,419,59.19086809837931,laptop,1.4389551423118112,college,1.263749862163231,English,0.7299202715860756,1.272200929088278,Y,3.5745774347559554,41449.53960315538
ec830f1b-9018-4757-846f-ce2536ebed89,3-1,1,24370,706907,71352,219,0.22141765968004407,338,45.17217601851651,laptop,1.554511233333073,pre-high school,2.032344786110805,Japanese,0.5842486292935256,0.39577350583070015,N,2.009549110445041,46078.64375668016
bb6d86fb-97e8-406f-b440-8dbc6e8e7771,3-1,1,839327,139523,13679,316,0.6539679728297443,1108,41.73570209808039,desktop,1.46368233264251,high school,1.0977847737950455,Danish,0.2698208878934878,0.5222273283525579,N,1.230845945345684,45684.330429707785
87ae871b-9380-42b1-8130-7914f969a239,2-1,1,854378,764419,65784,156,0.2633262698082918,342,46.40578817615078,smartphone,0.6548710594235768,professional school,0.33020110332053654,English,0.34226673421267284,0.19617054826752095,Y,1.876673682704694,44698.54803726863
410395ad-1f39-4a21-93e9-298afee5d7e1,2-1,0,379088,579901,34365,342,0.26854892723027324,1283,19.706468335085503,smartphone,0.936684100422935,PhD,1.30581348007649,English,0.609150498487631,0.3167184038361718,Y,1.4316652688323945,45650.99262405138
f9557d5c-0a28-4f14-b9bf-1a0308ed9546,3-2,0,922739,448096,64592,257,0.5832356719961188,683,27.60743622712441,,-0.06756416870343918,,0.3328063290607227,,0.7448929694956297,0.4497922697999258,,2.2438662846598882,47079.9634015947
bd594697-306c-4969-bc64-971a4c6a795b,1-2,0,447015,509721,65413,302,0.3201996462575555,694,52.07718675966134,desktop,0.8740393197215564,graduate school,1.363205690122759,English,0.42812880487565524,0.7043970435103442,Y,1.4950929290568897,43274.72675647648
692642eb-92da-4af7-b9c5-d9e588a1cbf1,1-2,1,210506,521752,141336,180,0.5456162829597855,920,52.630800396370375,laptop,0.8139957161682876,college,0.5942486562875259,English,0.5619882479320266,-0.37067833353242474,Y,-0.6965630001731049,44562.78650973931
352a4090-79aa-4827-b4b0-f1bffd883940,1-2,1,930175,944467,83497,177,0.6089866132529291,485,37.284842364725726,desktop,1.4988023815573643,graduate school,1.3502930484894793,English,0.18794717720494658,-0.2910528266781168,Y,1.7561695717273658,46612.537922595875
de7bdd42-441a-4961-a547-2ccd7ccec379,3-2,1,172928,572537,49170,213,0.3215204161502103,1229,24.132781630297387,laptop,-0.8904417476701876,college,0.6858808267581376,English,0.8330454093266608,-0.03764379900723114,Y,0.13637832871869837,46730.928164367244
61d89609-6242-4f26-b2cf-8a9f538a757b,1-1,1,560848,54530,95628,361,0.42690728799337135,1368,43.73899165687586,smartphone,1.1574173105404082,graduate school,0.7309942288388951,,0.8555490846469734,0.7247348882691026,,0.8179514358089219,50022.096636413095
de7bdd42-441a-4961-a547-2ccd7ccec379,2-2,0,692470,803078,11100,337,0.6470539018492386,386,32.65100508624658,laptop,1.2949792660584551,college,1.3190469547775265,English,0.26193524933241397,0.6868784633930163,Y,1.268341836317724,45936.80378432877
817abbbf-33b6-4f40-a3e1-e0b38753e896,1-1,1,971997,558040,4165,332,0.5174532025925971,601,44.537765413718375,,0.9814122032788333,,1.054453274784499,,0.5288345307481863,0.4475539935526344,,0.4802270450562913,45367.145126653755
2fd402f2-0a6a-46bd-9f79-244f46b106f6,2-1,0,403401,331708,7164,153,0.38225844975161405,303,48.448512498724725,,0.19674803587633427,,1.5385871497937813,,0.4564575843470785,0.6402271168326836,,3.0332631475382534,42603.41632089315
c76dd3b4-df4e-460a-91cf-30691faa6703,1-1,1,150954,861688,50748,129,0.7421529612199229,1285,34.713895185518986,,1.334111080473142,,0.7820759620405202,,0.3453254175824516,0.8792083122050076,,1.574823973030718,39188.0499235748
512ef0df-48a3-4796-9919-471f50f25df1,3-2,1,393974,726203,126706,281,0.6224224234819925,1127,49.25355899482237,smartphone,1.9256158364101552,graduate school,1.433106648431604,English,0.7755642069042965,0.6115779728884444,Y,-0.034327184880391215,40110.71195916177
db397e5a-8fad-4c15-bf93-e25495e0584e,2-1,0,820249,741668,118427,348,0.5356188141700332,442,36.40957275812483,laptop,0.971227882193568,college,1.0238853707818139,English,0.2745975282464266,0.5887501192584872,Y,2.547835352787504,46789.42127011194
c4ca4342-0324-4995-9111-fae627df7fc5,1-1,1,225055,46254,13139,167,0.5685033346004115,1271,-0.368473426222252,,0.30104386958956963,,1.0135685396376093,English,0.5302961979435642,0.7570585528752747,Y,1.1275044523786053,47613.97469729452
100567eb-57a5-424e-86c1-4a02cc690c8d,1-2,1,44011,809212,91119,172,0.07528594439414238,1062,33.77148807388621,laptop,1.240548493084077,college,0.6410148782124075,English,0.36126393829660974,1.4317625179647848,Y,-1.12532175941136,42543.39097807478
ad4283c9-d606-4e9c-b45f-7f660b31f5d3,1-2,0,161542,492293,49516,311,0.7469167957576066,1253,39.93256647654515,tablet,0.5519221806535564,PhD,1.6832734117920558,Dutch,0.4975792136724571,0.4887600449820358,N,0.230423550907763,41372.69751089579
f651fa11-f278-4210-a9d1-b266fc9ea9b1,3-2,0,426381,630141,94144,271,0.3290844434370086,1382,24.84131238975912,desktop,1.1107703359673677,college,0.8502043487558333,English,0.23189434994322994,0.263744686997487,Y,1.0787555824074504,43683.47169628588
7a8f85f2-03e4-4714-995d-c15403d9d38b,1-2,0,838684,46612,79657,313,1.0828350703691343,1002,58.8328101615738,laptop,0.9385922831335551,high school,0.12334534772380223,Finnish,0.4079740123477955,0.3531402706667943,N,4.1574791754675235,45890.10817979858
95cad567-beb8-48bc-9d49-b9f5b17eb742,1-2,0,551986,272685,17250,219,0.44641682833758545,1209,40.93782548229892,desktop,1.2580400614131981,graduate school,1.0856110896197058,English,0.8014658931642471,0.15485431914265185,Y,2.806885351010628,45235.43496747304
a8d07b3c-a7d4-49c9-b2b9-07c268f706fc,2-1,0,37539,900959,7435,309,0.4918550553156283,669,18.332128987815018,laptop,1.3273870517878177,college,0.14025719984063445,Other,0.5895189130098016,0.5253991382406379,N,0.3698074974369654,43847.57413364541
adff123a-e9fc-4289-89bc-8002fb8bb5f6,3-1,1,349474,804470,140290,251,0.3375002273790257,417,50.5315907861008,desktop,2.0334180710575733,graduate school,0.7252320573223165,English,0.5576638549877136,0.4143658457619958,Y,3.1538841013754504,42798.12862123241
8716e0ad-f17c-4c46-97ed-2c9643a576b0,2-1,0,419233,595557,27074,257,0.5080586245213029,1218,57.93872494079382,laptop,1.11832307974356,college,1.1765083744217097,English,0.43440787308108175,0.7311166359603949,Y,0.06955381719755671,43313.58580488718
cc5900ac-23f3-4768-99c4-faf9c29e9382,1-1,0,10112,379261,18221,262,0.17905704191109306,695,36.65235188141696,laptop,1.4417716512246417,professional school,0.8723981024727605,Spanish,0.712192519193804,0.6823969275417558,N,1.508894489874395,47394.45013449749
2ee3c271-be10-41d8-b778-9c5d7d5b6e52,1-1,0,839752,497953,112853,365,0.3971575208337619,631,-1.9636601440315005,laptop,1.3536790483526155,high school,1.893086791662602,English,0.24025488569475423,0.8859572472784697,Y,-0.108721469362276,43008.825235281314
8205439c-3064-403e-8fe9-b46a0c866470,1-2,1,255420,530304,21607,159,0.21519510882210713,1281,48.56857267616726,smartphone,1.986254027993029,college,1.4483398993888805,English,0.5550336297663917,0.7971593999932385,Y,3.174289540355723,42729.17009039275
5ccdee25-cad2-481b-8033-c90162b98ec7,2-1,0,623864,216423,38837,156,0.4604245038530109,1230,11.122159619468775,desktop,0.5865308794174956,college,-0.16322531185587796,Other,0.4427564223382855,-0.014762994851674316,N,0.9633273858560963,44877.10120707634
28c7542a-c3f8-419b-80a0-8f4c706e2c61,3-2,1,815728,360843,142136,295,0.34716527627635263,515,25.02806338188745,tablet,0.9706093284263675,high school,1.4768602936445343,English,0.6697262758818905,0.03593735761143191,Y,3.49052909857337,42906.82745637821
dfeed816-4de9-4be7-9ea0-775157c7bd76,2-1,1,788125,1014541,121971,210,0.8467275492418628,1261,30.39749475945025,desktop,1.8655025830029115,PhD,0.6975532611007178,Portuguese,0.7812864953896046,1.4428282547710576,N,0.12330584730689642,40459.43912360401
71a4495b-b507-4fbb-b247-6be543b98550,3-2,1,863697,389434,79674,338,0.3163200250247433,476,57.157803346310786,laptop,0.9702685790794612,college,1.1122885161786626,Other,0.604001410209628,0.04850026618610015,N,1.275686393928215,44524.528402634016
5e3b5968-8333-4c18-987b-b413b916f904,3-2,0,831099,400227,36977,138,0.7205218296894943,946,38.21656138113486,desktop,1.314571977458621,college,0.9596247100974616,English,0.27845991397724384,0.04063179121102606,Y,2.914714097694396,44628.724042662965
ebe32dfe-f98a-490f-a017-f2872a47a1af,2-1,1,314280,166069,115598,278,0.37107492197884095,487,30.950500785573485,laptop,0.6784697741539398,graduate school,0.9734239817565283,English,0.3387829910544643,0.848400915871395,Y,3.1221193285653994,45370.98509959161
832f42b1-7702-43bd-a55f-a71c4ad85b9e,1-2,1,83652,118829,75402,277,0.8823074267700253,692,60.12589057863772,laptop,1.4180937123028245,high school,1.1462874609136535,German,0.6876755683808661,-0.05951597854160817,N,1.24604486213188,43907.12998926685
e1f48355-1636-4f4f-8966-a26d86a48b3d,1-2,0,428521,117459,28570,302,0.9165680513741084,633,39.539296121782016,desktop,0.43001984635680823,postdoctoral,1.5952009423815405,Italian,0.552833221584,0.2991015658886118,N,2.95765442186647,41208.467441206114
bb13e1f2-6905-4fb4-89d7-e517633755b5,3-1,0,928101,259835,64404,134,0.7581419139503186,941,31.754475722598855,desktop,1.3643549551547758,college,1.2436490857447713,,0.8212121018811023,0.8475395401319084,,3.140014877644364,41534.90715189241
314782d8-515f-44b4-ba28-8365f8811ae1,2-1,0,244381,583538,135500,302,0.1517063861215609,1169,26.93729955936463,smartphone,0.797701559313654,college,0.9049170771398006,English,0.4299897120572594,0.34723546368947716,Y,3.33393292530541,47176.93677609322
ac03d866-ecd8-41e4-9938-c4b098048187,2-1,0,820915,782595,43627,273,0.34249393396794053,1207,56.10060196298633,laptop,1.018759483368225,high school,1.2099590693345583,Turkish,0.3706073597424165,0.43209776182070875,N,2.9267365640894374,44359.49907957108
bb6d86fb-97e8-406f-b440-8dbc6e8e7771,1-2,0,759613,884368,13771,140,0.7837603215909257,1032,39.45282912073397,desktop,0.5956811206027137,high school,1.6196780137069058,Danish,0.42915684268568843,1.0094010588759326,N,0.3053519151389501,43096.90711900016
74103437-cefd-47b1-a905-d85399f681db,3-2,0,518179,371317,35282,223,0.890993602766381,1085,44.19127352200552,,1.423514892537282,,1.4994814685831876,,0.4734035505242626,1.141443715599465,,0.5719651896610103,42676.6321375291
c10c2f4b-5e25-495d-be7f-9678adcb45ed,3-2,1,20256,120487,130655,180,0.8996082309550687,600,42.120199389134946,laptop,0.4497070198603168,college,0.7052326378952762,English,0.7835533611322393,1.1194907405123664,Y,-0.3640191969261535,40462.91325349738
5013da82-22c7-47fd-a245-d7131d2fab50,1-2,0,822305,14648,25374,134,0.49848118083071324,1339,47.50073162236952,,0.8974926597102549,,1.3791570005504956,,0.7260372040463845,0.691466184338271,,1.9672844514013856,44381.61763979216
e66ac7c3-faeb-4b2e-8dbb-929d29a3bb65,3-1,1,587891,731747,47598,325,0.22524082019180386,1302,32.840098292327305,smartphone,1.0357497270983695,high school,1.8816676346865104,English,0.8937535071131423,0.8083501980713219,Y,3.5484883549849626,44353.54044760318
bdf3a343-8379-4a21-aa09-be0ea98c2e96,1-1,1,105781,502021,2613,377,0.12971551039960894,1424,49.76072619270356,desktop,2.4659008634754374,high school,1.2836374774155856,English,0.5448978905779617,0.32843195949964327,Y,0.08339397120056136,46539.86266175791
e5afeeab-aaf4-4200-a67a-5ea0b861dee3,1-2,1,299805,434969,26687,169,0.7484388181920439,450,24.121000129849623,smartphone,0.6408244825674773,high school,2.0172188498081467,English,0.5142729912859485,0.11161281615757324,Y,1.5550044342494702,43880.13261692112
cea04555-57d4-4edf-9198-e8aa302bc070,2-2,1,71587,836387,119033,265,0.24618943815985556,557,35.96038034507759,laptop,0.6358505374366908,college,1.4101512510093048,Dutch,0.4316690142479615,0.6242987146646187,N,1.725537609232446,42767.16859201053
d0480270-621b-4343-80db-a5252e9d0a29,2-1,0,589639,769342,88232,374,0.3226067268864654,694,31.8715307312444,desktop,0.6512438125811331,high school,1.1045558204488068,English,0.5274684750396945,0.44545868921615,Y,0.5420261598755045,41565.14749753728
eed8457e-2f39-4f4a-a3fc-7bc9fa57d880,2-2,0,461018,753975,94341,189,0.5066400989916247,428,27.390009856692444,laptop,1.370784748817494,college,0.11254396170964587,English,0.21820276497444435,1.1050013515138426,Y,1.1622110027018453,45821.79982344622
08e0c3b1-652b-4be1-b8fb-e30789efca15,2-2,1,708125,399480,30224,285,0.35800250119811583,618,19.757499329016337,laptop,0.3673119188770825,graduate school,1.0754692171609457,English,0.3305033959479893,0.8485872279682526,Y,0.3272724223048602,45936.14301551008
05a92b52-f72a-42f9-936c-9258bf385bf3,3-2,1,168294,507326,61839,117,0.43200078834026245,448,25.790330042718026,laptop,0.657524390968523,graduate school,0.16560113358342765,English,0.3496599206362412,0.00880949890389332,Y,1.724311628356073,45433.00334732227
c2a8d24d-9630-4151-8175-0b42eb1aa9ec,3-1,1,837782,859938,24604,325,0.22099855380307942,418,39.57586865590305,smartphone,1.4658216961616986,professional school,1.1063742570852293,,0.7435264279714553,0.7393558368238606,,2.369328495530689,41965.448545160994
4f197cbb-93cc-4852-aad3-46d35f809f47,2-2,1,889065,38973,11049,381,0.4633343626200261,339,47.059356362324465,desktop,0.8218688627674671,professional school,0.24261437257189422,English,0.4802144268870069,0.9677459220743116,Y,1.605893604795078,43479.757939568604
ba55d704-303e-4928-9c5a-9c2838360e3d,3-2,0,470137,517012,59295,371,0.12566398835587467,507,39.87329260410229,desktop,1.0726040990870553,graduate school,0.19474992171015204,English,0.5366179565583886,0.6283963555009111,Y,2.607706113614153,45004.41820498816
d5862d1f-db68-46d7-b717-dc2a7f78befe,3-2,0,889673,412053,33133,371,0.3727490307833934,1074,48.20343883702468,laptop,0.8729863694558138,graduate school,1.5218612291338485,Dutch,0.1859944646691215,0.3915231605956701,N,0.4764413245276873,47466.79350572892
ad72ff21-0001-4c71-9657-91f0af317112,1-1,1,867944,32042,66005,326,0.1698565730514326,604,27.082498908554573,desktop,0.9381743226551184,graduate school,2.2591264279380674,Other,0.42427117035942696,1.1395322187809285,N,2.0032658867709006,45245.04294853758
001d6664-0e5d-401b-bfd9-c2985739e2ca,2-2,1,833701,285494,105001,279,0.740004213355284,1322,44.645273071668356,smartphone,1.0057276384606026,college,1.0358371195652578,English,0.5116201469164151,0.9272865730235601,Y,0.9863016581955653,44944.654180254896
bb6d86fb-97e8-406f-b440-8dbc6e8e7771,1-2,0,96830,529639,114509,168,0.4811919377322502,668,43.88637694599149,desktop,0.5435876596402687,high school,1.7956923814623371,Danish,0.6045983089011503,0.3196584851188409,N,0.09797893150246262,42306.85071467876
482de720-e72c-4225-b693-68609e6db53b,1-2,1,935095,973597,30716,171,0.6219242937688667,1234,16.710069849014335,desktop,1.1490452680756502,high school,0.5559344857351369,English,0.6310063753927816,0.2478863921974956,Y,2.563417831619414,45410.32377340059
cf8cc387-399a-46fe-9313-9f73def19457,2-1,0,64163,592206,86929,199,0.8770344558776813,1353,16.714629341909337,laptop,1.0020002687248215,college,0.9007230896039761,English,0.6093923740060502,1.116854725127756,Y,2.512879779871312,42609.216855957224
5013da82-22c7-47fd-a245-d7131d2fab50,1-2,0,28495,855444,127875,107,0.7620176977692454,1420,35.640544128032964,,-0.07672606548639371,,0.8951269782225314,,0.8207994318633329,0.6672812578184882,,-0.017800445013407717,44427.55199422978
2154a0f3-a816-47af-b00c-16d398859afa,3-2,1,850954,586248,73723,189,0.411533031566231,731,64.75187456677662,smartphone,1.673159224316097,professional school,1.866707279169765,English,0.43967437763048983,0.19889491241893437,Y,2.6892128453366566,43520.93660871854
ecae14cf-e3fd-4699-80a4-5aa81bfd8076,2-1,1,464909,600327,102423,299,0.36373453168071207,879,41.57316365962309,laptop,-0.18512765089155958,college,0.5998267491686153,English,0.6654943868508783,0.43315012269835007,Y,2.211959356555001,46295.102409538355
24aa2b4b-800c-4a4a-bac9-727b1065e142,1-1,1,972094,462603,43573,182,0.8146979148944721,1381,31.966296926964116,laptop,0.3864091668003272,college,0.23415790523262925,English,0.8619833918234912,0.07807816390940198,Y,1.177658194572435,43354.47813308746
f67e5c09-d2e4-47d1-9df5-bbf2a9c7765a,3-1,1,605989,498882,84293,260,0.30375196361538076,968,54.078182224445655,desktop,0.7477262339535045,professional school,0.9806569109547871,English,0.38278164882032867,-0.3282198855948426,Y,1.9622575135656803,44023.60842920731
e5afeeab-aaf4-4200-a67a-5ea0b861dee3,3-1,1,379665,509997,15374,115,0.10179480132216151,304,31.030034565251412,smartphone,0.6632323725794063,high school,0.7850974695708852,English,0.6642210346334677,0.5443537591758185,Y,1.2353382144398826,41128.011195844614
dd3b3024-ad2e-4cd6-8c24-3b0c6ab90dc0,3-2,0,131575,971515,137842,113,0.5069137578879284,1096,45.04588999002377,laptop,0.849527073113511,high school,0.11217043639538415,English,0.4778642784294863,0.6972743855002171,Y,1.8835625138864944,44741.47733745701
618f8406-daaa-433d-aedb-3a72a9f3a947,2-2,0,566207,391928,142528,348,0.3448787423704215,721,43.07099723861542,desktop,0.6722039941024358,college,1.502005663612534,English,0.43427287765114997,0.9652841719940175,Y,1.0790439409594568,46674.09620384358
a8a7b6f7-3663-43c9-a149-88a058e52ccf,2-1,0,847755,792424,6809,284,0.0384894277775385,1167,19.64417152393435,desktop,0.8091805616680103,college,1.059897900354795,English,0.5184625267187217,0.47410802956881587,Y,2.94028687976439,43633.83335158606
52094e6b-59e3-4905-9151-73e21750879d,1-2,1,723888,857440,16400,302,0.5080494280860479,1309,53.62024401317147,laptop,1.4045557910499522,college,0.1295087848952161,English,0.8599216042448368,0.710169549418947,Y,2.3177282866959272,42789.951511344385
24a6f167-5017-43b5-9dfd-891537602f94,2-1,0,7423,929253,110217,329,0.8612440710088418,578,39.437915014328574,smartphone,1.4170586609108442,college,0.30639508641195723,English,0.6243524619929314,0.9522364803797936,Y,2.3146406840209606,45030.484967545235
8d488770-dca3-4c48-bac8-af2e74d1dc4c,2-1,1,232282,976873,3840,380,0.7819219934261757,412,40.64355311522373,desktop,1.3254696702946673,college,1.3012204110660313,English,0.7719669420733513,0.3811296493063847,Y,1.12203379425603,42579.58035082842
bb6d86fb-97e8-406f-b440-8dbc6e8e7771,3-1,1,838487,211432,49672,356,0.5798221434230153,1299,27.668057194605378,desktop,1.178545442541656,high school,1.5386427590782394,Danish,0.3828047829673401,0.8325625129043289,N,2.305576770544377,47626.57458918793
08e0c3b1-652b-4be1-b8fb-e30789efca15,1-2,0,825477,216024,8675,224,0.3867167395889576,1379,36.477130780643336,laptop,0.3481349539586137,graduate school,0.575515038494087,English,0.5554195386222102,0.5512538109098322,Y,0.6403310417941135,45385.71793367149
399592be-b15a-4ab2-bd28-0a210fefea30,2-1,1,74378,748418,107699,177,0.571463344243992,534,44.66735303357045,laptop,1.2737873887345292,graduate school,0.5114381840819806,English,0.21227524149572097,0.3489295158509881,Y,3.0896077403803295,43064.2028273407
c0906133-d1a3-492f-99a2-6e5a6c56f767,2-1,1,986675,940473,75858,117,0.35935956405497377,906,28.413776867520557,desktop,0.9681714149411078,graduate school,0.540524107927516,Norwegian,0.6096324919305649,0.8565690669902375,N,-0.8401942281735573,43178.30776835349
63bc2403-a08b-4c51-8b2c-01e6cbfd54d3,2-2,0,234010,842029,127078,295,0.9652500896273216,513,29.603371774121662,laptop,0.6964461850050224,college,1.7323003209788401,Chinese,0.5570155661030054,0.4799952130853077,N,3.6575655185692635,43535.31608456169
025562fd-3b78-416d-b71d-1bab3f5fe6b6,3-1,1,784692,235430,140143,167,0.4205408431528353,1006,29.785140329977292,laptop,1.1108494150977455,high school,0.9484549951931999,German,0.3911088117919877,-0.6175823673882552,N,2.201280802933396,42499.121875100696
94001a0c-b948-4223-a92a-eebe14c48d2f,3-1,0,99477,882251,102203,298,0.2160327463084496,1248,33.92062808331726,smartphone,0.6612341633614253,,1.3388667606872429,English,0.6949062838965833,0.5491307671831147,Y,-0.7104240268852613,46887.44098660708
b6b69b9d-a92f-4ad9-aa34-a654185cbcfe,2-2,1,443534,637875,32534,185,0.45129568114291674,1408,32.42003632883101,smartphone,0.8794927480726229,college,2.1389792362374305,English,0.7532871316703276,0.8443802551034988,Y,1.3644772034741843,42830.63566167195
a7961f82-b7d1-4a3c-a0e2-6f03d8424b4a,3-1,0,817025,663991,116767,205,0.5501864846625871,870,29.55045258064862,desktop,0.03311439826218576,college,1.8335335778284554,German,0.5258115899933749,0.5506364882678813,N,1.368250335799095,44201.551732671
a8d07b3c-a7d4-49c9-b2b9-07c268f706fc,1-1,0,164120,381,48520,223,0.6730737571503455,817,47.07294939451461,laptop,1.6917279313257119,college,0.5612569819097163,Other,0.6017452890799008,0.36654604459712037,N,0.5452008680321476,42267.21987704002
f9557d5c-0a28-4f14-b9bf-1a0308ed9546,1-2,0,674597,664860,36460,191,0.46852816591236685,336,51.90775725711344,,0.8332466782118948,,2.005323409923289,,0.49942287802326635,0.6049392315096634,,1.6158838713955974,42473.37954420819
7a8f85f2-03e4-4714-995d-c15403d9d38b,1-1,0,92654,247634,131787,215,0.2987115213146284,371,25.60613614491526,laptop,0.8832738078148537,high school,0.9758783827665387,Finnish,0.40089262154872796,0.4225542716454872,N,3.2318026066925967,42403.05695986436
bb13e1f2-6905-4fb4-89d7-e517633755b5,2-1,1,454925,800021,74945,265,0.3771134294798747,551,52.32617343560586,desktop,1.5451952767096988,college,0.9213860516647081,,0.5976131676160497,1.3382364254298613,,2.1744540591276147,44185.79436014076
347a69b8-232d-4315-8829-4c6a7374bf6b,3-2,1,11842,2161,133014,374,0.6686604649895187,778,33.30952804338553,laptop,1.408922143516874,college,0.18346004345859523,English,0.09771410069385089,1.001954537501966,Y,0.06403689064776175,43915.694680636756
f4c048c3-5be9-4b2a-b8fd-4e03516dac50,3-2,0,629719,805956,47808,262,0.5921446192508467,1127,31.295350611139142,laptop,0.9699613302320992,college,0.6802688385503148,Chinese,0.6639095907386404,0.48890093192885126,N,2.050021972687724,43978.080913478734
5d7f8090-1b2b-425d-acdf-31cf8ff2f527,2-2,1,462583,525234,4981,269,0.4664722598101546,584,45.12774286961604,smartphone,0.5999333607380121,college,0.11631462779917445,English,0.4822082224786951,0.5537761484796584,Y,2.006945039944877,42053.39340276489
c10c2f4b-5e25-495d-be7f-9678adcb45ed,3-1,1,925627,913827,137010,127,0.4792590827331819,366,36.57696923663131,laptop,0.312381355384734,college,1.3878777153501702,English,0.33395714550222466,0.5359598398131947,Y,1.9167554399801292,44056.66409373453
8cc63a40-be0d-4ffe-bf7f-45d515c40b6c,3-1,1,21205,831620,119525,166,0.798297841261842,909,31.97867475166515,tablet,1.8485118755308192,college,1.7920393623870958,English,0.4462532165108572,0.7729794727904602,Y,1.2810199404681242,44411.70975447973
10497147-ea3a-43a2-8c1d-61e871fbe21a,2-1,1,37623,730603,105977,322,0.7658747925447524,1085,35.40666425399424,,1.632045963387563,,1.5170090439631516,English,1.0117659158463437,0.3477824990135905,Y,2.0751729093094515,44370.130376377194
ee53e6ab-48ea-4636-8141-e636a103cbb5,2-2,0,297167,352643,120345,224,0.5751159287425666,590,25.829322904018284,laptop,0.4848709250841715,high school,0.9832187056596516,English,0.5615686011401072,0.5271498644509967,Y,2.4857959875947016,45014.39601300808
089fc400-90dc-483c-907e-f7143fe77183,3-1,0,78974,290102,6601,294,0.6322148051617401,1068,37.84950477055312,smartphone,0.7718411423607671,high school,1.058380098618386,English,0.5846584932065688,0.3998660168297751,Y,3.6362052292688443,41607.4088213059
5d94e05b-6915-4406-9c52-0e12b11f5c0b,2-1,1,595689,966409,14019,137,0.5626857077146975,1051,41.39545367166806,laptop,0.8784168431623299,college,1.6636535828225953,Indonesian,0.314459445657957,0.43202622389533435,N,1.9701350326589162,44458.18289677885
352a4090-79aa-4827-b4b0-f1bffd883940,1-2,0,319850,893946,114945,222,0.3025363279090594,866,32.22482464086576,desktop,0.8064824073488612,graduate school,0.6007601250555408,English,0.5025042727311286,0.10438259219592894,Y,1.0413433315727088,42260.093327750874
e781e374-74ed-48db-8e39-bdd209a83470,3-2,1,901415,1014555,86197,193,0.3131346145344982,339,26.707826732498724,laptop,1.1049706286549037,college,0.4227628954453071,English,0.12437234162100314,-0.06022126833948582,Y,0.32867827424191365,45343.281947115735
332f3d22-0b01-4c63-9df3-aed8cc851469,2-2,0,119664,644009,27447,269,0.727455082161229,628,15.315807536018855,laptop,1.916940205727681,college,0.9606196435157406,English,0.42459850942232313,0.8232921989228686,Y,1.3830548375282343,45960.41169065969
a75e076f-3028-44a1-af60-ca3b3bcaeed0,3-1,1,374978,124225,106628,147,0.8723020922027569,642,31.606786846233355,desktop,1.0453787787624085,college,2.4045020511657906,English,0.5385346195696269,0.5583746819384088,Y,2.2260189417182215,41515.45996523106
d6ab955d-3293-4ce7-9390-bc93ff535cbc,2-1,1,780699,928391,51485,307,0.13049512681482284,361,4.8937822517038505,desktop,1.5503355252985505,college,1.460413487980341,German,0.722999205879973,0.7645344122095785,N,1.866971629107797,46509.02123582867
264b7cb3-a20d-4fe4-9f75-2a0dda8f6300,3-1,0,725797,209282,139610,239,0.3792157141645857,534,32.97400949927223,desktop,0.9909508672025281,graduate school,0.15479792749721233,,0.31294713435862953,0.5960300642184169,,1.3852717299786688,42303.727021575396
2ee3c271-be10-41d8-b778-9c5d7d5b6e52,3-1,0,738495,617562,30927,367,0.5005328954344047,1144,9.301195758612451,laptop,1.7434089421936005,high school,0.4546952100489905,English,0.6279954820361644,0.5520233192744574,Y,0.4721194215428366,43436.78925467635
28c7542a-c3f8-419b-80a0-8f4c706e2c61,1-2,1,372470,87807,48680,243,0.14664337448138753,812,53.854205249014115,tablet,0.6760301112327602,high school,0.8853276105430932,English,0.23809342387806526,0.5468458912563607,Y,1.465267374478196,43192.986090803926
f1d9d03c-16e7-467d-8734-070773d65aed,3-1,1,360349,199734,140215,234,0.2618805456489871,494,80.88675888615913,laptop,0.9588998256021024,college,1.6082537558915906,English,0.5052517473361442,0.18542201713328255,Y,-0.16666526549461858,44886.65688963079
5d94e05b-6915-4406-9c52-0e12b11f5c0b,1-2,0,715448,816656,99378,315,0.7645098255553421,436,12.900776953603977,laptop,1.8484926544328442,college,0.7215009994801967,Indonesian,0.43693304688696705,0.46561626245801574,N,0.6906495303299056,42509.86446723622
5fc65dc4-1722-4f54-bd65-720c734f2d00,1-1,0,635067,521063,103085,361,0.39210652892201414,475,53.41961419721106,laptop,1.5510275489608567,graduate school,0.9391663457443213,Russian,0.3466325285957761,0.4040150095035064,N,0.4767972597920085,46833.7318829945
55ceb008-47a1-41ef-82f8-5527e474f4bb,2-1,0,1015103,701534,10393,106,0.6126531540738499,313,32.81973550035757,laptop,0.807362761464744,graduate school,1.6544016489959477,English,0.13982809642694255,0.505708167235835,Y,0.82926348761767,44455.90767772641
4be26ab5-1d7e-44bf-bd62-0a66c914394a,3-2,1,890763,688144,67702,240,0.44480460255555015,685,23.548143643127084,tablet,1.066439948205884,college,1.405598743483302,Chinese,0.305203658241306,-0.0611488097684425,N,1.2680294228060622,46651.85766469021
7a8f85f2-03e4-4714-995d-c15403d9d38b,1-2,1,923434,396328,93742,180,0.10986763259191745,1340,34.37491987983736,laptop,1.984832982803494,high school,0.9757867879224341,Finnish,0.28070249450902307,0.3425034350528999,N,1.4210210940050838,44517.232009888554
7a8f85f2-03e4-4714-995d-c15403d9d38b,1-1,1,501570,587562,41744,320,1.0573571245489328,1433,14.177554388903282,laptop,1.4640956764673683,high school,1.3467293432579326,Finnish,0.31013942389537247,0.6532473529362259,N,1.7354401591378994,42292.20173549727
44e64898-8cc7-4234-86f8-f68036f35eac,2-2,1,772420,386699,44473,182,0.7465570609771474,1191,31.40017045839373,laptop,1.8692707831405126,high school,1.284304508261498,English,0.27315542687112165,0.5476969003803582,Y,2.663399886567523,43952.8416309069
014c91ae-55d5-4aab-87e7-77c677f8a128,2-2,0,62456,528055,101830,169,0.8999119222599877,1026,47.81195845906332,laptop,1.3098552099570402,college,1.8776136547390152,English,0.4837427773493711,0.8977866803534693,Y,3.26239238884532,45351.03067591398
c6117094-afdd-4f97-9496-9df675e1485d,1-1,1,696563,139243,58355,166,0.8188288833116194,352,26.955721152807904,laptop,0.5066664741452868,college,0.34222671098472546,English,0.34922279266869893,0.7545559580712017,Y,0.16045859001104978,39681.624105479794
7a8f85f2-03e4-4714-995d-c15403d9d38b,2-1,1,986851,278043,61203,319,0.6794828948475258,943,22.07043724494924,laptop,1.1158891970319527,high school,0.4218485570707309,Finnish,0.5776968414782553,0.3448144701242374,N,2.7698627708657977,45009.801791985716
482de720-e72c-4225-b693-68609e6db53b,2-2,0,428102,777097,21673,207,0.6809194163635364,469,28.011798876529227,desktop,1.446648672382028,high school,0.44880731829140297,English,0.8100650346068344,0.32141935161312457,Y,0.6251802706844789,46104.16335036772
bca2bb1f-e075-4290-bb59-fdd14fd7f870,3-1,0,613747,488279,118267,119,0.45740090334448547,476,43.504264948230606,laptop,0.9067966531076745,graduate school,0.39449698576592407,English,0.5138940585539449,0.28901347856508963,Y,2.3951956137407757,43862.505775882324
790f5896-c569-4e73-b88b-b931b27dc799,1-2,1,716170,980463,96356,213,0.6988733452883673,1238,40.83777176698251,smartphone,0.8751873968959675,high school,-0.3510750936772866,Dutch,0.7151172978339904,0.8866145804083516,N,2.0229216790177857,41852.196056405824
e15bc5a6-d4de-4e87-a1c8-e21fb441910c,1-2,0,251562,585003,134659,288,0.5945320735350779,505,32.07808827306123,smartphone,0.8322733682559982,professional school,0.13737335212304647,English,0.5292186451348293,0.9013469148649343,Y,1.6169652002672235,42736.545716687986
1807eb20-6d3a-4efc-a8c4-8901ef1fca5f,1-2,0,432970,79412,73383,218,1.0705143156432264,968,29.58259085848077,laptop,1.4754508360854626,college,0.9649518656070359,English,0.555551154969491,0.5488191962148388,Y,1.5585615659973275,43775.49319962707
028c35ca-c434-4a6c-9706-5752290c6d4a,1-1,1,862275,249569,134622,334,0.40320320870557025,354,41.39246369192341,laptop,0.4558242874167021,professional school,0.9932855289054102,English,0.6041042190616827,0.2830264001817251,Y,-0.26901744506842507,42495.19998352273
638f2a54-a63f-43cb-bb8d-57d901598260,3-2,1,853612,443734,80948,372,0.3203773352189222,551,31.776530724455995,laptop,2.3604747760085205,graduate school,0.7413484875057987,English,0.5104525241957948,0.7560724898840812,Y,0.19035194729390903,47708.05134703442
44e64898-8cc7-4234-86f8-f68036f35eac,2-1,0,928988,757895,52053,108,0.7233204568142082,1364,45.073193555410064,laptop,0.8944413784755464,high school,0.6902077216345781,English,0.2386075993744613,0.2614573091233413,Y,1.0584471682572842,44474.38453983636
dfeed816-4de9-4be7-9ea0-775157c7bd76,3-2,0,957604,68245,76136,365,0.6835336906709003,536,31.5269928462268,desktop,0.12110256318245505,PhD,0.5518764400431383,Portuguese,0.44234290143466254,0.34843840493435074,N,0.8356439810927431,44638.133072275916
9841a311-d989-42d7-9ea6-f5d4e981c98a,2-2,1,470826,837847,3457,332,0.5785097970722963,1366,34.319137382962275,desktop,1.2820714618168376,graduate school,0.36449617645781063,English,0.7221314004988314,1.4589219580986463,Y,2.322903364752336,47565.75674318322
60fc017d-b4ee-423c-9d56-6c2a06a3697a,3-2,0,722162,86108,87087,296,0.1956542058397604,412,60.45634390350433,desktop,0.4023800478209729,college,1.6147452434785277,English,0.7183326634535437,0.18593958124051324,Y,-0.3875971646017051,45892.32872416557
540ad2c3-6798-4093-8f1c-3c3a0ea94ac6,3-2,1,575167,244075,134839,335,0.688916077846488,421,30.200062823627288,laptop,1.474975230126263,pre-high school,0.9081699960618053,English,0.569727870303719,0.581821323186037,Y,-0.3598098485218455,44812.80170957832
716744fa-dda1-4423-a78c-87e4633852b3,3-1,1,132898,349518,88647,197,0.5772994375149372,1037,44.20183493514978,laptop,-0.004488967350052331,graduate school,0.4086307521470469,English,0.49111458744206665,-0.24744535910359222,Y,-0.3451326271735504,44063.65853562891
45fb1767-91e9-4d69-83f1-3c781425982a,1-1,0,523443,893410,33132,133,0.896520288592002,1246,51.49976896058257,laptop,1.0532581441933848,college,1.235931669212628,Other,0.8500441221631645,0.5819573199748256,N,-1.2239546036207818,41545.82837861464
0c06a58b-c629-43ce-8f6c-2a140dd88b66,1-1,1,807425,206823,133692,359,0.8217679868248027,378,50.25484600010499,laptop,0.7263832261332596,college,1.4222098958730989,English,0.42017416045052497,0.7659212588955335,Y,0.20396574994024097,42280.534528720025
20bc2c15-8c8b-4581-89b1-ce290be145df,2-1,0,503245,206482,89762,172,0.739207684164739,544,23.86023012833215,smartphone,0.06283063237924036,college,0.9171308452490033,English,0.17627004968720306,0.7640638497609648,Y,2.9068311945476197,43122.177590728024
fd573d43-4bb4-408c-a8c5-790b562841e6,2-2,1,964974,965022,78114,151,0.532831782290478,1187,22.528677379817836,desktop,0.04148479587198062,PhD,0.9225911899099775,English,0.5461798703997175,0.3693368013204721,Y,1.5796695841476485,44092.34629724715
6fcb6412-d8d2-42f2-b80d-d820f1f57684,1-2,1,190549,947408,72080,204,0.6609039211130947,1430,33.07081987229194,smartphone,0.7700394854552383,graduate school,1.3089768493831815,English,0.4963582799036685,0.15476787916988838,Y,2.360192501624071,45564.176108401545
b038618b-9b28-43cd-b9c1-ac984372d993,2-1,0,917193,576231,58269,270,0.27465391213406354,1357,26.978824407846517,desktop,0.4920471407747715,college,-0.06658548469756664,English,0.4125269192133614,0.8759037806890926,Y,4.287261720751921,45030.98596837826
8ee594b5-8f8a-4ac5-874e-70ae8f41cac6,3-2,1,958465,728288,56786,259,0.45513278621500725,1400,7.912515442323844,laptop,0.40648821053200446,high school,0.6389960824437109,English,0.34082100165924534,0.25005192934121767,Y,-0.3901537348067454,42374.82671923941
204f52c9-ca1f-4474-a4c9-ec189e17161e,3-2,1,745751,271994,97353,294,0.7357411017381796,344,48.07631193254081,smartphone,0.9817352081309065,graduate school,0.9229437771928584,English,0.4978605928279446,0.5502259876285372,Y,2.4252526526149545,41963.47913306862
b6b69b9d-a92f-4ad9-aa34-a654185cbcfe,2-2,0,793401,696844,28744,149,0.6236422608882269,567,51.89492842019153,smartphone,0.8122388177599149,college,0.5333332641851425,English,0.7762757913029039,-0.02293640479331327,Y,0.18310725804026706,44359.07345498006
b4161534-88a5-4dd5-9160-ccca3961fb40,1-2,1,931904,963677,117678,149,0.6810924860366895,339,30.794393083776857,desktop,0.8649285638715085,pre-high school,1.6050834754317331,Russian,0.1021338311148347,0.6486515835153187,N,0.13347287933541319,44129.43085553816
618f8406-daaa-433d-aedb-3a72a9f3a947,2-1,0,248349,519657,101504,297,0.9320866591735155,459,23.553410238828384,desktop,0.9583273623623997,college,0.5067308143064473,English,0.47733788371417885,0.7423120210691125,Y,3.212705449377732,42907.11260326886
e5afeeab-aaf4-4200-a67a-5ea0b861dee3,2-1,0,65282,566455,18568,290,0.4928303189824024,795,27.577273737292074,smartphone,0.8065293433371478,high school,1.8172853681414982,English,0.477566667319451,0.2876690508044516,Y,1.4772130483769115,45356.32429822612
fa08b044-8623-4659-959e-63953534e08d,3-1,0,719563,945110,113210,204,0.3504800736432766,1044,56.527746183180255,smartphone,0.8337182833829981,high school,0.6859162836048904,English,0.6868468772055036,0.729479709741004,Y,2.470883721708873,48700.43385431927
5e3b5968-8333-4c18-987b-b413b916f904,3-1,0,673843,349065,20551,318,0.5322908802830291,977,46.04033556589678,desktop,0.3196905983387148,college,0.7511582801973166,English,0.5528900286318121,-0.0838505016096387,Y,2.498430378626597,45245.207329515375
49dd7632-70f7-4146-be5a-cad4473fb75b,1-1,0,458069,785449,110125,354,0.26788423398107886,366,22.99598732742779,desktop,1.6591594878519733,graduate school,1.8551712428488363,English,0.4593205502426605,0.8405241058307658,Y,2.328760901855895,46643.14051333673
cfddbee4-d7bc-41a2-b2d3-a6380269d199,2-2,1,612596,255938,10615,273,0.19273244798700706,685,29.39757725898433,laptop,2.0434634200496102,graduate school,1.2137129379303557,English,0.2693250461678224,0.8586878605152969,Y,0.9545599009870676,44217.70627635382
eba4f35d-64b0-4b8d-a3cb-fe43c8fc6e77,2-1,1,956554,907130,87122,312,0.3400474901479593,816,42.72584911409675,laptop,0.7501081964289423,high school,1.522952287619606,English,0.31588687985117103,0.6313526410730275,Y,1.379465097489732,44367.29531283606
2969f3fa-0544-46ff-b5ad-5f14fa846a7f,3-2,1,749347,916831,89079,335,0.6970861233436437,441,57.54652599705069,tablet,-0.3108699740949752,professional school,2.3719551922621767,English,0.5963293577588066,0.9426717375817687,Y,1.841541843273587,46577.03488430877
9861dbfe-d228-40ed-9c0b-ad0a8866adfc,2-1,1,438691,797011,134489,212,0.2599403008167738,1103,48.97762326529149,desktop,0.6716833237648293,college,1.1284368451077347,English,0.5289987280431218,-0.23009636901407948,Y,1.9188750591516723,46185.23069218143
1807eb20-6d3a-4efc-a8c4-8901ef1fca5f,3-1,1,982339,212210,64778,352,0.8041602122041402,810,18.573428982031107,laptop,0.3621898328257208,college,0.8915747704313939,English,0.5387879063786002,0.6315126198444982,Y,3.1215915862043366,43866.11829884271
cef9fb15-e845-46ae-8282-8e7247078df1,1-1,1,50448,695728,50278,319,0.8251534049780198,905,41.364239911677906,laptop,1.2985065290661915,graduate school,0.7386635309559522,Russian,0.5146416309535786,0.12971312366916288,N,-1.5037571652962023,40701.79755404528
4bf638b5-36b4-4b87-977c-dbb48a337da5,1-1,1,245354,76289,84127,149,0.8392068287295955,401,16.945797518122824,laptop,-0.21827281082761862,high school,0.5776001743466966,German,0.6042371333708744,1.1963810773040557,N,1.9074741292989876,44637.90346757101
9175e447-1bf7-4667-bb18-dd7aacb6f4ef,3-2,1,141557,928015,35507,133,0.2643724634783372,870,38.64868122434539,laptop,1.2630746451385817,graduate school,0.8216310337034373,German,0.3108109505632751,0.715306502615652,N,1.475569092831119,44965.54370704973
100567eb-57a5-424e-86c1-4a02cc690c8d,3-1,1,302659,133626,1584,182,0.6148216929674517,384,25.87932433251519,laptop,0.850110790659488,college,0.49281817674436124,English,0.40395902302181086,0.9469287655065648,Y,5.235335177838934,42412.96855708584
ff595b52-47c0-48de-a732-ca6f366d3dfb,1-2,1,899854,216830,103460,272,0.5789947558806007,1287,43.162009603936745,desktop,0.4414493157357987,college,1.122119943048546,English,0.3304759615086522,0.2672508193096916,Y,0.6536270507701536,44267.317038636116
618f8406-daaa-433d-aedb-3a72a9f3a947,1-2,0,290534,1017063,116629,275,0.28704295350896336,879,31.845468931957566,desktop,0.7715453317757861,college,0.30150615659666524,English,0.5099081682345821,0.19939040989026918,Y,2.0268173802028406,47627.54103941662
72deb366-7970-47c4-9c54-b58c17c8874c,2-2,1,93890,652522,67173,136,0.3964791593028427,401,15.447436709882904,laptop,0.8510556874951265,PhD,0.6595794598473386,English,0.6840069048791133,0.28832656238996796,Y,2.3856363361950357,44906.52107089409
dc68d578-d73f-4d91-a515-6a5569f35516,3-2,1,455543,237867,92502,171,0.7713459813520269,838,43.488925691002606,laptop,1.4718040667598336,college,1.643247120202163,English,0.5698971521521787,0.6182581813379531,Y,1.6648298082668849,41540.937077899536
aea24408-032f-4620-986e-f97f5f47c28a,1-2,1,243265,83493,65376,245,0.35601477149027505,686,39.335080458781626,laptop,0.5632472115847005,college,1.960695746264102,English,0.4574797762360119,0.8785879228217507,Y,0.9614802319142881,40149.19651355899
5defc8cd-7312-4744-9ac0-ff39228637ed,1-2,1,899678,441748,93975,323,0.29793403763269377,1055,48.68291266295262,smartphone,2.0251875895152724,graduate school,0.5863584499213057,Czech,0.6917964073470261,0.2490327052503818,N,1.9720067031299535,47658.69806659808
525bf1c5-7405-44d8-a086-43a65dd46da2,3-2,1,842436,1004889,123903,322,-0.03805449310478015,1116,56.43030545738301,laptop,0.9976889397683533,high school,0.8708519151706628,English,0.3160163712955364,0.8704008665801729,Y,2.783105212590869,42135.887327914534
c0112282-2a3d-4efe-af95-387d581e0a98,1-2,0,429371,318972,68111,209,0.19294207091161253,1103,59.580371763066886,laptop,1.497278274285724,high school,1.1282706488488563,,0.1643760364651356,0.5114558478226662,,1.7453887808112856,47376.41510825485
026078fb-bbd3-403e-9003-57ef39309521,1-2,1,486349,508123,107635,130,0.5627447112023065,1018,40.8631920964439,smartphone,0.9773571664263544,college,1.249920235023126,English,0.7237339057210779,0.9805977548124072,Y,3.173497129496178,43820.19048354899
4f60135c-1cb1-4fe2-9178-b628b4c417e3,1-1,0,493418,124659,98036,203,0.5293870144901005,581,25.98265016882661,laptop,1.2099895763796449,college,0.9498954225043806,English,0.49968004086348966,0.45790495948287324,Y,0.19463272893743055,42904.2608244162
4bf66c16-79cf-49d3-a150-110237af0243,1-2,0,274694,812329,62946,328,0.4316506549835393,362,51.68908920046218,desktop,0.828796190807863,high school,1.3785715145100281,English,0.5612327482570556,0.46784097422978,Y,2.4296553598162642,42830.55487919632
96b2dfab-22c0-43b4-8799-2c759dd9163e,3-1,1,991268,866280,80342,344,0.17164277067090788,824,28.185939743556425,desktop,0.6731266024433467,college,1.6336008027947697,English,0.27931416374868584,0.6310737400775659,Y,2.294186928532957,44420.511958439616
bdf3a343-8379-4a21-aa09-be0ea98c2e96,3-1,1,439682,387605,45826,349,0.7112097479982373,850,49.262116159528965,desktop,2.1895803828722284,high school,2.5924814723767255,English,0.6086871852658061,0.753366167438146,Y,1.9257588688565932,46695.17512205176
e0080083-9f88-4396-bb69-13c375543c8c,1-1,1,870637,192460,7081,124,0.5258917822572614,1230,42.37437485297437,laptop,1.5109063136129335,college,1.1151710080965085,English,0.22489630915137793,0.7801266106480962,Y,1.5118207064931415,41336.56835855886
d77f1a0e-29fe-4341-9629-55666d082f4b,2-2,1,894376,441403,6764,226,0.7431132244112271,804,56.25074914125227,desktop,0.7990284516350896,college,1.0185379406837523,English,0.4189864389492032,0.8066957538492607,Y,3.161594221886277,42613.90702913206
026078fb-bbd3-403e-9003-57ef39309521,1-2,1,201435,505260,44923,258,1.0591234201065107,1352,39.03171465257535,smartphone,1.498014518951059,college,0.3206187129089021,English,0.6953047730870859,0.42153730660809746,Y,1.7383358754929479,45788.608736104965
b90659d8-9551-41ca-b0f5-deaff4b679a5,1-2,1,954182,729983,129784,377,0.3708834483524622,1117,40.88385783446526,smartphone,0.6400739645356306,college,1.2517412183934624,English,0.8477836279995219,0.18577820468647865,Y,-0.7980635483485923,42171.19723021996
7a8f85f2-03e4-4714-995d-c15403d9d38b,2-2,0,519702,952875,135353,229,0.8667767989247473,461,40.14506969603963,laptop,2.417556380906218,high school,0.3501774720153864,Finnish,0.6763772411837977,0.7445414230629747,N,2.0461351934877214,44457.98846814343
525bf1c5-7405-44d8-a086-43a65dd46da2,1-2,0,15718,105759,44410,296,0.6245696823820189,337,27.202947744142467,laptop,1.442703817190995,high school,0.6788647033552521,English,0.6923603843215991,0.12868021675543684,Y,0.899193471613442,42970.46546980435
1ea0eab0-36ee-4a7f-a855-db0d0c545a87,2-1,0,180838,180303,104920,307,0.5274525942626236,672,20.463063314555033,tablet,1.3085004342965556,graduate school,0.2955435271097875,English,0.6360464575871592,1.0933912297997619,Y,2.5520628355380732,45107.401583385974
bb13e1f2-6905-4fb4-89d7-e517633755b5,1-2,1,805748,201662,7087,259,0.1506957140306997,291,33.610264736787485,desktop,1.6290999125571017,college,0.3135439807558067,,0.44496510704234526,0.3100758588946671,,1.3096346469088995,41225.27346732312
c82105bb-8520-4727-b430-daec6fdef0dc,3-2,1,295427,233878,25988,190,0.4715617306333465,313,0.9317939584522605,desktop,1.2026025909401084,college,-0.13689404512583958,English,0.2723406415569053,-0.1402159441955394,Y,2.001899493989613,43179.58617521704
c82105bb-8520-4727-b430-daec6fdef0dc,3-1,1,312078,645548,61585,358,0.6241663482844685,947,24.341783418371698,desktop,0.6178787849430618,college,-0.15318453712756508,English,0.4783067824092807,0.6792167555852084,Y,3.1847244642390162,42142.67863058929
fb6a141a-25cb-4495-9b22-48bc79dbd24e,1-2,1,811498,786254,20512,257,0.2729115620342525,965,11.123016591590432,laptop,0.5769870099443013,graduate school,1.339927945422958,English,0.4278481908018441,0.583631178250155,Y,1.653784329429945,43898.24243546844
b6b69b9d-a92f-4ad9-aa34-a654185cbcfe,3-2,0,750277,65019,19928,233,0.16749189151233074,998,26.06991988817566,smartphone,0.4599853675987111,college,1.0449656366545323,English,0.6765141551956337,0.4466483759663956,Y,1.0620331658959496,46292.21457029248
204f52c9-ca1f-4474-a4c9-ec189e17161e,2-1,1,156941,59098,118354,114,0.021929448589350864,1258,45.31886882020411,smartphone,1.2069757849550062,graduate school,0.44385921255776406,English,0.643436666333735,0.12671743014997655,Y,2.839144437274159,44591.33560311314
84e4310e-79bb-469f-a212-a280f0defc2f,1-2,0,455249,65875,122328,125,0.1963698442126553,595,39.45150538055522,laptop,0.6998798292007113,graduate school,0.5909590628740553,English,0.5445649735634801,0.22070434745016804,Y,1.3038475255735171,41784.40720510926
db095ce6-bb12-4f37-88e2-d9e76be1b021,1-2,0,84849,320770,80840,330,0.5229538296985156,523,30.619715046171354,laptop,0.11664307297999177,PhD,0.8252573555286346,English,0.001291928913379703,0.39119047634914433,Y,2.405262996381811,43991.11215064979
7169ffc5-813b-4e4f-8e7f-9c59e92ec66b,2-1,1,506249,689332,65953,309,0.704241727596867,1206,44.20998158881256,laptop,1.4506363897369192,college,0.5435449854091287,English,0.3113246574731246,0.5889350622958223,Y,-0.022593916894983357,45357.07287721736
8716e0ad-f17c-4c46-97ed-2c9643a576b0,1-1,1,320437,314746,23684,233,0.6301797739215554,839,48.57195776338765,laptop,0.2218611205998634,college,1.3812941346786518,English,0.594075755053889,0.8801778547986877,Y,3.547732038099692,42453.45154864678
ff3d06e6-c5ec-4c24-87dd-0dfc42864aa2,2-2,0,916924,340941,87072,289,0.21824038368879772,1015,31.35884435698432,,1.5163004284761068,,1.1894339179789406,English,0.5182017511352712,0.42530029726764684,Y,2.0711458050196807,41850.069653853265
2de720d4-ef3b-4064-9437-2886a4fb5d23,3-1,1,761924,1007485,90514,366,0.3354553991339886,865,36.451872647809104,laptop,0.3770802370189479,high school,1.7512155606849538,English,0.8136317543985052,0.4047060446521262,Y,0.6835935243828142,44068.37181475192
9ae62339-ac5d-4e6a-bcad-c0235c043cf9,1-1,0,688666,1004564,140766,252,0.33524498253434076,1346,35.32958353846161,desktop,0.6628399024655209,college,0.9677791493748279,English,0.48792107060364254,-0.2642763915115166,Y,2.646944115161408,40578.59939961727
0e27148e-216f-4fe9-9572-c1317d616ac9,1-2,0,609331,421288,137827,211,0.42499191583811596,981,36.78918405684013,desktop,1.6411364623813762,college,1.3552839941805064,French,0.17038213970244703,0.20960715297878085,N,2.5449053309186196,44689.33781463731
0ee8e6e8-930f-441a-8244-d7788041cf5b,3-1,1,640830,992958,124457,334,0.7299252072312159,583,35.31079942632216,desktop,1.063973844765885,graduate school,0.6848352755621842,English,0.5057400422499037,-0.04853440095622363,Y,2.799205407459681,45602.26545811833
fc8fca36-1e38-4e4c-9112-621a6a9471e9,1-2,1,258091,880242,44139,127,0.732296998413069,840,35.275747203431564,laptop,1.2769839033228678,high school,0.5989699209336751,English,0.05133288195126051,0.25330073748879134,Y,1.130986115715401,39194.053185249606
5b4774fe-d450-46f1-bbcc-c33bfa496261,1-2,1,925086,777242,137843,320,0.12094460853924982,842,44.667147404996435,laptop,0.18167719988937892,college,1.9903770129295122,English,0.4960655620270117,0.052430677255271285,Y,3.0129393678737477,46132.29572641043
52094e6b-59e3-4905-9151-73e21750879d,1-1,0,627676,680476,10803,135,0.6272484575579588,1383,42.21901169609973,laptop,1.0744900612245794,college,0.801077039397164,English,0.5913450313544952,0.4742939063860512,Y,1.390238408038193,42159.89677287754
5defc8cd-7312-4744-9ac0-ff39228637ed,1-1,0,501219,565408,62287,172,0.800764748035182,703,49.05487161093298,smartphone,0.49720804564124854,graduate school,0.8933218476185545,Czech,0.6408815162949022,-0.03014127053681137,N,1.9838686971002573,42511.92744500504
c7962751-a043-444e-807b-543a4b17b012,3-2,0,761659,365,47723,143,0.5002359934238556,315,38.60588411107723,laptop,1.6835469417683608,college,1.3039476525855451,English,0.8612740482490664,0.21418788056956767,Y,2.3224476655158828,42883.508665482
ce47cbea-65c1-46b1-9520-f23d669514e8,1-2,1,98100,631266,76157,237,0.9184820242641022,1056,45.39562721397987,laptop,1.2644090236003087,college,1.1081003490066192,Swedish,0.8626168301022683,0.6332278976662589,N,1.2865056037257578,43279.743414812736
204f52c9-ca1f-4474-a4c9-ec189e17161e,3-1,1,122056,589671,54317,322,0.02231789465348355,1017,32.11787841262088,smartphone,0.6208364648008049,graduate school,1.456337061673311,English,0.6254621481363284,0.2827113742743239,Y,2.500654292287205,43648.600902151746
4bf66c16-79cf-49d3-a150-110237af0243,3-2,0,920133,510559,36207,124,0.4501605742686068,1395,47.831348576977,desktop,2.039997298855871,high school,1.4909476528394316,English,0.6468452441583034,0.3833598670162081,Y,4.5139502298881435,46601.29531045796
df64e0d9-db88-4977-a401-e1f442400556,3-1,0,473776,593670,142322,324,0.3522952426264737,638,17.241671375622236,desktop,0.7196095415144782,PhD,1.6757976062642372,Dutch,0.6061063041739894,0.7704346988401849,N,2.910559933198579,42770.082071531666
0c06a58b-c629-43ce-8f6c-2a140dd88b66,2-1,0,812964,780975,89931,319,0.3376572240160643,294,58.9927482630671,laptop,0.6338206493764438,college,1.5730646699463628,English,0.48984636354739686,0.11085771160229646,Y,1.6584833204947598,43102.81551862303
5b87a566-30eb-4ee6-abdd-aa5677afd103,1-2,1,785894,165628,126067,150,0.5053116088407935,835,32.12144581723603,tablet,0.8902026882721963,professional school,0.6054129198837681,Standard_Hindi,0.5367632153467434,-0.005734891688565447,N,1.6224290206012462,46752.15891130644
9fa1aab8-97fc-491c-804a-f4676c40ea0f,3-2,0,753604,103468,17599,341,0.581603292835277,1002,52.973655331382275,smartphone,2.112492519319754,pre-high school,1.2171658380847914,English,0.34669077380539526,0.5187302125923483,Y,0.5527461891750469,42968.05707800466
8716e0ad-f17c-4c46-97ed-2c9643a576b0,2-2,1,605432,648640,123883,215,0.6397496333450299,1106,33.117683908271886,laptop,1.2183642816880513,college,1.320928585833516,English,0.5935925874667478,0.31332332136687335,Y,0.4972446107274262,43571.764340041154
041129bf-1228-43d2-af14-173e38b15972,3-2,1,253998,889981,128641,136,0.6718208059799247,322,27.945511049002313,smartphone,1.0985383027695894,professional school,1.1538488963174052,English,0.9027229747620413,0.22580218243270223,Y,1.2911422217414497,43543.423252328364
30f84640-2830-433d-94f8-24d5a11d93c1,1-2,1,769818,212307,93377,162,0.6384652704240512,1049,20.019474564301994,laptop,1.1053080383784788,graduate school,1.1475829962716086,Vietnamese,0.3885813980829168,1.1289615970650737,N,0.9366917615674745,43814.97759972336
c0112282-2a3d-4efe-af95-387d581e0a98,1-2,1,217921,1003996,69825,238,0.2142549977719182,690,42.52854755111962,laptop,0.3472613191276802,high school,1.2524927841466327,,0.5126686816503642,0.7047937064775918,,1.6465877119778303,41347.49798328055
c16c936c-e99b-447f-b617-9453bbff6d31,1-1,1,696478,387838,94799,309,0.5929359494802666,983,23.118638473076047,desktop,1.2033646839821346,high school,0.4501344780136092,English,0.3571455422431906,0.41925520242082626,Y,0.513880153995838,40666.80342554255
4ae8593c-1ba3-42b0-9e6e-deed9cdb2161,1-1,1,535659,693027,53165,304,0.11402153280040755,1140,20.23772491367118,desktop,0.9812669345719207,college,0.8833410873668801,English,0.813100706404136,1.4886690189182963,Y,2.174100594682574,45774.25657840567
9294f017-a752-4e3f-9266-06922b940943,1-1,0,517281,725181,127695,146,0.740983564495615,1119,32.03472705130904,smartphone,1.5947846666354821,graduate school,1.2955161010728704,English,0.5893588252295877,1.0321402263488806,Y,0.654078406814812,44649.245993626464
475f8bb1-e661-4dea-af87-86ca2a261e7f,3-1,0,589039,472457,15773,350,0.4464867496062313,1353,43.75563400607824,laptop,1.6560106493786855,high school,0.11993258236878179,German,0.3714615139737458,0.8646879599241801,N,2.4452681451264526,45353.45152437117
2e50f9bf-12b7-4271-bed1-a1dff8a126f6,1-2,0,884210,316102,35508,170,0.46823743067393914,475,16.792153753285113,laptop,1.1004944405474,pre-high school,1.4981153903980375,English,0.37022357303931475,0.45738638568502316,Y,0.14693841785246953,42570.90378110919
276e0af6-a9e3-4de0-8f77-6dbf7f9e3c15,3-2,0,979509,453365,131355,360,0.23443339450220024,1358,37.43488439304185,laptop,0.45171121496088784,,0.02896673436563868,English,0.10892320164288166,0.9657882960566662,Y,2.0571331511669966,44837.989350800475
9e875d92-b04c-452d-870f-c6d62912ff13,3-2,0,595900,219657,33446,379,0.38269085196456853,508,16.352360299187144,laptop,0.7250830206341332,graduate school,1.1651353943928229,English,0.5407256113418102,-0.02492184200289982,Y,2.301824665735162,46701.43203022869
e893554b-e41b-44f5-9247-2f1b1ca49f52,2-1,1,155336,135717,121395,277,0.4111277029862172,980,31.336949567916463,desktop,1.04382875823252,college,1.0683366954681461,English,0.354322358658797,0.3658929887053412,Y,1.4260331408409643,41101.22297460946
4f8c5f95-808c-404c-9613-d9ad53bad8c2,1-2,0,820362,589389,122258,363,0.30769783413741547,1121,35.678976900350044,laptop,0.845484217027691,college,0.6413026639200751,English,0.44544683188006906,0.24033968661669158,Y,0.01512668895980318,47848.55044166159
5d7f8090-1b2b-425d-acdf-31cf8ff2f527,1-2,0,680293,444825,127859,331,0.6178309551976646,1052,37.77390363447774,smartphone,1.6018895551293437,college,0.5030176689936987,English,0.2878422780641895,0.0860159954570307,Y,3.0569246497561178,41102.22369557811
840a40d4-fee9-48cc-a027-58628a5ca9e6,1-2,1,804627,849952,10118,325,0.9520096070648998,821,40.09279707527363,smartphone,0.8927323881307925,college,1.7440655760943762,English,0.6578492368595572,0.649804093004041,Y,3.0906416138495647,45682.5479604804
b1a27fa0-3a9b-4b77-9c22-2f7ffd839812,3-2,1,578122,599904,137433,151,0.7640570347290347,535,41.48271803411415,,0.6998682507131294,,0.9565691242392358,,0.5662584072162686,0.8592407995294689,,2.364940133541782,42620.45189410197
5a48e48b-30ca-48ad-a397-3ecf853bb5c9,1-1,0,665226,650049,92909,324,0.7474203085134322,389,33.23060151330914,laptop,1.2772697537137305,graduate school,0.11431475791608425,English,0.5771976011421862,0.4285218783210844,Y,3.0494756121104034,43423.6221399884
6b74a260-9d07-49bc-9cfb-6fefbe9a718b,3-1,1,225619,706465,8223,248,0.04276220627570837,1163,20.16015997857907,,0.6314081442413634,,0.956203847036048,,0.5570307075478582,0.1680216347976578,,1.8145871980301869,45705.447373123534
bdd0644d-d39c-4f9f-b351-42085d4174c4,2-2,0,694793,265,15265,186,0.5464268565857915,1171,43.04343914183146,smartphone,2.1509267817619824,professional school,0.9998962696734536,English,0.47236497565913743,1.2498940411331332,Y,3.7494029301367617,43087.70516608476
9ae62339-ac5d-4e6a-bcad-c0235c043cf9,1-1,0,523546,895392,9522,355,0.20526121270416048,1043,60.561048864401315,desktop,1.3708485226152267,college,0.14727727033086635,English,0.5430131526191766,0.17185723094800254,Y,0.9910929346957873,43605.213050607475
902669eb-08bc-4e32-8e29-a4c99c57072b,1-1,0,132843,1015861,61066,125,0.10320802777226035,1150,11.963263399368902,laptop,1.6257459405219978,graduate school,1.237224095908482,English,0.6106849921255314,0.6083555413919686,Y,2.5375784242238844,44361.19204880483
8711ed93-34d0-4b16-b713-b1ac804d7742,3-1,0,248493,737593,114249,160,0.8264398525298553,606,24.17262869378007,tablet,-0.03299128932111972,college,1.6658459690647787,English,0.595595826753977,0.7053527837756092,Y,2.737669813175752,43985.514745797875
388d3669-9c70-453c-ad4c-0d18eedac5f9,2-1,0,349748,751961,8700,334,0.7116843444622282,801,35.7256683150489,desktop,0.036673905249878014,graduate school,0.5290984877526721,Other,0.41302334446593103,0.592274311310816,N,1.488174005881683,45427.73214825161
d5474dc4-83b3-459e-8435-aab6eb356a3a,1-2,0,587543,717328,131392,231,0.34344351328072087,331,57.998101899318755,desktop,1.212293708208373,college,1.545309982828098,English,0.6261905431506327,0.5593541069233988,Y,1.100399781630248,44513.611419384295
08e0c3b1-652b-4be1-b8fb-e30789efca15,2-1,0,521207,279650,120592,131,0.2855769938649528,906,35.22701362327696,laptop,1.1437957978426314,graduate school,0.5878789967904345,English,0.42541300504026547,0.40765707980487587,Y,1.6463038124398202,45398.9732248526
4a348423-fe96-4fcb-9b2d-f32161971b4d,3-2,1,751714,341114,93047,350,0.6972707790438353,432,45.27427291119844,laptop,1.4743673789318195,college,1.1736004642193663,German,0.39779494104858665,0.31270903082866974,N,-0.6507413943021998,44648.51066651874
314782d8-515f-44b4-ba28-8365f8811ae1,3-2,0,550356,953433,75503,108,0.19777403737418608,728,34.677335018510476,smartphone,0.5166757776399271,college,1.853683433454427,English,0.7981191109796372,0.0010221158334502434,Y,0.6267606138694168,44178.70493097321
14d4cd1a-7cba-4495-91d7-47fd9d0990e6,1-1,1,529291,5233,37765,145,-0.1529084632609481,524,37.93628720678072,laptop,0.8897021946758537,college,1.0628111118010903,,0.40208294520628346,0.44390238115896996,,0.7146609330271769,41356.45234558233
8711ed93-34d0-4b16-b713-b1ac804d7742,1-2,1,667393,241786,93150,240,0.48986193943731454,1199,25.49091588486324,tablet,1.3779901470320302,college,1.4744322093910782,English,0.3208670034490315,0.919842387855782,Y,1.6104919779994649,41411.24216865
b60fd095-b0c5-4946-ab0a-4901ce69f617,1-1,1,892302,993910,114939,351,0.07552970966826072,1174,59.27440830971631,laptop,-0.04487713878464206,graduate school,0.5030538628418387,English,0.5625845033664598,1.0347335096288348,Y,1.5945371202908751,47143.2849756372
86fc00ec-2ecf-4b13-b031-7de5b98c4716,2-2,1,123016,238520,79148,136,0.6868850156496822,1096,16.641143508597196,smartphone,0.4485889900996597,college,0.18677838380718892,Dutch,0.5359019134363817,-0.22963205721998448,N,1.6580444473046558,41187.573341965064
ff3d06e6-c5ec-4c24-87dd-0dfc42864aa2,3-2,0,449851,781304,51247,228,0.8406225177100082,385,17.88068902348588,,1.0785810618707918,,1.0879310672829483,English,0.3590008944189477,0.972940958643987,Y,0.7473816636693231,43658.824649978895
ce41ecb5-d3d6-467d-8d90-0da4db858b7c,1-1,1,95880,841990,107789,264,0.2320971751868755,819,25.052767280486187,smartphone,1.729514364494186,college,0.026599340825345985,English,0.7328053571801194,0.39178360039811433,Y,-0.47326329163625314,45984.164223964224
2a4a5564-46af-455d-ac9d-673d538c2e7f,2-1,1,434502,855045,96872,164,0.32361626721596276,1280,25.88657641653422,desktop,1.0191462167980738,graduate school,1.5132575291769048,English,0.8070950106035525,0.6608531432553651,Y,4.124237434339794,45634.807890481454
cfddbee4-d7bc-41a2-b2d3-a6380269d199,1-1,0,910197,245759,56420,163,0.6630833332650782,1194,35.84701983386137,laptop,-0.27840415523258955,graduate school,2.515078000656928,English,0.2225675237404996,0.4200971557565135,Y,1.933537472859404,45063.02611035341
4f8c5f95-808c-404c-9613-d9ad53bad8c2,1-2,0,325753,780870,90705,159,0.2633209054464062,1088,51.65549677381685,laptop,1.1608914516159334,college,0.9525291866854863,English,0.6140759930345999,0.17400584042501915,Y,0.7745971684996878,44440.84184316723
03f385b7-6b1b-4549-95f3-1d999b1df64a,3-1,1,467012,148561,89028,221,0.7399100097099898,981,39.1386379819701,laptop,-0.4870878326066981,high school,1.0027087173036686,English,0.6504923563908808,0.7159309086141399,Y,0.6167676777902742,43183.856962278616
dcf4d35b-0244-403b-ac65-5593edf94d6c,1-2,0,527658,939769,138478,300,0.8262655916607089,573,40.2496043402158,desktop,0.8776797898118113,college,0.5981866678206451,English,0.44143187055930744,0.6483041695241518,Y,2.4411302829170594,45276.107859722506
d02dae2a-18e0-4019-84a0-e1f2d1b6360f,2-2,1,819898,138487,72289,184,0.3193576546859119,760,34.38522143334963,laptop,1.0171062535148658,graduate school,0.35707992443717784,English,-0.0722515322766869,0.10425075771797282,Y,-1.4852235571004617,42222.27268634875
8ee203f2-ee28-4529-bce3-eac1a57be7f8,1-2,0,871735,421707,2246,223,0.5650623432291328,1107,33.26259782565407,,1.2348833759535855,,1.1954773533197431,,0.4702051685379222,0.5464302817222703,,1.0579245071525962,40760.4194596312
020bf19f-ab82-4c2a-8fb3-fbaab33412fd,1-1,1,1589,532683,84667,350,0.6047834438126064,401,46.1452292384154,laptop,1.1462146489836211,college,1.2351190717299303,Russian,0.22001748286144196,-0.09741502768997601,N,0.41364157567292725,44737.554834043935
cfddbee4-d7bc-41a2-b2d3-a6380269d199,2-1,1,784946,512472,7778,227,0.9603533913963138,831,31.79693731838947,laptop,-0.29287471917261687,graduate school,0.5480487272682435,English,0.695231590942442,1.0092515269710205,Y,0.780554098115674,46936.52565912924
aea24408-032f-4620-986e-f97f5f47c28a,2-2,0,871047,1010577,85860,297,0.3689073323634878,306,36.95253723295413,laptop,1.2831186915953092,college,0.6935699616455586,English,0.35143845350814934,0.011378748638682878,Y,1.2429938582478175,42107.86579016941
92549cea-1034-4ed8-8c3f-b94bbdd55d0e,3-2,0,32117,699128,77865,326,0.46274154783570814,351,34.00839455802271,desktop,0.7458029802483727,graduate school,1.1851964895548364,English,0.6049552305642782,1.102698471249881,Y,0.5320032510125825,44185.52750872568
373083c9-9167-4342-aeef-ada22adbfb20,2-2,1,258460,485831,47892,113,0.16032385950717132,444,44.236316871499135,desktop,1.5696369175750844,high school,0.7510812816073166,English,0.8102930135243676,-0.16965609680267324,Y,2.6444877843311794,44077.86411366017
a75e076f-3028-44a1-af60-ca3b3bcaeed0,2-2,1,724088,778517,125693,353,0.3408936679064122,496,36.327513852893105,desktop,0.6015287137387093,college,0.17846516736792084,English,0.8139017080830502,0.06494332000068759,Y,1.2994747612427051,43290.167629253614
20bc2c15-8c8b-4581-89b1-ce290be145df,2-1,1,180382,750758,92278,213,0.9158255874354924,1218,25.630416245646302,smartphone,1.2776839517481715,college,1.000223448353535,English,0.5641108281314833,0.026988863912178973,Y,2.210158657940304,41718.59451983846
cf8cc387-399a-46fe-9313-9f73def19457,3-1,1,953855,986920,50400,132,0.4906567736411481,1219,35.25732258389112,laptop,1.1285605579198716,college,1.0926332724021839,English,0.512593025239232,0.4090423008595215,Y,0.5193410239738756,42387.11572892314
43bf127a-e9f8-4553-8ed9-5bd8a1da3ac0,2-1,1,403793,292411,23423,373,0.3631874456273757,290,37.961698715422074,laptop,1.0441902087315522,high school,0.530519697830109,English,0.29127493936609594,0.4969058660085439,Y,0.30335629861941804,42322.22530083994
49ed1805-bfda-406e-af15-31507cb3c5ac,3-2,1,837557,500000,113791,180,0.5285181252381272,409,42.59487910664215,desktop,0.7991400537575657,college,0.46857470271035007,English,0.6666844410720032,0.36427615298332067,Y,3.6770523197395244,43613.3383034804
0e27148e-216f-4fe9-9572-c1317d616ac9,2-2,0,520270,377546,34799,278,0.28685185830445026,1055,18.182693083976282,desktop,1.1606585796068731,college,1.49959197703305,French,0.7512586184119667,0.5104667018234441,N,1.6501396616490696,45936.95449742377
3b9eb1ad-94e8-4ece-9e83-bdaec18ce17d,3-1,0,142944,648628,18499,339,0.6843230081783224,1353,44.234142960844,smartphone,0.5508381539913315,high school,0.9904818877615839,English,0.38741030320237657,0.33796018412337475,Y,2.441127087579756,42270.383350565295
e8b80ebe-59a2-424a-90a9-b6f699b54faf,3-2,0,748509,136727,111551,152,0.531740874665943,1187,36.80234184244529,laptop,0.6655414825680305,graduate school,0.9459382977791426,English,0.7365779406654113,0.3350292498216928,Y,0.37094634321358644,44182.58837211332
b502be75-8bea-4412-9b7d-813e7bba3685,1-1,1,344626,142650,47819,136,0.6863736385862872,1333,38.79297033967552,tablet,0.10237793277023022,graduate school,1.216673023572837,English,0.4415033767001176,0.8581842064535854,Y,3.1300829538746493,46317.1823239474
cc6bb97b-148a-434d-86be-1a4b7c05363f,1-2,0,684815,951005,4186,228,0.6517687924638783,1029,28.859478113323814,tablet,0.8307729825697218,high school,0.6977374801848917,English,0.29000363002531504,0.7411326472534463,Y,-1.2068582103518164,45517.82228993296
2de720d4-ef3b-4064-9437-2886a4fb5d23,3-2,0,135995,487882,42178,337,0.9729975924792322,725,34.49838090980108,laptop,0.3487176213206876,high school,0.9240835947260038,English,0.5414618890176307,1.4607788442934058,Y,2.65612727490769,48252.43016052606
af2dd336-540d-4ded-ae2e-6d21383207fc,1-2,1,311405,985336,103743,369,0.25637040951458034,898,13.130794328141722,desktop,1.1467849499985203,college,0.8642868859562104,Chinese,0.6600653357654018,1.1172055786334447,N,1.0955639080021768,42445.854035564145
471fa2d8-87bd-4cea-8ef6-6c24af87fbc7,1-2,1,601631,245846,78421,194,0.3484745242146713,937,50.19838907452281,,2.2308585486404486,,0.9040503615001895,,0.43192768346845234,0.3713007792918141,,1.0181686877273313,38963.96434245745
a28f6ad8-3ed2-4ddf-bee5-0ab05da1b6ad,3-2,1,93660,539064,37689,138,0.7382822286635433,887,20.189893234075207,laptop,1.976281515890118,high school,0.7047238550270767,English,0.5929913348716918,1.3472146258698372,Y,3.8082139871240397,45076.16713206222
08e0c3b1-652b-4be1-b8fb-e30789efca15,2-2,1,88239,438016,73127,211,0.592966874763583,353,43.38737447397213,laptop,1.7597308404156466,graduate school,0.2550825929516102,English,0.7247974458326216,1.3893853272938355,Y,3.3481706971851795,46165.9677797846
bac15d0b-cf63-4ab5-a05c-66f39e2834bc,3-1,1,630478,879996,121977,222,0.5564729915824019,1173,25.97297358053596,laptop,1.8371829989586654,high school,0.566771035843026,English,0.21091452553003814,0.5128586041035106,Y,2.752916455273726,45164.12959046747
902669eb-08bc-4e32-8e29-a4c99c57072b,2-2,0,267680,663612,82967,136,0.8098330808512342,422,31.70272644295536,laptop,1.2425793958688471,graduate school,2.246911229189309,English,0.4154708514648755,0.2424306988715179,Y,-0.6766019491925199,45166.87588940542
4658ea30-8a5e-4e6b-8d67-2fce1d6f7ef1,1-2,0,506261,491118,31237,269,0.53453418046322,873,49.80468563108731,desktop,1.3415181439658648,high school,0.9644899476961126,Chinese,0.738824728082068,0.28529295021405865,N,1.2727654059229851,42394.65733463881
9175e447-1bf7-4667-bb18-dd7aacb6f4ef,3-2,1,240684,13095,97531,155,0.545195369763267,636,14.3139204179955,laptop,0.33491354142127316,graduate school,0.47719258499943695,German,0.45250379414523845,0.5996632080454967,N,3.704152095492203,41359.33938634318
4f197cbb-93cc-4852-aad3-46d35f809f47,2-2,0,691641,693633,97526,116,0.6022511821893759,596,42.333841343455276,desktop,-0.4098345573213238,professional school,0.6145867259205253,English,0.7518188440444353,0.29698294767090705,Y,2.039230623774433,45724.66465915546
014c91ae-55d5-4aab-87e7-77c677f8a128,2-1,1,979272,256353,13827,372,0.6676133795453321,1082,12.252120628692506,laptop,0.5690762090138276,college,1.238827558117173,English,0.563664223062235,-0.1550180501826084,Y,4.23756622971649,44325.30179823245
0c06a58b-c629-43ce-8f6c-2a140dd88b66,3-1,1,135954,314929,81638,277,0.42192539835704157,938,14.169650826149631,laptop,0.9033322701908905,college,1.2468863878378385,English,0.9627172719309971,0.68632658447962,Y,1.2957659951317413,45435.375469696475
87ae871b-9380-42b1-8130-7914f969a239,1-1,1,332791,453504,6410,180,0.8482469587759216,1423,35.36093744810785,smartphone,0.5994085886224821,professional school,1.0112773602946203,English,0.6291654769463206,-0.29857437296034295,Y,2.7664804420189206,42921.43480203153
cea04555-57d4-4edf-9198-e8aa302bc070,1-1,1,764965,807540,22175,236,0.3129421538999059,435,56.75800171265176,laptop,1.7746477771671927,college,0.0898760280683204,Dutch,0.7567920334379792,-0.143186044752882,N,2.6831847016573835,46078.02248586506
72deb366-7970-47c4-9c54-b58c17c8874c,2-2,0,517971,761583,63257,189,0.6856198037693011,1017,40.39654789316977,laptop,0.5577303858682676,PhD,0.7342648664433488,English,0.3643343252455298,0.6947763738801599,Y,1.4493319773097226,46182.98068022398
0fd5e38b-fd91-40c0-b154-d407eba53e1f,2-2,1,621666,986016,29727,115,0.0831235102561988,1203,34.281076309661096,desktop,1.5896970021881993,graduate school,1.3622539375071916,English,0.49273372498980084,0.8701061827967354,Y,0.5269249841732506,42331.52702766867
817abbbf-33b6-4f40-a3e1-e0b38753e896,3-2,1,10578,141865,35449,261,0.5516274507122231,428,36.24623092403349,,0.8302559965454015,,0.48354355179626407,,0.47635424705349094,0.9882779146420134,,3.510920752043302,46678.22464946986
8cc63a40-be0d-4ffe-bf7f-45d515c40b6c,1-2,0,116760,132144,109572,166,0.8618132152909763,1166,13.23409341080766,tablet,1.123457475919492,college,0.6841269395120941,English,0.1854973162452081,0.49461156822884583,Y,-0.9882516563696466,45306.309927026814
0662696f-dad0-4850-8d7a-6a843036c294,3-2,1,277983,101554,121419,125,0.25510277958433003,331,42.178739659448475,desktop,1.8278417522423591,college,0.3784971108576175,English,0.6306514929821337,1.094957410806558,Y,2.677672348593614,44412.72861050302
026078fb-bbd3-403e-9003-57ef39309521,1-2,1,495475,18565,138008,344,0.5175052428617819,680,37.003744007542295,smartphone,0.6298599879418557,college,0.6083166434115765,English,0.2333878653252422,0.4430065303875099,Y,1.9631916091737582,43074.402881191956
4ba34db8-9baa-42a5-bed2-a6381f36d03e,3-2,0,710425,956627,116659,134,0.6526300819784094,1027,63.469058711442216,smartphone,1.2858567645304062,graduate school,0.2045635813503276,English,-0.0022953188937812063,0.4241312128694784,Y,1.879102091039467,41301.82460918074
27d0e742-13f8-4911-a1d6-42cbea5067e2,1-2,1,583826,84616,25384,274,0.5215497360045163,834,14.34930189300778,,2.015161154159294,,1.1927048144404153,,0.4940674892771352,0.27181334461857987,,0.30347472458972247,46576.729935541385
d5862d1f-db68-46d7-b717-dc2a7f78befe,3-2,0,469309,720470,112505,256,0.8009220707550619,1040,32.448289576131806,laptop,1.2035637524606226,graduate school,1.0863347855326695,Dutch,0.10136994771998353,-0.2948033627408261,N,3.1781525332572635,44395.39418190549
8716e0ad-f17c-4c46-97ed-2c9643a576b0,2-1,1,77740,94604,40571,131,-0.13208133820675183,1254,26.500581867884087,laptop,1.8445152748223843,college,0.6244594662089449,English,0.46971079841694413,0.1789088271423359,Y,1.3745788337140776,45180.25063583084
b69f0c92-ffd3-41e4-bba0-8c129a93d2fe,2-2,1,589802,50082,45890,187,0.4541386399357917,706,52.33628258833147,laptop,0.43501399425600307,college,0.6951437956011854,English,0.4520886893139565,0.27706254808231584,Y,-0.6935870902053978,45620.120099358755
4b19d929-d5f9-41df-a9d5-4176d450e799,2-1,0,31771,739496,102518,230,0.4434036240611255,821,39.42482867940164,laptop,0.7222744369975063,high school,1.2715464733639328,English,0.3644245944516452,-0.22832678645718696,Y,2.622466913756362,41888.65212696508
b4161534-88a5-4dd5-9160-ccca3961fb40,2-2,1,812494,641568,27336,321,0.5647304485222947,695,42.85692090427552,desktop,1.5448883911265412,pre-high school,0.23827819503898062,Russian,0.20419717121454328,0.2623291946101126,N,3.3649067885650776,43186.523289082106
24aa2b4b-800c-4a4a-bac9-727b1065e142,2-1,1,580820,437657,26803,180,0.38956619634695033,1130,52.70715957669971,laptop,-0.2535091486341523,college,1.0592070890706011,English,0.20611430592719387,0.8958690879353702,Y,4.00285336428651,43278.05576886859
c99a4a23-599b-4fcf-905b-a0330bb7b595,2-2,0,276931,97938,66377,156,0.041334705065437016,1318,50.151105787037565,laptop,-0.1703552582110357,graduate school,0.5900921105139718,English,0.7040130341735867,0.45892219698846054,Y,3.558638854493343,43888.75834113604
2f391d00-fce2-4b0b-9e09-e98753d78adb,3-2,1,252748,740137,134833,321,0.4899218852679609,656,45.628268778303195,,0.32973264268255265,,1.7456674718614904,,0.5159958984388596,0.6190344752489513,,-0.34418413400022274,41910.2264247988
e260bb95-bce4-410d-b0de-baf551b2b5a5,2-2,1,665349,927386,37661,301,0.5610179925526031,1085,21.16459032258028,desktop,0.784662654705965,high school,0.9873348195131059,English,0.1581678670175536,0.5766651208701318,Y,1.2028855334498,46478.126513744755
0d304788-a11c-471d-900e-323afd0cc99d,1-2,0,282221,223928,105987,134,0.741664810112566,767,31.439884675524766,desktop,1.4283295703749377,college,1.1773055211124217,Other,0.717004942223839,-0.10921053451785367,N,3.701933883914673,44602.34106288857
9b2ec410-aab7-47b8-a6d3-19e9c1e54d4b,1-2,1,406739,917287,56252,268,0.7467110696428199,371,40.31455566580884,laptop,2.005304847902226,college,1.3944925755732567,English,0.582159573970643,0.48168257658538344,Y,3.4725698786748787,45006.053876232225
d6ab955d-3293-4ce7-9390-bc93ff535cbc,2-2,1,425865,307915,101394,377,0.5529196614808325,1043,20.076674993071805,desktop,0.8132830062604868,college,1.0960710888304146,German,0.8910644129528688,1.076181259879206,N,3.7071963122992786,41393.233134445
ec830f1b-9018-4757-846f-ce2536ebed89,3-1,0,776921,466375,9872,273,0.4529250247914288,369,65.15027445507857,laptop,1.105677649475063,pre-high school,0.7197531478394077,Japanese,0.6251305885826862,0.19402637990365873,N,1.9423566612311878,42401.1569623539
65ff8233-c35c-488c-a692-f140a8bc5f64,2-2,1,387724,566667,55479,240,0.5490006352405795,707,35.015313867284576,desktop,0.9217952287627722,high school,0.3584095054509,English,0.6322110574804074,0.7180637435033819,Y,3.3743196819049794,44443.56661054035
acbf370c-b970-4ac5-b1ec-4335a936dbdc,1-1,0,114525,126541,45888,124,0.7212484622409248,356,54.14118136292977,tablet,1.920671074019162,pre-high school,1.1420507324278781,English,0.593223770210152,0.6119181952779871,Y,1.268335745036313,41724.80551582547
80377a90-a6d3-4092-ad16-1615a6f024b2,3-1,0,783030,514786,21631,381,0.7816237601332683,847,33.994667838338714,smartphone,1.296005081166244,high school,1.085035148660911,English,0.5566578198038742,0.7501057301653689,Y,3.220366346498519,45932.98415463284
028c35ca-c434-4a6c-9706-5752290c6d4a,3-2,0,319991,168203,91579,260,0.7024005315693672,801,39.75869722530877,laptop,0.4265220684853508,professional school,1.2181715521039869,English,0.034444192243808625,0.1630568314883712,Y,2.7406352063058534,45499.94466929802
5d94e05b-6915-4406-9c52-0e12b11f5c0b,1-2,0,196077,891491,130732,318,0.35695972047886,848,15.159723241305198,laptop,1.1169743042936824,college,-0.18994778099412124,Indonesian,0.6240339035277332,0.559762937439401,N,0.26509083373372877,44967.65860510815
a8a7b6f7-3663-43c9-a149-88a058e52ccf,2-1,0,478423,202700,30220,311,0.6379208273465977,357,5.882581851493313,desktop,1.909318666209199,college,0.055555367546132994,English,0.750101527372155,0.05419501454969833,Y,1.4266990700974214,43967.41481025965
d02dae2a-18e0-4019-84a0-e1f2d1b6360f,2-2,1,521370,406104,66008,353,0.6154710214454251,790,50.29116072389299,laptop,0.47024102821187286,graduate school,1.8553606136894263,English,0.5231859305732686,0.6143556590173215,Y,0.8354675939846216,42077.9302687114
014c91ae-55d5-4aab-87e7-77c677f8a128,2-2,0,91576,328578,122679,284,0.3049241172971191,1246,33.10371279663855,laptop,1.2413440654185937,college,1.631404756693587,English,0.40071477388105564,0.6948759162871897,Y,1.6004500479494976,40197.632573240924
6aa0c48e-1055-44d2-9d58-385715962733,1-2,0,596833,1014550,22533,295,0.2939170965047753,1186,57.45959167986453,laptop,1.519893431251122,college,1.6852655274613322,English,0.7978602389794556,-0.39026003250172103,Y,0.5627827111375421,41247.12575320369
08e0c3b1-652b-4be1-b8fb-e30789efca15,1-1,1,126482,564789,17509,325,0.4007125085516908,910,36.67673006278807,laptop,0.2217895033977203,graduate school,0.958603023692743,English,0.42847065645283455,0.3881585901214022,Y,1.247772829228946,42614.72002168488
817abbbf-33b6-4f40-a3e1-e0b38753e896,1-2,1,188188,755914,67963,292,0.710470281667201,1353,36.05029337649072,,1.7025724012605,,0.84819584435261,,0.6633810136017981,1.4708225507062478,,1.2729826045329597,41671.4144408537
06d98056-2cc4-4216-85e9-e3fe7d5751fe,2-2,1,644278,734014,114662,367,0.2655017132201572,553,49.17239710454433,laptop,0.4959054480289731,college,0.30868801769349474,English,0.5798734609072627,1.1951276939380842,Y,2.661907543326583,43465.402515945956
0e77b20c-c1e1-467c-a359-0a2942538fcb,2-2,0,244627,942440,57438,143,0.628370793559182,609,20.695558296870335,smartphone,0.26302381233269523,high school,0.9521582318988557,English,0.4168792301327288,0.9271978619957135,Y,1.5470229293008833,41194.47664172141
95ad60c1-7c93-4341-9da3-763bbed405b9,3-1,0,649637,528731,7943,111,0.5570156351293957,749,48.55758548994578,desktop,1.4905426048095538,college,1.2540749419845336,Chinese,0.5513769394736665,0.5846813920601244,N,2.1098050979984113,43297.21342504534
0662696f-dad0-4850-8d7a-6a843036c294,2-1,0,839896,162918,96158,181,0.595997100638484,1118,44.47633461761198,desktop,0.15127306543071395,college,1.003330112958347,English,0.7486611922676454,-0.026626036784313856,Y,2.6003676552377994,44720.725071574874
ea2dec1b-93f0-4fdf-abd2-49c6087d3b5b,2-2,1,168322,384561,34739,196,0.3933606759847965,874,25.16423887500134,laptop,0.6559293208863288,college,1.1457562631557097,English,0.7470337414365933,0.7298577307873774,Y,3.097871485174847,41372.34883758508
a7961f82-b7d1-4a3c-a0e2-6f03d8424b4a,3-1,0,842532,155099,75834,305,0.7224689082136372,809,33.684468616653504,desktop,0.8195129333168336,college,1.3166444423447765,German,0.24407827106629226,0.4390267165785401,N,2.3677346671278405,45460.872377539374
65ff8233-c35c-488c-a692-f140a8bc5f64,2-2,1,27357,799504,86463,160,0.8972354650888283,1041,41.47689726299165,desktop,0.18331335385880376,high school,0.33090370514716305,English,0.6779807994223087,1.3089115245206155,Y,2.2052585481314733,45647.98198806329
204f52c9-ca1f-4474-a4c9-ec189e17161e,3-1,1,957877,503539,7963,353,0.5364665120026237,1269,37.82525834428169,smartphone,0.6579378444695355,graduate school,2.0944846046841583,English,0.32304334596565903,0.8528780255859526,Y,1.703556918211577,47261.25487416792
9ae62339-ac5d-4e6a-bcad-c0235c043cf9,1-2,1,994425,549397,17291,260,0.6087417486276252,612,25.92287255127284,desktop,-0.18852178079097714,college,1.2511357972646449,English,0.4531568411490316,0.03704238961861733,Y,3.4886525708800757,42360.16302316675
001d6664-0e5d-401b-bfd9-c2985739e2ca,3-2,1,498732,504502,40692,283,0.6036548001828101,752,46.817164940575545,smartphone,0.6690562568810747,college,1.0167072161202293,English,0.5728432025029523,0.31619146490901007,Y,1.18004994364787,41210.36366513772
8d39576d-2b3d-4eb4-acfa-32254991618d,3-1,0,316490,729905,7796,321,0.6961349377257519,1222,18.782345590362326,,0.6753337500309179,,1.71712955760807,English,0.21247381094436824,1.3898969678440107,Y,1.2334215246262863,45218.24275147125
11db0111-539a-45d2-8e6f-8e0a3bb6cf36,3-2,1,1008145,76850,115305,191,0.4057178001470111,512,25.54166003327466,,0.3764334029631925,,1.4539751049030438,,0.5625797163383599,0.718603107936415,,3.2424615206800262,44146.673723808766
20bc2c15-8c8b-4581-89b1-ce290be145df,2-2,1,236192,265015,79768,360,0.30403337523158747,344,30.522486452743774,smartphone,0.5885506387025049,college,1.4021138098398551,English,0.671168766352454,0.8881340926094825,Y,2.576717047623996,43892.48058296543
b74b7a54-edf6-4d3f-92d3-8dc119424956,2-2,0,670771,621723,19699,279,0.7532624808250242,438,18.898996561363575,laptop,1.0929455847280232,high school,0.10659426325480825,Turkish,1.0439305571434239,0.5269474646857764,N,0.08903688077827643,43598.10220278203
b1872ef2-f148-440e-a44e-3f12578c14cc,2-1,0,15628,241534,26646,244,0.3940061141322281,1314,23.169815831300127,desktop,1.234403124363456,PhD,1.1396106668664434,English,0.4766790451487578,0.5649856770164658,Y,0.3720551532971277,45085.71402391622
9ac5e209-cf05-47a5-a394-9c733e12d8f6,1-1,0,725729,648297,23916,212,0.6084462580179535,415,37.715834717318,laptop,0.8106789361734901,college,1.1898578628749918,English,0.6565720445810224,0.21016837906757774,Y,2.3948430893422596,41984.505204529814
f4c048c3-5be9-4b2a-b8fd-4e03516dac50,2-2,0,916154,889992,107476,140,0.7386247052105668,646,14.434769178124977,laptop,0.8149076521318915,college,0.6517591936071185,Chinese,0.7189879767815253,0.3037520685648997,N,3.2411072352402037,43807.075680768685
482de720-e72c-4225-b693-68609e6db53b,2-2,0,177166,535109,97482,129,0.6952275294453933,983,39.39956661635794,desktop,1.0640677402175296,high school,1.7102669058556683,English,0.783140226806991,0.3129124891546249,Y,2.569535029020819,45403.24172250663
7ddcdb33-a18f-47fd-8476-4e5b117b5f09,3-1,1,329129,245258,140188,295,0.2148637650724673,1013,34.866928612979045,laptop,0.9488502966797886,college,0.619590325471786,English,0.5580886810819712,-0.2434671155845226,Y,2.150354560914863,43103.32767119195
fc081f63-4e8c-43e7-ba36-428995498f3e,3-2,0,937528,977074,93705,196,0.5092022386102335,925,31.726467891313703,smartphone,0.7368640115044511,high school,1.1387175352626757,English,0.6574180975126348,0.7473556804312184,Y,0.23978455408378707,43809.7409809673
7169ffc5-813b-4e4f-8e7f-9c59e92ec66b,1-1,1,756090,769023,95685,316,0.44283627906394507,524,32.68813166692601,laptop,2.220192917236333,college,0.5146689220786342,English,0.4144762641341346,-0.033051308990455275,Y,0.986398270510228,38791.24927981732
8672882e-46f5-44a6-ac35-bfedb6323e69,1-1,1,130334,12521,114940,270,0.3649437393821996,1097,42.705033637021934,desktop,0.8623591083744913,graduate school,1.141566580461394,English,0.5904679757010958,0.11009903448641489,Y,1.9092931286977026,46942.50530629802
2fbeb59b-f93e-4073-8132-de082fdbda03,3-1,0,440434,498031,61509,146,0.3348054470429799,1012,21.312270389984903,smartphone,0.8140527820332628,college,0.6859174734298723,English,0.21333041000137176,1.062264490931885,Y,3.7370314031264282,45414.84960435331
9e9c021a-b55a-4aeb-af94-847d6d457b62,1-1,0,82966,965177,17931,167,0.6681546376883943,1104,33.859419112207355,laptop,0.9073086050902716,college,2.410478306258886,English,0.6849975167646603,0.5286222423101101,Y,1.0039267663909697,45293.5001428131
023c99b1-f32a-4d79-b5d7-197ac75591e2,2-2,1,454843,155246,61985,314,0.4721233401489803,412,14.779889223424753,desktop,0.8399385190540972,professional school,0.33283238496828826,English,0.532385327538633,-0.3112772546368413,Y,3.509529968374481,45370.0668030045
4bf66c16-79cf-49d3-a150-110237af0243,1-2,1,730629,1005655,29473,351,0.49348727006156207,1052,38.6803176489428,desktop,1.6724240445346148,high school,0.9302643063382703,English,0.5192044762784161,0.5108802848670939,Y,3.817077454499178,43059.7847776914
65ff8233-c35c-488c-a692-f140a8bc5f64,2-1,1,309050,444612,56136,194,-0.008125586191289336,540,38.765927022485265,desktop,1.0866613346510723,high school,2.07666046296123,English,0.38463256193685136,0.09612580030473183,Y,2.007858905700148,42981.62556576016
482de720-e72c-4225-b693-68609e6db53b,3-2,0,76019,745552,76498,378,0.23269779751147168,415,35.603198269662094,desktop,0.6463101504096344,high school,1.3026501074375483,English,0.6907582307018774,0.19350707961171487,Y,3.7491913370276446,45954.125453715846
27b4821a-e017-4740-b5cc-429d50c88f5a,3-2,1,565947,230788,85464,286,0.5001563679356323,289,38.780411619571005,laptop,1.005035754705089,high school,2.2692505562498573,English,0.3609820198549053,-0.12331350228581406,Y,1.0039202696354843,40590.37377236334
b8fe046e-0564-4ca6-909e-6177a1343917,2-2,0,43364,707583,20642,379,0.7088271355645667,633,40.32994582789817,laptop,1.06361420451081,graduate school,0.836857909077906,English,0.2526293859209282,-0.04846902892498217,Y,2.677394025662366,44557.269128068176
1566f86d-93ed-408b-a7b8-90d409419736,1-1,0,620560,283290,106570,348,0.38102682290747214,1238,48.97295889276433,desktop,0.3048265785540968,high school,0.7478924811771731,,0.6833827710564585,0.4006429510591838,,1.309081711412674,42768.84378801219
276e0af6-a9e3-4de0-8f77-6dbf7f9e3c15,1-1,0,671937,250195,71527,300,-0.0018763777090483602,1156,27.78296228283594,laptop,0.9924764196537291,,1.6113118358698983,English,0.4727706254788161,0.460766179305429,Y,0.6281923510759322,40545.11494940331
20707557-d86f-471c-bd39-ce12b5d290c3,3-2,0,200881,764841,139248,344,0.04853133407529692,1328,50.50369356708694,laptop,1.1244386052595072,college,0.5876858313320907,English,0.8317364586500935,0.682776887741051,Y,1.4331427534998227,43290.47814424785
41f5530d-ed72-4608-a119-a71dd31aaec0,2-1,1,712119,433465,43823,114,0.484022596938424,1194,39.03550927444155,tablet,0.18081556847945757,postdoctoral,1.0115436662404471,French,0.3030101303015509,0.5594249933700027,N,0.8156579425456265,44815.44757100468
0939d037-9073-4b45-beef-4b1a9cb29fc6,2-1,1,680975,911423,121908,303,0.5510736297856579,1330,38.22940228030332,desktop,1.2542886940687563,college,1.319742891143315,English,0.3700742118283137,0.25059170147622645,Y,1.0479405660172094,42682.56998606748
9ae62339-ac5d-4e6a-bcad-c0235c043cf9,2-2,1,140514,850347,42333,365,0.24793046533712726,650,21.814114432428013,desktop,1.1179871411002886,college,0.7993286742833492,English,0.4939723535858515,0.7623145871659853,Y,1.7870007158570116,41489.29909526569
52094e6b-59e3-4905-9151-73e21750879d,2-1,0,931987,421934,10326,225,0.2394120574687968,428,31.459795568067562,laptop,2.0237550485542393,college,0.9142034788533983,English,0.33781658185080654,0.11294994163327554,Y,0.8739617228992611,43774.652847628175
49ed1805-bfda-406e-af15-31507cb3c5ac,3-1,1,513534,391545,132844,241,0.7928335272242548,816,30.586736155706205,desktop,1.1977404878570874,college,-0.2595004221820696,English,0.6049063458713959,0.09656755231629471,Y,2.3408198046619937,43323.01032627326
9861dbfe-d228-40ed-9c0b-ad0a8866adfc,2-1,0,428270,13058,81822,291,0.17905997462873074,860,29.603658292273096,desktop,0.45706281337187227,college,0.8406278651270165,English,0.4591578406822227,0.5081559201250417,Y,0.997567789605766,43697.00920620334
618f8406-daaa-433d-aedb-3a72a9f3a947,2-1,0,331085,735769,20971,371,0.3792086380581025,1349,35.008906304209276,desktop,1.0385605200574948,college,0.4016147586090357,English,0.871335413367567,0.7413836859141008,Y,2.4149737356682124,44040.923185255095
f4c048c3-5be9-4b2a-b8fd-4e03516dac50,2-1,0,353755,285884,59471,247,0.8758150634763335,882,47.4134522726829,laptop,1.236281355126068,college,1.063486345434043,Chinese,0.5805992699721783,1.0519366716563487,N,1.6466410141401775,42111.73493643213
5d7f8090-1b2b-425d-acdf-31cf8ff2f527,3-2,0,660166,160329,20983,189,0.5142965619677377,339,38.67380222769048,smartphone,0.47138742567480485,college,1.4936295313191126,English,0.5493859578019984,0.7463293618057851,Y,3.190117978827672,43442.398437839765
27b4821a-e017-4740-b5cc-429d50c88f5a,2-1,0,368821,882819,67754,355,0.40459565271404363,789,25.405593142404648,laptop,0.23775136347689463,high school,0.8069847073836641,English,0.19176691998097956,0.5523705202106998,Y,2.69141099374331,42931.885987384
95be5385-2c68-450d-9591-83bb9246442d,1-1,0,621425,3078,140049,265,0.4140852960032823,835,17.30680684516945,desktop,0.9407722418597652,professional school,0.603712045097633,Norwegian,0.3611381020130424,0.5034866092226987,N,3.9144259201535685,42021.74773119785
410395ad-1f39-4a21-93e9-298afee5d7e1,1-2,0,411897,632192,111457,361,0.644652823480292,452,24.471474522452517,smartphone,2.18313697708568,PhD,1.841927445117075,English,0.6121032388344869,0.1864464966486602,Y,3.3698270859400683,42947.98728713814
86fc00ec-2ecf-4b13-b031-7de5b98c4716,2-1,1,873329,828255,105612,363,0.4294222978119423,961,17.730204183207963,smartphone,1.4538654511307474,college,0.11342623981047961,Dutch,0.5829837701064834,0.21064185581290046,N,2.821902714973758,43145.82906154227
790f5896-c569-4e73-b88b-b931b27dc799,3-2,0,198302,563057,120291,369,0.3340485272337391,997,39.084985300835385,smartphone,0.5177190136442609,high school,0.24832187004542938,Dutch,0.21657274197522003,-0.07406441000481467,N,1.8852160773432034,41775.67585842797
e1b5288e-cb8d-4cdc-b021-45df6158c3be,2-2,0,773742,65703,99080,158,0.10358881300498402,1431,23.651250733660873,desktop,1.3376387506234146,PhD,1.0412040795993183,Korean,0.17720310712476373,0.8621739336033059,N,0.7227850503887231,45726.928366359236
71a4495b-b507-4fbb-b247-6be543b98550,1-2,1,570708,77108,49417,369,0.4426868629170325,661,40.88817751562631,laptop,1.388588136904719,college,2.1611342843901786,Other,0.4734400266883564,1.28423385575178,N,1.699877859233226,44051.40170164285
08e0c3b1-652b-4be1-b8fb-e30789efca15,1-1,1,39817,1009138,17228,282,0.5023583574487136,498,37.04929852783958,laptop,1.0968521684266848,graduate school,0.9289363202664129,English,0.6318711695892851,-0.08911117612433883,Y,2.207855413822793,45879.9131111791
7a5fe584-0426-4d55-b8b9-782fdd635a86,2-1,1,300496,761668,64422,244,0.22527296646817802,942,23.035997304131204,laptop,0.9218671268617031,high school,0.17926826455856748,Korean,0.3713045283669306,0.5596365545876382,N,2.2175274737061557,43557.06824077962
0ee8e6e8-930f-441a-8244-d7788041cf5b,3-2,0,10155,861931,4481,272,0.0757242580700821,595,62.2840564808299,desktop,0.31868289906123537,graduate school,0.6460181212898051,English,0.5430282890998664,0.9480712041618371,Y,0.20195181071915003,42066.3474297474
24aa2b4b-800c-4a4a-bac9-727b1065e142,1-2,0,485535,939497,58808,140,1.0874187650595513,782,13.757710585776739,laptop,0.5961922305302936,college,2.0162256982604236,English,0.49456235533049064,0.49506620093770487,Y,2.538254141923797,46825.473820274456
020bf19f-ab82-4c2a-8fb3-fbaab33412fd,1-2,0,813666,357104,43933,272,0.4410693465518637,338,38.381295754614506,laptop,0.20882877051759474,college,1.9033461575653678,Russian,0.6602969584412945,-0.0890566429879871,N,2.6030548915260647,45949.433304072765
ff595b52-47c0-48de-a732-ca6f366d3dfb,2-1,1,96218,807138,110866,309,0.6424304598790425,835,35.87299157391146,desktop,0.9816941537491312,college,1.2383264915718102,English,0.26274909477213265,0.4367952106438878,Y,1.1569597188540897,47855.916616454444
8e9004ce-deac-4c35-8176-a799b50f944b,1-2,1,245035,939361,138882,111,0.4134603038691439,379,38.06246073300023,desktop,0.021357342164843196,college,1.254996882396266,English,0.7147387890222652,0.08014956287463049,Y,3.3554929284255124,46092.26002307636
5ccdee25-cad2-481b-8033-c90162b98ec7,3-2,0,82673,130279,432,157,0.45832649391340435,658,44.95059239836438,desktop,1.0942224178509532,college,1.727216727475212,Other,0.8021965510974473,0.47527118483074854,N,3.0743744981600925,46245.29864247439
0023cb4d-a3f6-4163-8761-a07914b40754,1-2,1,44526,475194,47141,178,0.3295200099648614,1053,48.68685390075379,laptop,0.5479896953170673,high school,1.5771901575834033,Other,0.10036083103542215,-0.3570868302599879,N,2.345091043389641,43785.57796659274
2fbee4a6-4fd6-4fa0-83b2-b180fee815e0,3-1,0,91101,712842,40012,312,0.9642030279202203,781,9.205894817580262,laptop,1.2507924191718631,high school,0.9944515292396513,Chinese,0.5299012211887526,0.8959429312726451,N,1.908529927169425,42528.49617859454
95165b45-dc58-4a62-bb78-afd606f1e34a,2-1,1,125910,33742,10544,367,0.2764656730014109,539,36.21610064229223,laptop,0.47192146218278974,professional school,0.7358711290577846,Romanian,0.5766792138450875,0.8519354625357862,N,1.1182290487235065,43992.74663966116
722b0462-7e9e-4278-8d36-9495f6928afb,1-1,1,1010967,872426,128657,202,0.5807011786664751,1279,31.041890810876787,laptop,0.25885012306807487,college,0.272800781670657,English,0.4222589291798866,0.7578569192738577,Y,1.7744906757802783,43449.26517034482
1d254f4a-ccab-4a27-8b17-ee0f21b472b4,3-1,0,633075,430900,141223,265,0.6149481050190766,499,20.54225937209288,tablet,0.41743175646303365,professional school,1.2542949822933713,English,0.41307102390751843,0.16712523469938945,Y,2.7917445818270448,44138.39585766999
4aa80c95-24fc-45e5-b3c4-102653f15325,3-1,1,79607,438977,137157,271,0.5179624693704865,356,35.85399584052039,smartphone,0.4918395540895918,college,0.5438962067135952,English,0.4202734596302291,0.5774822242467734,Y,2.74893343732293,42896.899535714016
336708c2-b201-4f59-803b-092eea309d6b,3-1,1,342147,978637,80025,231,1.0758395423352756,831,34.26130461412365,tablet,0.2997928443783835,graduate school,2.211027744957537,English,0.2985811834406402,0.5001785844954065,Y,2.4823264047413183,44876.07508043302
f8f2d78d-c54d-48be-ae80-43fab72a956d,2-2,0,564514,392447,59768,285,0.570214638124104,1185,55.205705418242744,smartphone,1.0743212129151132,college,2.0385032015434312,English,0.46077377221472576,0.7623719070983295,Y,2.191254202474056,43162.85903965718
1566f86d-93ed-408b-a7b8-90d409419736,1-2,1,570318,226375,34181,310,0.776557144721415,860,21.99784182815544,desktop,0.8101426249236773,high school,0.42947174938745303,,0.3555380777638378,0.7170452929849485,,2.8270908349525667,44187.45039426685
4ba34db8-9baa-42a5-bed2-a6381f36d03e,2-1,1,29041,945445,78241,357,0.6100685980863234,620,50.573357070660286,smartphone,1.2015224609571358,graduate school,0.9151296194165487,English,0.6087663065421771,0.527365920662608,Y,2.3107848027247115,45398.071339714064
b856a7a0-694d-44df-84e5-7df262774187,3-2,0,34430,628887,1314,120,0.4073598216266928,530,56.342164955765014,smartphone,0.791316634534368,college,0.4359062338632872,English,0.8706609808425285,0.8159372585396627,Y,4.748155760316297,45512.777733573894
86fc00ec-2ecf-4b13-b031-7de5b98c4716,1-1,0,269450,397272,66785,198,0.6527932145261695,521,57.9996890492331,smartphone,1.245680611370525,college,0.6184060685609365,Dutch,0.35329659340691977,0.9956424303792605,N,0.015004919104989689,45007.29334072492
a77a0634-aabe-420d-8348-0a7372b161d2,2-2,0,486319,42098,49650,351,0.48267321611774405,739,34.34571597306917,tablet,2.0464867851202815,graduate school,1.4999592418988992,English,0.5910351600420327,-0.03757762448422164,Y,2.4482412853168105,44073.60291201062
c000581c-20de-42c2-9978-3278cb1cc4fa,2-2,0,419357,621352,106468,249,0.8894665951216659,1227,39.93583005954709,smartphone,1.5163210506138634,high school,0.3293078283838877,English,0.7133137703062484,0.2827159480181865,Y,-0.29385968326188294,45221.70075736227
5013da82-22c7-47fd-a245-d7131d2fab50,2-1,0,20203,87218,75841,254,0.2996216133683171,860,24.394872868558767,,0.09033954639515362,,1.1674314582228624,,0.6704635972924375,0.14562976062016603,,3.347637874016018,44312.75509468055
014c91ae-55d5-4aab-87e7-77c677f8a128,2-1,1,166674,465231,139705,147,0.627358340967421,970,54.31259109207123,laptop,2.438158937358738,college,1.6557776655973835,English,0.5483324005282327,0.5954518640355786,Y,4.7551011491635045,42815.906392671626
5fc65dc4-1722-4f54-bd65-720c734f2d00,3-2,0,681661,871365,6114,321,0.3253431479093939,736,43.66008819879886,laptop,1.2994233162650932,graduate school,0.24298685077732285,Russian,0.6135433752307847,0.30091160052972354,N,0.08929002656344331,43796.04936449987
cb34d1a2-93ee-48a2-91ec-77e02c1028fd,3-2,0,649105,940318,83137,141,0.7417781006760249,1306,40.62565921931973,smartphone,1.282813631371384,high school,1.370292488784452,Spanish,0.5620735361509898,0.5328624186538358,N,2.9571526926155753,43238.945388379245
2ee3c271-be10-41d8-b778-9c5d7d5b6e52,2-1,0,569222,165843,92788,301,0.219054758743985,407,44.94118676699583,laptop,0.42085534507294653,high school,0.33842587237738,English,0.6300493471966724,0.5126126934116385,Y,2.450500294544594,45703.93121725843
1ea0eab0-36ee-4a7f-a855-db0d0c545a87,1-2,1,929260,601587,89326,373,0.46637071350352033,450,39.98902867528379,tablet,1.6885466611709172,graduate school,1.0202566949014098,English,0.48971741287211373,-0.16140550781624385,Y,1.648836369868164,46507.92558405521
154c0760-9c47-435f-8335-5f1178d12e46,2-1,0,112778,790330,27368,203,0.46214954697791794,530,26.039807562541895,laptop,2.032352474105143,college,1.3793446470767552,English,0.2903589393881797,-0.157466051880211,Y,0.8970803209844072,43031.33606585592
4ae8593c-1ba3-42b0-9e6e-deed9cdb2161,3-1,0,385768,47644,53138,197,0.22795878349479293,738,27.586940338361075,desktop,0.9412260094327021,college,1.5732807615847133,English,0.6489496531249295,0.927911433590886,Y,1.9612145743977203,44550.20496730173
471fa2d8-87bd-4cea-8ef6-6c24af87fbc7,3-2,1,649341,522437,22575,300,0.7364227641878471,366,33.7449145712319,,1.1932215889879005,,0.9548805030200016,,0.6186470435231886,0.1961590165721212,,-0.036511113525540484,46094.220520856354
177ecf4d-6409-4d73-8060-099d85c7a2f4,1-2,0,405044,427,99221,270,0.5513965992660429,636,42.888858856593515,laptop,1.4074759186157824,graduate school,-0.04353589142064296,Polish,0.44980799642522495,0.9028707620897072,N,-0.4006050952586726,41420.4052744146
b502be75-8bea-4412-9b7d-813e7bba3685,2-2,0,338890,231617,135360,296,0.4161337846400923,417,44.18195489996263,tablet,0.7726891114184462,graduate school,0.1595982259926364,English,0.3919362650958446,0.004624259888470761,Y,2.0293896836974117,43581.22919680864
828fc4a0-e2fb-4de1-93f7-f828fbdaf97e,1-1,0,175818,96885,86621,378,0.5507773354388237,1283,-3.5158178588824853,laptop,0.6470149114459113,professional school,0.9282117606640881,English,0.1896480297488335,-0.21432473990501533,Y,1.4832833171081352,43930.09670142418
f50cdb0b-d082-4ab1-b5f9-17fa8540795c,2-1,0,523335,824891,36189,227,0.5041052257096609,964,55.069963360109945,,0.37902166173898766,,0.9591362329535492,,0.5377982032775079,0.2579583466728847,,1.0314315942527355,45069.06554917658
16d93a7f-b378-4f6c-ba62-8e7479afc2d3,2-2,0,402457,258412,31193,125,0.49779331522307374,556,32.46364141117657,laptop,1.441626498961004,college,0.9315567710759398,English,0.14098087882182236,0.5070788945181474,Y,2.7086133956068963,46363.65940140171
5ccdee25-cad2-481b-8033-c90162b98ec7,3-2,0,185297,531851,49625,237,0.4687089800228172,1110,42.46388778744046,desktop,0.6885991171958998,college,0.8115874230941001,Other,0.6030386959141516,0.963641815735079,N,3.450811813342799,42166.73033801824
20bc2c15-8c8b-4581-89b1-ce290be145df,1-1,0,708651,654016,130900,301,0.5474058212001456,573,32.53583872824825,smartphone,0.30450331945276476,college,1.258331204419022,English,0.43801908326168176,0.14399412160432096,Y,1.8674143512643673,41057.291654471584
264b7cb3-a20d-4fe4-9f75-2a0dda8f6300,3-2,0,113870,118835,77362,249,0.2384882275247271,348,18.555029452411983,desktop,0.589450584248952,graduate school,1.5866825919798768,,0.4690654359483631,-0.042867374191142504,,1.8246102973562837,46893.77320571785
ce41ecb5-d3d6-467d-8d90-0da4db858b7c,2-1,1,695688,77503,101271,176,0.49633685998418087,1133,23.040042082064424,smartphone,0.6487309272830646,college,0.1566605322549629,English,0.6594045447399447,0.22910285183202256,Y,2.729678146586642,44434.11234566364
76d25023-7920-4e91-a62e-db630eb472c5,1-1,1,20355,435778,39704,366,0.4479175114848973,1307,57.67380783157574,smartphone,0.6127627867440075,college,1.031463385456402,English,0.5087310734170954,0.9578579795448108,Y,1.5316202806699857,40717.2001244122
253f1616-4a99-4ebf-8086-6ecb195f5fc8,2-2,1,723939,733172,134549,280,0.5440050289248162,1005,30.388785412674856,desktop,1.0995952288261563,graduate school,0.6166431065194329,English,0.6418905806326533,0.6224933533903744,Y,2.7251772086447943,44629.29518097671
cb34d1a2-93ee-48a2-91ec-77e02c1028fd,3-1,1,169893,935079,93316,361,0.30335802629949093,986,49.105493178559946,smartphone,1.8541855570168382,high school,0.682074382842871,Spanish,0.3420396713928405,0.2342275635352572,N,2.686284341641967,44239.654737223755
eed8457e-2f39-4f4a-a3fc-7bc9fa57d880,2-2,0,749562,224326,62240,114,0.526464280119933,1218,27.174122032768707,laptop,1.1853678494357744,college,1.3481450193635316,English,0.35541550461501725,0.193459301930825,Y,3.3293992011500917,43727.985980313984
0c06a58b-c629-43ce-8f6c-2a140dd88b66,1-2,1,300007,937274,92788,290,0.7328029985919942,919,43.604495260883525,laptop,0.7077506080461455,college,1.1824927789169566,English,0.4204895283210056,0.14317952771503584,Y,1.7031333348395887,44204.66584876328
c5f16c37-1a33-4562-9996-0f8262566ab2,2-2,1,619488,1004936,33664,227,0.16735815956527983,1059,45.08162150234911,smartphone,1.2945090710948906,college,0.15722663239054513,English,0.42671068573299015,0.055549030343908345,Y,1.2107272733227834,43640.556187808594
18ff52ad-d2e9-4d03-b775-d01403f19b51,3-2,0,315622,538933,30003,251,0.6461312781771504,552,40.779475865462665,laptop,0.3778649262846019,high school,1.0948827109217156,English,0.26901949654261226,0.3353984326245275,Y,-0.22727490198827693,47918.56806432229
2969f3fa-0544-46ff-b5ad-5f14fa846a7f,3-1,1,858628,960082,100617,305,0.6330390615344249,1031,43.6540484185238,tablet,0.5018961809289735,professional school,1.0304833529909563,English,0.5358842577796632,0.35203010580684735,Y,2.111053770664137,47068.91612438231
475f8bb1-e661-4dea-af87-86ca2a261e7f,3-2,1,175465,913121,99760,250,0.5801976033517784,780,35.843139016688404,laptop,1.6554621540417798,high school,-0.46121218439847245,German,0.4726462186602262,0.2553181589221578,N,1.496026702730272,38463.55530058441
c7962751-a043-444e-807b-543a4b17b012,1-2,1,72011,739839,139254,287,0.33328077125589617,1097,37.48750969826411,laptop,-0.1344363625748528,college,-0.04503516431844612,English,0.2365178814046887,0.03488176956205341,Y,1.6888481797683277,47433.78065239475
27b4821a-e017-4740-b5cc-429d50c88f5a,2-2,1,921515,390100,117809,155,0.5103083156384624,1206,37.0472096166654,laptop,1.102478241150078,high school,1.5632067081220935,English,0.69011659466844,0.20472198252004287,Y,3.259141726249824,37720.823449439486
606ec9ab-33fe-4f7e-9330-c0c5d30928c1,2-1,1,10133,970639,139719,154,0.588589364348109,761,36.76857356770155,laptop,1.1445604319691576,professional school,1.4232770393126286,Standard_Hindi,0.08094972976869536,0.5461026383095858,N,2.253179702653168,44418.97521571686
e1b5288e-cb8d-4cdc-b021-45df6158c3be,1-2,0,7357,449590,110112,246,0.30538810089512725,979,52.24697252219314,desktop,1.6363683505790452,PhD,0.5016991643866724,Korean,0.7551994948119545,0.3851040901040913,N,2.0890057475354453,40886.907169996375
cc6bb97b-148a-434d-86be-1a4b7c05363f,3-1,0,143773,901978,77615,331,0.17502101988534174,1400,38.7876674510446,tablet,0.5308892933282453,high school,1.265613655721701,English,0.23083886175261964,0.4985501052611123,Y,3.541743892662601,45798.39307690076
b95563e8-9d70-4aee-8c29-b2d677981d92,2-2,0,694711,640228,90187,319,0.6527496177683674,929,26.070020305778986,smartphone,1.1035722779011954,college,1.1956840087060445,English,0.24612139199842376,0.7582451492996204,Y,2.492748896392867,41531.760415892226
d5474dc4-83b3-459e-8435-aab6eb356a3a,1-1,1,438676,639840,26094,307,0.5766068359793525,1142,31.334457103170024,desktop,0.671089168143463,college,0.6424290573291707,English,0.668443197204431,0.920712547755953,Y,2.3629395837950375,44239.9491247964
5d94e05b-6915-4406-9c52-0e12b11f5c0b,1-2,0,640899,557180,33429,164,0.5098128001778239,332,42.46557148401818,laptop,0.9640166481027985,college,1.0849210915131937,Indonesian,0.399553583180148,0.7639649253573965,N,3.555313535736972,43560.36261621197
482de720-e72c-4225-b693-68609e6db53b,2-2,0,857598,201253,87805,115,0.47298822363627524,835,36.38507564609808,desktop,1.2195746788570823,high school,1.0911689743212698,English,0.7004196218110804,0.3480099570164248,Y,1.7831886477086967,44309.849418647886
4f8c5f95-808c-404c-9613-d9ad53bad8c2,2-1,1,53304,757818,138647,257,0.22469264427826746,1023,54.44037866039967,laptop,1.355297317563351,college,0.7128717623166416,English,0.1280610857465319,0.7317069684518756,Y,2.911225582258635,45566.56108216464
95ad60c1-7c93-4341-9da3-763bbed405b9,3-2,0,556441,932977,119161,307,0.768386564588073,361,42.44164271045298,desktop,1.8149126632377368,college,0.02420544338442787,Chinese,0.3608566144541542,0.6699582598582221,N,0.9361052662227102,45270.16580360479
884c8fa4-f6a9-4e37-a9ab-652c0f26d668,1-2,1,422530,250094,30752,143,0.7498639650162189,896,49.57858003413645,smartphone,0.7373563396335404,college,0.8413677687894943,English,0.5838019144419226,0.5532144814135791,Y,2.336823683340229,43495.75040240732
001d6664-0e5d-401b-bfd9-c2985739e2ca,2-2,1,136371,116335,3440,171,0.30748658962239217,861,47.334941444309685,smartphone,2.2465894633270675,college,1.2920253300281257,English,1.072980638531535,-0.3278369190657171,Y,4.7108828055524,43227.19021975628
6e1bdd21-d51f-4497-a684-654edc44a6c9,3-1,1,682272,339976,48594,305,0.6687400808218195,900,11.521146477541098,laptop,1.2882924533059863,graduate school,1.4770987083134628,French,0.45517794948176943,0.053940357677855266,N,3.2079789498294176,42045.491422336476
bbf1911e-20bb-49c1-9bc7-c9103f55c169,2-2,1,18396,645915,32356,281,0.4054088412590948,541,29.58230271755086,laptop,0.41911600866413845,college,0.4230702068884796,English,0.6051039902306272,0.9412928514512884,Y,-0.40740559077586846,47205.503850627974
e6086759-35ed-4d89-9e47-271e43001fe6,2-1,1,235705,953452,91142,194,0.2942351832336634,479,42.02013761921603,,1.553516721446428,,1.047851173826868,Spanish,0.3315699138669589,0.5347118679713931,N,0.4204470983917903,46676.565972586206
4bf638b5-36b4-4b87-977c-dbb48a337da5,3-1,1,920458,650944,134670,282,0.5037429327646682,464,19.507580813474522,laptop,1.4352817429433138,high school,1.620908448947421,German,0.49686165460463877,0.6379281092780766,N,2.4519027882973288,43789.02392542693
a28afe06-386d-4288-994d-28b51c745e3b,3-1,1,1000712,481390,119429,325,0.46864387207224445,709,25.0609639674118,desktop,0.6105698466951084,high school,0.709681817522825,English,0.3882403000589416,0.6608202167706533,Y,2.853280574298448,44090.69446049863
a3dd9852-6cc5-4893-a6be-e0eed5e53e52,1-2,0,46493,860072,97986,275,0.4132260579383431,1290,23.35371350028781,smartphone,0.8625554079281139,college,0.7224881783007222,Other,0.511054283318689,0.3420564448889197,N,2.3831057308543713,43521.07590054937
8cc63a40-be0d-4ffe-bf7f-45d515c40b6c,1-2,0,619644,750323,6472,187,0.14228470728881942,639,38.89042298397183,tablet,1.515132364053054,college,1.5825519793343077,English,0.6390851359881446,0.5622844224404112,Y,-1.0006628035331477,40685.108372459166
591c5b25-b236-46fc-9796-d2e943430115,1-2,1,551802,984900,100786,358,0.48352170695553576,921,25.615738784551816,smartphone,0.8605924517241529,college,1.1633205239071016,English,0.7502767736298936,0.3745291038223215,Y,-1.0349940185469468,48915.72734904625
902669eb-08bc-4e32-8e29-a4c99c57072b,1-2,0,382282,635331,80420,154,0.11776495549316185,1076,24.37725081575089,laptop,1.0608690481023166,graduate school,0.4695245568645241,English,0.7294140415335929,0.07109089405476704,Y,0.1936647746506639,45268.67939691083
134bf53e-1ea2-4b61-b39f-a1e444535f80,3-2,0,440016,453090,52921,226,0.2229745140806682,1314,57.52761374864743,laptop,1.6312402277191098,graduate school,0.5768003313544758,English,0.4427227642965965,0.4981987769927464,Y,1.068871681611775,45884.6148647333
52094e6b-59e3-4905-9151-73e21750879d,2-2,1,550051,510689,18070,359,0.5682143554639535,558,29.088156478858487,laptop,0.8900296857493029,college,1.3159356509980178,English,0.5152118955483884,0.20317731059809446,Y,3.632881709545775,43541.15539799735
e5afeeab-aaf4-4200-a67a-5ea0b861dee3,3-1,0,2277,222955,88341,373,0.5770159849114307,378,31.617855229254275,smartphone,0.46819779136181594,high school,1.2618927095786447,English,0.9045609610006157,0.5704825255430792,Y,2.4300953215383476,44312.867520977255
5d94e05b-6915-4406-9c52-0e12b11f5c0b,2-1,0,525881,169711,22531,197,0.4426591251614596,1064,30.21558528425009,laptop,0.8364010958516144,college,1.9216922870090607,Indonesian,0.34870249414487076,0.296579123414922,N,1.2026933830462312,43952.72753307443
ff86ae10-c0aa-47ec-8b3d-4d48cafa9039,1-2,0,775723,819627,41859,261,0.45746218478226547,1145,32.71130104786797,desktop,0.3080528933286617,college,0.9443484648269342,English,0.3428233131831717,0.6866349201411724,Y,3.507670657043181,44620.7428681276
e893554b-e41b-44f5-9247-2f1b1ca49f52,1-2,1,128778,903528,669,325,0.1337326271952773,1303,40.98521018903226,desktop,1.8091372689583798,college,0.7756546511272521,English,0.4809507390265547,0.873568226010093,Y,3.345458838854128,42707.347803773155
be9ad381-7efe-4b47-b2c8-04121156cd38,3-2,1,1016930,720819,63328,156,0.6357389481105917,1172,45.70309194960132,desktop,1.4222356629948258,graduate school,0.4534802920781743,English,0.5154257194507246,0.8318515005102867,Y,2.7581804557795992,42562.61488620173
b74b7a54-edf6-4d3f-92d3-8dc119424956,2-1,0,46592,927,21241,107,0.5848222601352099,321,26.16814393755632,laptop,1.7050016598373379,high school,0.4038529863486501,Turkish,0.5175983070599407,1.2204246310644873,N,2.6201650497675417,43201.7678285976
025562fd-3b78-416d-b71d-1bab3f5fe6b6,2-1,1,870927,351175,5647,332,0.5771096418688998,1113,31.55874811501114,laptop,0.6651983076980963,high school,1.5480934723621922,German,0.382828965054991,0.3799500985737196,N,0.2219278445404318,45845.91521658487
49ed1805-bfda-406e-af15-31507cb3c5ac,3-1,1,194735,73760,23416,132,0.8036675657872341,1207,43.48974256023576,desktop,0.5577759876554611,college,0.9473818956222655,English,0.5090545141469656,0.013004041636082597,Y,1.0910431538332146,45284.5264705882
9d234aec-32d0-48e3-8160-e228d2816978,2-1,1,520941,267278,101905,291,0.6442551357304747,999,54.29282204555204,desktop,0.6684478940457614,high school,1.7036452904629518,English,0.2141178007375194,0.7467923282504474,Y,1.8323668209240815,42260.18230074897
65ff8233-c35c-488c-a692-f140a8bc5f64,3-2,0,797820,991223,87974,221,0.2807059206973499,1341,51.98976231846909,desktop,1.665619831972819,high school,1.4240613078619933,English,0.5448812189765279,0.42255765510441806,Y,-0.6672657115170741,42651.32727941865
be9ad381-7efe-4b47-b2c8-04121156cd38,1-2,0,104665,61774,53359,336,0.649901367368327,973,28.925266490996975,desktop,1.4466227559410982,graduate school,2.333175271309072,English,0.8408962475162259,-0.12636337915018825,Y,2.1297091701797886,42327.136031517606
b60fd095-b0c5-4946-ab0a-4901ce69f617,1-2,0,44397,256393,73395,128,0.1846545039932046,871,40.745709356661706,laptop,2.2484390043983256,graduate school,0.7036981268817194,English,0.5841612612290551,1.072288362611488,Y,2.6914818541743504,43264.549975447684
a28f6ad8-3ed2-4ddf-bee5-0ab05da1b6ad,1-2,1,911201,24047,101343,273,0.610327925788476,1392,26.962698909359304,laptop,0.8116329015864576,high school,-0.10066868730431788,English,0.45753896413966233,0.5551630563809681,Y,1.3732555779202005,47651.61166208472
c000581c-20de-42c2-9978-3278cb1cc4fa,2-2,0,709614,483389,87137,179,0.25550810617378483,1391,21.36984431492281,smartphone,0.8093151976826749,high school,1.1283242177144104,English,0.41280131256480274,0.5341143413065369,Y,1.6045561654593021,43080.904683016146
f9557d5c-0a28-4f14-b9bf-1a0308ed9546,3-1,1,946779,42369,112403,201,0.44412488305744036,1044,28.73281830393468,,0.6580920005261672,,1.8523371946035834,,0.7469847756618009,0.6379855887282948,,1.5866903310923715,44163.08901258586
540ad2c3-6798-4093-8f1c-3c3a0ea94ac6,2-2,1,152941,228566,134561,349,1.0517313845537872,1266,41.87218706066331,laptop,1.4563354473996717,pre-high school,1.1737435838241557,English,0.5519113260208011,0.7659241302774322,Y,1.7960249516628717,45582.76758247855
d5474dc4-83b3-459e-8435-aab6eb356a3a,2-1,1,382948,882480,102333,244,0.40911162104247534,906,26.45801407340273,desktop,0.2727359492181093,college,1.2155280381608837,English,0.026420532331487223,0.4057847102967894,Y,0.5422116482866515,42440.31798072387
e5afeeab-aaf4-4200-a67a-5ea0b861dee3,1-2,1,250164,58621,5576,257,0.7741392904028309,722,28.98277318258117,smartphone,0.3865290942104094,high school,0.8132302319589387,English,0.6927295663293351,-0.09484902611881185,Y,-0.08650620152152921,43226.19033282323
0010d921-1f71-4511-834a-55096185fabb,3-1,1,858951,779763,12464,358,0.1393379766193854,848,40.41339746608919,laptop,0.7909056762133795,high school,1.9048238708960596,English,0.4966387118278163,0.0007231580239029367,Y,-0.3929363082055417,45691.70857538999
0d84e944-f2f1-4a68-8fc5-719111349ddd,1-2,0,824056,463611,124587,253,0.5129616306213439,1412,35.17550224581437,,0.42706981924866694,,0.7950583274071407,,0.3078290558327954,0.6696088707776241,,2.2671078022400497,45014.95308442079
4c958f8d-f3c9-40f1-8816-2b0c39a38bd9,3-2,0,817923,137650,118002,289,0.31703535771343394,1216,23.14015671544587,smartphone,1.4606226864567415,college,0.22477275563479182,English,0.5011723804163147,0.19086594531465362,Y,2.108323723936372,43838.82459892288
5940aa1c-da60-4873-b97f-e4d89f2d1a85,1-1,1,638742,480741,26466,178,0.9359026998327149,478,32.2602396925943,laptop,0.37725700715528265,college,1.7738643473537037,English,0.6945695601959343,0.8821880155697902,Y,2.5652041813984545,44370.124873660054
cb34d1a2-93ee-48a2-91ec-77e02c1028fd,2-1,0,866857,566161,24646,331,0.36628965657058427,396,62.94804627375687,smartphone,0.8840358955925821,high school,0.09110857483950041,Spanish,0.6898810255868049,1.1170146518920971,N,2.277827941767401,42528.90945516535
ef9702d4-36b9-4de8-a045-dbce0eb27a98,2-1,1,422160,237869,43047,147,0.7324715177083054,377,26.863037152999745,desktop,1.9801167555073707,college,1.3253208217622288,English,0.5242203625158404,-0.7798827510078596,Y,1.7564931564900028,43188.703174727685
3657cc44-95b2-45ff-9e4f-a4cd22079a32,2-1,0,329249,624004,88565,304,0.6614845604325088,661,26.256575835204195,laptop,0.23703784991821497,college,0.7961538065000857,English,0.037959640791563,1.0417305882660637,Y,2.3869906359773916,44538.83460603679
c10c2f4b-5e25-495d-be7f-9678adcb45ed,2-2,0,211332,220027,97653,254,0.37260930877529463,802,48.70670819612834,laptop,0.685689103498307,college,0.7124013828162228,English,0.4784568889230431,0.46990518844071466,Y,0.16781963393995514,43898.16360048356
8ee594b5-8f8a-4ac5-874e-70ae8f41cac6,1-2,0,65684,711266,82022,262,0.6155276752974319,526,26.51266562810107,laptop,1.452566352197217,high school,1.0652635673014206,English,0.5561469797906259,0.5015210547432555,Y,2.925363364750843,44895.27321289551
8672882e-46f5-44a6-ac35-bfedb6323e69,3-1,1,643898,676753,123519,149,0.546509235644834,1280,53.58054412656297,desktop,1.248924503253871,graduate school,0.34952803260194354,English,0.24808857324199052,0.8328623591762745,Y,1.3745921869698363,44861.89156430549
a8a7b6f7-3663-43c9-a149-88a058e52ccf,1-1,1,885994,663865,92492,367,0.5324486780046606,513,38.690828144814866,desktop,0.28457733205980973,college,1.6980049065283,English,0.29269532108281093,0.6114678245797748,Y,1.6375225297483107,44980.09338834987
5e3b5968-8333-4c18-987b-b413b916f904,3-1,1,1020318,592789,141774,325,0.5910113312956039,382,37.557746622643975,desktop,0.2611445740785937,college,1.1918817038723317,English,0.7164227026610268,1.4879175665581887,Y,1.3235241262607675,42791.07851806295
618f8406-daaa-433d-aedb-3a72a9f3a947,1-2,0,50677,712826,10297,329,0.14766046300738173,1417,35.64484420169166,desktop,0.94240989946701,college,0.23603141103788128,English,0.5557002160632893,1.1001878914357093,Y,3.8597563504096177,46539.710084152925
7ddcdb33-a18f-47fd-8476-4e5b117b5f09,2-1,0,747249,343754,32007,326,0.6829755070154068,1115,44.6763388385278,laptop,0.4054335659111714,college,-0.25783744552562804,English,0.5175698060487576,0.8165578091748114,Y,2.397636650937499,42751.9013014485
5ccdee25-cad2-481b-8033-c90162b98ec7,3-2,0,227415,108692,88395,359,0.45898357474252327,763,37.907638729836876,desktop,0.598354150750579,college,0.7335951348842047,Other,0.2367444812086517,0.03190830193354699,N,1.379413276602283,42271.98303409916
8daf6eaf-3757-49a1-9fb7-77fce259e6fc,3-1,1,49790,619700,124534,340,0.9187289273482537,513,47.86929037424377,laptop,1.1222674134862007,high school,1.0167768938139141,English,0.38106371066186356,0.14294829719805396,Y,1.9867737734294832,44923.31133160682
0e77b20c-c1e1-467c-a359-0a2942538fcb,2-1,0,414456,567339,142226,157,0.505630339228342,1352,40.301533995185,smartphone,1.7001265575659699,high school,1.7034930244139952,English,0.6755371601243594,0.05558741070440465,Y,1.2857874625007093,43600.92938103035
314782d8-515f-44b4-ba28-8365f8811ae1,3-2,0,679308,283956,64616,315,0.343080116691419,823,21.940103453284117,smartphone,0.7664119685233141,college,1.7691402822128643,English,0.4524393862934477,0.38401205366325813,Y,1.7548669275254094,46486.37971220048
9783faf6-c2f5-4343-a86d-f6312c95f762,3-2,0,289185,775780,78597,345,0.4730785868623418,488,17.008657430204728,laptop,1.016151615396078,graduate school,1.8065449257515285,English,0.12484437743680238,0.5794551960145913,Y,2.7131628123686333,41281.86805141913
020bf19f-ab82-4c2a-8fb3-fbaab33412fd,3-2,0,684696,512979,16493,229,0.31481949642588486,1113,32.27779387073872,laptop,0.8909288325773319,college,1.5060569435968263,Russian,0.41063467376854074,0.5869108010517946,N,1.7929358266676638,43807.6891827088
9e9c021a-b55a-4aeb-af94-847d6d457b62,2-2,0,997127,791204,116268,155,0.6752064537800709,473,29.29369980490946,laptop,1.2513697844686908,college,0.9526835792869708,English,0.5933564743419304,-0.577261562770027,Y,1.265908435622912,44210.532872476084
93ae865d-c378-43e3-ac66-f429add5f358,1-1,1,1012319,103765,31059,121,0.4875750474977139,1434,23.957619280019507,laptop,1.0834342150017438,college,0.5304994497188809,English,0.33608713305165755,0.5709672398900059,Y,1.2173916791803112,44785.24346755208
5fc65dc4-1722-4f54-bd65-720c734f2d00,1-1,0,977379,418028,74310,168,0.31352690950740314,651,15.419643167124029,laptop,1.0090371844935344,graduate school,1.2875190741185814,Russian,0.4406103015695096,0.16742170941635492,N,-0.4740196049719718,44632.10775038651
61746fb4-9306-40b6-aeb3-31222f13e4bd,1-1,1,902960,309072,38775,246,0.17978888023666417,564,27.2755857358828,laptop,0.9710331424872835,high school,1.148588065791327,English,0.7012339206909995,0.33402357983130304,Y,2.709793412728711,46655.38234963805
6111a8de-8e09-451b-b8a9-ff41d2c985e8,2-1,1,729425,149265,21483,135,1.164617695301659,1339,18.049766371099555,laptop,1.0839012547576843,college,0.7734963017580632,English,0.6585766030376262,0.10257581226557583,Y,1.4614162912304989,42529.729010697716
020bf19f-ab82-4c2a-8fb3-fbaab33412fd,3-1,0,662516,708118,4419,211,0.3918087578865956,1221,39.85388389693786,laptop,1.2776925221903181,college,1.0528457975566206,Russian,0.22110499982404286,-0.016580636256253944,N,-0.5061106180815655,44994.62934939413
eed8457e-2f39-4f4a-a3fc-7bc9fa57d880,1-2,0,666310,647631,33557,272,0.5975339599708264,579,30.87235232698669,laptop,0.06820295901238382,college,1.8103865158404984,English,0.640312704086252,1.0115971079967996,Y,0.34936107138073647,43985.38449822396
832f42b1-7702-43bd-a55f-a71c4ad85b9e,3-2,1,559826,838239,33761,159,0.18312852826512155,519,17.89956221133959,laptop,0.6284730578527085,high school,-0.26269036859376405,German,0.27386691813443276,0.45900389222135834,N,2.3095710784278873,43785.41129441122
7a5fe584-0426-4d55-b8b9-782fdd635a86,3-1,1,601220,623298,3656,240,0.5461399845406449,1092,43.61218994392357,laptop,0.7448332854758646,high school,1.812320546095562,Korean,0.39354277683652467,0.0609436412258868,N,0.2837990455596464,43584.69125397145
a75e076f-3028-44a1-af60-ca3b3bcaeed0,3-1,0,69505,741820,102546,302,0.4499831192070182,496,58.365968229757016,desktop,0.09720683276325481,college,1.134047804382182,English,0.5350336741931946,-0.2644709601932097,Y,-0.21714188323028316,45451.58812530759
5b87a566-30eb-4ee6-abdd-aa5677afd103,3-1,0,226813,539371,12734,303,0.5931614206999732,428,36.912729989257,tablet,0.5150765513616808,professional school,1.1510466900297807,Standard_Hindi,0.5248548151520805,0.23798849323552113,N,2.074584147188315,46240.557346051944
2de720d4-ef3b-4064-9437-2886a4fb5d23,1-2,0,1012978,516812,17194,145,0.7115811206941653,807,35.14096791694888,laptop,-0.2329812719601545,high school,1.5900549574795544,English,0.6484295597457089,0.28933412547450416,Y,0.14703923269638697,43967.61958680096
020bf19f-ab82-4c2a-8fb3-fbaab33412fd,2-2,1,448465,983462,40029,302,0.8827310546061606,666,49.87713061206472,laptop,0.8660018833858596,college,0.761765700467101,Russian,0.40847131194534164,0.1186883150859851,N,2.9686796656579384,45974.22919627854
af359589-3ded-40eb-8c8e-8c820ad019de,1-2,1,834736,1010026,103302,358,0.5370935807915158,1419,41.67456705447546,,1.6202632086009099,,2.090122462778215,,0.47544677188909534,0.80745634568882,,3.2943608989375335,44335.51582171397
4f197cbb-93cc-4852-aad3-46d35f809f47,1-2,1,195950,341069,36016,131,1.0222056400972055,328,54.68278832952077,desktop,1.1305164835576977,professional school,0.652980995075317,English,0.5865809835275635,0.19174591538162877,Y,0.6150527048119094,42726.243589835176
6111a8de-8e09-451b-b8a9-ff41d2c985e8,1-1,1,123338,731852,128909,351,0.6446804285105036,827,15.95704794006748,laptop,0.2493114036860522,college,1.0518195896344327,English,0.6592677201800022,0.5378175873240681,Y,3.148567196407988,45178.28806080181
388d3669-9c70-453c-ad4c-0d18eedac5f9,2-1,1,403136,423163,138938,317,0.44712448458260023,369,46.1224466719771,desktop,0.046792934358948046,graduate school,1.3720870915923,Other,0.4449225155383536,0.5806271308482509,N,0.6389819518121296,44075.51065982983
72deb366-7970-47c4-9c54-b58c17c8874c,2-1,1,502616,383168,102553,291,0.6171015463096514,316,21.297571552101758,laptop,1.0471518375998614,PhD,1.2126042780820472,English,0.7551204534302131,0.7438665142257918,Y,0.9830040424338546,42864.83199977802
884c8fa4-f6a9-4e37-a9ab-652c0f26d668,3-2,0,419747,786518,55344,198,0.32300526539882346,898,23.196507654381342,smartphone,1.252933580857526,college,1.4070950336165138,English,0.5770802442072116,0.3624514671357426,Y,0.4425098467105937,43548.11292964337
e6086759-35ed-4d89-9e47-271e43001fe6,1-2,0,399066,826830,40673,202,0.33254074106690423,777,19.52799757546584,,1.2550857303725853,,1.7016856261320803,Spanish,0.7096044595843802,0.09157602245258528,N,0.7069195027235966,42193.68119061355
1ea0eab0-36ee-4a7f-a855-db0d0c545a87,1-2,1,460247,727914,109472,325,0.2170187445161299,731,22.849706824761554,tablet,0.32996786502045217,graduate school,0.7209839980531688,English,0.3598163785216101,0.46773867659093427,Y,1.980283020165831,44230.49398160323
f1d9d03c-16e7-467d-8734-070773d65aed,1-2,1,56817,865570,73485,214,0.3925789939738421,712,34.49348061377901,laptop,-0.038484021126957035,college,0.8460214496476294,English,0.7896101609577124,0.6301803666934829,Y,3.303787252063633,44725.74907619685
dc68d578-d73f-4d91-a515-6a5569f35516,2-1,0,185416,528180,125581,118,0.3428125455038723,887,18.78176081869087,laptop,1.4810501141768246,college,1.8699409929781579,English,0.6367519225646017,0.6575310207838085,Y,1.9895393629263258,44590.31866229177
8d488770-dca3-4c48-bac8-af2e74d1dc4c,1-1,0,201227,1004352,35057,165,0.3386623809202415,1174,29.063568033868293,desktop,0.6869126341337881,college,1.6191280295912454,English,0.2984889098033529,0.7181189049955135,Y,-0.26342836250184365,43452.877735529735
a28afe06-386d-4288-994d-28b51c745e3b,3-2,0,950760,300094,72428,378,0.8463404052905061,862,42.239748929967426,desktop,0.7271826163099367,high school,0.9731916980959109,English,0.5461582296487072,0.203833691986201,Y,3.90681287023037,44819.68974450049
bd594697-306c-4969-bc64-971a4c6a795b,2-1,0,954210,121997,123188,121,0.5763210152441552,673,46.104162289979165,desktop,0.6871204494559776,graduate school,1.168464156128132,English,0.5907406380519115,1.06104008533192,Y,2.2256786461769664,42290.286907895
cfee68d1-90c7-403f-be8d-bd8b7abc1b67,3-1,1,71274,983742,118927,312,0.5098450027935383,594,41.21650093836938,laptop,1.2940392963684522,high school,0.3915723898129897,English,0.6480005381291332,0.19868534261713383,Y,2.1979920154536132,44678.10380245157
c76dd3b4-df4e-460a-91cf-30691faa6703,2-1,1,831789,398466,76526,382,0.4211942451729016,1071,38.09701668002728,,1.3242693365413905,,1.689147748197251,,0.8591067931671545,0.02938222697220577,,0.6167294661853724,43618.59253734148
b502be75-8bea-4412-9b7d-813e7bba3685,1-1,1,785973,774760,59941,241,0.6050801705767387,913,30.591071952863928,tablet,1.1952049001556848,graduate school,1.5557605309192413,English,0.18343832037223834,0.0308034705157898,Y,1.928320469715665,43153.11635772904
8716e0ad-f17c-4c46-97ed-2c9643a576b0,2-1,1,637107,198906,124990,108,0.35575160413465456,1392,44.662073591161914,laptop,1.479164557798731,college,0.4794889883108082,English,0.41107507142443234,0.15230282001673462,Y,-0.46634399195736487,45280.22026673405
84e4310e-79bb-469f-a212-a280f0defc2f,1-1,1,781301,519169,128164,161,0.20792631143680151,1306,32.189709747866864,laptop,2.179482257878643,graduate school,0.9203783895794418,English,0.8512614113494645,0.7484276818303138,Y,0.7554059367359256,43714.62464167011
11db0111-539a-45d2-8e6f-8e0a3bb6cf36,3-2,0,821979,842333,121149,346,0.35391475125918326,607,41.02174216758471,,0.3987411951629841,,0.7396499101852936,,0.40169124869903383,0.5037344681738171,,1.8802849393428551,44295.43627635435
f01af761-d426-46f0-ac95-33b120cf9e23,1-2,1,102326,744433,61552,227,0.1959263897741561,1332,26.34261835389149,desktop,0.31850680279916066,college,1.2229399072989977,English,0.13741481279659912,0.3300117449657991,Y,-0.011132686829630645,42510.582540082236
d816358d-20fb-48cc-8597-6ce3578251dd,2-1,0,808827,814075,37054,191,0.4279066175649806,1229,23.04516847120489,desktop,0.4508585733442869,high school,1.0716132242083147,Norwegian,0.3771409737671235,0.26245559783071126,N,2.049627543707203,43617.025381861444
f21d665c-a1a5-47e4-a82b-fd8cf0b24f43,3-2,0,853355,244627,19034,364,0.4965861629633113,610,46.59579279876313,desktop,0.6943064132532623,college,0.8962860170512912,English,0.07993089060907127,0.09636782286406981,Y,2.656758604159358,44367.56011685132
af2dd336-540d-4ded-ae2e-6d21383207fc,3-2,1,799831,925621,8107,359,0.23021513398838878,703,48.33935826355064,desktop,1.4056168420254145,college,1.6779446405221874,Chinese,0.09182924114925245,0.4325023912881803,N,1.3025491577072423,44036.35743834786
24aa2b4b-800c-4a4a-bac9-727b1065e142,1-1,0,649938,501227,31901,381,0.7538108172958972,457,36.692573699063644,laptop,2.1552543475603256,college,1.8600468627809466,English,0.47114482242251204,0.4731563834699563,Y,3.564839831273404,44963.5598469221
afb433da-e4be-42f4-a386-41690af0783e,3-2,1,453117,758349,20263,209,0.5203117137088425,1267,50.7866152719905,tablet,0.5070669540695649,high school,1.2357165908263024,English,0.8158580977179544,0.7695448424652672,Y,1.350002303034343,41277.0510991651
79dcc136-af62-41a5-a697-40d9b8f68d3e,2-1,1,757732,731191,128822,346,0.5427503246066808,1055,19.200363273719763,laptop,0.4382178161839215,high school,0.9318192374780375,English,0.45534003973098136,0.45652768819127587,Y,1.5216163627890402,41683.72868285007
24a6f167-5017-43b5-9dfd-891537602f94,2-1,0,359900,302631,120598,329,0.46511474839420414,1331,33.20677908608776,smartphone,1.2950787765255318,college,1.0700896589422708,English,0.6526998410110532,0.6316105237969153,Y,0.826516954710053,43581.87990315504
0fd5e38b-fd91-40c0-b154-d407eba53e1f,1-2,1,906642,868293,67243,208,0.444013080769226,1154,53.38355811860281,desktop,1.1380826376607018,graduate school,2.1366295883184376,English,0.014393204500873391,0.7079163033736722,Y,3.4686180332510244,44346.151740808884
f9557d5c-0a28-4f14-b9bf-1a0308ed9546,3-2,1,520426,303760,15085,219,0.18579455336248296,1075,60.31616251992931,,0.8204396530927264,,0.7731721849909834,,0.4364393708145582,0.7973756484711658,,2.2519412358157362,40537.36941572034
471fa2d8-87bd-4cea-8ef6-6c24af87fbc7,2-2,1,594484,253001,50350,167,0.3327913524453966,365,39.783221434067414,,0.9660223292845364,,1.1493851721612693,,0.4524303444326981,0.07437831203356315,,3.674449210775724,42486.202104447955
ce47cbea-65c1-46b1-9520-f23d669514e8,1-2,0,278171,321063,32369,247,0.8124417685278438,380,27.47407838757317,laptop,1.0821371228802172,college,0.9398029248779334,Swedish,0.467915246100508,-0.28378143418434365,N,2.13171433724781,45551.42052862568
dd12faee-44a2-40b4-b2aa-276cd7e690dd,2-2,1,832043,859001,50347,231,0.7581337229149869,501,43.760771268540054,laptop,0.03786396336837894,graduate school,1.3662085906856045,English,0.28221175244655194,0.920488895083497,Y,2.2909213922339777,44182.76186250574
345600be-501f-47c7-b3fc-124fccea4b69,3-1,0,530392,39364,134253,165,0.41617186804870804,1122,48.61994366248844,laptop,0.2591267479028043,college,1.3195124269593872,Chinese,0.9490110845511424,0.778010107296357,N,0.8770745960313887,48585.47948490175
52094e6b-59e3-4905-9151-73e21750879d,3-2,0,385593,439287,139031,250,0.3109519809849486,1407,40.30921134501217,laptop,1.2576941615767692,college,1.282141649198878,English,0.23078177405644607,0.33288858931153703,Y,2.1822208062714057,45642.511730048864
6965965e-87b6-46cf-97e0-3b7960e277c1,3-2,0,587717,958785,97202,271,0.41954016560190516,1240,38.30883792637657,desktop,1.0006529050108204,college,0.5662761685807621,English,0.5948772196821599,0.38049185109455647,Y,2.0533405365598307,46788.09057174352
295fe5fe-cf5a-4c14-a7db-ab1d21f1348b,2-1,1,449231,149210,86480,195,0.49265480915441806,601,11.32145457826639,,0.9807509413121388,,1.8633200831507342,English,0.6638116740710491,0.5452561495712943,Y,1.597530999957162,43871.80611677873
f33ac1f3-83dc-471c-9b3d-dacdf51395f3,2-1,0,446232,792027,126987,176,0.10316078215455016,1097,13.123384052941297,laptop,0.44031190718513646,college,1.3421016227476041,English,0.09786299568981721,0.8161185673149802,Y,3.3681542313149313,40381.795632285524
a12939e3-640d-42c5-87ed-83c1358c4698,3-1,0,39900,810984,15674,153,0.733170100392476,1380,43.78699957433505,laptop,1.5503091947294814,graduate school,0.7535136722591944,English,0.31495132334133397,0.10069391224894614,Y,0.986249035491064,42093.56975872579
d75a8088-c158-4ab0-a3b8-7927d6e80961,1-1,1,302954,45002,57430,383,0.7109161268816404,806,38.481505573658175,laptop,0.9845382832757985,college,1.078319390190748,English,0.2736436448534539,-0.1327548132549662,Y,0.9678783651296556,47079.268772057876
f21d665c-a1a5-47e4-a82b-fd8cf0b24f43,1-2,0,780821,813460,131388,364,0.5398249852176131,1000,-0.0171067912672882,desktop,0.7537820764811228,college,1.3847425549253614,English,0.7356209862505035,1.225437790184646,Y,0.8727000968010987,45618.87755422751
388d3669-9c70-453c-ad4c-0d18eedac5f9,3-1,0,205696,559034,75848,194,0.2362373603086011,297,35.192703481692774,desktop,0.6542838994286521,graduate school,1.2593094265373872,Other,0.5946041449975954,0.006441402989660838,N,0.8410075082099325,42199.33077679902
c94dde40-5c1a-4071-8a82-d9c9e525ddbc,2-1,1,526253,606501,92286,307,0.41359193616426704,922,31.089899614000334,desktop,1.0308214185218336,professional school,1.0450950338955516,English,0.3737566215415416,0.32705515068604873,Y,4.813205824947957,49106.88509545439
9d234aec-32d0-48e3-8160-e228d2816978,3-2,0,453703,620658,68254,299,0.7507318800515703,498,22.288391413606625,desktop,0.4830489334402266,high school,1.6561531518911563,English,0.2790258353671811,0.8021696789102967,Y,0.797616237304216,43996.621669230735
1ab057fb-ac2e-4650-88bc-ede767006043,3-1,0,63775,536246,14766,323,0.3888107152427882,1016,41.079350455424134,desktop,1.244392046582405,pre-high school,0.5241071616952309,German,0.5640159364744398,0.6864828849374728,N,0.9737362870124766,44608.824144816885
c5f16c37-1a33-4562-9996-0f8262566ab2,3-2,0,188727,269215,141954,124,0.12318937930938328,1030,24.460365982250316,smartphone,0.6991518977956459,college,1.5386226410648827,English,0.7004969168967193,0.7862732761255417,Y,1.076235411705021,42740.503920699346
8053404b-3274-4b36-a3ed-c3f4cff86dee,1-1,1,1018903,19581,58268,175,0.19411615864536658,424,59.840358764043714,laptop,-0.5250605576319558,college,0.3402153844705139,English,0.8274929369095425,0.4978320041011739,Y,2.1808700837131694,41488.78644975524
9d35cb65-f33c-4a81-bcbf-a794582e6691,2-2,1,848206,184914,25499,173,0.2500856426196493,639,41.64214641501687,smartphone,0.8496664756410192,high school,0.6358824536005203,English,0.7396533269791215,0.4167520363792087,Y,4.528493523805793,45049.20948683674
adec7fbd-3153-4612-846d-2a4183f03202,3-2,0,593856,353619,4655,176,0.7323700202341601,391,15.783314405761171,laptop,1.3971331846674395,high school,0.5542753979125006,Chinese,0.5496661270736495,1.2004958559324757,N,2.1931599361839917,40523.68245862024
72deb366-7970-47c4-9c54-b58c17c8874c,2-2,0,810177,864827,78680,367,0.5429783732683855,386,10.533912334209468,laptop,1.3059195606478802,PhD,0.09783885801562364,English,0.40470269630538197,0.8356266855253716,Y,1.3154655803489161,46692.07491079246
8205439c-3064-403e-8fe9-b46a0c866470,2-1,0,630633,367673,105734,228,0.3961437882021579,1212,10.554789363134741,smartphone,1.2005199881398463,college,-0.08321105767596215,English,0.33963197123334765,0.43061210380561443,Y,3.6667196183729605,45095.85114078857
cef9fb15-e845-46ae-8282-8e7247078df1,3-1,1,724404,366518,51046,116,0.7504770747718534,498,48.112650063346635,laptop,1.3979661344262606,graduate school,0.5350487492622097,Russian,0.5525635078532881,0.4299534696960567,N,4.626100112747424,44402.63989071223
24a6f167-5017-43b5-9dfd-891537602f94,3-1,0,289838,273977,121291,225,0.8259036242058394,1425,33.126607457301894,smartphone,1.5474071529996394,college,0.278508791218267,English,0.6530837428768813,0.17448204574002563,Y,0.7600368936981822,43163.6919947989
471fa2d8-87bd-4cea-8ef6-6c24af87fbc7,2-2,0,213474,375021,127012,316,0.43412255377938525,1043,23.478335763718803,,1.6871650402194645,,0.07715419502806364,,0.3117204235268246,0.1800687807453033,,4.259520848937784,45175.79836260639
2baf6ca8-ba5b-45f6-860e-359b139766f2,1-2,0,660337,931834,22396,181,0.0031988921068203946,1096,16.1694580620012,desktop,2.0749790638942676,professional school,1.2482841463245424,English,0.3833345096290058,0.07628717863456302,Y,2.156216344427024,45006.70703363573
f3976e86-1195-43c9-a4d9-901ec02d365d,2-1,0,893250,124819,123276,315,0.5134043847671026,1049,46.125750729074866,desktop,1.5379756250429526,high school,0.8499789384329967,German,0.8964318429393893,0.12007561162261726,N,2.7858672258086603,46675.67298107499
45d0a062-50e4-4bce-b410-65ce05905a22,1-1,0,846056,163783,31387,110,0.3017905134315566,1042,29.9330200900217,laptop,0.5220129731374232,high school,1.0371611192503989,Turkish,0.5976682332576153,-0.0027983959532512648,N,1.4883347654486179,40884.1369585457
638f2a54-a63f-43cb-bb8d-57d901598260,2-1,0,978845,332116,95665,154,0.5854777413275317,1021,8.94282202104586,laptop,0.6538512498417242,graduate school,1.1593617273512518,English,0.6066225238284998,0.42747017437083373,Y,1.3887642756526002,43996.4624458295
8d488770-dca3-4c48-bac8-af2e74d1dc4c,2-2,0,826366,414853,65100,294,0.5397235538391557,598,45.462309804883915,desktop,0.3162305991835318,college,1.865453935714244,English,0.3466915948091902,0.49539349022323564,Y,3.4494130549428776,43090.74417849758
fc8fca36-1e38-4e4c-9112-621a6a9471e9,3-2,1,486619,606148,46417,183,0.6737219979144439,1266,35.47695261582066,laptop,2.200790750130385,high school,0.5803821789281229,English,0.6299264757759679,0.3636675125827543,Y,1.6748321886659319,42559.48285358508
f8f2d78d-c54d-48be-ae80-43fab72a956d,2-2,1,980460,224441,83591,216,0.43367208159453263,1387,54.59056127651223,smartphone,1.5410576236064535,college,0.00957499885948232,English,0.661199617384435,0.41690154854213735,Y,2.602767613606398,40307.19205265743
373083c9-9167-4342-aeef-ada22adbfb20,3-2,0,4073,744708,11604,164,0.39201516544498194,1110,42.32200017525929,desktop,1.073819453578935,high school,1.4507370169252913,English,0.27914704232847126,0.04451890903031647,Y,3.532016525344779,44639.34382933157
8205439c-3064-403e-8fe9-b46a0c866470,2-1,0,249716,789487,135918,282,0.1793760956888395,1392,41.51701012128587,smartphone,0.9025974396052638,college,1.7405425625041495,English,0.6205506687560883,0.6842080710245685,Y,1.1840232541412816,43233.98343263007
8053404b-3274-4b36-a3ed-c3f4cff86dee,1-1,1,705015,307354,111937,358,0.5984634805892441,644,44.80460348374915,laptop,1.829022548364771,college,1.0054725285348842,English,0.3540658248707976,0.8561509800292835,Y,2.6249165142268636,40773.56846063126
61d89609-6242-4f26-b2cf-8a9f538a757b,2-2,0,65858,575931,127807,158,0.7739934156309518,1018,30.395540804543067,smartphone,0.3821213034683699,graduate school,1.225194018797459,,0.6096633810494548,0.2770652349409508,,0.5407803022450677,44413.2934733146
949a9e93-0ca1-4643-b4d5-9852ceeeec03,1-1,0,123858,724341,115649,340,0.3659099507493314,562,12.23828709394757,desktop,1.7231073009744327,college,-0.20184736929277225,English,0.37256480112819335,1.1161555715759768,Y,3.5176051289082313,47827.63311271346
352a4090-79aa-4827-b4b0-f1bffd883940,3-2,1,788699,908993,5493,175,0.5706012023926098,709,18.3032018041333,desktop,1.2717076068085205,graduate school,1.7939425426801636,English,0.3822431289009053,0.745659199676178,Y,0.3116011025271641,45947.89730052523
f01af761-d426-46f0-ac95-33b120cf9e23,2-2,1,959829,297682,21946,330,0.1761623698254593,751,25.338698729198605,desktop,0.5779520119240573,college,1.0239122033270787,English,0.19041328503998367,1.262369787883594,Y,3.5412849455869715,44790.62878442332
8053404b-3274-4b36-a3ed-c3f4cff86dee,2-2,1,280195,116241,109440,381,0.4566972096253307,296,59.451322672287944,laptop,-0.22941669833026257,college,0.43794005818252135,English,0.4969129322180985,0.477193282490051,Y,-0.5619321531373176,46768.29706670741
cfee68d1-90c7-403f-be8d-bd8b7abc1b67,2-1,0,526637,194089,47981,367,0.5819037644950686,552,36.8435848211761,laptop,1.5284286317547824,high school,1.7063465076455229,English,0.5434118984613832,1.0690914037437498,Y,1.6642135695342215,43826.71394739971
618f8406-daaa-433d-aedb-3a72a9f3a947,3-2,0,163507,818321,126200,201,1.1403312248113888,1060,33.92437181482304,desktop,0.09802379035229536,college,0.5648641546235409,English,0.6024882200658063,0.7415777642408437,Y,2.6312699355862588,43449.18616466547
17e9c042-57f7-4dbd-b484-3216d2baa9f7,1-1,1,638488,794597,18114,171,0.29632535489085565,1253,34.761359689088216,desktop,1.8581636893456797,high school,1.174937578302901,English,0.5612673643977935,0.6343505294401568,Y,2.839905810879312,47079.82727794392
7ddcdb33-a18f-47fd-8476-4e5b117b5f09,1-2,0,445975,700206,4436,314,0.13591218588233894,1042,20.07617532459531,laptop,0.5213855588872038,college,-0.1503502983186067,English,0.717058415735864,1.0289248659074872,Y,2.8632780497445984,44312.70908924475
bd594697-306c-4969-bc64-971a4c6a795b,3-2,1,36423,236380,48961,212,0.7419181650621157,1418,43.3880740153325,desktop,0.9249612369797169,graduate school,1.4473985237243385,English,0.9157230131048958,0.2765318352555599,Y,2.19915318464251,44852.2647065803
2f391d00-fce2-4b0b-9e09-e98753d78adb,3-1,0,744403,851572,35400,338,0.9043140340473121,997,36.04340818953741,,0.9059639296330972,,2.04103150460117,,0.34406274328925257,0.9222416807382516,,2.8144237518127655,47242.20680942288
828fc4a0-e2fb-4de1-93f7-f828fbdaf97e,2-1,0,971151,381059,66216,230,0.5089496799550859,1068,53.70969008213709,laptop,1.4119730981150156,professional school,1.2851834559701194,English,-0.06158013240950533,0.6434567829624459,Y,1.85911173283616,43393.024554403804
49ed1805-bfda-406e-af15-31507cb3c5ac,3-2,0,461327,738253,108775,335,0.08263524846681775,526,8.06219946165432,desktop,0.5008126071897994,college,1.0012684257192719,English,0.48949485611646915,0.6360817780409885,Y,5.725945475549802,46306.69594951586
e1f48355-1636-4f4f-8966-a26d86a48b3d,1-1,0,670042,483834,73388,273,0.5378858878994219,985,42.282354631108674,desktop,0.5839809827010652,postdoctoral,1.4050125290320015,Italian,0.25001826942259725,1.1878062700007208,N,0.5099777153629823,42360.685258565914
65ff8233-c35c-488c-a692-f140a8bc5f64,2-2,1,74072,51564,70125,112,0.7479592702924025,365,25.784950894426224,desktop,0.5939545145436362,high school,1.7320870748575743,English,0.5087307039313774,0.4209211322582312,Y,2.3676757825979697,44856.855040810275
5b87a566-30eb-4ee6-abdd-aa5677afd103,1-1,0,88042,452184,99210,237,0.4117758687427472,488,38.214549816889274,tablet,1.4473228765320014,professional school,0.4374236986957193,Standard_Hindi,0.52761275746395,0.6284055799487729,N,1.7987289199556749,44431.57148679776
f74db555-3110-484a-bdc4-b09f6cf1c720,2-2,1,923173,93720,47432,115,0.019853058115132605,1396,31.01542227410387,laptop,1.7672311401656655,college,0.6437835915455974,English,0.5460480994849438,0.8954702208752237,Y,2.505982761379281,42300.966762399024
591c5b25-b236-46fc-9796-d2e943430115,3-1,0,36654,6330,108014,165,0.5309282196989017,1221,41.11095027105276,smartphone,1.3435843078187586,college,1.4241846008055052,English,0.5807256627827472,0.6495695020087809,Y,-0.1376700914048523,44189.154509233456
0111fc3b-685f-4756-9692-67ace3297314,2-2,0,10150,106299,47995,262,0.20412088982206072,772,58.911654901511085,desktop,1.1119512471946136,college,1.5520733592427325,English,0.725094213230291,0.9580586539808147,Y,2.0023094170676488,44795.406940322995
2e50f9bf-12b7-4271-bed1-a1dff8a126f6,2-1,0,138312,470723,65339,381,0.46634618721990695,1060,31.281639245815544,laptop,0.5249618895821898,pre-high school,1.3457151995634604,English,0.1847365272763702,0.08208503327246791,Y,0.26265139367315893,44639.7464092887
e4766279-7658-4830-b9a9-93458033e880,2-2,0,151727,1009367,133678,329,0.7776221805872383,837,24.123128287720306,,-0.06956267304570019,,0.27967575201917527,,0.4685548920066864,0.4376535176403802,,1.476784892285525,40738.65479907208
ed0920d4-b642-455e-bd2a-ca21865b50e4,2-1,0,192075,595764,135951,349,0.48925771007726454,760,41.381643977407776,laptop,0.8444760637092548,pre-high school,1.0353844942286512,English,0.6682700829040842,0.7479248588955174,Y,2.7831681507219006,42343.60089980026
475f8bb1-e661-4dea-af87-86ca2a261e7f,1-2,0,942251,576367,100993,359,0.5482131849731784,422,47.74953644797004,laptop,0.9377294747137035,high school,0.9583564412699567,German,0.45300924816060845,0.6236983169709044,N,2.2778192271470514,44428.22901794852
45fb1767-91e9-4d69-83f1-3c781425982a,2-2,0,139502,389566,47928,162,0.13255449471588177,873,33.81418657371956,laptop,1.0636765188112944,college,1.2247281702302115,Other,0.6818601109934066,0.2870504785828969,N,0.13046858166152053,43405.659415971924
1807eb20-6d3a-4efc-a8c4-8901ef1fca5f,1-2,1,865340,377679,92929,344,0.2766144091584979,518,21.356008403528556,laptop,1.8353485400744751,college,0.4160944243356821,English,0.775622099364069,0.4737896964474258,Y,2.5902203811547237,44335.820239376764
485838c8-c7f2-4591-a8d8-7896e1327b7d,2-2,0,348778,634078,108292,355,0.16506837725998663,1078,21.543158568185177,laptop,1.3727842903097687,college,-0.42011270242846765,English,0.5647167049033629,-1.1028992550943943,Y,2.1949337720175164,44181.54500948374
4be26ab5-1d7e-44bf-bd62-0a66c914394a,3-2,0,105946,593189,103566,141,0.45352586952393337,1154,31.284796726091365,tablet,0.28708283357664355,college,0.832799211938212,Chinese,0.5272790833763263,-0.08592342263481578,N,2.9890161306121805,42783.10971467262
817abbbf-33b6-4f40-a3e1-e0b38753e896,3-2,1,126293,571878,17916,119,0.23932104426307055,1023,32.196565517604576,,1.094825571769751,,0.6524784280955169,,0.21323089059174155,0.25781453714819025,,3.062869303642772,45367.75236831778
5defc8cd-7312-4744-9ac0-ff39228637ed,2-2,1,891023,723310,127566,323,0.407654712897916,894,32.178527504638616,smartphone,0.954162538131807,graduate school,1.6259659326101548,Czech,0.5987347808978744,0.13950235054508087,N,0.6721916275774475,40576.90172957391
f50cdb0b-d082-4ab1-b5f9-17fa8540795c,2-2,0,64356,919906,109650,351,0.40520503908053707,1318,42.44171603634392,,0.8332336412701357,,1.1225239648183956,,0.44411708963074253,0.5132112105287852,,0.9706609845869596,44206.37787829598
fc06986a-ae94-4241-b930-3b90075bbcfb,3-1,0,1018759,446550,35080,242,0.2567427696064968,694,34.18084200692331,,0.6042002727485738,,0.7300578005499612,,0.08985822710670022,0.021612006433844366,,3.451937731007466,47014.09142558965
6487b006-6591-4302-b387-45b630b259e6,2-1,0,343085,617867,41873,284,0.429425527309077,600,31.894990439478345,smartphone,0.5379965608244542,PhD,1.8469833817230494,English,0.5033908547298157,0.8059472903601625,Y,0.4250239288612354,39811.82429459139
014c91ae-55d5-4aab-87e7-77c677f8a128,2-1,1,113639,103743,94775,196,0.7965203148071014,1082,35.86171846346562,laptop,0.5668543072572014,college,1.5105141669756992,English,0.4185060279271189,0.3167705219790995,Y,-0.002997687122186843,44838.01555761688
5b4774fe-d450-46f1-bbcc-c33bfa496261,1-1,0,52891,467880,8606,290,0.739049457261832,869,29.419863362121824,laptop,1.3971933242882322,college,0.9250299600525879,English,0.3550476280624764,1.453080351303485,Y,2.619940963156168,46007.50290584225
d75a8088-c158-4ab0-a3b8-7927d6e80961,1-2,1,480792,959219,90,195,0.10871277897393222,680,55.96411320009843,laptop,0.6827251383506728,college,1.415332312915577,English,0.26215973388508695,0.7827900270021662,Y,0.7613756260601531,41875.39966368687
fc06986a-ae94-4241-b930-3b90075bbcfb,1-1,0,41188,954903,81514,227,0.368572361778365,1100,31.327556115456584,,1.6646298479890644,,0.9910298602082468,,0.6281694938337907,-0.36581755796474924,,3.298208659005814,39541.84262730698
347a69b8-232d-4315-8829-4c6a7374bf6b,1-1,0,65410,811822,53992,172,-0.03185233598002013,1010,31.501565960921447,laptop,1.3523507991123422,college,-0.30175086882478985,English,0.33521914306094125,0.32376892506731236,Y,1.949304955507923,42563.689600550235
c82105bb-8520-4727-b430-daec6fdef0dc,3-1,0,426891,687102,138699,180,0.7424476460104261,949,43.512684322153476,desktop,0.8697104762751449,college,0.5632823085469971,English,0.5220859719886088,0.4307011019330327,Y,1.5866311593436766,44494.05870208093
95331a06-3cd7-4ced-a1f9-7baeee03847e,1-1,0,972701,567294,24564,379,0.20624585523707517,1385,20.25986421742447,laptop,0.9943894126788027,college,0.4873294876993298,English,0.3544770567823077,0.4561616373256748,Y,1.656995248120703,45731.563400791536
4a348423-fe96-4fcb-9b2d-f32161971b4d,2-2,0,919867,260127,73140,220,0.4754512683830764,720,37.70244510159501,laptop,1.607362646905627,college,0.8133166827219646,German,0.2302639539703497,0.9133987769300447,N,2.074766649819733,43104.65398237273
30f84640-2830-433d-94f8-24d5a11d93c1,3-2,0,76657,54671,25019,318,0.5569552994911683,1259,57.11749491461421,laptop,1.0195450238323773,graduate school,1.288756284947473,Vietnamese,0.9204338941898194,0.33515277276339167,N,0.8553790376193331,44672.82113093083
c7962751-a043-444e-807b-543a4b17b012,2-1,1,972469,180747,130328,226,0.3710213772287144,302,30.26663346490251,laptop,1.2254501766438188,college,1.4441437624643405,English,0.49465047280252716,0.07605118037871633,Y,3.148986857453421,43648.49290020943
f67e5c09-d2e4-47d1-9df5-bbf2a9c7765a,3-2,0,791650,221331,8269,227,0.22345500558084136,1009,49.656270215048906,desktop,0.95276823421243,professional school,0.6421134398611281,English,0.6604240401022592,-0.325734555874473,Y,2.847630378271138,43212.02217732166
020bf19f-ab82-4c2a-8fb3-fbaab33412fd,1-2,0,260412,97598,24173,185,0.31528264936905537,1036,35.310787458201204,laptop,1.0214179128271297,college,-0.23497480718234232,Russian,0.685383890746908,0.2234499550723456,N,1.1596627362659078,43905.51892283978
591c5b25-b236-46fc-9796-d2e943430115,1-1,0,301799,153895,68981,355,0.7163755076628672,413,36.257715870773346,smartphone,0.44190207517127555,college,0.9363704385254719,English,0.4774268592158219,0.6022256716767239,Y,1.1634847243523168,43263.86647971953
dfeed816-4de9-4be7-9ea0-775157c7bd76,2-1,0,818124,270530,121275,328,0.615748291603035,1086,46.73316323995704,desktop,0.6751397845802559,PhD,0.7390983047174386,Portuguese,0.24552487922190913,-0.17077381470258024,N,1.5566274931899444,43946.31793964481
70d89d2f-00f4-4b1d-808e-ed50b71c3e5f,3-2,0,194156,904200,60053,108,0.13459811006251565,953,30.71999252230993,laptop,1.606858616397739,,0.7849559334042517,English,0.38988593613297273,0.9481046678444852,Y,1.8576320432618476,42784.03273885321
b90659d8-9551-41ca-b0f5-deaff4b679a5,1-2,1,104378,845651,140755,274,0.061879528051839605,341,46.31886573758139,smartphone,1.4114081676406909,college,1.8331785839435057,English,0.4103414296575274,0.9260107749987253,Y,3.5653325328113206,42988.128830660375
af359589-3ded-40eb-8c8e-8c820ad019de,3-2,1,1018205,633596,20865,158,0.42126593114885436,1148,35.956774736862556,,1.1673606507864127,,0.1772661071219197,,0.27874603942680165,0.031210146691435625,,1.3859226293715112,44012.851756070355
6111a8de-8e09-451b-b8a9-ff41d2c985e8,2-2,0,175210,235888,127876,201,0.4630026191993006,1252,41.172438992035445,laptop,0.7670564051570885,college,1.402338766906755,English,0.7168503499008769,1.0372213264293464,Y,3.4494265449001675,43516.765987493316
9e9c021a-b55a-4aeb-af94-847d6d457b62,3-2,1,641325,806308,31533,185,0.0203978027693697,755,17.07673200385806,laptop,1.6797218643141432,college,0.8354872911892884,English,0.6449177795895058,0.813191843820976,Y,4.411754684059183,43373.889224484694
618f8406-daaa-433d-aedb-3a72a9f3a947,3-2,1,241240,303009,133957,149,0.5892775347099765,582,32.68213850366977,desktop,1.772340326788282,college,0.023365772669943108,English,0.42329952923832215,0.36056656224031947,Y,2.020146380519522,47033.65997050446
0111fc3b-685f-4756-9692-67ace3297314,1-1,1,785520,10501,6952,260,0.5819043966979742,521,55.74437467145326,desktop,1.197991648203387,college,0.4118512708696561,English,1.0347677331416278,0.7590850299824936,Y,0.7804055751977634,43093.518369554215
ecae14cf-e3fd-4699-80a4-5aa81bfd8076,1-2,1,789192,892884,52680,152,0.7648334541919755,787,23.235584652474536,laptop,1.1207887264515912,college,1.5375716467656315,English,0.2393753483895757,0.2231170620891405,Y,1.4759511107523506,41299.13995439977
55b18dd9-dcd2-4440-a56b-8443f3fb1c43,2-2,0,884210,645251,39230,330,0.8594925581472744,891,27.584264157884547,,1.5051690307746688,,0.9292931039139769,,0.4008827258663499,0.5738906835304324,,-0.03595721205902569,42188.51592771872
041129bf-1228-43d2-af14-173e38b15972,3-1,0,628758,114034,39288,199,0.5231013860350169,297,40.430046338419274,smartphone,0.646047208083335,professional school,0.7958126473178375,English,0.7507189602100239,0.47691136581872706,Y,3.5175977672487493,45043.889533549365
ad72ff21-0001-4c71-9657-91f0af317112,2-2,1,748359,349224,74612,367,0.45130821694427065,1231,51.20969952137154,desktop,0.8910971617076461,graduate school,1.0460686628399147,Other,0.7656877769219914,0.095649816941618,N,0.2883672904519534,39941.54053840543
c4d4c7b7-bbed-4695-b98c-0b5c48e29abe,1-2,1,700200,89970,67046,376,0.46147956097904147,734,44.682434839536796,,1.71393213750877,,0.9137068778960861,,0.4750748065533043,0.24856388912399507,,2.3516371878481612,45619.90306554825
934b7cd1-b84f-4fae-8981-c0231b37dc5b,1-1,1,238975,653485,127378,157,0.6217608394382181,482,27.007356000758215,smartphone,0.7917377226786722,graduate school,0.9505878952559503,English,0.6330250904464977,0.0051834039326167924,Y,0.017707194567289086,44190.83713388451
9bd7345e-fc32-41f1-a8c6-ee371715652e,3-1,1,514497,244497,11610,237,0.33161600994712315,317,31.015436395089516,,1.7562430377710831,college,1.6126632817804047,,0.4171119461618464,0.9311811380295809,,1.6511667520710038,47450.403146633755
347a69b8-232d-4315-8829-4c6a7374bf6b,1-1,1,140007,319108,17113,329,0.8381214508145496,1158,52.42708904191405,laptop,-0.29112048013270964,college,-0.15128938136387982,English,0.40506384357490816,0.6379874008287664,Y,-0.5446493814822317,44703.61954132203
5d7f8090-1b2b-425d-acdf-31cf8ff2f527,1-2,1,600531,912032,135789,222,0.41233484139310717,306,22.40886677636935,smartphone,1.0349755068383504,college,1.3649456813119323,English,0.44710417893390414,-0.2164648295756142,Y,0.42742285608300956,45606.76799553077
c5f16c37-1a33-4562-9996-0f8262566ab2,1-2,0,144436,93375,60960,361,0.5143606956763319,332,29.073075930485057,smartphone,0.9654042968557501,college,1.0296393154383205,English,0.3873961598862706,0.7010709070613345,Y,2.656820473069003,47436.322901511645
bb13e1f2-6905-4fb4-89d7-e517633755b5,1-1,1,24553,8518,13855,151,0.6361051578602785,796,36.10558483326492,desktop,0.6326391379832143,college,1.614063615375366,,0.5296990969521909,0.6678424274073288,,1.0092137299766648,41926.853043186085
4f197cbb-93cc-4852-aad3-46d35f809f47,3-2,0,325413,627737,68459,112,0.17694144785829619,640,1.990598418702156,desktop,0.665280191223858,professional school,0.0019573079027490614,English,0.5571048242332219,0.8338145502232852,Y,1.8778418584971293,42957.513029572874
4eab4ba9-b923-43e9-94b2-b50f8ae543ad,2-1,1,727353,802053,116537,316,0.12711729721391807,705,40.125590458721746,smartphone,2.068664201301104,high school,1.4368107629385065,English,0.11100573214598347,0.35778207477035995,Y,1.3749621106138656,43980.18496921748
b8f4ca6e-e390-464a-8d7b-7e81fcf0227e,1-1,0,181269,590811,138865,116,0.40304701269619214,687,7.981153296403502,laptop,1.1364292925609814,college,1.749836974875322,English,0.39823439836578206,0.1946338930023877,Y,2.4379920118460934,42936.40961111551
8672882e-46f5-44a6-ac35-bfedb6323e69,2-2,1,29415,879707,53582,163,0.21149606944661903,612,35.9482698535586,desktop,0.9743907786749656,graduate school,0.9033089538133915,English,0.3080592223809109,0.23124413905707403,Y,-0.4245741820174236,42852.9326103088
ff3d06e6-c5ec-4c24-87dd-0dfc42864aa2,3-1,0,60325,56251,20485,327,0.4862082961020456,762,53.41741337644816,,0.015930698761851048,,0.27265193654970554,English,0.632852087389028,0.27711513519894393,Y,1.0105692622678606,47263.86954140185
e3e994b5-c070-4cf7-941a-e2cf1f64f510,1-2,1,1001880,319387,57012,221,0.23902841325277435,694,36.11108194258467,desktop,1.5914619644387096,high school,0.6369099056709864,English,0.17744921938079578,0.5659243461119892,Y,3.4188527677921936,46333.415415123585
a3dd9852-6cc5-4893-a6be-e0eed5e53e52,1-2,1,143757,977879,101781,361,0.1848631099259001,983,29.159781165064445,smartphone,0.422580977634782,college,0.09843007634886314,Other,0.40685640912946397,0.5018061651055993,N,0.5390644432363065,44784.02997886722
6e1bdd21-d51f-4497-a684-654edc44a6c9,1-2,1,110439,708518,92786,224,0.3610075878214729,1261,55.375904029611476,laptop,1.9676854720046693,graduate school,0.7062847573325436,French,0.5202805115288963,0.6085884533652729,N,3.862208201763397,45223.71981120564
f9b78c22-3fa5-4a9d-b697-ca70e5a794a3,2-1,1,436249,740944,142849,164,0.3205237894638536,1256,22.73694028340759,laptop,0.5720953943359094,graduate school,0.9891429554143046,Portuguese,1.0221816851227312,0.30484738589837945,N,-0.0540277257107038,42268.03161255853
618f8406-daaa-433d-aedb-3a72a9f3a947,2-2,0,280700,475827,24961,313,0.5771525161443236,479,40.03741247284355,desktop,0.8687768940979171,college,1.649286327526202,English,0.27436163742768016,0.0786322931583946,Y,0.974676630817009,45345.009927843515
ad72ff21-0001-4c71-9657-91f0af317112,1-2,1,722145,378215,26475,362,0.7726743338199226,1323,52.7322101469915,desktop,0.8442430079563884,graduate school,0.48757178683830804,Other,1.0079457761212678,-0.10542293839238104,N,1.9144605972362372,42475.36639333027
314782d8-515f-44b4-ba28-8365f8811ae1,1-1,1,974654,576527,12677,250,1.095867554893568,1066,36.90275352254386,smartphone,0.3104324794829796,college,0.6854045792423447,English,0.2790921445120671,0.10143107956072878,Y,3.136942749832085,47454.378353436405
388d3669-9c70-453c-ad4c-0d18eedac5f9,1-1,0,730224,936918,21111,236,-0.02408837884293502,361,33.425781234826026,desktop,1.474698979797838,graduate school,1.6653286772678397,Other,0.5686334725910434,0.6484596369853344,N,2.9456386407011372,40536.62996628474
6965965e-87b6-46cf-97e0-3b7960e277c1,1-1,0,575947,215870,31655,366,0.37383405351562526,695,34.60647040479233,desktop,1.116957712451385,college,0.4819256113845194,English,0.5551805626831787,0.3352531494100223,Y,0.6669667850628116,49094.358165713034
af2dd336-540d-4ded-ae2e-6d21383207fc,2-1,0,329090,266795,40382,252,0.278359328367737,1423,30.77727947268431,desktop,1.4826652332824006,college,1.2066154748415712,Chinese,0.42964204702886954,0.16570203069890677,N,2.783762927813082,43738.735593607926
cc5900ac-23f3-4768-99c4-faf9c29e9382,1-1,1,223008,479346,130417,193,0.38023160485056906,1211,20.743326167981678,laptop,1.0090659994086721,professional school,1.6590237821694123,Spanish,0.35749543077329526,-0.2738790931440378,N,0.20695188536268083,42468.85909881674
e260bb95-bce4-410d-b0de-baf551b2b5a5,3-2,0,830498,973927,24387,159,0.1286608357559953,949,35.60162641498494,desktop,1.3796373096296954,high school,1.2181612047276482,English,-0.037297640931948206,0.5707663382609951,Y,0.5068069286040615,41647.46628805556
f5c14e8b-4996-4b12-b844-3d5e0f8548e1,3-1,1,343345,101755,96248,345,0.5250484703845358,729,27.254057647979053,laptop,2.041100982765699,college,1.6498142887229883,English,0.8755289803211252,0.20969925392991362,Y,3.0416810492699726,42067.57211982672
215f1a41-46c0-40a1-85ef-c155bf665a45,2-2,0,409555,502015,42575,246,0.27147942054226887,1136,51.19114759915937,laptop,1.229431420934972,graduate school,0.962950876008524,English,0.34297795418913773,0.5528984236048675,Y,0.8688208333116253,43459.23222350893
5fc65dc4-1722-4f54-bd65-720c734f2d00,2-1,1,112542,784365,88262,379,0.4222054041153947,928,33.53746885810512,laptop,0.775790334260174,graduate school,1.8901036904871256,Russian,0.3836128249377284,0.38280613663315355,N,1.1118294637529431,42354.89376479192
c47a9043-7826-4044-9b51-d59a6b6c53e3,3-2,1,1016262,232525,121451,342,0.42762973366020735,1242,34.39496030311297,laptop,1.5964000570567067,high school,0.07168220062649056,English,0.2578079972359255,0.6144110399237382,Y,2.4886372890124275,45616.36524677961
4658ea30-8a5e-4e6b-8d67-2fce1d6f7ef1,1-2,1,108628,716807,51055,261,0.40223709266826946,1435,23.186671470649475,desktop,0.22159204396965926,high school,1.3784610215222115,Chinese,0.9312696094846213,0.13413593228077547,N,3.590532815601673,43628.36622699896
9e875d92-b04c-452d-870f-c6d62912ff13,2-2,1,509414,284852,58683,130,0.5525375041130635,641,46.64273386631797,laptop,0.7749732808757974,graduate school,1.1631069115278299,English,0.5310611909739386,-0.13013385984645498,Y,0.7210706232803215,42550.81706526573
253f1616-4a99-4ebf-8086-6ecb195f5fc8,1-1,0,270667,287011,32981,250,0.1815676469715921,1203,18.971176723855738,desktop,1.5703068720902487,graduate school,1.1215466137914945,English,0.05917998149844167,0.3709986706325953,Y,1.745064275653003,47120.419906187446
3208209a-6dbd-4582-ba9a-63a144f479f2,3-1,0,290382,897646,6695,203,0.4297411431772624,921,38.92618423256814,desktop,1.107292541146435,college,0.8993731949445349,Indonesian,0.1667348670872234,0.48343766246904474,N,1.793963018541618,42435.11934708223
e3e994b5-c070-4cf7-941a-e2cf1f64f510,2-1,0,976536,28240,107988,241,0.7559335800196676,1143,40.936820164725276,desktop,1.191953059086713,high school,1.2554081838020958,English,0.20687221427632813,0.9372273720106773,Y,1.9278751042734903,40852.27678152848
fc06986a-ae94-4241-b930-3b90075bbcfb,1-2,0,80799,889700,49356,375,0.2323432797191805,1414,55.202996818112986,,1.882712367950741,,1.4578066130047693,,0.5168563190979054,0.2354114041892828,,0.01791980868459886,43286.02220964448
8205439c-3064-403e-8fe9-b46a0c866470,2-2,0,684642,214581,118519,301,0.38995140268337725,617,29.89555383179415,smartphone,0.373228070648027,college,1.010752859020285,English,0.46353022224725454,0.8574397136657732,Y,1.9397560572307924,44390.96578583778
bc0678d9-a75c-448c-98ba-86c4ecc10593,2-2,0,220976,834135,42444,271,0.7823941935416957,1278,43.41450608765804,desktop,0.8906912341632388,college,0.9733776180661429,English,0.41527325139706145,1.2874796000780666,Y,0.620639627677458,43030.20123632375
b4161534-88a5-4dd5-9160-ccca3961fb40,3-2,1,465615,752496,111097,362,0.6956054444290589,1238,25.44689148521197,desktop,0.5022748737267886,pre-high school,1.0373689730574167,Russian,0.5476486547641248,0.8747561719808414,N,0.5545579828868654,41160.314514568294
314782d8-515f-44b4-ba28-8365f8811ae1,3-2,0,857471,376453,88188,375,0.49566029543496337,467,20.421566257890156,smartphone,-0.028034581947128823,college,0.4658703779884811,English,0.7768355058137046,0.14774346920079712,Y,2.157891770138321,44183.439820926826
aea24408-032f-4620-986e-f97f5f47c28a,1-2,1,142903,652619,86610,352,0.19199057186788215,735,39.3140216520523,laptop,1.3332645142262514,college,0.6497363600708544,English,0.6077070244510251,0.5792055187432124,Y,1.246656370716706,45978.28013765972
63cdd570-1369-4f2b-9090-d5b6255c51d2,1-1,0,19770,596267,105462,130,0.445960353613973,652,35.61564335197113,smartphone,1.3685512988077435,high school,1.3160769351418617,English,0.213462109952116,1.1182372030835706,Y,1.5187960907582434,41942.46489096333
63bc2403-a08b-4c51-8b2c-01e6cbfd54d3,2-2,1,395084,20807,95539,292,0.6404624520335559,930,33.389674452545485,laptop,0.6225386598360754,college,1.0500332656854032,Chinese,0.4940089047749275,0.27836409688564456,N,0.8338720734672268,45227.394916021556
ff595b52-47c0-48de-a732-ca6f366d3dfb,2-2,0,1014365,159143,32087,383,0.5596300448132204,337,38.14456326409216,desktop,0.4519406577927998,college,0.8088543019586536,English,0.4077754682258755,0.5437016512841257,Y,0.9948597341012981,42699.82562162595
089fc400-90dc-483c-907e-f7143fe77183,3-1,0,223498,534349,129015,185,0.6794506094915695,583,29.347962933280918,smartphone,0.7331167211355434,high school,1.5956941027984164,English,0.7781796316721528,0.2723123519176744,Y,1.437313837177713,43400.87507500869
f5c14e8b-4996-4b12-b844-3d5e0f8548e1,3-2,0,262760,697350,88607,157,0.7279247769350212,336,30.97821425680121,laptop,0.7502877481585744,college,0.140047005426993,English,0.5768151058623886,0.8184983647688399,Y,1.5576178819984174,44076.438637045256
8e023aef-67dd-4d6b-bcf3-b12c776379b4,2-1,1,828538,698673,1908,106,0.4515866396963144,1073,15.957588700496459,laptop,1.411840276451696,pre-high school,1.145514138302063,English,0.2702177810013172,0.7450319183188372,Y,0.5999145026876558,42869.61638980929
373083c9-9167-4342-aeef-ada22adbfb20,3-1,0,261363,420506,96096,361,0.5256553547215317,727,38.30737684573237,desktop,0.8259048826377093,high school,0.39271526742497476,English,0.5458681802419968,0.7943029578132399,Y,1.7177223169255533,44185.76295997271
276e0af6-a9e3-4de0-8f77-6dbf7f9e3c15,1-2,1,640336,505371,91338,357,1.0820149000160004,457,47.20079504699914,laptop,1.0320351325493222,,1.0170559261288226,English,0.7257416794642015,0.40030251664420924,Y,2.6103470646329203,41783.047584430045
6fcb6412-d8d2-42f2-b80d-d820f1f57684,1-1,1,154512,810911,123077,221,0.534769134505065,487,33.10904767469435,smartphone,1.348432671397814,graduate school,1.06074626671575,English,0.6009316215733596,0.8077855682391617,Y,3.051952597347796,43103.09845493019
036b67f1-2e0e-4bc3-9616-c53f4bdeebf6,3-2,1,518567,553776,120182,336,0.5079711117332604,771,41.48136415676482,laptop,1.591613504427344,college,0.3228183775001746,English,0.36014577734414893,0.3634691788841353,Y,4.982238126929309,43252.80233217561
177ecf4d-6409-4d73-8060-099d85c7a2f4,2-2,1,699787,262227,25692,268,0.5799108846308213,830,53.91818955406783,laptop,0.5075885366992774,graduate school,0.47383137119214447,Polish,0.7052823027110465,0.23214986231019324,N,1.9214075373686106,46634.993285689336
c94dde40-5c1a-4071-8a82-d9c9e525ddbc,2-2,1,560099,142605,40437,373,0.503188195138756,846,29.415596020052607,desktop,1.5450067366072924,professional school,0.5934847935905548,English,0.8233559044857384,0.14385554467970774,Y,4.505203884087802,41786.48873716774
8d39576d-2b3d-4eb4-acfa-32254991618d,2-1,1,738966,705552,52975,377,0.9260041420536976,1428,-6.652114508102379,,1.6382918681681549,,1.610174257733749,English,1.1654258075771695,0.2316477859548029,Y,2.7326393541089224,41905.99466921832
20bc2c15-8c8b-4581-89b1-ce290be145df,3-1,0,392081,242162,124621,151,0.5915811542930879,744,38.95234310250741,smartphone,0.6031721099124218,college,0.7059572111355885,English,0.5658305399121412,0.3731423040941434,Y,1.6896286681209762,45688.24457722654
902669eb-08bc-4e32-8e29-a4c99c57072b,1-2,0,404971,501325,15958,301,0.4772175877489886,1019,9.834494149711922,laptop,1.9137976870260094,graduate school,1.438081399852899,English,0.6486630069245276,0.6768542378915153,Y,1.783210179349953,45307.101388147195
3b9eb1ad-94e8-4ece-9e83-bdaec18ce17d,1-2,1,774319,429726,27022,218,0.5317032610650367,465,38.22846708402209,smartphone,0.08430937381838954,high school,0.31523836327287136,English,0.4629377990999758,0.7790529955414361,Y,3.03547277782258,43397.559908505624
0e27148e-216f-4fe9-9572-c1317d616ac9,2-1,0,953531,56082,140459,239,0.5649181051945408,791,44.3517483153601,desktop,1.492985362201992,college,0.9940480770006325,French,0.4841277642175461,0.3693118725999601,N,2.5735681758264843,42215.48603146888
9fa1aab8-97fc-491c-804a-f4676c40ea0f,1-1,0,342339,107006,6383,125,0.4641260908802578,993,26.69571584596531,smartphone,0.5000333545111186,pre-high school,2.059983165021655,English,0.6011319242499875,0.5531094480301567,Y,-0.7077129194576122,47175.51992015422
cea04555-57d4-4edf-9198-e8aa302bc070,1-1,0,24444,61084,78395,288,0.6670601418754017,915,42.07692165017493,laptop,1.4081349070371902,college,0.3422265395225039,Dutch,0.8444967847680593,0.6848857343045516,N,2.2118267333651804,42304.99359963119
884c8fa4-f6a9-4e37-a9ab-652c0f26d668,3-2,0,510681,714994,41446,177,0.3022422903422002,929,54.01222737295937,smartphone,0.4677203028847562,college,0.6665635968548964,English,0.4602543434262358,0.3290719060871159,Y,3.4787108814513914,43891.3530229493
49ed1805-bfda-406e-af15-31507cb3c5ac,2-1,1,818317,537275,65661,211,0.062424631323329316,654,49.032100061517305,desktop,0.4434060046432623,college,1.4622152054065198,English,0.28968385618166187,0.7861751258115426,Y,3.2161045320381776,42782.43936895812
cc6bb97b-148a-434d-86be-1a4b7c05363f,3-2,0,597296,86032,126643,247,0.6356884436636848,1398,25.94439505196366,tablet,0.4768632712158356,high school,1.2067664244975242,English,0.5235629928699197,0.5894505365333538,Y,1.4998031267836747,48430.54572431024
0662696f-dad0-4850-8d7a-6a843036c294,2-1,1,725532,877529,138079,362,0.25974520733957196,1104,43.460257975015914,desktop,0.7662011724030935,college,0.6957265618543081,English,0.5071868548264995,0.03609588474106018,Y,-0.7779099491994526,44874.83802690318
934b7cd1-b84f-4fae-8981-c0231b37dc5b,3-2,0,981404,799846,73986,372,0.22019701351806248,528,38.4069724077026,smartphone,0.7129721043154351,graduate school,2.0241897451849598,English,0.5762239396667326,0.17665369422916755,Y,1.886827525910954,42716.44121570447
4bf66c16-79cf-49d3-a150-110237af0243,3-1,1,892526,760975,83603,349,0.30964723584434606,507,34.890258845908065,desktop,0.7621886350863663,high school,0.700915785324473,English,0.3576871056791733,0.3622555195523345,Y,1.2869511246768939,41966.19134775124
11db0111-539a-45d2-8e6f-8e0a3bb6cf36,1-2,1,476803,552510,76546,198,0.3867006285531243,747,27.84233300724029,,0.9873915338121042,,0.7662887624053349,,0.8333284004335045,0.014646311008610136,,0.33743852049402756,42624.98579356821
7169ffc5-813b-4e4f-8e7f-9c59e92ec66b,2-1,1,337667,578966,46262,212,0.36516809625208346,1171,11.367495572299934,laptop,0.9861705711989988,college,0.1345333663712045,English,0.4799199642062404,0.5857161942897146,Y,1.4715837891555097,44387.698232703304
a12939e3-640d-42c5-87ed-83c1358c4698,1-1,1,722436,370539,28117,297,0.4167734323977253,643,11.23081406530406,laptop,0.09201892956446012,graduate school,2.0839727648712656,English,0.23487762165849246,0.4748724565202652,Y,0.8957922957389851,44631.562548126516
f74db555-3110-484a-bdc4-b09f6cf1c720,2-2,1,233077,633747,92784,376,0.5812130995737791,972,39.504751283458745,laptop,0.7384549261044218,college,0.8726805671787459,English,0.4494530784531431,-0.17236778008450027,Y,1.5774966936687709,46739.17529062428
adff123a-e9fc-4289-89bc-8002fb8bb5f6,2-2,1,320487,345718,61637,306,0.8060381883206129,417,45.82722643885396,desktop,1.1059663189194144,graduate school,1.057227472249502,English,0.6825333898908519,0.6670422168019958,Y,3.078824491846804,44168.99119051046
388d3669-9c70-453c-ad4c-0d18eedac5f9,2-2,1,745089,932712,115713,177,0.5146094037510053,514,47.084639736746645,desktop,1.194446814843432,graduate school,1.3016764013217959,Other,0.6219236828604493,0.7725440677350743,N,2.234241395227367,41977.41417220205
8cc63a40-be0d-4ffe-bf7f-45d515c40b6c,1-2,1,422103,999617,41722,258,0.4006671964765913,1415,45.269140712230175,tablet,1.2077417918370699,college,1.0176838519501734,English,0.6036884664867872,0.5625259045830918,Y,1.2158781940725558,42998.678347819085
716744fa-dda1-4423-a78c-87e4633852b3,1-1,1,667806,24558,104826,341,0.4865522312888822,804,31.11775817135126,laptop,0.29533332061896567,graduate school,0.7819569299768255,English,0.45933333207456944,0.05018477821151662,Y,2.3656824635732927,45903.12226381951
d816358d-20fb-48cc-8597-6ce3578251dd,2-1,1,985832,477923,11107,184,0.8251708218097414,730,21.191829156253878,desktop,0.9192065829702378,high school,1.6764145574011267,Norwegian,0.38478445196475847,0.2581340071302259,N,1.6110231623153892,41092.770069013946
482de720-e72c-4225-b693-68609e6db53b,3-1,1,782536,200799,34597,200,0.5720244456225904,1153,49.84485056167627,desktop,-0.38171712071172315,high school,1.355850071226499,English,0.29657861968363985,0.890401100699677,Y,2.7528244344345367,45122.02009474133
5d7f8090-1b2b-425d-acdf-31cf8ff2f527,2-2,0,46099,1011523,84265,226,0.3399955818580972,894,51.24197804182875,smartphone,1.9788669211764118,college,1.5060120624431175,English,0.39359498960903727,0.8667644832777819,Y,2.400313384454689,43582.294341882814
c2a8d24d-9630-4151-8175-0b42eb1aa9ec,2-1,0,555776,677873,127823,274,0.8782115349200901,788,19.144510819946582,smartphone,1.280442373127948,professional school,1.0977135454841274,,0.4292250226852131,-0.08636682476692192,,1.5297362326511668,45953.646473883215
154c0760-9c47-435f-8335-5f1178d12e46,3-2,1,178063,423386,34568,211,0.6716986849598705,742,56.75609875071861,laptop,1.2758524797804267,college,0.7525685934101902,English,0.3820828442189065,0.4747095572497523,Y,0.895266716713801,43791.45911376322
cc6bb97b-148a-434d-86be-1a4b7c05363f,3-2,1,587962,511676,66683,261,0.6259730388513789,298,54.92969739397107,tablet,0.9046092928672439,high school,1.0999206543258198,English,0.6386928254840996,1.0619489476157873,Y,2.267652598181597,45592.60141406408
0010d921-1f71-4511-834a-55096185fabb,1-2,0,31641,1017547,39852,288,0.7919944200548606,345,30.928221366610536,laptop,1.8604489394927757,high school,1.627037804131667,English,0.2910621914635365,0.4902335543182396,Y,2.494725946083304,42874.30938627733
e6086759-35ed-4d89-9e47-271e43001fe6,3-1,1,568538,175229,1401,345,0.8461099714590423,979,44.656629333069475,,0.18813412004773666,,1.2549496800060558,Spanish,0.4048604143272762,0.9008804480795808,N,4.2655703948843655,44410.49232048006
b4649c6a-01ed-4f21-be3f-a0f29b97fc1b,3-1,0,115454,407403,87332,185,0.0593268377503503,762,26.867058335227828,laptop,1.036061017349933,college,0.028084432085079825,Dutch,0.4955001586349292,0.1984351277810622,N,0.5024003699601871,40959.60106528074
c2330187-54a2-48ba-be2c-d317fea39438,1-1,0,961392,20067,7846,347,0.5321727378229703,837,63.93789342546962,laptop,1.0860548912623083,graduate school,0.11977381736434534,English,0.7286923851916213,0.8744450776468939,Y,4.014007227524399,42299.96533350939
dc68d578-d73f-4d91-a515-6a5569f35516,1-2,1,845956,1014080,53976,225,0.3102721129141566,1081,25.14847878176325,laptop,0.6166280442614709,college,0.31573424007183726,English,0.6237543420822618,0.21317898560371906,Y,4.329069778721454,43323.94848121262
5b87a566-30eb-4ee6-abdd-aa5677afd103,1-1,1,444819,642003,10516,177,0.4922760247131853,788,39.170211668863786,tablet,1.202940361890923,professional school,0.7024706506820286,Standard_Hindi,0.4518258777372682,0.8307151656615842,N,2.0704206496096016,43306.512477836026
e1f48355-1636-4f4f-8966-a26d86a48b3d,2-1,1,911951,591081,14093,195,0.1394017180370451,1419,47.907269838021364,desktop,0.45978051934023756,postdoctoral,1.5725414066506165,Italian,0.4952902258144935,0.38690354416379086,N,0.3399991412952601,45729.12319314427
05407942-f651-4129-adc8-541378ce6ac3,3-1,1,742966,282834,97255,300,0.8417926392284726,429,32.32827452381018,laptop,-0.30050192944273846,college,1.6097334219855706,English,0.4729343049004625,0.3839150534813144,Y,2.758221555243173,44206.455450786096
af2dd336-540d-4ded-ae2e-6d21383207fc,2-1,0,116536,855244,55654,253,0.6835780089250068,488,22.08223209661084,desktop,1.333102787775515,college,0.733693277419498,Chinese,0.6618114185901325,0.8414248740674481,N,0.8442157520852018,46165.35981685144
dc6fe456-3569-43f2-b793-afaf3225c316,1-2,0,473528,763564,68798,255,0.7132860422960379,814,32.417550239700354,laptop,0.6612636302140336,high school,1.4029722309562245,English,0.33573829474907846,0.6485980572414108,Y,0.45766514640960243,44003.22449251712
0befef59-998c-41d5-a028-cda46345a259,1-1,1,102215,585588,26902,163,0.42564584681272677,824,34.341830646568795,smartphone,0.8710350006939751,high school,0.5950214357756216,Other,0.5368896534507119,0.29927968614555206,N,1.1644058922862393,42101.171935368504
06d98056-2cc4-4216-85e9-e3fe7d5751fe,1-1,1,881874,673722,2927,129,0.06839390167536924,472,36.911484393467745,laptop,1.248191485815644,college,0.6517294611059676,English,0.7833926959093853,0.2676606474145364,Y,0.7181112348336331,44027.42930434322
591c5b25-b236-46fc-9796-d2e943430115,1-1,1,341783,829281,112025,356,0.2716618732190661,388,38.39986130897853,smartphone,1.5495664588446632,college,0.9761532494929698,English,0.37592271658830567,0.08059954399611391,Y,2.6050059154998495,46420.23334815932
2969f3fa-0544-46ff-b5ad-5f14fa846a7f,1-1,1,102452,546938,29849,330,0.630128762839552,451,44.23265055170964,tablet,0.8485630387646412,professional school,2.12332066027534,English,0.5741969413453774,0.4967221800540355,Y,0.6076117267427983,43120.33272090391
89f7f011-b480-4c6e-b249-c5a19f5c65d3,2-2,1,316940,876268,2940,304,0.3683412254553691,581,47.78029484695591,laptop,0.8528750535207902,graduate school,0.740351752629957,English,0.4537519706494412,0.09566565390488235,Y,2.431211537172153,44189.98231650717
bdd0644d-d39c-4f9f-b351-42085d4174c4,2-1,0,302452,998967,68192,173,0.06806156826918186,732,36.78153524235149,smartphone,-0.6080780854186592,professional school,0.5011910191459175,English,0.4454096956354522,0.5058723629029186,Y,3.379073121283919,44646.844491157164
c76dd3b4-df4e-460a-91cf-30691faa6703,3-2,0,890411,454057,49179,263,0.5793219121545947,902,44.69183055020025,,1.9464843445866005,,1.5339473746083452,,0.767489436588887,0.20035075592120571,,1.3415063882929865,46630.443646216394
1ea0eab0-36ee-4a7f-a855-db0d0c545a87,3-2,1,446268,18398,10061,349,0.3021542293823892,1187,36.78948067199534,tablet,-0.03979713386210815,graduate school,0.9969830003128218,English,0.19907872559479106,1.1948801812424117,Y,2.5357898071207434,45319.584116168364
c6117094-afdd-4f97-9496-9df675e1485d,3-1,1,379142,764928,120540,238,0.3159363247401994,286,52.04887125444043,laptop,0.5823776203653861,college,1.3321711432486003,English,0.4678132762660813,0.41571946409659,Y,-0.7784976648172002,47463.526584939355
422c02a2-c457-4a5a-83be-bc1fb038be39,2-2,0,676433,16836,47255,171,0.24034299170092854,300,31.93179358037909,laptop,1.03673153624209,high school,0.6753306244102917,English,0.34276653257178197,-0.5210721456285974,Y,0.6396711024257244,41064.443057462115
c0112282-2a3d-4efe-af95-387d581e0a98,3-2,1,854300,393644,34750,267,0.6713950659306199,1323,34.12599395959376,laptop,1.1029776234670876,high school,0.6371698700922956,,0.2782210355435226,-0.3653321016713281,,0.8182986545440465,47861.521728276144
ce47cbea-65c1-46b1-9520-f23d669514e8,2-2,0,360405,798564,94324,235,0.26683810796807156,342,34.99183827154668,laptop,-0.48829112648790085,college,1.0871138678159125,Swedish,0.36729433411438284,0.4113046694177498,N,3.310210365508143,41875.98910239398
e6086759-35ed-4d89-9e47-271e43001fe6,3-2,0,157390,560151,3349,165,0.7523187543613141,530,14.975665212882674,,-0.12845822663078943,,1.4375514953889015,Spanish,0.44879349832962234,0.2727439453816772,N,0.010852297178203019,46760.40806742136
949a9e93-0ca1-4643-b4d5-9852ceeeec03,2-2,1,795408,484391,12122,314,0.43438869957426746,571,40.49737552825488,desktop,0.8153013010610913,college,1.2428942148590383,English,0.2527586827376105,0.09651770870563497,Y,3.0085385544877825,39824.70584784558
345600be-501f-47c7-b3fc-124fccea4b69,2-1,0,143757,220908,12955,224,0.6055667458313267,507,26.113528587957408,laptop,0.9492487941776416,college,2.2155585144826238,Chinese,0.5792857502216396,0.7158294584393929,N,-0.3351026846218934,46070.748527259224
485838c8-c7f2-4591-a8d8-7896e1327b7d,2-2,1,164004,89827,106699,361,0.6203948273976188,1164,52.560124405383576,laptop,0.9208497696291429,college,2.057923105787836,English,0.5460706168893474,1.103630564171083,Y,-0.16083909753446202,46327.45422138646
84e4310e-79bb-469f-a212-a280f0defc2f,1-2,1,98549,457053,138673,128,0.3248459075626482,1210,40.54158632986782,laptop,0.8752603298795916,graduate school,0.8608843994686775,English,0.5395506478367008,0.20081253348859063,Y,2.5642723454495178,42916.08566406363
af359589-3ded-40eb-8c8e-8c820ad019de,3-1,0,196586,892460,36466,258,0.1746813747285617,1421,31.596212349437486,,1.0664256182704561,,1.619072696664991,,0.3300871733536347,0.24505662726014066,,2.8512820452336403,43305.723383575365
bca2bb1f-e075-4290-bb59-fdd14fd7f870,1-1,1,893236,21808,24304,153,0.5559909601160686,1402,22.606441618175438,laptop,1.1468519348548007,graduate school,0.9259144866913418,English,0.6037442654814711,0.4430788802560847,Y,1.5445669317526192,42056.23576845491
716744fa-dda1-4423-a78c-87e4633852b3,3-1,0,296055,529771,57749,296,0.5494446116976095,1169,32.706529925634186,laptop,1.1320629373921394,graduate school,1.6280896926047803,English,0.5374513308490391,0.37222460822749837,Y,1.515205917741453,45285.5371682063
8d39576d-2b3d-4eb4-acfa-32254991618d,3-1,0,46625,388065,59771,337,0.5621735663624478,483,40.24174291177874,,0.7944407531152067,,0.42705019760373963,English,0.25434732526696663,0.517614368367157,Y,-0.34335225268771197,46292.97666974721
087aef1b-10d8-4753-a39d-25591695d5fa,3-1,0,515750,464372,133055,151,0.4571704862303375,636,23.558973889541257,laptop,0.12000555948949199,PhD,0.5865549387163542,English,0.5640454138696823,-0.25390928687294645,Y,3.4951179500912546,41655.75577529124
1566f86d-93ed-408b-a7b8-90d409419736,1-2,0,309673,977008,64810,205,0.5228479031505182,1247,47.092638345116924,desktop,1.6965621887068099,high school,0.7945882101373059,,0.33301161691557085,0.44862040659889524,,4.134374112882858,44511.70232741489
f5c14e8b-4996-4b12-b844-3d5e0f8548e1,2-1,1,984808,280743,127307,273,0.7670994036946417,1401,22.70918181330029,laptop,1.4675725740908894,college,1.3825126642868133,English,0.3945608060529945,0.22858721963746886,Y,1.332599466854862,44320.50249614916
ce47cbea-65c1-46b1-9520-f23d669514e8,1-2,0,84495,117163,45539,187,0.5483344272281111,698,26.055582616643523,laptop,1.1214661334158869,college,1.4945434650493916,Swedish,0.40732907808464425,0.6228327557597827,N,2.400705030860343,44873.41940375048
2e174514-6907-4570-ab73-1d42a3521a95,2-1,0,725071,483781,112139,281,0.5930661289616425,1070,22.630725491059078,laptop,-0.04575762788880566,graduate school,1.071968002304964,Finnish,0.4896828451995789,0.05024787098469313,N,0.568011699665308,43310.57606856546
716744fa-dda1-4423-a78c-87e4633852b3,3-1,1,981635,879313,127704,250,0.6091448546840726,362,45.659791513749674,laptop,1.078929106706455,graduate school,0.8716383518964743,English,0.8202249288289639,1.1013490622473117,Y,2.436568394131242,43321.714104899154
11c943dd-a2f9-4e88-814c-7812318b5999,2-1,1,386837,952916,125659,302,0.20014193240220446,1232,18.91846425206912,laptop,0.5428969246522239,professional school,0.5240535665622128,English,0.18212539098131358,0.2024148634469119,Y,1.0370888361173662,45921.65017706834
5a403d6b-705d-4c75-aaea-443b79099f45,2-1,0,280270,148526,57777,207,0.31321121376545014,606,19.463421198891186,laptop,1.1141893181830005,graduate school,1.5455774236188304,English,0.6601624905455656,0.39254008144788993,Y,0.4631487929223912,44065.52307053925
0111fc3b-685f-4756-9692-67ace3297314,2-2,1,166992,398914,5667,383,0.30203289728599136,571,34.639625976729135,desktop,1.2605958537527502,college,1.8087762091782897,English,0.4244395080902095,0.6350860471712116,Y,2.1624262452478193,44780.05097902581
28836691-af28-443e-9b0f-aa6a75dd4f43,3-1,0,459728,19497,63663,207,-0.10656465284014882,318,18.02090496463636,,1.374209285123537,,0.3184434126638266,,0.4627430309807822,-0.2086965521612708,,2.5717036792113372,41938.15848496603
5a403d6b-705d-4c75-aaea-443b79099f45,3-1,1,969626,889551,46354,184,0.06360943280037007,303,41.627439569105675,laptop,0.7168419619171091,graduate school,1.1650780897569049,English,0.4619607308511536,0.4352326117548131,Y,1.4968040114133891,43706.765928347
30f84640-2830-433d-94f8-24d5a11d93c1,2-2,1,591085,697820,56370,343,0.6669612847083428,1321,33.860342117703375,laptop,0.10363385474208209,graduate school,0.06880303486801176,Vietnamese,0.40081052281705587,-0.013494352198040183,N,2.6365658884862153,48420.75828958513
4f8c5f95-808c-404c-9613-d9ad53bad8c2,1-1,0,196922,24992,124674,227,0.25220662618805545,782,48.03505295124835,laptop,1.7616252771749035,college,1.4504124720328118,English,-0.09886122912290762,0.8954165683688315,Y,-1.401189685316579,42946.19232582253
55ceb008-47a1-41ef-82f8-5527e474f4bb,1-2,1,610551,353707,5853,168,0.1393195375669261,1118,29.657704629069947,laptop,1.0075817206168953,graduate school,1.4803589899089487,English,0.39952387294335634,0.3439059966179586,Y,1.7552198406987538,40491.78982232641
0023cb4d-a3f6-4163-8761-a07914b40754,3-1,0,781259,894514,98042,241,0.2540276611221056,886,17.641806060318235,laptop,1.0839513438042947,high school,1.6263909142367943,Other,0.4178605211132835,-0.06033513011046976,N,-0.7442849803935139,46235.96706430746
60fc017d-b4ee-423c-9d56-6c2a06a3697a,3-1,1,234585,934461,125649,348,0.722055110902297,440,17.55436164787247,desktop,1.4731540351167203,college,0.8705085759509792,English,0.576437516725076,1.2059046913616878,Y,1.8132917686265868,45501.49148495402
d77f1a0e-29fe-4341-9629-55666d082f4b,2-2,0,417717,683779,71800,285,0.3977374448210728,926,23.317389302472197,desktop,0.7275275427669876,college,0.378586664290268,English,0.5426519808070185,1.11869197357444,Y,0.014164278484828818,45815.43834260177
9e9c021a-b55a-4aeb-af94-847d6d457b62,2-2,0,1015538,676830,7441,369,0.34438834534055707,1106,14.357239848300683,laptop,0.032120731236607414,college,1.6015122227382101,English,0.7299514047762914,0.361752366423264,Y,-0.017445945625233827,48007.8125864557
884c8fa4-f6a9-4e37-a9ab-652c0f26d668,3-2,0,707356,866559,73691,245,0.46890200106524016,766,57.73675416958751,smartphone,0.5556981871880431,college,1.3536968458947265,English,0.3754179715333211,1.1518968863777876,Y,1.794502153913849,44033.30653425027
82997735-0e98-4a00-bcf1-f2f0aafb0705,3-2,1,489571,802058,133219,157,0.3317034982527852,1233,26.507887958300213,smartphone,1.0126726181694954,graduate school,0.6229023767123723,English,0.5496708025247977,0.6003338868731918,Y,0.6105947586938705,46779.133886764655
dc6fe456-3569-43f2-b793-afaf3225c316,1-2,0,914688,851703,122855,293,0.504497105076846,1384,32.52108250277412,laptop,1.123095906376204,high school,0.5614823569494058,English,0.018561281319183442,0.4568851063448987,Y,4.15996825104332,46396.05237366227
4ae8593c-1ba3-42b0-9e6e-deed9cdb2161,1-2,0,931936,257909,33449,382,0.22649359240267114,651,55.41351851123962,desktop,1.1543435273489702,college,1.7237200796009648,English,0.34984096242928464,1.5427872095814954,Y,4.038592133372372,43463.32203996909
45fb1767-91e9-4d69-83f1-3c781425982a,3-1,0,636588,333641,78112,152,0.2870605802161176,1418,39.89375088579349,laptop,0.20716763490557133,college,0.8380299177721622,Other,0.850638531064462,0.24118297596033672,N,2.279070644128361,39859.98606582857
c0906133-d1a3-492f-99a2-6e5a6c56f767,1-1,1,731223,201295,52805,232,0.41188001675875086,1270,25.043124641763608,desktop,1.6321386601506183,graduate school,1.5862985297762118,Norwegian,1.1071641386638518,-0.02230106631043338,N,3.4554904840426706,45719.44750888135
ed0920d4-b642-455e-bd2a-ca21865b50e4,2-2,1,256828,231020,19128,287,0.005090196314003426,300,32.01218021882249,laptop,1.468945527507159,pre-high school,0.15971543039268132,English,0.4328751161755545,-0.15689645177460476,Y,0.7844884971042748,45696.3238401168
4658ea30-8a5e-4e6b-8d67-2fce1d6f7ef1,3-2,0,76670,352184,31067,124,0.7326673441206254,836,53.09302303374719,desktop,1.657530573435205,high school,0.3992953817763166,Chinese,0.19939511975563923,0.21317984017952596,N,3.8816807144391103,42252.13889780984
ebe32dfe-f98a-490f-a017-f2872a47a1af,3-1,1,582363,18037,24102,278,0.6050205257045806,596,23.07699718253217,laptop,0.6476925758028886,graduate school,0.6729086752469908,English,0.5811402038669852,0.6624868947076842,Y,1.228864293637818,44978.72065669113
1d254f4a-ccab-4a27-8b17-ee0f21b472b4,1-1,1,1017857,311277,18007,364,0.38109782975144885,1295,41.44267241661374,tablet,1.2557089111206674,professional school,1.3854134159094116,English,0.4948557964106896,0.6027417425998097,Y,1.7267397929545443,46487.91119777336
c6117094-afdd-4f97-9496-9df675e1485d,2-2,0,383935,958038,132175,220,0.44502169829337207,1247,26.911213434450133,laptop,1.5199602014714284,college,0.16980340931526838,English,0.5110563120648101,0.6597297674030801,Y,1.9589541837665634,43593.359883826364
44e64898-8cc7-4234-86f8-f68036f35eac,2-1,1,944161,702656,61405,119,0.43191086024436814,868,31.725920176643,laptop,0.6888719166994064,high school,1.607154409645287,English,0.7193460698491659,0.6115871272953366,Y,1.2318815714079976,46848.46134929824
3410fc57-2a6f-4350-94d8-800423702f6a,1-1,1,323472,872896,20882,264,0.5658098507680401,1287,41.750729827977985,,1.0522339292048661,college,0.7478729349787989,English,0.44629175208828453,0.8603307868671647,Y,-0.14356488821868552,42259.513437856935
1d254f4a-ccab-4a27-8b17-ee0f21b472b4,1-2,1,34280,481418,2292,249,0.5882071798145887,1438,25.02016709577685,tablet,0.5375178301291172,professional school,1.5764052626424299,English,0.3583560599211162,0.1448012293891025,Y,-0.6545302556340231,42854.90985365184
6e1bdd21-d51f-4497-a684-654edc44a6c9,2-1,1,780943,18002,23832,264,0.3383324748919334,1120,54.13814779859163,laptop,0.8244981609425872,graduate school,0.5397697672247066,French,0.12144315093130509,0.408222186879738,N,0.15440307313153245,45730.616005984375
b1203ed6-31a9-42e9-b3a1-61384a0d18a2,2-2,0,41176,23988,113765,237,0.48166966263670796,1423,30.489075404153866,smartphone,0.6917299309867733,professional school,0.4542351885537884,English,0.4926908105243595,0.5045669660267492,Y,2.490894613589854,40714.97001801193
4b19d929-d5f9-41df-a9d5-4176d450e799,3-1,0,364218,1015208,54887,116,0.23378620781751286,1133,33.11613403855146,laptop,0.8565582009811677,high school,0.3868549518562999,English,0.5584355072256456,0.7991018943774679,Y,3.3763036105110977,43530.20469501151
01793098-f0e2-4ef8-a0eb-706a0584332d,2-2,1,395504,191159,61353,325,0.6201573845539888,500,35.993571815311114,desktop,0.8978669263733758,graduate school,1.6871880036332345,,0.3274777013473481,0.5337460680114082,,-0.31246542121920085,46385.363541659266
2baf6ca8-ba5b-45f6-860e-359b139766f2,1-1,1,792195,380287,86540,156,0.8501547304092966,1357,30.911027946381445,desktop,1.4061612466493987,professional school,2.3020053906612152,English,0.2719048132442619,0.9433290146382877,Y,0.5364202032760053,45206.74018026156
d816358d-20fb-48cc-8597-6ce3578251dd,3-2,1,540716,216358,126659,358,0.5791779723745927,471,20.70960727081934,desktop,1.7862560231103706,high school,-0.012442410138880033,Norwegian,0.9010190470170849,0.521628639136251,N,2.3844903569918614,43883.760010799626
c5f16c37-1a33-4562-9996-0f8262566ab2,1-1,0,362861,150815,74304,326,0.715125610662793,814,32.17122667929401,smartphone,0.7659386460338748,college,0.9779365169649219,English,0.6172831335684293,1.527921284989321,Y,2.2041593660749284,39779.961703329776
801b0890-5265-4faf-95db-452ce047f74d,1-1,1,988724,535864,52736,375,0.7268626196859291,772,32.59500775878095,laptop,1.7560349815634013,college,0.3530576443061689,English,0.31362071183827217,0.23436246024524793,Y,1.1832386323186044,46589.01750781647
215f1a41-46c0-40a1-85ef-c155bf665a45,3-2,1,239369,127838,111571,341,0.42785995506289354,355,57.47020555743153,laptop,0.22690880133885416,graduate school,1.882025434495382,English,0.23029295242572428,0.5191713385964648,Y,2.688717943414616,44379.41691469471
5a48e48b-30ca-48ad-a397-3ecf853bb5c9,2-1,1,455496,610992,96766,177,0.6574063499100535,513,12.843728379248642,laptop,1.3171777512618235,graduate school,1.5813977033466813,English,0.3949505992144872,0.5980035268313514,Y,3.0556227307772073,42810.50154400381
8daf6eaf-3757-49a1-9fb7-77fce259e6fc,3-1,1,657190,861771,127027,207,0.30965997723350985,321,42.09146437389552,laptop,0.5155695681353738,high school,1.172245415616024,English,0.15549992404329666,-0.06619795305490994,Y,1.6193451073589284,44359.00955955085
b1872ef2-f148-440e-a44e-3f12578c14cc,3-2,1,739888,426052,66226,382,0.26320929412517036,358,36.77946580295185,desktop,0.5249438598164698,PhD,1.1749376971782457,English,0.4800468771504508,0.6413045491580003,Y,-0.34185397561308184,44453.049866893656
0d84e944-f2f1-4a68-8fc5-719111349ddd,2-2,0,170343,208700,127041,181,0.5769790599601788,1331,50.47446669975348,,1.9557533229892108,,0.45825833706220864,,0.5614575433428475,0.7204755680499122,,-0.008966004799462413,42308.56749442588
c4d4c7b7-bbed-4695-b98c-0b5c48e29abe,3-2,1,349774,954486,51967,169,0.0669133984050081,1416,42.29235862117986,,0.8839316559140173,,1.8496020978465038,,0.44243737794159,0.43935745402230125,,1.3470453192356955,42929.46178544787
5fc65dc4-1722-4f54-bd65-720c734f2d00,2-2,1,899450,529731,45988,145,0.3826001795527147,1420,37.41991987881706,laptop,1.2696021935761719,graduate school,0.9691592902535895,Russian,0.47129463845781866,1.1088147940629334,N,3.493185831147711,42269.377970295915
cf8cc387-399a-46fe-9313-9f73def19457,3-2,0,449957,343788,62281,132,0.12022475773361735,1274,45.89152793754374,laptop,1.0900001572459495,college,1.467448336636666,English,0.524234189170368,0.807009580466358,Y,4.842228589599422,44168.9912012457
27d0e742-13f8-4911-a1d6-42cbea5067e2,2-1,0,17409,437509,35291,371,0.5989655618029528,685,26.686893236102684,,1.4876245041162073,,0.5447479362271217,,0.31793877341901444,0.8096752848849663,,1.4254902901593078,41821.333744713964
30f84640-2830-433d-94f8-24d5a11d93c1,3-2,0,817831,164759,17169,222,0.6115419676820345,1120,19.63242182106577,laptop,0.7760835634893324,graduate school,1.118668585737005,Vietnamese,0.6483245501933983,0.10980258240794133,N,0.6055339110166886,46465.231584147674
902669eb-08bc-4e32-8e29-a4c99c57072b,1-1,1,925571,672378,53314,235,0.3678086189911806,1301,63.44011707181076,laptop,1.406250222653639,graduate school,0.6656231587068018,English,0.3230557858083323,1.165088611037958,Y,2.053406275391393,43981.26770555287
5fc65dc4-1722-4f54-bd65-720c734f2d00,3-1,0,865193,440787,94110,166,0.4895883321748393,724,27.16402582182609,laptop,0.9420779562448529,graduate school,0.7593836852834318,Russian,0.5674788013912546,0.6758267675269631,N,-0.6682141391030356,46739.90131277286
df64e0d9-db88-4977-a401-e1f442400556,1-1,1,775238,591193,84508,182,0.6807273091111837,446,29.0921057316763,desktop,1.6246023016487463,PhD,0.6452819993890944,Dutch,0.5406893097320007,0.8019456969904522,N,3.701391974385621,43063.210472015875
af359589-3ded-40eb-8c8e-8c820ad019de,2-1,0,525092,864933,75501,240,0.30122773758423205,1229,43.05823531910586,,1.1048414262480875,,0.2303577745229448,,0.25117325606086244,0.4560672105605562,,4.357585400753328,42110.34840625521
3b9eb1ad-94e8-4ece-9e83-bdaec18ce17d,3-2,1,632497,604189,364,107,0.3960780417650729,1110,38.589870450011446,smartphone,0.43833363196548214,high school,1.1010223660947225,English,0.41638870236136327,0.6015899822849127,Y,1.2829048452486957,44963.17457653694
f9557d5c-0a28-4f14-b9bf-1a0308ed9546,1-2,1,434468,348810,38507,302,0.7489218659464594,1280,42.44707270153164,,1.271980694859419,,1.0541725171958762,,0.19560131392770214,0.7354765605236151,,3.377565585940648,45011.63794391885
832f42b1-7702-43bd-a55f-a71c4ad85b9e,2-1,1,492914,350999,18250,367,0.3642181395400049,1074,13.51152736248817,laptop,0.8597512389286514,high school,1.1967624126527316,German,0.3574218701303347,0.29265247995057664,N,1.1476446659061654,43047.61035492079
9bd7345e-fc32-41f1-a8c6-ee371715652e,1-1,1,298817,872958,123014,277,0.44419447295817344,454,21.612839578136995,,0.8502898870506288,college,1.3006149319237992,,0.8533408616956879,0.34969881720603535,,-0.7028499804620214,41432.058370756335
f01af761-d426-46f0-ac95-33b120cf9e23,2-2,1,674,584393,60181,241,0.666848103361747,790,30.618003171907063,desktop,1.2096010445605883,college,1.8563975778753958,English,0.21715247811772637,0.3524765531675397,Y,2.711165582030479,42717.969344217454
94d5ae9f-66ba-48f2-93d0-19cf5aac6a3f,1-2,1,622340,665059,107040,273,0.8385039974437545,1044,29.91490762439508,laptop,0.2535955806900694,high school,0.30347534211368676,English,0.3242643330866976,0.8203906738437687,Y,0.3128541408385903,46054.71191408827
b74b7a54-edf6-4d3f-92d3-8dc119424956,1-2,1,332331,617946,133209,185,0.35535376540145347,445,36.06000834391457,laptop,0.4821392512126844,high school,1.9104060533422738,Turkish,0.573773753477497,0.5124135665541453,N,3.297381224215888,43690.260691112984
1ab057fb-ac2e-4650-88bc-ede767006043,3-1,0,905946,499731,50531,127,0.5780206601310953,683,33.57659994397288,desktop,0.48431152310295333,pre-high school,1.1481142802495086,German,0.7772183451706021,0.23611631326322136,N,1.0676253352595269,43757.55328924118
4b19d929-d5f9-41df-a9d5-4176d450e799,3-1,0,472738,387228,52545,131,0.45115423200724286,605,39.97935795741747,laptop,0.06152936786504548,high school,0.31451166185289947,English,0.626549112914878,0.3538382677174207,Y,1.4493833378977852,47091.79367414018
9175e447-1bf7-4667-bb18-dd7aacb6f4ef,3-2,1,151442,753838,45508,285,0.4934861642448027,598,31.86777296824078,laptop,1.4164460887542334,graduate school,1.0851586462986407,German,0.2849938012403507,1.498064150315782,N,5.465193240620261,46688.42434932923
0ee8e6e8-930f-441a-8244-d7788041cf5b,2-2,0,984562,271241,67096,242,0.4634471408736958,303,21.8457502616228,desktop,0.7717058801782336,graduate school,0.06230849918691661,English,0.42861150719579444,0.9538938520011357,Y,1.3027205309971917,43604.88418171645
82997735-0e98-4a00-bcf1-f2f0aafb0705,1-1,0,350630,544176,133336,248,0.49649629860137806,1132,28.354545220684432,smartphone,1.1204243606835769,graduate school,1.0297117486171181,English,0.6839677050772506,0.01080962615450659,Y,0.6295557565646028,42399.29944900503
433026dd-691b-4cc9-84a9-07dbfdd8a56b,1-2,1,160470,600369,87681,344,0.5839459106612896,398,36.38741414627691,laptop,1.6288448195246104,college,0.8340594505332227,English,0.5923834650211918,0.39654580502391823,Y,2.249090769156962,41513.674422342214
8672882e-46f5-44a6-ac35-bfedb6323e69,1-1,1,169678,679248,47626,281,0.6256535538976744,963,25.823550073359623,desktop,0.5996621538629339,graduate school,0.9502773936279375,English,0.4193094961080264,0.20272859424865708,Y,0.6766398105075282,43411.97040207502
323a09e0-4da8-499c-b80f-5802dbf08cb5,3-2,0,141374,25460,137136,379,0.38225809306594344,695,50.330762474782105,smartphone,0.3512204331199982,college,0.6726754207612116,English,0.4432113682540161,0.4300717506713682,Y,-0.18670105257192748,47496.031704099645
cef9fb15-e845-46ae-8282-8e7247078df1,1-2,1,275026,418488,20131,235,0.6541047448680068,1017,43.940384216574294,laptop,1.5458718397789237,graduate school,1.417662462310297,Russian,0.41246417171301464,0.7729951987648342,N,-0.18091618750777294,43965.390232495454
4f197cbb-93cc-4852-aad3-46d35f809f47,2-2,1,141403,492382,141158,350,0.47594278772704657,486,27.221649518014786,desktop,0.2914185918027131,professional school,-0.1712511709110287,English,0.5629515366594721,1.2041192913199417,Y,2.055431434161709,45832.91117303259
db095ce6-bb12-4f37-88e2-d9e76be1b021,3-2,1,324122,155412,114501,378,0.2717136868485952,1041,54.124739068573774,laptop,1.4923362181911421,PhD,0.6508911830292721,English,0.47973821888973034,0.46761497372907257,Y,2.61766297898838,41665.59518466595
2ee3c271-be10-41d8-b778-9c5d7d5b6e52,1-1,0,454948,852971,10153,327,0.5598062052780843,775,29.602027247051332,laptop,0.7471524646251846,high school,1.6835271402766399,English,-0.003582862177810786,0.3591392759739866,Y,2.3191316491864304,42981.7724540214
a75e076f-3028-44a1-af60-ca3b3bcaeed0,2-2,0,1009010,195594,140119,370,0.30018072648454813,1392,33.65783924545219,desktop,0.5139485589998372,college,0.6790053192079621,English,0.6064024074269097,1.0962934462686882,Y,3.9337759404860826,43382.319558853815
5d94e05b-6915-4406-9c52-0e12b11f5c0b,3-1,1,598050,42802,37467,367,0.48903336132734876,376,51.410625065907055,laptop,0.8925225037782906,college,1.2481689225559562,Indonesian,0.4088030305530993,0.5398787718007053,N,3.3091609511191757,42171.424888642716
3208209a-6dbd-4582-ba9a-63a144f479f2,1-1,0,539702,356988,108235,188,0.4506437515232541,426,32.18652782180146,desktop,0.5118657982261967,college,1.074355139458307,Indonesian,0.7249603536988029,0.6931816645674743,N,1.0410097730519048,47824.56243270097
ef9702d4-36b9-4de8-a045-dbce0eb27a98,3-2,1,193834,286250,20799,230,0.296114354995082,626,35.06999286734817,desktop,0.8653501559170459,college,1.1255600825706347,English,0.09606062846284602,0.6469193613770624,Y,0.4962205357005698,42999.424235052706
0010d921-1f71-4511-834a-55096185fabb,1-2,0,718255,250004,133867,192,0.7343056551433266,382,29.259147261248973,laptop,0.7543840982424848,high school,1.0474486818971764,English,0.31458027493911556,0.780627943680378,Y,1.151622513025275,46614.70388101153
253f1616-4a99-4ebf-8086-6ecb195f5fc8,2-1,0,373985,307744,33213,159,0.5909978501110291,775,20.274554576314145,desktop,-0.07043726325801924,graduate school,1.0049007022412635,English,0.610288243794965,-0.18072149253059344,Y,3.746591001798185,43708.25808413099
ec830f1b-9018-4757-846f-ce2536ebed89,3-2,0,15860,822945,41997,227,0.5928231310979624,337,25.188700419861476,laptop,0.8878029111185715,pre-high school,1.2272969375404834,Japanese,0.2892899861911549,0.2486691507875251,N,4.188353112500517,43550.41083834926
345600be-501f-47c7-b3fc-124fccea4b69,2-1,1,737738,963119,55455,118,0.6580422760914477,1366,40.20055238053975,laptop,1.8475669493718883,college,0.7336631798563228,Chinese,0.47395995831914145,0.10858569836208931,N,0.24676023856669937,43326.985461812576
eec0e61e-7635-4527-a83f-977a09cafec8,2-2,1,258665,672281,128736,335,0.8319444995089083,1062,18.374352826094004,laptop,0.9382985671011635,high school,1.406785623874337,English,0.551075381319988,-0.1063259120859592,Y,0.7925435895652324,44039.711035412794
9b2ec410-aab7-47b8-a6d3-19e9c1e54d4b,3-2,0,725015,252574,109687,113,0.5338011082729635,833,10.60718671389365,laptop,0.7137725315121368,college,1.907049777758163,English,0.7548422777151529,0.20885958108016695,Y,1.2676624753680001,45164.783699077714
bafce4bd-e4e4-4d73-8424-2a9343c52f7f,2-2,0,444433,65610,33263,170,0.47808136757679526,388,41.49753273227062,smartphone,1.2024319539066557,graduate school,0.6781021779500314,Other,0.578357612224644,1.0293945963272235,N,0.43152687180371396,40555.69365730272
255498f6-e198-4a41-a057-5d4ddc6af950,3-1,0,242910,356482,103208,318,1.003751668731113,338,20.932034696072,laptop,1.955705014017179,high school,1.1055058410728076,Swedish,0.49573092187657536,0.3354439372360102,N,1.3149931318117012,43168.03734179115
a8d07b3c-a7d4-49c9-b2b9-07c268f706fc,2-1,1,297189,314017,134278,123,0.9716273114214778,421,24.788530378689778,laptop,1.1682826829543584,college,0.7814539545841649,Other,0.7149893303552901,0.6332436550866023,N,0.9965225703220281,47851.57650010457
0023cb4d-a3f6-4163-8761-a07914b40754,3-1,1,508494,258309,98474,360,0.01831989894718794,758,43.18209189198825,laptop,1.3072144221253879,high school,1.0667959455036984,Other,0.3838204986441627,0.9177351854428308,N,2.417983883227908,40949.30648151214
2fd402f2-0a6a-46bd-9f79-244f46b106f6,3-1,0,485933,888314,5736,370,0.4661307247228287,633,31.505621488478013,,0.49744928430379964,,0.6234629633022207,,0.3904986636040589,0.4458624222730825,,2.6449631900044106,41781.60311530286
e66ac7c3-faeb-4b2e-8dbb-929d29a3bb65,2-2,1,922727,181906,47689,127,0.9580893983910848,1435,26.61257469478059,smartphone,0.9547418057615523,high school,0.7048191554889848,English,0.5195383795937502,0.15419974779598583,Y,2.4476714767724577,44535.20378574019
c82105bb-8520-4727-b430-daec6fdef0dc,1-2,0,869869,922006,105853,309,0.5249988461775539,909,31.747100282020757,desktop,0.8883303351509508,college,0.6912755725105016,English,0.3867807964262745,0.6689737350210906,Y,0.824194500030902,45071.40357300061
08e0c3b1-652b-4be1-b8fb-e30789efca15,2-2,1,59784,365821,47804,342,0.5996347790224635,768,12.984050133953396,laptop,1.469529333819607,graduate school,0.6389164358507962,English,0.5437527839156876,0.4593431964375339,Y,2.4267998812733036,45603.49635105395
52655f97-f8e7-48eb-9269-d5ee71ad6db4,1-2,0,786950,696652,121701,313,0.4204793194116398,362,1.8886955790983038,laptop,2.35425941806848,graduate school,0.6134473401189184,English,0.3818417510186072,0.945029613623584,Y,4.870157094578747,42523.622886101446
cc6bb97b-148a-434d-86be-1a4b7c05363f,1-2,1,620665,712307,66538,209,0.37340459983233126,1285,34.26259010029836,tablet,0.11927673588966992,high school,1.1587375736136951,English,0.9989376510068542,-0.09178276885608916,Y,1.7400867205654278,44111.10867256635
014c91ae-55d5-4aab-87e7-77c677f8a128,3-2,1,50026,645546,34053,226,0.5594487700942814,808,51.74156437628098,laptop,1.5521728329956805,college,0.7482921754306241,English,0.6841493061572644,0.7310774673794267,Y,2.4457627392155175,41110.98894174583
d5862d1f-db68-46d7-b717-dc2a7f78befe,1-1,1,228016,688559,56642,153,0.5358910966505274,790,37.15598063492134,laptop,2.3800528651551183,graduate school,1.2221191998984164,Dutch,0.5002548097942773,0.6884832011924935,N,0.6003417294261879,43742.76927106149
817abbbf-33b6-4f40-a3e1-e0b38753e896,1-2,0,238918,904772,32117,175,0.4452502432378028,1400,27.078205062393153,,1.6150408636704863,,0.8763523072961398,,0.29327996889442,0.8952611331554573,,1.026443432051686,41927.00730028051
16d05f08-7a7f-4b5e-ac3f-b7a64a5ec349,3-1,0,634584,736536,84050,238,0.4766545663358123,575,36.568556941330215,desktop,-0.04298638074816852,college,1.624593689455192,English,0.5297562679433403,0.9230305793957723,Y,-0.20436233719305585,45672.2608997111
ce41ecb5-d3d6-467d-8d90-0da4db858b7c,1-2,1,506111,533148,45619,325,0.5017085365403335,848,22.927656485294644,smartphone,1.4780029618824455,college,1.067797971389887,English,0.4603948627132603,0.13011199174919102,Y,0.8507792570520629,42599.05888600013
95cad567-beb8-48bc-9d49-b9f5b17eb742,2-2,0,935765,303114,57885,205,0.14952735822073493,1146,44.001932581085086,desktop,1.5605540639492594,graduate school,0.937688582041266,English,0.5169508870758307,0.3681849951827668,Y,-0.4626121438286068,41431.3342353448
95165b45-dc58-4a62-bb78-afd606f1e34a,1-2,1,646952,587853,92739,304,0.5969939252970472,1294,55.00168766423579,laptop,1.5168623903785625,professional school,1.1115816089673314,Romanian,0.6765633268129347,1.0774316212043797,N,0.913471318710453,44370.66034824093
2e174514-6907-4570-ab73-1d42a3521a95,1-2,0,271458,304257,90832,138,0.3365584172841912,828,28.727308763707278,laptop,1.069490400292176,graduate school,1.755439037949998,Finnish,0.5944043974354571,1.107167899209469,N,0.45564025941112596,45332.92314713736
1b57438e-b823-4e70-95b2-c4659c379273,3-1,0,76134,191102,42122,151,0.6826047846490366,992,20.46584323986251,desktop,0.15525779593228706,college,0.6301332853732777,English,0.268777191541394,0.36195860945002833,Y,5.166279441711904,42906.72051215357
ebe32dfe-f98a-490f-a017-f2872a47a1af,2-2,0,643277,372113,127087,169,0.4138046302145201,305,21.52069377448893,laptop,0.8418083013472021,graduate school,1.0245063220298527,English,0.2676391973742168,0.774820317535339,Y,0.892652549693927,44779.94808760582
41f5530d-ed72-4608-a119-a71dd31aaec0,2-2,0,964158,807988,60901,371,0.13019957059853215,368,35.908767384025225,tablet,2.224543387878051,postdoctoral,-0.27396942559879944,French,0.9113533683660119,0.07570000756062545,N,2.292257613785413,40291.07038716182
16d93a7f-b378-4f6c-ba62-8e7479afc2d3,2-1,1,33662,96682,91208,174,0.5256021128071253,550,53.80514471660328,laptop,0.2111032292509748,college,1.0079233218365211,English,0.308068841092045,0.3193797868067314,Y,1.5023767529313408,44904.55941851367
c76dd3b4-df4e-460a-91cf-30691faa6703,1-2,0,399596,195313,44033,283,0.2942770175450351,1153,31.63687697079501,,0.29604148644914774,,0.9882227802315297,,0.64100285581316,0.7104234298267179,,2.555330765085017,41960.53440210735
a77a0634-aabe-420d-8348-0a7372b161d2,2-1,1,356387,481756,139530,311,0.5483699180772793,473,14.328335800283035,tablet,0.7051049029535768,graduate school,0.5135096349958217,English,0.35369327849550564,0.8596033365813834,Y,2.525806012956456,41230.97802641715
b856a7a0-694d-44df-84e5-7df262774187,1-1,1,333825,245094,78313,285,0.3796708475783992,1048,33.290744303872785,smartphone,0.7579539179424857,college,1.6756541127463218,English,0.8691049352425771,0.06706280928914671,Y,2.4093906236621874,41962.71650821943
5507df65-d963-43c6-9e0d-a8c375c02b6c,2-2,1,1249,355696,105448,221,0.6662429937349279,1313,45.30465061864403,smartphone,1.5945061409735657,postdoctoral,0.9282529064941307,Spanish,0.34031344511012085,0.8201731412379358,N,0.5342831623711675,46624.719835745476
840a40d4-fee9-48cc-a027-58628a5ca9e6,2-2,1,391900,2434,11549,274,0.7510825618144659,1024,26.989490960328226,smartphone,1.1729980820985317,college,0.9163094008362478,English,0.21242092421462505,0.8550471958442394,Y,2.2176359555984986,43951.24417905905
dd12faee-44a2-40b4-b2aa-276cd7e690dd,2-2,1,246556,271652,133453,208,0.3670473518114997,526,55.747194137896784,laptop,0.3790934588594439,graduate school,0.83986159090303,English,0.26057640810832183,0.8312932072495326,Y,2.6229274285198354,46390.3865519875
b74b7a54-edf6-4d3f-92d3-8dc119424956,2-2,0,668999,360043,122825,241,0.3151143611636654,348,42.3563627844972,laptop,0.8828830176543663,high school,1.4240521705561142,Turkish,0.6236579386743654,0.9153752730627209,N,1.4768192570890357,44891.85952291897
af2dd336-540d-4ded-ae2e-6d21383207fc,2-2,1,564314,476963,55283,164,0.4858024812909181,1029,40.04542697493023,desktop,1.5394986424706205,college,0.17128619617328644,Chinese,0.5762790750050062,0.5896958630703385,N,-0.6839339307257144,43796.71112865763
ffecc92e-4523-43bc-881f-86a60ec0cb05,2-2,1,921905,793718,57503,370,0.3801941766798561,565,31.922446093380668,desktop,0.929507288174016,graduate school,1.7295765530255363,English,0.3117252519975394,0.7236469717215581,Y,0.6929868116094686,43753.27931229613
ee53e6ab-48ea-4636-8141-e636a103cbb5,2-2,0,632791,237991,101042,108,0.4156458576878783,1231,44.423392811999776,laptop,0.5082163001770972,high school,1.1640033779520995,English,0.6663737437429398,-0.2176465660068343,Y,4.354482046324987,45566.226074301914
352a4090-79aa-4827-b4b0-f1bffd883940,2-1,0,641145,667032,109103,215,0.5928397527797237,1377,38.50112144796132,desktop,0.9443388373181235,graduate school,0.6611903677735773,English,-0.03764406000797782,0.008204541634799112,Y,2.1216398158009193,44840.47848235706
c7962751-a043-444e-807b-543a4b17b012,2-2,1,868970,969239,135643,151,0.587725627392595,554,27.054959727928516,laptop,1.410095580318587,college,0.49170258166397274,English,0.6161677919001115,0.7899890596815065,Y,2.634983195507516,43992.2157227473
8711ed93-34d0-4b16-b713-b1ac804d7742,2-1,1,91635,849147,45144,250,0.9695197336527616,1376,9.408502316110408,tablet,1.0963823155458146,college,1.35321315513524,English,0.48856470630623655,0.23281632312684347,Y,1.9232588868755582,43465.66485655117
c3cdf4d1-25d4-4f2a-b532-6b0cd92d2e30,3-1,1,371360,226689,31969,266,0.2841503595895868,1379,21.063836372506962,,1.2849472150817465,,1.3411030777931556,,0.481525506887856,0.5835233043912639,,1.0502599281582108,45166.84986494167
c9912952-1990-4415-8cd6-b5b96d6e4267,1-2,0,650289,854783,49560,314,0.38954355115137257,1232,40.5579427686492,laptop,1.463542559358613,graduate school,0.3854012707531965,English,0.681440569702533,0.7151447566379385,Y,0.7932753351702313,40726.75335941952
e0080083-9f88-4396-bb69-13c375543c8c,2-2,1,575411,322319,26864,151,0.5756449289547134,1324,36.73725421246539,laptop,0.8407231774778958,college,1.0014882085892394,English,0.48172352130059687,-0.022276535024344346,Y,1.8340278202351703,45023.58935817296
ed0920d4-b642-455e-bd2a-ca21865b50e4,3-1,1,335199,320181,43086,281,0.15849697993979522,1019,22.599192775269422,laptop,1.6201967410784222,pre-high school,1.8279646587920289,English,0.25781239407008105,0.6180806906633096,Y,0.7563304414948149,44448.31277008272
aa6ebb2d-1a1e-4fc2-8f8b-146561327a41,3-1,0,344462,550775,100619,361,0.5163062141225251,940,40.96946117198477,desktop,0.19534134585330987,college,1.3669892015309633,English,0.2663883217180206,0.08130158867676329,Y,1.7413230627527496,45157.62786563794
a17c35a2-ade1-4a79-a19e-5aa8093af1f0,2-2,0,274593,534506,107733,257,0.07589689250442427,720,11.391699348655393,desktop,0.26680652493668877,high school,0.5346744122657618,English,0.4688794623688544,0.7316253140377489,Y,3.248080806536317,47974.48507404936
bac15d0b-cf63-4ab5-a05c-66f39e2834bc,1-1,0,343447,132796,532,321,-0.10171897804415686,722,34.04901632557171,laptop,0.6636337998501318,high school,0.27828723650586196,English,0.718315654985656,0.1348507626077073,Y,0.9658270141555498,41230.29402570742
dfeed816-4de9-4be7-9ea0-775157c7bd76,3-2,1,438868,20629,14001,357,0.9721457004646576,636,24.127071168585754,desktop,0.6315854848572288,PhD,1.12674465208977,Portuguese,0.5113356151136937,0.6134343572725232,N,0.10674332701451816,42082.55713056883
902669eb-08bc-4e32-8e29-a4c99c57072b,3-2,1,112536,48271,142400,353,0.581521031205861,910,32.930199227262,laptop,1.4855948008301536,graduate school,1.7532271251431197,English,0.5069567652992113,-0.101065156797289,Y,2.398382499209883,46145.961616303626
b1829797-b60f-46cb-803a-c68dd04440b3,1-1,1,585990,177657,90230,165,0.669921207435863,936,34.22062176511275,laptop,1.1656817076893127,college,0.9256426450920862,English,0.982652594971321,0.3191142657121966,Y,2.2125981875783944,41521.88083469711
c0112282-2a3d-4efe-af95-387d581e0a98,3-2,1,898712,161156,4128,161,0.44176350921831586,954,5.060211522943568,laptop,1.0880483513418935,high school,1.3112479323548671,,0.3150812256502679,0.9520513942683397,,1.5287518083019926,42422.349247248465
417336ae-daf7-42ca-ae3d-7ebc05e0c43f,3-1,0,790441,211675,21128,356,0.5117281606682575,509,49.412535883393865,laptop,1.4965152975839744,college,0.9125219173439247,Dutch,0.3849983510819869,0.6537601784637952,N,0.5586973833185991,42466.34363556486
832f42b1-7702-43bd-a55f-a71c4ad85b9e,3-2,1,253770,393688,133714,310,0.6699018108025975,774,38.49520819702188,laptop,0.9467764275761013,high school,1.2549312203340828,German,0.46567050280874167,0.022763727519474197,N,0.36948874664414655,42698.4802006207
5fc65dc4-1722-4f54-bd65-720c734f2d00,2-2,0,273990,123507,69500,359,-0.005567352119248303,397,60.87467207441525,laptop,0.9134330408668354,graduate school,1.0385584875168434,Russian,0.5264889524613658,1.00754598394051,N,-0.5644016173312654,43230.504780070754
c16c936c-e99b-447f-b617-9453bbff6d31,1-1,0,399847,999708,22762,265,0.48301826678553494,414,32.343109072833236,desktop,0.4753926942473976,high school,1.0609690994580143,English,0.43586378985199487,1.2333812764852516,Y,2.9504712544977725,42659.967211855525
ef9702d4-36b9-4de8-a045-dbce0eb27a98,3-2,1,943330,202505,3559,269,0.3419125314033919,675,24.39368724688129,desktop,0.5667806590042642,college,0.2454453299415349,English,0.4924686054107601,0.4392087097218778,Y,1.7866949110795294,44996.74584560339
60fc017d-b4ee-423c-9d56-6c2a06a3697a,1-1,1,772587,45530,24357,200,0.7802686348514839,429,24.1894306760852,desktop,0.4880168231284272,college,1.923292414786379,English,0.18884537664892126,0.07510356401743262,Y,0.23167685896519719,45045.412268226675
ffecc92e-4523-43bc-881f-86a60ec0cb05,3-2,0,462910,139357,139255,208,0.5771730660390738,1120,46.83639332923059,desktop,1.3027144749633925,graduate school,0.3579554992894949,English,0.37859270212894924,0.594885986490923,Y,0.37378436394594594,44457.51384085688
87ae871b-9380-42b1-8130-7914f969a239,3-2,1,926433,22127,4423,229,0.4919275241248713,681,31.905581694936192,smartphone,1.086533878856914,professional school,0.7981728743755763,English,0.36315528642643613,0.48269676684537766,Y,1.9152251044344117,43390.27553581933
65ff8233-c35c-488c-a692-f140a8bc5f64,3-2,1,801522,791269,50315,324,0.4214646199442019,584,15.31222143578849,desktop,-0.013465429109466243,high school,0.4578687429232583,English,0.528862787170536,0.5761678710993262,Y,2.153488091093365,41422.44925439536
17e9c042-57f7-4dbd-b484-3216d2baa9f7,3-2,1,529322,593949,19305,378,0.2464648468729383,929,45.62758412561325,desktop,1.6474531181730712,high school,1.6537758031843608,English,0.6903837527150574,1.082789603873953,Y,1.838498413791919,45348.396126769956
dc6fe456-3569-43f2-b793-afaf3225c316,3-1,1,536851,866822,14239,370,0.7516655166516638,880,36.4029430240795,laptop,0.8179885588245953,high school,0.8275722241175153,English,0.6061367868070086,0.3823356697102629,Y,2.467477896357827,44545.68686629185
69ca58fa-5eb3-4e00-8658-df2640b449f6,3-2,1,716130,752115,80426,231,0.42031122910749785,1079,23.318863442026046,laptop,0.6348405642183383,high school,2.0208456764698544,English,0.346246801760238,0.5882628515272234,Y,2.1615191453795317,42568.52418830753
100567eb-57a5-424e-86c1-4a02cc690c8d,1-2,1,170884,389333,85920,265,0.5093317931682396,370,38.253518542621045,laptop,0.5593769372421831,college,1.2002013567234235,English,0.7504868249566568,0.39334479134432715,Y,3.451854672724763,45656.94070873862
fecaf7b1-1db6-46d4-92ab-aa1864c179ac,1-1,0,829336,20883,86398,229,0.2405863457442728,584,49.44615403379308,laptop,0.3559193618154435,PhD,1.060294721709791,English,0.7009438710706776,0.7744643917367706,Y,2.3263028342538035,39869.9380767744
6e1bdd21-d51f-4497-a684-654edc44a6c9,2-1,0,453912,276143,93361,199,0.15420437743047305,383,19.10855182989645,laptop,0.8393594747133811,graduate school,0.12365819259811117,French,0.3319986741223624,-0.0770437213187466,N,0.6492326100294565,42193.48388859517
790f5896-c569-4e73-b88b-b931b27dc799,1-2,1,128334,74530,100211,261,0.6612383246034607,1003,28.14540114201788,smartphone,0.6735393336712149,high school,0.7627041756916132,Dutch,0.08962958385460618,0.6734957545701551,N,0.42249943102989107,48384.402662590124
63bc2403-a08b-4c51-8b2c-01e6cbfd54d3,1-1,0,982312,373122,106209,250,0.3715601145792114,349,22.355751725426614,laptop,1.5493201045426956,college,1.445220356181066,Chinese,0.5103913031291595,0.9332372814962016,N,2.473434050840642,44835.277199789714
7ddd2afe-d9fe-4533-b32a-056360bcb4c9,3-2,0,730781,563813,36534,218,0.3970898994401361,335,28.253474750879267,laptop,1.2740713270516453,college,0.29919354312534097,German,0.31918424015605307,1.1827236674073554,N,0.1982461122258985,44113.89121107422
65856aa0-65ac-4bbe-835c-61ccafe631be,2-2,0,547758,599791,20862,355,0.4072601212997642,1431,21.708193464937107,desktop,1.3595881288936222,college,1.5552491421990795,German,1.121371154585613,0.3186744644858811,N,3.5679881370492934,41124.37047144313
2fbeb59b-f93e-4073-8132-de082fdbda03,2-1,0,267565,481832,49202,331,0.6920805449853251,737,24.92278942012886,smartphone,1.6771684350223321,college,1.3077758862455355,English,0.7423383095489724,0.9367617153786512,Y,1.0008671715996487,43084.850307249806
177ecf4d-6409-4d73-8060-099d85c7a2f4,3-1,0,315223,72426,127480,115,0.5887843168225722,940,29.115046599173777,laptop,0.5904403615114888,graduate school,1.2479137733844072,Polish,0.3196547354423781,1.2537011221955559,N,2.154453136969216,43746.18188289819
e781e374-74ed-48db-8e39-bdd209a83470,3-1,0,289598,449625,133580,187,0.7444311005641704,1234,22.839968852568205,laptop,1.3445329955135366,college,0.9482583614864025,English,0.38441683274894695,0.21315540441159142,Y,-1.7173314212092095,42728.255052451656
80377a90-a6d3-4092-ad16-1615a6f024b2,2-2,0,287027,228716,132251,196,0.7161823074191973,347,42.282158675863585,smartphone,0.6007262334157722,high school,0.8856340983634239,English,0.8611390409059941,0.40435618045654254,Y,1.1862767487042698,46616.84461572536
832f42b1-7702-43bd-a55f-a71c4ad85b9e,3-2,0,1008456,166947,112070,127,0.18882050854230364,770,16.507236978488194,laptop,1.4730719378223662,high school,1.1925966841497762,German,0.7092886225604192,0.3603831911344905,N,3.3794025281236157,45244.776921673605
08aad1ce-a5a5-4558-819a-80e470e455fa,2-1,0,234979,335087,66574,327,0.3598234583959661,413,33.37135736147996,other,1.3005170232264671,college,0.17272798103783116,,0.5485238771220753,0.579848721768939,,2.052556361716956,44754.276128072175
123cbcaa-5ea4-4b59-85fb-394a9549a516,3-2,0,663652,326296,25964,141,0.6795041968185725,1357,26.086156481178577,desktop,1.656812533274313,PhD,1.8088064465640514,Romanian,0.36126578133059517,0.21633670438257024,N,2.154435518877772,43422.250589998
7c57c624-9ceb-493f-a5a1-f4542209969f,1-1,1,628057,996573,66677,363,0.4766575459209785,660,38.22327292376862,desktop,1.4464639370670493,graduate school,0.7956905386902302,Other,0.5797717446871771,0.5437469779345462,N,2.64915882448795,42614.200133700404
8053404b-3274-4b36-a3ed-c3f4cff86dee,3-2,1,523977,296607,128560,256,0.7519448628252968,346,40.251900667567256,laptop,1.45330058772002,college,1.0955983974867998,English,0.34825861101570343,-0.19041905680011595,Y,1.1705251199204474,42798.47260015206
ff3d06e6-c5ec-4c24-87dd-0dfc42864aa2,2-1,0,312395,430626,110227,168,0.37698456974736194,1413,44.98553636410347,,1.7922380804305256,,0.8645846245060494,English,0.4073614605493493,-0.05316692472018225,Y,2.41456622644822,46281.46624155142
f9b78c22-3fa5-4a9d-b697-ca70e5a794a3,3-1,1,935840,444751,75301,194,0.7027193994857458,345,48.97965148871684,laptop,1.6947861778958795,graduate school,0.5313680909208933,Portuguese,0.0756481737519138,-0.3185931194106135,N,3.816604566899639,44027.92668717531
5ccdee25-cad2-481b-8033-c90162b98ec7,3-1,0,1007656,197620,8313,237,0.4366064715516977,1006,44.18016788994355,desktop,1.0095248387414197,college,1.0396169705629057,Other,0.5560248767386459,0.4596114064475174,N,0.95679587470523,44478.33618888095
87ae871b-9380-42b1-8130-7914f969a239,3-1,0,261877,971256,31711,119,0.5420728095260382,968,22.230102553794367,smartphone,0.5168446129669229,professional school,0.43483196868253415,English,0.4524737235599472,0.32393702139685154,Y,3.1950451253060406,46901.68687728945
df64e0d9-db88-4977-a401-e1f442400556,3-1,0,67850,332303,78284,383,0.7487010577882832,907,38.745013468670045,desktop,0.5641474898171248,PhD,1.220967739131142,Dutch,0.5325560332986653,-0.27458492047835503,N,1.5181963738520572,45380.45506836223
f5c14e8b-4996-4b12-b844-3d5e0f8548e1,1-2,0,559457,778566,92504,278,0.19817433275102292,920,19.478977199909686,laptop,1.05928460854073,college,-0.09984044384622393,English,0.32312276480990754,0.6909180632903154,Y,1.7622869149813494,43724.59347756291
ac03d866-ecd8-41e4-9938-c4b098048187,1-1,1,635346,554103,47178,338,0.40879810143683276,1034,60.70384664700306,laptop,1.9355133291904807,high school,1.2186873971779904,Turkish,0.6972881487271878,1.0807226946785842,N,0.743281915058861,44824.04806797243
1d254f4a-ccab-4a27-8b17-ee0f21b472b4,3-2,1,47083,993468,17281,162,0.6783908321268274,625,38.42373044005306,tablet,0.47436891258171787,professional school,0.3069759421726441,English,0.6465505968256737,0.9744419389814419,Y,0.7646548634235427,46422.376657348555
8dbae56a-69d6-470e-837f-17b3df9f2ca8,2-1,0,548668,60861,28096,132,0.5569574419708185,1030,21.080140271535598,desktop,0.35648671792410846,college,0.6921533319462885,English,0.3129299802537051,0.15360059565059958,Y,0.6725933298251314,40664.703553583124
c4ca4342-0324-4995-9111-fae627df7fc5,2-2,0,390296,1014149,130760,351,0.528937836863979,1135,58.54025379313379,,0.5434172048830861,,1.1707753687277624,English,0.5750983348643967,0.4109647004952717,Y,2.604207010813233,44305.34689396601
5940aa1c-da60-4873-b97f-e4d89f2d1a85,2-2,0,282521,1011315,115256,181,0.8908569107777791,286,41.48015792301738,laptop,0.9342640037772318,college,0.2945062989623072,English,0.31774132310983405,0.9126995516427181,Y,1.2638278091779325,45285.15241641871
253f1616-4a99-4ebf-8086-6ecb195f5fc8,2-1,1,846431,370367,33070,170,0.5426627508166553,613,32.902327760731225,desktop,1.922337909781339,graduate school,1.6309199943659394,English,0.5365789575225858,0.6150566804541137,Y,4.033391706246151,46829.084370389195
cb34d1a2-93ee-48a2-91ec-77e02c1028fd,3-1,1,894002,425528,103117,204,0.3384818643501962,485,70.07511010229692,smartphone,0.12398770305396523,high school,1.123051739942606,Spanish,0.3770683581301506,0.881582270134089,N,1.5661830860985992,46642.14964765115
8e023aef-67dd-4d6b-bcf3-b12c776379b4,1-2,1,682334,256379,67476,277,0.5822820692378547,974,36.25904787032902,laptop,1.916921911833855,pre-high school,0.8941437716932027,English,0.6284260585638684,0.5955604000529984,Y,1.6740597019829502,42799.96614324308
08e0c3b1-652b-4be1-b8fb-e30789efca15,3-1,0,693033,443307,42500,135,0.35623918990306536,637,16.50344325152714,laptop,0.9429890693718744,graduate school,0.6426104394553547,English,0.4477753543828844,-0.4085595902996638,Y,0.6090556918713639,45621.50428963667
63cdd570-1369-4f2b-9090-d5b6255c51d2,3-2,1,731868,739394,87362,326,0.7566553036710135,822,22.7077063502709,smartphone,0.5353510093962524,high school,1.2243686055725258,English,0.28013741691073485,1.265181377504482,Y,-0.3207057638609401,42965.82909738965
b74b7a54-edf6-4d3f-92d3-8dc119424956,2-2,0,818751,226816,105575,208,0.3291121625053931,478,58.6087638478547,laptop,0.30528788452997013,high school,1.487078474667226,Turkish,0.7430425185792585,0.6419504678253707,N,3.571753441381863,43174.6457492377
8ee594b5-8f8a-4ac5-874e-70ae8f41cac6,2-2,0,814924,326682,51895,184,0.7683745443793593,611,41.668144322674394,laptop,1.817331158454842,high school,2.3266257380416238,English,0.39884987622000534,0.7640619003478872,Y,1.2717691026139784,46666.52095051712
314782d8-515f-44b4-ba28-8365f8811ae1,2-1,0,709689,688889,23539,295,0.6236271444862415,1207,32.39595810710773,smartphone,-0.19812040674030573,college,0.6089831188924846,English,0.7411348457089743,0.5376924647726911,Y,3.6020505882148455,45369.53342260273
9ae62339-ac5d-4e6a-bcad-c0235c043cf9,2-1,1,727245,805747,55969,151,0.9125161319646271,442,53.87026507968718,desktop,1.0495226814937986,college,1.1259394360430046,English,0.5212347395544588,-0.04544954953719049,Y,0.7715149993611259,40298.55967562932
05407942-f651-4129-adc8-541378ce6ac3,2-2,1,325,920707,113908,175,0.5356857174897369,1253,5.193462000821661,laptop,-0.06799210103614906,college,1.212261890847784,English,0.6142000818590332,0.5604182248249012,Y,1.340348166090706,44016.12877977702
7a5fe584-0426-4d55-b8b9-782fdd635a86,3-2,1,315772,594451,33902,335,0.3239225014235595,669,49.10767994728016,laptop,0.7806693522952219,high school,0.4847256592478508,Korean,0.46750987965840485,0.7185636516455762,N,-0.2145544473491483,44174.794533698965
ee53e6ab-48ea-4636-8141-e636a103cbb5,1-2,0,129344,795743,112507,198,0.4123699877227847,1424,15.315809103341604,laptop,0.38092093679110905,high school,1.6691515674956798,English,0.5616546836904488,1.392870577025534,Y,1.21686398256884,41889.27044386283
74103437-cefd-47b1-a905-d85399f681db,2-2,0,986218,940821,46770,298,0.829353926500094,1070,13.370770177104117,,1.4796072157446971,,2.2783319228614154,,0.41742814516015575,0.5132832055979696,,2.633285804642551,45313.39728853232
f9b78c22-3fa5-4a9d-b697-ca70e5a794a3,3-1,0,578664,84925,32076,355,0.6218467211150548,787,23.428249407691368,laptop,-0.32768016350491913,graduate school,1.4299677197203775,Portuguese,0.38614178268816873,0.8407848316349806,N,-1.8764813350250606,45202.977034182106
c76dd3b4-df4e-460a-91cf-30691faa6703,1-2,0,188110,545720,22840,368,0.7056412022902019,371,35.22095388140541,,0.8780714274936312,,0.8928373541627067,,0.4567752724943672,0.4006791400387719,,1.032971612268751,42976.262557600414
dc68d578-d73f-4d91-a515-6a5569f35516,3-2,1,280264,88857,97809,375,0.5585799863896322,608,47.53890327529771,laptop,1.1589759507179949,college,1.0923623074690452,English,0.4452453416315348,-0.017699065433326444,Y,-0.18207903602047804,46689.522456099985
1b57438e-b823-4e70-95b2-c4659c379273,2-1,0,501518,136000,69534,199,0.8104455037733986,463,34.65668628120088,desktop,0.42657844726533833,college,0.6780528437816903,English,0.5247823233806285,0.6792294067084881,Y,3.391819719606149,44623.22039703756
373083c9-9167-4342-aeef-ada22adbfb20,2-2,0,831226,778418,79039,304,0.788436754264238,983,21.685878440464855,desktop,0.5554889885781245,high school,1.4351826297282382,English,0.4318572414444866,0.8269882116264604,Y,2.31192666783553,43232.39349724993
618f8406-daaa-433d-aedb-3a72a9f3a947,1-1,1,604363,288797,97724,202,0.23677983702099364,856,39.728715081145225,desktop,1.460723044756242,college,1.8177376618511707,English,0.3174363150334848,0.8078030820630234,Y,4.732430835620315,43522.23340267684
bb6d86fb-97e8-406f-b440-8dbc6e8e7771,3-1,1,125557,947237,129291,367,0.5601058018215933,1413,35.012328331556134,desktop,0.514469250667501,high school,0.8262738105846663,Danish,0.8609086674378208,0.5933825556025116,N,1.7911444093838882,44674.369609503476
2154a0f3-a816-47af-b00c-16d398859afa,1-2,1,301678,49497,75311,110,0.7009625558211061,765,41.15118373875318,smartphone,0.7950994809267511,professional school,1.1798047359964583,English,0.8604142959934213,0.8248697189761665,Y,1.611238888498443,43694.10143204505
5013da82-22c7-47fd-a245-d7131d2fab50,2-1,1,973019,2330,62659,146,0.651208254789017,791,27.61890234307974,,1.1710652741781065,,0.9656167157764273,,0.225251659500872,0.7918337268240879,,1.529010711507798,44353.97600023523
c6117094-afdd-4f97-9496-9df675e1485d,1-2,0,285778,517198,40878,302,0.15353527280636953,706,19.837202313154588,laptop,0.2489271681189963,college,0.7558221835537808,English,0.12612140802350413,0.09238098294555108,Y,0.2653123242016995,42014.14363021149
8716e0ad-f17c-4c46-97ed-2c9643a576b0,1-2,0,428365,554086,87500,341,0.4753428205092646,671,42.168976118699746,laptop,1.0771111359412961,college,1.1773363237729928,English,0.5174220530155158,0.14524739001751386,Y,2.2052300528905815,44946.303344078944
c7962751-a043-444e-807b-543a4b17b012,3-1,0,227859,344372,88913,373,0.5120633842124289,867,45.96020459487801,laptop,0.0882840667729522,college,1.0438981790082758,English,1.1003284066561079,1.4583146649922925,Y,1.5621882004097423,44184.84063370524
ad4c12c9-5088-480c-ac6b-07b6e44162bc,2-1,1,203734,572290,68024,280,0.5967005952764853,1403,20.882890798746107,desktop,2.1216190071448136,college,1.30177727646578,Norwegian,0.2868625746422606,0.1467806498721504,N,3.999949211699589,46857.84028528424
89f7f011-b480-4c6e-b249-c5a19f5c65d3,3-2,1,699185,971755,111139,365,0.8865217232256164,1198,50.00110025040153,laptop,1.4280646504599668,graduate school,1.5037828144319176,English,0.6171567949997587,0.5469282895889124,Y,1.154839610058703,41694.987640289044
6fd65cf5-962a-4227-b24b-b2ef6f590a96,1-1,1,225077,367386,127331,358,0.6289061282755578,1349,44.36086722766823,desktop,1.066308125215579,college,0.8767219578701546,English,0.9088309924303608,-0.06492737087181111,Y,3.0029849778314004,42658.61049118673
f33ac1f3-83dc-471c-9b3d-dacdf51395f3,1-1,0,165547,1014625,86367,124,0.3271261793900942,1009,40.92856923237555,laptop,0.6529104251989601,college,0.9767638281377516,English,0.2401162651193447,0.4273611347882414,Y,2.148247843884583,43442.70620707389
63bc2403-a08b-4c51-8b2c-01e6cbfd54d3,3-1,1,986779,726675,82557,254,0.842253063759531,668,46.796952546721215,laptop,0.5211634789692288,college,0.46763411462662596,Chinese,0.602340396282764,0.5278790503859332,N,2.0750442995727933,41796.01239494363
475f8bb1-e661-4dea-af87-86ca2a261e7f,1-2,1,1018237,524729,4005,226,0.31082739895731104,503,33.70407473031259,laptop,0.6997360836084765,high school,0.6248190249384966,German,0.48971396305034304,0.7874177822672138,N,0.4180205030445143,45431.49136709368
352a4090-79aa-4827-b4b0-f1bffd883940,1-2,0,849750,661719,30564,373,0.14607661287402784,716,34.794242956463044,desktop,1.7564568338467748,graduate school,1.3262096335393474,English,0.8946018026440814,0.2011567085241847,Y,0.6913280407923972,41942.52462151334
a4ad1191-04ac-455e-aff5-2c63a910dc59,3-1,1,287475,600868,68971,367,0.9504387872770992,627,14.11597949757165,smartphone,0.2317879718807241,college,1.380506789930627,English,0.18279848894799006,0.4555014648023982,Y,3.6932533139792394,39715.88500406184
7169ffc5-813b-4e4f-8e7f-9c59e92ec66b,1-1,0,263208,339610,134068,181,0.3437618103521204,620,33.8950136990495,laptop,1.106752592777922,college,1.304780583552726,English,0.3326289477104158,0.7258560410224381,Y,0.6769687969667546,47940.935816437646
45fb1767-91e9-4d69-83f1-3c781425982a,1-2,0,787892,593806,100259,331,0.3394622828110735,1428,31.27550983231814,laptop,1.1036846484400817,college,0.69561067330612,Other,0.18227893129742667,0.5725328231219221,N,2.4376892413636293,44459.717797345664
2fbeb59b-f93e-4073-8132-de082fdbda03,3-1,1,892512,197441,115172,219,0.4320466702057178,482,31.471906640826038,smartphone,1.0414281234754945,college,1.8524508933880677,English,0.14442405609954184,0.26775664826367485,Y,1.189552944202609,48539.85456187172
8d488770-dca3-4c48-bac8-af2e74d1dc4c,2-1,0,777553,385048,17381,294,0.33065824180662184,1090,43.659758931777155,desktop,0.558004762846535,college,1.8640232683000213,English,0.35350915913082703,0.05220929762414661,Y,-0.6457304548108618,43243.03010526053
2fbee4a6-4fd6-4fa0-83b2-b180fee815e0,2-2,1,608421,10731,54556,278,0.6137110774790602,603,55.6575298330624,laptop,0.9516083876285937,high school,0.9305223809163491,Chinese,0.3590668784609788,0.827356579220272,N,1.5209171663768422,39354.019620884865
acbf370c-b970-4ac5-b1ec-4335a936dbdc,2-1,0,653929,206742,75167,166,0.041700589705361835,790,7.526511927316562,tablet,0.7667691645101008,pre-high school,0.8959559610585361,English,0.560568215212196,0.36827021459344517,Y,-0.07158835598594071,45755.888736526314
a7961f82-b7d1-4a3c-a0e2-6f03d8424b4a,2-1,0,614694,898719,13377,253,0.550792684556498,639,33.59727392308927,desktop,0.4222287125832259,college,0.7379847359946652,German,0.3165436327683561,0.11217228558643116,N,4.226833129578457,44314.17619255921
0111fc3b-685f-4756-9692-67ace3297314,3-1,0,434697,154949,138800,108,0.48501710465567727,1022,29.120457354566412,desktop,0.4949192056977574,college,0.4049665072481813,English,0.19704975601076663,0.2541676883079549,Y,-0.10551639814457103,40909.1899473916
f67e5c09-d2e4-47d1-9df5-bbf2a9c7765a,3-2,0,907096,964794,138998,288,1.106278395558895,437,12.059357428536995,desktop,0.9412179118088217,professional school,0.35224577872103247,English,0.3786808135432456,1.082642559131456,Y,1.582097490262241,45299.76750797389
621bf4fc-6499-4c5d-af7b-25ab04eeb70e,1-2,1,359553,276885,28686,173,0.3220088396725621,1008,8.757081899628822,smartphone,2.1539263344704014,college,1.201740306728774,English,0.4787556015244249,0.4950125783177635,Y,2.023556397317481,41350.981813312435
540ad2c3-6798-4093-8f1c-3c3a0ea94ac6,1-1,0,429288,442467,66917,366,0.47603114317728573,744,26.66165427072937,laptop,1.0800216675683414,pre-high school,1.2149626774540454,English,0.28510776755665956,0.6625223459500469,Y,3.331403858927076,44554.93685898076
902669eb-08bc-4e32-8e29-a4c99c57072b,3-1,1,106954,657585,42878,299,0.29576309145831814,289,29.591013567584483,laptop,0.8715362754427681,graduate school,0.30866662562361646,English,0.4188158374103514,0.4534390284392799,Y,2.6972199119535984,46838.78350466564
8daf6eaf-3757-49a1-9fb7-77fce259e6fc,2-1,1,747157,254687,102115,268,0.9932486090990497,610,51.36639625138582,laptop,0.7961522865744868,high school,1.287362236666354,English,0.7445209081627856,-0.31053217607561057,Y,1.3231032036055774,45547.26917998092
8e023aef-67dd-4d6b-bcf3-b12c776379b4,2-1,1,886962,541279,102987,202,0.17275657187404236,323,32.507925866746476,laptop,2.18817402878539,pre-high school,1.9074310632753,English,0.49808667820758046,0.019170845137997883,Y,0.3627039384573243,46204.70029739719
512ef0df-48a3-4796-9919-471f50f25df1,1-2,0,272842,416338,63201,251,0.7436672315760489,796,47.479615380671945,smartphone,0.7536187120603515,graduate school,1.0129751786003234,English,0.35016140859865985,0.032777808385916485,Y,0.2710210962118147,42099.364470281194
2de720d4-ef3b-4064-9437-2886a4fb5d23,3-2,0,957593,744625,60906,331,0.4992707983389294,461,28.35820584819575,laptop,1.069420707320718,high school,0.786953773201416,English,0.1760658499533465,0.5411211894801006,Y,3.155819148017967,42835.19167324028
a75e076f-3028-44a1-af60-ca3b3bcaeed0,1-1,0,716512,493611,74547,209,0.6776384511891377,386,19.512775674476263,desktop,1.7325964308042077,college,1.1243863137904695,English,0.737521887510367,0.670059835822513,Y,0.5024502560191833,42550.73491972728
482de720-e72c-4225-b693-68609e6db53b,3-2,0,62413,764423,31948,318,0.3870443510266985,1297,10.673188609733653,desktop,1.1653176924495812,high school,1.30348634532452,English,0.4740449818829705,0.23530849304799545,Y,3.0820478096234853,45513.017987818304
de7bdd42-441a-4961-a547-2ccd7ccec379,3-2,1,923262,193500,41904,276,0.3265327304061355,440,44.30672862973462,laptop,2.439938694891633,college,1.1632254514668556,English,0.4804464154376736,1.0268223750493881,Y,1.568321634466679,44919.1206841338
5b87a566-30eb-4ee6-abdd-aa5677afd103,3-2,0,1018287,916369,93044,307,0.4380057552167247,877,57.010678649123875,tablet,0.5337819619194341,professional school,0.8974266287219321,Standard_Hindi,0.03384132048269495,0.3225186516424091,N,0.13144495156658764,45840.394534029794
984a4027-117c-4a02-894d-deab7ced44c4,3-1,1,212354,123836,56940,230,0.5251606034586487,982,40.03590160403918,tablet,1.3021909710626984,professional school,0.06117741484849226,English,0.5311684750531879,1.0415545426217871,Y,0.6407965427545013,41180.45364310699
94d5ae9f-66ba-48f2-93d0-19cf5aac6a3f,2-1,1,227121,703501,79888,106,0.2928107058719269,1023,32.498968564460874,laptop,1.5126138855055682,high school,1.326765604913056,English,0.3776426072417336,0.2905733805390194,Y,1.5817284172779615,44061.47232504558
1b57438e-b823-4e70-95b2-c4659c379273,2-2,1,685264,995103,4825,304,0.6618423432774183,445,26.827520797134664,desktop,-0.026499164350925808,college,0.5184229205111737,English,0.13161613708590353,0.6192590751447239,Y,0.5129595891108354,43384.5464092162
4a348423-fe96-4fcb-9b2d-f32161971b4d,3-2,0,712636,537568,4459,208,0.732630674321594,1284,23.498078857227135,laptop,1.105668576154379,college,0.9248508509124913,German,0.3195273682406381,0.43855836684488325,N,2.6261499242254693,44577.63640064749
ebe32dfe-f98a-490f-a017-f2872a47a1af,1-2,0,138150,177689,32341,343,0.5844649336586971,578,32.93807016108975,laptop,0.8247722592517817,graduate school,0.8151864443040715,English,0.5020830159977336,-0.05408645810871193,Y,1.6727848125014413,44875.17134533111
c47a9043-7826-4044-9b51-d59a6b6c53e3,3-2,1,494806,771309,110934,260,0.7528570053601262,595,57.0845670462804,laptop,1.2085243694878247,high school,0.5967592342880005,English,0.8678868392905748,0.5945117524855618,Y,2.109054960222711,44837.0898194038
db397e5a-8fad-4c15-bf93-e25495e0584e,2-2,1,621861,731697,56365,298,0.5067300920308864,316,28.69235170250438,laptop,1.0257883854020227,college,1.3458885889023164,English,0.41141897876791506,0.4477210093963177,Y,1.1312554692315497,42722.6116175258
c82105bb-8520-4727-b430-daec6fdef0dc,2-1,1,273438,599326,135519,181,0.6486853077408267,755,31.68630163481061,desktop,1.8885435092638683,college,1.4400470228266775,English,0.5843023343962545,0.8859467492281576,Y,0.9212396795200213,47508.37588450218
606ec9ab-33fe-4f7e-9330-c0c5d30928c1,3-1,0,777359,986350,81280,239,0.5018706269032756,1312,37.85897239678303,laptop,0.3050646607882136,professional school,0.7554706075806359,Standard_Hindi,0.44082126061824567,0.16094694444506463,N,4.061271685658298,45992.85281188287
6487b006-6591-4302-b387-45b630b259e6,3-2,0,319263,363813,72373,122,0.6830796982343684,456,52.20345131729505,smartphone,1.411616038186938,PhD,1.7425625626810368,English,0.6030620033419313,0.36370462062311815,Y,2.831889778445266,45274.755081608004
d77f1a0e-29fe-4341-9629-55666d082f4b,3-2,1,701209,771188,69888,254,0.13120224035782324,399,30.66769565203102,desktop,0.3304290438710733,college,1.3527475036234695,English,0.4740026269816577,0.8407820094503633,Y,1.1938771269853594,41771.05991934239
eed8457e-2f39-4f4a-a3fc-7bc9fa57d880,1-2,1,33910,109442,17800,254,0.501404309137764,1037,25.566303481755973,laptop,1.5845917274129304,college,0.605351079117048,English,0.553418611513147,0.5641292700772844,Y,0.7709608305429755,43258.00420722063
95cad567-beb8-48bc-9d49-b9f5b17eb742,1-1,0,402315,943610,57338,302,-0.07938200140038132,476,6.5227400060218095,desktop,0.06266808079890684,graduate school,1.3445531299118805,English,0.52278230791368,0.2717427171229465,Y,4.167609406715985,45167.97822340584
fc04e88b-4dcb-4ad4-8171-4e21fe5f259e,3-1,0,433297,394478,31327,319,0.669201592280384,675,46.56046796492624,laptop,1.2355501833130882,high school,0.3163621755418815,English,0.5170263834421087,0.3724960889142578,Y,2.731441587699146,45283.46788893885
c2330187-54a2-48ba-be2c-d317fea39438,2-2,0,630636,423740,7795,239,0.5601668204104805,1380,36.76904500681641,laptop,1.5342890581741015,graduate school,0.46347487903043005,English,-0.10063806238792816,0.5123005345643562,Y,2.8332426761103537,46537.637026299766
78dae403-7187-4be7-86de-8a1543649957,1-1,0,497452,372572,121141,344,0.2847232733336679,313,53.80152358635905,laptop,0.7246326662848014,college,1.3897412203370076,English,0.5324950064524328,0.39675077650489465,Y,0.934114336381156,39418.8575490111
44e64898-8cc7-4234-86f8-f68036f35eac,1-2,1,351297,758915,12443,255,0.7865928849297292,1073,30.60002219570804,laptop,0.8292139586065336,high school,1.0675762278693766,English,0.25306832154532777,0.05465992203543285,Y,2.1586415149098337,47792.452316642164
001d6664-0e5d-401b-bfd9-c2985739e2ca,3-2,1,118147,70218,78488,203,0.8033710599639953,398,33.744110845073294,smartphone,0.8832155941504192,college,0.7523075617120027,English,0.4347803968253726,0.17608502944370952,Y,1.9757885364620271,43070.80055621125
74a79217-122c-4027-92e4-05a4e5fb0b4c,3-1,0,410785,969574,13286,256,-0.06692364983660015,1438,48.26431373096345,laptop,1.6316190931462136,college,1.4940170465040459,English,0.4316426628517866,-0.2263260760519421,Y,-0.46095793082076764,45581.67695399579
1b57438e-b823-4e70-95b2-c4659c379273,1-2,0,813356,255791,61570,158,0.4666529049906732,776,31.158764087296284,desktop,1.435332961631747,college,0.8924085938330537,English,0.5281455397381438,0.7588480274562814,Y,3.201811774057825,43569.29494887655
b4161534-88a5-4dd5-9160-ccca3961fb40,3-2,0,494659,277079,61183,166,0.5577591222709147,673,42.80968857755885,desktop,0.9709474893737259,pre-high school,1.421335996385343,Russian,0.7578054210283716,0.8127973699495121,N,1.5357898522166442,44873.91370837983
023c99b1-f32a-4d79-b5d7-197ac75591e2,3-2,0,667794,121223,123941,303,0.09910573397482647,1153,25.889793312406567,desktop,1.2144422630061875,professional school,1.0625930604534706,English,0.7814746123931563,0.7895324452019719,Y,1.8233691154192782,43903.69903628213
5defc8cd-7312-4744-9ac0-ff39228637ed,1-1,0,192421,622777,175,173,0.2799554367408825,1180,56.32070433950284,smartphone,1.3693924919598424,graduate school,0.8226778068483055,Czech,0.5755462204389423,-0.02758022162247653,N,1.3576965985717346,45349.19586881349
f0cad925-aff5-4a6c-a8f2-4a0eaeaa248c,1-1,0,994307,796563,87145,118,0.244939843159643,861,50.490816386754105,desktop,1.5171077192612072,college,0.7603782416774048,English,0.40597498236285684,0.49808150991502914,Y,0.7849862359042641,45576.162664635995
8d488770-dca3-4c48-bac8-af2e74d1dc4c,2-2,1,82519,819247,67466,283,0.29769109465028165,1219,36.49956764652213,desktop,1.329362130360637,college,0.9039290723623343,English,0.5259389740025685,0.2732139528590565,Y,2.484307654419263,44444.642211457845
ff595b52-47c0-48de-a732-ca6f366d3dfb,3-1,0,892025,1001175,87279,209,0.3303730209739386,1358,41.44680924931041,desktop,1.4856634486326898,college,0.27580126356448464,English,0.5566235983209996,0.4549040832898309,Y,4.422253419004541,44543.88922864408
f33ac1f3-83dc-471c-9b3d-dacdf51395f3,1-2,1,235397,958126,125677,290,0.4046462859526838,419,48.16126008304932,laptop,1.119533610640391,college,1.409883353564818,English,0.10838880715041954,0.5519319162036282,Y,2.3180368106345925,44195.77674231441
5940aa1c-da60-4873-b97f-e4d89f2d1a85,2-1,0,192919,223239,32291,119,0.4430363520164541,1373,11.621318331981506,laptop,1.3255011758659951,college,2.541552847381169,English,0.5491525873608832,0.7276625560813292,Y,-0.7532193284768445,45255.13224849382
f9b78c22-3fa5-4a9d-b697-ca70e5a794a3,3-1,1,569275,368788,45403,291,1.1492797729601176,1419,28.036321494366803,laptop,0.7043710667104324,graduate school,0.9651490002102531,Portuguese,0.5149654445429085,-0.04769902974527729,N,1.2137023371663203,40540.093853682556
638f2a54-a63f-43cb-bb8d-57d901598260,2-2,1,779674,223618,7983,170,0.32221514596395034,966,49.88821121561229,laptop,1.566950090578816,graduate school,1.452503840977112,English,0.4196980042154548,0.6014773481531981,Y,1.6010130079152995,43996.211756166784
0111fc3b-685f-4756-9692-67ace3297314,1-1,1,38105,977044,46098,216,0.316152271576818,971,22.02961396376866,desktop,1.5922043156156582,college,1.5483065446081399,English,0.9087858620435073,0.2648146529236115,Y,-1.433355733579023,44433.13800431047
27d0e742-13f8-4911-a1d6-42cbea5067e2,1-1,0,399857,486186,49766,371,0.6128757441554036,867,50.09409187749979,,0.7614539861953944,,1.13047858253558,,0.4064499080495661,0.9450859959689987,,0.908314738398145,44645.447700776735
63cdd570-1369-4f2b-9090-d5b6255c51d2,3-2,1,357315,93272,93700,116,0.24112241683229124,626,26.794005651349025,smartphone,1.6151627092623535,high school,1.3465957620021185,English,0.21709736965189402,0.645080627162824,Y,1.5047429026270684,43247.42488846084
20707557-d86f-471c-bd39-ce12b5d290c3,2-2,1,914383,488569,9765,234,0.6450950759040595,952,72.06608141020567,laptop,0.42050099767361626,college,-0.7631276888498442,English,0.44172358597694655,0.13445084708295524,Y,0.28430310888652044,42846.42624940893
ba947df3-ae38-425e-a2c4-d6dd7839b0fd,3-1,1,68140,96510,77915,138,0.6914120787786553,1421,38.135707286944836,laptop,0.2137357956924063,high school,0.9350150980321712,English,0.6128797570178038,0.9538287336744065,Y,1.1713289197705536,43479.94925071952
7426e023-5833-4949-b5c7-457d0e2a29d3,2-2,0,938763,367625,44203,291,0.3575534854408514,751,36.362652413368934,laptop,1.7706500046121652,high school,0.328137417495337,English,0.39833627216956535,0.10165270028173623,Y,1.0821416422674868,45637.13897819558
f67e5c09-d2e4-47d1-9df5-bbf2a9c7765a,1-1,1,448501,217448,65666,180,0.5455754745225184,510,42.563700259474594,desktop,1.2352084925995288,professional school,0.5595933308949317,English,0.5984740361023388,0.6540961747614398,Y,2.193997929659954,43304.85216548823
b95563e8-9d70-4aee-8c29-b2d677981d92,2-1,1,438789,522711,118707,264,0.47610959331252584,541,12.21042081078529,smartphone,1.2872832548128896,college,1.1668726530669626,English,0.5121762333749396,0.6760928416729758,Y,1.727618677938882,45474.21225578293
485838c8-c7f2-4591-a8d8-7896e1327b7d,1-1,0,38214,249497,106222,325,0.7669173131623284,962,29.76014099932602,laptop,0.7514708976738647,college,1.0746526704289585,English,0.4990949591358777,0.05602546285809984,Y,0.07866857629708468,42734.34107931167
025562fd-3b78-416d-b71d-1bab3f5fe6b6,3-1,1,873185,941206,87543,267,0.049775771922757284,1200,42.96684544823081,laptop,0.20249540334695026,high school,1.7382574940050006,German,0.6566939600744338,0.7247164231302882,N,1.0695453387953135,43872.36546089513
203a6897-eaef-44f2-ac30-f8e9d95fa886,1-1,1,495272,439615,81795,328,0.7207200903156419,572,34.638920219465106,tablet,0.17677560968644135,PhD,1.876244689163184,English,0.21937018716484863,0.7802656140008694,Y,1.693123735482533,46162.85738662671
4eab4ba9-b923-43e9-94b2-b50f8ae543ad,2-2,1,801639,878812,52379,335,0.4998080556640983,378,17.90444412144925,smartphone,0.9684662747557955,high school,1.3522173798149582,English,0.02680151239430001,0.44361278391301734,Y,1.3567805826783328,41631.22054146746
0befef59-998c-41d5-a028-cda46345a259,2-2,0,786530,377898,52505,244,0.35140495540749883,1418,45.277676664466014,smartphone,1.408781288041408,high school,0.5609179092275629,Other,0.5262099279323614,0.31462898522312444,N,2.447421895288233,44338.412040226955
2e50f9bf-12b7-4271-bed1-a1dff8a126f6,1-1,0,538096,97026,64836,207,0.4083812460663471,1308,51.56842082316266,laptop,0.8202583881150641,pre-high school,1.041325691250428,English,0.612078663876967,0.46730782113756364,Y,-1.2277663024975305,42739.06044087714
4eab4ba9-b923-43e9-94b2-b50f8ae543ad,3-2,0,254929,200052,140703,153,0.9676131467706488,442,30.57786100174254,smartphone,0.8127807363701102,high school,0.2991487671628713,English,0.4568749607019512,0.4026374884332786,Y,0.6677611926970961,42963.9882325213
b95563e8-9d70-4aee-8c29-b2d677981d92,1-2,1,297091,647416,19547,220,0.6493197145139376,687,36.49763960536085,smartphone,0.816598868990841,college,0.6702492526636443,English,0.353860779487464,0.6031615824358767,Y,1.409461960221461,43809.20218245264
8dbae56a-69d6-470e-837f-17b3df9f2ca8,2-2,1,383448,838920,17104,288,0.8144466341881365,931,21.378031054468075,desktop,0.8097562162255276,college,1.0662272717590995,English,0.13409939325836673,0.08204470378475476,Y,2.29837505028248,44617.999006178994
c000581c-20de-42c2-9978-3278cb1cc4fa,1-1,0,727404,552127,113836,262,0.3924447149265541,336,12.857125305012136,smartphone,0.8009572920187233,high school,-0.07171572615175337,English,0.21847392926090736,1.1533718641043704,Y,3.0370177874889075,45118.30994154646
606ec9ab-33fe-4f7e-9330-c0c5d30928c1,2-1,1,650006,20319,5163,217,0.7634260010043639,1288,33.52605934581999,laptop,0.5857599642139992,professional school,1.3774529505542585,Standard_Hindi,0.45168297236843524,0.0339958619913629,N,0.7087648293761837,43556.969030504115
253f1616-4a99-4ebf-8086-6ecb195f5fc8,1-2,0,450199,246535,69856,165,0.5821879733741169,1017,57.0035135938113,desktop,0.8010499889570768,graduate school,0.19336158710365914,English,0.5267647856309685,0.967604243545052,Y,2.989904522645844,43706.26991962436
ff3d06e6-c5ec-4c24-87dd-0dfc42864aa2,3-2,0,432208,751970,10832,260,0.3544482408266607,333,38.09436869505387,,1.2371134216177113,,0.7278042034095589,English,0.5990680463190152,-0.012526323353146185,Y,2.9592445136051038,42308.97417910827
adff123a-e9fc-4289-89bc-8002fb8bb5f6,3-1,1,497924,61871,89032,267,0.7037399574941356,470,8.191041343243814,desktop,1.3837258563109431,graduate school,0.5854817839010433,English,0.43868335904449307,0.7578221878532363,Y,1.2823351728125023,43492.07456983159
78dae403-7187-4be7-86de-8a1543649957,2-2,1,126130,757667,24095,162,0.9717547217551397,485,43.31462515142997,laptop,1.3693956249988157,college,2.0020922724934125,English,0.5435409493563979,0.9159236800699266,Y,2.8051758061487027,45865.83268826051
ebe32dfe-f98a-490f-a017-f2872a47a1af,1-2,1,894059,94074,115662,377,0.21377487714328175,691,35.367810074230974,laptop,0.6303635343297069,graduate school,0.5333047517270093,English,0.3990441833530822,0.5708781704163326,Y,2.935353926555956,43578.87559808318
ad4283c9-d606-4e9c-b45f-7f660b31f5d3,1-1,0,246496,348741,42190,353,0.3994991281305462,408,42.14789737504632,tablet,1.3701691630778636,PhD,0.9581989746426518,Dutch,0.29188798699765706,0.7837630827291121,N,2.946912241006606,45284.28459854703
06d98056-2cc4-4216-85e9-e3fe7d5751fe,1-1,1,267385,810449,19828,199,0.3655695477798528,445,43.77364568808851,laptop,1.37199061467685,college,0.7653453761367146,English,0.41016565770141455,0.5721606452438024,Y,0.07723510104491482,45201.31415302024
94d5ae9f-66ba-48f2-93d0-19cf5aac6a3f,2-2,0,928680,53849,37276,288,0.6971878640734543,1126,51.87701526428,laptop,0.6179410472126333,high school,0.7648537462283465,English,0.1332251190032097,0.9544284392873955,Y,1.7622741155237736,43949.91778649469
ad72ff21-0001-4c71-9657-91f0af317112,3-2,0,584131,1005180,87388,278,0.5123781434221883,921,36.58773379298355,desktop,0.793443788524768,graduate school,1.361534117398541,Other,0.8524432301086617,1.149182563804585,N,0.49959289415467856,43577.50419752461
0010d921-1f71-4511-834a-55096185fabb,1-2,1,569877,661287,5733,308,0.7488578369586636,286,31.858734082972763,laptop,0.19845103778565043,high school,1.198129902175773,English,0.22636239824621368,0.49676966831791897,Y,2.9003507743639165,44846.58521462396
d816358d-20fb-48cc-8597-6ce3578251dd,1-1,0,528546,410621,37208,122,0.45913167773201013,918,36.04771560963745,desktop,0.9284661808840226,high school,0.5099589427206042,Norwegian,0.6222050762122671,0.8599608655728207,N,-0.8455182121350471,43333.04179659448
215f1a41-46c0-40a1-85ef-c155bf665a45,1-1,0,230485,602603,66041,185,0.582807919226939,1227,51.72561634570574,laptop,1.4418293574724736,graduate school,0.2562808679216596,English,0.4600500936103832,0.4188777881419261,Y,1.1545805915456087,44915.61881333451
84e4310e-79bb-469f-a212-a280f0defc2f,3-1,1,484614,327471,78487,174,0.3093291513917992,1413,31.516370318612168,laptop,-0.11597210927361679,graduate school,0.8044930637444557,English,0.35434268717566897,0.7664414581817021,Y,1.041028687785139,45604.04642129766
6aa0c48e-1055-44d2-9d58-385715962733,1-2,0,43740,706203,27538,192,0.45840606227081804,900,25.99580249161565,laptop,0.4539454217002983,college,1.7577029611660158,English,0.2114746933226429,0.8868808973017279,Y,1.8653777853724403,44715.39806195504
dfeed816-4de9-4be7-9ea0-775157c7bd76,1-2,0,953345,278063,87976,359,0.49770523452366316,565,30.24473091204735,desktop,0.5664650259845155,PhD,1.3155591898106171,Portuguese,0.3117330311230314,0.9142868079266507,N,1.6677405649508852,41442.73449108719
ee53e6ab-48ea-4636-8141-e636a103cbb5,3-1,0,444960,875340,106763,286,0.3266211372432529,594,37.799932776261954,laptop,0.2993134491566909,high school,0.7203079503544576,English,0.43093447491016634,0.6340072227604036,Y,0.8044613981393504,43607.40882628261
2baf6ca8-ba5b-45f6-860e-359b139766f2,1-1,1,273160,473019,33167,278,0.43918981586027395,288,44.19772897212169,desktop,0.5923126730424471,professional school,0.807623327147425,English,0.622255856617294,0.5694201841074044,Y,1.0003237410936077,41693.850856938465
ec830f1b-9018-4757-846f-ce2536ebed89,2-2,1,810864,69953,76934,143,0.5402385053137476,1264,54.73909134548849,laptop,1.2513256856399646,pre-high school,0.7587303090007389,Japanese,0.5619544899299608,1.033614521606129,N,0.9036242702836629,43386.883291403035
5e3b5968-8333-4c18-987b-b413b916f904,3-1,0,88946,205059,84504,238,0.7561057045776161,1089,45.020449926499175,desktop,0.15123805367236987,college,1.2320912614502584,English,0.1694899462526902,0.8013666057526205,Y,2.3724205672526564,43726.56686044301
01793098-f0e2-4ef8-a0eb-706a0584332d,3-2,0,72969,262162,104104,252,0.44098753400905144,1150,14.421945225940757,desktop,1.645149482346318,graduate school,1.6833284099802577,,0.06522098341493038,0.3615140030440691,,4.189458731596516,45483.556556706884
716744fa-dda1-4423-a78c-87e4633852b3,3-1,1,54358,449487,12906,205,0.1698668417394555,605,44.42292227000761,laptop,-0.10251365580565519,graduate school,1.2805307535988788,English,0.6569385779950581,0.48843546812082234,Y,2.863715093155415,44565.860423303675
95cad567-beb8-48bc-9d49-b9f5b17eb742,2-1,0,692808,516378,82468,183,0.7269010989876606,1287,28.07248683326699,desktop,1.2169249328387293,graduate school,1.6620706165713832,English,0.6903464449961023,0.8012741049078839,Y,3.6551078793239595,46260.70244313878
b74b7a54-edf6-4d3f-92d3-8dc119424956,3-1,1,571107,727967,14276,371,0.29057715447213983,982,38.06718146525301,laptop,1.1133663927721784,high school,1.2911157964500966,Turkish,0.7944868758705639,-0.040383473478356136,N,1.3636196985199023,43944.995550247084
bac15d0b-cf63-4ab5-a05c-66f39e2834bc,3-1,1,716992,306054,88688,361,0.4274727958824019,1364,38.21403837838991,laptop,0.644915270647116,high school,1.8208306000028047,English,0.6759112664524272,-0.0638857658237516,Y,2.06830255848037,44961.98990711258
9294f017-a752-4e3f-9266-06922b940943,3-1,1,773549,490794,84031,358,0.23585538255986227,673,42.25121135535202,smartphone,1.5124342114427158,graduate school,0.6454103095440141,English,0.5472549320416851,0.6372138092867992,Y,2.3950678909908047,40823.38084800026
7a5fe584-0426-4d55-b8b9-782fdd635a86,2-2,0,286026,756023,140930,345,0.17757624048784149,488,23.3507783657206,laptop,0.4533558060169808,high school,1.2531775356312282,Korean,0.20868752125914758,0.8278662111334516,N,-0.34646513108605914,42066.54000921231
92549cea-1034-4ed8-8c3f-b94bbdd55d0e,1-1,1,453335,188837,29392,252,0.09854396703720758,550,37.46052232970882,desktop,1.062409167612454,graduate school,1.4450897335260133,English,0.40570686490320484,0.4743691170823349,Y,3.145369883067924,43465.22007769555
af2dd336-540d-4ded-ae2e-6d21383207fc,1-2,0,294338,847105,73488,261,0.5681930122738041,588,34.12309297561174,desktop,2.257654471583969,college,1.4827326718741607,Chinese,0.21912673776014807,0.7745087926534779,N,0.8996532796916661,43507.42538383017
8ee594b5-8f8a-4ac5-874e-70ae8f41cac6,2-1,1,693148,325619,74450,184,0.5169910330483313,666,30.18225008202552,laptop,0.8671285544649726,high school,1.1696475842045946,English,0.4422943244436176,0.20083750785061755,Y,-0.2682644886996979,43100.62477895331
dd3b3024-ad2e-4cd6-8c24-3b0c6ab90dc0,3-2,0,686431,918516,10237,151,0.6582696358728672,943,28.63514906468556,laptop,0.688960098410383,high school,0.5496614922365521,English,0.5751455338357864,-0.41432245313376026,Y,0.9093505184991957,42762.27347023904
86fc00ec-2ecf-4b13-b031-7de5b98c4716,3-1,0,87341,939090,51725,317,0.25909278103334277,558,46.12003282509754,smartphone,0.45647283111667336,college,0.4627387761382675,Dutch,0.4788017664967977,0.8528077084505397,N,2.1621475110940263,46795.13203331435
8053404b-3274-4b36-a3ed-c3f4cff86dee,2-1,1,474883,454144,78031,116,0.44177265791559917,1400,48.87109709805369,laptop,1.2455317767779113,college,0.23364286983653404,English,0.35700872988088694,0.19791797300920005,Y,1.8557671483027391,43102.346902787256
314782d8-515f-44b4-ba28-8365f8811ae1,3-2,1,490167,420785,24541,238,0.548382717898788,1420,25.798282040211824,smartphone,1.6381296992366874,college,0.6321070233529431,English,0.3711866562685921,0.801896176660414,Y,1.8255813151300833,43775.34657516128
b8f4ca6e-e390-464a-8d7b-7e81fcf0227e,2-2,0,1006391,567667,61876,329,0.5554903453723403,1072,28.77733690259449,laptop,1.257296412704374,college,1.514116292058226,English,0.5472014104642351,0.25098080268606726,Y,2.614437860813642,45155.20468007808
001d6664-0e5d-401b-bfd9-c2985739e2ca,3-1,0,195002,922586,67900,158,0.386541174470151,709,29.634826728080576,smartphone,1.1010020033960963,college,1.3069117412947313,English,0.42477094901333345,-0.5706149368993096,Y,1.512917133186149,47540.48517344679
61746fb4-9306-40b6-aeb3-31222f13e4bd,1-1,0,143927,152446,23241,363,0.1503864040059955,469,25.277121159732758,laptop,0.3580536601825737,high school,0.08118353736675887,English,0.4204406654858335,0.3841947585712323,Y,0.3652663163862797,45661.31371618526
f50cdb0b-d082-4ab1-b5f9-17fa8540795c,3-2,1,45114,201106,21500,154,0.23660618426168967,1034,44.38607714649823,,1.782510974818054,,1.821859927195639,,0.5872501689761627,0.7569549942057714,,3.0620696502197937,44277.26845193589
ac03d866-ecd8-41e4-9938-c4b098048187,3-1,1,390997,277645,98051,163,0.46987008659853946,1344,61.66615163228694,laptop,0.5690261738463462,high school,1.6203722324770542,Turkish,0.7501112443083602,0.24764955978554676,N,-0.9271779018957451,44477.48614137724
ac03d866-ecd8-41e4-9938-c4b098048187,3-2,0,589312,592231,96236,317,0.26636687332170683,710,29.685741305155712,laptop,-0.15536964526366837,high school,1.9343474268755516,Turkish,0.5794678312452929,0.258547435991904,N,2.365147967318123,45532.3156773077
df64e0d9-db88-4977-a401-e1f442400556,1-1,1,837849,377400,121968,324,0.4164929432573655,570,47.570246611234026,desktop,1.4535729611570807,PhD,1.4962797112093842,Dutch,0.5104648805355246,0.46715490548817673,N,0.9952017242856256,45978.759845184184
485838c8-c7f2-4591-a8d8-7896e1327b7d,3-2,1,532390,496457,40256,327,0.09221115217834852,1265,38.93441855409864,laptop,-0.0589037831237631,college,0.6407517663251794,English,0.7492653663629666,0.9821323794212999,Y,1.3349608879258037,41512.3285780182
6b68642b-ac9e-40c0-90d9-91bd6ffd92a9,1-1,0,3817,67095,108554,210,0.7423760360208125,904,41.7764139450481,,-0.6857640450105034,,1.0499405346832291,,0.5805744325504192,0.359325635070728,,1.646933507198779,52603.19172523661
5507df65-d963-43c6-9e0d-a8c375c02b6c,3-1,0,486275,228058,47988,286,0.44390859243978664,755,27.99936636922846,smartphone,0.6965008846180445,postdoctoral,2.4541790322119867,Spanish,0.5657863833732952,0.0337431076666887,N,2.070933941190836,41916.78108984238
87ae871b-9380-42b1-8130-7914f969a239,3-2,1,466844,912948,85734,381,0.670261733036902,910,47.03047959144233,smartphone,0.4751809026939223,professional school,1.1320381409378875,English,0.6429940387710307,0.58830348619103,Y,2.661623278027345,45361.69987286727
a3dd9852-6cc5-4893-a6be-e0eed5e53e52,2-2,1,901250,196235,84700,301,0.49711665115518944,536,32.95822476976105,smartphone,0.45211988468536446,college,0.968779635970493,Other,0.24461020264550398,0.44949395882613186,N,2.5482787455208564,43665.86479936305
025562fd-3b78-416d-b71d-1bab3f5fe6b6,2-2,0,502977,838586,51824,336,-0.004696002221672546,821,38.64439940666759,laptop,1.247124320459677,high school,1.6179143602534667,German,0.17269419370507488,0.8564490786211074,N,2.897565770199934,45476.8995636503
0c06a58b-c629-43ce-8f6c-2a140dd88b66,1-2,0,873921,868018,81948,351,0.949545286214827,1006,36.55470764566624,laptop,1.1005655257377103,college,1.0122837083461176,English,0.37866939200056554,-0.08405615088602902,Y,2.0061025408257214,39983.91176110971
5b87a566-30eb-4ee6-abdd-aa5677afd103,1-2,0,94071,67134,100147,119,0.40871313396995346,1332,36.065245731322214,tablet,0.8660725787389446,professional school,1.1686969205208766,Standard_Hindi,0.3398411074163331,1.1201046346158767,N,0.6628915423142971,42745.74862538565
95ad60c1-7c93-4341-9da3-763bbed405b9,1-2,0,371422,429102,76987,128,0.5526472386129048,614,24.71293195595591,desktop,1.2648760493648443,college,1.4736539556660213,Chinese,0.3238992276006406,1.1825343226741802,N,1.4906491460257671,41130.294741245765
e781e374-74ed-48db-8e39-bdd209a83470,3-1,0,42486,470735,62553,246,0.47553764582824726,1276,29.27414642972402,laptop,1.6089581298608677,college,0.7897938162810606,English,0.23663578557407305,0.9665246978105013,Y,5.173225290302484,42056.11558553858
3657cc44-95b2-45ff-9e4f-a4cd22079a32,1-2,0,656079,439769,38003,108,0.05386649719458708,1266,39.70647118833291,laptop,0.49903666362087895,college,0.6212703046639441,English,0.5294256156986633,0.7608425472887733,Y,1.3879894450133283,45785.24466494875
a1f22d02-0b2f-4c57-8736-0957dd153f8d,2-1,0,650548,39485,89099,259,0.12635147500520233,848,27.46967152489558,laptop,0.9230378545091373,college,0.8569213320252592,Dutch,0.6305369273465631,0.6803642969597845,N,3.0039542752080046,44239.65706071283
2f391d00-fce2-4b0b-9e09-e98753d78adb,1-2,0,652443,67048,75367,214,0.5264524737353301,1263,18.12235306988847,,1.4723710763391264,,1.1502768313354947,,0.5743697549990734,1.1380797618459249,,2.527741332470422,41145.71533368531
817abbbf-33b6-4f40-a3e1-e0b38753e896,3-1,0,261786,758690,91837,195,0.9524109724526405,468,44.75271147954753,,1.2751955792705656,,-0.07009557080552287,,0.6122027718606162,0.0071066860012383715,,-0.40488749672191515,46340.70403146943
45d0a062-50e4-4bce-b410-65ce05905a22,2-1,1,644599,543864,48163,137,0.7418380951587932,1282,45.62853514274217,laptop,1.189362435743935,high school,0.4843630971422528,Turkish,0.1371089836507039,0.613369543961973,N,2.3401529692087375,45667.600244254834
422c02a2-c457-4a5a-83be-bc1fb038be39,3-2,0,600239,86101,74508,188,0.7139779384380566,726,62.19861132090266,laptop,1.157990847978241,high school,0.6197301832286395,English,0.32792607551421715,0.012480329415348601,Y,0.767224212982364,44671.435993335064
44e64898-8cc7-4234-86f8-f68036f35eac,2-1,0,758917,992835,73545,260,0.43629980752835956,1340,51.2893680766951,laptop,0.7308756294798942,high school,0.895743867508402,English,0.5923455557054652,0.8084587640401754,Y,2.4401985192253903,46810.88812290654
f9557d5c-0a28-4f14-b9bf-1a0308ed9546,3-1,0,286994,786505,42592,327,0.8222646152222568,1263,49.61106051946706,,0.22195061109853864,,1.8066793035621942,,0.6133479167860981,-0.20200704541441394,,2.1097257217672025,42348.682960029364
618f8406-daaa-433d-aedb-3a72a9f3a947,1-2,1,432635,703349,123194,152,0.8082942788209058,708,23.81404894690771,desktop,1.8117732020187556,college,1.219294977245928,English,0.3672330459359412,0.18221680784407418,Y,0.12878169841442433,47310.61763487473
9d234aec-32d0-48e3-8160-e228d2816978,1-1,0,240910,372831,25134,327,0.5999647714775997,866,35.34860002364403,desktop,1.6958720186146152,high school,0.4024943813575109,English,0.7147516378073597,0.23847058392285142,Y,3.274100453733022,41906.425405394606
44593a98-060d-47ea-9a57-97e0c70027d0,1-1,0,152155,416570,103095,381,0.7759480563929291,488,43.63728712433456,laptop,0.8769204638137418,college,1.2529585749451293,English,0.27171996715264524,0.38825214044540407,Y,0.6873620278537929,44531.75201706725
60fc017d-b4ee-423c-9d56-6c2a06a3697a,1-1,1,486423,402972,37511,136,0.537764397591142,733,37.9038145720837,desktop,0.218647808911282,college,0.8039493785817563,English,0.2992457101081961,1.080052708532915,Y,-0.32762324655674213,44945.839306885464
70d89d2f-00f4-4b1d-808e-ed50b71c3e5f,2-1,1,915406,78572,108594,241,0.5594370541127835,1069,41.841177839133,laptop,0.39763325368674673,,1.0932616175056806,English,0.2760417279220466,0.6047413564763431,Y,0.9431257724996372,41764.29331942907
ffecc92e-4523-43bc-881f-86a60ec0cb05,1-1,0,588973,732689,47794,196,0.6219705114403437,1235,56.52498947276227,desktop,0.5792685126340662,graduate school,0.31148479781962823,English,0.5773050425546843,0.7823766082640484,Y,2.430499559564442,43643.84830585165
2a4a5564-46af-455d-ac9d-673d538c2e7f,3-1,1,680602,977575,38491,153,0.6386723172285872,858,14.980543238328753,desktop,0.8351599231881812,graduate school,0.8336729786938301,English,0.6642814037467588,0.7359671808258736,Y,-0.8980656458373133,48082.15050183788
5ccdee25-cad2-481b-8033-c90162b98ec7,3-2,1,487682,474554,130365,158,0.8166308519059529,1112,62.8087887106164,desktop,0.7282907462858828,college,0.697269643117225,Other,0.29529741643741636,1.082457442234364,N,-0.7444847099248895,45693.8023005096
4bf638b5-36b4-4b87-977c-dbb48a337da5,2-2,0,436558,438286,118854,265,0.16595869650260975,578,44.69294254601016,laptop,0.646442125277331,high school,0.7935422616584401,German,0.691193142752407,0.42593883933223176,N,2.231098970183278,42573.107085394266
8d39576d-2b3d-4eb4-acfa-32254991618d,2-1,1,227189,633553,72504,335,0.6695923042299063,1199,33.249263060033975,,0.6540559783699593,,0.46792169644846293,English,0.3930571459771778,0.7939311874157111,Y,0.8588515746972213,45816.32614736231
b95563e8-9d70-4aee-8c29-b2d677981d92,3-2,0,254355,64707,137345,200,0.3553737400692032,861,43.044197006006634,smartphone,2.2600257161028745,college,0.9516381227989152,English,0.4260903267545344,0.350902405000931,Y,0.9762712534183574,43607.21546539977
16d05f08-7a7f-4b5e-ac3f-b7a64a5ec349,2-2,0,109857,156016,73688,131,0.8935054829044718,1010,43.96177479653233,desktop,0.8228134277233669,college,1.075442518957853,English,0.8249791366644401,0.29114680989603314,Y,1.3080450838209683,43122.35373743177
a12939e3-640d-42c5-87ed-83c1358c4698,3-2,0,859925,210361,77898,188,0.1404991589285136,524,31.566681052339355,laptop,1.331268710280683,graduate school,0.44671413213007516,English,0.4593122635340949,0.7377416400126017,Y,2.4342751003992804,47443.21057246454
fc06986a-ae94-4241-b930-3b90075bbcfb,1-1,1,915448,237711,134963,261,0.5673205151050384,1232,15.570997653414388,,2.136581553417984,,0.9033282143474708,,0.6572620317033481,0.34857989424691904,,0.903108586948307,44621.51768457709
621bf4fc-6499-4c5d-af7b-25ab04eeb70e,3-2,0,378942,484438,74826,140,0.20433485966632242,1425,40.596948566370074,smartphone,0.1585673368613032,college,0.6434580873770536,English,0.3324787049513545,0.4803736148786892,Y,2.3306963563716767,45434.8438123139
471fa2d8-87bd-4cea-8ef6-6c24af87fbc7,2-2,0,618834,210617,75488,336,0.2527913369756021,1119,59.40462549018618,,0.41891764591706804,,2.130494738528495,,0.6905286578850962,0.34298588662488977,,2.702520963154059,43647.04134379078
ecae14cf-e3fd-4699-80a4-5aa81bfd8076,2-1,1,810599,278733,120482,184,0.413089461529852,336,49.406348444245474,laptop,1.0176300641640488,college,1.592208073162259,English,0.5921324040667646,0.3256001865724502,Y,4.204967405327912,44180.603222256046
a3dd9852-6cc5-4893-a6be-e0eed5e53e52,2-2,1,253265,915558,139538,344,0.8383268757324827,1192,26.715955807093984,smartphone,0.9599429993094376,college,1.8691498949493373,Other,0.46964245123651394,0.36468760720651583,N,3.4887723861415565,42447.94156377672
80377a90-a6d3-4092-ad16-1615a6f024b2,1-2,0,738464,833193,53781,162,0.6248330822607132,1391,27.790590524401694,smartphone,0.1942224010167949,high school,1.131071796418898,English,0.5413827486572298,0.7269796318239314,Y,1.6920654666359485,43085.79684879105
71ebc1ad-ebc2-4c5d-bc77-e372bc1b0159,3-2,0,425950,287560,40276,322,0.8393133573718089,459,31.3686467595066,desktop,1.4677148889751772,college,1.726226114735965,Italian,0.22712425143358012,0.2886676744443654,N,2.3716107392019583,41280.14691360414
ebe32dfe-f98a-490f-a017-f2872a47a1af,3-1,0,116365,252330,26763,134,0.8313693703627251,996,43.684202049653365,laptop,0.9940138831571568,graduate school,0.32433464563936354,English,0.777972435099438,0.0560005406256911,Y,2.648099059517006,44741.48898103513
79dcc136-af62-41a5-a697-40d9b8f68d3e,3-2,0,84426,988245,117839,186,0.7055571014850983,742,62.479110743240454,laptop,1.5956173937849618,high school,0.9232100073559558,English,0.444566377763363,0.8482908789999182,Y,1.510340026068262,42729.33115525603
638f2a54-a63f-43cb-bb8d-57d901598260,3-1,0,762367,128505,103876,340,0.6139530515685603,969,25.376585712036462,laptop,1.5736534323142428,graduate school,1.3496534333451498,English,0.6843171939174719,0.7427239832176855,Y,0.7164939464017175,43971.07119527459
01793098-f0e2-4ef8-a0eb-706a0584332d,3-2,0,684665,788006,139425,183,0.6285982906924724,782,17.3188164500133,desktop,-0.005808330407678586,graduate school,0.534199153010136,,0.15649963288430024,0.6286796231118642,,1.6082895901979208,44625.347750134984
4aa80c95-24fc-45e5-b3c4-102653f15325,3-2,0,237232,216034,111119,270,0.6015280177701171,505,21.880858228493736,smartphone,1.0781998407527462,college,1.014643362099276,English,0.6015785528829217,1.1137666452376775,Y,0.8509773580608777,45398.74240477173
b4649c6a-01ed-4f21-be3f-a0f29b97fc1b,1-2,1,919498,453833,80017,275,0.6709824694940627,676,46.44093067348756,laptop,1.6811334053198128,college,0.8887364323186829,Dutch,-0.12214450105700492,0.038418368531371094,N,2.238554506411216,43308.340738977706
215f1a41-46c0-40a1-85ef-c155bf665a45,3-2,1,623261,684018,128641,178,0.47475002381806874,1417,43.3193587792866,laptop,1.33886541150126,graduate school,0.233325060530713,English,0.7503440012749185,-0.004727622447803115,Y,2.5095004836598442,46666.968615763275
c0112282-2a3d-4efe-af95-387d581e0a98,2-1,0,65047,471842,120461,356,0.5396459673094717,866,31.00398842363443,laptop,0.47429233669064974,high school,1.3070539585156875,,0.563044178870048,0.12386229931860843,,2.231727969521806,44070.60780363833
03f385b7-6b1b-4549-95f3-1d999b1df64a,3-2,0,122333,835052,110733,136,0.4132634564649512,1201,34.27877879128785,laptop,0.7778529537347166,high school,0.8235022947000613,English,0.6248974476493124,0.4602413719521456,Y,3.0848134909497276,43818.93041169859
8ee203f2-ee28-4529-bce3-eac1a57be7f8,2-2,0,666437,376574,83069,313,0.7589840636304616,499,50.040517662695564,,0.3102024452834514,,1.434423318833265,,0.62331663670674,0.14924989732255695,,4.429677756409682,44628.86041829589
c000581c-20de-42c2-9978-3278cb1cc4fa,2-2,0,754308,420380,58692,358,0.07177088861854003,1225,47.01347655374631,smartphone,0.8602335740388685,high school,1.7574924429201135,English,0.36742194524833893,1.343294194469418,Y,2.5046855279562297,43966.290163244266
6fd65cf5-962a-4227-b24b-b2ef6f590a96,3-1,1,912883,518132,86926,233,0.7572205644122235,1406,41.60696191731147,desktop,1.1224369750613155,college,0.09792884309876548,English,0.650837869258094,0.20220877966530254,Y,3.4876412303557998,43333.89278402783
f9b78c22-3fa5-4a9d-b697-ca70e5a794a3,2-2,0,501260,602330,118569,233,0.5677067285747052,1291,35.57184030391882,laptop,1.0085323641252395,graduate school,0.3803481996051058,Portuguese,0.0020245025680090123,1.3205605588351288,N,-0.41746168305125453,44106.2233236136
475f8bb1-e661-4dea-af87-86ca2a261e7f,1-1,0,963535,168944,63530,137,0.6453923526647807,1133,52.83761382376011,laptop,1.336370192152355,high school,1.5148199362074615,German,0.2188553517587421,0.40847587803274765,N,0.5322195751104553,44683.28689733284
b856a7a0-694d-44df-84e5-7df262774187,3-2,1,937791,585864,136875,222,0.38394270530505054,1198,26.661362392196217,smartphone,0.36221165741631856,college,1.0554114492323752,English,0.41009318347415724,0.10681351833768582,Y,1.8135827564435147,44082.949876378356
5fc65dc4-1722-4f54-bd65-720c734f2d00,3-1,1,902808,378804,39321,219,0.4025579081500167,443,25.040583446635786,laptop,1.9069425792432464,graduate school,1.227045779265943,Russian,0.6915534785133776,0.9317168755721714,N,3.41646218209379,45661.50304880712
fff115a4-7e00-4376-888b-03c5bdee5f3a,3-2,1,533376,797991,92708,318,0.565522074638613,1189,25.788164899780725,laptop,1.7424505935263028,college,1.4526222646915268,Spanish,0.7107147972287073,0.34188161297578223,N,0.044502747782122265,43169.922844330846
f9b78c22-3fa5-4a9d-b697-ca70e5a794a3,1-1,0,412368,330570,85522,276,0.029081541028860014,1033,52.29868480785176,laptop,1.5085187712807673,graduate school,1.409926942383023,Portuguese,0.4524978277592722,0.7130752539031922,N,-0.333080610503365,43936.63151215588
0d84e944-f2f1-4a68-8fc5-719111349ddd,1-2,1,207844,57311,44564,272,0.5783610390720496,485,41.63845400750315,,1.5785633890364146,,1.027230922083705,,0.5551520930348679,0.2680253877876884,,1.8735544422145507,43107.7028591458
df64e0d9-db88-4977-a401-e1f442400556,2-2,1,597704,647573,124251,343,0.5116555758620228,405,40.38545429277004,desktop,1.915192328524334,PhD,1.2334809837948246,Dutch,0.43774402039603294,0.18369534970425155,N,3.252708688534316,43866.141074384796
b1203ed6-31a9-42e9-b3a1-61384a0d18a2,1-1,1,941654,316545,132502,291,0.10864863485967613,1023,49.15044350665733,smartphone,1.8976628481375184,professional school,1.175357320432056,English,0.24383011064844995,0.7675976770445663,Y,4.352622621540379,45804.03792773685
a1f22d02-0b2f-4c57-8736-0957dd153f8d,3-1,1,745283,492893,126135,211,0.48165329053973466,1292,21.616456446513126,laptop,1.8281401623691198,college,0.5469256671840501,Dutch,0.1900302879311444,0.3898869207301662,N,1.1550152399245115,43105.785109042336
036b67f1-2e0e-4bc3-9616-c53f4bdeebf6,2-1,1,594100,841366,5371,341,0.23273868326133745,1178,50.43724092081271,laptop,1.242902959155373,college,0.5453417132738929,English,0.6135102730848346,0.4165198420096692,Y,3.2070156451182705,43024.02315391034
f50cdb0b-d082-4ab1-b5f9-17fa8540795c,2-2,0,908852,843723,83426,157,0.2400422738075627,713,34.28591398918815,,0.8497335195968325,,0.6094328780491667,,0.39066706821916447,1.2369106759318134,,2.2640125630393357,40955.31997266938
026078fb-bbd3-403e-9003-57ef39309521,3-2,0,3464,18676,125935,117,0.3512610262957842,1343,68.09319638939147,smartphone,0.4375140648017313,college,0.3803343367816656,English,0.4974440870348042,0.14315020534516548,Y,3.6673213923451433,43021.470569770034
20bc2c15-8c8b-4581-89b1-ce290be145df,2-1,1,945684,199399,131592,181,0.7169137348341048,1042,44.60893733623501,smartphone,1.1566528784956405,college,0.9668514172240922,English,0.5841384341441895,0.6277773175853258,Y,1.0439335357737787,45759.39869590531
74a79217-122c-4027-92e4-05a4e5fb0b4c,2-2,1,229959,642601,34948,233,0.42820401853749646,1232,44.00411466381627,laptop,1.9360534845167217,college,0.8135443699982854,English,0.3026998413424662,0.4276939714871782,Y,0.8832503661102664,43839.05882439334
7a5fe584-0426-4d55-b8b9-782fdd635a86,2-2,0,631781,678602,118551,253,0.6920243809087436,1152,19.805130353378832,laptop,1.6465807191094397,high school,0.6805800228530688,Korean,0.38469282176140535,0.16159475568862902,N,1.1372910675441052,41239.31105403081
801b0890-5265-4faf-95db-452ce047f74d,3-1,0,604277,784934,80371,323,0.538417862618691,666,38.75955939548769,laptop,0.765245304494288,college,0.7987683142559387,English,0.3548969448645215,0.47796248853462475,Y,1.9601854390523514,42019.87858865736
f21d665c-a1a5-47e4-a82b-fd8cf0b24f43,2-2,0,262379,4647,56430,202,0.5889136208586765,1351,26.47825280161647,desktop,2.1271539854804042,college,0.7851551137719468,English,0.5745169932314589,1.0713152415807254,Y,1.204555086925249,40868.08979751824
984a4027-117c-4a02-894d-deab7ced44c4,3-2,1,734897,909116,107982,252,0.4290412635498583,710,31.820065537031645,tablet,1.0669593362135368,professional school,0.36283735452148724,English,0.5503152362899895,-0.2451906896834728,Y,2.385948576309149,44366.523507565886
b90659d8-9551-41ca-b0f5-deaff4b679a5,2-2,1,855259,708575,93454,335,0.21065178469055124,1161,33.559066033693654,smartphone,0.28415032071083435,college,1.4770945056153821,English,0.48252560719340826,0.9403325154735558,Y,0.2106507600380978,43976.43917074751
089fc400-90dc-483c-907e-f7143fe77183,1-1,1,113976,476775,111369,344,0.5237865829338562,1382,43.16201642914226,smartphone,0.9424134878205963,high school,1.479854397530512,English,0.6748868731902699,0.7707703818611619,Y,1.3652403823655432,41209.81391843758
44e64898-8cc7-4234-86f8-f68036f35eac,2-1,1,859428,4168,114200,138,0.5878385252683748,439,14.740278281402002,laptop,0.6385081881962307,high school,0.7435837281986779,English,0.281410605160135,0.5448913460467494,Y,2.761280634032789,44378.08434552973
95be5385-2c68-450d-9591-83bb9246442d,2-2,1,965706,983838,20757,131,0.4513871611766789,605,31.27154410720292,desktop,1.5749218663523545,professional school,0.6743800435644276,Norwegian,0.6278258397232992,-0.06461674972084408,N,0.7915471856062333,44133.94736384362
fc04e88b-4dcb-4ad4-8171-4e21fe5f259e,2-1,1,45176,706531,118392,233,0.8303636923810714,1378,43.3109729674993,laptop,0.7146289842495366,high school,1.6383405196902032,English,0.5058766463756165,0.5788242715080513,Y,5.960308290937706,46628.046868508645
bbf1911e-20bb-49c1-9bc7-c9103f55c169,2-2,0,124881,707537,81167,201,0.7107159828716655,1003,25.17936582340336,laptop,1.237968267421591,college,0.27142265561879764,English,0.060109246884979706,-0.03413898368197443,Y,3.100661824169895,42080.21767094323
ebe32dfe-f98a-490f-a017-f2872a47a1af,2-2,1,514969,516626,133524,376,0.7160103583304508,679,21.38574020025952,laptop,0.7446310948214742,graduate school,0.7807749525561132,English,0.8161857982624545,0.6049386461231521,Y,1.0734378289672857,42829.71611174411
63cdd570-1369-4f2b-9090-d5b6255c51d2,1-1,0,482594,649211,54427,113,0.4953665657925716,973,47.58511041050431,smartphone,1.9268341084765004,high school,1.074185013659596,English,0.6530812418314929,0.575089650364586,Y,2.184115823759228,45315.80745013769
1d254f4a-ccab-4a27-8b17-ee0f21b472b4,3-1,0,249544,608694,32206,226,0.7763618202001135,367,41.26948041725009,tablet,1.003549773134568,professional school,0.18995226134694976,English,0.6581994037754071,0.05763768387638252,Y,0.05676134418135215,42685.05104515005
11c943dd-a2f9-4e88-814c-7812318b5999,2-1,0,653598,680376,14609,218,0.2580151361942239,1339,12.221552401876881,laptop,1.3834751234977072,professional school,1.6312460024994033,English,0.6756638072926358,0.40997153864473324,Y,2.083432706328484,45918.27144890722
fb6a141a-25cb-4495-9b22-48bc79dbd24e,2-1,1,695349,220961,137830,119,0.473470483255314,1315,13.352057209600215,laptop,1.0110730390729328,graduate school,0.8046112334932518,English,0.5195528602861061,0.22120632916569472,Y,0.9752519420300114,46111.252410615096
422c02a2-c457-4a5a-83be-bc1fb038be39,1-2,1,329103,664705,76887,178,0.6475086253592454,694,42.42220323043067,laptop,0.8091368601141116,high school,1.7709846653214836,English,0.2840702079170445,0.7398541920394986,Y,3.8741852823533627,41821.57329584061
d1ef7d2a-2a3e-4130-968c-2fbc045ee618,3-1,0,659502,638440,141429,362,0.11327743739617241,408,55.980648063953,desktop,0.21164417482308262,professional school,0.7273514271178976,Russian,0.5327185733272847,0.5638327143720167,N,2.1419274524761884,48941.111849620575
44b8d6dc-2654-4d3e-8ae8-d34908f2fe54,1-1,0,218050,963184,46975,294,1.00483692320612,1002,35.73211000921332,laptop,2.1160573337573116,college,1.3029862957288845,English,0.7319031437492214,0.8066767535550661,Y,0.6103432820404362,42737.233657888806
93dbdc35-b0e5-4dc1-bd4f-0a15eb5378a2,3-2,1,618371,644279,108345,297,0.3223689177336566,672,50.477986005918034,desktop,0.32219449701645075,pre-high school,0.2411048946732427,Vietnamese,0.3562022924980532,0.1962940853190226,N,1.6476091056976068,45496.07021177818
c0906133-d1a3-492f-99a2-6e5a6c56f767,2-2,0,15784,407785,116139,270,0.6253154685945206,1019,33.93451858345744,desktop,1.6000262191038672,graduate school,0.9450019803987274,Norwegian,0.2983571634539647,0.46942518522831417,N,1.32222941768659,43558.853304954006
fff115a4-7e00-4376-888b-03c5bdee5f3a,2-2,0,858344,274904,51824,127,0.04047489020027456,1409,29.949841908248747,laptop,1.0750850647472523,college,1.3728977730870144,Spanish,0.6101964968791982,0.7360419216349811,N,1.670754110626323,43768.77505802119
ad4c12c9-5088-480c-ac6b-07b6e44162bc,2-2,1,222447,896282,95653,162,0.8635370015461057,1293,46.42661710510669,desktop,0.8218595457392817,college,2.4954827176991934,Norwegian,0.4907906485023727,0.3583499700613244,N,1.6073690563623035,43866.522518030724
14d4cd1a-7cba-4495-91d7-47fd9d0990e6,1-1,0,869533,83823,87626,150,0.6727392697890577,595,28.172758388755494,laptop,0.0700833251524412,college,0.23518036106940554,,0.48572443954077915,0.565971444348653,,1.4623484843017729,50082.91098448688
2154a0f3-a816-47af-b00c-16d398859afa,2-2,1,676697,412902,126258,128,0.9101533520973477,1300,23.5164463509829,smartphone,-0.055392360041196964,professional school,0.5719333446425099,English,0.585050138950344,1.0563749581274637,Y,0.5710472489568064,45525.10151926891
41f5530d-ed72-4608-a119-a71dd31aaec0,2-2,0,305721,652484,110668,236,0.5339429253383405,307,35.09388416654821,tablet,1.2854950506868208,postdoctoral,1.8366949064978952,French,0.5431552388632863,0.5960095379586043,N,2.166004686548431,44974.18504368827
9bf41690-b2cc-4709-964d-7c21b856bbf8,2-2,1,972761,170224,42771,330,0.5275147577247384,427,44.90780884275912,laptop,1.3875915996619383,college,1.5745568459324117,Romanian,0.6535197740764574,0.7673140279696937,N,-0.8998225100079087,43263.3428887225
c7962751-a043-444e-807b-543a4b17b012,2-2,0,805776,219770,95732,226,0.4662970179973871,596,45.03047598097902,laptop,1.5123360375962693,college,1.1877682589207519,English,0.7469629468776366,0.3000875373747381,Y,2.755543572652596,43609.80544884281
82997735-0e98-4a00-bcf1-f2f0aafb0705,1-2,1,773302,132154,42151,286,0.7680167877005719,1021,48.9352897970776,smartphone,0.14723208909553953,graduate school,1.203666136606604,English,0.4772851393041902,0.5482893880075873,Y,2.1431672956834182,46115.93192899237
24aa2b4b-800c-4a4a-bac9-727b1065e142,1-2,1,738180,299018,119976,340,0.7239473421139266,1413,38.38367897827522,laptop,1.1565089657851475,college,0.8956452844307815,English,0.3273796521814172,0.7219328008320388,Y,0.7040145217583751,40678.08994968184
eec0e61e-7635-4527-a83f-977a09cafec8,2-1,0,307648,601195,74732,242,0.19449397831366877,1416,39.505810280217496,laptop,1.0659309807550499,high school,0.1974903175894236,English,0.620530518187266,0.6910783120263049,Y,-1.6900512603283646,40686.53882057518
1807eb20-6d3a-4efc-a8c4-8901ef1fca5f,3-1,0,446914,764854,106195,144,-0.0015031085738895777,839,32.3171686040534,laptop,1.7863555397514146,college,0.45274744379375564,English,0.6905913785799125,0.8531141363166195,Y,1.8090657534085028,40235.368100090294
0c06a58b-c629-43ce-8f6c-2a140dd88b66,3-1,1,32702,219449,53798,201,0.6337325240900556,442,28.07326987691305,laptop,1.3900390435324477,college,1.293311153831477,English,0.8637688557516892,0.41998012143196506,Y,0.8612178319885782,41499.926827750394
716744fa-dda1-4423-a78c-87e4633852b3,3-1,1,756115,171821,94583,136,0.43454300357813147,407,43.800655768302434,laptop,0.9495229954299217,graduate school,0.3917835758490775,English,0.5348095944192588,0.8760328985485727,Y,2.80266381022445,40883.19528042828
f74db555-3110-484a-bdc4-b09f6cf1c720,1-1,0,854704,1013279,132536,207,0.27458902616437286,534,36.76178551196788,laptop,0.8333641002203749,college,0.15110058161138695,English,1.0066111366328103,0.09397011476867356,Y,1.6879412341355533,42197.729450075065
2de720d4-ef3b-4064-9437-2886a4fb5d23,1-1,1,618291,927264,11239,297,0.6390726033590103,1130,18.303172710353927,laptop,0.8934354834195599,high school,1.764400877009908,English,0.29611584822959724,0.06791587036943403,Y,1.509170790011559,40829.39431427388
b4649c6a-01ed-4f21-be3f-a0f29b97fc1b,2-1,1,885085,125789,64544,345,0.7235995623145269,999,11.006753778807475,laptop,1.1361923014900714,college,1.0825846944351956,Dutch,0.36454736547080996,1.1361658657266562,N,4.093678513376839,44687.48126928736
4f60135c-1cb1-4fe2-9178-b628b4c417e3,1-1,1,834570,68649,97315,131,0.48759267458236866,576,30.524754049197583,laptop,2.0419346814882724,college,1.1444580147838888,English,0.5920006807858382,0.3831048378692649,Y,0.5470960318265525,44563.98271035212
790f5896-c569-4e73-b88b-b931b27dc799,1-2,1,315998,184540,124668,208,0.21774020646937586,350,35.62938254675767,smartphone,1.5626132269556965,high school,1.4151683246638633,Dutch,0.6429758755778747,0.5414731009116691,N,1.3156520584186904,47005.1044246469
63bc2403-a08b-4c51-8b2c-01e6cbfd54d3,3-2,1,209215,55432,8516,123,0.7969529396172976,963,23.47951292517567,laptop,1.2368455415623634,college,2.006733181129612,Chinese,0.600660115937348,-0.08381009082591628,N,2.611662174228423,43884.66008370581
fc06986a-ae94-4241-b930-3b90075bbcfb,3-1,0,57901,734130,90501,191,0.17907248679112447,350,37.186725482996415,,0.8524211870669662,,2.046864901646357,,0.46429591268248127,0.6404260622974935,,1.8637346541349609,47578.80992292674
9ae62339-ac5d-4e6a-bcad-c0235c043cf9,1-1,0,177035,530586,19442,262,0.5093529881308542,942,36.77459289165546,desktop,0.645661365444991,college,1.321777674053364,English,0.5720176704740334,0.9113486615986093,Y,1.3119741708037895,44327.28124893586
ffecc92e-4523-43bc-881f-86a60ec0cb05,1-1,1,293247,91180,42181,352,0.1021987043875014,1262,19.124781794185317,desktop,0.7613921434290044,graduate school,1.3470436441138105,English,1.0117939462826295,0.09697490813366705,Y,-0.3906838648085924,43847.93720629822
2f391d00-fce2-4b0b-9e09-e98753d78adb,2-2,1,211937,562967,2818,296,0.15083352776891418,293,31.75629802670637,,1.3046580664223228,,1.742818085133628,,0.5096694137218972,0.688439422375905,,2.5430939616135695,42495.68339424931
adec7fbd-3153-4612-846d-2a4183f03202,1-2,0,119216,633303,134516,165,0.3718114717444706,1080,38.89524344011014,laptop,0.5657079053275353,high school,1.1710349487540124,Chinese,0.5428544149332974,0.48947147490213383,N,3.5453662974146893,46815.23254426359
dc68d578-d73f-4d91-a515-6a5569f35516,3-2,1,128981,99612,125127,346,0.861525210285047,1382,47.15447573171669,laptop,1.3821726101919352,college,0.7571571635957757,English,0.6084933500565696,-0.41610193433427023,Y,1.2801502823365114,45307.93212594465
a28f6ad8-3ed2-4ddf-bee5-0ab05da1b6ad,1-1,0,647072,363519,32660,192,0.4675118343281789,1329,29.126624264393904,laptop,1.7601635028575089,high school,0.819096230770745,English,0.5828821744261509,-0.2075839245902079,Y,2.0802453950903335,43316.225268329894
f33ac1f3-83dc-471c-9b3d-dacdf51395f3,1-1,0,361467,632762,55016,332,0.869680365475432,1394,13.428213955857146,laptop,1.0865336937589825,college,1.1662538491293881,English,0.6781185984725842,0.12299492196898126,Y,2.798313049700589,43144.429254998795
20bc2c15-8c8b-4581-89b1-ce290be145df,1-2,0,121213,162945,42551,129,0.7015837449466886,374,55.87620819766222,smartphone,2.2884862288600907,college,1.1223889512021379,English,0.8719910720443009,0.9702772369138308,Y,2.6790976900519023,41696.79360355367
c94dde40-5c1a-4071-8a82-d9c9e525ddbc,1-2,1,854885,769829,1998,293,0.4528180622357014,684,44.66917308094943,desktop,1.0953248037111025,professional school,0.508028571837932,English,0.5056739068243025,1.0327476768184245,Y,0.9694102102420762,43701.48530800067
fc04e88b-4dcb-4ad4-8171-4e21fe5f259e,2-2,0,493464,256291,655,245,0.6140189245551445,877,39.50617793707446,laptop,1.2753374569823601,high school,2.2350724707245195,English,0.4843404968270777,0.7269908864435803,Y,1.67430067658151,46124.621432115746
bbf1911e-20bb-49c1-9bc7-c9103f55c169,3-2,0,176034,385739,802,275,0.2987227910928984,320,21.608352685592994,laptop,0.8738366553006897,college,0.4825312620251483,English,0.33287383253985864,0.7984728716459201,Y,2.828615314889876,40811.60516240002
52655f97-f8e7-48eb-9269-d5ee71ad6db4,2-1,0,760472,166274,69521,325,0.42362423533255256,1161,25.639815608100342,laptop,1.411584288783334,graduate school,1.225111224269714,English,0.36894110364873356,0.5109794139465899,Y,2.491489139375847,46266.2572412527
7a8f85f2-03e4-4714-995d-c15403d9d38b,2-1,1,842955,889336,129977,356,0.6682463020018556,608,27.63483412583873,laptop,1.4370777980559857,high school,1.724716065872087,Finnish,0.5415493436276367,0.7471191931055378,N,1.1748762220627595,47092.94334756052
b038618b-9b28-43cd-b9c1-ac984372d993,1-2,0,680681,109975,18054,330,0.2754534312953339,764,60.757664843813764,desktop,1.129937880329269,college,1.2354496172686313,English,0.25355223313313685,0.24816704687471186,Y,1.9217242611346648,43479.422305204505
adec7fbd-3153-4612-846d-2a4183f03202,2-2,1,294854,307,82888,226,0.3812609143166479,1007,19.57799888023843,laptop,1.2176342319740014,high school,0.1019904990960746,Chinese,0.6319186489551513,0.2971304840613146,N,1.6181182383490533,44596.64676477051
1d254f4a-ccab-4a27-8b17-ee0f21b472b4,3-1,0,448296,757190,108778,252,0.4935894720493709,1163,25.890693681980203,tablet,1.6056726837560436,professional school,0.09231115171922566,English,0.3130358569384377,0.3391284921465182,Y,0.6345570914868208,44677.58058146462
16d05f08-7a7f-4b5e-ac3f-b7a64a5ec349,2-1,0,655276,778056,90897,212,0.5036628614991321,428,30.499764790690016,desktop,1.0639315081088088,college,0.43433532449265444,English,0.8312555472796384,0.8370071042997203,Y,1.58764483850656,44903.08790077961
94d5ae9f-66ba-48f2-93d0-19cf5aac6a3f,3-2,0,187340,289529,21779,131,0.17809237168677755,855,49.96863193846117,laptop,0.18699830520133098,high school,0.4436994471620205,English,0.5722437962694227,0.5826313762272229,Y,1.386319214461786,44716.42105923032
27d0e742-13f8-4911-a1d6-42cbea5067e2,1-2,1,818916,735105,47388,173,0.7582995215869157,316,46.33041185375075,,0.9611657167016919,,-0.041202034146077926,,0.492192980054654,0.6825366455846125,,2.0002093340375575,47052.33434544382
de7bdd42-441a-4961-a547-2ccd7ccec379,3-2,0,330514,126847,134670,151,0.11964882443826186,892,53.158601147528756,laptop,1.3908387744515824,college,1.3198975187582942,English,0.7097224877334981,-0.029672452721565157,Y,1.4532320315203902,40592.898901254084
20bc2c15-8c8b-4581-89b1-ce290be145df,2-1,0,918453,113376,134181,150,0.4841053179612971,312,55.33371376525464,smartphone,2.013977191536779,college,1.1937225346600284,English,0.7325723275350889,0.35222988325347193,Y,2.9012736436304483,42763.9324181103
8d39576d-2b3d-4eb4-acfa-32254991618d,3-2,0,927536,85611,31298,369,0.6656621674365415,631,33.76606917095483,,1.301127005067284,,0.5014914085802429,English,0.2284460438206981,0.5028527862039955,Y,2.8318378751122273,45943.80127932961
154c0760-9c47-435f-8335-5f1178d12e46,3-1,0,676785,349978,26595,208,0.49900361640921004,913,52.25466032243777,laptop,1.360189706414912,college,0.9297895743192635,English,0.563555921747379,0.13019916667697545,Y,0.3592464015500634,45297.60617749348
2fbeb59b-f93e-4073-8132-de082fdbda03,2-1,1,851494,586317,81974,203,0.7779502254925849,367,27.81203604915097,smartphone,0.29900194556980964,college,0.172430131007972,English,0.6086913323869599,0.528367103628452,Y,1.6160113330525472,46141.84333070354
001d6664-0e5d-401b-bfd9-c2985739e2ca,3-2,1,120590,158244,35638,158,0.1643930754307758,1108,34.8279272812476,smartphone,1.3000548611444795,college,0.4479066912360189,English,0.35520421886574827,0.4841824014925511,Y,2.987650833421414,41384.88111129664
34604f27-94d7-4af3-9b8d-7c9fa836e7cb,2-1,1,304317,464814,54162,138,0.9274048894268462,299,19.230120449159294,laptop,1.134679978818897,high school,1.4130452621474072,English,0.4322196098730348,0.3468550293667216,Y,0.40034496751489135,42264.78641499252
020bf19f-ab82-4c2a-8fb3-fbaab33412fd,2-1,1,737112,739182,75176,211,-0.11081246148280022,938,52.590375671329646,laptop,1.833660899333009,college,2.010562123243875,Russian,0.24429338562563457,0.7376803980162335,N,1.7675267322491122,45775.08493871834
388d3669-9c70-453c-ad4c-0d18eedac5f9,3-2,1,825603,751112,7861,222,0.10791168975159116,1258,8.506273077193335,desktop,1.325186386613606,graduate school,2.630653410793598,Other,0.7085980425807878,0.33102762005264086,N,2.1850359530177355,43772.88200808198
95331a06-3cd7-4ced-a1f9-7baeee03847e,3-2,0,153004,757347,14756,111,0.42289711363972377,1398,21.369066975138946,laptop,1.7992527400697982,college,0.783398502329808,English,0.7245422900800171,0.9217814591779011,Y,-0.08995796988370386,45180.72775536181
b95563e8-9d70-4aee-8c29-b2d677981d92,3-2,1,197741,490787,14102,143,0.39778969224424376,662,31.147257668805853,smartphone,1.4157229724443026,college,1.4417299599646394,English,0.5029794940248032,0.2829781720105964,Y,1.9388558785778875,42188.64666144627
adff123a-e9fc-4289-89bc-8002fb8bb5f6,1-1,0,903332,657006,112028,187,0.5709232690189624,699,44.869606144024985,desktop,1.0847914483672927,graduate school,1.0407612313113446,English,0.6079793363453573,0.3909998987712442,Y,0.04388793028659488,43891.75327483412
0939d037-9073-4b45-beef-4b1a9cb29fc6,1-1,1,350626,355465,48470,260,0.8285264806594933,573,21.692015982381996,desktop,2.6421987121835153,college,1.2151637249663654,English,0.6017379727790299,0.6805997491101582,Y,1.3607905287760291,47369.115396914596
5defc8cd-7312-4744-9ac0-ff39228637ed,2-2,0,793932,401835,79864,355,0.40074274699367807,1114,36.33207838999464,smartphone,1.8807261494557386,graduate school,0.8663336243073062,Czech,0.8194763735090327,0.12303358585261726,N,0.8727966874926165,42726.84512654116
03f385b7-6b1b-4549-95f3-1d999b1df64a,3-2,0,646259,775715,116312,340,0.51290908723966,507,29.272902046908847,laptop,0.7697225546600914,high school,0.9757172484959029,English,0.41320045402460254,0.24728915784881011,Y,4.347412112712394,44119.407877701175
27b4821a-e017-4740-b5cc-429d50c88f5a,2-2,0,276928,263083,3744,225,0.27210486942047485,937,50.25721543910672,laptop,2.076785678028411,high school,0.772108492180868,English,0.3862457167989489,0.3150502550730857,Y,0.3089665264929877,47670.59599760328
94001a0c-b948-4223-a92a-eebe14c48d2f,2-1,0,495322,777100,91165,254,0.6028861845366984,971,40.47931759822824,smartphone,1.3165957429431006,,2.2251603402098445,English,0.4766031616558475,1.0892212393671525,Y,2.247054721567297,47585.69383696026
08e0c3b1-652b-4be1-b8fb-e30789efca15,2-2,1,686254,403156,99891,340,0.5498963162547582,770,26.474094511882438,laptop,0.8468716326866138,graduate school,0.7212410070128947,English,0.4050001956236994,0.6819962947920777,Y,1.5381939006417864,41080.22706253147
b8f4ca6e-e390-464a-8d7b-7e81fcf0227e,2-1,0,695311,33222,102359,160,0.3515300815230704,1271,38.005056065486585,laptop,1.3431034341991377,college,0.09629052150309303,English,0.6550614530628821,1.0078664030661086,Y,-0.23795245794982023,42400.14643444894
c7962751-a043-444e-807b-543a4b17b012,3-2,1,210760,600719,124199,226,0.428679736709696,505,30.448061707657395,laptop,1.0161864615031146,college,1.4477561727151624,English,0.6454987742246258,-0.13903918872204735,Y,0.46277183279505585,42590.74014606349
16d93a7f-b378-4f6c-ba62-8e7479afc2d3,2-2,0,73267,648810,95301,196,0.37167823349634654,320,46.15519255234384,laptop,1.1966309085923554,college,0.5588956125002162,English,0.7282080258435726,0.45142728384097486,Y,1.756881399652044,43963.88024998117
9e9c021a-b55a-4aeb-af94-847d6d457b62,2-2,0,777754,542971,24290,296,0.40277062002728825,1028,36.55214462907343,laptop,0.6017522549520032,college,1.7002586727362365,English,0.4196402648551523,-0.10300539038799428,Y,2.2210160131972327,45736.5030572178
c5f16c37-1a33-4562-9996-0f8262566ab2,3-2,0,147861,575606,117692,292,0.4766753638346154,409,27.790674758622863,smartphone,1.1180920174889755,college,1.1430874138916955,English,0.7681904732667109,-0.12960789000514839,Y,-0.3944935765773794,40767.680626988804
4f197cbb-93cc-4852-aad3-46d35f809f47,3-2,1,195192,951392,75534,223,0.464909403282302,1061,32.392002714381775,desktop,0.2718577793505842,professional school,1.642511250425614,English,0.5638247605796921,-0.49186920043884386,Y,2.2495256815263827,45013.17836550947
e8229c81-5d49-4981-abd0-3f3478f9567f,1-2,1,67479,619296,92967,128,0.5791653247204239,314,31.82852944907713,,1.150851760662381,,1.1246454032510556,,0.11690197149576431,0.4567074006654708,,2.0876281559614758,43599.40672424853
8716e0ad-f17c-4c46-97ed-2c9643a576b0,2-1,0,930184,105045,71323,330,0.5775454209716565,365,38.58166136722162,laptop,0.7668964261590606,college,1.2270565172629575,English,0.7199106181864554,0.0983923295013352,Y,1.7033498186559444,42254.29650653379
0e27148e-216f-4fe9-9572-c1317d616ac9,1-1,0,1001255,89514,110099,268,0.5272547413542142,1397,60.87848245909048,desktop,1.8983432136073133,college,1.2463909687309005,French,0.5481789576354861,0.39769616636649896,N,2.4372497119539673,42411.010546191654
05a92b52-f72a-42f9-936c-9258bf385bf3,3-2,0,610427,238645,124860,153,0.1984536112773151,959,52.918848334623945,laptop,1.1974256119779363,graduate school,0.7963624033243555,English,0.4753017385667403,-0.34895653696130646,Y,1.5631935531950254,44914.16585797197
b856a7a0-694d-44df-84e5-7df262774187,3-1,0,853993,826787,135113,313,0.5940326933036646,1418,47.008303126909816,smartphone,0.2715077782160965,college,1.5370561076336813,English,0.20196617473193512,0.7788048526012968,Y,0.2758332127359375,44516.46173847526
722b0462-7e9e-4278-8d36-9495f6928afb,2-1,0,372921,268769,36233,160,0.6610542288677933,461,21.113797095744665,laptop,-0.06165432695593065,college,1.2153386028491608,English,0.5318117960531081,0.48226127959513004,Y,0.22710031412429488,46636.540775838715
f01af761-d426-46f0-ac95-33b120cf9e23,1-2,0,539791,185364,23869,257,0.273423109760326,333,44.792014190072685,desktop,-0.24516829944775775,college,0.8784198636710426,English,0.7350721628357226,-0.005856478771923301,Y,1.0318488759297046,43203.85255466515
512ef0df-48a3-4796-9919-471f50f25df1,1-2,1,27460,531482,83154,382,0.4536318479600971,682,48.725161207158,smartphone,0.45435812888345894,graduate school,0.6209463620695266,English,0.3984993917868097,0.9399379673720547,Y,0.7139378586495877,45350.7938530604
14d4cd1a-7cba-4495-91d7-47fd9d0990e6,3-1,0,462365,508151,52002,190,0.3689387529209729,1427,38.52565222261694,laptop,2.2510165452412645,college,-0.1276122681995655,,0.21105440131091457,1.0930837525018882,,1.8952792405531032,42122.55618521762
f50cdb0b-d082-4ab1-b5f9-17fa8540795c,2-2,1,594434,993553,94981,116,0.3091908336031372,1274,24.954383188938813,,1.1554559860226383,,0.3084448727692256,,0.6610897360700307,0.8498291341378167,,1.0753786415515751,43004.895373464016
fdcd623e-9c2f-4ad2-9d62-6901fea13049,3-1,0,882394,574980,90111,250,0.3617345755288115,506,37.45857741940106,,1.2025706877195317,,1.833065666868197,,0.3980295251508179,0.515606035723403,,3.474275213918448,44568.554180939995
c3cdf4d1-25d4-4f2a-b532-6b0cd92d2e30,3-2,1,978017,768741,104031,297,0.3691355371266202,1284,20.276211314827602,,0.8787054181812037,,1.488890366010881,,0.6872689658623545,0.28113570269135535,,3.4830968740649118,44274.65308855047
692642eb-92da-4af7-b9c5-d9e588a1cbf1,2-2,1,523657,504090,41299,237,0.4475351697389021,300,10.137264587892641,laptop,0.39266290880729715,college,0.7131899247821865,English,0.7267522179116155,0.20470470663052642,Y,1.4287526520265483,43664.774175384875
ad4c12c9-5088-480c-ac6b-07b6e44162bc,3-1,1,190628,899326,65182,344,0.5167450385433922,368,30.05691288216172,desktop,1.6311244896303154,college,1.704978965989342,Norwegian,0.5325697217887208,0.3449332572203385,N,2.852365850680023,45490.06282185345
fdcd623e-9c2f-4ad2-9d62-6901fea13049,2-2,1,923314,800600,56610,119,0.42221471130563065,557,41.96925582098241,,0.3371838571088226,,0.7452174042530799,,0.3977998872105325,0.8924918307090097,,-0.1721395568858226,47284.980654325926
606ec9ab-33fe-4f7e-9330-c0c5d30928c1,2-1,0,874817,787875,142134,314,0.45813185424961733,800,29.375295065734512,laptop,0.7927073742085271,professional school,0.8058353061355719,Standard_Hindi,0.8521021485206555,0.8843941621321351,N,2.2543531406894726,43011.236791443196
332f3d22-0b01-4c63-9df3-aed8cc851469,2-2,0,801172,600745,79750,132,0.509521817417944,353,52.66765096553388,laptop,0.8888514146926764,college,0.8362466800177931,English,0.525882047215287,1.2118089584053227,Y,4.322266687422916,45062.42872101116
a3dd9852-6cc5-4893-a6be-e0eed5e53e52,2-2,0,105078,446238,110866,346,0.5673031770700259,1327,52.03470812181355,smartphone,0.9699036521924399,college,1.5328468864598617,Other,0.3156016248458502,0.26558752182337897,N,0.6902118465555038,42956.95532993979
c4d4c7b7-bbed-4695-b98c-0b5c48e29abe,1-1,0,791623,218975,135384,271,0.4519323475196387,519,36.71668662752384,,1.4773077748594337,,0.5722219704053167,,0.23063428064437191,-0.06171832748419026,,2.032990233864575,42411.723257081736
08e0c3b1-652b-4be1-b8fb-e30789efca15,2-1,1,110112,595197,4882,208,0.6397738645515806,1022,23.669647160220286,laptop,0.6378838604123702,graduate school,-0.02528664834170491,English,0.3362414345679692,0.7160612220127657,Y,3.446291101658344,39269.07084931493
05a92b52-f72a-42f9-936c-9258bf385bf3,1-1,0,751150,335331,79899,231,0.5827992575540047,1055,38.11561570606763,laptop,1.2451609346190997,graduate school,0.12997530854439665,English,0.11797735054652403,1.1753684331736145,Y,2.620445148566742,40404.87174831295
336708c2-b201-4f59-803b-092eea309d6b,2-2,0,332760,147710,8001,217,0.7834666293424241,1147,22.57191092515602,tablet,0.6156361479437296,graduate school,1.2642036947808784,English,0.2689888179467159,0.5753085935413651,Y,1.9305129987267504,45945.905961278804
529af3c4-1f6c-4ced-ac86-165cb41a1629,3-1,1,408377,993740,75439,259,0.31813772199445856,909,49.314607492232724,laptop,0.7412329235393255,graduate school,0.3053262581513063,Spanish,0.5144008242160026,0.016478515100753488,N,2.627871432516599,45830.023940220715
ad72ff21-0001-4c71-9657-91f0af317112,3-2,1,478518,327619,110634,164,0.8163590284302624,925,43.84597133951426,desktop,0.4715132313003083,graduate school,0.9601503201421683,Other,0.5792194217269329,0.18560985380018336,N,0.06795536183887219,39184.73227436375
bafce4bd-e4e4-4d73-8424-2a9343c52f7f,2-2,0,364835,593349,76033,310,0.18119400110094946,838,16.678011665497003,smartphone,1.6865610915571865,graduate school,1.3984837627466509,Other,0.18254256530798812,0.7107815984284356,N,1.3807267173441156,43506.860619074985
fb6a141a-25cb-4495-9b22-48bc79dbd24e,2-2,0,466291,868993,42292,273,0.6063902123065362,1136,13.08046397231805,laptop,0.8352346759505481,graduate school,1.2483957543865531,English,0.2542341217065853,0.4904022309067014,Y,0.06514013395008345,44821.29140416885
264b7cb3-a20d-4fe4-9f75-2a0dda8f6300,2-1,1,68116,954516,4167,314,0.6562228151786572,1131,39.16029739120961,desktop,0.581821878276729,graduate school,1.3773477045299125,,0.35152867122201115,0.7065923837366712,,2.0351354392311194,45263.48932429572
bd594697-306c-4969-bc64-971a4c6a795b,3-1,1,563644,216267,85373,268,0.6054338396678814,695,33.433480167487076,desktop,1.6406557602653198,graduate school,0.845989155750015,English,0.21103297202787125,0.7528307782290313,Y,1.1943469373622595,45186.63092506715
023c99b1-f32a-4d79-b5d7-197ac75591e2,3-2,1,1715,371341,46627,285,0.39163362181023587,1159,8.920143478500169,desktop,0.6536802053180613,professional school,1.306444888646081,English,0.24889638905121453,0.6129533732428931,Y,1.1924575709948693,44367.96030864692
15a5a588-84f1-47b6-8ff7-3b5dd3065df8,2-1,1,944922,717789,80587,346,0.7576934215491531,1001,24.766069666162924,laptop,0.5210322700026413,college,1.7220606112021293,Portuguese,0.5564545686907832,0.8150099825417496,N,1.730128310741059,41985.85411668499
6e1bdd21-d51f-4497-a684-654edc44a6c9,1-2,1,24225,606612,52630,176,0.7518717912228443,471,40.92440735980804,laptop,0.4574535596049554,graduate school,0.14966063319007594,French,0.4087340684455402,0.19254606025351206,N,2.4543838633117905,43281.877533645704
fc8fca36-1e38-4e4c-9112-621a6a9471e9,3-2,1,577843,1013392,5395,154,0.5698414770642901,1349,23.462836591680798,laptop,0.8778506607087646,high school,1.2645406362645597,English,0.24547753587117072,0.6752377109074948,Y,1.7096961212447914,47075.05770911717
ebe32dfe-f98a-490f-a017-f2872a47a1af,2-2,1,612286,454612,140113,335,0.6166158193727359,1366,24.014333007709396,laptop,1.5766354338842357,graduate school,0.7373204746508442,English,0.1603594596729636,0.6410126231714159,Y,1.6647424664620945,42907.38923585396
9bf41690-b2cc-4709-964d-7c21b856bbf8,2-2,0,716734,93500,33405,236,0.5968836101524253,289,36.73323506511731,laptop,0.50309967574853,college,0.6655689160120921,Romanian,0.7538694820129075,0.6226636001509308,N,-0.16479882048020755,42529.85879990218
c2a8d24d-9630-4151-8175-0b42eb1aa9ec,1-1,1,795344,819548,82776,150,0.20327598335983682,928,33.77742921610121,smartphone,1.0804809221980425,professional school,0.056855361837978124,,0.45760085544333556,0.18681730145667386,,2.5271525663459466,43328.670286892964
f0cad925-aff5-4a6c-a8f2-4a0eaeaa248c,2-1,0,558266,530706,83549,354,0.6613500987888656,1281,46.16560365223242,desktop,1.3531443703536055,college,0.9506869828620215,English,0.24735213740402162,0.7540936447698872,Y,4.82885055267837,45556.95085378029
433026dd-691b-4cc9-84a9-07dbfdd8a56b,1-1,1,355189,974513,44469,352,0.5894499363513162,1411,49.37530640306488,laptop,1.1965875639034205,college,0.8760762968769675,English,0.26455899442031205,0.36114428452803715,Y,3.260277241645806,43603.729320757644
f50cdb0b-d082-4ab1-b5f9-17fa8540795c,1-2,0,764582,310287,128534,337,0.9418485596755239,1289,48.69532377443016,,0.1809949041772202,,0.8974762702081841,,0.09086722883855713,0.05344903326778461,,0.36142254339708435,43240.69881666892
45fb1767-91e9-4d69-83f1-3c781425982a,3-2,1,807746,753586,78063,236,0.4648656730846755,1114,43.6978194976174,laptop,0.3142376218967561,college,0.8231628432673298,Other,0.599499605337823,0.14055956726114427,N,5.611095711696378,44199.962822816524
832f42b1-7702-43bd-a55f-a71c4ad85b9e,1-1,1,581187,807182,76911,176,0.8024498725798686,932,38.877580704007414,laptop,0.36653730373531956,high school,0.8980971818599401,German,0.5695198751355671,-0.489471659925936,N,0.48636277886501356,46099.95108233645
c2a8d24d-9630-4151-8175-0b42eb1aa9ec,1-2,0,854095,264180,12599,176,0.5360019889278868,977,41.77989966508408,smartphone,1.5766995794528327,professional school,1.3027712447152977,,0.6293806246147697,1.2741003728006701,,2.8580676609758355,45082.91124944242
6b74a260-9d07-49bc-9cfb-6fefbe9a718b,3-2,0,362537,526215,93788,140,0.28682883399784176,1257,40.76542827759296,,1.4106466328721183,,1.5658275505401915,,0.253406547224469,0.8590502435735823,,0.31642826710821015,46317.86425139264
9783faf6-c2f5-4343-a86d-f6312c95f762,3-2,1,286928,927631,1555,241,0.15788889882392138,1009,49.44877759169489,laptop,0.8007051343339573,graduate school,0.387028001647302,English,0.6744683768106803,0.4806419547353846,Y,1.3657790668171184,42241.154638544154
2e174514-6907-4570-ab73-1d42a3521a95,3-1,1,714404,577344,59565,165,0.8086692928791737,289,31.497438512375545,laptop,1.6967115105087012,graduate school,0.5984977794672819,Finnish,0.8704404464348734,1.1491375701300803,N,1.187872085790239,46232.36021236779
61746fb4-9306-40b6-aeb3-31222f13e4bd,3-1,0,649468,965741,48701,249,0.24772810909867388,309,43.44399525801067,laptop,0.11902197232552658,high school,1.063691858934955,English,0.7400795217277613,0.3135752010396128,Y,1.2491232372965722,42418.44004472254
d77f1a0e-29fe-4341-9629-55666d082f4b,1-1,1,657889,429587,28856,124,0.6516706915178998,1159,47.297599913444365,desktop,0.9066614615671045,college,0.580938859656621,English,0.21461980387290364,0.05388159526615527,Y,1.8850751161401258,42534.834224065075
71ebc1ad-ebc2-4c5d-bc77-e372bc1b0159,2-1,0,451353,185399,41040,242,0.4515220147854663,1428,18.710677154865838,desktop,1.616413388834539,college,1.4090998707576505,Italian,0.4891825070953087,0.14374769107853436,N,3.218024306471169,41412.59223699459
0c06a58b-c629-43ce-8f6c-2a140dd88b66,3-1,1,469940,688998,121036,306,0.2580232384040604,472,23.667971845856908,laptop,1.8664197943200214,college,0.25581985517603223,English,0.23944720801634695,-0.13338669830695415,Y,0.32576421692624113,42753.9329991706
8daf6eaf-3757-49a1-9fb7-77fce259e6fc,1-2,1,535771,899660,123412,297,0.8900513340001035,712,39.66053094503889,laptop,1.1247017910872756,high school,0.11621483678481426,English,0.3663909674712803,0.46103155125435463,Y,2.631523144457768,45966.56078444357
78dae403-7187-4be7-86de-8a1543649957,2-2,1,333537,165897,62583,155,0.2667530994509738,1386,37.346358844165586,laptop,1.2747675588109542,college,-0.2424107737909551,English,0.6035809807029341,0.6034280980692633,Y,2.872561821619686,42493.71372128952
0fd5e38b-fd91-40c0-b154-d407eba53e1f,2-1,1,947181,775591,64837,114,0.9476344822543491,948,54.43607695028874,desktop,0.7637939455853082,graduate school,0.4310672003626732,English,0.32431637649505896,0.2439478641639562,Y,3.040619792147964,43351.71724573209
591c5b25-b236-46fc-9796-d2e943430115,2-1,1,258650,666741,63844,310,0.6328521122595296,526,32.46039626496058,smartphone,1.8485168792324513,college,0.20338514398476226,English,0.4200908919768448,0.4515562783898724,Y,2.681367263345109,44043.199237483124
e8b80ebe-59a2-424a-90a9-b6f699b54faf,1-2,0,834823,436930,118886,369,0.673713628545461,1083,36.73185917701692,laptop,0.942667593027442,graduate school,0.8815106660656505,English,0.6492519545322827,0.6689294626960851,Y,1.6317298269533231,42968.58838528146
27b4821a-e017-4740-b5cc-429d50c88f5a,3-1,0,138481,897313,133676,188,0.5676858133134776,1113,26.693695065388557,laptop,0.8855437365001491,high school,0.32212721006908507,English,0.43509833535939635,0.7083358424324488,Y,1.8067018994347763,44134.18888723749
3b9eb1ad-94e8-4ece-9e83-bdaec18ce17d,2-1,1,586654,824461,23260,148,0.3552302657660087,418,56.01318614732657,smartphone,1.173603570589219,high school,0.776423457174952,English,0.5013246112005563,0.5802766949409822,Y,1.5293560107641773,45457.15076949644
b74b7a54-edf6-4d3f-92d3-8dc119424956,3-2,1,834029,31675,79027,256,0.6890260945043855,374,36.17574957202794,laptop,0.938227422391838,high school,0.4542788499491779,Turkish,0.15241352510133016,0.694823771513406,N,0.7694071929560997,44636.20869819612
a8a7b6f7-3663-43c9-a149-88a058e52ccf,3-2,1,167818,35918,135700,286,0.39352998704204123,656,46.152415945260536,desktop,-0.17497286739016316,college,1.052598197664001,English,0.16547988902096655,0.4245760183440991,Y,-0.7917702763723171,44154.68427224684
a12939e3-640d-42c5-87ed-83c1358c4698,2-2,1,894411,519481,108053,258,0.5861208306065323,526,37.45950571236274,laptop,0.9246002052484157,graduate school,1.056402408076476,English,0.7204810544703595,0.6833946285605389,Y,1.3237083377487626,44781.053457903756
db397e5a-8fad-4c15-bf93-e25495e0584e,3-2,0,376090,386347,96075,282,0.4447922936435788,393,54.32848690421521,laptop,0.7388982251475761,college,1.2466933993735818,English,0.5981076215488547,0.48381247327230165,Y,2.5463444297307487,43189.35663741103
8ee594b5-8f8a-4ac5-874e-70ae8f41cac6,3-1,0,230530,909515,97739,244,0.5928404932689723,976,40.373126313826944,laptop,0.29349177719769937,high school,0.10426087570702469,English,0.4956374827573935,0.9875171101458494,Y,1.9842901986643073,47847.63745562688
92549cea-1034-4ed8-8c3f-b94bbdd55d0e,2-2,0,354405,1004001,116620,198,0.7626323578842468,433,19.82952316519732,desktop,0.9277612682027161,graduate school,1.3659780671464532,English,0.39406435766317516,-0.2768945657675287,Y,2.766944352864857,40955.085895200995
512ef0df-48a3-4796-9919-471f50f25df1,3-1,1,944979,562794,36403,330,0.37277822623528967,461,62.673383588860524,smartphone,0.7900631308579431,graduate school,0.7026136585655929,English,0.6127479229906634,0.16441298434384777,Y,3.145467115108306,42622.81030593349
512ef0df-48a3-4796-9919-471f50f25df1,3-1,1,155994,751785,79544,154,0.6256305558986518,1400,40.92497640331874,smartphone,0.35455428020668467,graduate school,0.10030266385343956,English,0.47770566523020697,0.5790473041729529,Y,1.4392613510327181,46089.06883367751
28c7542a-c3f8-419b-80a0-8f4c706e2c61,3-2,0,434193,239332,7267,323,0.9824210941426859,936,34.97880408954785,tablet,0.7027417129593655,high school,1.1884996087532604,English,0.6417825506744397,0.04296353889507437,Y,2.003085589457116,45188.96656084433
08aad1ce-a5a5-4558-819a-80e470e455fa,3-1,0,406680,16069,26156,141,0.7249020300232238,836,40.21787142974598,other,1.6800462384400434,college,-0.7657571650059665,,0.5689315173510386,1.1206939940715044,,2.4104780908020267,42629.78923844566
295fe5fe-cf5a-4c14-a7db-ab1d21f1348b,1-2,0,627693,423999,116468,317,0.9406544876792682,457,34.55684245305821,,1.7566514694607958,,0.9303658594952986,English,0.4068367835425439,0.9731596587697882,Y,0.10379216007629188,43820.566989543724
9ac5e209-cf05-47a5-a394-9c733e12d8f6,1-1,0,577522,452754,126949,379,0.33010411350559077,1111,51.274530999933724,laptop,1.21900909019352,college,1.2000460626931266,English,0.547812203832086,0.24339912966621913,Y,2.6228050117067916,43718.69401917008
a28f6ad8-3ed2-4ddf-bee5-0ab05da1b6ad,3-1,0,243884,553320,8438,295,0.3550810509732302,1054,30.948805519965795,laptop,1.7389758852975057,high school,1.1825232438613513,English,0.7034734650529911,0.38226224362559363,Y,0.021757884094168567,41912.308215256155
4be26ab5-1d7e-44bf-bd62-0a66c914394a,1-1,1,723824,1004563,139168,341,0.40022151540134737,1087,36.20691575471722,tablet,0.8643366999258028,college,0.8957025243509698,Chinese,0.4033420839908047,-0.15601883348410217,N,-0.11114531659975069,43208.919898672226
cc6bb97b-148a-434d-86be-1a4b7c05363f,1-1,0,131914,799095,60018,160,0.7581126781337947,838,24.602527643134145,tablet,-0.979574021794474,high school,0.6481528003020052,English,0.33724445748928056,0.3096606449429467,Y,1.6773570142266394,46856.86553420115
fdcd623e-9c2f-4ad2-9d62-6901fea13049,3-1,1,818174,927087,138786,193,0.6545652866772944,806,31.03584238860363,,0.15972767570046842,,1.4248451970026625,,0.2729722774463812,0.7355316813159749,,3.10265259535392,43888.523670490766
fff115a4-7e00-4376-888b-03c5bdee5f3a,3-1,0,422424,861585,102586,190,0.37252427679262784,923,44.69274362704129,laptop,1.5183687444120024,college,1.149404228724518,Spanish,0.5515732359323072,0.043772662276075236,N,2.6041162705123395,45394.18871481936
dfeed816-4de9-4be7-9ea0-775157c7bd76,1-1,0,928393,787807,29141,263,0.5740408647100153,1103,38.568003455833505,desktop,0.9489811181828666,PhD,1.1742399308000986,Portuguese,0.44923272252645835,0.74340228164931,N,2.5345638982578413,41690.9174896367
d816358d-20fb-48cc-8597-6ce3578251dd,2-1,0,364351,375193,72326,220,0.25360470783943934,1122,27.896778506453003,desktop,1.0308732541964574,high school,0.6174799024583624,Norwegian,0.484079777024928,0.2506991598473648,N,3.430986398884913,43036.11130579961
9d35cb65-f33c-4a81-bcbf-a794582e6691,2-1,0,977299,110728,115674,170,0.684722842324765,1320,13.032914007838453,smartphone,1.6385501242429625,high school,0.5619569559865738,English,0.31674995164977654,0.5652110473288673,Y,2.8761165898152488,41596.578019397275
fc06986a-ae94-4241-b930-3b90075bbcfb,1-2,1,56132,607181,96711,299,0.24943703795659727,791,34.24029639242142,,1.0026499860347142,,1.1638441548365563,,0.33973698189013,0.6091099785099677,,2.200141520675527,45227.872370331446
b4649c6a-01ed-4f21-be3f-a0f29b97fc1b,1-2,1,1009063,531852,57267,203,0.4540315653560521,583,25.41564066399279,laptop,1.8322158449888528,college,2.0923148237660314,Dutch,0.34271994782767445,0.5848097437697933,N,1.198592384215786,42812.94278897108
cc6bb97b-148a-434d-86be-1a4b7c05363f,1-1,0,80066,392504,10069,357,0.6141004132625071,309,10.69837014779593,tablet,0.1523204433726505,high school,0.06689940948293605,English,0.34097346338398965,0.5164975511036094,Y,2.6878207070002387,41604.08266897216
30a1bff8-ce7b-4ea8-bfd0-579a06f06269,2-2,1,300250,333814,75259,261,0.9977304518602755,1007,50.81331950932002,laptop,0.21970712877636178,college,1.6714678222298085,English,0.8079001239985786,0.9089133306230328,Y,3.1804543258315565,43563.94463176785
7c57c624-9ceb-493f-a5a1-f4542209969f,2-2,0,570573,987116,1868,326,0.6447095021234122,866,38.15622075027116,desktop,1.3296134833647903,graduate school,0.911682818915451,Other,0.5132040080540051,0.47370117769711906,N,1.7165193537411665,45672.690078581196
264b7cb3-a20d-4fe4-9f75-2a0dda8f6300,3-1,1,867815,46235,121969,111,0.6400014005487191,1076,28.793190191868824,desktop,1.006034121762418,graduate school,1.0348480241194837,,0.46991373054065544,0.636662614951514,,2.5010217031407467,44873.31138088531
a28f6ad8-3ed2-4ddf-bee5-0ab05da1b6ad,3-1,1,870601,431499,38449,186,0.5713207559905531,1190,19.134030485765145,laptop,1.707040801441169,high school,0.584089015771089,English,0.3575738946393986,0.46314152228028377,Y,3.2721135547658986,43204.41451274697
f74db555-3110-484a-bdc4-b09f6cf1c720,2-1,0,850936,80731,95375,233,0.2472206677194257,782,20.096327704603095,laptop,1.3850402899596501,college,0.4757552292375946,English,0.4384199025905892,0.15915829949558696,Y,2.98648365281899,44903.30441908881
e7ea4b52-7611-4c90-905a-fd388cea9c0a,2-1,0,960398,782655,27738,107,-0.10322440572205327,1132,32.68073057755858,laptop,1.1422246096442725,high school,1.7418567247412957,German,0.5578609430936117,0.5646023932436883,N,2.0346973651359876,47939.35201915642
4aa80c95-24fc-45e5-b3c4-102653f15325,2-1,0,250833,933776,87961,381,0.7220977531627122,1092,28.068250874998064,smartphone,2.360787875533548,college,0.5336925088229432,English,0.33337243356200574,0.8416218432416919,Y,2.606972165684012,44684.37296734753
be9ad381-7efe-4b47-b2c8-04121156cd38,3-2,0,669912,476467,103080,374,0.5260125533864147,603,34.813049980948186,desktop,1.7186776100767658,graduate school,1.8297174303931913,English,0.2959104548344545,0.7988341440505435,Y,4.0488007079161505,46973.33445424371
95165b45-dc58-4a62-bb78-afd606f1e34a,3-1,1,156840,752725,79200,336,0.539764739080137,926,21.567484139383886,laptop,1.4625563230160021,professional school,1.0134175277613162,Romanian,0.6484165382580432,0.9641968433136285,N,2.670040279114922,41122.39888998861
5a48e48b-30ca-48ad-a397-3ecf853bb5c9,1-2,0,579687,228624,10443,253,0.26492237726727375,291,45.84550697534473,laptop,1.6926192103824933,graduate school,0.014202292420468998,English,0.6433982525758617,0.5957565290754208,Y,0.7828931730905319,44925.32809165231
d5862d1f-db68-46d7-b717-dc2a7f78befe,2-2,1,392826,477453,36812,324,0.8643165420970388,1177,10.44914913738862,laptop,0.3961018391198454,graduate school,0.7517193405049167,Dutch,0.4387457700083914,0.5426563034680562,N,0.9754682088688661,45785.408268554624
e4766279-7658-4830-b9a9-93458033e880,3-1,1,184040,641335,102031,280,0.7746387707044189,893,33.071119517447435,,0.7104143825272939,,0.5338306998551703,,0.4427374485461941,0.2996140239160522,,0.8492642975145652,44032.4519836164
c82105bb-8520-4727-b430-daec6fdef0dc,2-1,0,140556,193746,59187,233,0.42848761475734376,437,31.40282462475914,desktop,1.0201619870596899,college,1.1959247067014098,English,0.6219399974653854,0.4284818387334009,Y,2.56673466428367,41031.42666084397
154c0760-9c47-435f-8335-5f1178d12e46,3-2,0,981817,694438,77428,172,0.8513397585713267,724,37.78622502687635,laptop,0.8977761333665539,college,1.1809584161782427,English,0.4103236047230737,0.2769224342066267,Y,3.7191406348938125,42372.98578611132
ff3d06e6-c5ec-4c24-87dd-0dfc42864aa2,1-1,0,458078,410230,64754,380,0.3609301541788297,572,26.921570896211293,,0.60762110501301,,0.866921121473509,English,0.7391981086407488,0.8729198606060502,Y,0.4046772502601126,42346.8772504919
f01af761-d426-46f0-ac95-33b120cf9e23,3-1,1,538982,854283,15109,263,-0.11673666546236261,307,37.08486161682737,desktop,0.39888990772461497,college,1.2555407778897538,English,0.5677679752681937,0.7170995191295636,Y,1.8618272034324788,46831.885045711664
c9912952-1990-4415-8cd6-b5b96d6e4267,1-2,1,308518,501722,16589,218,-0.09370566648503031,449,40.76418601940409,laptop,1.8592180307683204,graduate school,2.423191718330912,English,0.5336123927390968,0.10624803765878543,Y,1.0529641001391408,44499.62615324521
0e77b20c-c1e1-467c-a359-0a2942538fcb,1-2,1,532970,150044,106524,366,0.563266457577495,1234,44.14998589586262,smartphone,1.319211287131747,high school,0.7699988399755546,English,0.5932267282065781,-0.0003357832336273736,Y,2.935083778495021,48297.1690314589
45b56b87-c43f-4c6f-baae-661bbb6e40c7,3-1,0,172019,847373,108459,164,0.777241244292977,1157,32.84419806733804,laptop,1.2165465717686321,high school,0.5362234502229353,Swedish,0.2865079326174804,0.4939728820820904,N,0.06150855762768703,43196.632989530044
0e27148e-216f-4fe9-9572-c1317d616ac9,1-1,0,646984,13371,70502,116,0.06987803262477843,943,42.75948915342008,desktop,0.8648815380478438,college,0.7310467380273202,French,0.5858135054157858,-0.38956957368258194,N,4.896482254783253,44519.56073703569
2e1d768a-de6d-4d56-ba2d-acc494ec8687,1-1,1,373855,155001,82561,194,0.543480113831196,1132,29.842553178512723,laptop,0.9439141717606597,college,0.8323794573691237,English,0.7163852160379609,0.47289779143218774,Y,0.7280408317653578,45534.04242277215
2fbee4a6-4fd6-4fa0-83b2-b180fee815e0,2-1,0,846800,868408,55799,383,0.37385135925384805,1336,37.96994009580725,laptop,1.1629120710422451,high school,1.5043295374777537,Chinese,0.6256878912015161,0.9727934242008481,N,1.7358759282823972,46441.47013225444
471fa2d8-87bd-4cea-8ef6-6c24af87fbc7,2-2,0,245434,288036,132455,328,0.8939963940472053,1039,23.813105486863343,,1.6648655921386015,,2.631446017524511,,0.7423208739878466,1.3530033572600273,,-1.602453787368368,43593.04998304549
f67e5c09-d2e4-47d1-9df5-bbf2a9c7765a,2-2,1,742392,876471,5814,183,0.7415602311499103,427,51.81612013719908,desktop,1.3921174352051529,professional school,1.3303447518757199,English,0.40326137866645195,1.0350913390355514,Y,2.1486645894301386,44552.447189682076
475f8bb1-e661-4dea-af87-86ca2a261e7f,2-1,1,499182,742673,124539,226,0.6921301378932178,1199,46.78814632023677,laptop,0.8115454257176917,high school,1.8716430885656474,German,0.6463772215588851,0.7776741790128336,N,2.4214255598393164,44587.07916027439
c16c936c-e99b-447f-b617-9453bbff6d31,3-1,1,240675,396481,6380,265,0.3510220325186554,498,35.747307707947705,desktop,1.1496462982296496,high school,0.8183682059011694,English,0.2181630209799963,0.7913129616169072,Y,3.447989336055774,43966.07077169816
ed0920d4-b642-455e-bd2a-ca21865b50e4,1-1,0,794231,131287,118170,225,0.8424324534719487,1160,32.38301903030978,laptop,-0.4451843138268514,pre-high school,2.8598962665709307,English,0.6565226136959088,0.011189825759458483,Y,2.898339391556891,44086.00729107478
b6b69b9d-a92f-4ad9-aa34-a654185cbcfe,1-1,0,559039,395391,127276,203,0.4033774967444802,645,30.73669015230487,smartphone,1.3050010778334862,college,0.709751851163885,English,0.35303186081472016,1.0607988290093016,Y,0.35768291297293153,44451.24652164096
0ee8e6e8-930f-441a-8244-d7788041cf5b,3-2,0,184660,495273,113209,289,0.5091226960132843,491,44.08958447535208,desktop,0.8099959760461714,graduate school,0.6575711631112058,English,0.5664889654936339,0.1685516644771683,Y,0.44438331589613767,46974.87744952192
41f5530d-ed72-4608-a119-a71dd31aaec0,2-1,0,133057,137315,11858,231,0.28101429333081573,561,20.268712820470867,tablet,0.6563796624001476,postdoctoral,1.3283047851515983,French,0.4670749900653768,0.2752086177891658,N,-0.12468386774246465,44580.52264073503
ffecc92e-4523-43bc-881f-86a60ec0cb05,2-1,1,390957,406668,45258,206,0.462176755911382,839,25.08592676632866,desktop,1.129447022585147,graduate school,2.1117240483280657,English,0.23073011899674944,0.47647283980112937,Y,2.2730409280360977,46393.465277877105
b0d76a60-3231-40e1-8fbe-d4d020b33e22,3-2,0,7438,578897,34790,206,0.4964844925157116,627,31.52810376722865,laptop,1.0529289493881433,professional school,-0.17191080284168314,English,0.7380595164039585,0.8685976910546904,Y,1.7543406230586938,46503.88235238331
336708c2-b201-4f59-803b-092eea309d6b,3-1,0,995300,165821,58031,332,0.2624668188605459,337,36.63779173549029,tablet,0.953291753366525,graduate school,1.1510735858996997,English,0.859516433121557,0.3209107738571999,Y,1.1881355099011248,41045.8852168834
a1f22d02-0b2f-4c57-8736-0957dd153f8d,1-1,1,124316,822964,373,317,0.25170065715378165,1307,46.302336775792796,laptop,1.566089965248866,college,0.8620371479225353,Dutch,0.49212245077131367,0.0065220809479626385,N,2.1347193838697978,43680.952313708505
417336ae-daf7-42ca-ae3d-7ebc05e0c43f,1-1,0,554307,344471,107519,159,0.7549581087745953,1346,52.21123438503194,laptop,0.614540291612607,college,1.4908833688225822,Dutch,0.2982366838349735,0.5161531528467909,N,2.088584073351117,43287.50620281417
388d3669-9c70-453c-ad4c-0d18eedac5f9,3-2,0,69802,602872,25146,139,0.5864032966366877,644,26.969653917472264,desktop,0.5548316314047859,graduate school,0.8997892131687572,Other,0.15653700191051534,0.20676513000464158,N,3.5076676306183003,45584.57026178315
4aa80c95-24fc-45e5-b3c4-102653f15325,3-2,1,950394,980240,87775,118,0.402958374200691,493,42.62107764869428,smartphone,1.2120938463751396,college,1.8677209858157875,English,0.2663108348760127,0.38264923579466936,Y,1.3178135673209161,45925.48777194136
b4649c6a-01ed-4f21-be3f-a0f29b97fc1b,3-1,0,557312,118460,112808,147,0.6038565012942528,391,39.525671680672026,laptop,1.4569665301367385,college,0.8006778251188337,Dutch,0.2382858338963057,0.7574289380380066,N,2.0294483794950726,45546.593949774666
95ad60c1-7c93-4341-9da3-763bbed405b9,2-2,0,4539,490709,896,286,0.9804579357991414,1001,12.245631891206571,desktop,1.5290839856795384,college,0.3258574650788735,Chinese,0.28930025061885145,0.37437971288548244,N,0.19117422885194313,43854.6811766217
c2330187-54a2-48ba-be2c-d317fea39438,3-1,1,20523,143757,137521,255,0.4811146881438361,1106,30.515391572446664,laptop,0.22048749121838296,graduate school,1.1608019861019931,English,0.5851553123299881,0.9009335382976693,Y,2.0360344818313916,44420.475982994365
cef9fb15-e845-46ae-8282-8e7247078df1,1-2,0,680331,182201,109746,316,0.6632352535389829,984,12.144667017556294,laptop,1.9859893688911008,graduate school,1.1929739627339142,Russian,0.21705642344631443,1.0283928157557276,N,0.8014814367408422,47274.01232707065
f67e5c09-d2e4-47d1-9df5-bbf2a9c7765a,3-2,0,686373,238852,65806,304,0.45739540204931,510,24.932041146687922,desktop,0.3230981113252014,professional school,0.42383121845453553,English,0.5426987729019732,0.46956992262436226,Y,1.952221204330972,42729.68531599508
06d98056-2cc4-4216-85e9-e3fe7d5751fe,2-1,0,846785,800422,7795,170,0.5226593375146178,1139,27.280115922646747,laptop,1.1349574364055826,college,-0.10748853888686405,English,0.7350302549944105,0.6216848916773271,Y,1.9719139306220006,43709.10603217076
e1f48355-1636-4f4f-8966-a26d86a48b3d,1-1,0,877158,232295,5475,301,0.5885934567064497,735,34.66814581284956,desktop,1.0758696656703335,postdoctoral,0.9836476542433179,Italian,0.46703430613351027,-0.4114873184010752,N,1.4354776075486804,43091.44143038057
0023cb4d-a3f6-4163-8761-a07914b40754,1-1,1,691927,114279,109397,278,0.5589041391006092,458,25.7906846142122,laptop,1.4146194452008996,high school,1.009568393028499,Other,0.647404578278306,0.8796979561271188,N,-0.14549502621268662,45457.90228378389
276e0af6-a9e3-4de0-8f77-6dbf7f9e3c15,2-2,1,31657,595243,97582,357,0.23988698582899176,749,15.835535190011857,laptop,1.658452761951598,,1.5484613721257185,English,0.11542067203037876,0.5579227079549302,Y,-0.40282496210036856,45881.56134379
295fe5fe-cf5a-4c14-a7db-ab1d21f1348b,3-1,1,24755,512667,72925,158,0.36446898389531374,1249,31.859401220354776,,1.4430443202141652,,0.1370837750309799,English,0.485021757919384,-0.3641120312365428,Y,0.9631131830325171,44837.523000097746
dcf4d35b-0244-403b-ac65-5593edf94d6c,2-2,1,335385,777692,34803,356,0.5180076441987949,793,37.53781996215477,desktop,1.538831563666307,college,1.3208012594404688,English,0.33149902765975414,0.6556849341195548,Y,1.1840477310936497,43649.25142230407
352a4090-79aa-4827-b4b0-f1bffd883940,3-2,0,21562,311272,111604,320,0.9929523862983323,1302,30.569349515756613,desktop,0.28260687928634143,graduate school,0.9587987297136944,English,0.24048174383825766,0.04710604236656796,Y,0.9657302295805047,44226.26515084148
cfddbee4-d7bc-41a2-b2d3-a6380269d199,1-1,0,858163,34713,45687,276,0.5646047363393744,724,32.24250387819305,laptop,0.2935769018581682,graduate school,0.29132497904933585,English,0.5443008479909117,0.33795075274382735,Y,2.057929514290792,39772.1146181431
71a4495b-b507-4fbb-b247-6be543b98550,3-2,1,621213,874071,8208,158,0.08803588284714242,334,42.28427407201279,laptop,1.2995615379701366,college,1.1590172640312228,Other,0.3352556091163227,0.1053959285379758,N,2.092110315723564,44954.66416231409
154c0760-9c47-435f-8335-5f1178d12e46,3-2,0,144115,47223,129738,330,1.0156741011506223,1422,22.461972493931423,laptop,1.5427506239188935,college,0.8437942576583958,English,0.3667211108512144,-0.3936454492569029,Y,-0.815531668173409,44051.55440098717
e66ac7c3-faeb-4b2e-8dbb-929d29a3bb65,3-2,0,949113,479211,57805,208,0.6869001840114464,406,23.970776656108985,smartphone,0.9427881185739956,high school,0.1618134504373091,English,0.3655053340849408,0.02294294131418373,Y,1.4981284880540935,44656.07005364136
4eab4ba9-b923-43e9-94b2-b50f8ae543ad,2-2,0,722147,597766,12926,297,0.8960226782551078,394,28.580470949108573,smartphone,0.7411464427805399,high school,0.9363444500993735,English,0.793397293192425,0.6702943130677229,Y,-0.3650018888942359,43141.79411423139
485838c8-c7f2-4591-a8d8-7896e1327b7d,1-1,1,87990,838694,135441,234,0.5440266144738453,444,29.6205960747144,laptop,1.4407987891675904,college,1.0335870709266493,English,0.6201375133946945,-0.375515258750194,Y,2.755569033478304,45402.62954305375
4ba34db8-9baa-42a5-bed2-a6381f36d03e,2-1,1,393605,465506,73981,173,0.9606495762092032,542,32.38539411379675,smartphone,1.2719880857640298,graduate school,0.7458417575096719,English,0.32824900662547163,1.0665177496525744,Y,3.471719095459121,43298.849620304514
4bf66c16-79cf-49d3-a150-110237af0243,1-1,1,741513,837930,116970,127,0.7216603952109891,963,62.30039433044699,desktop,0.2003136196785108,high school,0.9094236209823539,English,0.6267134019436404,1.474734176079909,Y,1.588673625839068,41748.85068238733
e260bb95-bce4-410d-b0de-baf551b2b5a5,3-1,1,207729,484696,82567,347,0.3135595648558075,476,23.414684977747697,desktop,1.556110312004594,high school,0.38073416694907947,English,0.6142286941574076,0.4325104930311252,Y,1.8764891236667807,42693.70168472639
041129bf-1228-43d2-af14-173e38b15972,2-2,0,1697,442553,78465,136,0.5076909433069988,1376,36.86586632755151,smartphone,0.41888384334999695,professional school,0.13593884021680713,English,0.38725489678532676,0.26967023033605597,Y,2.097652583057367,44101.577657804046
54c3e853-e07a-4b15-ab2d-691a120c3b32,1-2,1,660650,161405,43823,158,0.5425967214568683,616,31.435115265234515,laptop,1.9243862289919833,high school,0.47626692898639145,English,0.5983921746852572,-0.13329909502429138,Y,2.5652010459896277,42300.96220580283
fc8fca36-1e38-4e4c-9112-621a6a9471e9,3-2,0,620269,932306,71759,251,0.5060463504417018,1286,36.84243742718713,laptop,0.3985861088079028,high school,0.802436068327339,English,0.32122075458010757,0.39652102291846547,Y,2.2795122874717593,45577.15986484688
949a9e93-0ca1-4643-b4d5-9852ceeeec03,2-2,1,707945,749869,139874,173,0.751551329381595,720,51.56460716569644,desktop,0.49342692254824627,college,1.018783292047811,English,0.3999911899498088,0.2695211862089536,Y,3.2239709249266095,41483.675889792474
fc04e88b-4dcb-4ad4-8171-4e21fe5f259e,2-2,0,133501,720604,49708,108,0.6297530103850943,342,38.187929551895586,laptop,1.7524797104254353,high school,0.7532852858942395,English,0.6222691808117358,0.19864036972050325,Y,1.0239984581776966,40561.29661252209
d77f1a0e-29fe-4341-9629-55666d082f4b,2-2,1,274853,742663,118009,236,0.555747220987262,286,47.50885407702538,desktop,0.9761916167698608,college,1.1340294655451875,English,0.489830004658679,0.9673561504191346,Y,1.1968498410971824,44140.09069086942
db397e5a-8fad-4c15-bf93-e25495e0584e,3-2,1,995555,956424,132529,174,0.080527772594788,1372,49.37458057333789,laptop,1.2996711554585185,college,1.3590708783178134,English,0.5424353475128028,0.8284893986498926,Y,-1.376263706376113,43465.7278849674
6487b006-6591-4302-b387-45b630b259e6,1-1,1,511533,819833,101251,254,0.2058003819436029,1241,22.228861115083113,smartphone,0.7949116377702952,PhD,1.0714693270552331,English,0.7031751111983293,1.010529344455049,Y,0.7637557094877356,44923.19696903645
529af3c4-1f6c-4ced-ac86-165cb41a1629,1-2,0,632765,741554,23422,130,0.7970041247728572,1260,25.106427505012782,laptop,1.4426587770079535,graduate school,1.082790112669026,Spanish,0.7998795344959928,0.4336611020038923,N,1.386945237059861,43899.18286774197
05407942-f651-4129-adc8-541378ce6ac3,2-1,0,480972,189813,13594,293,0.7744658084883702,521,26.524597203836237,laptop,0.6382241378646144,college,0.875264056610539,English,0.7057904343382384,0.4371109373264879,Y,4.040428560539761,45449.6591265584
d02dae2a-18e0-4019-84a0-e1f2d1b6360f,1-2,0,88797,342909,20282,261,0.6007214685156925,1142,23.61995530413591,laptop,1.763606207157765,graduate school,1.0468868616730787,English,0.29190883543630847,0.005175913846250602,Y,1.3381996757846975,46455.18771712108
27d0e742-13f8-4911-a1d6-42cbea5067e2,3-2,1,83200,668334,40452,295,0.16490862481545554,560,18.82836847347408,,1.256599763015699,,1.075363714391758,,0.30755946254762734,0.48150632168064705,,1.598301191602601,44690.19299465677
ad4283c9-d606-4e9c-b45f-7f660b31f5d3,2-2,1,699469,782876,140296,296,0.5872501276845797,316,54.29558003986806,tablet,1.0747392706573304,PhD,0.8604730861875232,Dutch,0.7053901972274533,0.5749525200315084,N,0.4041594909386099,41634.25234355516
0c06a58b-c629-43ce-8f6c-2a140dd88b66,1-1,1,35403,494890,66246,330,0.654691371384018,1358,37.7093118774526,laptop,-0.09631910134154187,college,1.4214545303563342,English,0.3221800472272341,0.2187661383753231,Y,1.492259604438087,45389.685987165256
ea2dec1b-93f0-4fdf-abd2-49c6087d3b5b,1-1,0,840691,114460,371,212,0.013695241936343083,419,31.606396901419863,laptop,1.187530797030604,college,0.7252303083217009,English,0.6708084588160643,0.886362681434018,Y,-0.1746914208670831,43332.868897297136
14bf8206-4d05-43c0-84e6-984bbe11a47f,1-2,0,208726,195610,45596,127,0.6182162736775934,338,59.04585046166788,laptop,1.2561739676186083,graduate school,1.4685123750935514,English,0.5642122050128802,0.8528897511375124,Y,2.9007643139524175,45059.887819801545
c2a8d24d-9630-4151-8175-0b42eb1aa9ec,1-2,0,1012494,934448,76474,324,0.6456192699097947,485,46.00352484879747,smartphone,1.866682270152762,professional school,0.6138849791289684,,0.6617585103026564,0.25547614475430225,,1.6332234956083294,40295.850456471686
24aa2b4b-800c-4a4a-bac9-727b1065e142,3-2,1,676287,582245,62647,118,0.591261053030274,1289,22.46812192590758,laptop,1.0343702438419469,college,1.0062547062667437,English,0.2883268443110606,0.3303586311505913,Y,2.2545093245705146,43525.16331278172
ad4c12c9-5088-480c-ac6b-07b6e44162bc,1-2,0,500600,751150,45010,277,0.3259338767450892,1134,44.11934056798689,desktop,1.438546874614651,college,2.077763160143402,Norwegian,0.31906456160932917,0.5615914410679043,N,2.287440348639562,42960.32051792908
2a29612d-37ba-41fa-b45f-004677aa5908,2-1,1,692906,199491,33543,197,0.520547244278453,387,37.595723225099185,laptop,1.5292614142204035,graduate school,0.7445225297490101,English,0.6599790221438346,0.6427964927580984,Y,0.1341440058974066,45198.511742010145
27b4821a-e017-4740-b5cc-429d50c88f5a,2-2,0,514692,146552,116394,150,0.6007901620230344,358,38.03936584063169,laptop,1.3460684795588507,high school,0.4443046639193037,English,0.3458282935912565,1.1530040902161702,Y,2.414395308303785,43443.62487271042
801b0890-5265-4faf-95db-452ce047f74d,2-2,0,291316,159969,124164,203,0.42844100081580067,759,36.73053524578165,laptop,0.9611902462978573,college,1.5802769632585898,English,0.5734012183620734,0.6859713264392262,Y,3.333733889566383,43161.768696093044
934b7cd1-b84f-4fae-8981-c0231b37dc5b,3-1,0,680319,338387,62672,148,0.6411810664711013,1103,54.498650284720895,smartphone,0.4668207744862465,graduate school,1.0168610752896465,English,0.657529598903137,1.5696234524802866,Y,0.6509067564553086,44197.164844909224
ff595b52-47c0-48de-a732-ca6f366d3dfb,1-1,1,140575,40314,46836,164,0.626460794030143,1372,45.520249225613476,desktop,0.4939894208948852,college,0.9216128069339927,English,0.4790850845196034,-0.23783143936018625,Y,-1.5359864301939359,45139.02712911064
34604f27-94d7-4af3-9b8d-7c9fa836e7cb,1-1,1,102851,493209,134480,306,0.6082547266095519,1356,7.505414973025317,laptop,1.6434870528945416,high school,0.34823153307700927,English,0.1878080182732092,0.08583856363787706,Y,-0.33331206383613354,45473.09457210735
fa246754-e497-43c2-b08f-7b8daea1b410,1-1,1,1018282,448958,65373,168,0.2460396036093927,756,23.528025461826584,desktop,0.7856660563129161,PhD,1.8414173838876768,English,0.8507658586941037,0.25138885286661083,Y,-0.4070429253983616,48002.203641156535
84e4310e-79bb-469f-a212-a280f0defc2f,2-1,1,319920,366759,34160,145,0.5127484440987989,1289,25.085035338932357,laptop,1.4843378043464184,graduate school,0.5565778849075693,English,0.40485602764583484,0.5479488389298841,Y,1.2251678659808918,44559.35461017413
4bf638b5-36b4-4b87-977c-dbb48a337da5,2-1,0,138654,363919,107148,342,0.1530521780447432,321,38.49040302714463,laptop,0.27876921717247904,high school,1.6968193210993503,German,0.44453894908661007,0.7918856081529793,N,1.1423920663761877,45523.24533975645
f1d9d03c-16e7-467d-8734-070773d65aed,2-1,0,418157,929629,46000,270,0.25296980318174916,959,46.57505666819072,laptop,1.1672467979088303,college,0.7454951922054127,English,0.5490637725557299,0.7123300978289366,Y,0.082828852032939,41828.83230966688
cc5900ac-23f3-4768-99c4-faf9c29e9382,2-1,1,848393,416393,55590,325,0.48438724787503157,453,30.21924493866309,laptop,0.4170114394682817,professional school,0.6969053194803001,Spanish,0.6202851528661498,0.6478004590920319,N,0.9934966224420366,44154.59540680865
fff115a4-7e00-4376-888b-03c5bdee5f3a,1-2,0,615064,724938,69549,145,0.4703455446970475,1028,18.220946025848377,laptop,0.6250012871024611,college,0.575306149385603,Spanish,0.5947960463708062,0.82535773954385,N,2.9653489253254164,44690.557506906945
8d39576d-2b3d-4eb4-acfa-32254991618d,2-1,1,525054,364205,74824,350,0.2210093610548275,447,49.53414633240925,,0.2521512771177593,,0.8086566380651048,English,0.6231429304437516,0.6940306980362542,Y,1.4863539795950902,40322.70905687862
dd3b3024-ad2e-4cd6-8c24-3b0c6ab90dc0,1-2,1,401395,728490,41728,232,0.29842494693924027,392,28.276710117580482,laptop,2.0332003910586667,high school,0.43034660704131,English,0.5073857317814988,1.1602449285852667,Y,2.632796887355447,40828.68476316083
a12939e3-640d-42c5-87ed-83c1358c4698,2-1,0,253648,851573,88487,162,0.40873108531480984,1226,28.717521490606593,laptop,0.5821607997187235,graduate school,0.6572688937274287,English,0.5846876236596258,0.39580561305373174,Y,2.1939196375132077,44855.25122076704
61d89609-6242-4f26-b2cf-8a9f538a757b,3-2,0,157556,585486,21022,126,0.5166162300578171,425,39.647505486584066,smartphone,1.468166683155904,graduate school,0.9521574616892875,,0.6336126680490808,0.9111844562311424,,4.07661568198862,44306.594725485105
f3976e86-1195-43c9-a4d9-901ec02d365d,3-1,1,864217,521765,40174,163,0.1943063139163556,1261,54.637791167817866,desktop,1.8372703313196992,high school,1.6005854596478386,German,0.14160122169281447,0.485988706433699,N,1.2089761698396546,42625.084690969285
8053404b-3274-4b36-a3ed-c3f4cff86dee,3-2,0,53993,413733,20549,119,0.4968772769634771,372,46.18938211002201,laptop,1.7269306296266018,college,1.5816876279348926,English,0.28765946356776606,1.0423911665250964,Y,4.079089421108748,43460.78080606452
24a6f167-5017-43b5-9dfd-891537602f94,3-1,1,806334,482132,10730,256,0.2352280897478881,938,54.765573673722,smartphone,1.146524136876955,college,1.434945013596329,English,0.3547079827410127,0.9769088102082448,Y,0.6934898846107147,42700.95257761837
5ccdee25-cad2-481b-8033-c90162b98ec7,3-2,0,679105,108518,13037,187,0.48897346544517317,647,51.49227696207522,desktop,0.10594102707951547,college,1.0956222851963608,Other,0.6452839070258124,0.6237615588874053,N,1.0030800906256636,43795.9417995276
ef9702d4-36b9-4de8-a045-dbce0eb27a98,2-1,1,800417,789265,97771,298,0.5074806855108605,1120,49.705529749797165,desktop,0.7396439849038711,college,0.9786314486210532,English,0.4163667936379881,0.08579089300856224,Y,-0.2930023495890728,46128.747466039305
fc081f63-4e8c-43e7-ba36-428995498f3e,1-1,1,865079,998717,19159,113,0.23132710674107365,1196,44.97099136407717,smartphone,0.6820148471537484,high school,0.9450273310108612,English,0.38102439739277927,1.1289975299974486,Y,0.2697350451912981,46984.4788349118
606ec9ab-33fe-4f7e-9330-c0c5d30928c1,1-1,1,848247,984107,94613,186,0.7670018506101575,434,23.945915447393283,laptop,0.43361991160937274,professional school,0.6791784109978148,Standard_Hindi,0.7240884829724064,0.9067382988923085,N,4.246160824356036,42057.00945726945
b95563e8-9d70-4aee-8c29-b2d677981d92,2-1,0,522649,723990,19410,358,0.47270568360089593,865,62.25028918756878,smartphone,0.5745911047473803,college,1.1368234619594504,English,0.21958605697688716,0.024003328185610684,Y,0.8611087399833195,46426.41772200886
a4ad1191-04ac-455e-aff5-2c63a910dc59,1-2,1,638052,943796,38875,165,0.5851149029520293,538,10.841990325290112,smartphone,1.6579925208910975,college,1.3899022772613818,English,0.2343034337061362,0.7431433567198112,Y,1.4921494420259402,43424.01737680865
a8a7b6f7-3663-43c9-a149-88a058e52ccf,1-1,1,484058,156168,37809,184,1.008235135295941,797,37.999517103863546,desktop,1.8229615416785654,college,1.2798448397210225,English,0.24280029033999234,0.699426782725449,Y,2.6158443804893574,42394.94908930495
e1205048-076b-4e6f-a4f1-23fa25931539,3-2,0,91610,400197,129879,332,0.08857028350979862,941,39.39054990712463,tablet,2.1747841724029637,college,0.9698724407663394,Russian,0.7074345138359202,0.5651263999172538,N,3.0829945936981042,42505.30335347143
123cbcaa-5ea4-4b59-85fb-394a9549a516,3-2,1,953292,863383,70268,151,0.6203755718383928,1398,23.13549504845721,desktop,0.3090505443416949,PhD,1.1451895702173438,Romanian,0.33162911861655103,0.32635962370985405,N,2.941318048298714,43913.03076105731
253f1616-4a99-4ebf-8086-6ecb195f5fc8,1-1,1,696750,749757,22737,308,0.47924166143826996,420,22.80846318774474,desktop,0.7366140423842777,graduate school,1.1082524735571921,English,0.4149127011648035,0.8215497266596956,Y,0.45189604633129976,44535.78453955455
089fc400-90dc-483c-907e-f7143fe77183,1-2,0,617808,413347,126565,284,0.5116413212190809,1312,34.36115929929537,smartphone,1.6074282261040835,high school,0.6539768766387252,English,0.8251245001518763,0.10219046567710866,Y,2.461032984399548,42999.88625188251
0fd5e38b-fd91-40c0-b154-d407eba53e1f,2-1,1,755651,246797,69351,337,0.8274738022094195,1421,32.536110941698176,desktop,1.0086942189664485,graduate school,1.3112768522243516,English,0.40954510109020736,0.693808986418847,Y,2.0948310252879767,42841.31663315165
24c1cc74-742c-4c92-860a-7a2fa7659727,2-1,1,375186,374093,334,237,0.163850527450548,1191,26.61099533754718,laptop,1.2748331011864873,college,0.9392712552678772,English,0.24497855620028836,-0.12079075793587768,Y,-0.37606381523167176,45042.32212987094
b856a7a0-694d-44df-84e5-7df262774187,1-1,0,675900,978142,82974,147,0.5061411069916208,362,22.03662083748618,smartphone,-0.29717106320124476,college,0.804837589026952,English,0.31537873286406937,0.24282891842831128,Y,1.7322690992316208,45190.95331206041
df64e0d9-db88-4977-a401-e1f442400556,2-2,1,797996,600636,8123,154,0.34824845701260376,1148,34.601258632189435,desktop,0.5846665516709584,PhD,1.1494213865293625,Dutch,0.4355756505305304,0.3617550030176584,N,1.7053556726543364,47309.24641878195
44593a98-060d-47ea-9a57-97e0c70027d0,1-2,1,661358,625931,38334,328,0.6773366770252118,479,60.482582144010436,laptop,1.160767348049242,college,0.7534865811605229,English,0.023871718405428732,0.3734924578810539,Y,1.2047994591916074,43772.91088696939
bca2bb1f-e075-4290-bb59-fdd14fd7f870,3-2,1,441180,63795,124421,152,0.5159352844878107,992,33.35799101537256,laptop,1.620611308987245,graduate school,1.5415004855444647,English,0.5403180641274286,0.9363691266670308,Y,3.0732363356537125,44208.36287110258
9ac5e209-cf05-47a5-a394-9c733e12d8f6,3-2,0,690713,130761,15181,210,0.8330913753735778,1405,40.52749513432521,laptop,0.5274186637271727,college,0.8950731798865716,English,0.44647373163839615,0.4078385355311112,Y,2.1442136757541137,43111.52805597036
4bf638b5-36b4-4b87-977c-dbb48a337da5,2-2,1,111217,750989,82869,148,0.7851108864953231,579,42.92972669491603,laptop,1.7346374062433632,high school,0.411418987624364,German,0.48147289689235645,0.7091326172971748,N,3.7464631568195372,45540.75309724035
f4c048c3-5be9-4b2a-b8fd-4e03516dac50,2-2,1,750362,751470,105922,238,0.5390360247152028,452,27.158370058123776,laptop,0.717095232032605,college,0.9011849958319456,Chinese,0.3281976427799251,-0.1837848227640103,N,1.7009018530366193,43794.0097776832
4c958f8d-f3c9-40f1-8816-2b0c39a38bd9,3-2,0,472526,329167,110450,316,0.7751274589597985,895,39.822422674651094,smartphone,1.5166021762611384,college,1.5493477197190284,English,0.22524157577144632,1.1142517277777257,Y,1.6025597209398028,46533.28614870372
afb433da-e4be-42f4-a386-41690af0783e,3-2,1,847916,926824,5330,285,0.31464101842083403,1163,32.14688356828288,tablet,1.3058584091667835,high school,1.2030304764092183,English,0.319285851171877,0.20523108898838427,Y,1.3226608172913372,45044.08274188618
dfeed816-4de9-4be7-9ea0-775157c7bd76,2-2,0,357870,224829,62821,219,0.3715584228594505,1356,44.442098567040134,desktop,1.5289307933787617,PhD,0.6775025781890309,Portuguese,0.48604368406608994,0.34658201664122107,N,3.33553205449714,43883.60881420646
f1d9d03c-16e7-467d-8734-070773d65aed,3-2,1,100240,712326,99128,125,0.6364602512234809,1375,31.430521292366493,laptop,1.0534839172099366,college,0.8727915009130318,English,0.3421005593273606,0.018757896086552428,Y,0.969062008590792,44214.742225455804
8716e0ad-f17c-4c46-97ed-2c9643a576b0,1-1,0,645338,534716,40954,179,0.6954784683227659,464,42.921675742787016,laptop,1.13031306789633,college,1.3446670403934124,English,0.35218748510431397,0.4990430089064641,Y,2.0296039699392034,45570.31260298689
817abbbf-33b6-4f40-a3e1-e0b38753e896,3-1,1,212134,622154,51610,238,0.10484030827819885,1285,38.11807860358823,,0.5465474412109674,,0.11887334558812068,,0.5746214434375589,0.2949059903357406,,-0.370297813539036,42993.93483517254
3208209a-6dbd-4582-ba9a-63a144f479f2,1-2,1,455509,53125,14845,266,0.5121143516818386,345,15.109609635254792,desktop,0.706439368392124,college,1.445082676907854,Indonesian,0.3617658087038126,0.5605253816600906,N,2.702254681239311,45750.22609349757
314782d8-515f-44b4-ba28-8365f8811ae1,3-1,1,365993,999237,14918,284,0.6075170246005738,1002,36.13273944537048,smartphone,1.020302505855434,college,0.5304060951822778,English,0.5380443305776292,-0.025875335669810706,Y,2.5144993889418243,43287.60572237771
4c958f8d-f3c9-40f1-8816-2b0c39a38bd9,3-1,0,302496,319010,93778,243,0.43673504095093396,1345,44.44930307855917,smartphone,0.06954319290677136,college,0.4629878601881836,English,0.4047759014608197,0.9830867273661048,Y,2.2826110223513543,43096.789174972626
ea0abfe5-f18d-4fad-9ee6-4114f292450b,2-2,1,537651,743994,141588,352,0.4903584325833062,316,39.963400124834614,desktop,0.8770530489100887,high school,1.0060678504498473,Swedish,0.47383780731129216,0.45277119742442495,N,2.0799356858916602,44769.77412070571
5d7f8090-1b2b-425d-acdf-31cf8ff2f527,2-2,1,728701,261950,62873,189,0.25452287087175973,875,35.82115409053098,smartphone,1.5460401043661296,college,1.5541947517875336,English,0.5961371378463384,0.3975427616933659,Y,0.7016298769763492,45267.34940675488
e1937dac-e29c-4679-b93e-9d6284fd9da1,2-1,0,817580,261992,34553,131,0.349322089386854,1145,45.408616046758176,desktop,1.590460178290896,graduate school,1.2713689193961544,English,0.4700368314153932,0.14435982075981124,Y,2.919540554117301,45493.57496240107
adec7fbd-3153-4612-846d-2a4183f03202,3-1,0,156660,935999,120395,212,0.4956439178603798,681,49.94083375154744,laptop,-0.0939402468686874,high school,0.5476593829693301,Chinese,0.5030089276136047,-0.004464655536115192,N,0.7473391959351133,46518.29486930515
2fbeb59b-f93e-4073-8132-de082fdbda03,1-2,0,786589,281855,118910,195,0.259597851040666,769,27.748227742414144,smartphone,-0.22781332510124574,college,0.7904545461456762,English,0.5475465725339475,0.3222634311690711,Y,0.3654923223282269,41584.65255325222
bafce4bd-e4e4-4d73-8424-2a9343c52f7f,1-2,0,495763,447763,119494,142,0.49777863541777445,857,45.60840967799073,smartphone,0.08750741998705747,graduate school,0.6648064813821655,Other,0.6388688873806734,-0.3063706445847708,N,1.0094108267540758,46727.2662058253
529af3c4-1f6c-4ced-ac86-165cb41a1629,3-1,1,92709,984621,82506,153,0.49636202445383387,498,16.72461641771423,laptop,1.0990316663141146,graduate school,0.641353401984712,Spanish,0.6364926637888488,1.293141707772458,N,2.584802422553031,41784.12398472642
dc6fe456-3569-43f2-b793-afaf3225c316,3-2,1,564570,34243,61831,333,0.6170456532222329,610,31.310743902966195,laptop,0.5613380050543904,high school,0.37160802304138196,English,0.3029780210222588,0.6420279424191083,Y,1.114708431637465,44108.57608344147
f8f2d78d-c54d-48be-ae80-43fab72a956d,2-2,1,978359,166997,9084,155,0.7358699345291495,1435,34.28788490676658,smartphone,-0.2744660207049101,college,1.0019263799888,English,0.19443312485032221,0.26068430266501486,Y,0.5180169740902125,42287.65081884544
c7962751-a043-444e-807b-543a4b17b012,2-2,1,580390,537418,81491,183,0.6610450112460906,1167,10.953116558470594,laptop,1.333682575510258,college,1.7624403226936365,English,0.6521955838054885,0.9554222769048055,Y,0.4751979111881848,43233.46466475588
b1872ef2-f148-440e-a44e-3f12578c14cc,3-2,1,842485,193427,2701,193,0.4468899468416409,1141,23.583248719358373,desktop,1.784209813006275,PhD,0.7742903852270479,English,0.6439729403656133,0.4012317266030846,Y,-0.3429986953076467,42379.35207583642
45fb1767-91e9-4d69-83f1-3c781425982a,2-1,0,43767,179589,52477,245,0.5334297366205343,831,30.877193859476076,laptop,1.8394158046807343,college,1.1357003935108272,Other,0.33645119879865687,0.5630562909790037,N,1.354834648558515,41073.49226052637
dc68d578-d73f-4d91-a515-6a5569f35516,1-1,0,845045,59620,103912,160,0.3566905158743974,365,25.35206949818071,laptop,1.462627011625011,college,0.8859515803717386,English,0.5935559849340422,0.20510480858430852,Y,1.231572876437929,41917.58824799594
dc6fe456-3569-43f2-b793-afaf3225c316,1-2,1,537780,819789,122804,283,0.9625559995624,356,51.364293825621374,laptop,-0.07695394932641353,high school,0.8077635807110704,English,0.4732209085076662,0.5043842208185485,Y,2.0330548911380344,44148.93506288017
9fa1aab8-97fc-491c-804a-f4676c40ea0f,1-1,0,136012,743725,137999,269,0.49214995899819347,582,20.092879386895895,smartphone,0.5185937091433968,pre-high school,1.277339111782241,English,0.730576996515971,0.8990578855106832,Y,1.0282814251317502,42097.90539094502
8053404b-3274-4b36-a3ed-c3f4cff86dee,2-2,0,887357,628549,108440,171,0.7605798525302745,697,30.17039438906474,laptop,1.965074083047115,college,1.6427337030958853,English,0.5687859823601972,0.6681327624606203,Y,1.6319085951662222,43418.091934780634
020bf19f-ab82-4c2a-8fb3-fbaab33412fd,1-2,1,238468,484015,12665,312,0.20433515197380397,623,34.50822026252494,laptop,2.3141246305541388,college,1.275227704414312,Russian,0.40641793655319164,0.5851916073083936,N,0.23673807279794112,40753.23623810802
ff595b52-47c0-48de-a732-ca6f366d3dfb,2-1,1,508272,321412,141471,241,0.2927016595924641,1311,30.742771048730983,desktop,1.7828162323303167,college,0.6543619834463524,English,0.30687242745192855,1.1261999098626996,Y,2.4030852791143475,45352.389239533455
4bf66c16-79cf-49d3-a150-110237af0243,2-2,0,248634,752492,48629,160,0.5695208900326477,920,33.28033855232631,desktop,0.9809282331298077,high school,0.3437915009777641,English,0.3544828133122425,1.6371364825662742,Y,1.8821760084512593,45523.79286366718
8205439c-3064-403e-8fe9-b46a0c866470,2-1,1,181649,241746,15021,159,0.664553668088829,1393,25.58133011869665,smartphone,0.3050838743427431,college,0.7683286438923282,English,0.2057223367820863,-0.07189619990926832,Y,-0.00330589381719415,44796.413310719654
df64e0d9-db88-4977-a401-e1f442400556,2-2,0,570758,647971,7800,348,0.20942084548345846,622,23.805670486119567,desktop,1.406945863398212,PhD,0.96526146552528,Dutch,0.5071468246972654,0.47906192342726645,N,1.495891610164989,42363.83575955724
c0906133-d1a3-492f-99a2-6e5a6c56f767,1-1,1,374654,198256,57168,347,0.6181528845256462,425,21.00569667789371,desktop,0.8425218369367079,graduate school,0.6420682009841348,Norwegian,0.5101201913885103,-0.34296181421496896,N,1.6425976345134083,46107.823762187836
1b57438e-b823-4e70-95b2-c4659c379273,1-1,0,234527,884905,4352,204,0.3281468555722058,667,32.03443029118841,desktop,0.19746077156665165,college,0.5113706414904096,English,0.44541000672050657,0.21449078726163273,Y,0.35922920475929776,46555.44845709969
e726e53d-6183-4ec0-b300-896df7bca3c2,3-1,1,473825,180399,125846,135,0.39147765470008294,1437,30.987036789688148,laptop,1.0390786650883679,college,0.7233905535410998,English,0.3006811726801798,0.44249793885675376,Y,2.971550750747054,44515.88306603374
43bf127a-e9f8-4553-8ed9-5bd8a1da3ac0,3-1,0,792934,1001924,121582,294,0.5373823417539136,883,34.94188274309822,laptop,1.6084238175403596,high school,1.1525238090336902,English,0.32706998253166386,-0.07116059109758022,Y,2.3721848973625743,43711.41587593005
44e64898-8cc7-4234-86f8-f68036f35eac,3-1,0,190573,472519,109348,345,0.7968470803975382,1101,39.016250142217665,laptop,1.6508821871722446,high school,0.3877179909143662,English,0.38400080241716983,0.1239166622208202,Y,3.266547863674073,44949.28041697084
e726e53d-6183-4ec0-b300-896df7bca3c2,2-2,1,376003,745167,8403,357,0.86036704536652,587,74.08759462593686,laptop,1.3057536887665324,college,1.0194113655700516,English,0.6173335603158235,0.650788370371673,Y,1.6264549490938063,46060.63085449672
b4161534-88a5-4dd5-9160-ccca3961fb40,1-2,1,929517,808048,135384,172,0.6766221934472338,483,24.560750972463133,desktop,1.4907021867108803,pre-high school,0.025869236256332973,Russian,1.0405023213886304,0.38011378500621273,N,2.853728384835394,45446.07074718685
e3e994b5-c070-4cf7-941a-e2cf1f64f510,1-1,1,406662,312161,47610,147,0.13730085734169734,1046,20.68549060248063,desktop,0.8980750469492161,high school,1.2859078025412956,English,0.37429341204300515,0.17781577864310533,Y,3.2607079909433017,42874.69162725168
15a5a588-84f1-47b6-8ff7-3b5dd3065df8,2-2,1,146146,84382,89751,193,0.3892622052589445,1130,16.870720061903377,laptop,0.8530304588223601,college,1.39311376497977,Portuguese,0.5030477005147899,0.6304652333098655,N,0.36298221039831624,44029.54424562216
3979e883-9ca7-4771-a299-0d6a366f1a60,2-1,0,1010264,915530,64877,149,0.22275647364015644,807,33.61179591615978,laptop,2.211158419086951,college,1.7724964113298762,English,0.4006232867076357,-0.11493550094305904,Y,3.442041871106135,46392.9137393427
44e64898-8cc7-4234-86f8-f68036f35eac,2-1,0,507626,588180,67441,209,0.5685797419316794,703,26.656080332615588,laptop,1.5069724921403465,high school,0.6288375021116881,English,0.40017656737993657,1.2929290712925858,Y,5.086249053334138,40486.8168197459
14d4cd1a-7cba-4495-91d7-47fd9d0990e6,2-1,0,576754,245879,27875,312,0.7399184544938293,664,26.518368141597456,laptop,-0.08942315550370727,college,1.0325915460383746,,0.6016113723329924,0.8231203495169209,,2.966858119327405,46918.545835442455
8e9004ce-deac-4c35-8176-a799b50f944b,1-1,0,747660,634999,81512,120,0.0589135062771628,1050,47.761187172183895,desktop,1.5687050014247559,college,1.4045556023481611,English,0.5485912579788461,0.5425752682390637,Y,0.3771679494045215,42517.35863864762
4bf638b5-36b4-4b87-977c-dbb48a337da5,2-2,0,823693,326838,46547,342,0.4523215619366751,722,33.014620549666255,laptop,0.833452050649919,high school,-0.18607451008579523,German,0.6345515114267652,0.305131766530537,N,1.1681304454780546,43404.10950062402
11db0111-539a-45d2-8e6f-8e0a3bb6cf36,1-1,0,265564,443817,140533,324,0.6483784489684721,434,37.44744818361289,,0.8219034228695896,,0.7604138386148451,,0.35652756511080974,0.36137370681789416,,1.5779118232301785,46239.17715529758
2e1d768a-de6d-4d56-ba2d-acc494ec8687,3-1,0,138843,217287,135180,262,0.7389280157028045,1259,33.78318016669071,laptop,1.4178833801713249,college,0.7451106447008125,English,0.7439582353933113,0.4185239398242249,Y,2.6632650688993547,41754.3724537663
fa08b044-8623-4659-959e-63953534e08d,1-2,0,223323,742476,104037,214,0.4578698214438689,1117,30.742728493524705,smartphone,0.5633742820606523,high school,1.1958441534522006,English,0.3751095610380266,-0.05179963074137395,Y,1.766916520843651,42187.40663500457
1807eb20-6d3a-4efc-a8c4-8901ef1fca5f,2-1,0,1014255,744959,25291,198,0.7652716836156679,581,30.289778265539653,laptop,0.8019797937468879,college,0.6146124266199122,English,0.27857312093999215,0.49622220069459905,Y,3.248452376273256,43226.282082836675
9783faf6-c2f5-4343-a86d-f6312c95f762,3-2,0,95982,799949,63359,235,0.43251401134747225,719,65.62770244683983,laptop,1.9212639735154688,graduate school,0.3835359432222468,English,0.5374525359716854,1.1523947134371073,Y,1.6545772287809002,44608.3260800172
94001a0c-b948-4223-a92a-eebe14c48d2f,3-1,0,215595,953348,83823,287,0.8108109135891282,619,54.71753234338167,smartphone,1.5052519284084591,,1.8397010464731982,English,0.5197564109278061,0.3501935512503982,Y,1.4027119564924782,43386.42375540678
05407942-f651-4129-adc8-541378ce6ac3,1-1,1,35957,32377,32300,126,0.2792486563692628,1305,23.84744574839616,laptop,1.6330535539595554,college,0.4185375112876216,English,0.45990462192194786,0.33565580403351625,Y,2.129445018241417,43649.83723184081
6aa0c48e-1055-44d2-9d58-385715962733,2-2,0,303673,161640,94453,186,0.07839374914249048,1135,32.986607580038545,laptop,0.9547802433564841,college,0.805875973262435,English,0.47376035551108636,0.7549243537901356,Y,1.3903281129124447,44263.553929902475
2e174514-6907-4570-ab73-1d42a3521a95,3-2,1,824658,89672,48403,252,0.17846634196698613,550,30.78395954471996,laptop,1.212720196441616,graduate school,0.5997927224178213,Finnish,0.6621214193180246,-0.13136747853709818,N,1.8244159794511239,44723.13321447341
ea2dec1b-93f0-4fdf-abd2-49c6087d3b5b,3-1,0,216072,1015285,61684,240,0.4254058163890682,1223,30.20773283376231,laptop,0.03414619178492084,college,-0.1367033492444878,English,0.4132100546178842,0.9054550464833446,Y,0.08530687156776695,40674.336630622056
f9557d5c-0a28-4f14-b9bf-1a0308ed9546,2-2,1,843006,373388,92444,300,0.4038994526428692,425,49.020647334429654,,1.0066571304724246,,1.1570754572803765,,0.2620628839191891,0.7184017811009,,4.5343184690426055,42559.79089207074
b038618b-9b28-43cd-b9c1-ac984372d993,2-1,0,93757,940035,88044,169,0.7331628849873625,440,49.63668978832088,desktop,1.4912647230937195,college,1.3796206737379766,English,0.7525262848004962,0.5420047794946399,Y,0.3205147666173067,42177.46637833648
8ee203f2-ee28-4529-bce3-eac1a57be7f8,2-2,0,624105,106558,137389,277,0.5886822974249571,479,21.42526960803598,,0.659604877111689,,0.6581717776893521,,0.5482144857638235,0.024915649503123694,,-0.4483626698290921,46060.516244443315
30f84640-2830-433d-94f8-24d5a11d93c1,2-2,0,504894,629893,125118,260,0.2264252988932846,1285,29.999456108402573,laptop,0.3316668538989427,graduate school,-0.8120836069388548,Vietnamese,0.3561317531696707,0.3781670284372725,N,0.9080697619897568,39829.10169031696
475f8bb1-e661-4dea-af87-86ca2a261e7f,2-1,0,778050,185488,37593,352,0.5073352663549633,629,27.33122228235096,laptop,0.7536381740785483,high school,1.6625740980426738,German,0.2261657475067106,0.5720815226788311,N,0.2090324802693584,45205.15535202631
aa6ebb2d-1a1e-4fc2-8f8b-146561327a41,1-2,0,1000362,450237,111520,368,0.4777987274670998,495,26.66392010140704,desktop,1.245833467459411,college,0.7717590129896904,English,0.17812023372495572,0.2365462264855266,Y,1.3655170816001028,44668.74668565088
cef9fb15-e845-46ae-8282-8e7247078df1,2-2,1,226954,705540,89600,205,0.2811616141027795,447,56.8370210855411,laptop,1.784448498851202,graduate school,0.6173714855149102,Russian,0.4820966832132855,1.261007069163023,N,2.6364067711353996,42379.05139799825
0111fc3b-685f-4756-9692-67ace3297314,1-2,0,543337,941425,104456,380,0.39402876358265154,1318,61.754733192910464,desktop,0.41675811408153507,college,1.5395330565865968,English,0.46514655058643073,0.5511960024812975,Y,0.8389978654030029,40557.02608856696
f8f2d78d-c54d-48be-ae80-43fab72a956d,1-2,1,569230,722576,20933,253,0.6118452734490996,705,26.28595934064998,smartphone,2.3081743598322744,college,1.314528201806818,English,0.3509696202744433,0.37236701195750466,Y,0.8548582362736633,42696.3708900228
6965965e-87b6-46cf-97e0-3b7960e277c1,2-2,0,481906,915669,121623,175,0.39089939322246736,1177,55.483642750797344,desktop,1.3615453179279782,college,1.421629032754515,English,0.5270657661184622,0.2948251560748883,Y,1.9510341625196874,46349.78154978212
ba55d704-303e-4928-9c5a-9c2838360e3d,3-1,0,839053,669393,136615,221,0.47083854092718097,326,29.44300002682855,desktop,-0.5033088577929432,graduate school,0.844584670019445,English,0.40493700324721515,0.1572345460935889,Y,1.8867489086868545,44077.486421927446
db4b8bab-f58d-4d9c-ab15-18335ea4b16e,2-2,0,111155,574786,21151,220,0.26445310500741415,797,20.287332417436694,laptop,1.1944989809744913,college,0.31640150021769586,Other,0.5044528513142313,-0.5260913169062693,N,0.6801700464720946,48035.94709492124
8711ed93-34d0-4b16-b713-b1ac804d7742,1-2,1,119661,833045,92421,256,0.36751039198772273,383,30.61137072827975,tablet,0.8389079577302461,college,0.7505501442062702,English,0.4694623519816453,0.8136305556589265,Y,2.958805324042208,42578.741920542096
72deb366-7970-47c4-9c54-b58c17c8874c,1-2,0,678508,968937,71154,172,0.8803285517018442,1002,25.89447677156089,laptop,1.257151507361002,PhD,1.037009573372009,English,0.6998480760291456,0.10314428732967112,Y,3.2567943053186577,40775.75478584046
dd12faee-44a2-40b4-b2aa-276cd7e690dd,2-1,0,26422,711332,96423,220,0.6804014455949651,1187,28.408204912388463,laptop,0.9057908564247976,graduate school,1.3141831705757436,English,0.524004378140547,1.0293246958604252,Y,-0.28755613294285975,45635.16811382482
24aa2b4b-800c-4a4a-bac9-727b1065e142,2-2,1,584248,869805,30236,120,0.6610394818827029,1073,52.64705624211891,laptop,2.2885548034995886,college,1.077296772995087,English,0.5155528611159663,-0.12166608508502175,Y,0.6937835082831896,45024.74996925829
dcf4d35b-0244-403b-ac65-5593edf94d6c,2-2,1,548187,965926,58644,358,0.9001756085994206,295,63.6278655640167,desktop,-0.10593982453786133,college,1.2951311179471658,English,0.34915259309653723,0.5293474136508636,Y,3.545422706581353,44268.54612973905
bdf3a343-8379-4a21-aa09-be0ea98c2e96,2-1,1,338496,255258,134628,349,0.45046795421293334,835,28.12112753662163,desktop,0.6998811641894209,high school,0.5343451490217621,English,0.3439496751832626,1.3487625041472187,Y,1.4439981637737629,41872.9822409577
84e4310e-79bb-469f-a212-a280f0defc2f,2-1,0,723419,18927,65797,133,0.5757433998840004,761,40.550806654222995,laptop,0.5626358512471459,graduate school,0.9196536586016342,English,0.8150415774987392,0.2724602540624058,Y,2.912780396080388,44213.12253708812
30f84640-2830-433d-94f8-24d5a11d93c1,2-2,1,344194,354328,74641,196,0.19139206584706803,440,23.21475460163692,laptop,-0.40028094013423954,graduate school,1.253639405635774,Vietnamese,0.5966708921300381,0.34384790745785465,N,1.7553985848142453,42602.4160328459
2baf6ca8-ba5b-45f6-860e-359b139766f2,3-2,1,981100,842953,104470,201,0.6784493973814236,1045,24.354565113165542,desktop,0.7847125179231738,professional school,0.7503892764276933,English,0.13432218157086795,1.2239658017240247,Y,3.260208192299527,41412.54604846145
c0112282-2a3d-4efe-af95-387d581e0a98,3-1,0,615490,623225,103991,365,0.3436191457539308,1234,35.0341865004885,laptop,2.026501704444878,high school,1.096705590527502,,0.21666963406243728,0.27495462086118944,,1.1098775582971538,43548.291576313495
9ac5e209-cf05-47a5-a394-9c733e12d8f6,3-1,0,999515,934332,55825,165,0.2291976286014656,863,39.32492037035098,laptop,1.4990876271722942,college,0.5334159422357552,English,0.13784940645377197,-0.12619870813550538,Y,1.9296026190271038,45910.65807561183
8053404b-3274-4b36-a3ed-c3f4cff86dee,1-1,0,52878,463609,109397,323,0.5422817463721501,1434,35.17867349757223,laptop,1.534828641447457,college,0.5136792317979795,English,0.6886115524335832,1.1829128531551016,Y,-0.5299272460201041,44252.37492578513
bb13e1f2-6905-4fb4-89d7-e517633755b5,1-1,1,716676,203994,127307,241,0.3060639163262535,970,45.684465269922654,desktop,0.1722693933998911,college,0.670465753408138,,0.189168226911562,0.5455746383364606,,-0.8123077191507386,43724.29776848355
55ceb008-47a1-41ef-82f8-5527e474f4bb,1-2,0,972475,456661,48069,244,0.6117083712306997,1254,51.847256963210604,laptop,1.658656467883049,graduate school,0.3026607519520996,English,0.6524210647795472,0.6120126833383658,Y,1.8157867417718405,44200.562868542074
fd573d43-4bb4-408c-a8c5-790b562841e6,2-1,0,609228,530560,141977,299,0.5191307972788072,1249,31.76590376493738,desktop,0.8450994657754998,PhD,1.0478574633325362,English,0.7480741035295216,0.5981501430152085,Y,3.187141075354968,43271.187699831884
94001a0c-b948-4223-a92a-eebe14c48d2f,2-1,0,953301,236170,141695,238,0.7180184353379332,1283,39.720329698864795,smartphone,0.6708036209099497,,1.293950333582673,English,0.610112620298768,0.6579298007196859,Y,2.101924451398884,44864.58299837319
ecae14cf-e3fd-4699-80a4-5aa81bfd8076,2-1,0,966042,799087,128018,214,-0.0399091330515865,1204,27.607278307161373,laptop,0.2460511114836763,college,0.5760340698863268,English,0.16353371482065854,0.6560320993318579,Y,0.6603310843469397,41879.51807015387
e66ac7c3-faeb-4b2e-8dbb-929d29a3bb65,2-2,0,242483,700946,133467,262,0.8122042013912565,1064,32.70624152921694,smartphone,-0.1860205435556932,high school,0.05171200798648168,English,0.5780096908863481,0.5046583195255826,Y,-0.3828163631568544,46740.96888453094
b1a27fa0-3a9b-4b77-9c22-2f7ffd839812,1-1,0,958214,14870,116296,165,0.4139387799816456,621,39.28674071766801,,1.6307928683410364,,1.5276176304782716,,0.5178623412252062,0.6434544966367753,,1.2913848263143572,43380.636611810296
5ccdee25-cad2-481b-8033-c90162b98ec7,2-1,1,655641,28775,41546,237,0.3763434712552339,1000,12.145701456594253,desktop,1.1975084125553483,college,1.6763732987462627,Other,0.5409495149441115,0.43737450428187574,N,2.2056614368845553,42744.9001024056
db4b8bab-f58d-4d9c-ab15-18335ea4b16e,1-2,1,473672,543587,69255,376,0.5194897078403595,565,26.756094282508293,laptop,0.7699037082526359,college,1.0535657632655637,Other,0.5256970804754661,-0.1564217923218465,N,0.524494942281877,42366.92364984772
65856aa0-65ac-4bbe-835c-61ccafe631be,1-1,1,276247,702701,14247,380,0.6418916625379621,427,32.18250873371976,desktop,0.43440081951208587,college,1.2582278998222536,German,0.5709020280042975,0.29387807555797313,N,1.0688016934494193,42630.87884035709
93ae865d-c378-43e3-ac66-f429add5f358,1-2,1,941841,39476,94829,153,0.22591237077739496,890,24.642075351702054,laptop,-0.3783042754247339,college,0.7764527973344812,English,0.6791647335659386,0.5317301602236906,Y,0.5234170896065087,44561.31384552436
ff595b52-47c0-48de-a732-ca6f366d3dfb,3-2,1,206435,868226,62178,192,0.05814985929811034,1420,14.947876462031548,desktop,1.1677581432936974,college,1.3913630853430667,English,0.6449902468579737,0.28035161649483054,Y,2.272086072796069,44616.533995811034
e726e53d-6183-4ec0-b300-896df7bca3c2,2-1,1,292009,872113,136642,108,0.2598362898791424,1240,35.38874570625669,laptop,1.9533715343324975,college,1.1334756950789469,English,0.518415026257931,0.36799328843993884,Y,1.277179700101117,41647.98471130092
1ea0eab0-36ee-4a7f-a855-db0d0c545a87,1-1,0,997011,914497,127843,162,0.4589534680243599,677,35.63857944272622,tablet,1.059881792317363,graduate school,1.2760389406964012,English,0.586931727243346,0.9473698323497325,Y,-0.6002997633034695,42921.29577050404
e4766279-7658-4830-b9a9-93458033e880,1-2,1,416819,659812,118036,140,0.00858826021959902,834,34.65805921230619,,1.0682277364079116,,1.3576424526301558,,0.506011472324009,0.5983488810137343,,0.6107891128731646,45689.87977131657
c76dd3b4-df4e-460a-91cf-30691faa6703,1-1,1,1007256,730532,22104,183,0.30305582131858005,1071,57.26113468268271,,0.6722425038894086,,1.173428742039329,,0.38616945866424995,1.2070787229049593,,1.8469292579743166,43224.89883826329
65856aa0-65ac-4bbe-835c-61ccafe631be,3-1,0,77692,937078,39160,306,0.4463258578782154,1069,29.625540701758272,desktop,1.2361877481087,college,0.2473595738633324,German,0.3641595759747991,0.9557989011138025,N,2.231832216920859,47385.57769124268
ac03d866-ecd8-41e4-9938-c4b098048187,3-1,1,940642,95349,80636,134,0.5451517263615485,766,38.06461709836492,laptop,0.41906568929468846,high school,0.4184910606365976,Turkish,0.44828898585683197,0.5504145079070861,N,3.43447963437868,43279.98007200156
b60fd095-b0c5-4946-ab0a-4901ce69f617,3-1,0,949944,1006590,111208,271,0.711441939093981,556,41.13923477961984,laptop,0.3770752749699382,graduate school,2.510752625209234,English,0.745731371295546,0.34535858439428185,Y,0.616803411098672,44862.9567618127
63cdd570-1369-4f2b-9090-d5b6255c51d2,3-2,0,472219,796628,125061,281,0.5224202014684228,527,29.483646728164633,smartphone,1.5486422114958458,high school,0.9235317323016163,English,0.16507218601662127,0.6361878046842351,Y,1.682531839614304,43898.527698308084
6fd65cf5-962a-4227-b24b-b2ef6f590a96,3-1,1,500469,782998,93846,278,0.29285947152299957,806,17.047598842222317,desktop,0.7112416362565221,college,0.0024267121786309964,English,0.6090147105615509,-0.21763428983478483,Y,-0.02192967551307845,41332.61009508194
71ebc1ad-ebc2-4c5d-bc77-e372bc1b0159,1-1,1,657875,724520,126674,206,-0.014930511887359721,1363,22.152886886418116,desktop,0.7755505757420483,college,0.7507355854524145,Italian,0.44206393188605886,0.6210762098380167,N,-0.5656883413923279,46025.680960162776
471fa2d8-87bd-4cea-8ef6-6c24af87fbc7,2-1,0,629258,791949,124972,276,0.3914898610781685,1011,50.355163079184535,,0.995335608733952,,1.0314924059462809,,0.4265873021015268,0.5291439471078299,,0.4537319703779572,43486.67601661709
dd12faee-44a2-40b4-b2aa-276cd7e690dd,1-2,0,654417,424407,114837,191,0.8777323496593924,920,36.56045048890422,laptop,1.393239420965633,graduate school,1.2107133398884105,English,0.45301457796842814,0.37857561846732607,Y,2.7224675822572495,45716.54250172009
9294f017-a752-4e3f-9266-06922b940943,2-1,1,270416,546452,66189,227,0.7976578630439786,1102,46.790232653755965,smartphone,1.079778851436973,graduate school,1.1977118718366537,English,0.3542305016702134,0.5588686595379616,Y,2.647225143392311,40623.053019580446
74a79217-122c-4027-92e4-05a4e5fb0b4c,1-2,1,218436,45036,121417,379,0.3198036669966834,1310,12.49003749737593,laptop,0.9164883958981513,college,1.209707490751911,English,0.5592600804129941,0.1926850084121638,Y,0.5252470462731669,45810.13779871625
65ff8233-c35c-488c-a692-f140a8bc5f64,3-2,1,905097,145601,2009,190,0.11663830939271236,1280,26.214877131879465,desktop,0.9973692637190755,high school,1.0421393511939552,English,0.6842720076047897,0.7816069023770758,Y,0.7507368358575676,43226.25867080117
c0906133-d1a3-492f-99a2-6e5a6c56f767,3-1,0,589074,690412,125720,261,0.12295966594177038,1403,46.95475974172176,desktop,1.0258205790371913,graduate school,0.7933748062989998,Norwegian,0.3471143806485672,0.4394304334924929,N,3.7647894208009878,43651.899921871714
63bc2403-a08b-4c51-8b2c-01e6cbfd54d3,2-2,0,586379,172902,91320,358,0.4634902925261517,529,43.027730586182635,laptop,1.1356138645662492,college,1.3568533984423474,Chinese,0.7127837338135738,1.2782629128656526,N,0.720898154473351,41906.19511304106
134bf53e-1ea2-4b61-b39f-a1e444535f80,2-2,1,534578,985900,78928,172,0.14758379097623864,1017,29.11067693676069,laptop,0.16227067350367375,graduate school,1.7136535018241932,English,0.6909456425364373,0.7975491304908799,Y,2.9563515075860822,44942.134135417
b95563e8-9d70-4aee-8c29-b2d677981d92,2-2,1,882115,674900,91225,271,0.540387348479302,1016,33.84095985437227,smartphone,1.4343782526879523,college,0.7613446645135814,English,0.3632903215322567,0.17470519235970705,Y,1.5709785656526616,44732.4956344771
9841a311-d989-42d7-9ea6-f5d4e981c98a,2-2,0,532411,132774,85616,357,-0.10882008409169974,1096,30.0696793189703,desktop,0.5136130869968454,graduate school,0.8597879740596145,English,0.46781613712108294,0.347035977791332,Y,2.7496462721198016,40611.104376350006
512ef0df-48a3-4796-9919-471f50f25df1,1-2,1,897301,652475,5845,226,0.5457289749090386,985,39.74036861822442,smartphone,0.7604755139828528,graduate school,1.4423081507275528,English,0.8076418718282525,0.4803806806476458,Y,1.7816078303310428,41701.700304788115
c99a4a23-599b-4fcf-905b-a0330bb7b595,3-2,0,956895,70542,86054,235,-0.01602980862386183,1195,31.536219790185523,laptop,0.7281100828640485,graduate school,1.04778224043733,English,0.8489208329065313,0.17616683707149866,Y,1.0899950845155064,45225.36572952325
55ceb008-47a1-41ef-82f8-5527e474f4bb,2-2,1,840472,723476,22758,235,0.39680354641721416,1264,20.057048613869505,laptop,1.064395651815953,graduate school,0.9896455607547047,English,0.5967654696951757,0.20591773814980996,Y,1.609556216599067,45445.71008457368
f74db555-3110-484a-bdc4-b09f6cf1c720,2-1,1,85216,90864,79580,363,0.6071599816017695,935,48.88598624677367,laptop,1.3341754664236043,college,1.4509006721578128,English,0.613107775146284,0.7363581681346354,Y,0.7209738075991503,46099.82110491418
e260bb95-bce4-410d-b0de-baf551b2b5a5,1-2,1,123992,58359,9099,126,0.3332187014119557,561,31.690035044361384,desktop,0.22532862141282928,high school,0.9102011954839769,English,0.4462334234991313,0.5842146786292632,Y,0.22989213460757152,44084.59653939018
cfee68d1-90c7-403f-be8d-bd8b7abc1b67,1-2,1,673398,6568,75930,289,0.38909205755175813,703,34.54953512238512,laptop,0.8536197519195956,high school,-0.17413798735708674,English,0.7249436647076413,0.8202683400764927,Y,-0.6429890376111924,43083.71605268378
b74b7a54-edf6-4d3f-92d3-8dc119424956,3-2,0,382183,67933,87041,271,0.2890970794579416,955,24.99153415994722,laptop,-0.13762496132459456,high school,1.5173138662396053,Turkish,0.5936523102646899,0.4085677503902016,N,1.9553579752142416,42109.666987606506
0fd5e38b-fd91-40c0-b154-d407eba53e1f,1-1,1,835226,437079,5083,349,0.4603591884983071,1169,43.99384806935911,desktop,0.7502071649550729,graduate school,1.3956848436034432,English,0.4990650874180787,0.6433987292641912,Y,4.121885507015271,42969.00729019744
6e1bdd21-d51f-4497-a684-654edc44a6c9,3-2,1,856752,785999,8679,235,0.7902261642727109,671,40.52707893300791,laptop,0.6179651673195393,graduate school,1.14321776584251,French,0.3794929310560942,0.7211321445750356,N,0.692848677891543,39560.35741565057
5d94e05b-6915-4406-9c52-0e12b11f5c0b,2-2,0,650901,179901,130932,292,0.4135785677065902,379,40.03547859727484,laptop,2.3569324501619127,college,1.4888443755712228,Indonesian,0.25004540693778604,0.7746604921099088,N,3.1331998433882333,43047.175058592285
ea0abfe5-f18d-4fad-9ee6-4114f292450b,2-2,1,2492,533424,103714,181,0.48268742736292397,1426,47.62176438748343,desktop,1.9248307020355662,high school,0.8718531640911595,Swedish,0.4879507177494832,0.28125626481592414,N,1.700999206558576,45282.726493790826
fff115a4-7e00-4376-888b-03c5bdee5f3a,2-1,0,608937,947686,72627,240,0.3542255469799037,531,41.25924208319628,laptop,0.6884689701560672,college,1.0715682804771893,Spanish,0.4103798696550058,1.0594693913351612,N,0.9351590514376237,43861.347464335406
3208209a-6dbd-4582-ba9a-63a144f479f2,1-1,0,330274,126896,72859,330,0.3912627595789742,1330,35.93616311959276,desktop,1.1256413012164364,college,0.17853994570823628,Indonesian,0.44859691196210627,1.0217474393233545,N,0.8697715179899052,44090.398952020834
20707557-d86f-471c-bd39-ce12b5d290c3,2-2,0,650095,492222,139824,136,0.1642540378128134,1220,36.24092888726056,laptop,1.469794739955832,college,0.821289122503597,English,0.6799902664522506,0.02111779767763855,Y,2.3658673034850866,45089.546181548205
6b74a260-9d07-49bc-9cfb-6fefbe9a718b,2-2,1,293643,877794,51882,187,0.5522811484124205,294,35.0395959686161,,1.1684828153671318,,1.4446252581463312,,0.7118087834476386,0.7317195123179254,,-1.2032769563811976,41929.15367561281
ff595b52-47c0-48de-a732-ca6f366d3dfb,3-2,1,953853,809951,48505,351,0.601253275775797,886,26.210249138370088,desktop,0.5806924486072027,college,1.3610281779081757,English,0.7572221613913481,0.5848512474331711,Y,0.1818077791376851,43003.92072220649
0d84e944-f2f1-4a68-8fc5-719111349ddd,3-1,1,575054,533397,12908,106,0.2979859578995949,505,36.585862846525124,,0.1700873125217397,,0.7671158133169367,,0.5149542380349003,0.017588717011885135,,1.8117228279356707,47628.683019677075
388d3669-9c70-453c-ad4c-0d18eedac5f9,3-2,0,955028,192257,96566,347,0.4678641991942608,335,29.824216597331436,desktop,2.231420215350248,graduate school,0.8649159486959086,Other,0.3137613504376803,0.5255566700933856,N,2.5284258305542204,44263.64724474306
c16c936c-e99b-447f-b617-9453bbff6d31,2-1,1,764859,946060,119508,119,0.22941415828811323,663,50.02557779614192,desktop,1.4843301880663593,high school,1.6846076379203347,English,0.7930246896464805,0.0829615591368546,Y,1.1744614632576724,45525.476759665355
dfeed816-4de9-4be7-9ea0-775157c7bd76,1-2,1,970849,218444,50645,346,0.8171079771510255,1008,32.16440115128694,desktop,1.009876252628822,PhD,0.5381182331803833,Portuguese,0.6545746849706886,-0.10870983069591922,N,0.8713374054370323,46019.70005520299
026078fb-bbd3-403e-9003-57ef39309521,2-1,0,29725,742273,17452,326,0.5532052196926781,674,23.601698870722387,smartphone,2.0487581830602215,college,0.7366974902298469,English,0.43269567093728106,0.23358474916434752,Y,2.0227017504000093,46634.81725784689
bdf3a343-8379-4a21-aa09-be0ea98c2e96,3-1,1,626872,541446,20375,256,0.33341626681107783,894,39.34145123544956,desktop,1.0457542953635983,high school,0.35570910950589063,English,0.5575263048034362,0.35102292161266685,Y,0.8265335952655728,44595.70843658807
e4766279-7658-4830-b9a9-93458033e880,3-2,1,489639,295925,10420,215,0.23890354781735557,595,56.34030374908116,,1.8979451371562694,,0.6662925428311379,,0.3741011596617617,0.49916519077330174,,0.9619428862325755,41915.05269924942
27d0e742-13f8-4911-a1d6-42cbea5067e2,1-2,0,721320,745658,92170,124,0.2636920147569176,1352,39.086319240504075,,1.3052995748655734,,1.6488482328475844,,0.5221723705284532,0.6800793272756973,,2.9002185433372407,45093.07957330071
44e64898-8cc7-4234-86f8-f68036f35eac,2-2,0,393904,84209,92777,181,0.8555464025683555,928,46.846186962828455,laptop,1.4903796119665547,high school,-0.451585381348071,English,0.16346394781028856,0.4235851309285375,Y,2.8694226444452386,44055.61088789691
722b0462-7e9e-4278-8d36-9495f6928afb,3-2,1,493660,210141,93353,259,0.8689327042470991,944,28.271056333273187,laptop,0.9282990479880574,college,1.6392706337046723,English,0.5738413489304498,0.7784453781857436,Y,2.1474610202157036,44331.06969360012
70d89d2f-00f4-4b1d-808e-ed50b71c3e5f,1-1,1,234166,459560,38957,144,0.24364324935630988,383,21.714551040051035,laptop,0.47252683282647756,,0.9961636943589601,English,0.5950731702763361,0.9334781574050484,Y,1.6533737873218692,43219.4273915974
336708c2-b201-4f59-803b-092eea309d6b,1-2,1,545938,638649,48053,382,0.3675622174943297,540,56.85917753752109,tablet,1.1444292762416923,graduate school,1.314221345116927,English,0.5086349746740723,0.41310400225890265,Y,2.6561032898464227,46376.06145657162
8cc63a40-be0d-4ffe-bf7f-45d515c40b6c,2-2,1,853237,216629,70539,166,0.6874143657628071,957,40.988772978191875,tablet,0.9000033666527426,college,1.0885502167260301,English,0.110554145142856,1.1622047541279614,Y,3.4750845102464227,44979.414196051686
621bf4fc-6499-4c5d-af7b-25ab04eeb70e,1-1,0,680137,187836,141788,176,0.6691785651356503,1331,47.784835381305676,smartphone,1.4514452723811226,college,-0.22657217883789138,English,0.5283645344410794,0.25053462454312797,Y,0.9143616243244694,41870.05596713744
74103437-cefd-47b1-a905-d85399f681db,2-1,1,954782,37257,140923,157,0.6526648318790745,848,52.59511929656427,,1.2056399276321104,,0.4544052035219833,,0.7542822886318818,0.12646581626647135,,0.07099413863376025,48380.57231852136
55b18dd9-dcd2-4440-a56b-8443f3fb1c43,3-2,1,952327,325437,95980,300,0.39925998254328343,399,12.638367542803316,,0.9620887648387981,,1.7630794067313997,,0.6041907448788849,-0.07304034710905682,,0.7502761732919037,44822.78455098027
cef9fb15-e845-46ae-8282-8e7247078df1,2-2,1,878032,93187,131209,293,0.3539539453071452,332,33.94804232820708,laptop,0.2554982266108271,graduate school,0.7355768258326398,Russian,0.4360247400031484,-0.04153762583157139,N,1.6312122159361766,43396.09182952407
2969f3fa-0544-46ff-b5ad-5f14fa846a7f,3-1,1,864750,439054,51954,126,0.5245882018557495,1270,41.21731536696536,tablet,0.8427939332571384,professional school,0.8219003384319742,English,0.4913515080071496,0.5434883542594174,Y,2.1972837771634133,45490.73696165782
4aa80c95-24fc-45e5-b3c4-102653f15325,1-1,1,258894,186220,28157,152,0.6737935832740292,914,21.45748043069588,smartphone,1.1090576622589516,college,0.2839677460278115,English,0.6431527154288043,0.3602635813069204,Y,2.2660022159839266,44062.783665899326
8e9004ce-deac-4c35-8176-a799b50f944b,3-1,1,420522,583460,127148,224,0.43555809441333504,1363,39.407664420740275,desktop,1.316384715928076,college,2.105692953128281,English,0.64677765370071,-0.15067552674021845,Y,-0.0768751039457678,40611.87899193863
0ee8e6e8-930f-441a-8244-d7788041cf5b,3-2,1,233522,780129,142589,360,0.40356617944158313,941,15.91132954886612,desktop,1.4731208995362828,graduate school,1.4668666273798536,English,0.3398382813573019,0.004442622426270582,Y,2.2901474890701667,45971.461434649595
dc68d578-d73f-4d91-a515-6a5569f35516,1-1,1,347411,939656,25018,331,0.43645851519414397,682,39.30449984246754,laptop,1.2727323529206402,college,0.9003285353256743,English,0.4334672436192433,0.44210232366880237,Y,1.6971602582789649,39422.80102487747
7c57c624-9ceb-493f-a5a1-f4542209969f,2-2,1,931428,310801,74234,155,0.6662637536051792,1277,48.40778689878027,desktop,1.130588110829512,graduate school,1.265928654996162,Other,0.5798604005815475,0.6671151987554802,N,2.6069621234238203,45022.51163853297
fdcd623e-9c2f-4ad2-9d62-6901fea13049,3-2,0,281213,800351,79765,136,0.3439768223241254,1104,34.26993394030924,,-0.7393491371142806,,0.6256793513012526,,0.4690386264364347,1.0993095248689944,,0.0720281942800911,48463.4035922643
76d25023-7920-4e91-a62e-db630eb472c5,2-2,1,272653,429484,125937,156,0.5292368930569726,1206,49.088575441904844,smartphone,1.630106309504615,college,0.9251955905274799,English,0.7723222666432346,0.8051703467660203,Y,-1.0226140933001466,44202.25654800076
525bf1c5-7405-44d8-a086-43a65dd46da2,3-2,1,833407,888425,98690,323,0.20490660146726541,577,35.48621363471486,laptop,1.764686315125122,high school,1.4419658080661284,English,0.6796629268324541,0.28169362540560317,Y,2.3656539697649412,46055.24574241298
aa6ebb2d-1a1e-4fc2-8f8b-146561327a41,1-1,0,48059,11702,73421,251,0.6853741529568896,813,41.50864589866189,desktop,0.7593565775460166,college,1.5758981542380508,English,0.5017225081696002,0.23359706565452726,Y,-1.0461475198155634,41406.22305099571
72deb366-7970-47c4-9c54-b58c17c8874c,2-2,0,328538,474252,59255,232,0.4259564801050719,377,41.87638986899963,laptop,0.28780114666898216,PhD,1.2744655780605518,English,0.35316485492141064,0.84831313631645,Y,-0.17194197013901236,42725.229415096095
2ee3c271-be10-41d8-b778-9c5d7d5b6e52,1-2,1,658488,696277,12521,210,0.582217738645899,692,62.196894509908766,laptop,0.8884632113261915,high school,0.7627040819525572,English,0.3353285745943778,0.45744499957826634,Y,2.1753707775888707,45411.702489767056
89f7f011-b480-4c6e-b249-c5a19f5c65d3,1-1,0,758725,390361,116382,358,0.5806976804841602,1365,17.90338288682309,laptop,1.100021775165709,graduate school,1.2477965870271805,English,0.5178691461647997,1.2042091001062545,Y,1.6473862147995413,44745.11004353688
60fc017d-b4ee-423c-9d56-6c2a06a3697a,3-1,0,124295,28607,78470,229,0.3323795656815316,655,43.07881548497151,desktop,1.372058206698759,college,1.166779205933854,English,0.4062033212995878,0.4566860806954954,Y,0.515452938277901,42071.552079429726
63cdd570-1369-4f2b-9090-d5b6255c51d2,3-1,1,512958,258111,51867,115,0.3872126752658518,1193,51.16609889894512,smartphone,0.6298258742717837,high school,1.4971799044160015,English,0.5551531671629691,0.44922951597541577,Y,1.1545433033341426,42774.587087297434
74103437-cefd-47b1-a905-d85399f681db,3-2,0,121515,344228,127010,378,0.2811722070878957,444,36.14001098883427,,1.3402859453670501,,1.5518080859361851,,0.39858026600980834,-0.3253540046467346,,1.8938125504374501,42295.41611881887
ba947df3-ae38-425e-a2c4-d6dd7839b0fd,2-2,1,894282,437918,77584,339,0.6714487154565345,852,46.31422189474881,laptop,1.7538587715026472,high school,1.4094544062220056,English,0.442316842206038,0.10441037240349971,Y,1.6132061114283764,49564.50674550662
0d84e944-f2f1-4a68-8fc5-719111349ddd,3-2,0,159627,150072,26814,357,1.044484415385464,509,42.93236702583724,,0.8736382139365536,,1.1643438002583641,,0.10285210434711417,-0.19788617271865105,,3.630804893648642,44582.34802094207
f74db555-3110-484a-bdc4-b09f6cf1c720,2-2,0,154769,830125,31773,236,0.6149041217377181,1197,34.80944447519011,laptop,0.9536586979262527,college,0.8857960168302667,English,0.43346092096219835,0.2595860217012578,Y,4.112608123542765,41181.945118026415
100567eb-57a5-424e-86c1-4a02cc690c8d,1-2,1,154371,571062,25870,289,0.41709131089185075,651,53.320306423021364,laptop,1.304452822896551,college,0.9995987130572607,English,0.6917633395597178,1.5667540557882857,Y,1.4620505302957967,42726.75599244083
840a40d4-fee9-48cc-a027-58628a5ca9e6,1-1,0,700242,579391,62545,371,0.7037497059274865,447,32.58199395359253,smartphone,0.9863726884734063,college,0.7225812489450658,English,0.6579822570168771,0.9467125542230801,Y,2.718964979490096,42159.27543072888
44b8d6dc-2654-4d3e-8ae8-d34908f2fe54,2-2,1,478077,187750,60610,134,0.5593690591510926,740,39.054504251226426,laptop,0.7150768940448495,college,0.6856634796859069,English,0.39275264083572525,-0.021799319055004318,Y,2.039838234149388,39402.93791354003
b502be75-8bea-4412-9b7d-813e7bba3685,3-1,0,417940,480509,61535,112,0.3128475459986874,720,-3.6335700190278146,tablet,2.3838761219094406,graduate school,0.39435732947784763,English,0.6017287001574002,0.75914485312977,Y,2.4121107814937783,44493.591349221955
6b68642b-ac9e-40c0-90d9-91bd6ffd92a9,2-2,0,305310,880161,58617,248,0.2692109886809877,1419,30.27533052221323,,1.8557843541011203,,1.1156025854719513,,0.7045284527548934,-0.1484292387451106,,4.359635173137288,44586.2870309031
c94dde40-5c1a-4071-8a82-d9c9e525ddbc,1-2,0,916708,112216,131894,320,0.6535035803954274,492,27.035497198191813,desktop,0.8366900219841327,professional school,0.6717131496940146,English,0.14641913542397056,0.18173515661151396,Y,1.3367332096038074,41542.45109936407
27b4821a-e017-4740-b5cc-429d50c88f5a,2-2,0,521622,897386,71841,151,0.7363889830619448,589,43.36234475869247,laptop,0.3328535882160024,high school,1.651822790959045,English,0.47692430010724196,-0.5868695232733818,Y,2.4796104026668258,44037.68366592231
b0d76a60-3231-40e1-8fbe-d4d020b33e22,2-1,0,523657,171518,32042,150,0.34464640401059077,1259,26.91795061667066,laptop,1.2990648495840686,professional school,1.2482620993890696,English,0.4716510949832157,0.9278373557817469,Y,2.003818226604159,42861.23247214792
a17c35a2-ade1-4a79-a19e-5aa8093af1f0,1-1,0,771016,439572,126647,257,0.40829738669081866,608,46.60238983713701,desktop,1.7856758298725999,high school,1.4636392440466193,English,0.6860593410625253,0.48666889599390045,Y,3.1547506687114364,45333.21373589883
d75a8088-c158-4ab0-a3b8-7927d6e80961,2-1,0,795718,619608,7364,143,0.5875410828966517,1326,53.876638698873776,laptop,1.6250462904397305,college,0.7426876841425554,English,0.440227826348115,0.42196119290245165,Y,0.6706602507466293,45914.383504296144
dc6fe456-3569-43f2-b793-afaf3225c316,3-2,0,251556,829923,28626,228,0.7429932319080987,1085,32.684114732590764,laptop,0.37802513984173125,high school,0.0799345487076143,English,0.9968988295287649,0.753217792874468,Y,1.309314258935,45541.11357198964
03f385b7-6b1b-4549-95f3-1d999b1df64a,3-1,0,503647,148733,139777,380,0.5815367845640615,693,39.75834041570222,laptop,-0.15057680688253772,high school,-0.02505631490716298,English,0.5993949173392407,-0.12811084764517522,Y,1.129998801310332,45216.21302852676
dd3b3024-ad2e-4cd6-8c24-3b0c6ab90dc0,3-1,1,228611,749269,142529,355,0.41009719228346847,976,40.16289030408814,laptop,1.4447886885221979,high school,0.7523850350773291,English,0.5988780492812488,-0.11500872143905327,Y,1.6066353004146146,43180.32640978368
399592be-b15a-4ab2-bd28-0a210fefea30,2-2,1,166968,243324,105679,140,0.6024714957465425,360,46.93088319401507,laptop,1.4809286439055132,graduate school,1.0514663133256017,English,0.6392773685218012,1.347457511782988,Y,0.9044639642317323,41924.57142874037
52655f97-f8e7-48eb-9269-d5ee71ad6db4,3-2,0,720067,920698,24134,195,0.8257114202981723,405,48.23995978128916,laptop,1.718271928336259,graduate school,0.7184728918528946,English,0.48741433440025544,0.8189617985368796,Y,2.3591792052725413,45975.41600024064
9b2ec410-aab7-47b8-a6d3-19e9c1e54d4b,3-1,1,423773,771733,69227,135,0.7074140842284979,451,23.9978537177813,laptop,1.3511501311013758,college,0.5897779981905064,English,0.19164431058854614,-0.06665025266321811,Y,3.7376207348927477,41820.71279635471
2fd402f2-0a6a-46bd-9f79-244f46b106f6,1-2,1,331326,74273,48618,170,0.2076781721130263,801,33.962386269879104,,1.4061481002328642,,1.546843923877602,,-0.02251886246219925,0.8855615900129372,,1.7836229513748652,46628.42101666825
a28f6ad8-3ed2-4ddf-bee5-0ab05da1b6ad,1-2,0,407060,499371,19683,367,0.4206948934794018,1350,40.19309242619774,laptop,1.2046863664997352,high school,0.6864068952298356,English,0.3896773164810876,0.07616873260003071,Y,1.5020550683711746,44906.507492547615
0939d037-9073-4b45-beef-4b1a9cb29fc6,1-2,1,818754,560457,33782,129,0.755531899867989,1422,40.25109990955282,desktop,1.1225976560970068,college,2.0578958812806407,English,0.38080667562846754,0.21739608824787915,Y,3.2008543805842784,45394.328598545166
d0480270-621b-4343-80db-a5252e9d0a29,3-1,1,901393,886792,97386,229,0.5002357242088369,1013,29.42665950904271,desktop,1.2266630568275543,high school,1.5115100491046505,English,0.49056232633327884,0.38306747442446565,Y,0.8031755765482541,41412.78091424464
b74b7a54-edf6-4d3f-92d3-8dc119424956,1-1,1,546198,161487,14042,322,0.6484432363034516,1378,14.630421524678976,laptop,-0.3150923701364008,high school,1.0862210634171032,Turkish,0.6674950924189063,0.38805722315037233,N,1.4362379682046817,46100.167707198576
6111a8de-8e09-451b-b8a9-ff41d2c985e8,1-1,0,646089,332953,44537,355,0.8942841384300388,932,31.141854457371064,laptop,0.002221030687649561,college,1.4236938279937366,English,0.6019912782166639,0.8439737085195491,Y,3.668731507536151,41910.68668546871
a8a7b6f7-3663-43c9-a149-88a058e52ccf,2-2,1,361862,819592,37981,182,0.25320565157763486,810,32.29793242961821,desktop,1.473967242531352,college,1.2428084240062462,English,0.3281978728462048,0.7444726716097168,Y,0.46913131020010757,42303.31053445875
bd594697-306c-4969-bc64-971a4c6a795b,1-1,1,374222,479172,8345,155,0.5781859991929924,708,26.880237875346907,desktop,1.8164396747207552,graduate school,0.9268670082475033,English,0.35451110179972145,0.8526396772352904,Y,1.3549317547399875,42908.744779742214
e8229c81-5d49-4981-abd0-3f3478f9567f,2-1,0,833932,283469,89101,296,0.11734667062777404,611,27.756249568211906,,0.7050195811935106,,1.314947765656253,,0.28248032516071375,0.7310523811380115,,3.315505034692147,40737.847595382824
cb34d1a2-93ee-48a2-91ec-77e02c1028fd,1-1,1,364745,6396,86565,236,0.34773561993469354,1086,48.23930392514465,smartphone,1.8697525124894478,high school,0.9249361838811897,Spanish,-0.046616910886840945,1.168960649147309,N,1.489426140754596,43576.86278202771
bdf3a343-8379-4a21-aa09-be0ea98c2e96,1-1,1,526772,688497,38249,140,0.6316468954650301,379,31.93631420979338,desktop,0.5292452528204534,high school,1.840802574677648,English,0.4416296480457529,1.0640071646338067,Y,1.7183090351994692,41355.6947903386
95165b45-dc58-4a62-bb78-afd606f1e34a,2-1,1,804954,431112,49197,122,0.6409343465981259,777,40.59164234961745,laptop,1.007866736860682,professional school,1.3598220086529742,Romanian,0.6845864183903952,0.5974434668830251,N,2.6354717088710453,42731.44615344346
3410fc57-2a6f-4350-94d8-800423702f6a,1-2,0,242625,835207,1170,189,0.6311670384130514,798,44.51850805908545,,1.5536332585071007,college,0.8492436678573303,English,0.3876960628951713,0.8193182203929945,Y,1.6930442813270616,45183.20535254232
5ccdee25-cad2-481b-8033-c90162b98ec7,2-2,1,46014,452273,108895,306,0.4760536315181391,563,40.90522556503179,desktop,0.37269126892605386,college,1.3866287800619677,Other,0.33641229648336557,1.4520245457089707,N,2.427387947487704,43510.139836308044
3657cc44-95b2-45ff-9e4f-a4cd22079a32,1-2,0,941482,701680,82247,356,0.4157746926278154,1126,35.88578638016841,laptop,0.12416837378005174,college,0.0013428340327185095,English,0.25384775620496436,0.2712165747883005,Y,0.7544966502789539,43210.87400012918
8e9004ce-deac-4c35-8176-a799b50f944b,1-2,0,789507,1005202,47621,250,0.4553015371968937,887,10.951232211748216,desktop,-0.6009700451093332,college,1.2270030743510607,English,0.5976777223933276,0.9022832349149219,Y,1.9782040065319078,44874.43632209048
c3cdf4d1-25d4-4f2a-b532-6b0cd92d2e30,3-1,1,285991,447487,81172,258,0.5171863118205995,666,25.640793212129957,,0.2752872897733599,,0.8636006382314689,,0.488176231981118,0.2591554315310907,,1.9434673089165213,44733.923056658656
c7962751-a043-444e-807b-543a4b17b012,2-2,1,93542,517831,5653,197,0.1199724089864938,307,55.50055120076611,laptop,1.6509951890786274,college,0.6408698368186054,English,0.5217919843161574,0.3255079121411568,Y,3.439813278906678,43456.60528334977
d0480270-621b-4343-80db-a5252e9d0a29,1-1,1,242685,762768,92438,205,0.32226303226397224,665,37.42150458729875,desktop,1.734069403588201,high school,0.5921578258885032,English,0.26124588425283757,0.8102928564068795,Y,0.7095227149239667,42939.4633622691
475f8bb1-e661-4dea-af87-86ca2a261e7f,1-2,1,473571,629324,26020,359,0.3298533556973515,834,50.4246337324639,laptop,1.5164577063583553,high school,2.5374576777004427,German,0.6319001740295591,0.2622093996530511,N,-0.8271013439050461,41128.02618851952
e893554b-e41b-44f5-9247-2f1b1ca49f52,2-1,0,374225,657691,120256,237,0.5301056291638391,514,26.87968049715635,desktop,1.3967951197572053,college,1.785726384528322,English,0.28799869164832526,0.8193983704108356,Y,-0.3157762630449308,41708.488232903124
f21d665c-a1a5-47e4-a82b-fd8cf0b24f43,1-2,0,994585,36784,13682,361,0.0797203836708566,749,17.290253825103164,desktop,1.3295362341848431,college,0.804935488612625,English,0.558665872872922,-0.224880005293972,Y,1.0455433426164675,42833.91796159727
a75e076f-3028-44a1-af60-ca3b3bcaeed0,3-1,1,87927,789041,24260,112,0.24382323417353896,541,38.14120690523801,desktop,0.6123530851316739,college,1.6530750046381315,English,0.6498568951033917,0.16009748633275306,Y,0.7957413099592305,45032.02763495677
433026dd-691b-4cc9-84a9-07dbfdd8a56b,3-2,0,126367,232382,117136,347,0.5196274254952724,978,46.878019915502506,laptop,-0.20952173061322665,college,1.2522921079057312,English,0.483358141700302,0.0901588347771316,Y,0.7718058917962677,47709.77365298144
63bc2403-a08b-4c51-8b2c-01e6cbfd54d3,3-1,0,950605,206660,36550,243,0.28328090100529113,849,34.05526188964684,laptop,1.590542772154801,college,1.9248726854788822,Chinese,0.763159767247616,1.1889965760079284,N,-0.20915288414026856,47877.271836208594
433026dd-691b-4cc9-84a9-07dbfdd8a56b,2-2,0,396424,618057,120160,174,0.6412176166884548,410,32.28573770077657,laptop,0.8517771580619573,college,1.5051951751398402,English,0.686689140358561,0.8412549062617041,Y,1.8740696100701417,44238.23296721166
bb6d86fb-97e8-406f-b440-8dbc6e8e7771,3-2,1,879642,386406,108022,260,0.25155669706271666,611,30.715197755131275,desktop,0.9706029031570249,high school,0.6293001799927296,Danish,0.5226337078302657,0.019577321299107553,N,0.2754275181721948,43573.47526936502
7a8f85f2-03e4-4714-995d-c15403d9d38b,1-1,0,86577,273102,49577,256,0.3243494064736254,863,15.744606923634475,laptop,1.5263959311530089,high school,1.0185827722066727,Finnish,0.7685018319369717,0.6539864801622609,N,1.2726559378964097,41580.954182141206
45fb1767-91e9-4d69-83f1-3c781425982a,2-1,0,172768,784158,72775,118,0.39320529944480287,573,28.39288444500228,laptop,0.14874670931590717,college,1.3778044885983052,Other,0.5381190663822621,0.2215318499762633,N,3.3026525267243816,42185.721020671546
bafce4bd-e4e4-4d73-8424-2a9343c52f7f,2-2,1,172672,552253,126308,278,0.6796353969904485,325,30.153383311320393,smartphone,0.818152458862218,graduate school,1.106487318315028,Other,0.4345574511569445,0.40125119778134455,N,0.7027074906203223,44436.39053098415
0fd5e38b-fd91-40c0-b154-d407eba53e1f,1-1,1,827814,902837,42632,147,0.3187533997930686,1427,48.77322367740119,desktop,1.3376724267346227,graduate school,0.2753653837248323,English,0.6920052756964561,-0.07262429184000996,Y,2.7417132217547646,44407.42121426916
a5e829ad-603c-4eb6-b078-c82074eae0a3,1-2,1,982607,740289,30865,201,0.3634305789169799,1341,51.880791769603356,laptop,0.883437922781642,graduate school,0.7567675547603849,English,0.3388401916587034,0.7822338983242696,Y,1.8528045531118122,44923.51584007428
adec7fbd-3153-4612-846d-2a4183f03202,2-1,0,276317,243770,104784,141,0.169628288361025,449,24.289347684576057,laptop,1.3449043700544978,high school,0.9448959376233749,Chinese,0.24500315883662643,-0.3316072710113753,N,3.2828288948238358,46522.736624117664
618f8406-daaa-433d-aedb-3a72a9f3a947,2-2,0,203574,436294,8579,227,0.7402546644600889,1273,34.529201053360666,desktop,1.5676224881644094,college,1.1907264747175166,English,0.34805531708543336,0.27149623767465003,Y,-0.6200207042226822,44355.8054078221
3410fc57-2a6f-4350-94d8-800423702f6a,3-2,0,93448,261702,121164,339,0.5194693149150608,1153,37.38909317799537,,1.3998011788778275,college,0.805710681499437,English,0.5384371844614061,0.5397253856814204,Y,1.299123873049399,47916.146975801974
94001a0c-b948-4223-a92a-eebe14c48d2f,2-2,0,693903,939417,94848,228,0.7016522666368623,508,23.900112161536903,smartphone,1.2955954270027608,,-0.2770626642425973,English,0.4506094790976042,0.08722207788647435,Y,3.126291370570497,42244.841733401765
55ceb008-47a1-41ef-82f8-5527e474f4bb,2-1,1,156837,994972,93446,213,0.6518387106421615,1223,37.03900646259937,laptop,0.8666480219449639,graduate school,1.2811184485649938,English,0.5472334024109838,0.07828257171386233,Y,3.431131534142529,43865.65683900084
410395ad-1f39-4a21-93e9-298afee5d7e1,1-1,1,822328,979579,11836,124,0.2795094045710941,469,19.949779397432373,smartphone,1.804835759782455,PhD,1.4771518102033914,English,0.6340933148263209,0.44841858921572825,Y,0.17967540000187854,43260.70742756525
f8f2d78d-c54d-48be-ae80-43fab72a956d,2-2,0,748225,491734,141608,129,0.9342162913849337,1313,23.038265185952824,smartphone,1.2733587635082455,college,0.34401019556542467,English,0.35461115464443604,0.7797076586454172,Y,1.066206000417696,43410.89815265925
8e023aef-67dd-4d6b-bcf3-b12c776379b4,1-1,0,205652,631663,85663,214,0.1094182986555009,1049,58.66404442020088,laptop,1.2778358032169885,pre-high school,1.489660913437644,English,0.5899509238225694,1.1591792420616716,Y,3.150735175656717,43826.658376557636
8053404b-3274-4b36-a3ed-c3f4cff86dee,2-1,1,806135,729756,53024,375,0.4543684681620045,409,45.736652420421485,laptop,1.5727123098116498,college,1.4006906362525786,English,0.5422918909989354,0.8341534063468674,Y,0.31668308772458476,41083.66091304588
5a48e48b-30ca-48ad-a397-3ecf853bb5c9,2-1,0,386401,685740,135190,150,0.4390789670217549,983,44.4746075986176,laptop,1.6577037591873294,graduate school,0.7975671229530823,English,0.7229035635499169,0.614281463349623,Y,2.2288236303188276,45422.6696577084
0e27148e-216f-4fe9-9572-c1317d616ac9,3-1,0,939881,73316,104693,158,0.3653862638145383,1240,72.27177296413859,desktop,1.5807241323040677,college,-0.07530284536676857,French,0.5082694420096533,0.59192775465233,N,2.6278898382727656,45318.46195596456
c4d4c7b7-bbed-4695-b98c-0b5c48e29abe,2-1,0,142038,802655,115511,347,0.8212702836793679,439,41.06707988388328,,1.507385315291521,,2.267865773602364,,0.46978919586373297,0.3666354607548068,,3.1128944449751383,45151.238767355506
16d93a7f-b378-4f6c-ba62-8e7479afc2d3,2-1,0,598424,284332,54059,308,0.14598240311271965,421,38.44275789082928,laptop,1.4711402245505067,college,1.2374667519474922,English,0.2940085715903944,0.11773974415078986,Y,0.09531066550558998,44195.20672105052
422c02a2-c457-4a5a-83be-bc1fb038be39,2-1,1,915583,992482,91950,309,0.7814717884083168,442,34.96810989004689,laptop,2.5379827936566577,high school,-0.6790174086840004,English,0.6233885976799589,0.9979252985458591,Y,0.7320176175168144,47207.765602906686
5a48e48b-30ca-48ad-a397-3ecf853bb5c9,2-2,0,996173,429452,131127,168,0.44816110670828135,1235,13.528055411848328,laptop,1.4872521503864673,graduate school,1.292678681910842,English,0.26511580474243823,0.00796709528497419,Y,1.9802341680079252,43483.23990133783
c94dde40-5c1a-4071-8a82-d9c9e525ddbc,3-1,1,827989,828641,82274,114,0.7061987579252812,639,36.0665927734334,desktop,1.653303500907457,professional school,2.0761403082051366,English,0.640996848832369,0.4251882005813545,Y,0.5006726448201382,42408.556404035044
a8a7b6f7-3663-43c9-a149-88a058e52ccf,1-2,1,538329,892789,43726,150,0.23906874721190113,703,41.061578001486915,desktop,-0.4080756749387884,college,1.4858208116428542,English,0.547150693693119,0.8627606271751385,Y,1.7742550784063822,43251.35178786972
11c943dd-a2f9-4e88-814c-7812318b5999,1-2,0,1003391,924776,111904,378,0.5171934914361053,925,34.32816021974042,laptop,0.9995306925438557,professional school,1.6010927001193385,English,0.6823984008022659,0.7074789795019097,Y,2.2453433881792826,44090.61903970585
3657cc44-95b2-45ff-9e4f-a4cd22079a32,3-1,0,658221,651104,3575,274,0.33329187464416515,1097,18.834973204961113,laptop,0.41601315171830755,college,1.543189306097846,English,0.4304942129009125,0.509502106223506,Y,2.009142900737812,44281.787902146345
a17c35a2-ade1-4a79-a19e-5aa8093af1f0,2-2,0,315067,745308,15026,289,0.4638144174339546,557,45.62380613662414,desktop,0.9616025067326414,high school,1.9577060608796628,English,0.4521676625358331,0.6123894081762215,Y,0.891921265490981,41206.26438840629
529af3c4-1f6c-4ced-ac86-165cb41a1629,2-1,1,276494,647920,134431,336,0.6719989406213905,394,45.79129948553141,laptop,0.23195374871426044,graduate school,0.23454557263112352,Spanish,0.6982179228018406,0.5458358446207592,N,0.15207272054415122,42063.35177050016
ba947df3-ae38-425e-a2c4-d6dd7839b0fd,2-2,1,1000160,558928,96311,364,0.4726761971960808,468,44.01134610525946,laptop,0.6267158390476459,high school,1.3453637432420056,English,0.1895941641268205,1.1049431390377646,Y,2.1298434845397454,44641.11169019534
817abbbf-33b6-4f40-a3e1-e0b38753e896,2-1,0,677250,513921,43023,122,1.0498227091210912,876,27.27658088891189,,1.0879465684584417,,0.38926270811882147,,0.5300163084490576,-0.015175232065323452,,1.9557516262688746,46689.87879319113
afb433da-e4be-42f4-a386-41690af0783e,1-1,0,8683,156271,86812,164,0.7671698826780198,627,29.01686261937734,tablet,1.1825924612815757,high school,0.561435160703257,English,0.33812086866307955,1.1203043684954725,Y,1.4155943257418142,45856.40614021774
a8a7b6f7-3663-43c9-a149-88a058e52ccf,2-2,1,119711,557728,127680,274,0.1492901710867902,1168,48.829466268819814,desktop,1.63765631525988,college,0.66867890306807,English,0.6916864343710064,-0.09637961292698038,Y,3.914007873281263,46326.903474125655
e7ea4b52-7611-4c90-905a-fd388cea9c0a,3-2,0,519220,521583,93340,227,0.257893527482794,1202,43.481410084311875,laptop,0.8951940271094511,high school,0.7158143413118323,German,0.5436101316514724,0.8532133052985476,N,4.215103104818688,42146.55246595552
55ceb008-47a1-41ef-82f8-5527e474f4bb,3-2,0,88324,994286,19947,161,0.6364015219404691,879,47.44666698724566,laptop,0.16194260158611729,graduate school,0.8042108981632426,English,0.5752041357594512,0.3890846960849996,Y,2.8080058723429318,42829.93275135386
95be5385-2c68-450d-9591-83bb9246442d,3-1,1,122827,27999,66913,238,0.23173374973375938,737,26.196787737603437,desktop,1.0685693075535974,professional school,1.7989173179566151,Norwegian,0.30449026364758575,0.751626732392888,N,3.908551137794979,42964.465418041655
e1f48355-1636-4f4f-8966-a26d86a48b3d,1-2,0,946373,437410,78718,175,1.1202959926064897,707,39.2869096218545,desktop,1.5105845088978627,postdoctoral,0.7807796297997611,Italian,0.49236542489600865,0.6301549323142783,N,2.7113875682603585,44694.4605021454
45fb1767-91e9-4d69-83f1-3c781425982a,3-2,0,480689,552891,107420,130,0.42793913686887697,438,52.666089590789966,laptop,0.9359706270409452,college,1.3712962296331372,Other,0.6425020468385465,0.42893937818988537,N,1.7803646303712655,41503.90115435004
c94dde40-5c1a-4071-8a82-d9c9e525ddbc,1-2,1,579954,495270,21671,372,0.5329500602764483,332,14.5507910308336,desktop,1.8167899677260264,professional school,1.3009400642158886,English,0.6686923140122261,0.6257921411327366,Y,-0.12166340615290672,43961.327188463525
93dbdc35-b0e5-4dc1-bd4f-0a15eb5378a2,3-1,1,301959,723431,141221,220,0.46700280626597557,781,21.95450931191909,desktop,0.30645102602119023,pre-high school,0.30635962710990183,Vietnamese,0.6092015592042421,0.14738731903902147,N,1.1678704252465946,48949.17908110068
c7962751-a043-444e-807b-543a4b17b012,3-2,0,163135,388116,118459,344,0.2932284025771862,1397,28.45640640362877,laptop,2.2257706621802806,college,0.5799623553778857,English,0.020696952635337162,0.8236500432139939,Y,1.9139298151296213,41989.085634301504
45b56b87-c43f-4c6f-baae-661bbb6e40c7,3-1,0,570062,359027,131818,108,0.40586254295269414,1336,5.319151920651333,laptop,0.896815762947742,high school,0.1699735356964427,Swedish,0.7887867775270694,0.6736092633904899,N,1.533104640854217,44723.40374384606
786e8403-6cca-47f4-810f-b94ae3880816,1-2,0,933114,621678,135891,251,0.4984710166972733,935,40.79749673758261,smartphone,1.3359548785901219,high school,1.0936139701048524,,0.5544043953960082,-0.03367857232816995,,3.1783694822641593,43484.31963254764
984a4027-117c-4a02-894d-deab7ced44c4,2-2,1,501761,341421,49395,137,0.4641532455167375,682,53.53847459377036,tablet,1.0217751084071363,professional school,1.5578387154023052,English,0.6458308990967422,0.8411534714634248,Y,0.4822177668342924,44379.42491356521
5defc8cd-7312-4744-9ac0-ff39228637ed,1-1,1,946673,233890,136739,340,0.7139826846779654,1264,22.217794357161736,smartphone,0.027853052176013082,graduate school,1.1446450158102477,Czech,0.5118396256782318,0.2781693709915951,N,-0.4981777516989321,45810.32504515635
e260bb95-bce4-410d-b0de-baf551b2b5a5,3-2,1,408424,657363,62936,173,0.3904519997987521,1063,28.37989906698622,desktop,1.6007682418169051,high school,1.0719908949381172,English,0.4272013492764705,0.26340290217364154,Y,1.2275430418841913,43069.89530913996
95165b45-dc58-4a62-bb78-afd606f1e34a,2-1,0,345005,790047,56564,226,0.37437920133692154,840,34.60137030150142,laptop,0.9962101714292383,professional school,0.5007737960994376,Romanian,0.6712162309606312,0.020603239021483533,N,0.40033418482469774,42670.19071923949
ff3d06e6-c5ec-4c24-87dd-0dfc42864aa2,3-1,0,298411,792271,98734,245,0.10343207728148934,583,17.847615223585024,,1.6170140463595803,,1.2743616791659833,English,0.21040797105137865,0.5407334087947203,Y,2.808023527064435,46380.40504546772
5a403d6b-705d-4c75-aaea-443b79099f45,1-2,1,457517,373697,10306,240,0.1669659655376567,529,38.11356268507644,laptop,0.5203638414922294,graduate school,0.8814568352802413,English,0.3664608620204859,0.46375341270945214,Y,1.876574430476041,43781.286318599196
dd3b3024-ad2e-4cd6-8c24-3b0c6ab90dc0,2-2,0,572499,233052,141702,178,0.8530812881585219,1189,39.17774374680302,laptop,0.27168066846870287,high school,0.6412739373865999,English,0.699870199661678,0.30347850794996256,Y,2.388202030729258,44529.30034442583
8cc63a40-be0d-4ffe-bf7f-45d515c40b6c,3-2,0,1019211,567532,44670,309,0.44595535201482966,1144,25.282359358215693,tablet,0.38682946478795,college,0.9670745734067712,English,0.8014059638048552,0.546988406835912,Y,2.0365937276083868,44362.35119833031
0e27148e-216f-4fe9-9572-c1317d616ac9,1-2,0,312927,541775,77758,146,0.43424458740539484,1098,32.3362621595363,desktop,1.33479033085657,college,0.5160846053680952,French,0.6213365057463772,0.04007499483776805,N,1.0510097637798475,44746.79068578768
ee53e6ab-48ea-4636-8141-e636a103cbb5,1-1,1,450073,311140,27477,240,0.4985456645359603,839,36.75390619974745,laptop,1.581529736195482,high school,0.49588185284286446,English,0.187826177374665,0.1644459177123237,Y,1.1170215312396814,41739.16321992795
cef9fb15-e845-46ae-8282-8e7247078df1,1-2,0,465329,661659,96278,203,0.33216867257748695,839,23.3227958444365,laptop,1.6426400553902956,graduate school,0.7603196220682519,Russian,0.19343623096171858,0.4363987515124507,N,3.255489622575389,45331.60763808256
716744fa-dda1-4423-a78c-87e4633852b3,3-2,0,617320,490799,88640,213,0.7739297172128208,1367,27.22960733382088,laptop,0.5109427351698388,graduate school,0.641679972835554,English,0.44953872215659396,0.582656477638972,Y,-0.23901886987230103,44706.774148366705
b1a27fa0-3a9b-4b77-9c22-2f7ffd839812,2-1,1,363422,334210,76728,354,0.7899747121664564,447,39.42922697205512,,0.26952234949489917,,0.727893295221413,,0.46087567928491163,0.029939818974017762,,3.2721641846589105,46890.32962247961
ed0920d4-b642-455e-bd2a-ca21865b50e4,3-1,1,708993,506729,98188,352,0.7064730980774737,1419,36.008624186709945,laptop,0.5336754039941022,pre-high school,1.2988952513367737,English,0.40713520681219767,0.570817732732993,Y,2.135702359551138,43816.12226746384
c16c936c-e99b-447f-b617-9453bbff6d31,2-1,0,693555,50547,96839,348,1.2142232599059382,1249,38.641951602293446,desktop,1.2095571968508476,high school,-0.39530793678402354,English,0.6440884081071074,0.8919311696232364,Y,0.1944623145669706,40417.272403173854
24c1cc74-742c-4c92-860a-7a2fa7659727,2-2,0,510040,301362,114651,130,0.26928893636097573,859,52.525980294698,laptop,0.7826798168726115,college,0.6444580855425002,English,0.7039385942872409,-0.2521908265389947,Y,1.8490504098712188,45191.62183532585
bca2bb1f-e075-4290-bb59-fdd14fd7f870,2-1,0,341791,320460,28361,306,0.6943061179046545,1063,42.356633271714934,laptop,0.8140238584370245,graduate school,1.0201673712387735,English,0.5123030481923802,0.958092685474327,Y,1.601263750898101,43262.82180746764
54c3e853-e07a-4b15-ab2d-691a120c3b32,2-1,1,774197,976541,94345,138,0.4391004202263289,956,36.3746464719733,laptop,0.637678094900544,high school,0.8477798835487423,English,0.4576123458677295,1.153972818106008,Y,0.9805004047431859,43570.692551623986
255498f6-e198-4a41-a057-5d4ddc6af950,1-2,1,1903,702542,36323,111,0.07201811520635243,621,41.281602788906106,laptop,1.1961444829028665,high school,1.251825944807179,Swedish,0.5617190824996096,0.9553762858606268,N,1.6104125104453322,43736.57483498742
c0906133-d1a3-492f-99a2-6e5a6c56f767,2-2,0,478976,742906,24602,363,0.818400741651766,474,44.76912244300879,desktop,0.7489254821260746,graduate school,0.45627963992351195,Norwegian,0.3132478973223274,1.2798087395875892,N,5.179931005189713,44994.561325330644
fb6a141a-25cb-4495-9b22-48bc79dbd24e,3-2,1,702243,288781,114238,120,0.6144423581774892,1233,40.7935906765909,laptop,1.2744861146558661,graduate school,-0.11264190896239801,English,0.49644405619728205,0.22760195019386226,Y,3.0051157275348497,41948.896480126845
295fe5fe-cf5a-4c14-a7db-ab1d21f1348b,3-1,1,641543,358695,32520,139,0.6736884135156201,754,38.607892179279034,,1.514178908195156,,0.7246913490164513,English,0.4573566645648438,-0.050862612883141645,Y,0.876025829725293,41329.79174213972
e0080083-9f88-4396-bb69-13c375543c8c,2-1,1,189159,360519,76072,351,0.4898750322104173,1192,33.36602045947011,laptop,0.5565984719804126,college,1.3192913812790499,English,0.36831342567123504,0.840300836791867,Y,-0.3333155170805777,45486.37794408503
41f5530d-ed72-4608-a119-a71dd31aaec0,2-1,0,507333,453532,137931,265,0.4645758737430262,743,50.11474357068832,tablet,1.3650410397066737,postdoctoral,1.4874258526363056,French,0.36580697475595814,-0.09312950618265647,N,2.8801495195514653,42392.80292058713
5a403d6b-705d-4c75-aaea-443b79099f45,3-1,0,49251,931953,61405,247,0.6327397726228183,1265,36.803543216755465,laptop,1.6053468138155718,graduate school,1.4093467263391222,English,0.5789335093624101,1.1957074189779437,Y,2.437439965428051,43066.58116929555
fecaf7b1-1db6-46d4-92ab-aa1864c179ac,2-2,0,85535,251224,117110,313,0.6001509484164579,705,13.187062820287274,laptop,1.9748301438519558,PhD,0.6069914666647369,English,0.47352592289827594,0.48498086612372426,Y,0.2330878404844512,50340.91018324393
eed8457e-2f39-4f4a-a3fc-7bc9fa57d880,3-2,1,838226,523420,36195,149,0.20762348745265224,763,36.44060443449158,laptop,0.8022367257735338,college,1.4730021827747297,English,0.8846735915465054,0.5349695665265407,Y,2.200056904316115,43653.42559269446
3979e883-9ca7-4771-a299-0d6a366f1a60,2-1,0,44539,378540,13082,382,0.291497491777579,1223,45.93133289308096,laptop,1.0891137638709312,college,0.4782404651144292,English,0.16290866364632578,0.15889942392574907,Y,1.2411889463901002,43247.31824101351
ebe32dfe-f98a-490f-a017-f2872a47a1af,2-1,1,416075,685416,132779,169,0.7056215815490939,432,33.70140080556575,laptop,1.1083369968680175,graduate school,0.38510573640866674,English,0.3126407994779103,-0.3455820584519059,Y,1.3630711806851399,44763.31080897536
388d3669-9c70-453c-ad4c-0d18eedac5f9,2-1,1,64462,414435,75008,120,0.49959446569491134,791,23.374235109040328,desktop,0.6896045053905675,graduate school,1.453529956938378,Other,0.7862481764194441,0.7967246491035642,N,1.4344542202721882,43798.386468483885
adec7fbd-3153-4612-846d-2a4183f03202,2-1,0,90660,137143,121294,183,0.705478552967898,684,57.90515939011125,laptop,1.0776162445553443,high school,1.1052080030827978,Chinese,0.24066662948622408,0.7234898196861484,N,0.5410461653879499,43966.90583071486
352a4090-79aa-4827-b4b0-f1bffd883940,3-1,1,563628,140690,81390,295,0.4306210209960116,1422,38.991246031536626,desktop,0.9928834115926437,graduate school,0.8528200143987535,English,0.3522314366589495,0.447814260194588,Y,0.559643585029773,42729.460037695455
cf8cc387-399a-46fe-9313-9f73def19457,1-1,0,835321,519096,75842,245,0.7160616228637819,1132,51.273204306026855,laptop,1.018441463335198,college,0.4231050537797971,English,0.6804070677453449,0.4220377800397662,Y,2.230308262418367,43607.51599803569
d02dae2a-18e0-4019-84a0-e1f2d1b6360f,1-2,1,678032,2605,45495,314,0.7901164944103773,406,33.34577125740959,laptop,0.07045801658257345,graduate school,0.7308647001428723,English,0.5132136712492027,0.8705467418765376,Y,2.8882631700765815,39265.06122693108
af2dd336-540d-4ded-ae2e-6d21383207fc,3-2,1,650625,447808,14444,245,0.1972037396717053,712,60.54907590764418,desktop,1.2480464979010801,college,1.233509788601262,Chinese,0.44278735158492155,0.9175266390062732,N,1.3229848799510797,45152.3812348112
f9557d5c-0a28-4f14-b9bf-1a0308ed9546,1-1,1,938785,412562,126567,300,0.5676004642183898,1436,28.900824926911344,,0.9484392397085201,,0.8703259922060077,,0.5189974481316194,-0.16491995303130302,,2.8157892696103968,43015.72989312645
0ea68c5a-057a-46c5-afda-4dbf75e4c5c4,2-2,0,420208,722338,133564,262,0.35908667741483763,550,22.183843506724365,laptop,1.1070204368950707,graduate school,1.42527744384545,Other,0.5190772683046752,0.14265857206393384,N,3.787356939208145,43255.0398721269
323a09e0-4da8-499c-b80f-5802dbf08cb5,2-2,1,570567,140021,57001,112,0.25321362839486994,1354,62.44839429659973,smartphone,0.15873546438873365,college,1.193022501621177,English,0.20754051395624185,0.8899028865280871,Y,1.9698368612969421,41912.97976025923
a7961f82-b7d1-4a3c-a0e2-6f03d8424b4a,1-2,0,495952,1016987,22625,231,0.9516398074939214,1424,23.1349326592145,desktop,2.174943674071805,college,1.0368682550377337,German,0.5797858712831959,0.907740085728178,N,1.3341234011659855,44869.24439144736
606ec9ab-33fe-4f7e-9330-c0c5d30928c1,2-2,1,1012859,79901,126892,200,0.36058282047221,574,30.0565441282333,laptop,1.9344587151943968,professional school,0.22414368097556459,Standard_Hindi,-0.0070653115940951805,0.3502701893586891,N,-0.38065902105477045,43244.59806675607
9ad793c8-00ee-4105-85c4-5e9513b219b5,1-1,0,29344,764332,35171,228,0.46406485216050897,607,33.230137541686275,desktop,0.8031041522362319,college,0.23323357359183938,English,0.6350724311044962,0.16025807510446793,Y,1.7877724687397865,44636.59866837518
100567eb-57a5-424e-86c1-4a02cc690c8d,1-2,1,340321,982511,138774,240,0.7988440915327379,926,21.795186758160636,laptop,0.8377410460533765,college,0.6302675073282302,English,0.7584377894025909,0.2539995502081891,Y,-1.6966072524357747,44701.10047827444
54c3e853-e07a-4b15-ab2d-691a120c3b32,2-1,0,580506,476451,68940,129,0.2764059995710958,589,20.5092278409069,laptop,0.4759767048474567,high school,1.7563963518651864,English,0.08602456874866476,0.4713569801966208,Y,2.0260148390462587,42426.58733987063
9bf41690-b2cc-4709-964d-7c21b856bbf8,3-1,1,549793,656675,62138,150,0.0645888439917292,473,32.79916651710841,laptop,0.8361132370077133,college,0.751948623203642,Romanian,0.3767262881678749,0.39408721901138316,N,0.9163243268602923,41968.728501008445
cef9fb15-e845-46ae-8282-8e7247078df1,2-1,1,910763,105115,49515,212,0.3365584408502903,904,26.850351440718253,laptop,0.6352165819297164,graduate school,0.9617532148861487,Russian,0.4558330168159068,0.12999400307571418,N,1.0071312719416947,42726.439185262825
6e1bdd21-d51f-4497-a684-654edc44a6c9,3-2,1,982005,567538,137779,179,0.6606465667194249,1160,44.228985324238415,laptop,1.207610043223307,graduate school,1.4868453529425554,French,0.3672087410958954,0.6453453181695522,N,-0.508374813399648,43942.658027738886
0662696f-dad0-4850-8d7a-6a843036c294,3-2,0,452940,714915,49705,240,0.40113402143164156,549,27.433565824747923,desktop,1.4353312552653508,college,0.9866027653160296,English,0.1791357124269669,0.7463059977248723,Y,1.4465471524049738,44213.94585689669
be165b4d-f223-4403-9d2d-d186464c7150,1-2,1,374021,641505,124152,197,0.2987087747872289,703,62.24500155082356,laptop,0.9018219649548567,high school,1.295707513367265,Norwegian,0.4416179718192671,0.2757618429040142,N,0.8825344239018799,43802.651155927204
2a29612d-37ba-41fa-b45f-004677aa5908,3-1,0,132354,987590,142406,309,0.42073680287256005,1029,38.52917574627395,laptop,0.953703872680481,graduate school,1.0892552985581248,English,0.6042027689503267,1.0895832605710258,Y,2.4716927342081934,43395.40284016431
433026dd-691b-4cc9-84a9-07dbfdd8a56b,1-2,1,511153,778095,58698,312,0.4470481385035392,628,27.552439383407425,laptop,0.9582325001482517,college,0.9094076547268998,English,0.45065002932149295,0.9383066422016876,Y,2.4557985239598894,45528.5259961078
373083c9-9167-4342-aeef-ada22adbfb20,2-2,0,507521,427621,21459,232,0.5069681804554423,968,36.4405809015227,desktop,1.3014978876344399,high school,0.802182038808712,English,0.34419804575557944,1.0675643331937774,Y,3.2709993506789243,40207.60332417751
2154a0f3-a816-47af-b00c-16d398859afa,3-1,1,778278,682463,10833,309,0.23353147466032448,533,20.356814444766943,smartphone,0.04589408277492246,professional school,1.3863132337797386,English,0.2481505649899733,0.2884741161189269,Y,0.9744947971510397,45242.20824285412
87ae871b-9380-42b1-8130-7914f969a239,3-1,1,394565,134586,139063,292,0.1553672606260031,727,37.361602773770336,smartphone,0.30533816319411544,professional school,0.1926902262253477,English,0.5309299073713725,0.5242454474553417,Y,3.7860122760387207,42088.16133890283
c4d4c7b7-bbed-4695-b98c-0b5c48e29abe,1-1,1,321085,490232,95781,344,0.2874403537462339,933,51.42151532863925,,0.7904586827799812,,0.5160738640799705,,0.5797859513171175,-0.24611438443705336,,1.2849325198441417,47178.958700126335
352a4090-79aa-4827-b4b0-f1bffd883940,1-1,0,823708,417064,136016,196,0.6801183810495539,686,35.0369930209313,desktop,1.0442152037518562,graduate school,2.028893061199249,English,0.619841612369921,1.2190284022452849,Y,1.4278329646120698,42048.22996831568
3b9eb1ad-94e8-4ece-9e83-bdaec18ce17d,1-1,1,505423,375566,87696,150,0.7625931104874446,1416,41.389486475161505,smartphone,0.9415114904091668,high school,1.9027358307719964,English,0.7312905009825322,0.6335871816429322,Y,1.0241919392526027,42629.3287471305
b038618b-9b28-43cd-b9c1-ac984372d993,3-2,0,511069,804998,12528,135,0.6518505955206286,523,42.7343378773833,desktop,0.8108912855074416,college,1.3873041821760188,English,0.4904817531037621,0.29891938426854814,Y,0.32296853057158414,44760.914827624525
