tooth_class,specimen,num_amtl,sockets,age,stdev_age,prob_male,genus,pop,player,religiousness,expenditure,school,persons,games,f_other,hammer,n_other,beauty
Anterior,AMNH99.1/100,1.6422575407213609,12,37.5591283,6.89761633,0.5,Homo sapiens,Alaska,Abel Aguilar,3,6384.911133,Sunol Glen Unified,1,2,9,G,13,0.2899157
Posterior,AMNH99.1/100,-1.6247281481451539,12,37.5591283,6.89761633,0.5,Homo sapiens,Alaska,Jérôme Boateng,4,5099.380859,Manzanita Elementary,1,1,9,G,13,-0.7377322
Premolar,AMNH99.1/100,2.725179898006341,8,37.5591283,6.89761633,0.5,Homo sapiens,Alaska,Franck Tabanou,1,5501.95459,Thermalito Union Elementary,1,1,4,wood,6,-0.5719836
Anterior,AMNH99.1/101,3.1870655254447424,9,39.0329661,7.2151844,0.25,Homo sapiens,Alaska,Joel Matip,5,7101.831055,Golden Feather Union Elementary,2,1,7,G,10,-0.6779634
Posterior,AMNH99.1/101,-3.8381498949762456,7,39.0329661,7.2151844,0.25,Homo sapiens,Alaska, Pedro León,2,5235.987793,Palermo Union Elementary,1,11,3,L,5,1.509794
Premolar,AMNH99.1/101,-2.261738534124949,6,39.0329661,7.2151844,0.25,Homo sapiens,Alaska,Thomas Müller,2,5580.146973,Burrel Union Elementary,4,4,3,Q,5,0.5885687
Anterior,AMNH99.1/102,1.2125311620114836,12,34.8934044,5.70308472,0.25,Homo sapiens,Alaska,Robin Knoche,2,5253.331055,Holt Union Elementary,3,2,3,Q,5,-0.126001
Posterior,AMNH99.1/102,0.13362024402226547,12,34.8934044,5.70308472,0.25,Homo sapiens,Alaska,Jonathan Schmid,2,4565.746094,Vineland Elementary,4,1,7,wood,10,-0.2581899
Premolar,AMNH99.1/102,0.8611208162403353,8,34.8934044,5.70308472,0.25,Homo sapiens,Alaska,Gary Caldwell,4,5355.54834,Orange Center Elementary,3,2,4,G,6,0.1496926
Anterior,AMNH99.1/103,-1.1705522355039444,12,29.6004044,5.18766442,0.5,Homo sapiens,Alaska,Peniel Mlapa,4,5036.211426,Del Paso Heights Elementary,1,1,3,L,5,0.540917
Posterior,AMNH99.1/103,3.0384593731716034,12,29.6004044,5.18766442,0.5,Homo sapiens,Alaska,Tobias Steffen,2,4547.692383,Le Grand Union Elementary,4,1,3,wood,5,0.2316134
Premolar,AMNH99.1/103,2.791604919416295,8,29.6004044,5.18766442,0.5,Homo sapiens,Alaska,Martin Stranzl,4,5447.345215,West Fresno Elementary,3,2,7,G,10,-0.0666737
Anterior,AMNH99.1/104,1.062362912179329,12,44.0440145,8.29624584,0.25,Homo sapiens,Alaska, Bodipo,5,6567.149414,Allensworth Elementary,3,1,9,G,13,0.2168924
Posterior,AMNH99.1/104,3.640600801172976,12,44.0440145,8.29624584,0.25,Homo sapiens,Alaska,Stilian Petrov,2,4818.612793,Sunnyside Union Elementary,3,1,4,G,6,-0.2586962
Premolar,AMNH99.1/104,2.0377654776347986,8,44.0440145,8.29624584,0.25,Homo sapiens,Alaska,Andrey Arshavin,4,5621.456055,Woodville Elementary,1,4,7,G,10,0.5502878
Anterior,AMNH99.1/105,-1.1857332107612295,12,32.5480799,5.81978104,0.75,Homo sapiens,Alaska,Abdou Dampha,1,6026.359863,Pixley Union Elementary,1,1,3,G,5,-0.0620358
Posterior,AMNH99.1/105,1.7978290519416205,12,32.5480799,5.81978104,0.75,Homo sapiens,Alaska,Adam Johnson,2,6723.237793,Lost Hills Union Elementary,4,1,3,G,5,-0.9823852
Premolar,AMNH99.1/105,-1.4276899806441328,8,32.5480799,5.81978104,0.75,Homo sapiens,Alaska,Gary Gardner,3,5589.885254,Buttonwillow Union Elementary,3,1,4,G,6,-0.054344
Anterior,AMNH99.1/107,3.036156976196005,8,56.1166683,10.2682079,0.5,Homo sapiens,Alaska,Tomáš Rosický,2,5064.615723,Lennox Elementary,2,3,3,G,5,-0.0680143
Posterior,AMNH99.1/107,0.7806433862358851,10,56.1166683,10.2682079,0.5,Homo sapiens,Alaska, Juanfran,2,5433.593262,Lamont Elementary,3,1,7,G,10,0.0294137
Premolar,AMNH99.1/107,0.45281184714898753,7,56.1166683,10.2682079,0.5,Homo sapiens,Alaska,Phil Jagielka,2,5725.563477,Westmorland Union Elementary,4,22,3,G,5,0.2394859
Anterior,AMNH99.1/109,-0.7523959696215268,12,43.749247,8.23260632,0.75,Homo sapiens,Alaska,Fabian Giefer,2,4542.10498,Pleasant View Elementary,4,1,9,G,13,-0.8487269
Posterior,AMNH99.1/109,3.872134891923575,10,43.749247,8.23260632,0.75,Homo sapiens,Alaska, Bueno,4,5107.086426,Wasco Union Elementary,2,1,3,G,5,-0.7330914
Premolar,AMNH99.1/109,0.5265063531981907,8,43.749247,8.23260632,0.75,Homo sapiens,Alaska, Agirretxe,3,4659.661621,Alta Vista Elementary,2,10,7,L,10,-0.1111221
Anterior,AMNH99.1/110,-0.1386936689626257,5,41.9806416,7.85088419,0.75,Homo sapiens,Alaska,Piotr Trochowski,2,4555.464355,Livingston Union Elementary,3,1,7,G,10,1.775517
Posterior,AMNH99.1/110,0.04642224952394547,6,41.9806416,7.85088419,0.75,Homo sapiens,Alaska,Eden Hazard,2,5415.152832,Woodlake Union Elementary,2,2,4,wood,6,-0.3218485
Premolar,AMNH99.1/110,2.19519834295165,4,41.9806416,7.85088419,0.75,Homo sapiens,Alaska,André Schürrle,4,4997.871582,Alisal Union Elementary,4,1,9,G,13,0.2116939
Anterior,AMNH99.1/111,1.7897952923899179,12,42.2754092,7.9144902,0.5,Homo sapiens,Alaska,Jon Walters,5,5223.912109,Arvin Union Elementary,2,14,7,G,10,-0.717645
Posterior,AMNH99.1/111,1.90468401909215,12,42.2754092,7.9144902,0.5,Homo sapiens,Alaska,Beg Ferati,3,5139.164551,Terra Bella Union Elementary,1,5,4,G,6,-0.7326927
Premolar,AMNH99.1/111,1.9486302255004915,8,42.2754092,7.9144902,0.5,Homo sapiens,Alaska,Shola Ameobi,3,4614.251953,Tipton Elementary,4,1,7,wood,10,0.4081676
Anterior,AMNH99.1/112,6.105126902651722,12,43.749247,8.23260632,0.25,Homo sapiens,Alaska,Darron Gibson,4,5342.233398,San Ysidro Elementary,1,7,3,G,5,-0.0102077
Posterior,AMNH99.1/112,-0.08545595070459056,11,43.749247,8.23260632,0.25,Homo sapiens,Alaska,Janek Sternberg,3,5347.458496,Soledad Unified,3,2,4,L,6,-0.923957
Premolar,AMNH99.1/112,-0.34256706686519967,8,43.749247,8.23260632,0.25,Homo sapiens,Alaska,Niklas Lomb,4,5036.458984,Mountain View Elementary,4,2,4,L,6,0.5766805
Anterior,AMNH99.1/160,-1.0751418591928927,4,55.0,15.0,0.25,Homo sapiens,Alaska, Cristiano Ronaldo,5,5117.141602,King City Union Elementary,4,10,3,G,5,-0.0836015
Posterior,AMNH99.1/160,2.3984773091505054,5,55.0,15.0,0.25,Homo sapiens,Alaska,Zoltán Gera,1,5117.039551,Ontario-Montclair Elementary,1,1,3,G,5,-1.079558
Premolar,AMNH99.1/160,3.644806517981805,4,55.0,15.0,0.25,Homo sapiens,Alaska, Nélson,4,5272.191895,Los Nietos Elementary,2,3,3,G,5,1.040902
Anterior,AMNH99.1/59,0.6251014123580712,12,48.8,10.5,0.25,Homo sapiens,Alaska,Fabien Camus,3,5225.719238,Winton Elementary,2,9,3,G,5,-1.052108
Posterior,AMNH99.1/59,-1.1392418468831973,6,48.8,10.5,0.25,Homo sapiens,Alaska,Wesley Hoolahan,4,6516.533203,Raisin City Elementary,4,3,4,G,6,-0.7277681
Premolar,AMNH99.1/59,-1.1011584014486988,8,48.8,10.5,0.25,Homo sapiens,Alaska,William Gallas,1,4559.176758,Ravenswood City Elementary,3,1,4,G,6,-0.3953965
Anterior,AMNH99.1/59-B,2.4825713592565117,6,40.0,10.0,0.25,Homo sapiens,Alaska, Ryan Mendes,3,5119.158203,Richland-Lerdo Union Elementary,4,2,7,G,10,0.9333959
Posterior,AMNH99.1/59-B,2.707694543917749,6,40.0,10.0,0.25,Homo sapiens,Alaska,Matthias Ostrzolek,5,5338.185547,Oxnard Elementary,1,1,7,G,10,-0.2377786
Premolar,AMNH99.1/59-B,2.221546746979152,4,40.0,10.0,0.25,Homo sapiens,Alaska,Liam Ridgewell,5,5090.044922,El Nido Elementary,4,3,7,G,10,0.274908
Anterior,AMNH99.1/60,-0.7149330836623,6,37.8538959,6.96111299,0.5,Homo sapiens,Alaska,Javier Pinola,5,5485.496094,Fairfax Elementary,3,1,7,G,10,1.970023
Posterior,AMNH99.1/60,1.465981486820023,6,37.8538959,6.96111299,0.5,Homo sapiens,Alaska,Florent Malouda,2,4793.370117,Delano Union Elementary,4,3,4,G,6,1.05095
Premolar,AMNH99.1/60,1.1854307924800065,4,37.8538959,6.96111299,0.5,Homo sapiens,Alaska,Claudio Pizarro,5,5092.91748,Perris Elementary,4,1,3,G,5,0.2418185
Anterior,AMNH99.1/61,1.4332491559544582,12,34.3166852,6.19980411,0.75,Homo sapiens,Alaska,Vegar Hedenstad,3,4359.520996,Valle Lindo Elementary,1,1,3,G,5,1.349395
Posterior,AMNH99.1/61,3.0190980068375506,12,34.3166852,6.19980411,0.75,Homo sapiens,Alaska,Sebastian Larsson,4,5645.495605,Alum Rock Union Elementary,2,21,7,G,10,0.1115635
Premolar,AMNH99.1/61,1.4451707205935902,8,34.3166852,6.19980411,0.75,Homo sapiens,Alaska,Hajime Hosogai,2,4518.016113,Edison Elementary,1,1,7,G,10,-0.2577254
Anterior,AMNH99.1/64,2.5513774021111035,12,43.1468959,7.47240717,0.25,Homo sapiens,Alaska,David Fox,4,5864.366211,Bakersfield City Elementary,2,1,7,G,10,-0.6562689
Posterior,AMNH99.1/64,1.0661247211086604,10,43.1468959,7.47240717,0.25,Homo sapiens,Alaska,Roque Santa Cruz,2,5257.996582,Franklin-McKinley Elementary,2,2,3,G,5,-0.6563948
Premolar,AMNH99.1/64,1.6043625783700406,8,43.1468959,7.47240717,0.25,Homo sapiens,Alaska, Isma López,5,5016.692383,Hawthorne Elementary,2,1,3,G,5,0.7244775
Anterior,AMNH99.1/72,2.435670435545375,12,46.1073874,8.74186019,0.75,Homo sapiens,Alaska, Thiago,2,4720.086426,Chowchilla Elementary,2,2,7,G,10,0.6318343
Posterior,AMNH99.1/72,-2.638257423180556,11,46.1073874,8.74186019,0.75,Homo sapiens,Alaska,Massimo Luongo,5,5470.5625,Salinas City Elementary,4,2,4,G,6,1.070944
Premolar,AMNH99.1/72,0.12529031488857711,8,46.1073874,8.74186019,0.75,Homo sapiens,Alaska,Moussa Sissoko,4,5615.441895,Santa Maria-Bonita Elementary,2,4,7,G,10,-1.450494
Anterior,AMNH99.1/75-A,-0.24084265662552862,12,31.3690097,5.56672472,0.75,Homo sapiens,Alaska,Alex Smith,1,5245.439941,Whittier City Elementary,3,1,7,L,10,1.15588
Posterior,AMNH99.1/75-A,-0.6502303056211682,12,31.3690097,5.56672472,0.75,Homo sapiens,Alaska,Korey Smith,4,4838.175293,Eastside Union Elementary,1,3,7,G,10,-0.3260148
Premolar,AMNH99.1/75-A,0.23347456677806167,8,31.3690097,5.56672472,0.75,Homo sapiens,Alaska,Stilian Petrov,5,5367.988281,Lawndale Elementary,1,10,7,wood,10,0.8846435
Anterior,AMNH99.1/77,4.533937544639985,12,45.2,12.6,0.75,Homo sapiens,Alaska,Leyti N'Diaye,4,5526.236816,Robla Elementary,1,1,7,G,10,-0.5583452
Posterior,AMNH99.1/77,-1.2016190338550403,11,45.2,12.6,0.75,Homo sapiens,Alaska,Mickaël Landreau,4,4353.019531,Santa Rita Union Elementary,4,3,9,G,13,-0.3415543
Premolar,AMNH99.1/77,3.2543965134216046,8,45.2,12.6,0.75,Homo sapiens,Alaska,Ján Mucha,4,5034.290039,Rio Elementary,1,1,9,G,13,-0.5040575
Anterior,AMNH99.1/79,-3.1866352024656113,6,39.4,9.1,0.25,Homo sapiens,Alaska, Cuéllar,5,4692.493652,Strathmore Union Elementary,2,5,4,G,6,-0.9005804
Posterior,AMNH99.1/79,0.0883279682237823,6,39.4,9.1,0.25,Homo sapiens,Alaska,Holger Badstuber,3,5606.781738,North Sacramento Elementary,2,1,7,G,10,0.6430142
Premolar,AMNH99.1/79,1.297352361024836,4,39.4,9.1,0.25,Homo sapiens,Alaska,Marc Tierney,2,4969.180664,Anaheim Elementary,2,1,3,G,5,0.773524
Anterior,AMNH99.1/80(a),2.3261817001645215,6,46.1073874,8.74186019,0.75,Homo sapiens,Alaska, Ramires,2,4675.674805,Lemoore Union Elementary,4,4,3,G,5,1.063938
Posterior,AMNH99.1/80(a),2.629882697035324,6,46.1073874,8.74186019,0.75,Homo sapiens,Alaska,Edin Džeko,4,5306.132813,Armona Union Elementary,4,5,3,G,5,-1.090389
Premolar,AMNH99.1/80(a),2.8293969153385787,4,46.1073874,8.74186019,0.75,Homo sapiens,Alaska,Sanjin Prcić,2,5693.883301,Beardsley Elementary,1,1,7,G,10,-1.069162
Anterior,AMNH99.1/80(b),0.05470323398814414,6,43.749247,8.23260632,0.75,Homo sapiens,Alaska,James Perch,4,5181.57959,South Whittier Elementary,1,2,4,G,6,1.415695
Posterior,AMNH99.1/80(b),-0.22135576955744551,5,43.749247,8.23260632,0.75,Homo sapiens,Alaska, Edu,3,5228.650879,Hanford Elementary,3,1,3,G,5,-1.422919
Premolar,AMNH99.1/80(b),2.9864138526022765,4,43.749247,8.23260632,0.75,Homo sapiens,Alaska,Matthew Lowton,5,5339.391113,National Elementary,1,1,3,G,5,0.3918222
Anterior,AMNH99.1/83-A,0.43716093844652404,12,32.0178426,3.7220627,0.25,Homo sapiens,Alaska,James Tomkins,2,6056.49707,Roseland Elementary,2,1,7,G,10,-0.4899626
Posterior,AMNH99.1/83-A,-2.197372671784553,10,32.0178426,3.7220627,0.25,Homo sapiens,Alaska,Granit Xhaka,3,4845.680176,Di Giorgio Elementary,3,1,9,G,13,-0.5835869
Premolar,AMNH99.1/83-A,-1.8514104184987044,8,32.0178426,3.7220627,0.25,Homo sapiens,Alaska,Chinedu Ede,5,4826.666016,Keppel Union Elementary,4,4,4,G,6,0.7566829
Anterior,AMNH99.1/84-A,-1.3318930291799564,12,30.7794746,5.44029653,0.25,Homo sapiens,Alaska,Leon Balogun,2,5367.090332,Lakeside Union Elementary,4,1,7,G,10,0.8808186
Posterior,AMNH99.1/84-A,2.1098043115035825,12,30.7794746,5.44029653,0.25,Homo sapiens,Alaska,Javier Pinola,4,5742.73291,Merced City Elementary,3,1,3,G,5,-0.5665014
Premolar,AMNH99.1/84-A,1.2479665987900372,8,30.7794746,5.44029653,0.25,Homo sapiens,Alaska,Rory Delap,1,4136.250977,Guadalupe Union Elementary,1,1,3,G,5,0.3394037
Anterior,AMNH99.1/84-B,2.5794913622769835,12,48.8,10.5,0.25,Homo sapiens,Alaska,Derrick Williams,4,5267.831055,Cucamonga Elementary,2,2,4,G,6,-0.1513687
Posterior,AMNH99.1/84-B,-0.13608150198083613,8,48.8,10.5,0.25,Homo sapiens,Alaska,Alexis Thébaux,3,5238.39209,Knightsen Elementary,3,6,3,G,5,-1.024997
Premolar,AMNH99.1/84-B,1.2871158617968792,8,48.8,10.5,0.25,Homo sapiens,Alaska,Ronny Philp,3,5462.899414,Rio Dell Elementary,1,2,7,G,10,-0.0252444
Anterior,AMNH99.1/84-C,2.421827408280535,6,46.1073874,8.74186019,0.25,Homo sapiens,Alaska,Fernando Gago,3,6313.373535,Montague Elementary,2,1,3,G,5,-0.7467875
Posterior,AMNH99.1/84-C,0.15037437904109163,6,46.1073874,8.74186019,0.25,Homo sapiens,Alaska, Felipe Santana,2,6653.030762,McCloud Union Elementary,4,1,9,G,13,0.9889485
Premolar,AMNH99.1/84-C,2.0116866976163084,4,46.1073874,8.74186019,0.25,Homo sapiens,Alaska,Tom Starke,3,5533.149414,Santa Paula Elementary,4,1,3,G,5,-0.5324199
Anterior,AMNH99.1/84-D,-0.7062262325926365,6,33.137615,5.94640065,0.25,Homo sapiens,Alaska,Christian Pander,4,6118.710449,West Park Elementary,2,1,7,G,10,-0.7668921
Posterior,AMNH99.1/84-D,0.019891112812831402,6,33.137615,5.94640065,0.25,Homo sapiens,Alaska,Hugo Rodallega,2,5098.626953,Atwater Elementary,3,1,7,G,10,1.154256
Premolar,AMNH99.1/84-D,-0.02550225502999648,4,33.137615,5.94640065,0.25,Homo sapiens,Alaska, San José,4,5652.878906,Weaver Union Elementary,1,1,4,G,6,1.232602
Anterior,AMNH99.1/86-C,-2.003383139964419,12,47.2736416,8.3605854,0.25,Homo sapiens,Alaska,Jens Grahl,4,5329.002441,Pacific Union Elementary,1,1,9,G,13,1.774334
Posterior,AMNH99.1/86-C,2.0850516670958745,11,47.2736416,8.3605854,0.25,Homo sapiens,Alaska,Thomas Sørensen,1,5929.809082,Lucerne Valley Unified,3,11,7,G,10,1.773151
Premolar,AMNH99.1/86-C,-0.23848525389621944,8,47.2736416,8.3605854,0.25,Homo sapiens,Alaska,Mario Balotelli,4,4897.067871,Romoland Elementary,4,1,4,wood,6,0.7245926
Anterior,AMNH99.1/86-D,0.9322944339912895,12,50.8236683,9.7611705,0.25,Homo sapiens,Alaska,Rio Mavuba,3,5100.202148,El Monte City Elementary,1,7,7,G,10,-1.181626
Posterior,AMNH99.1/86-D,2.0699258746936953,8,50.8236683,9.7611705,0.25,Homo sapiens,Alaska,Frank Lampard,3,4825.722656,Greenfield Union Elementary,4,1,3,L,5,1.769452
Premolar,AMNH99.1/86-D,1.9867984899203048,8,50.8236683,9.7611705,0.25,Homo sapiens,Alaska,Marouane Fellaini,3,4079.12915,Palo Verde Union Elementary,3,8,4,Q,6,-0.5872612
Anterior,AMNH99.1/87,2.5185096792336417,12,45.2,12.6,0.75,Homo sapiens,Alaska,Matthieu Sans,4,5349.367676,Elverta Joint Elementary,3,2,4,Q,6,-0.0018324
Posterior,AMNH99.1/87,0.6626666688729999,9,45.2,12.6,0.75,Homo sapiens,Alaska,Junior Fernandes,2,5869.38916,Lucerne Elementary,2,1,3,wood,5,-0.0566766
Premolar,AMNH99.1/87,-0.12647434637128496,8,45.2,12.6,0.75,Homo sapiens,Alaska,Ludovic Giuly,4,6462.12793,Luther Burbank Elementary,3,2,3,G,5,1.231394
Anterior,AMNH99.1/89-A,0.708262236809351,12,43.749247,8.23260632,0.75,Homo sapiens,Alaska,Klaas-Jan Huntelaar,5,6231.601563,Bangor Union Elementary,2,15,3,L,5,0.4203998
Posterior,AMNH99.1/89-A,-3.197482213035382,12,43.749247,8.23260632,0.75,Homo sapiens,Alaska, Andre Luiz,1,4993.867676,Bayshore Elementary,4,1,3,wood,5,0.2899157
Premolar,AMNH99.1/89-A,-2.6138568554765316,8,43.749247,8.23260632,0.75,Homo sapiens,Alaska, Pedro,5,4663.811035,Oak Valley Union Elementary,3,10,4,G,6,0.2899157
Anterior,AMNH99.1/89-B,-2.3115926516604137,12,28.4213341,4.93536963,0.75,Homo sapiens,Alaska,Anthony Annan,3,6107.106445,Wilsona Elementary,4,1,4,G,6,0.2899157
Posterior,AMNH99.1/89-B,-1.5208968440986312,12,28.4213341,4.93536963,0.75,Homo sapiens,Alaska,Gonzalo Jara,1,5324.228027,Brawley Elementary,4,3,7,G,10,-0.7377322
Premolar,AMNH99.1/89-B,1.8732012938812488,8,28.4213341,4.93536963,0.75,Homo sapiens,Alaska,Stefan Thesker,3,5221.460938,Meadows Union Elementary,2,1,7,G,10,-0.7377322
Anterior,AMNH99.1/90,-1.2979447103946196,12,55.0,15.0,0.75,Homo sapiens,Alaska,Andriy Voronin,4,5157.784668,Little Lake City Elementary,4,1,7,G,10,-0.5719836
Posterior,AMNH99.1/90,-0.01681587578058341,10,55.0,15.0,0.75,Homo sapiens,Alaska,Renaud Cohade,5,5131.119141,Pond Union Elementary,1,3,7,G,10,-0.6779634
Premolar,AMNH99.1/90,4.058447807053744,8,55.0,15.0,0.75,Homo sapiens,Alaska,Emre Can,2,5279.354004,Taft City Elementary,2,1,4,G,6,-0.6779634
Anterior,AMNH99.1/91-A,0.03638728782228817,12,31.9585448,5.69322104,0.75,Homo sapiens,Alaska,Francis Coquelin,4,4704.043945,Brittan Elementary,4,2,3,G,5,-0.6779634
Posterior,AMNH99.1/91-A,2.6937524628003797,12,31.9585448,5.69322104,0.75,Homo sapiens,Alaska, Diego,5,6089.910645,Arena Union Elementary,3,1,3,G,5,-0.6779634
Premolar,AMNH99.1/91-A,-1.366308213745975,8,31.9585448,5.69322104,0.75,Homo sapiens,Alaska,Martín Demichelis,4,5356.833496,Adelanto Elementary,2,6,7,G,10,-0.6779634
Anterior,AMNH99.1/91-B,0.40282388990100293,12,50.8236683,9.7611705,0.5,Homo sapiens,Alaska,Roy Contout,4,5144.549316,Hollister School District,4,1,7,G,10,-0.6779634
Posterior,AMNH99.1/91-B,-1.406163059263754,10,50.8236683,9.7611705,0.5,Homo sapiens,Alaska,Benoît Costil,4,4906.22998,Palmdale Elementary,1,3,7,G,10,-0.6779634
Premolar,AMNH99.1/91-B,0.078250185307018,8,50.8236683,9.7611705,0.5,Homo sapiens,Alaska, Yannick Djaló,4,5489.588867,Oroville City Elementary,3,4,3,L,5,1.509794
Anterior,AMNH99.1/94,2.94348962025272,12,34.3166852,6.19980411,0.25,Homo sapiens,Alaska,Sebastian Freis,3,5718.55127,Standard Elementary,4,1,3,G,5,1.509794
Posterior,AMNH99.1/94,-3.294629189586188,12,34.3166852,6.19980411,0.25,Homo sapiens,Alaska,Stephen Kelly,2,4436.152832,Briggs Elementary,4,1,7,wood,10,1.509794
Premolar,AMNH99.1/94,1.9573829322001475,8,34.3166852,6.19980411,0.25,Homo sapiens,Alaska, Maicon,4,4895.439453,Monroe Elementary,1,1,4,G,6,1.509794
Anterior,AMNH99.1/96-A,1.4795243398910192,12,37.8538959,6.96111299,0.75,Homo sapiens,Alaska,Ryan Mason,4,5159.21875,Lancaster Elementary,2,1,7,G,10,1.509794
Posterior,AMNH99.1/96-A,-0.5415627545216177,12,37.8538959,6.96111299,0.75,Homo sapiens,Alaska,Carlos Sánchez,5,5490.654785,Alview-Dairyland Union Elementary,1,1,7,G,10,0.5885687
Premolar,AMNH99.1/96-A,-2.611294634172461,8,37.8538959,6.96111299,0.75,Homo sapiens,Alaska,Chris Brunt,5,5172.019531,Magnolia Elementary,4,1,7,wood,10,0.5885687
Anterior,AMNH99.1/97,1.07718012636442,12,36.6748257,6.70718105,0.75,Homo sapiens,Alaska,Benjamin Lecomte,3,4441.672852,Liberty Elementary,3,2,7,G,10,0.5885687
Posterior,AMNH99.1/97,-0.38447633143260407,10,36.6748257,6.70718105,0.75,Homo sapiens,Alaska, Xavi,4,5220.370117,Mt. Pleasant Elementary,2,1,7,L,10,0.5885687
Premolar,AMNH99.1/97,1.4672324209946401,8,36.6748257,6.70718105,0.75,Homo sapiens,Alaska,Bănel Nicoliţă,4,5252.810547,El Centro Elementary,2,2,9,L,13,0.5885687
Anterior,AMNH99.1/98,0.955029997799945,12,30.7794746,5.44029653,0.75,Homo sapiens,Alaska,Patrick Owomoyela,5,5518.702148,South Bay Union Elementary,4,1,9,G,13,0.5885687
Posterior,AMNH99.1/98,4.793502159300113,12,30.7794746,5.44029653,0.75,Homo sapiens,Alaska,Sejad Salihović,4,5609.487793,Cascade Union Elementary,3,3,4,G,6,-0.126001
Premolar,AMNH99.1/98,0.32041907822322147,8,30.7794746,5.44029653,0.75,Homo sapiens,Alaska,Shawn Parker,4,4945.031738,Kings River Union Elementary,3,1,7,G,10,-0.126001
Anterior,AMNH99.1/99,-1.5846735015731819,12,31.9585448,5.69322104,0.25,Homo sapiens,Alaska,Ashley Westwood,2,5223.025391,Gerber Union Elementary,2,1,3,G,5,-0.126001
Posterior,AMNH99.1/99,1.3374943641774477,12,31.9585448,5.69322104,0.25,Homo sapiens,Alaska,Kevin Großkreutz,5,4757.025391,Exeter Union Elementary,1,18,3,G,5,-0.126001
Premolar,AMNH99.1/99,1.4364271871381658,8,31.9585448,5.69322104,0.25,Homo sapiens,Alaska,Mamadou Bah,4,5522.161621,American Union Elementary,4,1,3,G,5,-0.2581899
Anterior,BM1868.4.16.2,3.3197245991643145,12,12.47378,3.29146087,1.0,Pongo,Borneo,Chris Smalling,2,6087.608887,San Antonio Union Elementary,1,2,7,G,10,-0.2581899
Posterior,BM1868.4.16.2,2.0464678447170614,12,12.47378,3.29146087,1.0,Pongo,Borneo,Jérémy Ménez,3,4960.515625,Burton Elementary,4,11,4,G,6,-0.2581899
Premolar,BM1868.4.16.2,0.8845711629302248,8,12.47378,3.29146087,1.0,Pongo,Borneo, Antonio López,5,4880.040527,Nuview Union Elementary,4,3,3,G,5,-0.2581899
Anterior,BM1884.10.30.1,3.572675404025805,6,13.686453,3.71761878,1.0,Pongo,Borneo,Vurnon Anita,2,6538.417969,Bellevue Union Elementary,1,1,3,G,5,-0.2581899
Posterior,BM1884.10.30.1,-2.870586177250134,6,13.686453,3.71761878,1.0,Pongo,Borneo,Aaron Ramsey,4,4925.659668,Garvey Elementary,3,1,7,G,10,-0.2581899
Premolar,BM1884.10.30.1,-1.5367487398457136,4,13.686453,3.71761878,1.0,Pongo,Borneo,Antonio Valencia,2,5204.6875,Corning Union Elementary,2,1,9,G,13,0.1496926
Anterior,BM1884.10.30.2,-2.233595926458934,12,13.686453,3.71761878,1.0,Pongo,Borneo,Dawda Bah,2,4907.410645,Jefferson Elementary,4,11,4,G,6,0.1496926
Posterior,BM1884.10.30.2,-0.9295089588902764,12,13.686453,3.71761878,1.0,Pongo,Borneo,Patrick Helmes,4,5923.45166,Big Springs Union Elementary,3,1,7,G,10,0.1496926
Premolar,BM1884.10.30.2,-3.3271501057983093,8,13.686453,3.71761878,1.0,Pongo,Borneo,Serdar Taşçı,4,4741.957031,General Shafter Elementary,1,2,3,G,5,0.1496926
Anterior,BM1886.12.20.10,1.5606592187520354,12,14.1715222,3.88831042,1.0,Pongo,Borneo,Salif Sané,2,4954.019531,Turlock Joint Elementary,4,2,3,G,5,0.1496926
Posterior,BM1886.12.20.10,-0.5223518277528747,12,14.1715222,3.88831042,1.0,Pongo,Borneo,Glen Johnson,2,5500.10791,Twain Harte-Long Barn Union Elementary,4,2,4,G,6,0.1496926
Premolar,BM1886.12.20.10,-3.5558173936019033,8,14.1715222,3.88831042,1.0,Pongo,Borneo, Capdevila,3,5360.51709,Redwood City Elementary,2,8,3,G,5,0.540917
Anterior,BM1898.2.28.11,-2.4498313154254685,12,13.9289876,3.80295048,1.0,Pongo,Borneo,Clemens Fritz,3,5685.63916,Camino Union Elementary,4,2,7,G,10,0.540917
Posterior,BM1898.2.28.11,0.7792337157664433,12,13.9289876,3.80295048,1.0,Pongo,Borneo,Claudio Yacob,2,5594.196289,Plainsburg Union Elementary,4,1,3,G,5,0.540917
Premolar,BM1898.2.28.11,2.0537936460608384,8,13.9289876,3.80295048,1.0,Pongo,Borneo,Péter Gulácsi,2,4692.566895,Banta Elementary,3,1,9,G,13,0.540917
Anterior,BM1899.11.6.1,4.891108421420958,12,17.1217143,3.06608828,0.0,Papio,Arabia,Frédéric Piquionne,4,5085.40625,Washington Colony Elementary,2,2,3,L,5,0.540917
Posterior,BM1899.11.6.1,7.119302877782356,12,17.1217143,3.06608828,0.0,Papio,Arabia,Rémy Vercoutre,1,5456.197266,Rio Linda Union Elementary,2,1,7,G,10,0.540917
Premolar,BM1899.11.6.1,1.0468182447851793,8,17.1217143,3.06608828,0.0,Papio,Arabia, Casto,2,5105.179688,Chatom Union Elementary,4,1,7,wood,10,0.540917
Anterior,BM1899.6.10.2,-2.364107998417556,12,18.5922731,3.4773143,1.0,Papio,East Africa,Robin Knoche,5,5519.677246,Merced River Union Elementary,2,1,4,G,6,0.540917
Posterior,BM1899.6.10.2,-5.139860596312841,12,18.5922731,3.4773143,1.0,Papio,East Africa,Jonathan Obika,5,5065.911133,Hueneme Elementary,3,2,9,G,13,0.540917
Premolar,BM1899.6.10.2,0.6904117980499321,8,18.5922731,3.4773143,1.0,Papio,East Africa, Pedro León,2,5182.428223,Cuddeback Union Elementary,3,11,7,G,10,0.2316134
Anterior,BM1899.7.8.1,-1.9350610410187632,12,23.0253446,4.35428022,1.0,Papio,East Africa,Omar Daf,3,5960.464355,Blue Lake Union Elementary,1,1,4,G,6,0.2316134
Posterior,BM1899.7.8.1,-0.9691210143239648,12,23.0253446,4.35428022,1.0,Papio,East Africa,Daniel Sturridge,1,5124.836426,Lemon Grove Elementary,2,1,7,G,10,-0.0666737
Premolar,BM1899.7.8.1,-1.4471047215220807,8,23.0253446,4.35428022,1.0,Papio,East Africa,Patrick Rakovsky,4,5655.133301,Upper Lake Union Elementary,4,2,3,G,5,-0.0666737
Anterior,BM1900.3.18.1,-0.3020550348550809,12,18.5922731,3.4773143,1.0,Papio,East Africa,Samuel Bouhours,5,5811.689941,Peninsula Union Elementary,3,1,4,G,6,-0.0666737
Posterior,BM1900.3.18.1,2.6298260482466715,12,18.5922731,3.4773143,1.0,Papio,East Africa,Kevin Pannewitz,4,5467.673828,Ocean View Elementary,3,1,4,G,6,-0.0666737
Premolar,BM1900.3.18.1,0.42155348388520153,8,18.5922731,3.4773143,1.0,Papio,East Africa,William Kvist,1,5213.089355,Reeds Creek Elementary,2,1,3,G,5,0.2168924
Anterior,BM1900.6.28.1,-0.3454073661559359,12,11.454619,2.00186723,1.0,Papio,Arabia, Raúl Albiol,4,4613.1875,Arcohe Union Elementary,1,3,3,G,5,0.2168924
Posterior,BM1900.6.28.1,-2.476147099698915,12,11.454619,2.00186723,1.0,Papio,Arabia,Dudu Aouate,2,4886.983887,New Jerusalem Elementary,2,6,3,G,5,0.2168924
Premolar,BM1900.6.28.1,-4.028684753698588,8,11.454619,2.00186723,1.0,Papio,Arabia,David Abraham,2,6455.136719,Dunsmuir Elementary,1,7,3,G,5,0.2168924
Anterior,BM1901.2.13.1,-1.1414974180673965,12,18.9952796,3.55691242,1.0,Papio,West Africa,Jordan Ferri,4,5125.433105,Stanislaus Union Elementary,2,1,4,G,6,0.2168924
Posterior,BM1901.2.13.1,-0.09066607337316182,12,18.9952796,3.55691242,1.0,Papio,West Africa,Johannes van den Bergh,2,5193.692383,Kingsburg Joint Union Elementary,3,1,4,G,6,0.2168924
Premolar,BM1901.2.13.1,4.335230633199039,8,18.9952796,3.55691242,1.0,Papio,West Africa,Ivan Klasnić,4,5002.838867,Buena Park Elementary,1,15,7,G,10,-0.2586962
Anterior,BM1901.8.9.23,0.35650525909289665,12,18.5922731,3.4773143,0.0,Papio,East Africa, Felipe Santana,5,5337.625488,Westminster Elementary,2,2,7,G,10,-0.2586962
Posterior,BM1901.8.9.23,2.427590605135464,12,18.5922731,3.4773143,0.0,Papio,East Africa,Karim Haggui,4,5161.202148,Island Union Elementary,3,1,7,G,10,-0.2586962
Premolar,BM1901.8.9.23,-1.1730513395320274,8,18.5922731,3.4773143,0.0,Papio,East Africa,Gareth Bale,4,5158.791992,Tulare City Elementary,1,1,7,G,10,0.5502878
Anterior,BM1902.11.22.1,-2.8388509799162263,12,12.485,2.19399907,1.0,Papio,Arabia,Matthieu Chalmé,2,5123.474121,Chula Vista Elementary,4,4,4,G,6,0.5502878
Posterior,BM1902.11.22.1,-2.3047756893033946,12,12.485,2.19399907,1.0,Papio,Arabia,Brede Hangeland,2,5782.543945,Black Butte Union Elementary,3,1,3,G,5,0.5502878
Premolar,BM1902.11.22.1,-1.7219551456543665,8,12.485,2.19399907,1.0,Papio,Arabia, Ricardo Costa,2,4842.60791,McSwain Union Elementary,1,1,3,G,5,-0.0620358
Anterior,BM1902.9.2.1,5.211171281377492,12,19.8012926,3.71619727,1.0,Papio,East Africa,Tom Cleverley,5,4219.40625,Franklin Elementary,3,1,7,G,10,-0.0620358
Posterior,BM1902.9.2.1,-1.9555798016688781,12,19.8012926,3.71619727,1.0,Papio,East Africa,Sami Khedira,5,5081.169922,Escondido Union Elementary,4,1,7,G,10,-0.0620358
Premolar,BM1902.9.2.1,2.0771308194012783,8,19.8012926,3.71619727,1.0,Papio,East Africa, Cala,3,5144.993652,East Whittier City Elementary,4,2,7,G,10,-0.0620358
Anterior,BM1902.9.9.3,-2.153684514910566,12,22.6223381,4.27445115,1.0,Papio,East Africa,Fabian Giefer,4,4674.298828,Rio Bravo-Greeley Union Elementary,1,5,3,G,5,-0.0620358
Posterior,BM1902.9.9.3,2.3032802981746583,9,22.6223381,4.27445115,1.0,Papio,East Africa,Matthew Jarvis,2,4830.326172,Marcum-Illinois Union Elementary,4,11,3,G,5,-0.9823852
Premolar,BM1902.9.9.3,0.9752481505046702,8,22.6223381,4.27445115,1.0,Papio,East Africa,Mickaël Landreau,4,5621.687988,Vallecitos Elementary,3,1,7,G,10,-0.9823852
Anterior,BM1904.11.5.2,-0.34055575120542164,12,21.4133186,4.03507241,1.0,Papio,East Africa,Harry Kane,3,4948.868164,Victor Elementary,3,1,4,G,6,-0.9823852
Posterior,BM1904.11.5.2,-0.05903359267730607,12,21.4133186,4.03507241,1.0,Papio,East Africa,Maxime Baca,4,5100.975586,Savanna Elementary,4,6,7,G,10,-0.9823852
Premolar,BM1904.11.5.2,-1.550823338666838,8,21.4133186,4.03507241,1.0,Papio,East Africa,Nicolas Fauvergue,4,5132.788574,West Side Union Elementary,3,1,7,wood,10,-0.054344
Anterior,BM1904.8.2.1,1.1237437444251899,12,12.485,2.19399907,1.0,Papio,Arabia, Bodipo,4,5358.51709,Enterprise Elementary,2,4,7,G,10,-0.054344
Posterior,BM1904.8.2.1,-1.0653939227726812,12,12.485,2.19399907,1.0,Papio,Arabia,Philipp Lahm,4,5149.186523,Red Bluff Union Elementary,4,4,7,L,10,-0.054344
Premolar,BM1904.8.2.1,-2.9376403353562757,8,12.485,2.19399907,1.0,Papio,Arabia,Vadim Demidov,3,5373.206543,Jamestown Elementary,2,1,7,Q,10,-0.054344
Anterior,BM1904.8.2.3,-3.0647817984022634,12,17.1217143,3.06608828,1.0,Papio,East Africa,Sascha Mölders,2,6485.166016,Weed Union Elementary,4,4,9,Q,13,-0.054344
Posterior,BM1904.8.2.3,0.45930673010617934,12,17.1217143,3.06608828,1.0,Papio,East Africa,Alexandre Alphonse,2,5504.025391,South Bay Union Elementary,2,1,9,wood,13,-0.054344
Premolar,BM1904.8.2.3,3.876442318811635,8,17.1217143,3.06608828,1.0,Papio,East Africa,Mario Mandžukić,3,5105.734375,Brentwood Union Elementary,2,1,4,G,6,-0.054344
Anterior,BM1905.5.10.1,0.42870368921133273,12,21.8163251,4.1148462,1.0,Papio,West Africa,Gastón Ramírez,2,5634.730957,Summerville Elementary,1,1,7,L,10,-0.0680143
Posterior,BM1905.5.10.1,-0.2482348268811067,12,21.8163251,4.1148462,1.0,Papio,West Africa, Brandão,4,4980.294434,Ophir Elementary,2,1,3,wood,5,-0.0680143
Premolar,BM1905.5.10.1,0.7344218665908064,8,21.8163251,4.1148462,1.0,Papio,West Africa,Mario Götze,4,6113.859863,Montgomery Elementary,1,2,3,G,5,-0.0680143
Anterior,BM1906.11.1.6,3.212964405942774,12,20.2042991,3.79588028,1.0,Papio,East Africa,Gael Bigirimana,5,5850.0,Santa Rosa Elementary,3,1,3,G,5,-0.0680143
Posterior,BM1906.11.1.6,0.5729953597186457,12,20.2042991,3.79588028,1.0,Papio,East Africa,Nils Petersen,4,4547.944824,Salida Union Elementary,2,1,7,G,10,-0.0680143
Premolar,BM1906.11.1.6,-0.9583581454983803,8,20.2042991,3.79588028,1.0,Papio,East Africa,Souleymane Diawara,3,5011.840332,Shasta Union Elementary,2,2,4,G,6,-0.0680143
Anterior,BM1907.7.8.11,2.727756522536366,12,19.8012926,3.71619727,1.0,Papio,Central Africa,Martin Lanig,4,5261.370605,Fortuna Union Elementary,2,2,3,G,5,-0.0680143
Posterior,BM1907.7.8.11,1.081674658319778,12,19.8012926,3.71619727,1.0,Papio,Central Africa,Ezequiel Lavezzi,3,4276.115234,Rockford  Elementary,3,4,3,G,5,-0.0680143
Premolar,BM1907.7.8.11,3.771158193133943,8,19.8012926,3.71619727,1.0,Papio,Central Africa, Fran Miranda,4,4566.27002,Plaza Elementary,4,1,7,G,10,0.0294137
Anterior,BM1908.7.17.1,0.4627165793181111,6,16.5968682,4.74312763,1.0,Pongo,Borneo,Nicolas Douchez,3,6049.495117,Monte Rio Union Elementary,3,1,9,G,13,0.0294137
Posterior,BM1908.7.17.1,-2.9573347563248245,6,16.5968682,4.74312763,1.0,Pongo,Borneo,Cata Díaz,2,4974.28125,Janesville Union Elementary,3,2,4,G,6,0.0294137
Premolar,BM1908.7.17.1,-3.3064336682799125,4,16.5968682,4.74312763,1.0,Pongo,Borneo,Michael Harriman,4,4432.478027,Magnolia Union Elementary,4,1,7,G,10,0.0294137
Anterior,BM1908.8.9.41,4.050971347481079,6,19.3982861,3.63654073,1.0,Papio,East Africa,René Adler,1,4924.619141,Shaffer Union Elementary,2,6,3,G,5,0.0294137
Posterior,BM1908.8.9.41,4.227689652420713,6,19.3982861,3.63654073,1.0,Papio,East Africa,Florent Malouda,3,4603.659668,Fullerton Elementary,3,16,3,G,5,0.0294137
Premolar,BM1908.8.9.41,-0.39614648873600844,4,19.3982861,3.63654073,1.0,Papio,East Africa,Lisandro López,4,5973.925293,Cinnabar Elementary,1,3,4,L,6,0.0294137
Anterior,BM1908.8.9.42,-0.8909633302510479,12,23.8313576,4.51398683,0.0,Papio,East Africa,Papiss Demba Cissé,4,5215.943848,Santa Barbara Elementary,1,1,3,G,5,0.0294137
Posterior,BM1908.8.9.42,3.590616030949896,12,23.8313576,4.51398683,0.0,Papio,East Africa, Busquets,4,4882.236816,Rohnerville Elementary,1,4,7,wood,10,0.0294137
Premolar,BM1908.8.9.42,-2.649595605198783,8,23.8313576,4.51398683,0.0,Papio,East Africa,Jens Langeneke,2,4145.835938,Pleasant Grove Joint Union Elementary,2,2,3,G,5,0.2394859
Anterior,BM1909.6.11,-2.133762020004579,12,14.0305714,2.48359763,1.0,Papio,East Africa,Leonardo Bittencourt,1,7542.038086,Mountain Union Elementary,2,2,9,G,13,0.2394859
Posterior,BM1909.6.11,1.6029787891935434,12,14.0305714,2.48359763,1.0,Papio,East Africa,Julian Korb,4,5247.018066,South Fork Union Elementary,1,1,3,G,5,0.2394859
Premolar,BM1909.6.11,-0.9187031695683782,8,14.0305714,2.48359763,1.0,Papio,East Africa,Mesut Özil,2,5169.814941,Jamul-Dulzura Union Elementary,3,2,7,wood,10,0.2394859
Anterior,BM1910.10.3.1,0.0275562947002417,12,13.0001905,2.29036872,1.0,Papio,East Africa,Thomas Vermaelen,4,5951.005859,Live Oak Elementary,4,2,7,G,10,0.2394859
Posterior,BM1910.10.3.1,-0.35708867366795105,9,13.0001905,2.29036872,1.0,Papio,East Africa,Bobby Zamora,4,4746.572266,Menifee Union Elementary,2,1,4,L,6,-0.7330914
Premolar,BM1910.10.3.1,0.8601459412231423,7,13.0001905,2.29036872,1.0,Papio,East Africa,Lars Stindl,5,4944.092285,Lakeside Union Elementary,2,1,9,L,13,-0.7330914
Anterior,BM1911.12.1.1,3.4595129342798563,12,18.1892666,3.39774848,1.0,Papio,East Africa,Mario Mandžukić,2,6306.487305,Whisman Elementary,2,5,7,G,10,-0.7330914
Posterior,BM1911.12.1.1,0.26007833231465816,12,18.1892666,3.39774848,1.0,Papio,East Africa,Florian Raspentino,3,4260.306641,McCabe Union Elementary,1,1,4,G,6,-0.7330914
Premolar,BM1911.12.1.1,1.6044656553083478,8,18.1892666,3.39774848,1.0,Papio,East Africa,Brett Holman,2,4718.163086,Lammersville Elementary,2,2,7,G,10,-0.1111221
Anterior,BM1913.10.18.2,-4.940945197000083,12,19.3982861,3.63654073,1.0,Papio,East Africa,Shaun Wright-Phillips,2,4751.299805,Lassen View Union Elementary,4,16,3,G,5,-0.1111221
Posterior,BM1913.10.18.2,-0.07836259501205223,12,19.3982861,3.63654073,1.0,Papio,East Africa,Dimitar Berbatov,2,5653.453613,Loleta Union Elementary,3,1,4,G,6,-0.1111221
Premolar,BM1913.10.18.2,-2.0086493610307916,8,19.3982861,3.63654073,1.0,Papio,East Africa,Pape Souaré,4,5920.253418,Junction Elementary,4,1,4,G,6,-0.1111221
Anterior,BM1913.10.18.3,-2.9211372900377697,6,24.2343641,4.59386268,1.0,Papio,East Africa,James McArthur,1,4825.59082,Rosemead Elementary,4,1,3,G,5,-0.1111221
Posterior,BM1913.10.18.3,-2.093493481882978,6,24.2343641,4.59386268,1.0,Papio,East Africa,Dudu Aouate,2,5532.582031,Grass Valley Elementary,1,1,3,G,5,-0.1111221
Premolar,BM1913.10.18.3,-0.7717613864352704,4,24.2343641,4.59386268,1.0,Papio,East Africa,Rickie Lambert,4,3926.06958,Buena Vista Elementary,1,1,3,G,5,1.775517
Anterior,BM1914.3.8.2,2.2652084919964057,12,26.6524031,5.07338879,0.0,Papio,East Africa,James Ward-Prowse,3,5805.636719,Kernville Union Elementary,1,1,3,G,5,-0.3218485
Posterior,BM1914.3.8.2,-3.182504800176675,12,26.6524031,5.07338879,0.0,Papio,East Africa,Sven Bender,2,4899.239746,Galt Joint Union Elementary,1,1,4,G,6,-0.3218485
Premolar,BM1914.3.8.2,0.11441998934546802,8,26.6524031,5.07338879,0.0,Papio,East Africa, Alfaro,2,4884.862305,Southside Elementary,1,9,4,G,6,-0.3218485
Anterior,BM1918.11.8.1,-1.1363019369370735,6,22.6223381,4.27445115,1.0,Papio,East Africa,Petr Jiráček,2,5139.9375,Lakeside Union Elementary,2,1,7,G,10,-0.3218485
Posterior,BM1918.11.8.1,-0.7560901061562486,6,22.6223381,4.27445115,1.0,Papio,East Africa,Jan Polák,2,5249.364746,Nuestro Elementary,4,4,7,G,10,0.2116939
Premolar,BM1918.11.8.1,2.476225608178654,4,22.6223381,4.27445115,1.0,Papio,East Africa, Barragán,5,5399.070313,Alvina Elementary,2,2,7,G,10,0.2116939
Anterior,BM1922.12.19.6,1.3473651231661867,12,18.1892666,3.39774848,1.0,Papio,Central Africa,Stefan Bell,4,4965.290039,Oakley Union Elementary,4,2,7,G,10,0.2116939
Posterior,BM1922.12.19.6,3.289242674014483,12,18.1892666,3.39774848,1.0,Papio,Central Africa,Massimo Luongo,4,6210.323242,Etna Union Elementary,3,1,4,G,6,0.2116939
Premolar,BM1922.12.19.6,-0.33537547242107574,8,18.1892666,3.39774848,1.0,Papio,Central Africa,Bastian Schweinsteiger,1,4797.503418,Jefferson Elementary,4,1,3,G,5,0.2116939
Anterior,BM1923.3.4.3,-1.650810253073691,12,28.2644291,5.39328887,0.0,Papio,East Africa,Benoît Assou-Ekotto,5,5397.161621,Berryessa Union Elementary,4,1,3,G,5,0.2116939
Posterior,BM1923.3.4.3,-0.5038706819716767,12,28.2644291,5.39328887,0.0,Papio,East Africa,Landry Bonnefoi,3,5078.5,Kit Carson Union Elementary,4,1,7,G,10,-0.717645
Premolar,BM1923.3.4.3,0.6291521141873361,8,28.2644291,5.39328887,0.0,Papio,East Africa,Mathieu Coutadeur,4,4733.746582,Sylvan Union Elementary,3,2,7,G,10,-0.717645
Anterior,BM1924.2.25.1,0.46898945959994537,12,20.6073056,3.87558812,1.0,Papio,East Africa,Alexander Esswein,4,4963.060059,Oak View Union Elementary,2,2,7,L,10,-0.717645
Posterior,BM1924.2.25.1,-2.5945483666267277,12,20.6073056,3.87558812,1.0,Papio,East Africa,Shola Ameobi,4,5431.177246,Auburn Union Elementary,1,18,3,G,5,-0.7326927
Premolar,BM1924.2.25.1,0.2598472230454586,8,20.6073056,3.87558812,1.0,Papio,East Africa,Sebastian Prödl,3,5382.088867,North County Joint Union Elementary,2,1,3,wood,5,-0.7326927
Anterior,BM1924.8.6.15,0.5944865254253717,12,19.3982861,3.63654073,1.0,Papio,West Africa, Pozuelo,1,5724.441895,Pioneer Union Elementary,2,1,7,G,10,-0.7326927
Posterior,BM1924.8.6.15,6.156267121926483,12,19.3982861,3.63654073,1.0,Papio,West Africa,Axel Bellinghausen,4,4843.427246,Central Elementary,3,1,4,G,6,-0.0102077
Premolar,BM1924.8.6.15,4.599841657867463,8,19.3982861,3.63654073,1.0,Papio,West Africa,Joe Hart,2,5730.349121,Pacheco Union Elementary,1,18,7,G,10,-0.0102077
Anterior,BM1924.8.6.16,-2.0329763938846543,12,24.2343641,4.59386268,0.0,Papio,West Africa,Andrey Arshavin,4,5635.786133,Chicago Park Elementary,3,1,7,G,10,-0.0102077
Posterior,BM1924.8.6.16,-0.6582051768660026,12,24.2343641,4.59386268,0.0,Papio,West Africa,Christian Wetklo,3,5671.657227,Brisbane Elementary,2,7,7,G,10,-0.0102077
Premolar,BM1924.8.6.16,-3.5154695171553834,8,24.2343641,4.59386268,0.0,Papio,West Africa,Marco Estrada,5,7070.633301,Central Union Elementary,1,1,7,G,10,-0.0102077
Anterior,BM1925.5.12.1,-1.3951376952969126,12,21.8163251,4.1148462,1.0,Papio,West Africa,Chris Gunter,4,5097.343262,Happy Valley Union Elementary,4,1,7,G,10,-0.0102077
Posterior,BM1925.5.12.1,0.8067703730784063,12,21.8163251,4.1148462,1.0,Papio,West Africa, Sisi,4,5482.677246,Mark Twain Union Elementary,3,5,9,G,13,-0.923957
Premolar,BM1925.5.12.1,2.9696520024966997,8,21.8163251,4.1148462,1.0,Papio,West Africa,Neven Subotić,4,5642.832031,San Rafael City Elementary,2,2,9,G,13,-0.923957
Anterior,BM1927.8.14.1,-1.7313277036562624,6,16.0913333,2.87155209,0.0,Papio,East Africa, Goni,4,5280.023438,Cajon Valley Union Elementary,2,3,4,G,6,0.5766805
Posterior,BM1927.8.14.1,-1.5492653924769668,6,16.0913333,2.87155209,0.0,Papio,East Africa,Rio Mavuba,4,5433.339844,Campbell Union Elementary,1,6,7,G,10,0.5766805
Premolar,BM1927.8.14.1,-5.176893242215611,4,16.0913333,2.87155209,0.0,Papio,East Africa,Jérôme Rothen,5,4529.283691,Browns Elementary,2,1,3,G,5,0.5766805
Anterior,BM1930.12.1.2,-0.3552009859300574,12,20.2042991,3.79588028,0.0,Papio,East Africa, Brandão,5,6039.98584,Clear Creek Elementary,1,1,3,G,5,0.5766805
Posterior,BM1930.12.1.2,-2.5411628005835816,12,20.2042991,3.79588028,0.0,Papio,East Africa, Agirretxe,3,6168.229492,Trinidad Union Elementary,3,6,3,G,5,-0.0836015
Premolar,BM1930.12.1.2,-1.2462865373669512,8,20.2042991,3.79588028,0.0,Papio,East Africa,Jamel Saihi,4,5774.970215,Guerneville Elementary,2,4,7,G,10,-0.0836015
Anterior,BM1931.4.1.1,-2.0903555341793796,12,19.3982861,3.63654073,1.0,Papio,East Africa,Sebastian Kehl,2,4806.761719,San Bruno Park Elementary,2,13,4,G,6,-0.0836015
Posterior,BM1931.4.1.1,-0.1890132699713932,12,19.3982861,3.63654073,1.0,Papio,East Africa,Ryan Dickson,3,4840.936035,Antelope Elementary,4,1,3,G,5,-0.0836015
Premolar,BM1931.4.1.1,-4.2304457758231955,8,19.3982861,3.63654073,1.0,Papio,East Africa, De la Bella,1,4954.466309,Centralia Elementary,2,6,3,G,5,-0.0836015
Anterior,BM1932.7.6.1,-3.5242236888977603,12,13.515381,2.38690817,1.0,Papio,East Africa, Fernando Torres,3,4023.531738,Etiwanda Elementary,3,1,7,G,10,-0.0836015
Posterior,BM1932.7.6.1,5.213059944845655,12,13.515381,2.38690817,1.0,Papio,East Africa,Billy Jones,4,5179.411133,Wiseburn Elementary,3,3,9,G,13,-0.0836015
Premolar,BM1932.7.6.1,-3.087825863731867,8,13.515381,2.38690817,1.0,Papio,East Africa,Mathieu Coutadeur,3,4385.229492,Scotia Union Elementary,2,2,4,G,6,-0.0836015
Anterior,BM1934.11.20.1,-2.624668422907161,12,18.5922731,3.4773143,1.0,Papio,East Africa,Jonny Evans,3,4777.512695,Mountain View Elementary,4,1,7,G,10,-0.0836015
Posterior,BM1934.11.20.1,4.502828077503954,12,18.5922731,3.4773143,1.0,Papio,East Africa,Sofian Chahed,4,4862.790527,Pleasant Valley Joint Union Elementary,2,3,3,G,5,-0.0836015
Premolar,BM1934.11.20.1,7.097934480872965,8,18.5922731,3.4773143,1.0,Papio,East Africa, Álex López,3,5486.029785,Oak Grove Elementary,3,2,3,G,5,-0.0836015
Anterior,BM1935.10.22.24,-2.806350884337229,6,21.0103121,3.95531929,0.0,Papio,West Africa,Danny Guthrie,5,5486.382324,Pollock Pines Elementary,2,1,4,G,6,-0.0836015
Posterior,BM1935.10.22.24,-0.8546701946101055,6,21.0103121,3.95531929,0.0,Papio,West Africa,Karim El-Hany,4,4631.243652,Castaic Union Elementary,1,1,3,G,5,-1.079558
Premolar,BM1935.10.22.24,0.8698178870497184,4,21.0103121,3.95531929,0.0,Papio,West Africa,Peguy Luyindula,2,5189.62793,Bishop Union Elementary,1,1,7,G,10,-1.079558
Anterior,BM1935.2.14.1,4.239914838679729,12,19.3982861,3.63654073,1.0,Papio,East Africa,Jon Walters,4,4600.606445,Buellton Union Elementary,1,1,3,G,5,1.040902
Posterior,BM1935.2.14.1,-2.3575943397389376,12,19.3982861,3.63654073,1.0,Papio,East Africa,Benoît Cheyrou,4,6735.775391,Chawanakee Jt. Elementary,2,7,9,G,13,1.040902
Premolar,BM1935.2.14.1,-0.5559087571533554,8,19.3982861,3.63654073,1.0,Papio,East Africa,Craig Dawson,1,5475.172852,Yreka Union Elementary,1,2,3,wood,5,1.040902
Anterior,BM1936.12.28.1,1.9285613866198243,12,18.5922731,3.4773143,1.0,Papio,East Africa,Korey Smith,3,5990.794434,Alexander Valley Union Elementary,4,1,7,G,10,-1.052108
Posterior,BM1936.12.28.1,1.096275221647996,12,18.5922731,3.4773143,1.0,Papio,East Africa,Zdravko Kuzmanović,2,7203.246582,Twin Ridges Elementary,3,1,7,L,10,-1.052108
Premolar,BM1936.12.28.1,-0.8738807300000593,8,18.5922731,3.4773143,1.0,Papio,East Africa,Matthew Upson,2,4777.769043,Sundale Union Elementary,4,4,4,Q,6,-1.052108
Anterior,BM1936.12.28.2,-0.2851262916021916,12,18.5922731,3.4773143,1.0,Papio,East Africa,Danny Fox,4,4302.834961,Three Rivers Union Elementary,3,3,9,Q,13,-1.052108
Posterior,BM1936.12.28.2,-3.300344290916864,12,18.5922731,3.4773143,1.0,Papio,East Africa,Zdravko Kuzmanović,2,5630.194824,Columbia Union Elementary,1,7,7,wood,10,-1.052108
Premolar,BM1936.12.28.2,-0.5386491609682612,8,18.5922731,3.4773143,1.0,Papio,East Africa,Niklas Dams,3,4708.625,Westside Union Elementary,4,3,4,G,6,-1.052108
Anterior,BM1938.7.17.1,-0.6071951736313952,12,32.6684551,6.16831052,1.0,Papio,Central Africa,Etienne Didot,4,5629.961426,Ballico-Cressey Elementary,3,15,7,L,10,-1.052108
Posterior,BM1938.7.17.1,0.6040626443216034,12,32.6684551,6.16831052,1.0,Papio,Central Africa,Nikolče Noveski,1,4890.986816,Millbrae Elementary,3,2,3,wood,5,-0.7277681
Premolar,BM1938.7.17.1,-1.309181584291854,8,32.6684551,6.16831052,1.0,Papio,Central Africa, Samuel,2,4929.393066,Evergreen Elementary,3,5,4,G,6,-0.7277681
Anterior,BM1939.1005,1.1631586779809926,6,14.1715222,3.88831042,1.0,Pongo,Borneo, Yannick Djaló,3,4905.221191,Harmony Union Elementary,1,1,4,G,6,-0.3953965
Posterior,BM1939.1005,2.4779626635919403,6,14.1715222,3.88831042,1.0,Pongo,Borneo,Fabian Delph,2,5156.856934,Panama Buena Vista Union Elementary,1,4,3,G,5,-0.3953965
Premolar,BM1939.1005,0.395163359365201,4,14.1715222,3.88831042,1.0,Pongo,Borneo,Hogan Ephraim,2,4941.787598,Laguna Salada Union Elementary,4,2,3,G,5,-0.3953965
Anterior,BM1939.1006,0.8721449890123096,6,11.2611071,2.86641,1.0,Pongo,Borneo,Gonzalo Castro,2,5408.781738,Sonora Elementary,3,15,3,G,5,-0.3953965
Posterior,BM1939.1006,0.14668612681766813,6,11.2611071,2.86641,1.0,Pongo,Borneo,James Shea,4,4981.387695,Roseville City Elementary,2,1,3,G,5,-0.3953965
Premolar,BM1939.1006,0.017748894808427673,4,11.2611071,2.86641,1.0,Pongo,Borneo,Laurent Koscielny,3,4877.086426,Gratton Elementary,3,7,4,G,6,-0.3953965
Anterior,BM1939.1007,-1.7354997115343131,12,9.80589949,2.35865298,0.0,Pongo,Borneo,Rémi Gomis,4,5111.739258,Susanville Elementary,4,1,4,G,6,-0.3953965
Posterior,BM1939.1007,0.7864747078286309,12,9.80589949,2.35865298,0.0,Pongo,Borneo, Xavi,3,5201.515625,Bella Vista Elementary,4,16,7,G,10,-0.2377786
Premolar,BM1939.1007,-0.21881640242665878,8,9.80589949,2.35865298,0.0,Pongo,Borneo,Pablo Zabaleta,2,4138.305664,Columbine Elementary,2,6,7,G,10,-0.2377786
Anterior,BM1939.1008,5.102949435911456,12,11.2611071,2.86641,0.0,Pongo,Borneo,Mapou Yanga-Mbiwa,2,5743.597168,Hughes-Elizabeth Lakes Union Elementary,2,1,7,G,10,-0.2377786
Posterior,BM1939.1008,3.840049560862937,12,11.2611071,2.86641,0.0,Pongo,Borneo,Wojciech Szczęsny,4,5702.705078,Mountain View Elementary,3,2,7,G,10,-0.2377786
Premolar,BM1939.1008,0.9549678601848997,8,11.2611071,2.86641,0.0,Pongo,Borneo,Sam Johnstone,2,4802.152832,Sulphur Springs Union Elementary,2,1,4,L,6,0.274908
Anterior,BM1939.1021,-1.8138668737878447,12,20.6073056,3.87558812,1.0,Papio,West Africa, Xavi,5,5442.143066,Forestville Union Elementary,4,1,3,G,5,0.274908
Posterior,BM1939.1021,-2.662631928157214,12,20.6073056,3.87558812,1.0,Papio,West Africa,Michael Keane,2,4522.375488,Rosedale Union Elementary,2,1,3,wood,5,0.274908
Premolar,BM1939.1021,2.9339120614043983,8,20.6073056,3.87558812,1.0,Papio,West Africa, Iniesta,4,4965.808105,Columbia Elementary,1,2,7,G,10,1.970023
Anterior,BM1962.25,0.6783559167320492,12,19.8012926,3.71619727,0.0,Papio,East Africa,Jaroslav Plašil,1,5358.326172,Colfax Elementary,4,3,7,G,10,1.970023
Posterior,BM1962.25,1.2065205949256674,12,19.8012926,3.71619727,0.0,Papio,East Africa, Cala,4,5784.625,Mt. Shasta Union Elementary,1,1,7,G,10,1.970023
Premolar,BM1962.25,-4.198515970538644,8,19.8012926,3.71619727,0.0,Papio,East Africa,Antonio Rüdiger,4,5072.70459,Piner-Olivet Union Elementary,3,1,3,wood,5,1.05095
Anterior,BM1964.2174,2.2932353493187865,12,19.3982861,3.63654073,0.0,Papio,East Africa,David Meyler,4,5556.041016,Bass Lake Joint Elementary,4,1,3,G,5,1.05095
Posterior,BM1964.2174,1.1440257546718666,12,19.3982861,3.63654073,0.0,Papio,East Africa,Sven Schipplock,3,5190.310059,Cutten Elementary,4,1,7,L,10,0.2418185
Premolar,BM1964.2174,-2.6578195544434036,8,19.3982861,3.63654073,0.0,Papio,East Africa,Alex Oxlade-Chamberlain,3,5211.485352,Placerville Union Elementary,1,5,4,L,6,0.2418185
Anterior,BM1971.2353,-1.1055814971597233,6,22.6223381,4.27445115,1.0,Papio,West Africa,Alexander Tettey,3,5284.164063,Wright Elementary,2,1,7,G,10,0.2418185
Posterior,BM1971.2353,0.680707646809411,6,22.6223381,4.27445115,1.0,Papio,West Africa,Gabriel Torje,3,5331.920898,Evergreen Union Elementary,2,2,7,G,10,1.349395
Premolar,BM1971.2353,0.16746941934439405,4,22.6223381,4.27445115,1.0,Papio,West Africa, José Enrique,3,5599.60791,Old Adobe Union Elementary,4,9,7,G,10,1.349395
Anterior,BM1971.2354,-0.6698373175101642,7,21.0103121,3.95531929,1.0,Papio,West Africa,Anthony Martial,3,4881.899414,Wilmar Union Elementary,3,1,7,G,10,-0.2577254
Posterior,BM1971.2354,-0.211427376028471,6,21.0103121,3.95531929,1.0,Papio,West Africa,Federico Macheda,2,4700.432129,Ackerman Elementary,4,1,7,G,10,-0.2577254
Premolar,BM1971.2354,-0.5721854409691188,4,21.0103121,3.95531929,1.0,Papio,West Africa,Karim Haggui,3,5650.0,Santa Cruz City Elementary,1,1,9,G,13,-0.6562689
Anterior,BM1976.1408,0.3881983581260567,12,16.3543336,4.65756455,0.0,Pongo,Borneo,Aaron Hughes,2,5318.240723,Arcata Elementary,4,2,9,G,13,-0.6562689
Posterior,BM1976.1408,3.5925709862101094,13,16.3543336,4.65756455,0.0,Pongo,Borneo,William Kvist,5,4709.054199,Alta Loma Elementary,3,1,4,G,6,-0.6562689
Premolar,BM1976.1408,-6.218218019691277,8,16.3543336,4.65756455,0.0,Pongo,Borneo, Arana,4,5143.19043,Foresthill Union Elementary,4,1,7,G,10,-0.6562689
Anterior,BM1976.1409,-0.5578898743405396,12,13.9289876,3.80295048,0.0,Pongo,Borneo, Puyol,4,5133.009766,Mother Lode Union Elementary,4,1,3,G,5,-0.6562689
Posterior,BM1976.1409,0.4463852710622412,12,13.9289876,3.80295048,0.0,Pongo,Borneo,Jonny Evans,2,5081.455566,Ocean View Elementary,1,2,3,G,5,-0.6562689
Premolar,BM1976.1409,0.7366687762994927,8,13.9289876,3.80295048,0.0,Pongo,Borneo, José Enrique,4,4016.41626,Lake Elementary,2,11,3,G,5,-0.6563948
Anterior,BM1976.1415,-0.8860320628770738,12,12.2312454,3.20634803,0.0,Pongo,Borneo,Ludovic Giuly,2,5374.050293,San Mateo-Foster City Elementary,1,1,7,G,10,-0.6563948
Posterior,BM1976.1415,-4.250456334335429,12,12.2312454,3.20634803,0.0,Pongo,Borneo, Thiago Motta,4,5427.548828,Goleta Union Elementary,2,3,4,G,6,-0.6563948
Premolar,BM1976.1415,0.8144172189256031,8,12.2312454,3.20634803,0.0,Pongo,Borneo, Bosingwa,5,5179.644531,Helendale Elementary,2,2,3,G,5,-0.6563948
Anterior,BM1976.1416,4.2141850823305385,12,11.5036417,2.95130863,0.0,Pongo,Borneo,Dan Gosling,2,5400.0,Petaluma City Elementary,2,2,3,G,5,-0.6563948
Posterior,BM1976.1416,-3.7090113860488714,11,11.5036417,2.95130863,0.0,Pongo,Borneo,Tino Costa,2,5726.146484,Sunnyvale Elementary,2,1,7,G,10,-0.6563948
Premolar,BM1976.1416,2.1162359614976998,8,11.5036417,2.95130863,0.0,Pongo,Borneo,Benjamin Uphoff,2,5003.870117,College Elementary,4,1,9,G,13,-0.6563948
Anterior,BM1976.1417,-0.7806165149772021,6,11.2611071,2.86641,0.0,Pongo,Borneo,Ashkan Dejagah,3,4969.51123,La Mesa-Spring Valley,2,1,4,G,6,-0.6563948
Posterior,BM1976.1417,-0.1314451962753823,7,11.2611071,2.86641,0.0,Pongo,Borneo,Emanuel Pogatetz,4,4747.295898,Huntington Beach City Elementary,3,1,7,G,10,-0.6563948
Premolar,BM1976.1417,-2.540499817358273,3,11.2611071,2.86641,0.0,Pongo,Borneo, Lafita,2,4543.305176,Solvang Elementary,1,5,3,G,5,-0.6563948
Anterior,BM1976.1418,-0.7950259067940258,12,11.2611071,2.86641,0.0,Pongo,Borneo,Guy Demel,4,5229.591309,Soquel Elementary,1,1,3,L,5,-0.6563948
Posterior,BM1976.1418,3.1760352256155295,12,11.2611071,2.86641,0.0,Pongo,Borneo,Mesut Özil,5,4507.353027,Capay Joint Union Elementary,1,10,4,G,6,-0.6563948
Premolar,BM1976.1418,1.4331195704034039,8,11.2611071,2.86641,0.0,Pongo,Borneo,Ricardo Faty,4,5302.62793,Gravenstein Union Elementary,4,2,3,wood,5,0.7244775
Anterior,BM1976.1419,4.226238908389128,12,11.2611071,2.86641,0.0,Pongo,Borneo,Timmy Simons,3,5545.610352,Pleasant Valley Elementary,1,2,7,G,10,0.7244775
Posterior,BM1976.1419,2.878095952005145,12,11.2611071,2.86641,0.0,Pongo,Borneo,Simon Rolfes,2,4615.908691,Pioneer Union Elementary,2,2,3,G,5,0.7244775
Premolar,BM1976.1419,1.0843160995899166,8,11.2611071,2.86641,0.0,Pongo,Borneo,Carl Medjani,4,5397.689453,Santee Elementary,2,2,9,G,13,0.7244775
Anterior,BM1976.1420,4.254477089610501,10,11.0185725,2.78157736,0.0,Pongo,Borneo, Santi Cazorla,5,5118.373047,Johnstonville Elementary,2,13,3,G,5,0.7244775
Posterior,BM1976.1420,1.0840888899096504,12,11.0185725,2.78157736,0.0,Pongo,Borneo, Miguel Torres,1,5008.070801,Pleasant Valley Elementary,4,2,7,G,10,0.6318343
Premolar,BM1976.1420,2.0291621673590656,8,11.0185725,2.78157736,0.0,Pongo,Borneo,Szabolcs Huszti,5,4906.030273,Curtis Creek Elementary,4,6,7,G,10,0.6318343
Anterior,BM1976.1421,-0.7029828053247899,12,10.7760379,2.69681693,0.0,Pongo,Borneo,Micah Richards,4,6870.346191,Fort Jones Union Elementary,1,1,4,G,6,0.6318343
Posterior,BM1976.1421,0.17921860964580144,12,10.7760379,2.69681693,0.0,Pongo,Borneo,Phil Jagielka,2,5301.716309,Mark West Union Elementary,1,3,9,G,13,1.070944
Premolar,BM1976.1421,-1.676865034703686,8,10.7760379,2.69681693,0.0,Pongo,Borneo,Steeve Yago,2,5182.365723,Alpine Union Elementary,3,2,7,G,10,1.070944
Anterior,BM1976.1422,2.4217631657112184,12,11.7461763,3.03626772,0.0,Pongo,Borneo,Loris Néry,2,4999.46875,Sebastopol Union Elementary,1,1,4,G,6,1.070944
Posterior,BM1976.1422,-2.8451747234445888,12,11.7461763,3.03626772,0.0,Pongo,Borneo,Sven Ulreich,4,6732.066406,Freshwater Elementary,2,2,7,G,10,1.070944
Premolar,BM1976.1422,1.9182838894626741,8,11.7461763,3.03626772,0.0,Pongo,Borneo,Robert Green,3,4612.989746,Norris Elementary,3,3,3,G,5,1.070944
Anterior,BM1976.1423,-0.4456477273916683,12,11.2611071,2.86641,0.0,Pongo,Borneo,Brad Guzan,2,5478.845703,Springville Union Elementary,4,2,4,G,6,1.070944
Posterior,BM1976.1423,2.8631184247173413,12,11.2611071,2.86641,0.0,Pongo,Borneo, Labaka,4,5666.713867,Moreland Elementary,4,8,4,G,6,-1.450494
Premolar,BM1976.1423,1.8417991410064423,8,11.2611071,2.86641,0.0,Pongo,Borneo,Andrey Arshavin,4,4742.51416,Maple Elementary,3,3,3,G,5,-1.450494
Anterior,BM1976.1424,4.44084994688295,12,13.686453,3.71761878,1.0,Pongo,Borneo,Anthony Martial,2,4907.392578,Kings River-Hardwick Union Elementary,1,1,3,G,5,-1.450494
Posterior,BM1976.1424,1.7929795345789175,12,13.686453,3.71761878,1.0,Pongo,Borneo,Radamel Falcao,1,5700.402344,Julian Union Elementary,2,2,3,G,5,-1.450494
Premolar,BM1976.1424,-3.8017678737165763,8,13.686453,3.71761878,1.0,Pongo,Borneo, Diego Costa,3,5191.834473,Cardiff Elementary,3,8,3,G,5,-1.450494
Anterior,BM1976.1425,-0.14512057462129818,12,11.5036417,2.95130863,1.0,Pongo,Borneo,Sylvio Rodelin,2,4451.256836,Saucelito Elementary,1,6,4,G,6,1.15588
Posterior,BM1976.1425,-2.8298773855570456,13,11.5036417,2.95130863,1.0,Pongo,Borneo, Nani,5,5627.527832,Bonsall Union Elementary,2,10,4,G,6,1.15588
Premolar,BM1976.1425,-1.2416301824900813,8,11.5036417,2.95130863,1.0,Pongo,Borneo,Kevin Pannewitz,4,4922.939941,Cypress Elementary,4,2,7,G,10,-0.3260148
Anterior,BM1976.1426,3.6891117258366366,12,11.9887109,3.12128232,1.0,Pongo,Borneo, Kaká,2,4969.380859,Lowell Joint Elementary,4,7,7,G,10,-0.3260148
Posterior,BM1976.1426,1.5664484475708291,12,11.9887109,3.12128232,1.0,Pongo,Borneo,Timm Klose,4,4829.717285,Newhall Elementary,2,3,7,G,10,-0.3260148
Premolar,BM1976.1426,-1.6805253704978338,8,11.9887109,3.12128232,1.0,Pongo,Borneo,Ángelo Henríquez,4,6716.692871,Lagunitas Elementary,3,1,7,G,10,-0.3260148
Anterior,BM1976.1427,-2.4453082321082587,12,14.4140568,3.97369678,0.0,Pongo,Borneo,Renato Civelli,5,5205.941895,Cambrian Elementary,1,1,4,G,6,0.8846435
Posterior,BM1976.1427,0.09718878700790595,12,14.4140568,3.97369678,0.0,Pongo,Borneo,Sebastian Freis,3,4357.826172,Richfield Elementary,1,5,3,G,5,-0.5583452
Premolar,BM1976.1427,-2.9381199257834645,8,14.4140568,3.97369678,0.0,Pongo,Borneo,Artjoms Rudņevs,4,5195.918945,Fieldbrook Elementary,3,3,3,G,5,-0.5583452
Anterior,BM1976.1428,-1.6130084922879018,12,12.7163146,3.37661729,1.0,Pongo,Borneo,Kieran Richardson,4,6002.071777,Dehesa Elementary,4,1,7,G,10,-0.5583452
Posterior,BM1976.1428,0.7755787963064641,12,12.7163146,3.37661729,1.0,Pongo,Borneo,Mathieu Bodmer,4,5090.587891,Cottonwood Union Elementary,1,1,7,G,10,-0.5583452
Premolar,BM1976.1428,2.8244037980845818,8,12.7163146,3.37661729,1.0,Pongo,Borneo,Maximilian Beister,3,5112.390137,Fruitvale Elementary,4,1,7,wood,10,-0.5583452
Anterior,BM1976.1429,1.4965453199022087,12,9.80589949,2.35865298,0.5,Pongo,Borneo,Radek Černý,2,5287.35498,Union Elementary,3,2,3,G,5,-0.5583452
Posterior,BM1976.1429,-5.549202203790598,12,9.80589949,2.35865298,0.5,Pongo,Borneo,Stephen Warnock,2,4889.47998,Fountain Valley Elementary,3,10,3,L,5,-0.5583452
Premolar,BM1976.1429,0.7570105592142417,8,9.80589949,2.35865298,0.5,Pongo,Borneo,Nelson Valdez,2,5118.130371,Gold Oak Union Elementary,2,1,7,Q,10,-0.5583452
Anterior,BM1976.1430,0.1925512555819442,12,10.5335033,2.61213574,0.0,Pongo,Borneo, Roberto Lago,2,5119.123047,Buckeye Union Elementary,3,10,4,Q,6,-0.5583452
Posterior,BM1976.1430,1.0231008214160664,12,10.5335033,2.61213574,0.0,Pongo,Borneo, Valerón,2,4792.211426,Rocklin Unified,2,3,7,wood,10,-0.3415543
Premolar,BM1976.1430,3.944166335448678,8,10.5335033,2.61213574,0.0,Pongo,Borneo, Doni,4,5450.103516,Gold Trail Union Elementary,4,1,7,G,10,-0.5040575
Anterior,BM1976.1431,-4.995145943294306,12,12.47378,3.29146087,1.0,Pongo,Borneo,Ibrahima Traoré,4,5210.724609,Hydesville Elementary,3,1,7,L,10,-0.5040575
Posterior,BM1976.1431,-1.418556926794749,12,12.47378,3.29146087,1.0,Pongo,Borneo, Simão,4,4715.445801,Saugus Union Elementary,4,3,7,wood,10,0.773524
Premolar,BM1976.1431,1.4531657808109506,8,12.47378,3.29146087,1.0,Pongo,Borneo,Ivan Klasnić,3,4632.068359,Loomis Union Elementary,4,1,7,G,10,1.063938
Anterior,BM1976.1434,-3.824979908770424,12,11.5036417,2.95130863,1.0,Pongo,Borneo,Kevin Vogt,4,5028.561523,Placer Hills Union Elementary,2,2,9,G,13,1.063938
Posterior,BM1976.1434,3.6033995632858407,12,11.5036417,2.95130863,1.0,Pongo,Borneo,Jay Rodriguez,5,5695.466797,Dunham Elementary,4,9,9,G,13,-1.090389
Premolar,BM1976.1434,0.9124756070335822,8,11.5036417,2.95130863,1.0,Pongo,Borneo,Paul Verhaegh,2,4504.294922,San Carlos Elementary,1,12,4,G,6,-1.090389
Anterior,BM1976.1435,2.0743411577994983,12,9.0782957,2.10624751,1.0,Pongo,Borneo, Bosingwa,3,5156.437012,Ready Springs Union Elementary,2,1,7,G,10,-1.090389
Posterior,BM1976.1435,-1.3695782688709515,12,9.0782957,2.10624751,1.0,Pongo,Borneo,Lasse Sobiech,5,5433.51416,Coarsegold Union Elementary,4,2,3,G,5,-1.090389
Premolar,BM1976.1435,1.9946034152795329,8,9.0782957,2.10624751,1.0,Pongo,Borneo, Jonas,4,5254.631836,Cayucos Elementary,3,2,3,G,5,-1.090389
Anterior,BM1976.1436,2.6134226457561,12,10.7760379,2.69681693,1.0,Pongo,Borneo, João Victor,4,4593.196777,Richmond Elementary,2,2,3,G,5,-1.090389
Posterior,BM1976.1436,0.5833269250345994,12,10.7760379,2.69681693,1.0,Pongo,Borneo,Aly Cissokho,2,4320.678711,Clay Joint Elementary,4,7,7,G,10,-1.069162
Premolar,BM1976.1436,0.5870267826061512,8,10.7760379,2.69681693,1.0,Pongo,Borneo,Nicky Shorey,3,4920.777344,Waugh Elementary,1,5,4,G,6,-1.069162
Anterior,BM1976.1437,0.6743496266208675,6,11.2611071,2.86641,1.0,Pongo,Borneo,Gareth Bale,2,6905.869141,Two Rock Union Elementary,3,1,3,G,5,-1.069162
Posterior,BM1976.1437,-2.0799753913414643,6,11.2611071,2.86641,1.0,Pongo,Borneo,Mitchell Langerak,4,5729.904297,Belmont-Redwood Shores Elementary,4,3,3,G,5,-1.069162
Premolar,BM1976.1437,-0.3408808164516811,4,11.2611071,2.86641,1.0,Pongo,Borneo,Kevin Trapp,3,4825.202148,Rescue Union Elementary,4,3,7,L,10,-1.069162
Anterior,BM1976.1438,-0.3530135072523265,6,8.83576111,2.02242151,1.0,Pongo,Borneo,Albert Rafetraniaina,3,5388.17041,Alta-Dutch Flat Union Elementary,1,1,9,G,13,1.415695
Posterior,BM1976.1438,0.94900899189362,6,8.83576111,2.02242151,1.0,Pongo,Borneo,Samed Yesil,5,5133.827148,San Pasqual Union Elementary,2,1,4,wood,6,-1.422919
Premolar,BM1976.1438,2.44664226460137,4,8.83576111,2.02242151,1.0,Pongo,Borneo,Assani Lukimya,5,5346.15625,Latrobe Elementary,1,1,7,G,10,-1.422919
Anterior,BM1976.1439,-2.5541964399726123,12,8.59322651,1.93878354,1.0,Pongo,Borneo, Pedro,3,4789.309082,Union Hill Elementary,4,11,3,G,5,-0.4899626
Posterior,BM1976.1439,-0.2861687549351872,12,8.59322651,1.93878354,1.0,Pongo,Borneo,Ludovic Obraniak,4,5329.782227,Twin Hills Union Elementary,3,10,3,G,5,-0.4899626
Premolar,BM1976.1439,3.616777743950931,8,8.59322651,1.93878354,1.0,Pongo,Borneo,Martin Amedick,3,5371.172852,Pacific Union Elementary,2,4,4,wood,6,-0.4899626
Anterior,BM1976.1440,-1.7890226305431545,12,12.2312454,3.20634803,1.0,Pongo,Borneo,Hajime Hosogai,4,5771.383789,Douglas City Elementary,2,6,3,G,5,-0.4899626
Posterior,BM1976.1440,-1.9801334437810658,12,12.2312454,3.20634803,1.0,Pongo,Borneo,Ibrahima Traoré,4,4993.634766,Pleasant Ridge Union Elementary,4,1,7,L,10,-0.4899626
Premolar,BM1976.1440,0.5090518915934668,8,12.2312454,3.20634803,1.0,Pongo,Borneo, Naldo,1,4854.038086,Newcastle Elementary,3,22,3,L,5,-0.4899626
Anterior,BM1976.1442,2.0689991286242275,12,10.7760379,2.69681693,1.0,Pongo,Borneo,Ron Vlaar,3,4392.679688,Mesa Union Elementary,3,14,9,G,13,-0.4899626
Posterior,BM1976.1442,0.04530375187324337,12,10.7760379,2.69681693,1.0,Pongo,Borneo,Kyle Naughton,4,5884.432129,Weaverville Elementary,2,1,3,G,5,-0.4899626
Premolar,BM1976.1442,3.246287371772132,8,10.7760379,2.69681693,1.0,Pongo,Borneo, Júlio César,5,4273.993164,North Cow Creek Elementary,1,1,7,G,10,-0.5835869
Anterior,BM1976.1443,2.099146604188048,12,11.7461763,3.03626772,1.0,Pongo,Borneo,Ryan Dickson,2,5146.78418,Nevada City Elementary,4,1,7,G,10,-0.5835869
Posterior,BM1976.1443,2.062767095691437,14,11.7461763,3.03626772,1.0,Pongo,Borneo,Steven Sidwell,4,5351.522949,Jacoby Creek Elementary,1,1,4,G,6,-0.5835869
Premolar,BM1976.1443,1.363783975032961,8,11.7461763,3.03626772,1.0,Pongo,Borneo, Tiago,4,7667.571777,Fort Ross Elementary,4,3,9,G,13,-0.5835869
Anterior,BM50a,5.695092333282972,12,13.0001905,2.29036872,1.0,Papio,East Africa,Romain Genevois,4,5281.708984,Encinitas Union Elementary,4,1,7,G,10,-0.5835869
Posterior,BM50a,-0.4584455345245611,12,13.0001905,2.29036872,1.0,Papio,East Africa,Luis Suárez,3,5368.50293,Dixie Elementary,1,2,4,G,6,-0.5835869
Premolar,BM50a,-4.827608301143444,8,13.0001905,2.29036872,1.0,Papio,East Africa,Grégory Sertić,3,6429.257324,Lakeside Joint Elementary,3,6,7,G,10,-0.5835869
Anterior,BRK125458,4.799516377022618,6,29.1041325,3.72712188,0.25,Homo sapiens,Native Californian,Christian Schulz,3,5387.458984,Hermosa Beach City Elementary,2,1,3,G,5,-0.5835869
Posterior,BRK125458,-0.2100527386112978,12,29.1041325,3.72712188,0.25,Homo sapiens,Native Californian, David Navarro,2,5235.774902,Rincon Valley Union Elementary,4,7,4,G,6,-0.5835869
Premolar,BRK125458,1.1640379350341088,6,29.1041325,3.72712188,0.25,Homo sapiens,Native Californian, Ramires,1,4829.896484,Washington Union Elementary,3,4,4,G,6,0.7566829
Anterior,BRK125462,4.0835263086557605,12,48.4791205,5.71046472,0.25,Homo sapiens,Native Californian,Sébastien Puygrenier,4,5088.708008,Bennett Valley Union Elementary,1,9,3,G,5,0.7566829
Posterior,BRK125462,-2.9907905997030246,12,48.4791205,5.71046472,0.25,Homo sapiens,Native Californian,Pavel Pogrebnyak,4,5390.118164,Loma Prieta Joint Union Elemen,4,2,3,G,5,0.7566829
Premolar,BRK125462,-2.1389690452753483,8,48.4791205,5.71046472,0.25,Homo sapiens,Native Californian,John Utaka,4,6588.430664,Kenwood Elementary,4,8,3,G,5,0.7566829
Anterior,BRK125598,-2.988405767996361,11,27.6373976,3.70258313,0.75,Homo sapiens,Native Californian,Youssuf Mulumbu,2,6196.694824,Liberty Elementary,2,1,3,G,5,0.7566829
Posterior,BRK125598,-1.0274346337355111,9,27.6373976,3.70258313,0.75,Homo sapiens,Native Californian, Azpilicueta,4,4645.413086,Knights Ferry Elementary,4,1,4,G,6,0.8808186
Premolar,BRK125598,1.97004795694109,5,27.6373976,3.70258313,0.75,Homo sapiens,Native Californian,Shola Ameobi,2,6489.928711,Kentfield Elementary,4,7,4,G,6,0.8808186
Anterior,BRK125610,2.1754673344687383,12,23.0458795,2.9625106,0.5,Homo sapiens,Native Californian,Mathieu Debuchy,2,5094.958984,Ballard Elementary,3,15,7,G,10,0.8808186
Posterior,BRK125610,1.5731547916429882,11,23.0458795,2.9625106,0.5,Homo sapiens,Native Californian,Ashkan Dejagah,2,4841.958496,Oak Grove Union Elementary,2,5,7,G,10,0.8808186
Premolar,BRK125610,-2.5304109461846256,8,23.0458795,2.9625106,0.5,Homo sapiens,Native Californian,Takashi Usami,3,6315.3125,Ross Valley Elementary,2,3,7,G,10,-0.5665014
Anterior,BRK125660,-4.710515324330126,12,51.5,12.6,0.75,Homo sapiens,Native Californian,Raphael Wolf,5,5399.383301,Mountain Elementary,4,1,7,L,10,-0.5665014
Posterior,BRK125660,1.033993071543562,11,51.5,12.6,0.75,Homo sapiens,Native Californian, Guly,4,5429.473633,Burlingame Elementary,2,2,4,G,6,-0.5665014
Premolar,BRK125660,-0.24425220239352652,8,51.5,12.6,0.75,Homo sapiens,Native Californian,Aleksandar Stevanović,3,5644.286133,Grant Elementary,3,1,3,wood,5,0.3394037
Anterior,BRK125661,2.018029056667695,12,32.3564578,4.25426601,0.75,Homo sapiens,Native Californian, Zé Castro,3,6060.256836,Happy Valley Elementary,3,1,3,G,5,-0.1513687
Posterior,BRK125661,2.6073538207857827,12,32.3564578,4.25426601,0.75,Homo sapiens,Native Californian,Ragnar Klavan,2,5319.553711,Bonny Doon Union Elementary,1,1,7,G,10,-1.024997
Premolar,BRK125661,1.2378007259053672,8,32.3564578,4.25426601,0.75,Homo sapiens,Native Californian, Dani Alves,5,4819.903809,Walnut Creek Elementary,2,2,7,G,10,-1.024997
Anterior,BRK125666,2.7487022946501734,6,36.5653494,4.94131337,0.25,Homo sapiens,Native Californian,Branislav Ivanović,1,5208.226074,Hope Elementary,4,1,7,G,10,-1.024997
Posterior,BRK125666,1.4588145109087158,6,36.5653494,4.94131337,0.25,Homo sapiens,Native Californian, Busquets,1,5859.964844,Larkspur Elementary,3,1,3,G,5,-1.024997
Premolar,BRK125666,2.1897453218952876,4,36.5653494,4.94131337,0.25,Homo sapiens,Native Californian,Arnold Mvuemba,4,4962.736816,Cupertino Union Elementary,3,1,3,G,5,-1.024997
Anterior,BRK125670,-0.8100819367617369,10,35.8000964,4.81608016,0.5,Homo sapiens,Native Californian,Glenn Whelan,2,7614.379395,Pacific Elementary,2,1,7,G,10,-0.0252444
Posterior,BRK125670,0.4655691628609212,7,35.8000964,4.81608016,0.5,Homo sapiens,Native Californian,Jens Hegeler,5,5566.467773,Los Gatos Union Elementary,1,1,4,G,6,-0.0252444
Premolar,BRK125670,1.3800121804179746,6,35.8000964,4.81608016,0.5,Homo sapiens,Native Californian,Bakary Koné,4,7039.949219,Montecito Union Elementary,2,4,7,G,10,-0.0252444
Anterior,BRK125675,2.8954344288925595,12,36.9479759,5.00397466,0.5,Homo sapiens,Native Californian,Ian Harte,5,6604.063965,Solana Beach Elementary,1,1,7,G,10,-0.7467875
Posterior,BRK125675,-0.05466452438250302,12,36.9479759,5.00397466,0.5,Homo sapiens,Native Californian,Mathias Autret,2,6180.148926,Menlo Park City Elementary,2,1,7,G,10,-0.7467875
Premolar,BRK125675,2.168128741428691,9,36.9479759,5.00397466,0.5,Homo sapiens,Native Californian,Victor Moses,4,6460.657227,Reed Union Elementary,3,1,7,G,10,0.9889485
Anterior,BRK125676,0.25607755749714556,9,36.7566627,4.97264041,0.75,Homo sapiens,Native Californian, Azpilicueta,4,6415.35498,Mill Valley Elementary,1,7,7,G,10,0.9889485
Posterior,BRK125676,0.6163679738957069,12,36.7566627,4.97264041,0.75,Homo sapiens,Native Californian,Tony Jantschke,2,5230.876953,Lafayette Elementary,2,3,9,G,13,0.9889485
Premolar,BRK125676,2.9172772388377366,8,36.7566627,4.97264041,0.75,Homo sapiens,Native Californian,Federico Macheda,4,5838.171875,Del Mar Union Elementary,3,1,9,G,13,-0.5324199
Anterior,BRK125678,-3.940251143122513,12,39.6263614,5.44334199,0.75,Homo sapiens,Native Californian, Jesús Vázquez,2,7711.506836,Woodside Elementary,1,1,4,G,6,-0.5324199
Posterior,BRK125678,-2.2478727982894027,11,39.6263614,5.44334199,0.75,Homo sapiens,Native Californian,Philippe Senderos,4,5592.765137,Moraga Elementary,4,3,7,G,10,-0.5324199
Premolar,BRK125678,-2.699067417718566,8,39.6263614,5.44334199,0.75,Homo sapiens,Native Californian,Julien Quercia,2,5933.154297,Orinda Union Elementary,3,1,3,G,5,-0.7668921
Anterior,BRK125679,-4.767639985461127,12,32.7390843,4.31652929,0.75,Homo sapiens,Native Californian,Alex Smith,2,7593.405762,Hillsborough City Elementary,1,1,3,G,5,-0.7668921
Posterior,BRK125679,-0.7459210311513793,12,32.7390843,4.31652929,0.75,Homo sapiens,Native Californian,Ludovic Obraniak,4,6500.449707,Cold Spring Elementary,3,12,3,G,5,-0.7668921
Premolar,BRK125679,2.7227083513422032,8,32.7390843,4.31652929,0.75,Homo sapiens,Native Californian,Brett Williams,4,7217.263184,Portola Valley Elementary,4,2,7,G,10,-0.7668921
Anterior,BRK125800,0.20980657939963832,10,28.5301928,3.63455838,0.75,Homo sapiens,Native Californian,Cristian Álvarez,3,5392.638672,Saratoga Union Elementary,4,1,4,G,6,-0.7668921
Posterior,BRK125800,1.3824756834244227,12,28.5301928,3.63455838,0.75,Homo sapiens,Native Californian,Gabriel Tamaş,2,7290.338867,Las Lomitas Elementary,1,1,3,G,5,-0.7668921
Premolar,BRK125800,3.5482212312419064,7,28.5301928,3.63455838,0.75,Homo sapiens,Native Californian,Vadim Demidov,4,5741.462891,Los Altos Elementary,4,1,3,G,5,-0.7668921
Anterior,BRK125802,4.127586838799906,7,36.7566627,4.97264041,0.75,Homo sapiens,Native Californian,Éric Abidal,4,4402.831543,Somis Union Elementary,3,2,7,G,10,-0.7668921
Posterior,BRK125802,0.7339672865446856,11,36.7566627,4.97264041,0.75,Homo sapiens,Native Californian,Karim Haggui,3,4776.336426,Plumas Elementary,3,3,9,G,13,-0.7668921
Premolar,BRK125802,4.190510957058331,8,36.7566627,4.97264041,0.75,Homo sapiens,Native Californian,Artur Sobiech,4,5993.392578,Wheatland Elementary,4,1,4,G,6,-0.7668921
Anterior,BRK125810,1.1257637119978279,12,30.5070964,4.16980327,0.75,Homo sapiens,Native Californian,Ali Mmadi,4,6384.911133,Sunol Glen Unified,3,1,7,G,10,1.154256
Posterior,BRK125810,-1.132540600827655,12,30.5070964,4.16980327,0.75,Homo sapiens,Native Californian,Peguy Luyindula,2,5099.380859,Manzanita Elementary,2,2,3,G,5,1.154256
Premolar,BRK125810,-0.5421710991835416,8,30.5070964,4.16980327,0.75,Homo sapiens,Native Californian,Stelios Malezas,2,5501.95459,Thermalito Union Elementary,4,6,3,wood,5,1.154256
Anterior,BRK125811,-2.695061410023711,10,34.6522169,4.62847197,0.75,Homo sapiens,Native Californian,René Adler,5,7101.831055,Golden Feather Union Elementary,2,1,4,G,6,1.154256
Posterior,BRK125811,-1.2558041024482869,11,34.6522169,4.62847197,0.75,Homo sapiens,Native Californian, Sílvio,2,5235.987793,Palermo Union Elementary,4,3,3,L,5,1.232602
Premolar,BRK125811,0.03212901731747131,7,34.6522169,4.62847197,0.75,Homo sapiens,Native Californian,Djiby Fall,4,5580.146973,Burrel Union Elementary,2,2,7,Q,10,1.232602
Anterior,BRK125821,2.85426987205624,12,37.1392892,5.035316,0.75,Homo sapiens,Native Californian,Patrick Owomoyela,1,5253.331055,Holt Union Elementary,2,1,3,Q,5,1.232602
Posterior,BRK125821,5.082593670207787,12,37.1392892,5.035316,0.75,Homo sapiens,Native Californian,Eugen Polanski,4,4565.746094,Vineland Elementary,1,3,9,wood,13,1.232602
Premolar,BRK125821,-2.4561054459863323,8,37.1392892,5.035316,0.75,Homo sapiens,Native Californian,Marco Reus,5,5355.54834,Orange Center Elementary,2,1,3,G,5,1.774334
Anterior,BRK125822,1.8563239677357135,12,30.3157831,4.13857528,0.25,Homo sapiens,Native Californian, Jordi Codina,4,5036.211426,Del Paso Heights Elementary,1,4,7,L,10,1.774334
Posterior,BRK125822,-1.6260882764377225,12,30.3157831,4.13857528,0.25,Homo sapiens,Native Californian, Manquillo,2,4547.692383,Le Grand Union Elementary,3,1,7,wood,10,1.774334
Premolar,BRK125822,2.055228289634684,8,30.3157831,4.13857528,0.25,Homo sapiens,Native Californian,Ryan Bertrand,3,5447.345215,West Fresno Elementary,2,1,4,G,6,1.774334
Anterior,BRK125827,0.5834613075227224,12,27.5736265,3.48066219,0.75,Homo sapiens,Native Californian,Adil Rami,4,6567.149414,Allensworth Elementary,2,7,9,G,13,1.774334
Posterior,BRK125827,-3.546292556566539,12,27.5736265,3.48066219,0.75,Homo sapiens,Native Californian,Anthony Réveillère,5,4818.612793,Sunnyside Union Elementary,2,1,7,G,10,1.774334
Premolar,BRK125827,3.1572607763687186,8,27.5736265,3.48066219,0.75,Homo sapiens,Native Californian, Lucas Piazon,2,5621.456055,Woodville Elementary,3,1,4,G,6,1.774334
Anterior,BRK125832,-0.5679249445510961,6,45.6,10.4,0.75,Homo sapiens,Native Californian,Fabrice Begeorgi,3,6026.359863,Pixley Union Elementary,4,2,7,G,10,1.773151
Posterior,BRK125832,-0.3951845358487147,6,45.6,10.4,0.75,Homo sapiens,Native Californian,Anthony Modeste,2,6723.237793,Lost Hills Union Elementary,3,2,3,G,5,1.773151
Premolar,BRK125832,-1.6970510014232036,4,45.6,10.4,0.75,Homo sapiens,Native Californian,Alexander Esswein,4,5589.885254,Buttonwillow Union Elementary,3,1,4,G,6,0.7245926
Anterior,BRK126049,-0.6876581853481165,12,29.2954458,3.75801123,0.5,Homo sapiens,Native Californian,François Clerc,4,5064.615723,Lennox Elementary,4,1,4,G,6,-1.181626
Posterior,BRK126049,1.9415103499203221,11,29.2954458,3.75801123,0.5,Homo sapiens,Native Californian,Sylvain Marchal,2,5433.593262,Lamont Elementary,2,2,3,G,5,-1.181626
Premolar,BRK126049,0.44216572176819147,8,29.2954458,3.75801123,0.5,Homo sapiens,Native Californian,Djibril Cissé,3,5725.563477,Westmorland Union Elementary,3,1,3,G,5,-1.181626
Anterior,BRK126054,1.7004323382413586,6,23.6198193,3.05433283,0.25,Homo sapiens,Native Californian,Christopher Nöthe,3,4542.10498,Pleasant View Elementary,1,3,3,G,5,-1.181626
Posterior,BRK126054,1.7812379926679176,5,23.6198193,3.05433283,0.25,Homo sapiens,Native Californian,Nemanja Vidić,3,5107.086426,Wasco Union Elementary,1,1,3,G,5,-1.181626
Premolar,BRK126054,4.110520694128647,4,23.6198193,3.05433283,0.25,Homo sapiens,Native Californian,Niklas Bolten,2,4659.661621,Alta Vista Elementary,1,2,4,L,6,-1.181626
Anterior,BRK126076,0.0691319943485108,6,35.8000964,4.81608016,0.5,Homo sapiens,Native Californian, Mattioni,4,4555.464355,Livingston Union Elementary,2,1,4,G,6,1.769452
Posterior,BRK126076,-2.6861239253291433,6,35.8000964,4.81608016,0.5,Homo sapiens,Native Californian, David Cobeño,4,5415.152832,Woodlake Union Elementary,2,1,7,wood,10,1.769452
Premolar,BRK126076,3.4947836253355824,4,35.8000964,4.81608016,0.5,Homo sapiens,Native Californian,Yoan Gouffran,2,4997.871582,Alisal Union Elementary,1,6,7,G,10,-0.5872612
Anterior,BRK126087,0.09658072074939106,12,20.1761807,2.50774612,0.5,Homo sapiens,Native Californian,Timo Hildebrand,4,5223.912109,Arvin Union Elementary,3,1,7,G,10,-0.0018324
Posterior,BRK126087,3.6098703116467314,12,20.1761807,2.50774612,0.5,Homo sapiens,Native Californian,Alexis Sánchez,2,5139.164551,Terra Bella Union Elementary,4,2,7,G,10,-0.0018324
Premolar,BRK126087,1.8333640900214032,8,20.1761807,2.50774612,0.5,Homo sapiens,Native Californian,Claudio Pizarro,3,4614.251953,Tipton Elementary,2,1,4,wood,6,-0.0566766
Anterior,BRK126089,0.5833376944471091,12,26.6808313,3.54750963,0.75,Homo sapiens,Native Californian,Amin Younes,2,5342.233398,San Ysidro Elementary,2,1,3,G,5,-0.0566766
Posterior,BRK126089,1.7492995492055337,12,26.6808313,3.54750963,0.75,Homo sapiens,Native Californian, Gavilán,3,5347.458496,Soledad Unified,2,7,3,L,5,-0.0566766
Premolar,BRK126089,5.641974228738626,8,26.6808313,3.54750963,0.75,Homo sapiens,Native Californian,Daniel Van Buyten,3,5036.458984,Mountain View Elementary,1,1,7,L,10,-0.0566766
Anterior,BRK126092,5.9480166090292945,12,37.5219157,5.09801939,0.75,Homo sapiens,Native Californian,Éric Abidal,5,5117.141602,King City Union Elementary,2,1,7,G,10,-0.0566766
Posterior,BRK126092,1.0705028853657415,12,37.5219157,5.09801939,0.75,Homo sapiens,Native Californian,Yannick Sagbo,3,5117.039551,Ontario-Montclair Elementary,4,7,7,G,10,-0.0566766
Premolar,BRK126092,1.2911267707253091,8,37.5219157,5.09801939,0.75,Homo sapiens,Native Californian,Sam Johnstone,4,5272.191895,Los Nietos Elementary,3,2,3,G,5,1.231394
Anterior,BRK126094,3.5166924559031125,12,25.9155783,3.42374303,0.75,Homo sapiens,Native Californian,Alejandro Domínguez,2,5225.719238,Winton Elementary,4,4,3,G,5,1.231394
Posterior,BRK126094,-1.1526153050352443,12,25.9155783,3.42374303,0.75,Homo sapiens,Native Californian,Anton Putsila,4,6516.533203,Raisin City Elementary,4,1,7,G,10,1.231394
Premolar,BRK126094,1.7111425859515528,8,25.9155783,3.42374303,0.75,Homo sapiens,Native Californian,Daniel Didavi,2,4559.176758,Ravenswood City Elementary,1,3,4,G,6,1.231394
Anterior,BRK126100,0.8391052091121451,12,25.0865542,3.08319431,0.25,Homo sapiens,Native Californian,Wilson Palacios,2,5119.158203,Richland-Lerdo Union Elementary,1,1,7,G,10,1.231394
Posterior,BRK126100,1.66458762866307,12,25.0865542,3.08319431,0.25,Homo sapiens,Native Californian, Miranda,4,5338.185547,Oxnard Elementary,1,10,7,G,10,0.4203998
Premolar,BRK126100,-1.1227510277394652,8,25.0865542,3.08319431,0.25,Homo sapiens,Native Californian,Charlie Adam,4,5090.044922,El Nido Elementary,1,3,7,G,10,0.4203998
Anterior,BRK126104,-2.9599549472968443,12,23.6198193,3.05433283,0.75,Homo sapiens,Native Californian,Marc Hornschuh,3,5485.496094,Fairfax Elementary,1,3,7,G,10,0.4203998
Posterior,BRK126104,-4.134426259556862,12,23.6198193,3.05433283,0.75,Homo sapiens,Native Californian, Pulido,5,4793.370117,Delano Union Elementary,2,1,7,G,10,0.2899157
Premolar,BRK126104,-1.8127734306221155,8,23.6198193,3.05433283,0.75,Homo sapiens,Native Californian,Aaron Hughes,2,5092.91748,Perris Elementary,4,1,9,G,13,-0.7377322
Anterior,BRK126107,-0.21242360065000132,12,23.6198193,3.05433283,0.25,Homo sapiens,Native Californian,Christian Nørgaard,3,4359.520996,Valle Lindo Elementary,2,1,9,G,13,-0.5719836
Posterior,BRK126107,0.18962324788906126,12,23.6198193,3.05433283,0.25,Homo sapiens,Native Californian,Julian Korb,1,5645.495605,Alum Rock Union Elementary,4,2,4,G,6,-0.6779634
Premolar,BRK126107,5.608491972965456,8,23.6198193,3.05433283,0.25,Homo sapiens,Native Californian,Benoît Assou-Ekotto,2,4518.016113,Edison Elementary,3,1,7,G,10,1.509794
Anterior,BRK126113,3.5889786413059666,12,32.9941687,4.35806278,0.75,Homo sapiens,Native Californian,Daniel Williams,3,5864.366211,Bakersfield City Elementary,4,1,3,G,5,0.5885687
Posterior,BRK126113,-1.4354851505833246,12,32.9941687,4.35806278,0.75,Homo sapiens,Native Californian, Cala,4,5257.996582,Franklin-McKinley Elementary,4,2,3,G,5,-0.126001
Premolar,BRK126113,1.7467061727349904,8,32.9941687,4.35806278,0.75,Homo sapiens,Native Californian,Mitchell Langerak,5,5016.692383,Hawthorne Elementary,4,1,3,G,5,-0.2581899
Anterior,BRK126117,-0.08706726045809565,12,26.2982048,3.48559185,0.25,Homo sapiens,Native Californian,Grégory Bettiol,3,4720.086426,Chowchilla Elementary,3,1,7,G,10,0.1496926
Posterior,BRK126117,0.21107048737229783,12,26.2982048,3.48559185,0.25,Homo sapiens,Native Californian,Benjamin Psaume,5,5470.5625,Salinas City Elementary,2,2,4,G,6,0.540917
Premolar,BRK126117,1.3521930279854812,8,26.2982048,3.48559185,0.25,Homo sapiens,Native Californian,Ben Watson,3,5615.441895,Santa Maria-Bonita Elementary,1,4,3,G,5,0.2316134
Anterior,BRK126118,2.4062316117690354,12,26.6808313,3.54750963,0.25,Homo sapiens,Native Californian,Sidney Govou,4,5245.439941,Whittier City Elementary,2,14,3,L,5,-0.0666737
Posterior,BRK126118,0.07770255088550748,12,26.6808313,3.54750963,0.25,Homo sapiens,Native Californian,Ivan Rakitić,4,4838.175293,Eastside Union Elementary,2,1,7,G,10,0.2168924
Premolar,BRK126118,3.4865939774264056,8,26.6808313,3.54750963,0.25,Homo sapiens,Native Californian, Thiago Motta,4,5367.988281,Lawndale Elementary,3,1,9,wood,13,-0.2586962
Anterior,BRK126121,-1.87242827223932,12,36.5653494,4.94131337,0.25,Homo sapiens,Native Californian,Sylvain Distin,2,5526.236816,Robla Elementary,1,1,4,G,6,0.5502878
Posterior,BRK126121,0.9173405682035438,12,36.5653494,4.94131337,0.25,Homo sapiens,Native Californian,Yassine Jebbour,4,4353.019531,Santa Rita Union Elementary,3,2,7,G,10,-0.0620358
Premolar,BRK126121,7.213053958871072,8,36.5653494,4.94131337,0.25,Homo sapiens,Native Californian,Chris Mavinga,3,5034.290039,Rio Elementary,2,2,3,G,5,-0.9823852
Anterior,BRK126124,1.4439175564513307,12,22.0893133,2.81004779,0.75,Homo sapiens,Native Californian,Younès Belhanda,4,4692.493652,Strathmore Union Elementary,1,1,3,G,5,-0.054344
Posterior,BRK126124,4.383970704839322,12,22.0893133,2.81004779,0.75,Homo sapiens,Native Californian,Gōtoku Sakai,2,5606.781738,North Sacramento Elementary,4,1,4,G,6,-0.0680143
Premolar,BRK126124,1.1242902527984313,8,22.0893133,2.81004779,0.75,Homo sapiens,Native Californian, Fágner,5,4969.180664,Anaheim Elementary,3,1,3,G,5,0.0294137
Anterior,BRK126125,2.3129523609134717,5,41.1,10.0,0.25,Homo sapiens,Native Californian,Obafemi Martins,4,4675.674805,Lemoore Union Elementary,2,1,7,G,10,0.2394859
Posterior,BRK126125,0.7639834420143282,6,41.1,10.0,0.25,Homo sapiens,Native Californian,Claudio Pizarro,2,5306.132813,Armona Union Elementary,2,1,3,G,5,-0.8487269
Premolar,BRK126125,0.48793010811761317,4,41.1,10.0,0.25,Homo sapiens,Native Californian, Paulo Ferreira,2,5693.883301,Beardsley Elementary,1,1,9,G,13,-0.7330914
Anterior,BRK126243,-0.9918326277315757,10,25.5967229,3.16436617,0.75,Homo sapiens,Native Californian,Alexander Meier,1,5181.57959,South Whittier Elementary,2,1,3,G,5,-0.1111221
Posterior,BRK126243,1.9473677370804525,12,25.5967229,3.16436617,0.75,Homo sapiens,Native Californian, Marchena,2,5228.650879,Hanford Elementary,1,1,7,G,10,1.775517
Premolar,BRK126243,-1.1668915763172676,8,25.5967229,3.16436617,0.75,Homo sapiens,Native Californian,Clint Hill,2,5339.391113,National Elementary,3,6,7,G,10,-0.3218485
Anterior,BRK126244,2.5189958936912777,11,26.1068916,3.45465859,0.75,Homo sapiens,Native Californian,Pablo Zabaleta,1,6056.49707,Roseland Elementary,2,3,4,G,6,0.2116939
Posterior,BRK126244,3.5386720004437855,12,26.1068916,3.45465859,0.75,Homo sapiens,Native Californian,Jérémy Mathieu,2,4845.680176,Di Giorgio Elementary,2,2,9,G,13,-0.717645
Premolar,BRK126244,1.792437019520432,8,26.1068916,3.45465859,0.75,Homo sapiens,Native Californian,Jed Steer,3,4826.666016,Keppel Union Elementary,4,1,7,G,10,-0.7326927
Anterior,BRK126247,0.20649108583789144,12,39.6263614,5.44334199,0.25,Homo sapiens,Native Californian,Marc Lais,3,5367.090332,Lakeside Union Elementary,2,1,4,G,6,0.4081676
Posterior,BRK126247,2.0048605615313853,12,39.6263614,5.44334199,0.25,Homo sapiens,Native Californian,Sam Mantom,1,5742.73291,Merced City Elementary,3,2,7,G,10,-0.0102077
Premolar,BRK126247,0.152010625948942,8,39.6263614,5.44334199,0.25,Homo sapiens,Native Californian, Piti,3,4136.250977,Guadalupe Union Elementary,3,4,3,G,5,-0.923957
Anterior,BRK126248,3.174875160835291,12,28.5939639,3.85801676,0.25,Homo sapiens,Native Californian,Jérémy Pied,4,5267.831055,Cucamonga Elementary,2,1,4,G,6,0.5766805
Posterior,BRK126248,-3.5475079469779436,12,28.5939639,3.85801676,0.25,Homo sapiens,Native Californian,Thomas Kahlenberg,4,5238.39209,Knightsen Elementary,4,1,4,G,6,-0.0836015
Premolar,BRK126248,0.0865730293814645,8,28.5939639,3.85801676,0.25,Homo sapiens,Native Californian,Stefan Aigner,3,5462.899414,Rio Dell Elementary,2,3,3,G,5,-1.079558
Anterior,BRK126250,-3.9347886566879646,12,26.2982048,3.48559185,0.25,Homo sapiens,Native Californian,Mario Gómez,4,6313.373535,Montague Elementary,3,4,3,G,5,1.040902
Posterior,BRK126250,-2.730348608724152,11,26.2982048,3.48559185,0.25,Homo sapiens,Native Californian,Abdoulaye Sané,3,6653.030762,McCloud Union Elementary,2,1,3,G,5,-1.052108
Premolar,BRK126250,4.2154775867173235,7,26.2982048,3.48559185,0.25,Homo sapiens,Native Californian,Kossi Agassa,5,5533.149414,Santa Paula Elementary,1,1,3,G,5,-0.7277681
Anterior,BRK126251,3.076814307956993,12,29.9331566,4.07615043,0.75,Homo sapiens,Native Californian, David Villa,2,6118.710449,West Park Elementary,1,1,4,G,6,-0.3953965
Posterior,BRK126251,-0.8460558475047268,12,29.9331566,4.07615043,0.75,Homo sapiens,Native Californian,Ivan Rakitić,2,5098.626953,Atwater Elementary,1,6,4,G,6,0.9333959
Premolar,BRK126251,-2.748430657192734,8,29.9331566,4.07615043,0.75,Homo sapiens,Native Californian,Holger Badstuber,2,5652.878906,Weaver Union Elementary,2,1,7,G,10,-0.2377786
Anterior,BRK126252,-6.300458459985708,12,22.4719398,2.87094128,0.25,Homo sapiens,Native Californian,Wakaso Mubarak,5,5329.002441,Pacific Union Elementary,1,1,7,G,10,0.274908
Posterior,BRK126252,-0.41849648697720054,12,22.4719398,2.87094128,0.25,Homo sapiens,Native Californian,Ragnar Klavan,3,5929.809082,Lucerne Valley Unified,4,1,7,G,10,1.970023
Premolar,BRK126252,6.782399409715805,8,22.4719398,2.87094128,0.25,Homo sapiens,Native Californian,Ivan Rakitić,4,4897.067871,Romoland Elementary,3,1,7,wood,10,1.05095
Anterior,BRK126256,1.9585020394270807,12,32.0376024,4.41997173,0.25,Homo sapiens,Native Californian,Germán Lux,3,5100.202148,El Monte City Elementary,4,3,4,G,6,0.2418185
Posterior,BRK126256,-0.4575554277871521,12,32.0376024,4.41997173,0.25,Homo sapiens,Native Californian,Dejan Lovren,2,4825.722656,Greenfield Union Elementary,3,3,3,L,5,1.349395
Premolar,BRK126256,2.0318638379107155,8,32.0376024,4.41997173,0.25,Homo sapiens,Native Californian,Charlison Benschop,1,4079.12915,Palo Verde Union Elementary,1,1,3,Q,5,0.1115635
Anterior,BRK126259,-2.8904483141862496,12,32.1651446,4.22315152,0.25,Homo sapiens,Native Californian,Robert Hall,3,5349.367676,Elverta Joint Elementary,4,2,7,Q,10,-0.2577254
Posterior,BRK126259,0.1795849930248149,11,32.1651446,4.22315152,0.25,Homo sapiens,Native Californian,Alexandre Alphonse,4,5869.38916,Lucerne Elementary,3,1,7,wood,10,-0.6562689
Premolar,BRK126259,1.1436227027459664,8,32.1651446,4.22315152,0.25,Homo sapiens,Native Californian,Michael Owen,1,6462.12793,Luther Burbank Elementary,3,2,7,G,10,-0.6563948
Anterior,BRK126260,0.6927559344833303,12,36.3740361,4.90999368,0.25,Homo sapiens,Native Californian,Bacary Sagna,3,6231.601563,Bangor Union Elementary,3,3,3,L,5,0.7244775
Posterior,BRK126260,2.823223215518194,12,36.3740361,4.90999368,0.25,Homo sapiens,Native Californian,Samed Yesil,1,4993.867676,Bayshore Elementary,1,1,3,wood,5,0.6318343
Premolar,BRK126260,1.739263986835192,8,36.3740361,4.90999368,0.25,Homo sapiens,Native Californian,Franck Signorino,4,4663.811035,Oak Valley Union Elementary,1,1,7,G,10,1.070944
Anterior,BRK126261,2.525654692681281,12,32.3564578,4.25426601,0.25,Homo sapiens,Native Californian,Adam Johnson,1,6107.106445,Wilsona Elementary,4,1,4,G,6,-1.450494
Posterior,BRK126261,-0.7704782902288441,12,32.3564578,4.25426601,0.25,Homo sapiens,Native Californian,Vasilis Pliatsikas,4,5324.228027,Brawley Elementary,3,1,7,G,10,1.15588
Premolar,BRK126261,3.0832049958071126,8,32.3564578,4.25426601,0.25,Homo sapiens,Native Californian,Innocent Emeghara,1,5221.460938,Meadows Union Elementary,2,1,7,G,10,-0.3260148
Anterior,BRK126264,4.859483346945109,12,37.1392892,5.035316,0.25,Homo sapiens,Native Californian, Íñigo López,3,5157.784668,Little Lake City Elementary,3,1,7,G,10,0.8846435
Posterior,BRK126264,-1.4550632461203674,9,37.1392892,5.035316,0.25,Homo sapiens,Native Californian,Mauro Boselli,3,5131.119141,Pond Union Elementary,4,1,7,G,10,-0.5583452
Premolar,BRK126264,-1.2547394892299935,8,37.1392892,5.035316,0.25,Homo sapiens,Native Californian, Míchel,3,5279.354004,Taft City Elementary,4,5,7,G,10,-0.3415543
Anterior,BRK126266,4.147261631252475,12,36.5653494,4.94131337,0.5,Homo sapiens,Native Californian,Cata Díaz,2,4704.043945,Brittan Elementary,2,5,9,G,13,-0.5040575
Posterior,BRK126266,0.437064579063287,12,36.5653494,4.94131337,0.5,Homo sapiens,Native Californian,Pantxi Sirieix,4,6089.910645,Arena Union Elementary,2,3,9,G,13,-0.9005804
Premolar,BRK126266,4.312559386434712,8,36.5653494,4.94131337,0.5,Homo sapiens,Native Californian,Glenn Whelan,3,5356.833496,Adelanto Elementary,3,1,4,G,6,0.6430142
Anterior,BRK126271,-0.1732120979618117,11,25.8518072,3.20502776,0.5,Homo sapiens,Native Californian,Shaun Derry,1,5144.549316,Hollister School District,2,6,7,G,10,0.773524
Posterior,BRK126271,4.437009843132284,12,25.8518072,3.20502776,0.5,Homo sapiens,Native Californian, Marchena,3,4906.22998,Palmdale Elementary,4,1,3,G,5,1.063938
Premolar,BRK126271,1.2213877870445597,8,25.8518072,3.20502776,0.5,Homo sapiens,Native Californian, Roderick Miranda,2,5489.588867,Oroville City Elementary,2,1,3,L,5,-1.090389
Posterior,BRK126291,1.5293131408467766,7,22.0893133,2.81004779,0.5,Homo sapiens,Native Californian,Demba Ba,3,5718.55127,Standard Elementary,1,4,3,G,5,-1.069162
Anterior,BRK126292,4.703461835079519,12,36.5653494,4.94131337,0.5,Homo sapiens,Native Californian,Sokratis Papastathopoulos,2,4436.152832,Briggs Elementary,4,1,7,wood,10,1.415695
Posterior,BRK126292,0.023009090691621714,11,36.5653494,4.94131337,0.5,Homo sapiens,Native Californian,Manuel Friedrich,4,4895.439453,Monroe Elementary,1,2,4,G,6,-1.422919
Premolar,BRK126292,-1.384540382835447,8,36.5653494,4.94131337,0.5,Homo sapiens,Native Californian,Joey Barton,3,5159.21875,Lancaster Elementary,3,15,3,G,5,0.3918222
Anterior,BRK126472,-0.18785848245777226,12,28.5939639,3.85801676,0.25,Homo sapiens,Native Californian,Milorad Peković,1,5490.654785,Alview-Dairyland Union Elementary,4,1,3,G,5,-0.4899626
Posterior,BRK126472,2.0008964782425194,12,28.5939639,3.85801676,0.25,Homo sapiens,Native Californian,Louis Saha,2,5172.019531,Magnolia Elementary,4,4,7,wood,10,-0.5835869
Premolar,BRK126472,-2.90211178339451,8,28.5939639,3.85801676,0.25,Homo sapiens,Native Californian,Geoff Cameron,3,4441.672852,Liberty Elementary,1,2,9,G,13,0.7566829
Anterior,BRK126755,2.450691405911103,7,26.1068916,3.45465859,0.75,Homo sapiens,Native Californian, Dani Alves,5,5220.370117,Mt. Pleasant Elementary,2,1,4,L,6,0.8808186
Posterior,BRK126755,-0.4070189466054246,9,26.1068916,3.45465859,0.75,Homo sapiens,Native Californian,Emre Belözoğlu,2,5252.810547,El Centro Elementary,2,4,7,L,10,-0.5665014
Premolar,BRK126755,3.690579670643105,6,26.1068916,3.45465859,0.75,Homo sapiens,Native Californian, Álvaro González,1,5518.702148,South Bay Union Elementary,4,1,3,G,5,0.3394037
Anterior,BRK126757,-4.91497657350155,12,31.6549759,4.14023787,0.75,Homo sapiens,Native Californian,Anthony Modeste,4,5609.487793,Cascade Union Elementary,3,7,3,G,5,-0.1513687
Posterior,BRK126757,-1.009041875431523,12,31.6549759,4.14023787,0.75,Homo sapiens,Native Californian,Noah Korczowski,2,4945.031738,Kings River Union Elementary,4,1,4,G,6,-1.024997
Premolar,BRK126757,-3.1953775571526775,8,31.6549759,4.14023787,0.75,Homo sapiens,Native Californian,Peter Odemwingie,2,5223.025391,Gerber Union Elementary,1,4,3,G,5,-0.0252444
Anterior,BRK126758,-1.1054058208663287,12,23.6198193,3.05433283,0.25,Homo sapiens,Native Californian,Faouzi Ghoulam,3,4757.025391,Exeter Union Elementary,4,1,7,G,10,-0.7467875
Posterior,BRK126758,1.5036502530138893,12,23.6198193,3.05433283,0.25,Homo sapiens,Native Californian,Luuk de Jong,4,5522.161621,American Union Elementary,3,2,3,G,5,0.9889485
Premolar,BRK126758,0.4665040160084908,8,23.6198193,3.05433283,0.25,Homo sapiens,Native Californian,Kenwyne Jones,4,6087.608887,San Antonio Union Elementary,4,12,9,G,13,-0.5324199
Anterior,BRK126760,0.286352415230711,10,26.2982048,3.48559185,0.75,Homo sapiens,Native Californian,Kun Agüero,2,4960.515625,Burton Elementary,4,2,3,G,5,-0.7668921
Posterior,BRK126760,0.5151959666123924,12,26.2982048,3.48559185,0.75,Homo sapiens,Native Californian, Mariano,5,4880.040527,Nuview Union Elementary,1,4,7,G,10,1.154256
Premolar,BRK126760,1.3960765521347422,8,26.2982048,3.48559185,0.75,Homo sapiens,Native Californian,Emmanuel Mayuka,3,6538.417969,Bellevue Union Elementary,2,13,7,G,10,1.232602
Anterior,BRK126761,-1.5483242771051324,12,35.8000964,4.81608016,0.75,Homo sapiens,Native Californian, Moyá,2,4925.659668,Garvey Elementary,1,8,4,G,6,1.774334
Posterior,BRK126761,2.6192488128118034,12,35.8000964,4.81608016,0.75,Homo sapiens,Native Californian,Marouane Chamakh,3,5204.6875,Corning Union Elementary,2,5,9,G,13,1.773151
Premolar,BRK126761,2.5119034629654613,8,35.8000964,4.81608016,0.75,Homo sapiens,Native Californian,Fabian Johnson,2,4907.410645,Jefferson Elementary,2,3,7,G,10,0.7245926
Anterior,BRK126764,1.8373991052676015,12,23.2371928,2.99309106,0.75,Homo sapiens,Native Californian,Ben Foster,3,5923.45166,Big Springs Union Elementary,2,1,4,G,6,-1.181626
Posterior,BRK126764,2.2540517911476172,12,23.2371928,2.99309106,0.75,Homo sapiens,Native Californian,Moussa Dembélé,5,4741.957031,General Shafter Elementary,2,1,7,G,10,1.769452
Premolar,BRK126764,1.622094717613155,8,23.2371928,2.99309106,0.75,Homo sapiens,Native Californian,Sylvain Armand,4,4954.019531,Turlock Joint Elementary,4,6,3,G,5,-0.5872612
Anterior,BRK126765,5.846201938169905,11,29.7418434,4.04495405,0.5,Homo sapiens,Native Californian,Zdeněk Pospěch,2,5500.10791,Twain Harte-Long Barn Union Elementary,2,1,4,G,6,-0.0018324
Posterior,BRK126765,0.6903421542735684,11,29.7418434,4.04495405,0.5,Homo sapiens,Native Californian, Miguel Torres,3,5360.51709,Redwood City Elementary,3,1,4,G,6,-0.0566766
Premolar,BRK126765,0.15587317583942362,8,29.7418434,4.04495405,0.5,Homo sapiens,Native Californian,Nicolai Müller,5,5685.63916,Camino Union Elementary,1,2,3,G,5,1.231394
Anterior,BRK126766,-0.928774742072902,12,26.6808313,3.54750963,0.75,Homo sapiens,Native Californian,Hugo Lloris,2,5594.196289,Plainsburg Union Elementary,1,17,3,G,5,0.4203998
Posterior,BRK126766,-1.6059687240663052,12,26.6808313,3.54750963,0.75,Homo sapiens,Native Californian,Manuel Friedrich,2,4692.566895,Banta Elementary,1,9,3,G,5,0.2899157
Premolar,BRK126766,-2.121536164314354,8,26.6808313,3.54750963,0.75,Homo sapiens,Native Californian,Vadim Demidov,1,5085.40625,Washington Colony Elementary,4,1,3,L,5,0.2899157
Anterior,BRK126767,-1.2574159941497933,12,31.2085783,4.06776118,0.75,Homo sapiens,Native Californian,Mevlüt Erdinç,3,5456.197266,Rio Linda Union Elementary,1,1,4,G,6,0.2899157
Posterior,BRK126767,0.7302198725575946,12,31.2085783,4.06776118,0.75,Homo sapiens,Native Californian,Timo Hildebrand,4,5105.179688,Chatom Union Elementary,2,9,4,wood,6,-0.7377322
Premolar,BRK126767,1.7141181614713945,8,31.2085783,4.06776118,0.75,Homo sapiens,Native Californian, Marchena,2,5519.677246,Merced River Union Elementary,2,2,7,G,10,-0.7377322
Anterior,BRK126768,1.0261905855123519,11,37.3306024,5.06666429,0.25,Homo sapiens,Native Californian,Stewart Downing,2,5065.911133,Hueneme Elementary,2,1,7,G,10,-0.5719836
Posterior,BRK126768,-0.9579477471242348,10,37.3306024,5.06666429,0.25,Homo sapiens,Native Californian, Ricardo Vaz Tê,2,5182.428223,Cuddeback Union Elementary,4,1,7,G,10,-0.6779634
Premolar,BRK126768,3.0889609195404066,7,37.3306024,5.06666429,0.25,Homo sapiens,Native Californian,Fabricio Coloccini,2,5960.464355,Blue Lake Union Elementary,4,2,7,G,10,-0.6779634
Anterior,BRK126773,2.6983615247541195,12,39.6263614,5.44334199,0.75,Homo sapiens,Native Californian, Rafinha,4,5124.836426,Lemon Grove Elementary,1,25,4,G,6,-0.6779634
Posterior,BRK126773,0.5140700369764668,12,39.6263614,5.44334199,0.75,Homo sapiens,Native Californian,Aaron Ramsey,3,5655.133301,Upper Lake Union Elementary,1,1,3,G,5,-0.6779634
Premolar,BRK126773,-0.6843367033713486,8,39.6263614,5.44334199,0.75,Homo sapiens,Native Californian, Nando Rafael,4,5811.689941,Peninsula Union Elementary,3,10,3,G,5,-0.6779634
Anterior,BRK126774,2.234359219746617,12,22.8545663,2.93195822,0.25,Homo sapiens,Native Californian,Matthew Upson,1,5467.673828,Ocean View Elementary,1,1,7,G,10,-0.6779634
Posterior,BRK126774,1.358626260790028,12,22.8545663,2.93195822,0.25,Homo sapiens,Native Californian,Martin Kelly,2,5213.089355,Reeds Creek Elementary,2,1,7,G,10,-0.6779634
Premolar,BRK126774,-2.6163223062506598,8,22.8545663,2.93195822,0.25,Homo sapiens,Native Californian,Diego Ifrán,1,4613.1875,Arcohe Union Elementary,3,1,7,G,10,1.509794
Anterior,BRK126776,0.7367798964545622,12,38.8611084,5.31768598,0.5,Homo sapiens,Native Californian,Hedwiges Maduro,2,4886.983887,New Jerusalem Elementary,4,1,3,G,5,1.509794
Posterior,BRK126776,1.538562316722405,12,38.8611084,5.31768598,0.5,Homo sapiens,Native Californian,Winston Reid,5,6455.136719,Dunsmuir Elementary,4,1,3,G,5,1.509794
Premolar,BRK126776,-1.2838916822399657,8,38.8611084,5.31768598,0.5,Homo sapiens,Native Californian,Aaron Ramsey,1,5125.433105,Stanislaus Union Elementary,3,1,7,G,10,1.509794
Anterior,HTB0802,0.5012293452146388,12,14.23,6.474995012,1.0,Papio,East Africa,Rod Fanni,4,5193.692383,Kingsburg Joint Union Elementary,1,1,4,G,6,1.509794
Posterior,HTB0802,-3.494528182677118,12,14.23,6.474995012,1.0,Papio,East Africa,Issa Ndoye,3,5002.838867,Buena Park Elementary,2,1,7,G,10,0.5885687
Premolar,HTB0802,3.2862980711750414,8,14.23,6.474995012,1.0,Papio,East Africa,Sebastian Rudy,2,5337.625488,Westminster Elementary,3,5,7,G,10,0.5885687
Anterior,HTB0828,3.071926188563445,12,9.18292308,2.429595478,1.0,Papio,South Africa,Jean-Baptiste Pierazzi,4,5161.202148,Island Union Elementary,1,1,7,G,10,0.5885687
Posterior,HTB0828,-0.5734972780202644,12,9.18292308,2.429595478,1.0,Papio,South Africa,Franck Béria,3,5158.791992,Tulare City Elementary,2,2,7,G,10,0.5885687
Premolar,HTB0828,0.9230215460828672,8,9.18292308,2.429595478,1.0,Papio,South Africa, Míchel,3,5123.474121,Chula Vista Elementary,4,3,7,G,10,0.5885687
Anterior,HTB0890,-5.8149666316595,12,17.8945,3.21217946,1.0,Papio,East Africa,Brede Hangeland,1,5782.543945,Black Butte Union Elementary,4,16,9,G,13,0.5885687
Posterior,HTB0890,-2.7693760136353256,12,17.8945,3.21217946,1.0,Papio,East Africa, Rafinha,4,4842.60791,McSwain Union Elementary,2,6,9,G,13,-0.126001
Premolar,HTB0890,-0.673743348948968,8,17.8945,3.21217946,1.0,Papio,East Africa, Fábio,3,4219.40625,Franklin Elementary,3,1,4,G,6,-0.126001
Anterior,HTB0900,-2.564774409395056,12,15.3185476,2.72587272,1.0,Papio,East Africa,Simeon Jackson,2,5081.169922,Escondido Union Elementary,1,2,7,G,10,-0.126001
Posterior,HTB0900,1.7756444013277914,12,15.3185476,2.72587272,1.0,Papio,East Africa,Ezequiel Lavezzi,3,5144.993652,East Whittier City Elementary,1,1,3,G,5,-0.126001
Premolar,HTB0900,4.892482655876121,8,15.3185476,2.72587272,1.0,Papio,East Africa,Nicolas Penneteau,5,4674.298828,Rio Bravo-Greeley Union Elementary,3,7,3,G,5,-0.2581899
Anterior,HTB1025,-2.8186153486888665,12,18.6672857,3.35840919,1.0,Papio,East Africa, Helder,1,4830.326172,Marcum-Illinois Union Elementary,4,1,3,G,5,-0.2581899
Posterior,HTB1025,-1.9946386130919076,12,18.6672857,3.35840919,1.0,Papio,East Africa,Stelios Malezas,1,5621.687988,Vallecitos Elementary,1,1,7,G,10,-0.2581899
Premolar,HTB1025,0.6120277915620242,8,18.6672857,3.35840919,1.0,Papio,East Africa,Mahamadou Diarra,4,4948.868164,Victor Elementary,4,1,4,G,6,-0.2581899
Anterior,HTB1027,3.9542476076241484,12,18.6672857,3.35840919,0.0,Papio,East Africa, Dani Pacheco,3,5100.975586,Savanna Elementary,3,6,3,G,5,-0.2581899
Posterior,HTB1027,-2.929789442515577,12,18.6672857,3.35840919,0.0,Papio,East Africa,Giovanni Sio,4,5132.788574,West Side Union Elementary,3,1,3,wood,5,-0.2581899
Premolar,HTB1027,0.6450395850477505,8,18.6672857,3.35840919,0.0,Papio,East Africa, Romaric,3,5358.51709,Enterprise Elementary,2,9,7,G,10,0.1496926
Anterior,HTB1028,4.464891821860787,12,13.7729762,2.43523526,0.0,Papio,East Africa,Dennis Diekmeier,2,5149.186523,Red Bluff Union Elementary,3,2,9,L,13,0.1496926
Posterior,HTB1028,-3.972990807740963,12,13.7729762,2.43523526,0.0,Papio,East Africa,Chinedu Ede,2,5373.206543,Jamestown Elementary,2,4,4,Q,6,0.1496926
Premolar,HTB1028,-3.0723901791730115,8,13.7729762,2.43523526,0.0,Papio,East Africa,David Gigliotti,4,6485.166016,Weed Union Elementary,4,1,7,Q,10,0.1496926
Anterior,HTB1043,-0.9891630106601921,12,16.0913333,2.87155209,1.0,Papio,East Africa,Petr Jiráček,3,5504.025391,South Bay Union Elementary,3,1,3,wood,5,0.1496926
Posterior,HTB1043,-1.2247827727838254,12,16.0913333,2.87155209,1.0,Papio,East Africa, Jonas,1,5105.734375,Brentwood Union Elementary,4,2,3,G,5,0.1496926
Premolar,HTB1043,2.014235469928165,8,16.0913333,2.87155209,1.0,Papio,East Africa,Saido Berahino,2,5634.730957,Summerville Elementary,4,1,4,L,6,0.540917
Anterior,HTB1151,0.6271184278357186,12,13.515381,2.38690817,1.0,Papio,East Africa,Siaka Tiéné,2,4980.294434,Ophir Elementary,2,2,3,wood,5,0.540917
Posterior,HTB1151,-4.272315410684664,12,13.515381,2.38690817,1.0,Papio,East Africa,Rafael van der Vaart,3,6113.859863,Montgomery Elementary,4,4,7,G,10,0.540917
Premolar,HTB1151,1.2922026660696528,8,13.515381,2.38690817,1.0,Papio,East Africa, Alex,3,5850.0,Santa Rosa Elementary,1,1,3,G,5,0.540917
Anterior,HTB1152,-1.363145397212374,12,13.2577857,2.33861853,1.0,Papio,East Africa,Zdravko Kuzmanović,3,4547.944824,Salida Union Elementary,2,2,9,G,13,0.540917
Posterior,HTB1152,3.1363018864910055,12,13.2577857,2.33861853,1.0,Papio,East Africa,Ammar Jemal,4,5011.840332,Shasta Union Elementary,4,2,3,G,5,0.540917
Premolar,HTB1152,-1.4847398614684837,8,13.2577857,2.33861853,1.0,Papio,East Africa,Aaron Ramsey,1,5261.370605,Fortuna Union Elementary,3,1,7,G,10,0.540917
Anterior,HTB1153,-1.50667300131061,6,13.0001905,2.29036872,1.0,Papio,East Africa,Salomon Kalou,5,4276.115234,Rockford  Elementary,2,11,7,G,10,0.540917
Posterior,HTB1153,1.3546929940302415,6,13.0001905,2.29036872,1.0,Papio,East Africa,Amin Younes,2,4566.27002,Plaza Elementary,4,1,4,G,6,0.540917
Premolar,HTB1153,1.8935492683513147,4,13.0001905,2.29036872,1.0,Papio,East Africa,Éric Abidal,2,6049.495117,Monte Rio Union Elementary,1,1,9,G,13,0.2316134
Anterior,HTB1154,1.1286687871005463,12,15.0609524,2.67736152,1.0,Papio,East Africa,Yannick Sagbo,2,4974.28125,Janesville Union Elementary,3,3,7,G,10,0.2316134
Posterior,HTB1154,-4.055201499367707,12,15.0609524,2.67736152,1.0,Papio,East Africa,Thorben Marx,2,4432.478027,Magnolia Union Elementary,4,1,4,G,6,-0.0666737
Premolar,HTB1154,1.3471683387133833,8,15.0609524,2.67736152,1.0,Papio,East Africa, Josué,4,4924.619141,Shaffer Union Elementary,4,3,7,G,10,-0.0666737
Anterior,HTB1212,-2.4728776845686657,12,11.167,4.778975048,1.0,Papio,Central Africa,Thanos Petsos,4,4603.659668,Fullerton Elementary,1,1,3,G,5,-0.0666737
Posterior,HTB1212,0.6116092894811472,12,11.167,4.778975048,1.0,Papio,Central Africa,Robbie Kruse,2,5973.925293,Cinnabar Elementary,2,1,4,L,6,-0.0666737
Premolar,HTB1212,-3.4189989758607426,8,11.167,4.778975048,1.0,Papio,Central Africa,Ludovic Obraniak,4,5215.943848,Santa Barbara Elementary,1,11,4,G,6,0.2168924
Anterior,HTB1214,1.1243509947293653,12,14.8033571,2.62887685,1.0,Papio,East Africa,Franco Zuculini,5,4882.236816,Rohnerville Elementary,4,4,3,wood,5,0.2168924
Posterior,HTB1214,-1.9196525268756182,12,14.8033571,2.62887685,1.0,Papio,East Africa,Shaun Maloney,2,4145.835938,Pleasant Grove Joint Union Elementary,3,2,3,G,5,0.2168924
Premolar,HTB1214,-3.076193463713686,8,14.8033571,2.62887685,1.0,Papio,East Africa,Bănel Nicoliţă,4,7542.038086,Mountain Union Elementary,2,1,3,G,5,0.2168924
Anterior,HTB1215,1.7742441537205111,12,12.7010476,2.18171291,1.0,Papio,East Africa, Jussiê,1,5247.018066,South Fork Union Elementary,2,3,3,G,5,0.2168924
Posterior,HTB1215,0.6270815035586035,12,12.7010476,2.18171291,1.0,Papio,East Africa, Dani Carvajal,2,5169.814941,Jamul-Dulzura Union Elementary,4,2,4,wood,6,0.2168924
Premolar,HTB1215,-1.4516722349452902,8,12.7010476,2.18171291,1.0,Papio,East Africa, Jose Fonte,3,5951.005859,Live Oak Elementary,3,3,4,G,6,-0.2586962
Anterior,HTB1216,3.5656758758859914,12,17.6369048,3.16346606,1.0,Papio,East Africa,Júnior Díaz,2,4746.572266,Menifee Union Elementary,3,1,7,L,10,-0.2586962
Posterior,HTB1216,-1.0305762514573669,12,17.6369048,3.16346606,1.0,Papio,East Africa,Florent André,2,4944.092285,Lakeside Union Elementary,2,1,7,L,10,-0.2586962
Premolar,HTB1216,0.11800640949700882,8,17.6369048,3.16346606,1.0,Papio,East Africa,Rafidine Abdullah,2,6306.487305,Whisman Elementary,1,1,7,G,10,0.5502878
Anterior,HTB1217,0.6933320519530323,11,16.6065238,2.96878123,1.0,Papio,East Africa,Frédéric Sammaritano,2,4260.306641,McCabe Union Elementary,4,1,7,G,10,0.5502878
Posterior,HTB1217,-1.4654941274394921,12,16.6065238,2.96878123,1.0,Papio,East Africa,Phil Jagielka,4,4718.163086,Lammersville Elementary,1,5,4,G,6,0.5502878
Premolar,HTB1217,1.1846375924063397,8,16.6065238,2.96878123,1.0,Papio,East Africa,Cédric Mongongu,3,4751.299805,Lassen View Union Elementary,4,4,3,G,5,-0.0620358
Anterior,HTB1218,-1.2560360279521483,12,13.7729762,2.43523526,1.0,Papio,East Africa,Fabrice Ehret,2,5653.453613,Loleta Union Elementary,4,8,3,G,5,-0.0620358
Posterior,HTB1218,-0.960085760074918,12,13.7729762,2.43523526,1.0,Papio,East Africa,Christian Benteke,2,5920.253418,Junction Elementary,1,1,7,G,10,-0.0620358
Premolar,HTB1218,3.350574906634757,8,13.7729762,2.43523526,1.0,Papio,East Africa,Kevin Vogt,4,4825.59082,Rosemead Elementary,3,1,7,G,10,-0.0620358
Anterior,HTB1219,-2.4881302470756097,12,15.7921905,2.76002868,1.0,Papio,East Africa,Philipp Wollscheid,5,5532.582031,Grass Valley Elementary,2,1,7,G,10,-0.0620358
Posterior,HTB1219,-5.821911102348798,12,15.7921905,2.76002868,1.0,Papio,East Africa,Václav Pilař,3,3926.06958,Buena Vista Elementary,4,1,3,G,5,-0.9823852
Premolar,HTB1219,3.953812349674941,8,15.7921905,2.76002868,1.0,Papio,East Africa, Peña,3,5805.636719,Kernville Union Elementary,3,4,3,G,5,-0.9823852
Anterior,HTB1220,6.2336570177352915,12,15.5761429,2.77440906,1.0,Papio,East Africa, Tiago,4,4899.239746,Galt Joint Union Elementary,1,6,7,G,10,-0.9823852
Posterior,HTB1220,-0.9446119748758878,12,15.5761429,2.77440906,1.0,Papio,East Africa,Per Mertesacker,3,4884.862305,Southside Elementary,4,1,4,G,6,-0.9823852
Premolar,HTB1220,-4.665597218371369,8,15.5761429,2.77440906,1.0,Papio,East Africa,Dariusz Dudka,4,5139.9375,Lakeside Union Elementary,4,1,7,G,10,-0.054344
Anterior,HTB1221,-0.7143287069416985,12,17.6369048,3.16346606,1.0,Papio,East Africa,Marc Planus,5,5249.364746,Nuestro Elementary,2,1,7,G,10,-0.054344
Posterior,HTB1221,-0.6553859271439313,12,17.6369048,3.16346606,1.0,Papio,East Africa, Cala,1,5399.070313,Alvina Elementary,4,1,7,G,10,-0.054344
Premolar,HTB1221,-0.4214247961231555,8,17.6369048,3.16346606,1.0,Papio,East Africa,Robert Green,4,4965.290039,Oakley Union Elementary,4,17,7,G,10,-0.054344
Anterior,HTB1222,-2.6650045296290186,12,14.8033571,2.62887685,0.0,Papio,East Africa,Milorad Peković,3,6210.323242,Etna Union Elementary,3,4,7,G,10,-0.054344
Posterior,HTB1222,1.4480585173968308,12,14.8033571,2.62887685,0.0,Papio,East Africa,Andriy Voronin,4,4797.503418,Jefferson Elementary,2,2,9,G,13,-0.054344
Premolar,HTB1222,1.3143039915568606,8,14.8033571,2.62887685,0.0,Papio,East Africa,Mark Schwarzer,1,5397.161621,Berryessa Union Elementary,2,1,9,G,13,-0.054344
Anterior,HTB1223,-3.590696413567221,12,16.0913333,2.87155209,1.0,Papio,East Africa,Max Kruse,3,5078.5,Kit Carson Union Elementary,4,4,4,G,6,-0.0680143
Posterior,HTB1223,1.7387162203321316,12,16.0913333,2.87155209,1.0,Papio,East Africa,Bastian Müller,5,4733.746582,Sylvan Union Elementary,2,2,7,G,10,-0.0680143
Premolar,HTB1223,5.027050305013818,8,16.0913333,2.87155209,1.0,Papio,East Africa,Marco Terrazzino,5,4963.060059,Oak View Union Elementary,3,1,3,L,5,-0.0680143
Anterior,HTB1225,0.4577819957144892,12,16.307381,2.85690736,1.0,Papio,East Africa,Andy Marshall,5,5431.177246,Auburn Union Elementary,3,1,3,G,5,-0.0680143
Posterior,HTB1225,-0.7795400498267622,12,16.307381,2.85690736,1.0,Papio,East Africa,Ivan Klasnić,2,5382.088867,North County Joint Union Elementary,1,10,3,wood,5,-0.0680143
Premolar,HTB1225,-0.3050004165045537,8,16.307381,2.85690736,1.0,Papio,East Africa,Gaël Clichy,5,5724.441895,Pioneer Union Elementary,2,1,7,G,10,-0.0680143
Anterior,HTB1226,1.5347819438244705,12,14.2881667,2.53199324,1.0,Papio,East Africa, Gomes,3,4843.427246,Central Elementary,4,4,4,G,6,-0.0680143
Posterior,HTB1226,-4.164710627317799,12,14.2881667,2.53199324,1.0,Papio,East Africa,Joey Barton,4,5730.349121,Pacheco Union Elementary,3,7,3,G,5,-0.0680143
Premolar,HTB1226,0.4393913886617013,8,14.2881667,2.53199324,1.0,Papio,East Africa,Younes Kaboul,2,5635.786133,Chicago Park Elementary,3,1,3,G,5,0.0294137
Anterior,HTB1426,-0.7245983677616928,12,17.204185,3.2920468,0.0,Pan,Ebolwa,Andy Carroll,4,5671.657227,Brisbane Elementary,2,1,7,G,10,0.0294137
Posterior,HTB1426,4.713381522439629,12,17.204185,3.2920468,0.0,Pan,Ebolwa,Mauro Boselli,2,7070.633301,Central Union Elementary,1,1,9,G,13,0.0294137
Premolar,HTB1426,-0.19911336518922546,8,17.204185,3.2920468,0.0,Pan,Ebolwa, Coke,5,5097.343262,Happy Valley Union Elementary,2,1,4,G,6,0.0294137
Anterior,HTB1497,4.09217531814223,11,11.454619,2.00186723,1.0,Papio,East Africa,Martin Stranzl,2,5482.677246,Mark Twain Union Elementary,1,1,7,G,10,0.0294137
Posterior,HTB1497,-2.6415660619837986,12,11.454619,2.00186723,1.0,Papio,East Africa, Alexis,5,5642.832031,San Rafael City Elementary,2,10,3,G,5,0.0294137
Premolar,HTB1497,1.4667610630393477,8,11.454619,2.00186723,1.0,Papio,East Africa,Emmanuel Adebayor,4,5280.023438,Cajon Valley Union Elementary,3,2,3,G,5,0.0294137
Anterior,HTB1503,0.8159910541419491,12,11.9698095,2.09782262,0.0,Papio,East Africa,Gary O'Neil,1,5433.339844,Campbell Union Elementary,1,5,4,G,6,0.0294137
Posterior,HTB1503,-2.071372363832947,12,11.9698095,2.09782262,0.0,Papio,East Africa,Vincenzo Grifo,4,4529.283691,Browns Elementary,2,1,3,G,5,0.0294137
Premolar,HTB1503,0.470988366646382,8,11.9698095,2.09782262,0.0,Papio,East Africa,Mladen Petrić,5,6039.98584,Clear Creek Elementary,3,1,7,G,10,0.2394859
Anterior,HTB1701,3.1698890297849074,12,26.2620552,5.35897499,0.0,Pan,French Cameroons,Sean Morrison,4,6168.229492,Trinidad Union Elementary,1,4,3,G,5,0.2394859
Posterior,HTB1701,-0.5626164545278503,12,26.2620552,5.35897499,0.0,Pan,French Cameroons, Óscar,4,5774.970215,Guerneville Elementary,4,2,9,G,13,0.2394859
Premolar,HTB1701,-3.886622518781542,8,26.2620552,5.35897499,0.0,Pan,French Cameroons,Maxim Choupo-Moting,4,4806.761719,San Bruno Park Elementary,3,1,3,G,5,0.2394859
Anterior,HTB1703,0.18137438279705687,12,20.5137914,4.0457765,0.0,Pan,French Cameroons,Mitchell Langerak,5,4840.936035,Antelope Elementary,1,1,7,G,10,0.2394859
Posterior,HTB1703,-1.9684161158950542,12,20.5137914,4.0457765,0.0,Pan,French Cameroons, Guly,3,4954.466309,Centralia Elementary,3,2,7,G,10,-0.7330914
Premolar,HTB1703,-0.6076822906267251,8,20.5137914,4.0457765,0.0,Pan,French Cameroons,Brett Holman,2,4023.531738,Etiwanda Elementary,4,1,4,G,6,-0.7330914
Anterior,HTB1706,0.02582415694133658,12,17.3783748,3.33164782,0.0,Pan,Ebolwa,Steven Davis,2,5179.411133,Wiseburn Elementary,4,8,9,G,13,-0.7330914
Posterior,HTB1706,-3.9198816691694915,12,17.3783748,3.33164782,0.0,Pan,Ebolwa,Martín Demichelis,4,4385.229492,Scotia Union Elementary,1,3,7,G,10,-0.7330914
Premolar,HTB1706,-3.701239259755594,7,17.3783748,3.33164782,0.0,Pan,Ebolwa, Geromel,2,4777.512695,Mountain View Elementary,4,7,4,G,6,-0.1111221
Anterior,HTB1707,1.3952373380001606,12,17.3783748,3.33164782,0.0,Pan,Ebolwa,Roel Brouwers,4,4862.790527,Pleasant Valley Joint Union Elementary,3,4,7,G,10,-0.1111221
Posterior,HTB1707,-1.0459146343613426,9,17.3783748,3.33164782,0.0,Pan,Ebolwa,Jordan Obita,3,5486.029785,Oak Grove Elementary,3,2,3,G,5,-0.1111221
Premolar,HTB1707,-6.0070678110828055,7,17.3783748,3.33164782,0.0,Pan,Ebolwa, Ramires,5,5486.382324,Pollock Pines Elementary,4,5,4,G,6,-0.1111221
Anterior,HTB1708,2.1308422390399944,12,21.5589303,4.28424336,0.0,Pan,Ebolwa,Stephen Warnock,2,4631.243652,Castaic Union Elementary,3,2,4,G,6,-0.1111221
Posterior,HTB1708,0.8857729548991949,12,21.5589303,4.28424336,0.0,Pan,Ebolwa,Dariusz Dudka,3,5189.62793,Bishop Union Elementary,2,1,3,G,5,-0.1111221
Premolar,HTB1708,-1.510333302675316,8,21.5589303,4.28424336,0.0,Pan,Ebolwa,Jérémie Bréchet,5,4600.606445,Buellton Union Elementary,4,10,3,G,5,1.775517
Anterior,HTB1713,-2.9752287314449344,12,20.5137914,4.0457765,0.0,Pan,Ebolwa,Daniel Potts,2,6735.775391,Chawanakee Jt. Elementary,2,1,3,G,5,-0.3218485
Posterior,HTB1713,2.2546602307571453,12,20.5137914,4.0457765,0.0,Pan,Ebolwa, David Villa,4,5475.172852,Yreka Union Elementary,4,1,3,wood,5,-0.3218485
Premolar,HTB1713,1.072799927404195,8,20.5137914,4.0457765,0.0,Pan,Ebolwa,Robert Snodgrass,1,5990.794434,Alexander Valley Union Elementary,2,1,4,G,6,-0.3218485
Anterior,HTB1718,6.012636483414407,12,18.075134,3.49014071,0.0,Pan,Ebolwa,Mike Pollitt,4,7203.246582,Twin Ridges Elementary,2,5,4,L,6,-0.3218485
Posterior,HTB1718,1.2449025898901247,12,18.075134,3.49014071,0.0,Pan,Ebolwa,Alex Oxlade-Chamberlain,3,4777.769043,Sundale Union Elementary,1,1,7,Q,10,0.2116939
Premolar,HTB1718,1.1659783458030444,8,18.075134,3.49014071,0.0,Pan,Ebolwa, Pinto,3,4302.834961,Three Rivers Union Elementary,2,7,7,Q,10,0.2116939
Anterior,HTB1719,-0.1815119305796098,11,24.9556316,5.06022442,0.0,Pan,Ebolwa,Matthew Lowton,3,5630.194824,Columbia Union Elementary,1,2,7,wood,10,0.2116939
Posterior,HTB1719,2.2084214325827825,11,24.9556316,5.06022442,0.0,Pan,Ebolwa,Frazier Campbell,2,4708.625,Westside Union Elementary,3,8,7,G,10,0.2116939
Premolar,HTB1719,1.7427040904111808,8,24.9556316,5.06022442,0.0,Pan,Ebolwa,Daniel Caligiuri,3,5629.961426,Ballico-Cressey Elementary,2,1,4,L,6,0.2116939
Anterior,HTB1720,3.2651414199091313,12,11.630111,2.03288089,0.0,Pan,Ebolwa,Kevin Pannewitz,4,4890.986816,Millbrae Elementary,2,2,3,wood,5,0.2116939
Posterior,HTB1720,-1.0425235573914773,12,11.630111,2.03288089,0.0,Pan,Ebolwa,Héctor Moreno,2,4929.393066,Evergreen Elementary,2,1,3,G,5,-0.717645
Premolar,HTB1720,-0.8337897996942252,8,11.630111,2.03288089,0.0,Pan,Ebolwa,Brad Guzan,4,4905.221191,Harmony Union Elementary,3,1,7,G,10,-0.717645
Anterior,HTB1721,-0.9399496078458975,12,18.4235137,3.56943631,0.0,Pan,Ebolwa,Roman Weidenfeller,4,5156.856934,Panama Buena Vista Union Elementary,4,1,7,G,10,-0.717645
Posterior,HTB1721,2.1453165850392955,12,18.4235137,3.56943631,0.0,Pan,Ebolwa,Ludovic Obraniak,1,4941.787598,Laguna Salada Union Elementary,3,1,7,G,10,-0.7326927
Premolar,HTB1721,3.8643824795783024,8,18.4235137,3.56943631,0.0,Pan,Ebolwa,Raheem Sterling,4,5408.781738,Sonora Elementary,3,1,3,G,5,-0.7326927
Anterior,HTB1722,-0.8907209175180841,12,20.6879812,4.08550898,0.0,Pan,Ebolwa, Hélder Postiga,3,4981.387695,Roseville City Elementary,4,2,3,G,5,-0.7326927
Posterior,HTB1722,-0.807954845736595,12,20.6879812,4.08550898,0.0,Pan,Ebolwa, Iturraspe,3,4877.086426,Gratton Elementary,2,1,7,G,10,-0.0102077
Premolar,HTB1722,0.9871023092863755,8,20.6879812,4.08550898,0.0,Pan,Ebolwa, David Luiz,3,5111.739258,Susanville Elementary,3,4,4,G,6,-0.0102077
Anterior,HTB1723,-0.3730400911569116,12,24.6943469,5.00049123,0.0,Pan,Ebolwa,Lasse Sobiech,4,5201.515625,Bella Vista Elementary,1,5,7,G,10,-0.0102077
Posterior,HTB1723,2.537082249787008,12,24.6943469,5.00049123,0.0,Pan,Ebolwa,Wolfgang Hesl,2,4138.305664,Columbine Elementary,1,4,7,G,10,-0.0102077
Premolar,HTB1723,-5.246706410341111,8,24.6943469,5.00049123,0.0,Pan,Ebolwa,Aleksandar Kolarov,4,5743.597168,Hughes-Elizabeth Lakes Union Elementary,1,1,7,G,10,-0.0102077
Anterior,HTB1724,-1.7844571952256059,12,18.4235137,3.56943631,0.0,Pan,Ebolwa,Daniel Van Buyten,5,5702.705078,Mountain View Elementary,2,3,7,G,10,-0.0102077
Posterior,HTB1724,-1.6768566420984712,12,18.4235137,3.56943631,0.0,Pan,Ebolwa,Stéphane Bahoken,1,4802.152832,Sulphur Springs Union Elementary,2,2,7,L,10,-0.923957
Premolar,HTB1724,-5.4133201568799745,8,18.4235137,3.56943631,0.0,Pan,Ebolwa,Landry Bonnefoi,5,5442.143066,Forestville Union Elementary,1,1,9,G,13,-0.923957
Anterior,HTB1726,-2.1171403626553005,12,25.6120692,4.90072026,0.0,Pan,Ebolwa,Hadi Sacko,3,4522.375488,Rosedale Union Elementary,3,1,9,wood,13,0.5766805
Posterior,HTB1726,-1.9993513139827688,12,25.6120692,4.90072026,0.0,Pan,Ebolwa,Joël Sami,1,4965.808105,Columbia Elementary,4,2,4,G,6,0.5766805
Premolar,HTB1726,-0.26454515067605766,8,25.6120692,4.90072026,0.0,Pan,Ebolwa, Iraizoz,3,5358.326172,Colfax Elementary,2,16,7,G,10,0.5766805
Anterior,HTB1735,2.9280226206922206,12,18.9460831,3.68843519,0.0,Pan,Ebolwa,Goran Popov,4,5784.625,Mt. Shasta Union Elementary,2,1,3,G,5,0.5766805
Posterior,HTB1735,-0.371337361140734,12,18.9460831,3.68843519,0.0,Pan,Ebolwa,Sebastian Boenisch,5,5072.70459,Piner-Olivet Union Elementary,2,1,3,wood,5,-0.0836015
Premolar,HTB1735,-2.28034440181606,8,18.9460831,3.68843519,0.0,Pan,Ebolwa,Eren Derdiyok,2,5556.041016,Bass Lake Joint Elementary,1,10,3,G,5,-0.0836015
Anterior,HTB1737,0.0856712112352069,12,27.8297635,5.71763847,0.0,Pan,Ebolwa,Andreas Ivanschitz,4,5190.310059,Cutten Elementary,2,1,7,L,10,-0.0836015
Posterior,HTB1737,2.7730376797729486,9,27.8297635,5.71763847,0.0,Pan,Ebolwa,Samuele Longo,5,5211.485352,Placerville Union Elementary,4,1,4,L,6,-0.0836015
Premolar,HTB1737,-2.1470730187689675,7,27.8297635,5.71763847,0.0,Pan,Ebolwa, Granero,4,5284.164063,Wright Elementary,3,1,3,G,5,-0.0836015
Anterior,HTB1738,-1.9882210946518677,12,19.4686525,3.80749511,0.0,Pan,Ebolwa,Christian Lell,4,5331.920898,Evergreen Union Elementary,4,18,3,G,5,-0.0836015
Posterior,HTB1738,1.5810526004119672,12,19.4686525,3.80749511,0.0,Pan,Ebolwa,Daniel Braaten,4,5599.60791,Old Adobe Union Elementary,4,1,7,G,10,-0.0836015
Premolar,HTB1738,-0.31418390468128377,8,19.4686525,3.80749511,0.0,Pan,Ebolwa,Étienne Capoue,4,4881.899414,Wilmar Union Elementary,1,1,9,G,13,-0.0836015
Anterior,HTB1739,1.7971242190391679,12,21.0363609,4.16498874,0.0,Pan,Ebolwa,Kolo Touré,3,4700.432129,Ackerman Elementary,1,4,4,G,6,-0.0836015
Posterior,HTB1739,0.1908884885306815,12,21.0363609,4.16498874,0.0,Pan,Ebolwa, Odaïr Fortes,2,5650.0,Santa Cruz City Elementary,1,4,7,G,10,-0.0836015
Premolar,HTB1739,1.9287533722234944,8,21.0363609,4.16498874,0.0,Pan,Ebolwa,Jonas Hofmann,4,5318.240723,Arcata Elementary,1,3,3,G,5,-0.0836015
Anterior,HTB1741,-2.2907048548012323,12,28.352333,5.83722718,0.0,Pan,Ebolwa,Bryan Oviedo,4,4709.054199,Alta Loma Elementary,1,1,3,G,5,-0.0836015
Posterior,HTB1741,0.19468374978805913,12,28.352333,5.83722718,0.0,Pan,Ebolwa,Daniel Van Buyten,5,5143.19043,Foresthill Union Elementary,2,2,4,G,6,-1.079558
Premolar,HTB1741,-0.28783302590082793,8,28.352333,5.83722718,0.0,Pan,Ebolwa,Maximilian Arnold,5,5133.009766,Mother Lode Union Elementary,4,1,3,G,5,-1.079558
Anterior,HTB1744,-2.729994169775771,12,19.991222,3.92661051,0.0,Pan,Ebolwa,Karim Rekik,3,5081.455566,Ocean View Elementary,2,1,7,G,10,1.040902
Posterior,HTB1744,-3.5744656732602627,12,19.991222,3.92661051,0.0,Pan,Ebolwa,Heinrich Schmidtgal,4,4016.41626,Lake Elementary,4,1,3,G,5,1.040902
Premolar,HTB1744,1.8900884161338793,8,19.991222,3.92661051,0.0,Pan,Ebolwa,Niko Gießelmann,4,5374.050293,San Mateo-Foster City Elementary,3,1,9,G,13,1.040902
Anterior,HTB1745,-0.6286040114853981,12,18.9460831,3.68843519,0.0,Pan,Ebolwa,Emre Belözoğlu,5,5427.548828,Goleta Union Elementary,4,1,3,G,5,-1.052108
Posterior,HTB1745,-2.2596121959169277,12,18.9460831,3.68843519,0.0,Pan,Ebolwa,Bastian Schweinsteiger,4,5179.644531,Helendale Elementary,4,1,7,G,10,-1.052108
Premolar,HTB1745,-0.009625454502133979,8,18.9460831,3.68843519,0.0,Pan,Ebolwa,Phil Jagielka,4,5400.0,Petaluma City Elementary,4,14,7,G,10,-1.052108
Anterior,HTB1748,2.9645941832023723,12,33.5780273,7.03383117,0.0,Pan,Ebolwa, Maxwell,2,5726.146484,Sunnyvale Elementary,3,7,4,G,6,-1.052108
Posterior,HTB1748,-5.317066813756148,11,33.5780273,7.03383117,0.0,Pan,Ebolwa,Asmir Begović,5,5003.870117,College Elementary,2,1,9,G,13,-1.052108
Premolar,HTB1748,-3.41207799821279,8,33.5780273,7.03383117,0.0,Pan,Ebolwa,Luke Young,4,4969.51123,La Mesa-Spring Valley,1,5,7,G,10,-1.052108
Anterior,HTB1758,-2.0181323374818927,12,19.991222,3.92661051,0.0,Pan,Ebolwa,Rémy Cabella,2,4747.295898,Huntington Beach City Elementary,2,7,4,G,6,-1.052108
Posterior,HTB1758,3.7740148887492797,12,19.991222,3.92661051,0.0,Pan,Ebolwa,Jean-Armel Kana-Biyik,3,4543.305176,Solvang Elementary,2,8,7,G,10,-0.7277681
Premolar,HTB1758,0.9105959689962595,8,19.991222,3.92661051,0.0,Pan,Ebolwa,Abdul Razak,5,5229.591309,Soquel Elementary,3,1,3,L,5,-0.7277681
Anterior,HTB1768,2.0882604425933255,12,19.991222,3.92661051,0.0,Pan,Ebolwa,Nicolai Müller,2,4507.353027,Capay Joint Union Elementary,1,1,4,G,6,-0.3953965
Posterior,HTB1768,-2.5460061990225986,12,19.991222,3.92661051,0.0,Pan,Ebolwa,Stelios Malezas,4,5302.62793,Gravenstein Union Elementary,3,3,4,wood,6,-0.3953965
Premolar,HTB1768,-2.495897131067122,8,19.991222,3.92661051,0.0,Pan,Ebolwa,Ivan Rakitić,2,5545.610352,Pleasant Valley Elementary,2,2,3,G,5,-0.3953965
Anterior,HTB1775,1.3120185157864777,11,26.1346386,5.01978364,0.0,Pan,French Cameroons,Jon Walters,2,4615.908691,Pioneer Union Elementary,1,6,3,G,5,-0.3953965
Posterior,HTB1775,0.36562268311287993,12,26.1346386,5.01978364,0.0,Pan,French Cameroons, Álvaro Negredo,4,5397.689453,Santee Elementary,4,2,3,G,5,-0.3953965
Premolar,HTB1775,1.5572186150928835,7,26.1346386,5.01978364,0.0,Pan,French Cameroons,Benjamin Köhler,4,5118.373047,Johnstonville Elementary,3,2,3,G,5,-0.3953965
Anterior,HTB1791,-0.23190772374738217,12,21.5589303,4.28424336,0.0,Pan,Ebolwa,Romain Pitau,2,5008.070801,Pleasant Valley Elementary,2,13,4,G,6,-0.3953965
Posterior,HTB1791,0.8998009645497521,12,21.5589303,4.28424336,0.0,Pan,Ebolwa,Mohamed Yattara,2,4906.030273,Curtis Creek Elementary,2,1,4,G,6,-0.2377786
Premolar,HTB1791,0.6081980490934945,8,21.5589303,4.28424336,0.0,Pan,Ebolwa,Gabriel Obertan,3,6870.346191,Fort Jones Union Elementary,1,1,7,G,10,-0.2377786
Anterior,HTB1882,2.1136493441245543,12,17.3783748,3.33164782,0.0,Pan,Ebolwa,Shane Long,3,5301.716309,Mark West Union Elementary,2,3,7,G,10,-0.2377786
Posterior,HTB1882,2.1846908360907653,12,17.3783748,3.33164782,0.0,Pan,Ebolwa,Papiss Demba Cissé,2,5182.365723,Alpine Union Elementary,1,7,7,G,10,-0.2377786
Premolar,HTB1882,-3.711476441784173,8,17.3783748,3.33164782,0.0,Pan,Ebolwa,Nikolče Noveski,2,4999.46875,Sebastopol Union Elementary,3,8,7,G,10,0.274908
Anterior,HTB1888,-5.235752323453889,12,28.352333,5.83722718,0.0,Pan,French Cameroons,Luuk de Jong,4,6732.066406,Freshwater Elementary,2,1,4,G,6,0.274908
Posterior,HTB1888,2.6578096053252196,12,28.352333,5.83722718,0.0,Pan,French Cameroons,Massimo Volta,1,4612.989746,Norris Elementary,2,4,3,G,5,0.274908
Premolar,HTB1888,3.1096519999829395,8,28.352333,5.83722718,0.0,Pan,French Cameroons,Filip Oršula,2,5478.845703,Springville Union Elementary,4,1,3,G,5,1.970023
Anterior,HTB1889,-2.2555858354653697,12,29.1361871,6.01663882,0.0,Pan,French Cameroons, Ryan Mendes,5,5666.713867,Moreland Elementary,2,6,7,G,10,1.970023
Posterior,HTB1889,-4.294473647054126,12,29.1361871,6.01663882,0.0,Pan,French Cameroons,Daniel Baier,5,4742.51416,Maple Elementary,3,7,7,G,10,1.970023
Premolar,HTB1889,0.4646513291217558,8,29.1361871,6.01663882,0.0,Pan,French Cameroons,Leo Franco,2,4907.392578,Kings River-Hardwick Union Elementary,3,18,7,G,10,1.05095
Anterior,HTB1890,2.485538831497572,12,20.5137914,4.0457765,0.0,Pan,French Cameroons,Neven Subotić,3,5700.402344,Julian Union Elementary,2,1,3,G,5,1.05095
Posterior,HTB1890,4.591345269784864,12,20.5137914,4.0457765,0.0,Pan,French Cameroons,Yoann Gourcuff,1,5191.834473,Cardiff Elementary,4,3,3,G,5,0.2418185
Premolar,HTB1890,1.4784017820250734,8,20.5137914,4.0457765,0.0,Pan,French Cameroons,Jonathan Ayite,4,4451.256836,Saucelito Elementary,2,1,7,G,10,0.2418185
Anterior,HTB1903,-0.6790514406874961,12,22.0814997,4.40353691,0.0,Pan,French Cameroons,Tranquillo Barnetta,5,5627.527832,Bonsall Union Elementary,3,1,4,G,6,0.2418185
Posterior,HTB1903,-1.9458398161938637,12,22.0814997,4.40353691,0.0,Pan,French Cameroons,Lars Stindl,4,4922.939941,Cypress Elementary,2,1,7,G,10,1.349395
Premolar,HTB1903,0.2518649198413839,8,22.0814997,4.40353691,0.0,Pan,French Cameroons,Clemens Fritz,1,4969.380859,Lowell Joint Elementary,1,1,7,G,10,1.349395
Anterior,HTB1956,-0.5030274840290041,12,29.9200413,6.19608209,0.0,Pan,French Cameroons, Gabi,4,4829.717285,Newhall Elementary,1,6,7,G,10,-0.2577254
Posterior,HTB1956,-2.242089545417385,12,29.9200413,6.19608209,0.0,Pan,French Cameroons,Craig Gardner,2,6716.692871,Lagunitas Elementary,1,1,7,G,10,-0.2577254
Premolar,HTB1956,5.201547611184534,8,29.9200413,6.19608209,0.0,Pan,French Cameroons,John Terry,2,5205.941895,Cambrian Elementary,2,29,7,G,10,-0.6562689
Anterior,HTB1957,4.561155694722245,12,23.5217914,4.42495725,0.0,Pan,French Cameroons,Rafael van der Vaart,4,4357.826172,Richfield Elementary,1,1,9,G,13,-0.6562689
Posterior,HTB1957,2.9841028499401716,12,23.5217914,4.42495725,0.0,Pan,French Cameroons,Branislav Ivanović,2,5195.918945,Fieldbrook Elementary,4,1,9,G,13,-0.6562689
Premolar,HTB1957,-2.0131857166559435,8,23.5217914,4.42495725,0.0,Pan,French Cameroons,Stefano Celozzi,4,6002.071777,Dehesa Elementary,3,1,4,G,6,-0.6562689
Anterior,HTB1958,2.301334883041714,12,32.010319,6.67473274,0.0,Pan,French Cameroons, Rafinha,5,5090.587891,Cottonwood Union Elementary,4,4,7,G,10,-0.6562689
Posterior,HTB1958,1.7780323252231445,12,32.010319,6.67473274,0.0,Pan,French Cameroons, Manucho,4,5112.390137,Fruitvale Elementary,3,1,3,wood,5,-0.6562689
Premolar,HTB1958,1.2992195511946938,8,32.010319,6.67473274,0.0,Pan,French Cameroons,Chu-Young Park,4,5287.35498,Union Elementary,1,2,3,G,5,-0.6563948
Anterior,HTB1959,3.2601372255622234,12,28.352333,5.83722718,0.0,Pan,French Cameroons,Cristian Rodríguez,2,4889.47998,Fountain Valley Elementary,4,4,3,L,5,-0.6563948
Posterior,HTB1959,1.7676940468391054,12,28.352333,5.83722718,0.0,Pan,French Cameroons,Max Gradel,2,5118.130371,Gold Oak Union Elementary,3,6,7,Q,10,-0.6563948
Premolar,HTB1959,2.021927100455585,8,28.352333,5.83722718,0.0,Pan,French Cameroons,Leighton Baines,2,5119.123047,Buckeye Union Elementary,3,2,4,Q,6,-0.6563948
Anterior,HTB2001,1.7714237097053618,12,17.9009442,3.45050478,0.0,Pan,French Cameroons, Marcos António,5,4792.211426,Rocklin Unified,3,1,3,wood,5,-0.6563948
Posterior,HTB2001,1.0520050982174474,12,17.9009442,3.45050478,0.0,Pan,French Cameroons,Victor Anichebe,5,5450.103516,Gold Trail Union Elementary,1,1,3,G,5,-0.6563948
Premolar,HTB2001,-4.109284830277496,8,17.9009442,3.45050478,0.0,Pan,French Cameroons,Frazier Campbell,3,5210.724609,Hydesville Elementary,1,4,7,L,10,-0.6563948
Anterior,HTB2026,0.4272032475207608,12,19.991222,3.92661051,0.0,Pan,Ebolwa,Florent Balmont,4,4715.445801,Saugus Union Elementary,4,7,9,wood,13,-0.6563948
Posterior,HTB2026,-1.1272387763137452,12,19.991222,3.92661051,0.0,Pan,Ebolwa,Glenn Whelan,2,4632.068359,Loomis Union Elementary,3,3,4,G,6,-0.6563948
Premolar,HTB2026,-2.8853624006810668,8,19.991222,3.92661051,0.0,Pan,Ebolwa,Craig Gardner,4,5028.561523,Placer Hills Union Elementary,2,1,7,G,10,-0.6563948
Anterior,HTB2027,4.310059913184075,12,18.9460831,3.68843519,0.0,Pan,Ebolwa,Hanno Balitsch,3,5695.466797,Dunham Elementary,3,16,3,G,5,-0.6563948
Posterior,HTB2027,4.424681815687105,12,18.9460831,3.68843519,0.0,Pan,Ebolwa,Lionel Messi,4,4504.294922,San Carlos Elementary,4,1,3,G,5,-0.6563948
Premolar,HTB2027,3.5263046905726227,8,18.9460831,3.68843519,0.0,Pan,Ebolwa,Max Ehmer,4,5156.437012,Ready Springs Union Elementary,4,1,4,G,6,0.7244775
Anterior,HTB2032,0.8440911949142212,12,17.6396595,3.39106649,0.0,Pan,Ebolwa,Martin Lanig,4,5433.51416,Coarsegold Union Elementary,2,6,3,G,5,0.7244775
Posterior,HTB2032,3.505421755170431,12,17.6396595,3.39106649,0.0,Pan,Ebolwa, Toni Doblas,4,5254.631836,Cayucos Elementary,2,1,7,G,10,0.7244775
Premolar,HTB2032,0.25332722428857485,8,17.6396595,3.39106649,0.0,Pan,Ebolwa, Labaka,3,4593.196777,Richmond Elementary,3,3,3,G,5,0.7244775
Anterior,HTB2033,0.7167448514349292,12,18.9460831,3.68843519,0.0,Pan,Ebolwa,Christophe Vincent,2,4320.678711,Clay Joint Elementary,2,4,9,G,13,0.7244775
Posterior,HTB2033,-2.432572754555994,12,18.9460831,3.68843519,0.0,Pan,Ebolwa, Sergio Ramos,2,4920.777344,Waugh Elementary,4,3,3,G,5,0.6318343
Premolar,HTB2033,1.1885441743206364,8,18.9460831,3.68843519,0.0,Pan,Ebolwa,Shaun Maloney,3,6905.869141,Two Rock Union Elementary,2,3,7,G,10,0.6318343
Anterior,HTB2034,0.37075286285017905,12,19.4686525,3.80749511,0.0,Pan,Ebolwa, Hélder Postiga,2,5729.904297,Belmont-Redwood Shores Elementary,1,3,7,G,10,0.6318343
Posterior,HTB2034,-2.9407826913827257,12,19.4686525,3.80749511,0.0,Pan,Ebolwa,Yaya Touré,4,4825.202148,Rescue Union Elementary,4,1,4,L,6,1.070944
Premolar,HTB2034,0.09965903220267307,8,19.4686525,3.80749511,0.0,Pan,Ebolwa, Igor Martínez,4,5388.17041,Alta-Dutch Flat Union Elementary,1,4,9,G,13,1.070944
Anterior,HTB2747,0.03033871520252651,12,43.6407147,9.02231946,0.0,Pan,French Cameroons, Cuéllar,5,5133.827148,San Pasqual Union Elementary,3,4,7,wood,10,1.070944
Posterior,HTB2747,4.591264231046561,12,43.6407147,9.02231946,0.0,Pan,French Cameroons,Nolan Roux,4,5346.15625,Latrobe Elementary,4,8,4,G,6,1.070944
Premolar,HTB2747,2.3965577118731867,8,43.6407147,9.02231946,0.0,Pan,French Cameroons,Chinedu Ede,3,4789.309082,Union Hill Elementary,4,1,7,G,10,1.070944
Anterior,HTB2748,0.2518507008515812,12,17.3783748,3.33164782,0.0,Pan,French Cameroons,Kevin Nolan,4,5329.782227,Twin Hills Union Elementary,1,2,3,G,5,1.070944
Posterior,HTB2748,0.8284788045915377,12,17.3783748,3.33164782,0.0,Pan,French Cameroons,Samed Yesil,3,5371.172852,Pacific Union Elementary,2,1,4,wood,6,-1.450494
Premolar,HTB2748,0.33145881151399065,8,17.3783748,3.33164782,0.0,Pan,French Cameroons,Thomas Müller,4,5771.383789,Douglas City Elementary,2,1,4,G,6,-1.450494
Anterior,HTB2751,-0.26894096454313265,12,32.5328885,6.79442263,0.0,Pan,French Cameroons,Cristian Álvarez,3,4993.634766,Pleasant Ridge Union Elementary,4,7,3,L,5,-1.450494
Posterior,HTB2751,-2.4057406555343555,10,32.5328885,6.79442263,0.0,Pan,French Cameroons,Du-Ri Cha,2,4854.038086,Newcastle Elementary,3,7,3,L,5,-1.450494
Premolar,HTB2751,-0.1429406577505744,8,32.5328885,6.79442263,0.0,Pan,French Cameroons,Stephan Fürstner,4,4392.679688,Mesa Union Elementary,4,6,3,G,5,-1.450494
Anterior,HTB2756,-1.5886209507410327,12,19.991222,3.92661051,0.0,Pan,French Cameroons,Enzo Reale,1,5884.432129,Weaverville Elementary,1,1,3,G,5,1.15588
Posterior,HTB2756,-2.8136296459170778,12,19.991222,3.92661051,0.0,Pan,French Cameroons, Albelda,3,4273.993164,North Cow Creek Elementary,4,2,4,G,6,1.15588
Premolar,HTB2756,1.4660701001157341,8,19.991222,3.92661051,0.0,Pan,French Cameroons,Mickaël Landreau,4,5146.78418,Nevada City Elementary,3,31,4,G,6,-0.3260148
Anterior,HTB2771,1.1746311458828615,12,16.8558054,3.2128737,0.0,Pan,French Cameroons,Marco Estrada,4,5351.522949,Jacoby Creek Elementary,4,3,7,G,10,-0.3260148
Posterior,HTB2771,-4.116807568158521,12,16.8558054,3.2128737,0.0,Pan,French Cameroons, Javi Fuego,4,7667.571777,Fort Ross Elementary,4,2,7,G,10,-0.3260148
Premolar,HTB2771,-0.07402172732713752,8,16.8558054,3.2128737,0.0,Pan,French Cameroons,Mohammed Abdellaoue,2,5281.708984,Encinitas Union Elementary,1,1,7,G,10,-0.3260148
Anterior,HTB2823,2.643125525247492,12,28.352333,5.83722718,0.0,Pan,French Cameroons,Ismaël Traoré,1,5368.50293,Dixie Elementary,2,1,7,G,10,0.8846435
Posterior,HTB2823,2.7974546954183435,12,28.352333,5.83722718,0.0,Pan,French Cameroons,Richard Strebinger,4,6429.257324,Lakeside Joint Elementary,1,1,4,G,6,-0.5583452
Premolar,HTB2823,2.716340383480575,8,28.352333,5.83722718,0.0,Pan,French Cameroons,Jérémy Ménez,2,5387.458984,Hermosa Beach City Elementary,2,3,3,G,5,-0.5583452
Anterior,HTB3398,0.31858434046978595,12,18.4235137,3.56943631,0.0,Pan,West Africa,Giorgios Karagounis,4,5235.774902,Rincon Valley Union Elementary,2,5,3,G,5,-0.5583452
Posterior,HTB3398,-1.8290153739135941,12,18.4235137,3.56943631,0.0,Pan,West Africa,Lukas Podolski,4,4829.896484,Washington Union Elementary,2,17,7,G,10,-0.5583452
Premolar,HTB3398,-2.4088301128472906,8,18.4235137,3.56943631,0.0,Pan,West Africa,Mehdi Abeid,5,5088.708008,Bennett Valley Union Elementary,2,1,7,G,10,-0.5583452
Anterior,HTB3411,1.0612700854360457,6,32.5328885,6.79442263,0.0,Pan,West Africa,Adam Hloušek,2,5390.118164,Loma Prieta Joint Union Elemen,4,1,7,G,10,-0.5583452
Posterior,HTB3411,1.145514193637188,6,32.5328885,6.79442263,0.0,Pan,West Africa, Lucas Piazon,3,6588.430664,Kenwood Elementary,2,1,3,G,5,-0.5583452
Premolar,HTB3411,3.351647351694636,4,32.5328885,6.79442263,0.0,Pan,West Africa,Gaëtan Charbonnier,2,6196.694824,Liberty Elementary,3,2,3,G,5,-0.5583452
Anterior,HTB3412,2.8964722175390687,12,15.8106665,2.97561367,0.0,Pan,West Africa, Sergio Álvarez,2,4645.413086,Knights Ferry Elementary,1,2,7,G,10,-0.5583452
Posterior,HTB3412,-0.09720916400806706,12,15.8106665,2.97561367,0.0,Pan,West Africa,Bănel Nicoliţă,2,6489.928711,Kentfield Elementary,1,1,4,G,6,-0.3415543
Premolar,HTB3412,-2.7987860716009516,8,15.8106665,2.97561367,0.0,Pan,West Africa,Patrick Ebert,4,5094.958984,Ballard Elementary,1,1,7,G,10,-0.5040575
Anterior,HTB3413,-0.5512338673925523,12,17.3783748,3.33164782,0.0,Pan,West Africa,Brad Jones,1,4841.958496,Oak Grove Union Elementary,4,4,7,G,10,-0.5040575
Posterior,HTB3413,0.7518124216478038,12,17.3783748,3.33164782,0.0,Pan,West Africa,Hogan Ephraim,2,6315.3125,Ross Valley Elementary,1,1,7,G,10,0.773524
Premolar,HTB3413,-0.2669226620538397,8,17.3783748,3.33164782,0.0,Pan,West Africa, Manuel Pablo,4,5399.383301,Mountain Elementary,2,2,7,L,10,1.063938
Anterior,HTB3418,-1.1799646991326478,12,24.9556316,5.06022442,0.0,Pan,West Africa,George McCartney,3,5429.473633,Burlingame Elementary,2,2,7,G,10,1.063938
Posterior,HTB3418,0.8384337974821504,12,24.9556316,5.06022442,0.0,Pan,West Africa,Matthew Kennedy,2,5644.286133,Grant Elementary,2,1,9,wood,13,-1.090389
Premolar,HTB3418,-1.0003344182168876,8,24.9556316,5.06022442,0.0,Pan,West Africa,Cheick Diarra,2,6060.256836,Happy Valley Elementary,4,1,9,G,13,-1.090389
Anterior,HTB3434,-1.301858788414631,12,15.8106665,2.97561367,0.0,Pan,West Africa,Charles Kaboré,2,5319.553711,Bonny Doon Union Elementary,4,1,4,G,6,-1.090389
Posterior,HTB3434,0.980726288171347,12,15.8106665,2.97561367,0.0,Pan,West Africa,Nikolče Noveski,2,4819.903809,Walnut Creek Elementary,1,1,7,G,10,-1.090389
Premolar,HTB3434,-0.7526074688107651,8,15.8106665,2.97561367,0.0,Pan,West Africa,Lucas Wilchez,5,5208.226074,Hope Elementary,1,2,3,G,5,-1.090389
Anterior,HTB3436,0.8171015294992745,12,31.4877496,6.55505315,0.0,Pan,West Africa,Benoît Pedretti,4,5859.964844,Larkspur Elementary,3,1,3,G,5,-1.090389
Posterior,HTB3436,0.8877998291713493,12,31.4877496,6.55505315,0.0,Pan,West Africa,Jonathan Pitroipa,4,4962.736816,Cupertino Union Elementary,1,1,3,G,5,-1.069162
Premolar,HTB3436,-2.544227985565551,8,31.4877496,6.55505315,0.0,Pan,West Africa,Ibrahima Traoré,1,7614.379395,Pacific Elementary,2,1,7,G,10,-1.069162
Anterior,HTB3437,-0.9451438188535755,12,14.2429582,2.62063975,0.0,Pan,West Africa,Clément Chantôme,5,5566.467773,Los Gatos Union Elementary,3,1,4,G,6,-1.069162
Posterior,HTB3437,3.7171593131341165,12,14.2429582,2.62063975,0.0,Pan,West Africa,Fabricio Coloccini,3,7039.949219,Montecito Union Elementary,4,6,3,G,5,-1.069162
Premolar,HTB3437,-2.5992579789595815,8,14.2429582,2.62063975,0.0,Pan,West Africa,Kevin Stöger,4,6604.063965,Solana Beach Elementary,4,1,3,G,5,-1.069162
Anterior,HTB3515,-5.1024657500736765,12,14.5622081,2.68358343,0.0,Papio,East Africa,Marco Verratti,4,6180.148926,Menlo Park City Elementary,3,2,7,G,10,1.415695
Posterior,HTB3515,-4.483400093551875,12,14.5622081,2.68358343,0.0,Papio,East Africa,Timothy Chandler,4,6460.657227,Reed Union Elementary,1,2,9,G,13,-1.422919
Premolar,HTB3515,0.11072335464572433,8,14.5622081,2.68358343,0.0,Papio,East Africa, Nano,3,6415.35498,Mill Valley Elementary,2,5,4,G,6,-1.422919
Anterior,HTB3537,0.2991580281741597,12,17.9009442,3.45050478,0.0,Pan,West Africa,Mehdi Abeid,1,5230.876953,Lafayette Elementary,3,1,7,G,10,-0.4899626
Posterior,HTB3537,-0.061694844906138024,12,17.9009442,3.45050478,0.0,Pan,West Africa,Youssef El-Arabi,4,5838.171875,Del Mar Union Elementary,1,1,3,G,5,-0.4899626
Premolar,HTB3537,3.1739487475301145,8,17.9009442,3.45050478,0.0,Pan,West Africa,Radoslav Zabavník,2,7711.506836,Woodside Elementary,2,1,3,G,5,-0.4899626
Anterior,HTB3538,-6.269675433508977,12,19.4686525,3.80749511,0.0,Pan,West Africa, Iniesta,4,5592.765137,Moraga Elementary,4,1,4,G,6,-0.4899626
Posterior,HTB3538,1.18597512111003,12,19.4686525,3.80749511,0.0,Pan,West Africa,Gerald Asamoah,3,5933.154297,Orinda Union Elementary,4,3,3,G,5,-0.4899626
Premolar,HTB3538,4.017597490076343,8,19.4686525,3.80749511,0.0,Pan,West Africa,Wojciech Szczęsny,5,7593.405762,Hillsborough City Elementary,2,1,7,G,10,-0.4899626
Anterior,HTB3539,-2.5159282998347576,12,17.9009442,3.45050478,0.0,Pan,West Africa,Gastón Ramírez,4,6500.449707,Cold Spring Elementary,3,1,3,G,5,-0.4899626
Posterior,HTB3539,-0.6987058522199304,9,17.9009442,3.45050478,0.0,Pan,West Africa,Marouane Chamakh,4,7217.263184,Portola Valley Elementary,1,1,9,G,13,-0.4899626
Premolar,HTB3539,-1.6051263216801819,8,17.9009442,3.45050478,0.0,Pan,West Africa,Gary Cahill,4,5392.638672,Saratoga Union Elementary,1,1,3,G,5,-0.5835869
Anterior,HTB3551,-1.9487927208724594,12,19.991222,3.92661051,0.0,Pan,West Africa,Vito Mannone,4,7290.338867,Las Lomitas Elementary,3,6,7,G,10,-0.5835869
Posterior,HTB3551,-0.5686181129164923,12,19.991222,3.92661051,0.0,Pan,West Africa,Marcell Jansen,4,5741.462891,Los Altos Elementary,4,13,7,G,10,-0.5835869
Premolar,HTB3551,3.6921554728945747,8,19.991222,3.92661051,0.0,Pan,West Africa,Jonathan Pitroipa,5,4402.831543,Somis Union Elementary,1,1,4,G,6,-0.5835869
Anterior,HTB3552,4.688021316409917,12,21.0363609,4.16498874,0.0,Pan,West Africa,Connor Wickham,5,4776.336426,Plumas Elementary,4,1,9,G,13,-0.5835869
Posterior,HTB3552,-0.5921291647644252,12,21.0363609,4.16498874,0.0,Pan,West Africa,Manuel Schmiedebach,3,5993.392578,Wheatland Elementary,3,13,7,G,10,-0.5835869
Premolar,HTB3552,4.852435897395261,8,21.0363609,4.16498874,0.0,Pan,West Africa,Fabrice N'Sakala,4,6384.911133,Sunol Glen Unified,3,3,4,G,6,-0.5835869
Anterior,IPHA.1,0.9883736097041522,9,17.6784056,2.24541074,0.75,Homo sapiens,Afalou,Alexander Esswein,2,5099.380859,Manzanita Elementary,2,1,7,G,10,-0.5835869
Posterior,IPHA.1,5.1625765510096375,11,17.6784056,2.24541074,0.75,Homo sapiens,Afalou, Jesús Gámez,3,5501.95459,Thermalito Union Elementary,3,1,3,wood,5,-0.5835869
Premolar,IPHA.1,0.6752682159091213,8,17.6784056,2.24541074,0.75,Homo sapiens,Afalou,Pavel Pogrebnyak,1,7101.831055,Golden Feather Union Elementary,2,2,4,G,6,0.7566829
Anterior,IPHA.10b,1.2203479726231934,12,26.0065524,3.66420581,0.5,Homo sapiens,Afalou,Cristian Molinaro,3,5235.987793,Palermo Union Elementary,4,1,4,L,6,0.7566829
Posterior,IPHA.10b,1.7898691700755736,11,26.0065524,3.66420581,0.5,Homo sapiens,Afalou,Andy Marshall,4,5580.146973,Burrel Union Elementary,3,3,3,Q,5,0.7566829
Premolar,IPHA.10b,8.625045417000441,8,26.0065524,3.66420581,0.5,Homo sapiens,Afalou, Puyol,3,5253.331055,Holt Union Elementary,4,1,3,Q,5,0.7566829
Anterior,IPHA.12,2.9701595832292957,12,25.9695385,3.35489121,0.75,Homo sapiens,Afalou,Kyle Walker,3,4565.746094,Vineland Elementary,4,1,3,wood,5,0.7566829
Posterior,IPHA.12,-0.8163774859586337,12,25.9695385,3.35489121,0.75,Homo sapiens,Afalou,Thomas Kahlenberg,4,5355.54834,Orange Center Elementary,2,1,3,G,5,0.8808186
Premolar,IPHA.12,3.2561445950536108,8,25.9695385,3.35489121,0.75,Homo sapiens,Afalou,Atsuto Uchida,3,5036.211426,Del Paso Heights Elementary,4,1,4,L,6,0.8808186
Anterior,IPHA.13,0.02285831521941717,12,25.6734266,3.6064238,0.75,Homo sapiens,Afalou,Juan Arango,5,4547.692383,Le Grand Union Elementary,1,1,4,wood,6,0.8808186
Posterior,IPHA.13,-0.28792085459889427,12,25.6734266,3.6064238,0.75,Homo sapiens,Afalou,Yannik Schulze,4,5447.345215,West Fresno Elementary,2,2,7,G,10,0.8808186
Premolar,IPHA.13,3.1094097389114355,8,25.6734266,3.6064238,0.75,Homo sapiens,Afalou,Manuel Friedrich,2,6567.149414,Allensworth Elementary,4,1,7,G,10,-0.5665014
Anterior,IPHA.14,0.9774628802844836,12,22.6752937,3.08917899,0.5,Homo sapiens,Afalou,Benjamin Uphoff,4,4818.612793,Sunnyside Union Elementary,3,1,7,G,10,-0.5665014
Posterior,IPHA.14,1.5787469157383365,12,22.6752937,3.08917899,0.5,Homo sapiens,Afalou,Marco Caligiuri,4,5621.456055,Woodville Elementary,2,6,7,G,10,-0.5665014
Premolar,IPHA.14,0.9359171069404291,8,22.6752937,3.08917899,0.5,Homo sapiens,Afalou,Alassane Pléa,1,6026.359863,Pixley Union Elementary,4,1,4,G,6,0.3394037
Anterior,IPHA.15,1.7196769109927947,6,26.6357902,3.46891175,0.75,Homo sapiens,Afalou,Chris Smalling,3,6723.237793,Lost Hills Union Elementary,1,5,3,G,5,-0.1513687
Posterior,IPHA.15,1.9344050977852192,5,26.6357902,3.46891175,0.75,Homo sapiens,Afalou,Bănel Nicoliţă,2,5589.885254,Buttonwillow Union Elementary,3,1,3,G,5,-1.024997
Premolar,IPHA.15,-3.8039707097940765,2,26.6357902,3.46891175,0.75,Homo sapiens,Afalou,Diego Lugano,2,5064.615723,Lennox Elementary,4,1,7,G,10,-1.024997
Anterior,IPHA.2,2.5213948855369726,12,20.0102867,2.63528098,0.75,Homo sapiens,Afalou, Iker Casillas,4,5433.593262,Lamont Elementary,4,1,7,G,10,-1.024997
Posterior,IPHA.2,-1.483901470118816,12,20.0102867,2.63528098,0.75,Homo sapiens,Afalou,Danny Guthrie,2,5725.563477,Westmorland Union Elementary,1,7,7,G,10,-1.024997
Premolar,IPHA.2,-2.602162731300023,8,20.0102867,2.63528098,0.75,Homo sapiens,Afalou, Fernando Torres,3,4542.10498,Pleasant View Elementary,2,3,3,G,5,-1.024997
Anterior,IPHA.22,0.7600280544817265,10,17.3452797,2.19049743,0.25,Homo sapiens,Afalou,Sotirios Kyrgiakos,4,5107.086426,Wasco Union Elementary,1,1,3,G,5,-0.0252444
Posterior,IPHA.22,1.105973635972376,10,17.3452797,2.19049743,0.25,Homo sapiens,Afalou, Pedro,1,4659.661621,Alta Vista Elementary,4,1,7,L,10,-0.0252444
Premolar,IPHA.22,-0.7829511877861293,7,17.3452797,2.19049743,0.25,Homo sapiens,Afalou,Francis Coquelin,2,4555.464355,Livingston Union Elementary,3,1,4,G,6,-0.0252444
Anterior,IPHA.25,2.9209526628724536,6,29.3007972,3.92784897,0.75,Homo sapiens,Afalou,Richard Dunne,3,5415.152832,Woodlake Union Elementary,2,1,7,wood,10,-0.7467875
Posterior,IPHA.25,-2.358909004852734,10,29.3007972,3.92784897,0.75,Homo sapiens,Afalou,Emre Belözoğlu,2,4997.871582,Alisal Union Elementary,2,1,7,G,10,-0.7467875
Premolar,IPHA.25,-0.08674051947172012,8,29.3007972,3.92784897,0.75,Homo sapiens,Afalou,Alexander Madlung,2,5223.912109,Arvin Union Elementary,4,1,7,G,10,0.9889485
Anterior,IPHA.28,-0.5190269123557736,12,27.3390559,3.89582582,0.75,Homo sapiens,Afalou, Muniain,2,5139.164551,Terra Bella Union Elementary,3,12,7,G,10,0.9889485
Posterior,IPHA.28,0.7887546984942024,12,27.3390559,3.89582582,0.75,Homo sapiens,Afalou, Miranda,4,4614.251953,Tipton Elementary,3,3,7,wood,10,0.9889485
Premolar,IPHA.28,1.5794475183074184,8,27.3390559,3.89582582,0.75,Homo sapiens,Afalou,Emiliano Armenteros,3,5342.233398,San Ysidro Elementary,2,5,9,G,13,-0.5324199
Anterior,IPHA.29,-1.5467618679792137,12,18.6777832,2.41143228,0.25,Homo sapiens,Afalou,Fabio Borini,4,5347.458496,Soledad Unified,1,1,9,L,13,-0.5324199
Posterior,IPHA.29,2.661602817953582,12,18.6777832,2.41143228,0.25,Homo sapiens,Afalou,Fabrice Abriel,3,5036.458984,Mountain View Elementary,4,12,4,L,6,-0.5324199
Premolar,IPHA.29,1.0550055093992572,8,18.6777832,2.41143228,0.25,Homo sapiens,Afalou,Javier Hernández,2,5117.141602,King City Union Elementary,1,9,7,G,10,-0.7668921
Anterior,IPHA.3,-3.694591825612604,6,27.3390559,3.89582582,0.25,Homo sapiens,Afalou,Sam Mantom,2,5117.039551,Ontario-Montclair Elementary,4,2,3,G,5,-0.7668921
Posterior,IPHA.3,-3.856508000526829,6,27.3390559,3.89582582,0.25,Homo sapiens,Afalou,Serdar Taşçı,4,5272.191895,Los Nietos Elementary,4,1,3,G,5,-0.7668921
Premolar,IPHA.3,0.8720096200715418,4,27.3390559,3.89582582,0.25,Homo sapiens,Afalou,Mitchell Langerak,2,5225.719238,Winton Elementary,1,2,3,G,5,-0.7668921
Anterior,IPHA.30,0.36509394369851944,12,21.6759161,2.91816725,0.5,Homo sapiens,Afalou,Michael Dawson,5,6516.533203,Raisin City Elementary,3,2,7,G,10,-0.7668921
Posterior,IPHA.30,0.650677862211855,12,21.6759161,2.91816725,0.5,Homo sapiens,Afalou,Marc Ziegler,2,4559.176758,Ravenswood City Elementary,2,2,4,G,6,-0.7668921
Premolar,IPHA.30,0.8339555662345355,8,21.6759161,2.91816725,0.5,Homo sapiens,Afalou,Landry N'Guémo,4,5119.158203,Richland-Lerdo Union Elementary,4,1,3,G,5,-0.7668921
Anterior,IPHA.34,1.4499430148315091,12,21.0096643,2.80466038,0.25,Homo sapiens,Afalou,Fernando Gago,1,5338.185547,Oxnard Elementary,3,1,3,G,5,-0.7668921
Posterior,IPHA.34,3.204278454065994,10,21.0096643,2.80466038,0.25,Homo sapiens,Afalou,Lewis Holtby,4,5090.044922,El Nido Elementary,1,1,7,G,10,-0.7668921
Premolar,IPHA.34,-1.7975179253913633,8,21.0096643,2.80466038,0.25,Homo sapiens,Afalou, Luiz Gustavo,4,5485.496094,Fairfax Elementary,4,1,9,G,13,-0.7668921
Anterior,IPHA.36,-1.94539509967284,12,48.8,10.5,0.75,Homo sapiens,Afalou,Matthew Briggs,4,4793.370117,Delano Union Elementary,4,1,4,G,6,1.154256
Posterior,IPHA.36,-1.7543184296835321,5,48.8,10.5,0.75,Homo sapiens,Afalou,Robert Huth,3,5092.91748,Perris Elementary,2,2,7,G,10,1.154256
Premolar,IPHA.36,1.6038700369894032,7,48.8,10.5,0.75,Homo sapiens,Afalou,Bryan Rabello,3,4359.520996,Valle Lindo Elementary,4,2,3,G,5,1.154256
Anterior,IPHA.45,3.9265709351846603,6,18.0115315,2.30054789,0.5,Homo sapiens,Afalou,Anthony Lippini,3,5645.495605,Alum Rock Union Elementary,4,1,3,G,5,1.154256
Posterior,IPHA.45,-0.146010466719958,6,18.0115315,2.30054789,0.5,Homo sapiens,Afalou,Franck Ohandza,3,4518.016113,Edison Elementary,3,1,4,G,6,1.232602
Premolar,IPHA.45,-5.176003663262358,4,18.0115315,2.30054789,0.5,Homo sapiens,Afalou, Raúl García,3,5864.366211,Bakersfield City Elementary,2,3,3,G,5,1.232602
Anterior,IPHA.46,-3.237954288596132,12,20.0102867,2.63528098,0.5,Homo sapiens,Afalou,Christian Träsch,3,5257.996582,Franklin-McKinley Elementary,2,1,7,G,10,1.232602
Posterior,IPHA.46,-1.1219442232828676,7,20.0102867,2.63528098,0.5,Homo sapiens,Afalou, Markel Bergara,2,5016.692383,Hawthorne Elementary,4,4,3,G,5,1.232602
Premolar,IPHA.46,-0.45307684417436467,6,20.0102867,2.63528098,0.5,Homo sapiens,Afalou, Alberto Botía,3,4720.086426,Chowchilla Elementary,2,6,9,G,13,1.774334
Anterior,IPHA.47,-0.09025088844629625,9,26.6728042,3.77992193,0.75,Homo sapiens,Afalou, Ansotegi,2,5470.5625,Salinas City Elementary,3,2,3,G,5,1.774334
Posterior,IPHA.47,0.995673473474804,12,26.6728042,3.77992193,0.75,Homo sapiens,Afalou,Samuel Bouhours,5,5615.441895,Santa Maria-Bonita Elementary,3,2,7,G,10,1.774334
Premolar,IPHA.47,0.14454402559986645,8,26.6728042,3.77992193,0.75,Homo sapiens,Afalou, Rubén Pardo,4,5245.439941,Whittier City Elementary,1,5,7,L,10,1.774334
Anterior,IPHA.48,3.4513368938382003,11,18.3446573,2.35589319,0.75,Homo sapiens,Afalou,Jon Walters,4,4838.175293,Eastside Union Elementary,2,1,4,G,6,1.774334
Posterior,IPHA.48,-0.7404615608665683,11,18.3446573,2.35589319,0.75,Homo sapiens,Afalou, Nenê,2,5367.988281,Lawndale Elementary,4,3,9,wood,13,1.774334
Premolar,IPHA.48,-1.193083731584531,8,18.3446573,2.35589319,0.75,Homo sapiens,Afalou,Max Gradel,4,5526.236816,Robla Elementary,3,2,7,G,10,1.774334
Anterior,IPHA.49,2.0653799401878965,12,27.3390559,3.89582582,0.75,Homo sapiens,Afalou,Joe Allen,2,4353.019531,Santa Rita Union Elementary,3,3,4,G,6,1.773151
Posterior,IPHA.49,-2.8289417613989762,12,27.3390559,3.89582582,0.75,Homo sapiens,Afalou,Luka Modrić,4,5034.290039,Rio Elementary,2,3,7,G,10,1.773151
Premolar,IPHA.49,1.8487055520199527,8,27.3390559,3.89582582,0.75,Homo sapiens,Afalou, Trashorras,5,4692.493652,Strathmore Union Elementary,1,5,3,G,5,0.7245926
Anterior,IPHA.5,1.1510952200450086,12,26.0065524,3.66420581,0.75,Homo sapiens,Afalou,Ryan Shotton,2,5606.781738,North Sacramento Elementary,2,1,4,G,6,-1.181626
Posterior,IPHA.5,0.5437243806487297,10,26.0065524,3.66420581,0.75,Homo sapiens,Afalou, José Enrique,2,4969.180664,Anaheim Elementary,1,2,4,G,6,-1.181626
Premolar,IPHA.5,4.76069680216346,8,26.0065524,3.66420581,0.75,Homo sapiens,Afalou,Jonas Hofmann,2,4675.674805,Lemoore Union Elementary,2,1,3,G,5,-1.181626
Anterior,IPHA.7,-0.6097291382034442,4,26.6728042,3.77992193,0.25,Homo sapiens,Afalou,David Hoilett,3,5306.132813,Armona Union Elementary,3,7,3,G,5,-1.181626
Posterior,IPHA.7,5.907486395223717,9,26.6728042,3.77992193,0.25,Homo sapiens,Afalou,Patrice Evra,4,5693.883301,Beardsley Elementary,1,1,3,G,5,-1.181626
Premolar,IPHA.7,0.35424822296494995,6,26.6728042,3.77992193,0.25,Homo sapiens,Afalou,Mahamadou Diarra,2,5181.57959,South Whittier Elementary,2,1,3,G,5,-1.181626
Anterior,IPHA.9,-2.20060423607739,6,26.6357902,3.46891175,0.75,Homo sapiens,Afalou,Ragnar Klavan,4,5228.650879,Hanford Elementary,3,1,4,G,6,1.769452
Posterior,IPHA.9,1.0718110532649423,5,26.6357902,3.46891175,0.75,Homo sapiens,Afalou,Ziri Hammar,5,5339.391113,National Elementary,1,1,4,G,6,1.769452
Premolar,IPHA.9,-1.712825397296242,4,26.6357902,3.46891175,0.75,Homo sapiens,Afalou, Fran Miranda,4,6056.49707,Roseland Elementary,4,1,7,G,10,-0.5872612
Anterior,MH10285,-0.924470272852802,12,38.2372609,8.82500633,0.75,Homo sapiens,Ona,Javier Mascherano,3,4845.680176,Di Giorgio Elementary,3,15,7,G,10,-0.0018324
Posterior,MH10285,1.8665421428205136,12,38.2372609,8.82500633,0.75,Homo sapiens,Ona, Jesús Rueda,2,4826.666016,Keppel Union Elementary,1,1,7,G,10,-0.0018324
Premolar,MH10285,2.251740452193035,8,38.2372609,8.82500633,0.75,Homo sapiens,Ona,Javier Pastore,4,5367.090332,Lakeside Union Elementary,3,1,7,G,10,-0.0566766
Anterior,MH10289,-0.6096325766180615,12,28.0348116,6.06203036,0.75,Homo sapiens,Fuegian,Daniel Williams,5,5742.73291,Merced City Elementary,4,1,4,G,6,-0.0566766
Posterior,MH10289,3.3008655366819193,12,28.0348116,6.06203036,0.75,Homo sapiens,Fuegian,Gabriel Torje,1,4136.250977,Guadalupe Union Elementary,4,5,3,G,5,-0.0566766
Premolar,MH10289,3.7141341557737375,8,28.0348116,6.06203036,0.75,Homo sapiens,Fuegian,James Collins,5,5267.831055,Cucamonga Elementary,1,1,3,G,5,-0.0566766
Anterior,MH10291,4.3914712570310686,12,36.6263478,8.38792417,0.75,Homo sapiens,Yaghan,Ömer Toprak,4,5238.39209,Knightsen Elementary,4,1,7,G,10,-0.0566766
Posterior,MH10291,2.1881629757044765,12,36.6263478,8.38792417,0.75,Homo sapiens,Yaghan,Kalilou Traoré,2,5462.899414,Rio Dell Elementary,3,2,7,G,10,-0.0566766
Premolar,MH10291,4.214424344384614,8,36.6263478,8.38792417,0.75,Homo sapiens,Yaghan,Boaz Myhill,2,6313.373535,Montague Elementary,3,3,7,G,10,1.231394
Anterior,MH11150,-3.667507900782269,6,17.1850548,2.392161,0.25,Homo sapiens,Buriat, Júlio César,2,6653.030762,McCloud Union Elementary,4,1,3,G,5,1.231394
Posterior,MH11150,0.12957761996108308,6,17.1850548,2.392161,0.25,Homo sapiens,Buriat,Carl Jenkinson,4,5533.149414,Santa Paula Elementary,3,1,3,G,5,1.231394
Premolar,MH11150,-1.2044716383410596,4,17.1850548,2.392161,0.25,Homo sapiens,Buriat, Moisés,3,6118.710449,West Park Elementary,2,2,7,G,10,1.231394
Anterior,MH12316,1.191601913302859,12,47.0491348,18.8440476,0.75,Homo sapiens,Chucki, Iker Casillas,2,5098.626953,Atwater Elementary,4,1,4,G,6,1.231394
Posterior,MH12316,-0.48641073856087913,12,47.0491348,18.8440476,0.75,Homo sapiens,Chucki,Romain Danzé,4,5652.878906,Weaver Union Elementary,2,1,7,G,10,0.4203998
Premolar,MH12316,0.498254957489128,8,47.0491348,18.8440476,0.75,Homo sapiens,Chucki,David Abraham,4,5329.002441,Pacific Union Elementary,4,2,7,G,10,0.4203998
Anterior,MH12317,5.474731336783883,12,41.1,10.0,0.25,Homo sapiens,Chucki,Daniel Agger,2,5929.809082,Lucerne Valley Unified,2,4,7,G,10,0.4203998
Posterior,MH12317,0.489601098623536,11,41.1,10.0,0.25,Homo sapiens,Chucki,Martin Amedick,1,4897.067871,Romoland Elementary,2,1,7,wood,10,0.2899157
Premolar,MH12317,1.9072586007514833,8,41.1,10.0,0.25,Homo sapiens,Chucki,Samuel Bouhours,3,5100.202148,El Monte City Elementary,1,1,7,G,10,-0.7377322
Anterior,MH12318,0.33763541812093245,6,37.551766,16.4384771,0.25,Homo sapiens,Chucki, Pepe Reina,2,4825.722656,Greenfield Union Elementary,2,1,9,L,13,-0.5719836
Posterior,MH12318,1.0858870114982675,6,37.551766,16.4384771,0.25,Homo sapiens,Chucki,Philipp Lahm,5,4079.12915,Palo Verde Union Elementary,1,1,9,Q,13,-0.6779634
Premolar,MH12318,0.9165573331248483,4,37.551766,16.4384771,0.25,Homo sapiens,Chucki,Mevlüt Erdinç,4,5349.367676,Elverta Joint Elementary,3,1,4,Q,6,1.509794
Anterior,MH12319,1.9911543615795269,6,51.7415106,23.8192059,0.5,Homo sapiens,Chucki,Yohan Cabaye,2,5869.38916,Lucerne Elementary,2,3,7,wood,10,0.5885687
Posterior,MH12319,3.7330839133996827,6,51.7415106,23.8192059,0.5,Homo sapiens,Chucki,Abdoulaye Sané,4,6462.12793,Luther Burbank Elementary,2,2,3,G,5,-0.126001
Premolar,MH12319,4.9043252187075534,4,51.7415106,23.8192059,0.5,Homo sapiens,Chucki,Soufian Benyamina,4,6231.601563,Bangor Union Elementary,2,1,3,L,5,-0.2581899
Anterior,MH12320,1.6541695090001356,12,40.7050426,18.0781611,0.75,Homo sapiens,Chucki,Cédric Barbosa,5,4993.867676,Bayshore Elementary,3,8,3,wood,5,0.1496926
Posterior,MH12320,2.3342587901994865,12,40.7050426,18.0781611,0.75,Homo sapiens,Chucki,Russell Martin,3,4663.811035,Oak Valley Union Elementary,4,1,7,G,10,0.540917
Premolar,MH12320,-1.8941149036340919,8,40.7050426,18.0781611,0.75,Homo sapiens,Chucki,Milan Badelj,4,6107.106445,Wilsona Elementary,3,1,4,G,6,0.2316134
Anterior,MH12321,0.6884408772683668,6,71.2242553,31.4169538,0.75,Homo sapiens,Chucki, Paulo Ferreira,4,5324.228027,Brawley Elementary,3,1,3,G,5,-0.0666737
Posterior,MH12321,3.1863967949151535,6,71.2242553,31.4169538,0.75,Homo sapiens,Chucki,Yunus Malli,4,5221.460938,Meadows Union Elementary,4,1,3,G,5,0.2168924
Premolar,MH12321,3.0058324591509002,4,71.2242553,31.4169538,0.75,Homo sapiens,Chucki,Christian Gentner,3,5157.784668,Little Lake City Elementary,2,1,7,G,10,-0.2586962
Anterior,MH12322,1.4160508762127932,6,59.6247021,27.9211585,0.75,Homo sapiens,Chucki,Ashley Young,2,5131.119141,Pond Union Elementary,3,3,9,G,13,0.5502878
Posterior,MH12322,3.0554562957215445,6,59.6247021,27.9211585,0.75,Homo sapiens,Chucki, Cesc Fàbregas,2,5279.354004,Taft City Elementary,1,1,4,G,6,-0.0620358
Premolar,MH12322,2.0942698409070566,4,59.6247021,27.9211585,0.75,Homo sapiens,Chucki,Carlos Zambrano,2,4704.043945,Brittan Elementary,1,1,7,G,10,-0.9823852
Anterior,MH12323,3.8181141992505765,6,51.9,12.5,0.25,Homo sapiens,Chucki,Giorgios Karagounis,2,6089.910645,Arena Union Elementary,1,4,3,G,5,-0.054344
Posterior,MH12323,1.6049450771702567,6,51.9,12.5,0.25,Homo sapiens,Chucki, Javi Fuego,2,5356.833496,Adelanto Elementary,2,4,3,G,5,-0.0680143
Premolar,MH12323,0.037761562204718935,4,51.9,12.5,0.25,Homo sapiens,Chucki, Romaric,4,5144.549316,Hollister School District,2,1,4,G,6,0.0294137
Anterior,MH12324,1.717874519779034,11,39.1284043,17.258272,0.5,Homo sapiens,Chucki,Mamadou Sakho,4,4906.22998,Palmdale Elementary,1,9,3,G,5,0.2394859
Posterior,MH12324,-6.218013822595867,12,39.1284043,17.258272,0.5,Homo sapiens,Chucki,Koen Casteels,4,5489.588867,Oroville City Elementary,3,1,7,L,10,-0.8487269
Premolar,MH12324,1.832170277610338,8,39.1284043,17.258272,0.5,Homo sapiens,Chucki,Manuel Iturra,3,5718.55127,Standard Elementary,4,1,3,G,5,-0.7330914
Anterior,MH12326,-7.961971979020725,6,50.1648723,22.9989102,0.75,Homo sapiens,Chucki,Thomas Vermaelen,4,4436.152832,Briggs Elementary,2,1,9,wood,13,-0.1111221
Posterior,MH12326,-3.2852584717576683,6,50.1648723,22.9989102,0.75,Homo sapiens,Chucki,Yann M'Vila,5,4895.439453,Monroe Elementary,2,1,3,G,5,1.775517
Premolar,MH12326,1.9995229467803775,4,50.1648723,22.9989102,0.75,Homo sapiens,Chucki,Radoslav Zabavník,2,5159.21875,Lancaster Elementary,2,3,7,G,10,-0.3218485
Anterior,MH12327,2.062109310046518,6,28.0919362,11.5228136,0.75,Homo sapiens,Chucki,Nicolas Fauvergue,3,5490.654785,Alview-Dairyland Union Elementary,1,5,7,G,10,0.2116939
Posterior,MH12327,-1.922210593668103,6,28.0919362,11.5228136,0.75,Homo sapiens,Chucki, Granero,5,5172.019531,Magnolia Elementary,2,5,4,wood,6,-0.717645
Premolar,MH12327,-0.8281303440667265,4,28.0919362,11.5228136,0.75,Homo sapiens,Chucki, José Callejón,4,4441.672852,Liberty Elementary,4,2,9,G,13,-0.7326927
Anterior,MH12328,4.2317038008732775,5,35.9751277,15.6187914,0.25,Homo sapiens,Chucki,Fabian Giefer,4,5220.370117,Mt. Pleasant Elementary,3,2,7,L,10,0.4081676
Posterior,MH12328,-0.2740238445980645,6,35.9751277,15.6187914,0.25,Homo sapiens,Chucki,Johan Martial,2,5252.810547,El Centro Elementary,4,2,4,L,6,-0.0102077
Premolar,MH12328,6.35117152780364,4,35.9751277,15.6187914,0.25,Homo sapiens,Chucki,Ciprian Marica,3,5518.702148,South Bay Union Elementary,4,2,7,G,10,-0.923957
Anterior,MH1503,0.8972753231132395,12,15.567015,1.80774282,0.25,Homo sapiens,Tasmanien,Stefan Babović,2,5609.487793,Cascade Union Elementary,1,1,3,G,5,0.5766805
Posterior,MH1503,1.8932739116560215,12,15.567015,1.80774282,0.25,Homo sapiens,Tasmanien,John Terry,4,4945.031738,Kings River Union Elementary,1,6,4,G,6,-0.0836015
Premolar,MH1503,4.830177077437567,8,15.567015,1.80774282,0.25,Homo sapiens,Tasmanien,Adam Hloušek,3,5223.025391,Gerber Union Elementary,1,2,4,G,6,-1.079558
Anterior,MH1505,1.2202733622559208,12,25.9830314,3.44508735,0.75,Homo sapiens,Tasmanien,Nick Powell,3,4757.025391,Exeter Union Elementary,1,1,3,G,5,1.040902
Posterior,MH1505,-1.5332805070047122,12,25.9830314,3.44508735,0.75,Homo sapiens,Tasmanien, Pedrinho,5,5522.161621,American Union Elementary,1,1,3,G,5,-1.052108
Premolar,MH1505,0.6353540240339967,8,25.9830314,3.44508735,0.75,Homo sapiens,Tasmanien,Luis Suárez,5,6087.608887,San Antonio Union Elementary,2,5,3,G,5,-0.7277681
Anterior,MH1507,0.8154224670307616,12,27.7190342,3.7272427,0.5,Homo sapiens,Australian aboriginie,Simon Jentzsch,3,4960.515625,Burton Elementary,4,2,3,G,5,-0.3953965
Posterior,MH1507,-2.4137348554019935,12,27.7190342,3.7272427,0.5,Homo sapiens,Australian aboriginie,Jonathan Mensah,4,4880.040527,Nuview Union Elementary,2,1,4,G,6,0.9333959
Premolar,MH1507,0.2803891393192224,8,27.7190342,3.7272427,0.5,Homo sapiens,Australian aboriginie,Hrvoje Čale,3,6538.417969,Bellevue Union Elementary,4,5,4,G,6,-0.2377786
Anterior,MH1509,-0.9012348900225231,12,19.9070219,2.47259539,0.25,Homo sapiens,Australian aboriginie,Andreas Ivanschitz,4,4925.659668,Garvey Elementary,3,4,7,G,10,0.274908
Posterior,MH1509,3.1476903063773056,12,19.9070219,2.47259539,0.25,Homo sapiens,Australian aboriginie,Yaya Banana,4,5204.6875,Corning Union Elementary,4,1,7,G,10,1.970023
Premolar,MH1509,0.9860300827006803,8,19.9070219,2.47259539,0.25,Homo sapiens,Australian aboriginie, Helder,1,4907.410645,Jefferson Elementary,4,1,7,G,10,1.05095
Anterior,MH1511,0.21488019916857282,6,21.6430246,2.74721254,0.75,Homo sapiens,Australian aboriginie,Julian Riedel,3,5923.45166,Big Springs Union Elementary,4,1,7,G,10,0.2418185
Posterior,MH1511,0.6439679575394495,6,21.6430246,2.74721254,0.75,Homo sapiens,Australian aboriginie,Jean-Pascal Mignot,4,4741.957031,General Shafter Elementary,3,6,4,G,6,1.349395
Premolar,MH1511,1.4440202665348758,4,21.6430246,2.74721254,0.75,Homo sapiens,Australian aboriginie, Juan Carlos,5,4954.019531,Turlock Joint Elementary,2,3,3,G,5,0.1115635
Anterior,MH1525,2.40050542135429,12,42.5600492,5.94066321,0.25,Homo sapiens,Australian aboriginie, Bruno Gama,2,5500.10791,Twain Harte-Long Barn Union Elementary,1,4,3,G,5,-0.2577254
Posterior,MH1525,-1.5268865986180973,11,42.5600492,5.94066321,0.25,Homo sapiens,Australian aboriginie,Benjamin Köhler,4,5360.51709,Redwood City Elementary,2,16,7,G,10,-0.6562689
Premolar,MH1525,-1.6286239562193023,8,42.5600492,5.94066321,0.25,Homo sapiens,Australian aboriginie,Olivier Occéan,4,5685.63916,Camino Union Elementary,2,1,7,G,10,-0.6563948
Anterior,MH1526,3.5857858695550737,6,39.4,9.1,0.5,Homo sapiens,Australian aboriginie,Aleksandar Stevanović,4,5594.196289,Plainsburg Union Elementary,3,1,7,G,10,0.7244775
Posterior,MH1526,-0.09984324984386528,5,39.4,9.1,0.5,Homo sapiens,Australian aboriginie,Salvatore Sirigu,3,4692.566895,Banta Elementary,1,9,3,G,5,0.6318343
Premolar,MH1526,-2.5403141987742384,4,39.4,9.1,0.5,Homo sapiens,Australian aboriginie, Eliseu,3,5085.40625,Washington Colony Elementary,3,1,3,L,5,1.070944
Anterior,MH1670,1.9801939061485472,6,24.2408033,7.76244648,0.75,Homo sapiens,Sami,Philipp Lahm,3,5456.197266,Rio Linda Union Elementary,2,2,7,G,10,-1.450494
Posterior,MH1670,2.0277083692392384,6,24.2408033,7.76244648,0.75,Homo sapiens,Sami,Christian Günter,2,5105.179688,Chatom Union Elementary,1,1,4,wood,6,1.15588
Premolar,MH1670,-2.8169719448699686,4,24.2408033,7.76244648,0.75,Homo sapiens,Sami,Florent Ghisolfi,1,5519.677246,Merced River Union Elementary,4,3,7,G,10,-0.3260148
Anterior,MH1701,1.4594713120820773,12,27.8851639,9.29798279,0.5,Homo sapiens,Sami,Andy Johnson,4,5065.911133,Hueneme Elementary,3,1,7,G,10,0.8846435
Posterior,MH1701,2.689057463176444,12,27.8851639,9.29798279,0.5,Homo sapiens,Sami,Hugo Lloris,4,5182.428223,Cuddeback Union Elementary,2,4,7,G,10,-0.5583452
Premolar,MH1701,1.8115210495882377,8,27.8851639,9.29798279,0.5,Homo sapiens,Sami,Kelvin Davis,4,5960.464355,Blue Lake Union Elementary,2,1,7,G,10,-0.3415543
Anterior,MH1702,2.4373547232787756,12,46.1069672,16.9965704,0.25,Homo sapiens,Sami,Ji-Sung Park,2,5124.836426,Lemon Grove Elementary,1,1,7,G,10,-0.5040575
Posterior,MH1702,-2.509767789248083,12,46.1069672,16.9965704,0.25,Homo sapiens,Sami, David Villa,4,5655.133301,Upper Lake Union Elementary,2,2,9,G,13,-0.9005804
Premolar,MH1702,1.7062101206680884,8,46.1069672,16.9965704,0.25,Homo sapiens,Sami,Immanuel Höhn,2,5811.689941,Peninsula Union Elementary,1,1,9,G,13,0.6430142
Anterior,MH17264,0.16671726252859287,11,27.804026,3.52464829,0.25,Homo sapiens,Australian aboriginie,Simon Pouplin,2,5467.673828,Ocean View Elementary,3,2,4,G,6,0.773524
Posterior,MH17264,-0.2710112990665423,12,27.804026,3.52464829,0.25,Homo sapiens,Australian aboriginie,David Rozehnal,2,5213.089355,Reeds Creek Elementary,2,4,7,G,10,1.063938
Premolar,MH17264,3.0169766217178164,8,27.804026,3.52464829,0.25,Homo sapiens,Australian aboriginie, Adriano,3,4613.1875,Arcohe Union Elementary,2,2,3,G,5,-1.090389
Anterior,MH1860,4.495874654718075,6,38.6447049,11.8783346,0.25,Homo sapiens,Sami,Artjoms Rudņevs,5,4886.983887,New Jerusalem Elementary,4,1,3,G,5,-1.069162
Posterior,MH1860,5.261407282601216,6,38.6447049,11.8783346,0.25,Homo sapiens,Sami, Bosingwa,4,6455.136719,Dunsmuir Elementary,2,1,3,G,5,1.415695
Premolar,MH1860,4.096298777151386,4,38.6447049,11.8783346,0.25,Homo sapiens,Sami,Salomon Kalou,3,5125.433105,Stanislaus Union Elementary,3,1,7,G,10,-1.422919
Anterior,MH1861,0.6353376734837924,6,22.418623,6.99594743,0.5,Homo sapiens,Sami,Oguchi Onyewu,3,5193.692383,Kingsburg Joint Union Elementary,3,1,4,G,6,0.3918222
Posterior,MH1861,1.7588822508830984,6,22.418623,6.99594743,0.5,Homo sapiens,Sami,Sebastian Jung,2,5002.838867,Buena Park Elementary,2,1,3,G,5,-0.4899626
Premolar,MH1861,2.7649553006602874,4,22.418623,6.99594743,0.5,Homo sapiens,Sami, Cuéllar,5,5337.625488,Westminster Elementary,4,2,3,G,5,-0.5835869
Anterior,MH19776,1.1963445611029644,12,38.5020685,6.56320224,0.5,Homo sapiens,Buriat,Chris Gunter,1,5161.202148,Island Union Elementary,2,1,7,G,10,0.7566829
Posterior,MH19776,1.2196345713163197,12,38.5020685,6.56320224,0.5,Homo sapiens,Buriat,Ron-Robert Zieler,1,5158.791992,Tulare City Elementary,3,6,9,G,13,0.8808186
Premolar,MH19776,2.9032688136703912,8,38.5020685,6.56320224,0.5,Homo sapiens,Buriat,Clément Chantôme,4,5123.474121,Chula Vista Elementary,2,1,4,G,6,-0.5665014
Anterior,MH19777,0.7579109607814292,6,21.2454384,3.1661365,0.25,Homo sapiens,Buriat, Edu,2,5782.543945,Black Butte Union Elementary,1,3,7,G,10,0.3394037
Posterior,MH19777,-0.8698814817645792,6,21.2454384,3.1661365,0.25,Homo sapiens,Buriat,Håvard Nordtveit,5,4842.60791,McSwain Union Elementary,1,1,3,G,5,-0.1513687
Premolar,MH19777,-0.10503318653331584,4,21.2454384,3.1661365,0.25,Homo sapiens,Buriat,Jonas Hofmann,4,4219.40625,Franklin Elementary,1,1,3,G,5,-1.024997
Anterior,MH19782,2.4420410201814855,6,27.3360137,4.35423659,0.25,Homo sapiens,Buriat, Aurtenetxe,5,5081.169922,Escondido Union Elementary,2,2,4,G,6,-0.0252444
Posterior,MH19782,0.9092119321769381,6,27.3360137,4.35423659,0.25,Homo sapiens,Buriat,Gaël Angoula,2,5144.993652,East Whittier City Elementary,1,3,3,G,5,-0.7467875
Premolar,MH19782,1.7284884358341293,4,27.3360137,4.35423659,0.25,Homo sapiens,Buriat,Sebastian Kehl,4,4674.298828,Rio Bravo-Greeley Union Elementary,4,1,7,G,10,0.9889485
Anterior,MH19784,2.529914195152729,12,23.5294041,3.60915514,0.25,Homo sapiens,Buriat,Alex Smith,4,4830.326172,Marcum-Illinois Union Elementary,3,1,3,G,5,-0.5324199
Posterior,MH19784,-0.008747200490772267,13,23.5294041,3.60915514,0.25,Homo sapiens,Buriat,Fabien Audard,2,5621.687988,Vallecitos Elementary,4,1,9,G,13,-0.7668921
Premolar,MH19784,2.7392637785851237,8,23.5294041,3.60915514,0.25,Homo sapiens,Buriat,Alexander Manninger,4,4948.868164,Victor Elementary,3,4,3,G,5,1.154256
Anterior,MH19826,1.8223473834631938,6,25.3499565,5.33816474,0.25,Homo sapiens,Yaghan,Giovani Dos Santos,2,5100.975586,Savanna Elementary,1,10,7,G,10,1.232602
Posterior,MH19826,-2.0980701056430284,6,25.3499565,5.33816474,0.25,Homo sapiens,Yaghan,Mickaël Landreau,4,5132.788574,West Side Union Elementary,4,10,7,wood,10,1.774334
Premolar,MH19826,4.406055782133906,4,25.3499565,5.33816474,0.25,Homo sapiens,Yaghan,Frédéric Sammaritano,2,5358.51709,Enterprise Elementary,3,2,4,G,6,1.773151
Anterior,MH20325,-0.31463241947670073,12,26.8510328,3.58600079,0.75,Homo sapiens,Australian aboriginie,Benedikt Höwedes,2,5149.186523,Red Bluff Union Elementary,3,4,9,L,13,0.7245926
Posterior,MH20325,-3.119156523079938,12,26.8510328,3.58600079,0.75,Homo sapiens,Australian aboriginie,Zdravko Kuzmanović,4,5373.206543,Jamestown Elementary,3,4,7,Q,10,-1.181626
Premolar,MH20325,-1.637020582995549,8,26.8510328,3.58600079,0.75,Homo sapiens,Australian aboriginie,Zoumana Camara,4,6485.166016,Weed Union Elementary,1,1,4,Q,6,1.769452
Anterior,MH20326,-1.5787154988233165,6,32.059041,4.43727895,0.5,Homo sapiens,Australian aboriginie, Pedro,3,5504.025391,South Bay Union Elementary,1,1,7,wood,10,-0.5872612
Posterior,MH20326,1.0286960581339555,6,32.059041,4.43727895,0.5,Homo sapiens,Australian aboriginie, Abdón Prats,2,5105.734375,Brentwood Union Elementary,4,1,3,G,5,-0.0018324
Premolar,MH20326,0.2366128957210466,4,32.059041,4.43727895,0.5,Homo sapiens,Australian aboriginie, Peña,4,5634.730957,Summerville Elementary,3,8,4,L,6,-0.0566766
Anterior,MH20912,0.08359783373617147,6,26.4238986,5.62745765,0.5,Homo sapiens,Ona, Galán,4,4980.294434,Ophir Elementary,2,2,4,wood,6,1.231394
Posterior,MH20912,2.407521321701374,6,26.4238986,5.62745765,0.5,Homo sapiens,Ona, Odaïr Fortes,3,6113.859863,Montgomery Elementary,3,3,3,G,5,0.4203998
Premolar,MH20912,1.7276754785504203,4,26.4238986,5.62745765,0.5,Homo sapiens,Ona,Daniel Williams,4,5850.0,Santa Rosa Elementary,4,1,3,G,5,0.2899157
Anterior,MH20913,1.6697859850078929,6,32.8675507,7.36905252,0.75,Homo sapiens,Yaghan,Radoslav Zabavník,4,4547.944824,Salida Union Elementary,4,1,3,G,5,0.2899157
Posterior,MH20913,1.8976283025297405,6,32.8675507,7.36905252,0.75,Homo sapiens,Yaghan, Gayá,2,5011.840332,Shasta Union Elementary,2,1,3,G,5,0.2899157
Premolar,MH20913,2.398854481858251,4,32.8675507,7.36905252,0.75,Homo sapiens,Yaghan,Sebastian Kehl,2,5261.370605,Fortuna Union Elementary,2,1,4,G,6,-0.7377322
Anterior,MH20914,-4.21938653395406,6,24.2760145,5.04927738,0.25,Homo sapiens,Yaghan,Theo Walcott,5,4276.115234,Rockford  Elementary,3,1,4,G,6,-0.7377322
Posterior,MH20914,0.01652766400011696,6,24.2760145,5.04927738,0.25,Homo sapiens,Yaghan,Tom Huddlestone,2,4566.27002,Plaza Elementary,2,3,7,G,10,-0.5719836
Premolar,MH20914,-4.394936077215556,4,24.2760145,5.04927738,0.25,Homo sapiens,Yaghan,Patrick Owomoyela,4,6049.495117,Monte Rio Union Elementary,4,2,7,G,10,-0.6779634
Anterior,MH22277,0.9895481633056238,6,32.0,8.3,0.5,Homo sapiens,Sami,Saber Khelifa,1,4974.28125,Janesville Union Elementary,2,4,7,G,10,-0.6779634
Posterior,MH22277,0.8906837314687015,5,32.0,8.3,0.5,Homo sapiens,Sami,Stefan Thesker,4,4432.478027,Magnolia Union Elementary,1,1,7,G,10,-0.6779634
Premolar,MH22277,3.442086874912299,4,32.0,8.3,0.5,Homo sapiens,Sami,Craig Gardner,5,4924.619141,Shaffer Union Elementary,4,2,4,G,6,-0.6779634
Anterior,MH22278,3.7873275800405155,6,38.8182459,13.9148037,0.5,Homo sapiens,Sami,Andrés Túñez,4,4603.659668,Fullerton Elementary,1,3,3,G,5,-0.6779634
Posterior,MH22278,1.394586785701681,6,38.8182459,13.9148037,0.5,Homo sapiens,Sami,John Terry,2,5973.925293,Cinnabar Elementary,3,6,3,L,5,-0.6779634
Premolar,MH22278,-0.3137002923093215,4,38.8182459,13.9148037,0.5,Homo sapiens,Sami,Javier Hernández,3,5215.943848,Santa Barbara Elementary,4,1,7,G,10,-0.6779634
Anterior,MH22280,2.080650901945616,6,37.603459,13.4013855,0.75,Homo sapiens,Sami,Karim Haggui,4,4882.236816,Rohnerville Elementary,4,9,7,wood,10,1.509794
Posterior,MH22280,-0.3806496546322553,6,37.603459,13.4013855,0.75,Homo sapiens,Sami, Mario,5,4145.835938,Pleasant Grove Joint Union Elementary,1,7,7,G,10,1.509794
Premolar,MH22280,0.8985561731152965,4,37.603459,13.4013855,0.75,Homo sapiens,Sami,Jonas Hofmann,2,7542.038086,Mountain Union Elementary,2,1,3,G,5,1.509794
Anterior,MH22281,3.297782886617677,6,40.6404262,14.6850608,0.25,Homo sapiens,Sami,Kevin Olimpa,3,5247.018066,South Fork Union Elementary,2,1,3,G,5,1.509794
Posterior,MH22281,-0.45317999816455634,6,40.6404262,14.6850608,0.25,Homo sapiens,Sami,Toni Kroos,2,5169.814941,Jamul-Dulzura Union Elementary,4,18,7,wood,10,1.509794
Premolar,MH22281,2.859356374696769,4,40.6404262,14.6850608,0.25,Homo sapiens,Sami, Camuñas,4,5951.005859,Live Oak Elementary,3,1,4,G,6,0.5885687
Anterior,MH22282,2.5477034874538056,6,35.1738852,12.374796,0.25,Homo sapiens,Sami,Masoud Shojaei,4,4746.572266,Menifee Union Elementary,4,11,7,L,10,0.5885687
Posterior,MH22282,-1.417751317737172,6,35.1738852,12.374796,0.25,Homo sapiens,Sami,Ivica Olić,2,4944.092285,Lakeside Union Elementary,1,1,7,L,10,0.5885687
Premolar,MH22282,3.268040178095121,4,35.1738852,12.374796,0.25,Homo sapiens,Sami,Franck Tabanou,3,6306.487305,Whisman Elementary,4,1,7,G,10,0.5885687
Anterior,MH22283,2.599124335919101,6,46.1069672,16.9965704,0.25,Homo sapiens,Sami,Thomas Kahlenberg,3,4260.306641,McCabe Union Elementary,3,1,7,G,10,0.5885687
Posterior,MH22283,1.149571187619616,6,46.1069672,16.9965704,0.25,Homo sapiens,Sami,Jordan Lotiés,3,4718.163086,Lammersville Elementary,4,2,7,G,10,0.5885687
Premolar,MH22283,-0.9501445503017432,4,46.1069672,16.9965704,0.25,Homo sapiens,Sami,Jens Hegeler,2,4751.299805,Lassen View Union Elementary,4,1,9,G,13,-0.126001
Anterior,MH2283,-1.1855231921199298,6,18.9063043,3.6143239,0.25,Homo sapiens,Fuegian, Adriano,4,5653.453613,Loleta Union Elementary,1,3,9,G,13,-0.126001
Posterior,MH2283,-0.40432523287527977,6,18.9063043,3.6143239,0.25,Homo sapiens,Fuegian,Wojciech Szczęsny,4,5920.253418,Junction Elementary,2,1,4,G,6,-0.126001
Premolar,MH2283,2.2201866864795834,4,18.9063043,3.6143239,0.25,Homo sapiens,Fuegian, Ayoze,2,4825.59082,Rosemead Elementary,1,9,7,G,10,-0.126001
Anterior,MH24592,-1.4197759633879243,9,44.680913,10.5751031,0.25,Homo sapiens,Ona,Gabriel Torje,4,5532.582031,Grass Valley Elementary,2,2,3,G,5,-0.2581899
Posterior,MH24592,1.9648867766828115,9,44.680913,10.5751031,0.25,Homo sapiens,Ona, Rincón,2,3926.06958,Buena Vista Elementary,2,1,3,G,5,-0.2581899
Premolar,MH24592,-2.1149369447504194,6,44.680913,10.5751031,0.25,Homo sapiens,Ona, Álvaro Negredo,3,5805.636719,Kernville Union Elementary,2,1,3,G,5,-0.2581899
Anterior,MH24893,0.40614984562027096,4,24.0333178,2.92732743,0.25,Homo sapiens,Khoi-San,Augusto Fernández,2,4899.239746,Galt Joint Union Elementary,2,6,7,G,10,-0.2581899
Posterior,MH24893,1.1683316601326799,3,24.0333178,2.92732743,0.25,Homo sapiens,Khoi-San, Bruno Gama,3,4884.862305,Southside Elementary,4,2,4,G,6,-0.2581899
Premolar,MH24893,6.8424454526840135,2,24.0333178,2.92732743,0.25,Homo sapiens,Khoi-San,Jason Puncheon,3,5139.9375,Lakeside Union Elementary,2,1,3,G,5,-0.2581899
Anterior,MH24894,-2.444283715864173,6,58.6886885,20.3446194,0.75,Homo sapiens,Sami,Slobodan Rajković,5,5249.364746,Nuestro Elementary,3,1,3,G,5,0.1496926
Posterior,MH24894,4.478236435908991,4,58.6886885,20.3446194,0.75,Homo sapiens,Sami,Damien Perquis,3,5399.070313,Alvina Elementary,1,1,7,G,10,0.1496926
Premolar,MH24894,1.2659856061837966,4,58.6886885,20.3446194,0.75,Homo sapiens,Sami,Lasse Sobiech,4,4965.290039,Oakley Union Elementary,1,2,9,G,13,0.1496926
Anterior,MH24934A,1.9008922743954455,6,30.3813014,4.9541643,0.25,Homo sapiens,Buriat,Héctor Moreno,2,6210.323242,Etna Union Elementary,1,1,4,G,6,0.1496926
Posterior,MH24934A,1.1894689169692712,6,30.3813014,4.9541643,0.25,Homo sapiens,Buriat,Alexis Sánchez,4,4797.503418,Jefferson Elementary,4,1,7,G,10,0.1496926
Premolar,MH24934A,1.9824147567273922,4,30.3813014,4.9541643,0.25,Homo sapiens,Buriat,Christian Nørgaard,2,5397.161621,Berryessa Union Elementary,1,1,3,G,5,0.1496926
Anterior,MH24934B,0.5285577902853243,6,40.0,10.0,0.75,Homo sapiens,Buriat,Tomáš Pekhart,2,5078.5,Kit Carson Union Elementary,2,1,3,G,5,0.540917
Posterior,MH24934B,4.434591506148916,6,40.0,10.0,0.75,Homo sapiens,Buriat,Benoît Assou-Ekotto,4,4733.746582,Sylvan Union Elementary,2,2,4,G,6,0.540917
Premolar,MH24934B,-0.20706858479526846,4,40.0,10.0,0.75,Homo sapiens,Buriat,Jérémy Toulalan,4,4963.060059,Oak View Union Elementary,2,1,3,L,5,0.540917
Anterior,MH24934C,3.652732308792829,6,55.0,15.0,0.75,Homo sapiens,Buriat, Xavi,3,5431.177246,Auburn Union Elementary,4,3,7,G,10,0.540917
Posterior,MH24934C,-0.6635666313075139,6,55.0,15.0,0.75,Homo sapiens,Buriat,Jean Makoun,5,5382.088867,North County Joint Union Elementary,4,9,3,wood,5,0.540917
Premolar,MH24934C,0.7555562638503148,4,55.0,15.0,0.75,Homo sapiens,Buriat,Morgan Amalfitano,2,5724.441895,Pioneer Union Elementary,1,5,9,G,13,0.540917
Anterior,MH2896,-1.7024205951249922,12,22.1568264,2.64926405,0.5,Homo sapiens,Khoi-San, Ballesteros,3,4843.427246,Central Elementary,1,1,3,G,5,0.540917
Posterior,MH2896,2.0074313420636285,12,22.1568264,2.64926405,0.5,Homo sapiens,Khoi-San,Brett Holman,1,5730.349121,Pacheco Union Elementary,3,1,7,G,10,0.540917
Premolar,MH2896,4.412909875961916,8,22.1568264,2.64926405,0.5,Homo sapiens,Khoi-San,Martin Amedick,2,5635.786133,Chicago Park Elementary,1,2,7,G,10,0.540917
Anterior,MH3337,0.7140008513309287,6,33.4930246,3.38309356,0.75,Homo sapiens,Australian aboriginie,Guillermo Ochoa,3,5671.657227,Brisbane Elementary,2,2,4,G,6,0.2316134
Posterior,MH3337,0.42360084896972366,6,33.4930246,3.38309356,0.75,Homo sapiens,Australian aboriginie,Ali Al Habsi,4,7070.633301,Central Union Elementary,3,3,9,G,13,0.2316134
Premolar,MH3337,-1.8060505695974995,4,33.4930246,3.38309356,0.75,Homo sapiens,Australian aboriginie,Thierry Doubaï,5,5097.343262,Happy Valley Union Elementary,4,1,7,G,10,-0.0666737
Anterior,MH3616,0.3448673289787174,12,33.7950437,4.72264949,0.75,Homo sapiens,Australian aboriginie, Ángel,3,5482.677246,Mark Twain Union Elementary,4,6,4,G,6,-0.0666737
Posterior,MH3616,-2.967794458261018,12,33.7950437,4.72264949,0.75,Homo sapiens,Australian aboriginie,Roy Contout,5,5642.832031,San Rafael City Elementary,3,1,7,G,10,-0.0666737
Premolar,MH3616,-1.3159206020750533,8,33.7950437,4.72264949,0.75,Homo sapiens,Australian aboriginie,Stephen Warnock,3,5280.023438,Cajon Valley Union Elementary,1,1,3,G,5,-0.0666737
Anterior,MH3619,1.4529221149112157,12,22.0770253,2.81636112,0.75,Homo sapiens,Tasmanien,Edouard Butin,4,5433.339844,Campbell Union Elementary,2,3,4,G,6,0.2168924
Posterior,MH3619,4.106515724062308,12,22.0770253,2.81636112,0.75,Homo sapiens,Tasmanien,Robert Lewandowski,4,4529.283691,Browns Elementary,3,1,4,G,6,0.2168924
Premolar,MH3619,7.726988800834273,8,22.0770253,2.81636112,0.75,Homo sapiens,Tasmanien,Cristian Săpunaru,4,6039.98584,Clear Creek Elementary,1,2,3,G,5,0.2168924
Anterior,MH3638,-0.5231837091765839,12,26.8510328,3.58600079,0.25,Homo sapiens,Tasmanien,Yohan Cabaye,2,6168.229492,Trinidad Union Elementary,2,1,3,G,5,0.2168924
Posterior,MH3638,4.389037844588461,12,26.8510328,3.58600079,0.25,Homo sapiens,Tasmanien,Mathieu Bodmer,4,5774.970215,Guerneville Elementary,4,1,3,G,5,0.2168924
Premolar,MH3638,1.4941424979985714,8,26.8510328,3.58600079,0.25,Homo sapiens,Tasmanien,Yoan Gouffran,3,4806.761719,San Bruno Park Elementary,4,5,3,G,5,0.2168924
Anterior,MH4459,0.5344796554777231,12,36.0500389,4.86831607,0.75,Homo sapiens,Australian aboriginie,Shaun Cummings,4,4840.936035,Antelope Elementary,2,1,4,G,6,-0.2586962
Posterior,MH4459,1.95293886420987,12,36.0500389,4.86831607,0.75,Homo sapiens,Australian aboriginie,Dong-Won Ji,2,4954.466309,Centralia Elementary,3,2,4,G,6,-0.2586962
Premolar,MH4459,1.0523673250474137,8,36.0500389,4.86831607,0.75,Homo sapiens,Australian aboriginie, Movilla,5,4023.531738,Etiwanda Elementary,1,1,7,G,10,-0.2586962
Anterior,MH4460,1.170148874769633,12,32.059041,4.43727895,0.25,Homo sapiens,Australian aboriginie, Álvaro Rubio,4,5179.411133,Wiseburn Elementary,1,5,7,G,10,0.5502878
Posterior,MH4460,-0.09011613620944892,12,32.059041,4.43727895,0.25,Homo sapiens,Australian aboriginie, Miguel Flaño,2,4385.229492,Scotia Union Elementary,3,1,7,G,10,0.5502878
Premolar,MH4460,-2.4948032774586473,8,32.059041,4.43727895,0.25,Homo sapiens,Australian aboriginie,Laurent Pionnier,2,4777.512695,Mountain View Elementary,4,1,7,G,10,0.5502878
Anterior,MH4665,-2.848336984824793,12,23.813028,3.09453499,0.25,Homo sapiens,Australian aboriginie,John Utaka,1,4862.790527,Pleasant Valley Joint Union Elementary,1,1,4,G,6,-0.0620358
Posterior,MH4665,2.4890146925354717,12,23.813028,3.09453499,0.25,Homo sapiens,Australian aboriginie, Llorente,2,5486.029785,Oak Grove Elementary,4,3,3,G,5,-0.0620358
Premolar,MH4665,0.2296897576985304,8,23.813028,3.09453499,0.25,Homo sapiens,Australian aboriginie,Brede Hangeland,2,5486.382324,Pollock Pines Elementary,3,1,3,G,5,-0.0620358
Anterior,MH4763,-0.5462734681230907,12,22.0770253,2.81636112,0.25,Homo sapiens,Australian aboriginie,Rickie Lambert,1,4631.243652,Castaic Union Elementary,3,6,7,G,10,-0.0620358
Posterior,MH4763,0.9226042913524031,13,22.0770253,2.81636112,0.25,Homo sapiens,Australian aboriginie,Anthony Modeste,2,5189.62793,Bishop Union Elementary,2,6,7,G,10,-0.0620358
Premolar,MH4763,2.833247756140781,8,22.0770253,2.81636112,0.25,Homo sapiens,Australian aboriginie,Robert Tesche,3,4600.606445,Buellton Union Elementary,3,4,7,G,10,-0.9823852
Anterior,MH4765,1.3401384362784217,6,25.2000219,3.10683206,0.25,Homo sapiens,Australian aboriginie,Diego Lugano,3,6735.775391,Chawanakee Jt. Elementary,2,1,3,G,5,-0.9823852
Posterior,MH4765,-0.6919624782078362,5,25.2000219,3.10683206,0.25,Homo sapiens,Australian aboriginie,Korey Smith,1,5475.172852,Yreka Union Elementary,4,2,3,wood,5,-0.9823852
Premolar,MH4765,3.8812495406610212,4,25.2000219,3.10683206,0.25,Homo sapiens,Australian aboriginie,Jamie Carragher,3,5990.794434,Alexander Valley Union Elementary,3,2,7,G,10,-0.9823852
Anterior,MH4767,4.738610948422783,12,15.567015,1.80774282,0.25,Homo sapiens,Tasmanien, Ezequiel,4,7203.246582,Twin Ridges Elementary,4,1,4,L,6,-0.054344
Posterior,MH4767,2.1034776117839495,12,15.567015,1.80774282,0.25,Homo sapiens,Tasmanien,Michael Essien,4,4777.769043,Sundale Union Elementary,4,1,7,Q,10,-0.054344
Premolar,MH4767,3.267479888543387,8,15.567015,1.80774282,0.25,Homo sapiens,Tasmanien,Steven Pienaar,3,4302.834961,Three Rivers Union Elementary,2,4,7,Q,10,-0.054344
Anterior,MH5325,3.919313015138151,6,23.3790273,3.02477635,0.75,Homo sapiens,Australian aboriginie,Oscar Wendt,4,5630.194824,Columbia Union Elementary,4,2,7,wood,10,-0.054344
Posterior,MH5325,3.6475446506493103,6,23.3790273,3.02477635,0.75,Homo sapiens,Australian aboriginie,Johan Djourou,3,4708.625,Westside Union Elementary,1,2,7,G,10,-0.054344
Premolar,MH5325,2.3939092050373123,4,23.3790273,3.02477635,0.75,Homo sapiens,Australian aboriginie,Diego Benaglio,5,5629.961426,Ballico-Cressey Elementary,2,1,7,L,10,-0.054344
Anterior,MH5327,2.3556390049821325,6,25.9830314,3.44508735,0.25,Homo sapiens,Australian aboriginie,Mario Mandžukić,2,4890.986816,Millbrae Elementary,4,1,9,wood,13,-0.054344
Posterior,MH5327,2.1644682183007866,6,25.9830314,3.44508735,0.25,Homo sapiens,Australian aboriginie,Wesley Hoolahan,2,4929.393066,Evergreen Elementary,3,4,9,G,13,-0.0680143
Premolar,MH5327,-1.7640700992153355,4,25.9830314,3.44508735,0.25,Homo sapiens,Australian aboriginie,Adam Johnson,2,4905.221191,Harmony Union Elementary,2,1,4,G,6,-0.0680143
Anterior,MH5328,2.604364364215744,6,29.4550369,4.01057301,0.25,Homo sapiens,Australian aboriginie,Jérémy Ménez,5,5156.856934,Panama Buena Vista Union Elementary,4,1,7,G,10,-0.0680143
Posterior,MH5328,-2.392044827453333,6,29.4550369,4.01057301,0.25,Homo sapiens,Australian aboriginie,Nathaniel Clyne,3,4941.787598,Laguna Salada Union Elementary,1,1,3,G,5,-0.0680143
Premolar,MH5328,-1.0285599051101755,4,29.4550369,4.01057301,0.25,Homo sapiens,Australian aboriginie,Alou Diarra,4,5408.781738,Sonora Elementary,3,3,3,G,5,-0.0680143
Anterior,MH5329,4.068984099982919,12,24.2470287,3.16442127,0.25,Homo sapiens,Australian aboriginie,Florian Hartherz,3,4981.387695,Roseville City Elementary,4,1,3,G,5,-0.0680143
Posterior,MH5329,2.943275883330835,12,24.2470287,3.16442127,0.25,Homo sapiens,Australian aboriginie, Piqué,2,4877.086426,Gratton Elementary,4,1,7,G,10,-0.0680143
Premolar,MH5329,4.515611582183399,8,24.2470287,3.16442127,0.25,Homo sapiens,Australian aboriginie, Simão,1,5111.739258,Susanville Elementary,1,1,4,G,6,-0.0680143
Anterior,MH5330,0.2418998390542173,12,17.3030178,2.06875973,0.25,Homo sapiens,Australian aboriginie,Lucas Digne,3,5201.515625,Bella Vista Elementary,2,2,3,G,5,0.0294137
Posterior,MH5330,-1.8974781736138422,12,17.3030178,2.06875973,0.25,Homo sapiens,Australian aboriginie,Ali Al Habsi,4,4138.305664,Columbine Elementary,1,1,3,G,5,0.0294137
Premolar,MH5330,0.3177913774129939,8,17.3030178,2.06875973,0.25,Homo sapiens,Australian aboriginie,Olivier Giroud,1,5743.597168,Hughes-Elizabeth Lakes Union Elementary,4,1,7,G,10,0.0294137
Anterior,MH5563,1.1498272835712935,6,51.9,12.5,0.25,Homo sapiens,Khoi-San,Adrian Mutu,3,5702.705078,Mountain View Elementary,3,8,9,G,13,0.0294137
Posterior,MH5563,1.0938447479561453,6,51.9,12.5,0.25,Homo sapiens,Khoi-San,Héctor Moreno,1,4802.152832,Sulphur Springs Union Elementary,2,1,4,L,6,0.0294137
Premolar,MH5563,3.6562451755510192,4,51.9,12.5,0.25,Homo sapiens,Khoi-San,Piotr Trochowski,4,5442.143066,Forestville Union Elementary,2,1,7,G,10,0.0294137
Anterior,MH8057,0.02422398079847099,12,53.3956885,20.0797763,0.25,Homo sapiens,Sami,Vito Mannone,1,4522.375488,Rosedale Union Elementary,4,1,3,wood,5,0.0294137
Posterior,MH8057,1.7572163466381836,12,53.3956885,20.0797763,0.25,Homo sapiens,Sami,Nicolas Fauvergue,4,4965.808105,Columbia Elementary,3,8,3,G,5,0.0294137
Premolar,MH8057,-1.4999551170390373,8,53.3956885,20.0797763,0.25,Homo sapiens,Sami, Roberto,1,5358.326172,Colfax Elementary,3,2,4,G,6,0.0294137
Anterior,NMNH225025,1.995996920935852,6,37.551766,16.4384771,0.5,Homo sapiens,Chucki,Jerry Vandam,3,5784.625,Mt. Shasta Union Elementary,2,3,3,G,5,0.2394859
Posterior,NMNH225025,0.9094919568104067,6,37.551766,16.4384771,0.5,Homo sapiens,Chucki,Bobby Zamora,3,5072.70459,Piner-Olivet Union Elementary,1,1,7,wood,10,0.2394859
Premolar,NMNH225025,-0.919750896609389,4,37.551766,16.4384771,0.5,Homo sapiens,Chucki, Tiago Pinto,3,5556.041016,Bass Lake Joint Elementary,4,3,3,G,5,0.2394859
Anterior,NMNH225028,0.3289862293377266,6,38.3400851,16.8483619,0.75,Homo sapiens,Chucki,Yunus Malli,2,5190.310059,Cutten Elementary,1,1,9,L,13,0.2394859
Posterior,NMNH225028,0.4544800006646026,6,38.3400851,16.8483619,0.75,Homo sapiens,Chucki,Simon Davies,4,5211.485352,Placerville Union Elementary,4,1,3,L,5,0.2394859
Premolar,NMNH225028,0.24559090608943113,4,38.3400851,16.8483619,0.75,Homo sapiens,Chucki,Mohamed Sissoko,3,5284.164063,Wright Elementary,4,1,7,G,10,-0.7330914
Anterior,NMNH225029,5.205458198071498,6,47.0115957,21.3584428,0.25,Homo sapiens,Chucki,Hedwiges Maduro,1,5331.920898,Evergreen Union Elementary,1,2,7,G,10,-0.7330914
Posterior,NMNH225029,0.6627625918845601,6,47.0115957,21.3584428,0.25,Homo sapiens,Chucki, Guly,3,5599.60791,Old Adobe Union Elementary,3,2,4,G,6,-0.7330914
Premolar,NMNH225029,0.3093878601578022,4,47.0115957,21.3584428,0.25,Homo sapiens,Chucki,Michael Harriman,2,4881.899414,Wilmar Union Elementary,2,1,9,G,13,-0.7330914
Anterior,NMNH225032,-4.1938707248427844,6,55.0,15.0,0.75,Homo sapiens,Chucki,Mario Lička,3,4700.432129,Ackerman Elementary,4,1,7,G,10,-0.1111221
Posterior,NMNH225032,-1.2705598207127766,4,55.0,15.0,0.75,Homo sapiens,Chucki,Guy Demel,2,5650.0,Santa Cruz City Elementary,3,3,4,G,6,-0.1111221
Premolar,NMNH225032,0.2627960879834641,4,55.0,15.0,0.75,Homo sapiens,Chucki,Levy Madinda,4,5318.240723,Arcata Elementary,1,2,7,G,10,-0.1111221
Anterior,NMNH226086,-0.7643568433184733,12,34.6630451,4.86555727,0.75,Homo sapiens,Australian aboriginie,Rio Ferdinand,3,4709.054199,Alta Loma Elementary,4,6,3,G,5,-0.1111221
Posterior,NMNH226086,4.258833350795649,11,34.6630451,4.86555727,0.75,Homo sapiens,Australian aboriginie,Steven Gerrard,1,5143.19043,Foresthill Union Elementary,4,1,4,G,6,-0.1111221
Premolar,NMNH226086,0.5012191401724689,8,34.6630451,4.86555727,0.75,Homo sapiens,Australian aboriginie,Cédric Kanté,2,5133.009766,Mother Lode Union Elementary,2,3,4,G,6,-0.1111221
Anterior,NMNH226087,4.032247687369667,6,21.6430246,2.74721254,0.5,Homo sapiens,Australian aboriginie,Adrian Mutu,3,5081.455566,Ocean View Elementary,4,2,3,G,5,1.775517
Posterior,NMNH226087,1.0518526309910134,6,21.6430246,2.74721254,0.5,Homo sapiens,Australian aboriginie, Marc Bertrán,5,4016.41626,Lake Elementary,4,2,3,G,5,-0.3218485
Premolar,NMNH226087,0.9923856294033128,4,21.6430246,2.74721254,0.5,Homo sapiens,Australian aboriginie,Romain Pitau,2,5374.050293,San Mateo-Foster City Elementary,3,2,3,G,5,-0.3218485
Anterior,NMNH226088,0.6862064298876576,6,41.1,10.0,0.5,Homo sapiens,Australian aboriginie,Franco Zuculini,1,5427.548828,Goleta Union Elementary,2,5,3,G,5,-0.3218485
Posterior,NMNH226088,0.9111627449174183,2,41.1,10.0,0.5,Homo sapiens,Australian aboriginie,Nolan Roux,4,5179.644531,Helendale Elementary,2,1,4,G,6,-0.3218485
Premolar,NMNH226088,5.0777957751359715,4,41.1,10.0,0.5,Homo sapiens,Australian aboriginie, Paulão,2,5400.0,Petaluma City Elementary,4,3,4,G,6,0.2116939
Anterior,NMNH226089,-4.733613527173089,12,16.4350164,1.93720666,0.5,Homo sapiens,Australian aboriginie,Shaun Cummings,2,5726.146484,Sunnyvale Elementary,2,2,7,G,10,0.2116939
Posterior,NMNH226089,-3.960866573301832,12,16.4350164,1.93720666,0.5,Homo sapiens,Australian aboriginie,Aaron Hunt,3,5003.870117,College Elementary,3,4,7,G,10,0.2116939
Premolar,NMNH226089,-0.4177076762583982,8,16.4350164,1.93720666,0.5,Homo sapiens,Australian aboriginie,Opa Nguette,4,4969.51123,La Mesa-Spring Valley,3,1,7,G,10,0.2116939
Anterior,NMNH226090,0.9372355133704305,12,19.0390205,2.33671692,0.25,Homo sapiens,Australian aboriginie,Stewart Downing,4,4747.295898,Huntington Beach City Elementary,1,1,7,G,10,0.2116939
Posterior,NMNH226090,2.5785658848573143,12,19.0390205,2.33671692,0.25,Homo sapiens,Australian aboriginie,Arthur Boka,2,4543.305176,Solvang Elementary,2,2,4,G,6,0.2116939
Premolar,NMNH226090,2.0513170199273763,7,19.0390205,2.33671692,0.25,Homo sapiens,Australian aboriginie,Sebastian Larsson,5,5229.591309,Soquel Elementary,4,5,3,L,5,-0.717645
Anterior,NMNH226092,-0.03159555061196351,6,55.0,15.0,0.25,Homo sapiens,Australian aboriginie, Cristiano Ronaldo,3,4507.353027,Capay Joint Union Elementary,3,1,3,G,5,-0.717645
Posterior,NMNH226092,3.3777321931906545,6,55.0,15.0,0.25,Homo sapiens,Australian aboriginie,Markus Feulner,2,5302.62793,Gravenstein Union Elementary,3,3,7,wood,10,-0.717645
Premolar,NMNH226092,3.4048255556900475,4,55.0,15.0,0.25,Homo sapiens,Australian aboriginie,Alexander Ring,3,5545.610352,Pleasant Valley Elementary,2,1,7,G,10,-0.7326927
Anterior,NMNH227455,1.3491128316005356,12,11.6610089,1.26803942,0.5,Homo sapiens,Australian aboriginie,Jannik Löhden,2,4615.908691,Pioneer Union Elementary,1,2,7,G,10,-0.7326927
Posterior,NMNH227455,3.2407406805218155,12,11.6610089,1.26803942,0.5,Homo sapiens,Australian aboriginie,Niclas Füllkrug,3,5397.689453,Santee Elementary,2,1,3,G,5,-0.7326927
Premolar,NMNH227455,1.564338248292542,8,11.6610089,1.26803942,0.5,Homo sapiens,Australian aboriginie,Michael Schulze,5,5118.373047,Johnstonville Elementary,1,1,3,G,5,-0.0102077
Anterior,NMNH258483,-0.46219762093470584,12,25.3320304,3.33964284,0.25,Homo sapiens,Australian aboriginie,Jack Wilshere,4,5008.070801,Pleasant Valley Elementary,2,1,7,G,10,-0.0102077
Posterior,NMNH258483,2.597303391150919,12,25.3320304,3.33964284,0.25,Homo sapiens,Australian aboriginie,Klaas-Jan Huntelaar,2,4906.030273,Curtis Creek Elementary,3,2,4,G,6,-0.0102077
Premolar,NMNH258483,1.170677046221865,8,25.3320304,3.33964284,0.25,Homo sapiens,Australian aboriginie,Yaya Banana,3,6870.346191,Fort Jones Union Elementary,1,1,7,G,10,-0.0102077
Anterior,NMNH278701,0.905194846896623,12,28.3511096,4.55391036,0.25,Homo sapiens,Buriat,Russell Martin,5,5301.716309,Mark West Union Elementary,2,4,7,G,10,-0.0102077
Posterior,NMNH278701,4.480517774107981,12,28.3511096,4.55391036,0.25,Homo sapiens,Buriat, Domínguez,2,5182.365723,Alpine Union Elementary,3,9,7,G,10,-0.0102077
Premolar,NMNH278701,-5.052516437061954,8,28.3511096,4.55391036,0.25,Homo sapiens,Buriat,André Fomitschow,2,4999.46875,Sebastopol Union Elementary,1,1,7,G,10,-0.923957
Anterior,NMNH278702,-2.542360047602881,12,22.2605342,3.36255085,0.25,Homo sapiens,Buriat,Bryan Ruiz,1,6732.066406,Freshwater Elementary,4,1,7,G,10,-0.923957
Posterior,NMNH278702,-1.982078099130636,11,22.2605342,3.36255085,0.25,Homo sapiens,Buriat,Stephen Kelly,3,4612.989746,Norris Elementary,3,2,9,G,13,0.5766805
Premolar,NMNH278702,0.019388684521194466,8,22.2605342,3.36255085,0.25,Homo sapiens,Buriat,Aykut Özer,4,5478.845703,Springville Union Elementary,1,1,9,G,13,0.5766805
Anterior,NMNH278703,0.28336263928417726,12,40.0,10.0,0.25,Homo sapiens,Buriat,Julian Schieber,2,5666.713867,Moreland Elementary,3,15,4,G,6,0.5766805
Posterior,NMNH278703,-2.7601462944971287,9,40.0,10.0,0.25,Homo sapiens,Buriat,Cata Díaz,2,4742.51416,Maple Elementary,4,2,7,G,10,0.5766805
Premolar,NMNH278703,-1.491526808865869,8,40.0,10.0,0.25,Homo sapiens,Buriat,Andrija Delibašić,2,4907.392578,Kings River-Hardwick Union Elementary,4,1,3,G,5,-0.0836015
Anterior,NMNH278704,-1.1894970695118914,12,17.4388288,2.43978021,0.25,Homo sapiens,Buriat,Darwin Machís,2,5700.402344,Julian Union Elementary,1,1,3,G,5,-0.0836015
Posterior,NMNH278704,6.872313909247041,12,17.4388288,2.43978021,0.25,Homo sapiens,Buriat,Geoffrey Dernis,4,5191.834473,Cardiff Elementary,4,1,3,G,5,-0.0836015
Premolar,NMNH278704,5.2793174842588355,8,17.4388288,2.43978021,0.25,Homo sapiens,Buriat, Xavi,3,4451.256836,Saucelito Elementary,3,1,7,G,10,-0.0836015
Anterior,NMNH278705,-0.09841601416507362,12,55.0,15.0,0.25,Homo sapiens,Buriat,Mesut Özil,4,5627.527832,Bonsall Union Elementary,3,3,4,G,6,-0.0836015
Posterior,NMNH278705,0.018604815793614726,12,55.0,15.0,0.25,Homo sapiens,Buriat,Vincent Nogueira,1,4922.939941,Cypress Elementary,4,5,3,G,5,-0.0836015
Premolar,NMNH278705,-1.8900806475571426,8,55.0,15.0,0.25,Homo sapiens,Buriat,Mickäel Tavares,2,4969.380859,Lowell Joint Elementary,3,1,3,G,5,-0.0836015
Anterior,NMNH278706,-3.733911653224819,12,30.1275274,4.90407388,0.5,Homo sapiens,Buriat,Pape Diakhaté,1,4829.717285,Newhall Elementary,2,1,7,G,10,-0.0836015
Posterior,NMNH278706,0.6179762733552305,12,30.1275274,4.90407388,0.5,Homo sapiens,Buriat,Gregory van der Wiel,2,6716.692871,Lagunitas Elementary,4,1,9,G,13,-0.0836015
Premolar,NMNH278706,-1.5223670851040818,8,30.1275274,4.90407388,0.5,Homo sapiens,Buriat,Milan Badelj,5,5205.941895,Cambrian Elementary,2,1,4,G,6,-0.0836015
Anterior,NMNH278707,0.6957931331647023,12,27.8435616,4.45403148,0.75,Homo sapiens,Buriat,Daniel Van Buyten,1,4357.826172,Richfield Elementary,4,1,7,G,10,-0.0836015
Posterior,NMNH278707,-2.9858011027845377,12,27.8435616,4.45403148,0.75,Homo sapiens,Buriat,Steed Malbranque,4,5195.918945,Fieldbrook Elementary,2,9,3,G,5,-0.0836015
Premolar,NMNH278707,-0.9492966466232002,8,27.8435616,4.45403148,0.75,Homo sapiens,Buriat,Jaroslav Plašil,3,6002.071777,Dehesa Elementary,2,1,3,G,5,-1.079558
Anterior,NMNH278708,1.2630329585689513,12,20.2303425,2.97066069,0.25,Homo sapiens,Buriat,Tomáš Rosický,2,5090.587891,Cottonwood Union Elementary,1,1,4,G,6,-1.079558
Posterior,NMNH278708,1.7916551752791996,12,20.2303425,2.97066069,0.25,Homo sapiens,Buriat, Rafinha,4,5112.390137,Fruitvale Elementary,2,1,3,wood,5,1.040902
Premolar,NMNH278708,1.9161983833701748,8,20.2303425,2.97066069,0.25,Homo sapiens,Buriat,Ivan Klasnić,3,5287.35498,Union Elementary,1,8,7,G,10,1.040902
Anterior,NMNH278709,-2.306221874301537,12,17.1850548,2.392161,0.25,Homo sapiens,Buriat,Heiko Westermann,3,4889.47998,Fountain Valley Elementary,3,4,3,L,5,1.040902
Posterior,NMNH278709,2.978420346877436,10,17.1850548,2.392161,0.25,Homo sapiens,Buriat,Armand Traoré,1,5118.130371,Gold Oak Union Elementary,2,1,9,Q,13,-1.052108
Premolar,NMNH278709,-1.0421949883376715,8,17.1850548,2.392161,0.25,Homo sapiens,Buriat,Luke Young,4,5119.123047,Buckeye Union Elementary,2,8,3,Q,5,-1.052108
Anterior,NMNH278710,2.439484034281617,12,20.9916644,3.11717264,0.5,Homo sapiens,Buriat,Johannes Flum,3,4792.211426,Rocklin Unified,2,1,7,wood,10,-1.052108
Posterior,NMNH278710,0.8760927200896593,12,20.9916644,3.11717264,0.5,Homo sapiens,Buriat, Marchena,2,5450.103516,Gold Trail Union Elementary,3,1,7,G,10,-1.052108
Premolar,NMNH278710,-2.4420287362107045,8,20.9916644,3.11717264,0.5,Homo sapiens,Buriat,Julien Quercia,3,5210.724609,Hydesville Elementary,4,4,4,L,6,-1.052108
Anterior,NMNH278711,0.13372929998122096,12,33.426589,5.55632114,0.5,Homo sapiens,Buriat,Craig Gardner,5,4715.445801,Saugus Union Elementary,3,1,9,wood,13,-1.052108
Posterior,NMNH278711,1.7896001473210021,11,33.426589,5.55632114,0.5,Homo sapiens,Buriat,Christian Günter,1,4632.068359,Loomis Union Elementary,3,1,7,G,10,-1.052108
Premolar,NMNH278711,2.391154617305042,8,33.426589,5.55632114,0.5,Homo sapiens,Buriat, Mario Suárez,1,5028.561523,Placer Hills Union Elementary,4,2,4,G,6,-0.7277681
Anterior,NMNH278712,0.5594059770203434,11,31.6139178,4.709013,0.25,Homo sapiens,Buriat, Arribas,4,5695.466797,Dunham Elementary,2,4,7,G,10,-0.7277681
Posterior,NMNH278712,4.623435379442822,11,31.6139178,4.709013,0.25,Homo sapiens,Buriat,Matthew Upson,3,4504.294922,San Carlos Elementary,3,1,3,G,5,-0.3953965
Premolar,NMNH278712,3.3497126656175586,8,31.6139178,4.709013,0.25,Homo sapiens,Buriat,Patrick Ochs,4,5156.437012,Ready Springs Union Elementary,1,1,4,G,6,-0.3953965
Anterior,NMNH278713,0.2783919599673361,12,17.1850548,2.392161,0.25,Homo sapiens,(Buriat) Chinese?, De Gea,3,5433.51416,Coarsegold Union Elementary,1,1,4,G,6,-0.3953965
Posterior,NMNH278713,2.7243796520144046,11,17.1850548,2.392161,0.25,Homo sapiens,(Buriat) Chinese?,Antonio Rukavina,2,5254.631836,Cayucos Elementary,1,5,3,G,5,-0.3953965
Premolar,NMNH278713,5.600140048785321,8,17.1850548,2.392161,0.25,Homo sapiens,(Buriat) Chinese?,Marko Baša,2,4593.196777,Richmond Elementary,2,2,3,G,5,-0.3953965
Anterior,NMNH278716,5.664986792118642,12,18.7076986,2.67965585,0.5,Homo sapiens,Buriat,Shane Long,4,4320.678711,Clay Joint Elementary,2,1,3,G,5,-0.3953965
Posterior,NMNH278716,-2.081517248383866,12,18.7076986,2.67965585,0.5,Homo sapiens,Buriat,Adam Hloušek,3,4920.777344,Waugh Elementary,1,3,3,G,5,-0.3953965
Premolar,NMNH278716,-1.34909607375926,8,18.7076986,2.67965585,0.5,Homo sapiens,Buriat,Mehmet Ekici,1,6905.869141,Two Rock Union Elementary,3,1,4,G,6,-0.2377786
Anterior,NMNH283606,4.509587566778274,12,27.5897877,4.40412318,0.75,Homo sapiens,Buriat, Maicon,2,5729.904297,Belmont-Redwood Shores Elementary,4,10,4,G,6,-0.2377786
Posterior,NMNH283606,-1.6691810398146274,12,27.5897877,4.40412318,0.75,Homo sapiens,Buriat,Giovani Dos Santos,2,4825.202148,Rescue Union Elementary,2,6,7,L,10,-0.2377786
Premolar,NMNH283606,-2.3112076227519136,8,27.5897877,4.40412318,0.75,Homo sapiens,Buriat,Arnaud Le Lan,3,5388.17041,Alta-Dutch Flat Union Elementary,2,5,7,G,10,-0.2377786
Anterior,NMNH283607,-0.27928133544451006,12,55.0,15.0,0.75,Homo sapiens,Buriat,Callum McManaman,3,5133.827148,San Pasqual Union Elementary,2,1,7,wood,10,0.274908
Posterior,NMNH283607,1.9228911202498897,8,55.0,15.0,0.75,Homo sapiens,Buriat,Jordan Spence,3,5346.15625,Latrobe Elementary,1,1,7,G,10,0.274908
Premolar,NMNH283607,0.6531642554258896,8,55.0,15.0,0.75,Homo sapiens,Buriat, Anderson,4,4789.309082,Union Hill Elementary,2,2,4,G,6,0.274908
Anterior,NMNH283609a,-0.6786211859260587,12,29.8737534,4.85399919,0.75,Homo sapiens,Buriat, Michel Bastos,1,5329.782227,Twin Hills Union Elementary,4,4,3,G,5,1.970023
Posterior,NMNH283609a,-0.736076646627547,12,29.8737534,4.85399919,0.75,Homo sapiens,Buriat,Thomas Vermaelen,5,5371.172852,Pacific Union Elementary,3,2,3,wood,5,1.970023
Premolar,NMNH283609a,-0.8287013372824568,8,29.8737534,4.85399919,0.75,Homo sapiens,Buriat,Mohammed Rabiu,2,5771.383789,Douglas City Elementary,4,2,7,G,10,1.970023
Anterior,NMNH283613,-1.2348513285606117,12,25.3058219,3.95602419,0.75,Homo sapiens,Buriat,Jordan Obita,2,4993.634766,Pleasant Ridge Union Elementary,4,2,7,L,10,1.05095
Posterior,NMNH283613,6.445224687521858,12,25.3058219,3.95602419,0.75,Homo sapiens,Buriat,Steven Naismith,2,4854.038086,Newcastle Elementary,1,3,7,L,10,1.05095
Premolar,NMNH283613,1.6247503598595023,8,25.3058219,3.95602419,0.75,Homo sapiens,Buriat,Fabricio Coloccini,2,4392.679688,Mesa Union Elementary,1,1,3,G,5,0.2418185
Anterior,NMNH283615,3.0563433029014906,12,40.0,10.0,0.75,Homo sapiens,Buriat,Thomas Kleine,4,5884.432129,Weaverville Elementary,1,6,3,G,5,0.2418185
Posterior,NMNH283615,-0.286286476947335,12,40.0,10.0,0.75,Homo sapiens,Buriat,Gaël Clichy,4,4273.993164,North Cow Creek Elementary,1,22,7,G,10,0.2418185
Premolar,NMNH283615,0.4501531843614318,8,40.0,10.0,0.75,Homo sapiens,Buriat,Christian Vander,2,5146.78418,Nevada City Elementary,1,1,4,G,6,1.349395
Anterior,NMNH329778,-0.831657867942633,12,18.6050198,2.26921034,0.25,Homo sapiens,Australian aboriginie,Jermaine Jenas,4,5351.522949,Jacoby Creek Elementary,2,2,7,G,10,1.349395
Posterior,NMNH329778,-5.540453102010569,13,18.6050198,2.26921034,0.25,Homo sapiens,Australian aboriginie,Steve Harper,5,7667.571777,Fort Ross Elementary,4,1,7,G,10,-0.2577254
Premolar,NMNH329778,-2.4459688864983864,8,18.6050198,2.26921034,0.25,Homo sapiens,Australian aboriginie, Lucas Mendes,2,5281.708984,Encinitas Union Elementary,2,3,7,G,10,-0.2577254
Anterior,NMNH329779,-3.4970044203574213,12,40.1730454,5.5467185,0.75,Homo sapiens,Australian aboriginie, Reyes,4,5368.50293,Dixie Elementary,4,7,7,G,10,-0.6562689
Posterior,NMNH329779,-4.563967181351837,12,40.1730454,5.5467185,0.75,Homo sapiens,Australian aboriginie,Rémy Cabella,1,6429.257324,Lakeside Joint Elementary,3,6,7,G,10,-0.6562689
Premolar,NMNH329779,-2.0022153368532933,8,40.1730454,5.5467185,0.75,Homo sapiens,Australian aboriginie,Alexandre Lacazette,2,5387.458984,Hermosa Beach City Elementary,4,4,9,G,13,-0.6562689
Anterior,NMNH330604,4.120953134155491,12,21.4260243,2.71270581,0.75,Homo sapiens,Australian aboriginie,Thorben Marx,3,5235.774902,Rincon Valley Union Elementary,4,1,9,G,13,-0.6562689
Posterior,NMNH330604,0.7939808569872354,12,21.4260243,2.71270581,0.75,Homo sapiens,Australian aboriginie,Mergim Mavraj,2,4829.896484,Washington Union Elementary,4,1,4,G,6,-0.6562689
Premolar,NMNH330604,4.037397098049176,8,21.4260243,2.71270581,0.75,Homo sapiens,Australian aboriginie,Gaëtan Charbonnier,2,5088.708008,Bennett Valley Union Elementary,3,1,7,G,10,-0.6562689
Anterior,NMNH330605,1.9004322653467822,6,40.0,10.0,0.75,Homo sapiens,Australian aboriginie,James Milner,2,5390.118164,Loma Prieta Joint Union Elemen,2,29,3,G,5,-0.6563948
Posterior,NMNH330605,2.8031862004530375,3,40.0,10.0,0.75,Homo sapiens,Australian aboriginie,Sebastian Tyrała,2,6588.430664,Kenwood Elementary,1,2,3,G,5,-0.6563948
Premolar,NMNH330605,-1.2868124790983984,4,40.0,10.0,0.75,Homo sapiens,Australian aboriginie,Joe Bennett,4,6196.694824,Liberty Elementary,2,1,3,G,5,-0.6563948
Anterior,NMNH330606,2.1748918075488675,6,40.0,10.0,0.25,Homo sapiens,Australian aboriginie, Geromel,3,4645.413086,Knights Ferry Elementary,2,6,7,G,10,-0.6563948
Posterior,NMNH330606,2.6723693973256974,4,40.0,10.0,0.25,Homo sapiens,Australian aboriginie,David Rozehnal,2,6489.928711,Kentfield Elementary,3,1,4,G,6,-0.6563948
Premolar,NMNH330606,-0.49903958904326506,4,40.0,10.0,0.25,Homo sapiens,Australian aboriginie,Gustavo Munúa,2,5094.958984,Ballard Elementary,1,2,3,G,5,-0.6563948
Anterior,NMNH330607,2.2613571987760226,3,34.7480369,4.65477138,0.5,Homo sapiens,Australian aboriginie,Garry Bocaly,4,4841.958496,Oak Grove Union Elementary,3,7,3,G,5,-0.6563948
Posterior,NMNH330607,2.277507196675548,3,34.7480369,4.65477138,0.5,Homo sapiens,Australian aboriginie,Gareth Bale,5,6315.3125,Ross Valley Elementary,2,2,7,G,10,-0.6563948
Premolar,NMNH330607,-0.43321239735045336,2,34.7480369,4.65477138,0.5,Homo sapiens,Australian aboriginie,Julian Korb,3,5399.383301,Mountain Elementary,1,1,9,L,13,-0.6563948
Anterior,NMNH331242,-1.8258547710862907,12,31.40804,4.33043687,0.75,Homo sapiens,Australian aboriginie, Iturraspe,3,5429.473633,Burlingame Elementary,4,13,4,G,6,-0.6563948
Posterior,NMNH331242,-1.9749302058672018,12,31.40804,4.33043687,0.75,Homo sapiens,Australian aboriginie, Sergio Sánchez,4,5644.286133,Grant Elementary,3,7,7,wood,10,-0.6563948
Premolar,NMNH331242,1.1121070666452897,8,31.40804,4.33043687,0.75,Homo sapiens,Australian aboriginie,Phil Jones,3,6060.256836,Happy Valley Elementary,2,4,3,G,5,-0.6563948
Anterior,NMNH331243,1.6964184379529628,12,39.0880437,5.3679133,0.75,Homo sapiens,Australian aboriginie,Michael Dawson,4,5319.553711,Bonny Doon Union Elementary,2,1,3,G,5,0.7244775
Posterior,NMNH331243,-1.023521981308081,12,39.0880437,5.3679133,0.75,Homo sapiens,Australian aboriginie,Kevin Trapp,5,4819.903809,Walnut Creek Elementary,1,1,4,G,6,0.7244775
Premolar,NMNH331243,0.966529417232998,8,39.0880437,5.3679133,0.75,Homo sapiens,Australian aboriginie,Peter Crouch,1,5208.226074,Hope Elementary,2,1,3,G,5,0.7244775
Anterior,NMNH344711,2.288073876994825,12,33.1440427,4.61556224,0.75,Homo sapiens,Australian aboriginie,Timo Hildebrand,4,5859.964844,Larkspur Elementary,1,1,7,G,10,0.7244775
Posterior,NMNH344711,2.4038496994529295,12,33.1440427,4.61556224,0.75,Homo sapiens,Australian aboriginie,Roman Neustädter,3,4962.736816,Cupertino Union Elementary,3,1,3,G,5,0.7244775
Premolar,NMNH344711,4.672271827167498,8,33.1440427,4.61556224,0.75,Homo sapiens,Australian aboriginie,Yassine Benzia,4,7614.379395,Pacific Elementary,2,1,9,G,13,0.6318343
Anterior,NMNH344712,4.004397024287577,11,24.0300284,3.12946271,0.5,Homo sapiens,Australian aboriginie,Nicolas Maurice-Belay,1,5566.467773,Los Gatos Union Elementary,2,2,3,G,5,0.6318343
Posterior,NMNH344712,-1.5307233150620874,12,24.0300284,3.12946271,0.5,Homo sapiens,Australian aboriginie,Samba Diakité,3,7039.949219,Montecito Union Elementary,4,1,7,G,10,0.6318343
Premolar,NMNH344712,4.992255116941102,7,24.0300284,3.12946271,0.5,Homo sapiens,Australian aboriginie,Sven Ulreich,5,6604.063965,Solana Beach Elementary,2,2,7,G,10,1.070944
Anterior,NMNH344713,-0.3880812502709077,6,33.7950437,4.72264949,0.25,Homo sapiens,Australian aboriginie,Quentin Othon,5,6180.148926,Menlo Park City Elementary,3,2,4,G,6,1.070944
Posterior,NMNH344713,3.440484694417438,6,33.7950437,4.72264949,0.25,Homo sapiens,Australian aboriginie, Júlio César,5,6460.657227,Reed Union Elementary,3,1,9,G,13,1.070944
Premolar,NMNH344713,1.0671148901290866,4,33.7950437,4.72264949,0.25,Homo sapiens,Australian aboriginie,Niklas Dams,2,6415.35498,Mill Valley Elementary,2,1,7,G,10,1.070944
Anterior,NMNH344714,-0.09938772902104365,12,29.8890376,4.08156052,0.25,Homo sapiens,Australian aboriginie,Gerrit Wegkamp,5,5230.876953,Lafayette Elementary,4,2,4,G,6,1.070944
Posterior,NMNH344714,-3.489905783949495,12,29.8890376,4.08156052,0.25,Homo sapiens,Australian aboriginie,Bryan Ruiz,3,5838.171875,Del Mar Union Elementary,2,5,7,G,10,1.070944
Premolar,NMNH344714,0.48511931959764093,8,29.8890376,4.08156052,0.25,Homo sapiens,Australian aboriginie,Christian Benteke,4,7711.506836,Woodside Elementary,3,3,3,G,5,-1.450494
Anterior,NMNH344715,-2.8866215257508,12,32.4930417,4.50856156,0.25,Homo sapiens,Australian aboriginie,Wayne Rooney,2,5592.765137,Moraga Elementary,2,6,4,G,6,-1.450494
Posterior,NMNH344715,3.2520177195504854,12,32.4930417,4.50856156,0.25,Homo sapiens,Australian aboriginie,Loïc Abenzoar,4,5933.154297,Orinda Union Elementary,1,1,4,G,6,-1.450494
Premolar,NMNH344715,4.5870259445738375,8,32.4930417,4.50856156,0.25,Homo sapiens,Australian aboriginie,Roque Santa Cruz,2,7593.405762,Hillsborough City Elementary,1,1,3,G,5,-1.450494
Anterior,NMNH350096,-1.03417583609671,12,36.3990478,5.1517561,0.75,Homo sapiens,Australian aboriginie,Mark Schwarzer,5,6500.449707,Cold Spring Elementary,1,17,3,G,5,-1.450494
Posterior,NMNH350096,1.6355852446473218,12,36.3990478,5.1517561,0.75,Homo sapiens,Australian aboriginie,Daniel Agger,2,7217.263184,Portola Valley Elementary,2,1,3,G,5,1.15588
Premolar,NMNH350096,-0.8604174736135897,8,36.3990478,5.1517561,0.75,Homo sapiens,Australian aboriginie,Mody Traoré,5,5392.638672,Saratoga Union Elementary,1,3,3,G,5,1.15588
Anterior,NMNH350097,-0.62497996118001,12,26.8510328,3.58600079,0.75,Homo sapiens,Australian aboriginie,David Abraham,4,7290.338867,Las Lomitas Elementary,4,1,4,G,6,-0.3260148
Posterior,NMNH350097,2.7835942115777987,12,26.8510328,3.58600079,0.75,Homo sapiens,Australian aboriginie,Pape Diakhaté,1,5741.462891,Los Altos Elementary,3,1,4,G,6,-0.3260148
Premolar,NMNH350097,0.8083099690923331,8,26.8510328,3.58600079,0.75,Homo sapiens,Australian aboriginie,Richard Dunne,4,4402.831543,Somis Union Elementary,4,1,7,G,10,-0.3260148
Anterior,NMNH350098,5.128458762797201,12,24.6086959,3.22275136,0.75,Homo sapiens,Australian aboriginie,Jérémie Aliadiére,5,4776.336426,Plumas Elementary,3,1,7,G,10,-0.3260148
Posterior,NMNH350098,-0.26965640128782864,12,24.6086959,3.22275136,0.75,Homo sapiens,Australian aboriginie,Ross Turnbull,4,5993.392578,Wheatland Elementary,1,2,7,G,10,0.8846435
Premolar,NMNH350098,3.3298526596090916,8,24.6086959,3.22275136,0.75,Homo sapiens,Australian aboriginie,Michael Essien,4,6384.911133,Sunol Glen Unified,4,1,7,G,10,-0.5583452
Anterior,NMNH380429,1.1386080164048402,12,27.417015,2.52520843,0.75,Homo sapiens,Australian aboriginie, Cristian Tello,4,5099.380859,Manzanita Elementary,3,1,4,G,6,-0.5583452
Posterior,NMNH380429,2.8353025438394113,11,27.417015,2.52520843,0.75,Homo sapiens,Australian aboriginie,Jake Livermore,5,5501.95459,Thermalito Union Elementary,3,1,3,wood,5,-0.5583452
Premolar,NMNH380429,-0.18444123180742578,8,27.417015,2.52520843,0.75,Homo sapiens,Australian aboriginie,Ryan Dickson,3,7101.831055,Golden Feather Union Elementary,3,2,3,G,5,-0.5583452
Anterior,NMNH380430,0.7815352004696499,12,29.8890376,4.08156052,0.25,Homo sapiens,Australian aboriginie,Nathaniel Clyne,2,5235.987793,Palermo Union Elementary,1,3,7,L,10,-0.5583452
Posterior,NMNH380430,0.6213321940653167,12,29.8890376,4.08156052,0.25,Homo sapiens,Australian aboriginie,Romain Genevois,2,5580.146973,Burrel Union Elementary,1,3,7,Q,10,-0.5583452
Premolar,NMNH380430,-1.1292823424904312,8,29.8890376,4.08156052,0.25,Homo sapiens,Australian aboriginie,Ilir Azemi,4,5253.331055,Holt Union Elementary,4,3,7,Q,10,-0.5583452
Anterior,NMNH380431,2.510483561334722,12,51.9,12.5,0.75,Homo sapiens,Australian aboriginie,Juan Neira,2,4565.746094,Vineland Elementary,3,4,3,wood,5,-0.5583452
Posterior,NMNH380431,2.4817361315564352,12,51.9,12.5,0.75,Homo sapiens,Australian aboriginie,Christian Gentner,4,5355.54834,Orange Center Elementary,2,1,3,G,5,-0.5583452
Premolar,NMNH380431,2.343995863653615,8,51.9,12.5,0.75,Homo sapiens,Australian aboriginie, Víctor Álvarez,3,5036.211426,Del Paso Heights Elementary,3,1,7,L,10,-0.3415543
Anterior,NMNH380447,4.636036752672299,12,23.3790273,3.02477635,0.75,Homo sapiens,Australian aboriginie,Per Skjelbred,5,4547.692383,Le Grand Union Elementary,4,3,4,wood,6,-0.5040575
Posterior,NMNH380447,4.423159665377678,12,23.3790273,3.02477635,0.75,Homo sapiens,Australian aboriginie,Bradden Inman,2,5447.345215,West Fresno Elementary,4,2,7,G,10,-0.5040575
Premolar,NMNH380447,-0.008997992991628512,8,23.3790273,3.02477635,0.75,Homo sapiens,Australian aboriginie,Michael Carrick,3,6567.149414,Allensworth Elementary,2,1,7,G,10,0.773524
Anterior,NMNH380448,1.8082797389146572,12,15.7840154,1.83988868,0.25,Homo sapiens,Australian aboriginie,Daniel Van Buyten,5,4818.612793,Sunnyside Union Elementary,2,1,7,G,10,1.063938
Posterior,NMNH380448,-0.613114059803308,12,15.7840154,1.83988868,0.25,Homo sapiens,Australian aboriginie,Ivo Iličević,2,5621.456055,Woodville Elementary,3,2,7,G,10,1.063938
Premolar,NMNH380448,0.9586819889339131,8,15.7840154,1.83988868,0.25,Homo sapiens,Australian aboriginie,Jermain Defoe,4,6026.359863,Pixley Union Elementary,2,3,7,G,10,-1.090389
Anterior,NMNH380449,-0.5551668660263389,6,25.259697,3.32794049,0.75,Homo sapiens,Australian aboriginie,Ivo Iličević,1,6723.237793,Lost Hills Union Elementary,4,1,9,G,13,-1.090389
Posterior,NMNH380449,4.8379416235123145,6,25.259697,3.32794049,0.75,Homo sapiens,Australian aboriginie,Karim Guédé,4,5589.885254,Buttonwillow Union Elementary,2,1,9,G,13,-1.090389
Premolar,NMNH380449,1.7855535499266988,4,25.259697,3.32794049,0.75,Homo sapiens,Australian aboriginie,Mesut Özil,3,5064.615723,Lennox Elementary,1,3,4,G,6,-1.090389
Anterior,NMNH380450,0.3722323501653396,6,28.5870355,3.86877709,0.75,Homo sapiens,Australian aboriginie, Cesc Fàbregas,3,5433.593262,Lamont Elementary,4,13,7,G,10,-1.090389
Posterior,NMNH380450,3.8018662952570343,6,28.5870355,3.86877709,0.75,Homo sapiens,Australian aboriginie,Steven Gerrard,3,5725.563477,Westmorland Union Elementary,1,6,3,G,5,-1.090389
Premolar,NMNH380450,-4.371625619917249,4,28.5870355,3.86877709,0.75,Homo sapiens,Australian aboriginie,Benoît Cheyrou,2,4542.10498,Pleasant View Elementary,3,8,3,G,5,-1.069162
Anterior,NMNH380451,-3.9913737603767228,6,38.2200424,5.22500246,0.75,Homo sapiens,Australian aboriginie,Kingsley Onuegbu,3,5107.086426,Wasco Union Elementary,4,1,3,G,5,-1.069162
Posterior,NMNH380451,2.8354498835627266,7,38.2200424,5.22500246,0.75,Homo sapiens,Australian aboriginie,Lucas Digne,4,4659.661621,Alta Vista Elementary,4,1,7,L,10,-1.069162
Premolar,NMNH380451,1.0488492858657537,4,38.2200424,5.22500246,0.75,Homo sapiens,Australian aboriginie,Stéphane Sessegnon,2,4555.464355,Livingston Union Elementary,1,10,4,G,6,-1.069162
Anterior,NMNH380452,1.5104053033796727,6,31.1910396,4.29484575,0.75,Homo sapiens,Australian aboriginie,John Guidetti,4,5415.152832,Woodlake Union Elementary,2,1,3,wood,5,-1.069162
Posterior,NMNH380452,-2.320573370354401,6,31.1910396,4.29484575,0.75,Homo sapiens,Australian aboriginie,Christian Vander,4,4997.871582,Alisal Union Elementary,2,1,3,G,5,1.415695
Premolar,NMNH380452,0.8454927644892272,4,31.1910396,4.29484575,0.75,Homo sapiens,Australian aboriginie,Chinedu Obasi,1,5223.912109,Arvin Union Elementary,4,1,7,G,10,-1.422919
Anterior,NMNH380453,5.7695166599831085,12,32.2760413,4.47291497,0.75,Homo sapiens,Australian aboriginie, Capdevila,4,5139.164551,Terra Bella Union Elementary,3,1,9,G,13,-1.422919
Posterior,NMNH380453,2.9043535674127403,12,32.2760413,4.47291497,0.75,Homo sapiens,Australian aboriginie,Boaz Myhill,3,4614.251953,Tipton Elementary,4,4,4,wood,6,-0.4899626
Premolar,NMNH380453,1.3142460174058446,8,32.2760413,4.47291497,0.75,Homo sapiens,Australian aboriginie,Brian Murphy,3,5342.233398,San Ysidro Elementary,1,1,7,G,10,-0.4899626
Anterior,NMNH380464,-0.16475297207654127,12,33.7950437,4.72264949,0.75,Homo sapiens,Australian aboriginie,Henri Saivet,3,5347.458496,Soledad Unified,4,1,3,L,5,-0.4899626
Posterior,NMNH380464,-0.05668511120554787,12,33.7950437,4.72264949,0.75,Homo sapiens,Australian aboriginie,Paul Baysse,4,5036.458984,Mountain View Elementary,3,7,3,L,5,-0.4899626
Premolar,NMNH380464,-4.271000701561598,8,33.7950437,4.72264949,0.75,Homo sapiens,Australian aboriginie, Pedro López,2,5117.141602,King City Union Elementary,4,6,4,G,6,-0.4899626
Anterior,NMNH380466,1.5278836022659164,9,37.2670492,5.29502645,0.25,Homo sapiens,Australian aboriginie,Samba Diakité,4,5117.039551,Ontario-Montclair Elementary,4,1,3,G,5,-0.4899626
Posterior,NMNH380466,2.9560623438089166,9,37.2670492,5.29502645,0.25,Homo sapiens,Australian aboriginie,Joleon Lescott,5,5272.191895,Los Nietos Elementary,1,10,7,G,10,-0.4899626
Premolar,NMNH380466,-2.926067523358701,6,37.2670492,5.29502645,0.25,Homo sapiens,Australian aboriginie,Michael Rensing,1,5225.719238,Winton Elementary,2,2,3,G,5,-0.4899626
Anterior,PMN1389,-0.7049894856999901,6,28.5870355,3.86877709,0.75,Homo sapiens,Australian aboriginie,Victor Anichebe,5,6516.533203,Raisin City Elementary,1,5,9,G,13,-0.5835869
Posterior,PMN1389,-1.9101500702321992,6,28.5870355,3.86877709,0.75,Homo sapiens,Australian aboriginie,Marvin Plattenhardt,3,4559.176758,Ravenswood City Elementary,2,1,3,G,5,-0.5835869
Premolar,PMN1389,-1.4434055940302721,4,28.5870355,3.86877709,0.75,Homo sapiens,Australian aboriginie,Marcel de Jong,1,5119.158203,Richland-Lerdo Union Elementary,2,3,7,G,10,-0.5835869
Anterior,PMN1390,1.0318746260523373,12,23.3790273,3.02477635,0.25,Homo sapiens,Australian aboriginie,Danny Rose,3,5338.185547,Oxnard Elementary,2,1,7,G,10,-0.5835869
Posterior,PMN1390,-4.1621683274136565,12,23.3790273,3.02477635,0.25,Homo sapiens,Australian aboriginie, Gabi,4,5090.044922,El Nido Elementary,2,1,4,G,6,-0.5835869
Premolar,PMN1390,2.3943252885809807,8,23.3790273,3.02477635,0.25,Homo sapiens,Australian aboriginie,David Rozehnal,5,5485.496094,Fairfax Elementary,4,2,9,G,13,-0.5835869
Anterior,PMN1496,2.733449696662106,6,25.9830314,3.44508735,0.75,Homo sapiens,Australian aboriginie,Ji-Sung Park,2,4793.370117,Delano Union Elementary,2,3,7,G,10,-0.5835869
Posterior,PMN1496,0.2918795391422714,6,25.9830314,3.44508735,0.75,Homo sapiens,Australian aboriginie,Michael Krohn-Dehli,4,5092.91748,Perris Elementary,3,3,4,G,6,-0.5835869
Premolar,PMN1496,-5.125004683671536,4,25.9830314,3.44508735,0.75,Homo sapiens,Australian aboriginie,Stefan Aigner,5,4359.520996,Valle Lindo Elementary,1,1,7,G,10,-0.5835869
Anterior,PMN1497,-1.5188847072760343,6,25.1150301,3.30454439,0.75,Homo sapiens,Australian aboriginie,Frank Lampard,4,5645.495605,Alum Rock Union Elementary,1,1,3,G,5,0.7566829
Posterior,PMN1497,3.8973062216926833,6,25.1150301,3.30454439,0.75,Homo sapiens,Australian aboriginie,Piotr Trochowski,4,4518.016113,Edison Elementary,1,4,4,G,6,0.7566829
Premolar,PMN1497,-5.84726801521296,4,25.1150301,3.30454439,0.75,Homo sapiens,Australian aboriginie,Kingsley Onuegbu,4,5864.366211,Bakersfield City Elementary,4,1,4,G,6,0.7566829
Anterior,PMN3064,0.05762269761559391,6,23.3790273,3.02477635,0.75,Homo sapiens,Australian aboriginie,Alexander Esswein,4,5257.996582,Franklin-McKinley Elementary,1,1,3,G,5,0.7566829
Posterior,PMN3064,-1.9649022099603084,5,23.3790273,3.02477635,0.75,Homo sapiens,Australian aboriginie,Nicky Shorey,3,5016.692383,Hawthorne Elementary,2,3,3,G,5,0.7566829
Premolar,PMN3064,2.8566636402039816,4,23.3790273,3.02477635,0.75,Homo sapiens,Australian aboriginie,Alexander Madlung,2,4720.086426,Chowchilla Elementary,2,5,3,G,5,0.8808186
Anterior,PMN3064A,-0.7382668404996442,12,37.7860417,5.15359486,0.75,Homo sapiens,Australian aboriginie,Johannes Flum,4,5470.5625,Salinas City Elementary,2,7,3,G,5,0.8808186
Posterior,PMN3064A,1.8833562096070664,12,37.7860417,5.15359486,0.75,Homo sapiens,Australian aboriginie,Bafetimbi Gomis,4,5615.441895,Santa Maria-Bonita Elementary,4,9,4,G,6,0.8808186
Premolar,PMN3064A,2.275740107113756,8,37.7860417,5.15359486,0.75,Homo sapiens,Australian aboriginie,Cristian Molinaro,5,5245.439941,Whittier City Elementary,4,7,4,L,6,0.8808186
Anterior,PMN3065,5.363096975775466,6,28.2850164,2.64088713,0.5,Homo sapiens,Australian aboriginie,Titus Bramble,5,4838.175293,Eastside Union Elementary,1,19,7,G,10,-0.5665014
Posterior,PMN3065,0.40888704797356207,6,28.2850164,2.64088713,0.5,Homo sapiens,Australian aboriginie, Rubén Miño,3,5367.988281,Lawndale Elementary,1,1,7,wood,10,-0.5665014
Premolar,PMN3065,1.8155490032796875,4,28.2850164,2.64088713,0.5,Homo sapiens,Australian aboriginie,Darren Fletcher,4,5526.236816,Robla Elementary,3,1,7,G,10,-0.5665014
Anterior,PMN7459,-2.7060403540758564,12,25.5490307,3.37476666,0.75,Homo sapiens,Australian aboriginie,Benjamin Nivet,4,4353.019531,Santa Rita Union Elementary,1,1,7,G,10,0.3394037
Posterior,PMN7459,3.794079645541938,12,25.5490307,3.37476666,0.75,Homo sapiens,Australian aboriginie,Leighton Baines,5,5034.290039,Rio Elementary,2,1,4,G,6,-0.1513687
Premolar,PMN7459,-0.9457359093190405,8,25.5490307,3.37476666,0.75,Homo sapiens,Australian aboriginie,Ivan Rakitić,4,4692.493652,Strathmore Union Elementary,3,10,3,G,5,-1.024997
Anterior,UCD2(1)b,-0.4604268305026271,8,37.7132289,5.1293812,0.5,Homo sapiens,Native Californian, Roberto Firmino,4,5606.781738,North Sacramento Elementary,4,3,3,G,5,-1.024997
Posterior,UCD2(1)b,0.847888072457827,9,37.7132289,5.1293812,0.5,Homo sapiens,Native Californian,Jamie Carragher,2,4969.180664,Anaheim Elementary,4,32,7,G,10,-1.024997
Premolar,UCD2(1)b,-2.895127561512603,6,37.7132289,5.1293812,0.5,Homo sapiens,Native Californian,Joe Cole,5,4675.674805,Lemoore Union Elementary,3,1,7,G,10,-1.024997
Anterior,UCD2(10.1)b,1.457742251568161,12,37.3306024,5.06666429,0.5,Homo sapiens,Native Californian,Massimo Volta,4,5306.132813,Armona Union Elementary,1,3,7,G,10,-1.024997
Posterior,UCD2(10.1)b,3.2524235403847834,11,37.3306024,5.06666429,0.5,Homo sapiens,Native Californian,Benjamin Uphoff,2,5693.883301,Beardsley Elementary,2,2,3,G,5,-0.0252444
Premolar,UCD2(10.1)b,1.6136298203316892,8,37.3306024,5.06666429,0.5,Homo sapiens,Native Californian,Marouane Fellaini,3,5181.57959,South Whittier Elementary,3,1,3,G,5,-0.0252444
Anterior,UCD2(16)b,-2.95832733745768,12,36.9479759,5.00397466,0.5,Homo sapiens,Native Californian,Gabriel Obertan,5,5228.650879,Hanford Elementary,1,2,7,G,10,-0.0252444
Posterior,UCD2(16)b,0.6011418296507637,12,36.9479759,5.00397466,0.5,Homo sapiens,Native Californian,Richard Chaplow,2,5339.391113,National Elementary,2,6,4,G,6,-0.7467875
Premolar,UCD2(16)b,2.7047177236439492,8,36.9479759,5.00397466,0.5,Homo sapiens,Native Californian, Xabi Alonso,4,6056.49707,Roseland Elementary,4,3,7,G,10,-0.7467875
Anterior,UCD2(2)b,-3.6606817555637043,11,25.9155783,3.42374303,0.5,Homo sapiens,Native Californian,Bernd Leno,2,4845.680176,Di Giorgio Elementary,4,1,7,G,10,0.9889485
Posterior,UCD2(2)b,-1.7092316761183037,11,25.9155783,3.42374303,0.5,Homo sapiens,Native Californian,Alex Pearce,2,4826.666016,Keppel Union Elementary,2,6,7,G,10,0.9889485
Premolar,UCD2(2)b,3.0315246068529778,8,25.9155783,3.42374303,0.5,Homo sapiens,Native Californian,Benoît Pedretti,4,5367.090332,Lakeside Union Elementary,3,12,7,G,10,0.9889485
Anterior,UCD2(3a)b,1.558143373396883,12,40.3916145,5.56908606,0.5,Homo sapiens,Native Californian,Phil Jones,4,5742.73291,Merced City Elementary,1,1,7,G,10,-0.5324199
Posterior,UCD2(3a)b,1.9028350786653179,10,40.3916145,5.56908606,0.5,Homo sapiens,Native Californian,Andrés Guardado,2,4136.250977,Guadalupe Union Elementary,1,5,9,G,13,-0.5324199
Premolar,UCD2(3a)b,5.419629524340025,8,40.3916145,5.56908606,0.5,Homo sapiens,Native Californian,Max Gradel,2,5267.831055,Cucamonga Elementary,3,4,9,G,13,-0.5324199
Anterior,UCD2(6)b,2.0403005325191694,12,36.1827229,4.87868148,0.5,Homo sapiens,Native Californian,James Tomkins,3,5238.39209,Knightsen Elementary,4,1,4,G,6,-0.7668921
Posterior,UCD2(6)b,2.5002952878937577,12,36.1827229,4.87868148,0.5,Homo sapiens,Native Californian,Ryan Taylor,3,5462.899414,Rio Dell Elementary,1,7,7,G,10,-0.7668921
Premolar,UCD2(6)b,7.487764770682202,8,36.1827229,4.87868148,0.5,Homo sapiens,Native Californian,Stephen Kelly,2,6313.373535,Montague Elementary,4,1,3,G,5,-0.7668921
Anterior,UCD2(8)b,0.3824960503248044,12,40.3916145,5.56908606,0.5,Homo sapiens,Native Californian,Abel Aguilar,2,6653.030762,McCloud Union Elementary,3,4,3,G,5,-0.7668921
Posterior,UCD2(8)b,-1.0365367864961068,12,40.3916145,5.56908606,0.5,Homo sapiens,Native Californian,Fabrice Begeorgi,4,5533.149414,Santa Paula Elementary,3,2,3,G,5,-0.7668921
Premolar,UCD2(8)b,1.941281871404606,8,40.3916145,5.56908606,0.5,Homo sapiens,Native Californian,Antoine Griezmann,1,6118.710449,West Park Elementary,2,3,7,G,10,-0.7668921
Anterior,UCD2(L-23-1)b,1.9684795121244785,13,33.8869639,4.50357659,0.5,Homo sapiens,Native Californian,Kévin Théophile-Catherine,2,5098.626953,Atwater Elementary,3,3,4,G,6,-0.7668921
Posterior,UCD2(L-23-1)b,-0.3777287689472546,12,33.8869639,4.50357659,0.5,Homo sapiens,Native Californian,Oliver Kirch,5,5652.878906,Weaver Union Elementary,2,2,3,G,5,-0.7668921
Premolar,UCD2(L-23-1)b,-1.6062951283186246,8,33.8869639,4.50357659,0.5,Homo sapiens,Native Californian,Mladen Petrić,5,5329.002441,Pacific Union Elementary,4,1,3,G,5,-0.7668921
Anterior,UVS1,6.513765352264422,12,22.1568264,2.64926405,0.75,Homo sapiens,Khoi-San, David Luiz,2,5929.809082,Lucerne Valley Unified,3,1,7,G,10,-0.7668921
Posterior,UVS1,1.696014168810247,12,22.1568264,2.64926405,0.75,Homo sapiens,Khoi-San,Roque Santa Cruz,3,4897.067871,Romoland Elementary,4,1,9,wood,13,1.154256
Premolar,UVS1,-0.8771662801262572,8,22.1568264,2.64926405,0.75,Homo sapiens,Khoi-San,Per Mertesacker,1,5100.202148,El Monte City Elementary,4,12,4,G,6,1.154256
Anterior,UVS10,3.1272155906083183,12,24.7839144,3.03927918,0.75,Homo sapiens,Khoi-San,Damien Tibéri,4,4825.722656,Greenfield Union Elementary,2,2,7,L,10,1.154256
Posterior,UVS10,0.6367687369983372,12,24.7839144,3.03927918,0.75,Homo sapiens,Khoi-San, Rafinha,5,4079.12915,Palo Verde Union Elementary,4,1,3,Q,5,1.154256
Premolar,UVS10,0.28755775776302506,8,24.7839144,3.03927918,0.75,Homo sapiens,Khoi-San,Tom Trybull,4,5349.367676,Elverta Joint Elementary,1,2,3,Q,5,1.232602
Anterior,UVS101,2.267995880090071,12,21.7815281,2.59401611,0.25,Homo sapiens,Khoi-San,Eljero Elia,1,5869.38916,Lucerne Elementary,2,1,4,wood,6,1.232602
Posterior,UVS101,-2.2367211313060356,12,21.7815281,2.59401611,0.25,Homo sapiens,Khoi-San,Stuart Taylor,4,6462.12793,Luther Burbank Elementary,4,1,3,G,5,1.232602
Premolar,UVS101,1.7586564043660629,8,21.7815281,2.59401611,0.25,Homo sapiens,Khoi-San,Cyril Hennion,2,6231.601563,Bangor Union Elementary,3,1,7,L,10,1.232602
Anterior,UVS102,5.549511952570246,12,27.0357042,3.37708808,0.25,Homo sapiens,Khoi-San, Asenjo,2,4993.867676,Bayshore Elementary,2,2,3,wood,5,1.774334
Posterior,UVS102,2.0345301271150857,12,27.0357042,3.37708808,0.25,Homo sapiens,Khoi-San,Stephen Ireland,4,4663.811035,Oak Valley Union Elementary,4,12,9,G,13,1.774334
Premolar,UVS102,-0.012077207339357132,8,27.0357042,3.37708808,0.25,Homo sapiens,Khoi-San,Steeve Elana,2,6107.106445,Wilsona Elementary,1,1,3,G,5,1.774334
Anterior,UVS104,-0.3300855048871649,12,21.7815281,2.59401611,0.75,Homo sapiens,Khoi-San,Gustavo Munúa,4,5324.228027,Brawley Elementary,3,3,7,G,10,1.774334
Posterior,UVS104,-0.09499173334009314,12,21.7815281,2.59401611,0.75,Homo sapiens,Khoi-San,Danny Wilson,5,5221.460938,Meadows Union Elementary,4,1,7,G,10,1.774334
Premolar,UVS104,0.28493087781015225,8,21.7815281,2.59401611,0.75,Homo sapiens,Khoi-San,Jens Langeneke,4,5157.784668,Little Lake City Elementary,4,8,4,G,6,1.774334
Anterior,UVS105,-0.015950913034616154,9,41.1374939,4.32538295,0.25,Homo sapiens,Khoi-San,Maximilian Beister,4,5131.119141,Pond Union Elementary,1,1,9,G,13,1.774334
Posterior,UVS105,3.128141576992209,10,41.1374939,4.32538295,0.25,Homo sapiens,Khoi-San,Joleon Lescott,2,5279.354004,Taft City Elementary,2,4,7,G,10,1.773151
Premolar,UVS105,-3.3089358872681904,8,41.1374939,4.32538295,0.25,Homo sapiens,Khoi-San,Steven Whittaker,2,4704.043945,Brittan Elementary,1,10,4,G,6,1.773151
Anterior,UVS119,2.996190673784427,6,21.7815281,2.59401611,0.75,Homo sapiens,Khoi-San,Dong-Won Ji,2,6089.910645,Arena Union Elementary,4,2,7,G,10,0.7245926
Posterior,UVS119,-0.020518402286963666,6,21.7815281,2.59401611,0.75,Homo sapiens,Khoi-San,Stewart Downing,5,5356.833496,Adelanto Elementary,3,1,3,G,5,-1.181626
Premolar,UVS119,1.8177438755766269,4,21.7815281,2.59401611,0.75,Homo sapiens,Khoi-San,Mamadou Sakho,5,5144.549316,Hollister School District,2,1,4,G,6,-1.181626
Anterior,UVS12,-1.8361060998981784,6,28.5368973,3.60361662,0.75,Homo sapiens,Khoi-San or bushman half-caste,Erik Wille,3,4906.22998,Palmdale Elementary,2,4,4,G,6,-1.181626
Posterior,UVS12,4.129882581369055,6,28.5368973,3.60361662,0.75,Homo sapiens,Khoi-San or bushman half-caste,Szabolcs Huszti,4,5489.588867,Oroville City Elementary,4,1,3,L,5,-1.181626
Premolar,UVS12,3.9282414319663213,4,28.5368973,3.60361662,0.75,Homo sapiens,Khoi-San or bushman half-caste,Emre Can,2,5718.55127,Standard Elementary,3,1,3,G,5,-1.181626
Anterior,UVS125,3.2332892125671036,12,34.7,7.8,0.25,Homo sapiens,Khoi-San,Marcell Jansen,4,4436.152832,Briggs Elementary,3,1,3,wood,5,-1.181626
Posterior,UVS125,-2.778195549734267,12,34.7,7.8,0.25,Homo sapiens,Khoi-San,Oguchi Onyewu,3,4895.439453,Monroe Elementary,2,1,3,G,5,1.769452
Premolar,UVS125,2.9163103582861476,8,34.7,7.8,0.25,Homo sapiens,Khoi-San,Marc-Antoine Fortuné,4,5159.21875,Lancaster Elementary,1,5,4,G,6,1.769452
Anterior,UVS142,1.8855453745293471,12,17.6532469,1.99807578,0.25,Homo sapiens,Khoi-San,Hedwiges Maduro,4,5490.654785,Alview-Dairyland Union Elementary,4,5,4,G,6,-0.5872612
Posterior,UVS142,-2.9981076161109357,12,17.6532469,1.99807578,0.25,Homo sapiens,Khoi-San,Aristide Bancé,4,5172.019531,Magnolia Elementary,1,3,7,wood,10,-0.0018324
Premolar,UVS142,0.8429085441100568,8,17.6532469,1.99807578,0.25,Homo sapiens,Khoi-San,Nathaniel Clyne,4,4441.672852,Liberty Elementary,4,1,7,G,10,-0.0018324
Anterior,UVS2,1.7875854560190794,12,28.5368973,3.60361662,0.25,Homo sapiens,Khoi-San,Ralf Fährmann,3,5220.370117,Mt. Pleasant Elementary,4,2,7,L,10,-0.0566766
Posterior,UVS2,2.2529386580985684,12,28.5368973,3.60361662,0.25,Homo sapiens,Khoi-San,Sammy Ameobi,2,5252.810547,El Centro Elementary,1,1,7,L,10,-0.0566766
Premolar,UVS2,1.3326006488877968,8,28.5368973,3.60361662,0.25,Homo sapiens,Khoi-San,Oguchi Onyewu,2,5518.702148,South Bay Union Elementary,3,1,4,G,6,-0.0566766
Anterior,UVS22,1.609493780131964,12,24.4086161,2.98325724,0.75,Homo sapiens,Khoi-San, Luna,3,5609.487793,Cascade Union Elementary,2,2,3,G,5,-0.0566766
Posterior,UVS22,4.482115964661953,12,24.4086161,2.98325724,0.75,Homo sapiens,Khoi-San,Zlatko Junuzović,2,4945.031738,Kings River Union Elementary,4,1,3,G,5,-0.0566766
Premolar,UVS22,3.8806201824597313,8,24.4086161,2.98325724,0.75,Homo sapiens,Khoi-San, Amorebieta,4,5223.025391,Gerber Union Elementary,3,1,7,G,10,-0.0566766
Anterior,UVS24,-6.063643182677038,9,28.161599,3.54689952,0.75,Homo sapiens,Khoi-San,Mathieu Deplagne,4,4757.025391,Exeter Union Elementary,1,1,7,G,10,1.231394
Posterior,UVS24,0.13071462276355117,12,28.161599,3.54689952,0.75,Homo sapiens,Khoi-San,Roman Weidenfeller,5,5522.161621,American Union Elementary,4,1,7,G,10,1.231394
Premolar,UVS24,0.5019158013633918,8,28.161599,3.54689952,0.75,Homo sapiens,Khoi-San,Jan Kirchhoff,4,6087.608887,San Antonio Union Elementary,4,1,3,G,5,1.231394
Anterior,UVS28,-3.35482833328391,6,34.7,7.8,0.25,Homo sapiens,Khoi-San,Ashkan Dejagah,3,4960.515625,Burton Elementary,2,1,3,G,5,1.231394
Posterior,UVS28,1.1307597875433004,5,34.7,7.8,0.25,Homo sapiens,Khoi-San,Emmanuel Adebayor,4,4880.040527,Nuview Union Elementary,4,3,7,G,10,1.231394
Premolar,UVS28,3.9358283836243464,4,34.7,7.8,0.25,Homo sapiens,Khoi-San,Simon Pouplin,3,6538.417969,Bellevue Union Elementary,4,2,4,G,6,0.4203998
Anterior,UVS29,-1.7379045602086596,12,19.5297384,2.26582834,0.75,Homo sapiens,Khoi-San or bushman half-caste,Danny Fox,4,4925.659668,Garvey Elementary,3,2,7,G,10,0.4203998
Posterior,UVS29,1.719234280824081,12,19.5297384,2.26582834,0.75,Homo sapiens,Khoi-San or bushman half-caste, Dante,3,5204.6875,Corning Union Elementary,2,7,7,G,10,0.4203998
Premolar,UVS29,-1.3230767462533788,8,19.5297384,2.26582834,0.75,Homo sapiens,Khoi-San or bushman half-caste,Markus Feulner,2,4907.410645,Jefferson Elementary,2,1,7,G,10,0.2899157
Anterior,UVS3,-0.7304876739629398,12,26.6604059,3.32060722,0.75,Homo sapiens,Khoi-San,Etienne Didot,4,5923.45166,Big Springs Union Elementary,4,3,7,G,10,-0.7377322
Posterior,UVS3,4.491305017473958,12,26.6604059,3.32060722,0.75,Homo sapiens,Khoi-San,Alexandre Alphonse,1,4741.957031,General Shafter Elementary,2,8,7,G,10,-0.5719836
Premolar,UVS3,-0.4162183505978214,8,26.6604059,3.32060722,0.75,Homo sapiens,Khoi-San,Ryad Boudebouz,3,4954.019531,Turlock Joint Elementary,3,9,9,G,13,-0.6779634
Anterior,UVS34,2.024896638136494,6,27.0357042,3.37708808,0.5,Homo sapiens,Khoi-San or bushman half-caste, Sandro,4,5500.10791,Twain Harte-Long Barn Union Elementary,3,1,9,G,13,1.509794
Posterior,UVS34,-3.6442322896347106,6,27.0357042,3.37708808,0.5,Homo sapiens,Khoi-San or bushman half-caste,Louis Saha,4,5360.51709,Redwood City Elementary,1,1,4,G,6,0.5885687
Premolar,UVS34,5.426487476330367,4,27.0357042,3.37708808,0.5,Homo sapiens,Khoi-San or bushman half-caste,Mohamed Fofana,4,5685.63916,Camino Union Elementary,2,3,7,G,10,-0.126001
Anterior,UVS38,2.3660990817791494,12,23.2827213,2.81576611,0.25,Homo sapiens,Khoi-San,Matthias Ostrzolek,2,5594.196289,Plainsburg Union Elementary,4,1,3,G,5,-0.2581899
Posterior,UVS38,0.45855165167507544,12,23.2827213,2.81576611,0.25,Homo sapiens,Khoi-San,Moussa Dembélé,1,4692.566895,Banta Elementary,3,10,3,G,5,0.1496926
Premolar,UVS38,2.30024452098951,8,23.2827213,2.81576611,0.25,Homo sapiens,Khoi-San,Clemens Fritz,4,5085.40625,Washington Colony Elementary,3,1,3,L,5,0.540917
Anterior,UVS40,-2.5232524590523093,12,28.5757213,3.49137561,0.25,Homo sapiens,Khoi-San,David Ducourtioux,2,5456.197266,Rio Linda Union Elementary,2,5,7,G,10,0.2316134
Posterior,UVS40,3.7749281303719977,12,28.5757213,3.49137561,0.25,Homo sapiens,Khoi-San,Armand Traoré,4,5105.179688,Chatom Union Elementary,1,13,4,wood,6,-0.0666737
Premolar,UVS40,0.11481041338898368,8,28.5757213,3.49137561,0.25,Homo sapiens,Khoi-San,Andreas Beck,4,5519.677246,Merced River Union Elementary,2,4,3,G,5,0.2168924
Anterior,UVS42,0.40614758468064344,6,23.2827213,2.81576611,0.75,Homo sapiens,Khoi-San,Hanno Balitsch,5,5065.911133,Hueneme Elementary,1,13,3,G,5,-0.2586962
Posterior,UVS42,-0.2925501501999752,6,23.2827213,2.81576611,0.75,Homo sapiens,Khoi-San,Wojciech Szczęsny,2,5182.428223,Cuddeback Union Elementary,2,1,7,G,10,0.5502878
Premolar,UVS42,-0.5087676772425118,4,23.2827213,2.81576611,0.75,Homo sapiens,Khoi-San, Javi García,3,5960.464355,Blue Lake Union Elementary,3,1,9,G,13,-0.0620358
Anterior,UVS45,2.5896595518325802,12,39.4,9.1,0.25,Homo sapiens,Khoi-San,Valentin Eysseric,2,5124.836426,Lemon Grove Elementary,1,3,4,G,6,-0.9823852
Posterior,UVS45,1.5236718479307836,8,39.4,9.1,0.25,Homo sapiens,Khoi-San,Daniel Wass,2,5655.133301,Upper Lake Union Elementary,2,8,7,G,10,-0.054344
Premolar,UVS45,2.4853783201228556,8,39.4,9.1,0.25,Homo sapiens,Khoi-San,Jack Cork,2,5811.689941,Peninsula Union Elementary,3,1,3,G,5,-0.0680143
Anterior,UVS46,0.8805727336684915,12,16.9026504,1.89297439,0.25,Homo sapiens,Khoi-San,Jermaine Jenas,4,5467.673828,Ocean View Elementary,1,1,3,G,5,0.0294137
Posterior,UVS46,2.148771632254106,12,16.9026504,1.89297439,0.25,Homo sapiens,Khoi-San,Benoît Pedretti,1,5213.089355,Reeds Creek Elementary,4,1,4,G,6,0.2394859
Premolar,UVS46,-0.11566400759997575,8,16.9026504,1.89297439,0.25,Homo sapiens,Khoi-San, Isma López,2,4613.1875,Arcohe Union Elementary,3,1,3,G,5,-0.8487269
Anterior,UVS49,6.319129802517505,13,27.4110024,3.43363244,0.25,Homo sapiens,Khoi-San or bushman half-caste,Mike Hanke,4,4886.983887,New Jerusalem Elementary,1,9,7,G,10,-0.7330914
Posterior,UVS49,-2.907387119405352,12,27.4110024,3.43363244,0.25,Homo sapiens,Khoi-San or bushman half-caste,Zdravko Kuzmanović,3,6455.136719,Dunsmuir Elementary,3,1,3,G,5,-0.1111221
Premolar,UVS49,3.9654189125287456,8,27.4110024,3.43363244,0.25,Homo sapiens,Khoi-San or bushman half-caste,Johnny Heitinga,2,5125.433105,Stanislaus Union Elementary,4,2,9,G,13,1.775517
Anterior,UVS52,4.225305553665903,12,31.1639853,4.00197497,0.25,Homo sapiens,Khoi-San or bushman half-caste,Bafetimbi Gomis,2,5193.692383,Kingsburg Joint Union Elementary,4,1,3,G,5,-0.3218485
Posterior,UVS52,-1.1684018100738827,12,31.1639853,4.00197497,0.25,Homo sapiens,Khoi-San or bushman half-caste,Louis Saha,2,5002.838867,Buena Park Elementary,1,1,7,G,10,0.2116939
Premolar,UVS52,6.318016519018972,8,31.1639853,4.00197497,0.25,Homo sapiens,Khoi-San or bushman half-caste,Chris Baird,2,5337.625488,Westminster Elementary,4,1,7,G,10,-0.717645
Anterior,UVS55,3.3205085845823588,11,30.5,9.6,0.25,Homo sapiens,Khoi-San or bushman half-caste,Felix Klaus,5,5161.202148,Island Union Elementary,3,1,4,G,6,-0.7326927
Posterior,UVS55,3.261346540682861,8,30.5,9.6,0.25,Homo sapiens,Khoi-San or bushman half-caste,Kassim Abdallah,4,5158.791992,Tulare City Elementary,3,7,9,G,13,0.4081676
Premolar,UVS55,0.970020270358714,8,30.5,9.6,0.25,Homo sapiens,Khoi-San or bushman half-caste,Gaëtan Bong,4,5123.474121,Chula Vista Elementary,4,1,7,G,10,-0.0102077
Anterior,UVS56,0.374183185899437,12,41.1,10.0,0.25,Homo sapiens,Khoi-San or bushman half-caste,Steven Whittaker,1,5782.543945,Black Butte Union Elementary,3,1,4,G,6,-0.923957
Posterior,UVS56,0.39317559057129736,10,41.1,10.0,0.25,Homo sapiens,Khoi-San or bushman half-caste, Martín Montoya,5,4842.60791,McSwain Union Elementary,2,1,7,G,10,0.5766805
Premolar,UVS56,1.8507436590124042,8,41.1,10.0,0.25,Homo sapiens,Khoi-San or bushman half-caste, Siqueira,3,4219.40625,Franklin Elementary,4,1,3,G,5,-0.0836015
Anterior,UVS57,4.306157302667811,12,22.1568264,2.64926405,0.25,Homo sapiens,Khoi-San or bushman half-caste,Martin Kelly,4,5081.169922,Escondido Union Elementary,2,1,4,G,6,-1.079558
Posterior,UVS57,1.3424471531285582,12,22.1568264,2.64926405,0.25,Homo sapiens,Khoi-San or bushman half-caste,Cédric Carrasso,4,5144.993652,East Whittier City Elementary,4,20,4,G,6,1.040902
Premolar,UVS57,-1.312435779318654,8,22.1568264,2.64926405,0.25,Homo sapiens,Khoi-San or bushman half-caste,Lionel Messi,4,4674.298828,Rio Bravo-Greeley Union Elementary,2,3,3,G,5,-1.052108
Anterior,UVS58,2.9049061449603935,6,24.0333178,2.92732743,0.25,Homo sapiens,Khoi-San or bushman half-caste, Guaita,3,4830.326172,Marcum-Illinois Union Elementary,2,3,3,G,5,-0.7277681
Posterior,UVS58,3.1398987921935433,6,24.0333178,2.92732743,0.25,Homo sapiens,Khoi-San or bushman half-caste,Kevin Volland,1,5621.687988,Vallecitos Elementary,1,1,3,G,5,-0.3953965
Premolar,UVS58,2.4924516089018045,4,24.0333178,2.92732743,0.25,Homo sapiens,Khoi-San or bushman half-caste, Manuel Pablo,4,4948.868164,Victor Elementary,2,14,3,G,5,0.9333959
Anterior,UVS59,2.7131481854011836,12,18.7791418,2.1579761,0.25,Homo sapiens,Khoi-San or bushman half-caste,Tomáš Pekhart,2,5100.975586,Savanna Elementary,1,1,4,G,6,-0.2377786
Posterior,UVS59,0.24371288096009402,12,18.7791418,2.1579761,0.25,Homo sapiens,Khoi-San or bushman half-caste,Maxim Choupo-Moting,4,5132.788574,West Side Union Elementary,3,4,4,wood,6,0.274908
Premolar,UVS59,-1.3550631241343296,8,18.7791418,2.1579761,0.25,Homo sapiens,Khoi-San or bushman half-caste,Pantxi Sirieix,3,5358.51709,Enterprise Elementary,2,12,7,G,10,1.970023
Anterior,UVS60,-1.207358338026537,6,21.7815281,2.59401611,0.25,Homo sapiens,Khoi-San or bushman half-caste,Johan Liebus,5,5149.186523,Red Bluff Union Elementary,2,3,7,L,10,1.05095
Posterior,UVS60,-3.0714598502543016,6,21.7815281,2.59401611,0.25,Homo sapiens,Khoi-San or bushman half-caste,Kevin Nolan,4,5373.206543,Jamestown Elementary,2,3,7,Q,10,0.2418185
Premolar,UVS60,1.4776123257848508,4,21.7815281,2.59401611,0.25,Homo sapiens,Khoi-San or bushman half-caste,Jonas Hofmann,4,6485.166016,Weed Union Elementary,3,1,7,Q,10,1.349395
Anterior,UVS62,0.6991987165951261,6,19.5297384,2.26582834,0.25,Homo sapiens,Khoi-San or bushman half-caste,Łukasz Fabiański,4,5504.025391,South Bay Union Elementary,4,2,4,wood,6,0.1115635
Posterior,UVS62,-0.16702164935134678,6,19.5297384,2.26582834,0.25,Homo sapiens,Khoi-San or bushman half-caste,Rani Khedira,4,5105.734375,Brentwood Union Elementary,3,1,3,G,5,-0.2577254
Premolar,UVS62,-6.278811355867627,4,19.5297384,2.26582834,0.25,Homo sapiens,Khoi-San or bushman half-caste,Romain Amalfitano,4,5634.730957,Summerville Elementary,3,2,3,L,5,-0.6562689
Anterior,UVS63,-2.1284498212442546,12,28.9121956,3.66038599,0.25,Homo sapiens,Khoi-San or bushman half-caste,Szabolcs Huszti,5,4980.294434,Ophir Elementary,4,1,7,wood,10,-0.6563948
Posterior,UVS63,3.6250504888441144,12,28.9121956,3.66038599,0.25,Homo sapiens,Khoi-San or bushman half-caste,Sebastián Coates,5,6113.859863,Montgomery Elementary,2,1,7,G,10,0.7244775
Premolar,UVS63,-0.7127860945102624,8,28.9121956,3.66038599,0.25,Homo sapiens,Khoi-San or bushman half-caste,Jean Beausejour,3,5850.0,Santa Rosa Elementary,3,1,7,G,10,0.6318343
Anterior,UVS67,1.7780062956265514,12,25.1592127,3.09538823,0.75,Homo sapiens,Khoi-San or bushman half-caste,Mesut Özil,4,4547.944824,Salida Union Elementary,1,1,3,G,5,1.070944
Posterior,UVS67,-2.476765922515294,12,25.1592127,3.09538823,0.75,Homo sapiens,Khoi-San or bushman half-caste,Simon Jentzsch,2,5011.840332,Shasta Union Elementary,1,6,3,G,5,-1.450494
Premolar,UVS67,4.397311169910662,8,25.1592127,3.09538823,0.75,Homo sapiens,Khoi-San or bushman half-caste,Carlos Vela,3,5261.370605,Fortuna Union Elementary,1,1,7,G,10,1.15588
Anterior,UVS68,0.5520207965440461,12,17.6532469,1.99807578,0.75,Homo sapiens,Khoi-San or bushman half-caste,Robert Green,1,4276.115234,Rockford  Elementary,2,6,4,G,6,-0.3260148
Posterior,UVS68,1.6066001659042426,12,17.6532469,1.99807578,0.75,Homo sapiens,Khoi-San or bushman half-caste,Jamie Mackie,3,4566.27002,Plaza Elementary,2,3,7,G,10,0.8846435
Premolar,UVS68,6.552480737956194,8,17.6532469,1.99807578,0.75,Homo sapiens,Khoi-San or bushman half-caste,Glenn Whelan,4,6049.495117,Monte Rio Union Elementary,1,1,7,G,10,-0.5583452
Anterior,UVS76,4.586169399480509,12,22.1568264,2.64926405,0.75,Homo sapiens,Khoi-San or bushman half-caste,Lionel Messi,3,4974.28125,Janesville Union Elementary,3,18,7,G,10,-0.3415543
Posterior,UVS76,0.15713069101413724,12,22.1568264,2.64926405,0.75,Homo sapiens,Khoi-San or bushman half-caste, Júlio Baptista,3,4432.478027,Magnolia Union Elementary,4,7,7,G,10,-0.5040575
Premolar,UVS76,-0.5393038526811749,8,22.1568264,2.64926405,0.75,Homo sapiens,Khoi-San or bushman half-caste,Frank Lampard,4,4924.619141,Shaffer Union Elementary,2,4,7,G,10,-0.9005804
