uuid,page_id,reader_view,running_time,adjusted_running_time,scrolling_time,num_words,correct_rate,img_width,age,device,dyslexia,education,gender,language,retake_trial,dyslexia_bin,english_native,Flesch_Kincaid,speed,player,religiousness,expenditure,school,persons,games,f_other,n_other,deny,occupation
0010d921-1f71-4511-834a-55096185fabb,2-1,0,28152,26435,1717,145,0.6666666667,1135,19.0,laptop,0.0,high school,1.0,English,0.0,0.0,Y,8.337,329.1091356,Abel Aguilar,3,6384.911133,Sunol Glen Unified,1,2,9,13,0,7
0010d921-1f71-4511-834a-55096185fabb,1-2,1,60796,43012,17784,383,1.0,1135,19.0,laptop,0.0,high school,1.0,English,0.0,0.0,Y,10.485,534.2695062,Jérôme Boateng,4,5099.380859,Manzanita Elementary,1,1,9,13,0,6
0010d921-1f71-4511-834a-55096185fabb,3-1,0,40283,22518,17765,106,0.6666666667,1135,19.0,laptop,0.0,high school,1.0,English,0.0,0.0,Y,11.081,282.4407141,Franck Tabanou,1,5501.95459,Thermalito Union Elementary,1,1,4,6,0,1
0010d921-1f71-4511-834a-55096185fabb,1-1,0,64213,62798,1415,324,0.6666666667,1135,19.0,laptop,0.0,high school,1.0,English,0.0,0.0,Y,9.6,309.5639989,Joel Matip,5,7101.831055,Golden Feather Union Elementary,2,1,7,10,0,6
0010d921-1f71-4511-834a-55096185fabb,3-2,1,23086,10022,13064,120,0.6666666667,1135,19.0,laptop,0.0,high school,1.0,English,0.0,0.0,Y,10.697,718.4194772, Pedro León,2,5235.987793,Palermo Union Elementary,1,11,3,5,0,6
0010d921-1f71-4511-834a-55096185fabb,2-2,1,26912,23811,3101,166,0.6666666667,1135,19.0,laptop,0.0,high school,1.0,English,0.0,0.0,Y,7.638,418.2940658,Thomas Müller,2,5580.146973,Burrel Union Elementary,4,4,3,5,0,5
001d6664-0e5d-401b-bfd9-c2985739e2ca,1-1,0,102356,40362,61994,324,1.0,880,35.0,smartphone,0.0,college,1.0,English,0.0,0.0,Y,9.6,481.6411476,Robin Knoche,2,5253.331055,Holt Union Elementary,3,2,3,5,0,1
001d6664-0e5d-401b-bfd9-c2985739e2ca,2-1,1,57687,47505,10182,145,0.6666666667,880,35.0,smartphone,0.0,college,1.0,English,0.0,0.0,Y,8.337,183.138617,Jonathan Schmid,2,4565.746094,Vineland Elementary,4,1,7,10,0,4
001d6664-0e5d-401b-bfd9-c2985739e2ca,1-2,1,97241,40176,57065,383,1.0,880,35.0,smartphone,0.0,college,1.0,English,0.0,0.0,Y,10.485,571.9832736,Gary Caldwell,4,5355.54834,Orange Center Elementary,3,2,4,6,1,1
001d6664-0e5d-401b-bfd9-c2985739e2ca,3-1,1,38521,25074,13447,106,1.0,880,35.0,smartphone,0.0,college,1.0,English,0.0,0.0,Y,11.081,253.6491984,Peniel Mlapa,4,5036.211426,Del Paso Heights Elementary,1,1,3,5,0,4
001d6664-0e5d-401b-bfd9-c2985739e2ca,2-2,0,51351,46107,5244,166,1.0,880,35.0,smartphone,0.0,college,1.0,English,0.0,0.0,Y,7.638,216.0192595,Tobias Steffen,2,4547.692383,Le Grand Union Elementary,4,1,3,5,0,7
001d6664-0e5d-401b-bfd9-c2985739e2ca,3-2,0,40730,14319,26411,120,1.0,880,35.0,smartphone,0.0,college,1.0,English,0.0,0.0,Y,10.697,502.8284098,Martin Stranzl,4,5447.345215,West Fresno Elementary,3,2,7,10,0,6
0023cb4d-a3f6-4163-8761-a07914b40754,2-2,0,38015,32047,5968,166,1.0,1150,21.0,laptop,0.0,high school,1.0,Other,0.0,0.0,N,7.638,310.793522, Bodipo,5,6567.149414,Allensworth Elementary,3,1,9,13,1,6
0023cb4d-a3f6-4163-8761-a07914b40754,3-1,1,14199,9975,4224,106,1.0,1150,21.0,laptop,0.0,high school,1.0,Other,0.0,0.0,N,11.081,637.593985,Stilian Petrov,2,4818.612793,Sunnyside Union Elementary,3,1,4,6,0,5
0023cb4d-a3f6-4163-8761-a07914b40754,3-2,0,23792,21138,2654,120,0.6666666667,1150,21.0,laptop,0.0,high school,1.0,Other,0.0,0.0,N,10.697,340.6187908,Andrey Arshavin,4,5621.456055,Woodville Elementary,1,4,7,10,0,5
0023cb4d-a3f6-4163-8761-a07914b40754,1-2,0,46747,38488,8259,383,0.6666666667,1150,21.0,laptop,0.0,high school,1.0,Other,0.0,0.0,N,10.485,597.0692164,Abdou Dampha,1,6026.359863,Pixley Union Elementary,1,1,3,5,0,5
0023cb4d-a3f6-4163-8761-a07914b40754,1-1,1,43543,33762,9781,324,0.6666666667,1150,21.0,laptop,0.0,high school,1.0,Other,0.0,0.0,N,9.6,575.7952728,Adam Johnson,2,6723.237793,Lost Hills Union Elementary,4,1,3,5,0,4
0023cb4d-a3f6-4163-8761-a07914b40754,2-1,1,20896,18808,2088,145,0.6666666667,1150,21.0,laptop,0.0,high school,1.0,Other,0.0,0.0,N,8.337,462.5691195,Gary Gardner,3,5589.885254,Buttonwillow Union Elementary,3,1,4,6,0,5
0111fc3b-685f-4756-9692-67ace3297314,3-1,1,33061,30976,2085,106,0.6666666667,1438,19.0,desktop,0.0,college,0.0,English,0.0,0.0,Y,11.081,205.3202479,Tomáš Rosický,2,5064.615723,Lennox Elementary,2,3,3,5,0,5
0111fc3b-685f-4756-9692-67ace3297314,2-1,0,39929,38421,1508,145,1.0,1438,19.0,desktop,0.0,college,0.0,English,0.0,0.0,Y,8.337,226.4386664, Juanfran,2,5433.593262,Lamont Elementary,3,1,7,10,0,1
0111fc3b-685f-4756-9692-67ace3297314,1-1,0,77673,74513,3160,324,0.6666666667,1438,19.0,desktop,0.0,college,0.0,English,0.0,0.0,Y,9.6,260.8940722,Phil Jagielka,2,5725.563477,Westmorland Union Elementary,4,22,3,5,1,5
0111fc3b-685f-4756-9692-67ace3297314,2-2,1,42367,41263,1104,166,1.0,1438,19.0,desktop,0.0,college,0.0,English,0.0,0.0,Y,7.638,241.3784747,Fabian Giefer,2,4542.10498,Pleasant View Elementary,4,1,9,13,0,5
0111fc3b-685f-4756-9692-67ace3297314,1-2,1,63836,58345,5491,383,1.0,1438,19.0,desktop,0.0,college,0.0,English,0.0,0.0,Y,10.485,393.8640843, Bueno,4,5107.086426,Wasco Union Elementary,2,1,3,5,0,5
0111fc3b-685f-4756-9692-67ace3297314,3-2,0,37407,34160,3247,120,0.6666666667,1438,19.0,desktop,0.0,college,0.0,English,0.0,0.0,Y,10.697,210.7728337, Agirretxe,3,4659.661621,Alta Vista Elementary,2,10,7,10,0,1
014c91ae-55d5-4aab-87e7-77c677f8a128,2-2,0,44766,44501,265,166,1.0,1212,25.0,laptop,0.0,college,1.0,English,0.0,0.0,Y,7.638,223.8151952,Piotr Trochowski,2,4555.464355,Livingston Union Elementary,3,1,7,10,0,6
014c91ae-55d5-4aab-87e7-77c677f8a128,1-1,0,73423,73010,413,324,0.6666666667,1212,25.0,laptop,0.0,college,1.0,English,0.0,0.0,Y,9.6,266.2648952,Eden Hazard,2,5415.152832,Woodlake Union Elementary,2,2,4,6,0,5
014c91ae-55d5-4aab-87e7-77c677f8a128,3-1,1,27458,26242,1216,106,1.0,1212,25.0,laptop,0.0,college,1.0,English,0.0,0.0,Y,11.081,242.3595763,André Schürrle,4,4997.871582,Alisal Union Elementary,4,1,9,13,0,1
014c91ae-55d5-4aab-87e7-77c677f8a128,3-2,0,28369,28111,258,120,1.0,1212,25.0,laptop,0.0,college,1.0,English,0.0,0.0,Y,10.697,256.1274946,Jon Walters,5,5223.912109,Arvin Union Elementary,2,14,7,10,0,6
014c91ae-55d5-4aab-87e7-77c677f8a128,2-1,1,38176,37655,521,145,1.0,1212,25.0,laptop,0.0,college,1.0,English,0.0,0.0,Y,8.337,231.0450139,Beg Ferati,3,5139.164551,Terra Bella Union Elementary,1,5,4,6,0,5
014c91ae-55d5-4aab-87e7-77c677f8a128,1-2,1,42703,41876,827,383,1.0,1212,25.0,laptop,0.0,college,1.0,English,0.0,0.0,Y,10.485,548.7630146,Shola Ameobi,3,4614.251953,Tipton Elementary,4,1,7,10,0,5
01793098-f0e2-4ef8-a0eb-706a0584332d,2-1,0,54268,48912,5356,145,1.0,1438,31.0,desktop,2.0,graduate school,0.0,,0.0,1.0,,8.337,177.8704612,Darron Gibson,4,5342.233398,San Ysidro Elementary,1,7,3,5,0,6
01793098-f0e2-4ef8-a0eb-706a0584332d,1-1,1,150968,146860,4108,324,1.0,1438,31.0,desktop,2.0,graduate school,0.0,,0.0,1.0,,9.6,132.3709655,Janek Sternberg,3,5347.458496,Soledad Unified,3,2,4,6,0,5
01793098-f0e2-4ef8-a0eb-706a0584332d,3-1,0,50526,50351,175,106,1.0,1438,31.0,desktop,2.0,graduate school,0.0,,0.0,1.0,,11.081,126.3132808,Niklas Lomb,4,5036.458984,Mountain View Elementary,4,2,4,6,0,6
01793098-f0e2-4ef8-a0eb-706a0584332d,1-2,0,127301,125380,1921,383,1.0,1438,31.0,desktop,2.0,graduate school,0.0,,0.0,1.0,,10.485,183.2828202, Cristiano Ronaldo,5,5117.141602,King City Union Elementary,4,10,3,5,0,5
01793098-f0e2-4ef8-a0eb-706a0584332d,2-2,1,61999,61999,0,166,0.6666666667,1438,31.0,desktop,2.0,graduate school,0.0,,0.0,1.0,,7.638,160.6477524,Zoltán Gera,1,5117.039551,Ontario-Montclair Elementary,1,1,3,5,0,6
01793098-f0e2-4ef8-a0eb-706a0584332d,3-2,1,57718,57718,0,120,1.0,1438,31.0,desktop,2.0,graduate school,0.0,,0.0,1.0,,10.697,124.7444471, Nélson,4,5272.191895,Los Nietos Elementary,2,3,3,5,0,5
020bf19f-ab82-4c2a-8fb3-fbaab33412fd,2-2,1,49651,46697,2954,166,1.0,1294,29.0,laptop,0.0,college,1.0,Russian,0.0,0.0,N,7.638,213.289933,Fabien Camus,3,5225.719238,Winton Elementary,2,9,3,5,0,1
020bf19f-ab82-4c2a-8fb3-fbaab33412fd,3-1,1,39816,38256,1560,106,1.0,1294,29.0,laptop,0.0,college,1.0,Russian,0.0,0.0,N,11.081,166.2484316,Wesley Hoolahan,4,6516.533203,Raisin City Elementary,4,3,4,6,0,5
020bf19f-ab82-4c2a-8fb3-fbaab33412fd,1-2,1,86342,82355,3987,383,0.6666666667,1294,29.0,laptop,0.0,college,1.0,Russian,0.0,0.0,N,10.485,279.0358812,William Gallas,1,4559.176758,Ravenswood City Elementary,3,1,4,6,0,3
020bf19f-ab82-4c2a-8fb3-fbaab33412fd,3-2,0,33937,30736,3201,120,0.6666666667,1294,29.0,laptop,0.0,college,1.0,Russian,0.0,0.0,N,10.697,234.2529932, Ryan Mendes,3,5119.158203,Richland-Lerdo Union Elementary,4,2,7,10,0,1
020bf19f-ab82-4c2a-8fb3-fbaab33412fd,1-1,0,131637,127958,3679,324,0.6666666667,1294,29.0,laptop,0.0,college,1.0,Russian,0.0,0.0,N,9.6,151.9248503,Matthias Ostrzolek,5,5338.185547,Oxnard Elementary,1,1,7,10,0,6
020bf19f-ab82-4c2a-8fb3-fbaab33412fd,2-1,0,30180,29327,853,145,0.6666666667,1294,29.0,laptop,0.0,college,1.0,Russian,0.0,0.0,N,8.337,296.6549596,Liam Ridgewell,5,5090.044922,El Nido Elementary,4,3,7,10,0,6
023c99b1-f32a-4d79-b5d7-197ac75591e2,3-2,0,83830,76018,7812,120,1.0,1438,58.0,desktop,0.0,professional school,0.0,English,0.0,0.0,Y,10.697,94.71440975,Javier Pinola,5,5485.496094,Fairfax Elementary,3,1,7,10,1,1
023c99b1-f32a-4d79-b5d7-197ac75591e2,1-2,1,81450,78604,2846,383,1.0,1438,58.0,desktop,0.0,professional school,0.0,English,0.0,0.0,Y,10.485,292.3515343,Florent Malouda,2,4793.370117,Delano Union Elementary,4,3,4,6,1,6
023c99b1-f32a-4d79-b5d7-197ac75591e2,2-1,0,52182,51046,1136,145,1.0,1438,58.0,desktop,0.0,professional school,0.0,English,0.0,0.0,Y,8.337,170.43451,Claudio Pizarro,5,5092.91748,Perris Elementary,4,1,3,5,0,5
023c99b1-f32a-4d79-b5d7-197ac75591e2,1-1,0,102320,98645,3675,324,1.0,1438,58.0,desktop,0.0,professional school,0.0,English,0.0,0.0,Y,9.6,197.0703026,Vegar Hedenstad,3,4359.520996,Valle Lindo Elementary,1,1,3,5,0,5
023c99b1-f32a-4d79-b5d7-197ac75591e2,2-2,1,39728,38447,1281,166,1.0,1438,58.0,desktop,0.0,professional school,0.0,English,0.0,0.0,Y,7.638,259.0579239,Sebastian Larsson,4,5645.495605,Alum Rock Union Elementary,2,21,7,10,1,6
023c99b1-f32a-4d79-b5d7-197ac75591e2,3-1,1,32643,30728,1915,106,1.0,1438,58.0,desktop,0.0,professional school,0.0,English,0.0,0.0,Y,11.081,206.9773496,Hajime Hosogai,2,4518.016113,Edison Elementary,1,1,7,10,0,5
025562fd-3b78-416d-b71d-1bab3f5fe6b6,1-2,1,54878,36774,18104,383,1.0,1150,23.0,laptop,0.0,high school,0.0,German,0.0,0.0,N,10.485,624.8980258,David Fox,4,5864.366211,Bakersfield City Elementary,2,1,7,10,1,3
025562fd-3b78-416d-b71d-1bab3f5fe6b6,2-2,1,30389,22371,8018,166,1.0,1150,23.0,laptop,0.0,high school,0.0,German,0.0,0.0,N,7.638,445.2192571,Roque Santa Cruz,2,5257.996582,Franklin-McKinley Elementary,2,2,3,5,0,6
025562fd-3b78-416d-b71d-1bab3f5fe6b6,3-1,0,14214,10663,3551,106,1.0,1150,23.0,laptop,0.0,high school,0.0,German,0.0,0.0,N,11.081,596.4550314, Isma López,5,5016.692383,Hawthorne Elementary,2,1,3,5,0,3
025562fd-3b78-416d-b71d-1bab3f5fe6b6,3-2,1,45841,33099,12742,120,1.0,1150,23.0,laptop,0.0,high school,0.0,German,0.0,0.0,N,10.697,217.5292305, Thiago,2,4720.086426,Chowchilla Elementary,2,2,7,10,0,6
025562fd-3b78-416d-b71d-1bab3f5fe6b6,1-1,0,59967,51411,8556,324,1.0,1150,23.0,laptop,0.0,high school,0.0,German,0.0,0.0,N,9.6,378.1291941,Massimo Luongo,5,5470.5625,Salinas City Elementary,4,2,4,6,0,6
025562fd-3b78-416d-b71d-1bab3f5fe6b6,2-1,0,23230,20488,2742,145,1.0,1150,23.0,laptop,0.0,high school,0.0,German,0.0,0.0,N,8.337,424.638813,Moussa Sissoko,4,5615.441895,Santa Maria-Bonita Elementary,2,4,7,10,0,6
026078fb-bbd3-403e-9003-57ef39309521,1-2,0,135114,20822,114292,383,0.6666666667,880,24.0,smartphone,1.0,college,1.0,English,0.0,1.0,Y,10.485,1103.64038,Alex Smith,1,5245.439941,Whittier City Elementary,3,1,7,10,0,5
026078fb-bbd3-403e-9003-57ef39309521,1-1,1,131560,112545,19015,324,1.0,880,24.0,smartphone,1.0,college,1.0,English,0.0,1.0,Y,9.6,172.7309076,Korey Smith,4,4838.175293,Eastside Union Elementary,1,3,7,10,0,3
026078fb-bbd3-403e-9003-57ef39309521,2-2,1,64818,26211,38607,166,1.0,880,24.0,smartphone,1.0,college,1.0,English,0.0,1.0,Y,7.638,379.9931327,Stilian Petrov,5,5367.988281,Lawndale Elementary,1,10,7,10,0,4
026078fb-bbd3-403e-9003-57ef39309521,3-2,1,64202,57300,6902,120,0.6666666667,880,24.0,smartphone,1.0,college,1.0,English,0.0,1.0,Y,10.697,125.6544503,Leyti N'Diaye,4,5526.236816,Robla Elementary,1,1,7,10,0,1
026078fb-bbd3-403e-9003-57ef39309521,3-1,0,64163,50322,13841,106,1.0,880,24.0,smartphone,1.0,college,1.0,English,0.0,1.0,Y,11.081,126.3860737,Mickaël Landreau,4,4353.019531,Santa Rita Union Elementary,4,3,9,13,0,5
026078fb-bbd3-403e-9003-57ef39309521,2-1,0,82449,22356,60093,145,0.6666666667,880,24.0,smartphone,1.0,college,1.0,English,0.0,1.0,Y,8.337,389.1572732,Ján Mucha,4,5034.290039,Rio Elementary,1,1,9,13,0,6
028c35ca-c434-4a6c-9706-5752290c6d4a,3-2,1,39899,39427,472,120,1.0,1439,35.0,laptop,0.0,professional school,0.0,English,0.0,0.0,Y,10.697,182.6159738, Cuéllar,5,4692.493652,Strathmore Union Elementary,2,5,4,6,0,7
028c35ca-c434-4a6c-9706-5752290c6d4a,1-2,0,75856,73338,2518,383,1.0,1439,35.0,laptop,0.0,professional school,0.0,English,0.0,0.0,Y,10.485,313.3436963,Holger Badstuber,3,5606.781738,North Sacramento Elementary,2,1,7,10,0,6
028c35ca-c434-4a6c-9706-5752290c6d4a,1-1,1,67345,65974,1371,324,0.6666666667,1439,35.0,laptop,0.0,professional school,0.0,English,0.0,0.0,Y,9.6,294.6615333,Marc Tierney,2,4969.180664,Anaheim Elementary,2,1,3,5,0,5
028c35ca-c434-4a6c-9706-5752290c6d4a,2-1,1,47826,47339,487,145,0.6666666667,1439,35.0,laptop,0.0,professional school,0.0,English,0.0,0.0,Y,8.337,183.780815, Ramires,2,4675.674805,Lemoore Union Elementary,4,4,3,5,0,4
028c35ca-c434-4a6c-9706-5752290c6d4a,2-2,0,43220,42040,1180,166,0.6666666667,1439,35.0,laptop,0.0,professional school,0.0,English,0.0,0.0,Y,7.638,236.9172217,Edin Džeko,4,5306.132813,Armona Union Elementary,4,5,3,5,0,6
028c35ca-c434-4a6c-9706-5752290c6d4a,3-1,0,63440,59545,3895,106,1.0,1439,35.0,laptop,0.0,professional school,0.0,English,0.0,0.0,Y,11.081,106.8099756,Sanjin Prcić,2,5693.883301,Beardsley Elementary,1,1,7,10,0,3
036b67f1-2e0e-4bc3-9616-c53f4bdeebf6,2-1,0,42606,38746,3860,145,1.0,1294,24.0,laptop,0.0,college,0.0,English,0.0,0.0,Y,8.337,224.5393073,James Perch,4,5181.57959,South Whittier Elementary,1,2,4,6,0,6
036b67f1-2e0e-4bc3-9616-c53f4bdeebf6,1-2,1,125699,115251,10448,383,1.0,1294,24.0,laptop,0.0,college,0.0,English,0.0,0.0,Y,10.485,199.3908947, Edu,3,5228.650879,Hanford Elementary,3,1,3,5,0,6
036b67f1-2e0e-4bc3-9616-c53f4bdeebf6,1-1,0,109633,104257,5376,324,1.0,1294,24.0,laptop,0.0,college,0.0,English,0.0,0.0,Y,9.6,186.4622999,Matthew Lowton,5,5339.391113,National Elementary,1,1,3,5,0,5
036b67f1-2e0e-4bc3-9616-c53f4bdeebf6,3-1,0,38050,34040,4010,106,1.0,1294,24.0,laptop,0.0,college,0.0,English,0.0,0.0,Y,11.081,186.8390129,James Tomkins,2,6056.49707,Roseland Elementary,2,1,7,10,0,6
036b67f1-2e0e-4bc3-9616-c53f4bdeebf6,2-2,1,49429,47296,2133,166,1.0,1294,24.0,laptop,0.0,college,0.0,English,0.0,0.0,Y,7.638,210.5886333,Granit Xhaka,3,4845.680176,Di Giorgio Elementary,3,1,9,13,0,5
036b67f1-2e0e-4bc3-9616-c53f4bdeebf6,3-2,1,54699,52930,1769,120,1.0,1294,24.0,laptop,0.0,college,0.0,English,0.0,0.0,Y,10.697,136.0287172,Chinedu Ede,5,4826.666016,Keppel Union Elementary,4,4,4,6,0,4
03f385b7-6b1b-4549-95f3-1d999b1df64a,3-2,0,30216,28401,1815,120,1.0,1150,13.0,laptop,0.0,high school,1.0,English,0.0,0.0,Y,10.697,253.5122003,Leon Balogun,2,5367.090332,Lakeside Union Elementary,4,1,7,10,0,5
03f385b7-6b1b-4549-95f3-1d999b1df64a,2-1,0,30794,30391,403,145,1.0,1150,13.0,laptop,0.0,high school,1.0,English,0.0,0.0,Y,8.337,286.2689612,Javier Pinola,4,5742.73291,Merced City Elementary,3,1,3,5,0,4
03f385b7-6b1b-4549-95f3-1d999b1df64a,3-1,1,24424,21462,2962,106,1.0,1150,13.0,laptop,0.0,high school,1.0,English,0.0,0.0,Y,11.081,296.3377132,Rory Delap,1,4136.250977,Guadalupe Union Elementary,1,1,3,5,0,5
03f385b7-6b1b-4549-95f3-1d999b1df64a,1-1,1,57575,50610,6965,324,1.0,1150,13.0,laptop,0.0,high school,1.0,English,0.0,0.0,Y,9.6,384.1138115,Derrick Williams,4,5267.831055,Cucamonga Elementary,2,2,4,6,0,5
03f385b7-6b1b-4549-95f3-1d999b1df64a,1-2,0,54702,51465,3237,383,0.6666666667,1150,13.0,laptop,0.0,high school,1.0,English,0.0,0.0,Y,10.485,446.5170504,Alexis Thébaux,3,5238.39209,Knightsen Elementary,3,6,3,5,0,5
03f385b7-6b1b-4549-95f3-1d999b1df64a,2-2,1,21462,17635,3827,166,1.0,1150,13.0,laptop,0.0,high school,1.0,English,0.0,0.0,Y,7.638,564.7859371,Ronny Philp,3,5462.899414,Rio Dell Elementary,1,2,7,10,0,6
041129bf-1228-43d2-af14-173e38b15972,2-2,1,50108,50108,0,166,1.0,322,29.0,smartphone,1.0,professional school,1.0,English,0.0,1.0,Y,7.638,198.7706554,Fernando Gago,3,6313.373535,Montague Elementary,2,1,3,5,1,5
041129bf-1228-43d2-af14-173e38b15972,1-1,0,85982,61913,24069,324,1.0,322,29.0,smartphone,1.0,professional school,1.0,English,0.0,1.0,Y,9.6,313.9889845, Felipe Santana,2,6653.030762,McCloud Union Elementary,4,1,9,13,0,7
041129bf-1228-43d2-af14-173e38b15972,1-2,1,97833,92089,5744,383,1.0,322,29.0,smartphone,1.0,professional school,1.0,English,0.0,1.0,Y,10.485,249.5412047,Tom Starke,3,5533.149414,Santa Paula Elementary,4,1,3,5,0,6
041129bf-1228-43d2-af14-173e38b15972,3-2,1,34953,34953,0,120,1.0,322,29.0,smartphone,1.0,professional school,1.0,English,0.0,1.0,Y,10.697,205.9909021,Christian Pander,4,6118.710449,West Park Elementary,2,1,7,10,0,6
041129bf-1228-43d2-af14-173e38b15972,2-1,0,44842,44570,272,145,1.0,322,29.0,smartphone,1.0,professional school,1.0,English,0.0,1.0,Y,8.337,195.1985641,Hugo Rodallega,2,5098.626953,Atwater Elementary,3,1,7,10,1,3
041129bf-1228-43d2-af14-173e38b15972,3-1,0,27023,26641,382,106,1.0,322,29.0,smartphone,1.0,professional school,1.0,English,0.0,1.0,Y,11.081,238.7297774, San José,4,5652.878906,Weaver Union Elementary,1,1,4,6,1,3
05407942-f651-4129-adc8-541378ce6ac3,3-2,0,29632,27605,2027,120,1.0,1438,30.0,laptop,0.0,college,0.0,English,0.0,0.0,Y,10.697,260.8223148,Jens Grahl,4,5329.002441,Pacific Union Elementary,1,1,9,13,0,1
05407942-f651-4129-adc8-541378ce6ac3,2-2,1,68226,64903,3323,166,0.6666666667,1438,30.0,laptop,0.0,college,0.0,English,0.0,0.0,Y,7.638,153.4597784,Thomas Sørensen,1,5929.809082,Lucerne Valley Unified,3,11,7,10,0,6
05407942-f651-4129-adc8-541378ce6ac3,2-1,0,39275,38411,864,145,1.0,1438,30.0,laptop,0.0,college,0.0,English,0.0,0.0,Y,8.337,226.4976179,Mario Balotelli,4,4897.067871,Romoland Elementary,4,1,4,6,1,5
05407942-f651-4129-adc8-541378ce6ac3,1-1,0,44574,36008,8566,324,0.6666666667,1438,30.0,laptop,0.0,college,0.0,English,0.0,0.0,Y,9.6,539.8800267,Rio Mavuba,3,5100.202148,El Monte City Elementary,1,7,7,10,0,5
05407942-f651-4129-adc8-541378ce6ac3,1-2,1,68756,57766,10990,383,1.0,1438,30.0,laptop,0.0,college,0.0,English,0.0,0.0,Y,10.485,397.8118616,Frank Lampard,3,4825.722656,Greenfield Union Elementary,4,1,3,5,0,1
05407942-f651-4129-adc8-541378ce6ac3,3-1,1,25703,20800,4903,106,1.0,1438,30.0,laptop,0.0,college,0.0,English,0.0,0.0,Y,11.081,305.7692308,Marouane Fellaini,3,4079.12915,Palo Verde Union Elementary,3,8,4,6,0,1
05a92b52-f72a-42f9-936c-9258bf385bf3,3-1,1,46396,42091,4305,106,0.6666666667,1212,52.0,laptop,1.0,graduate school,1.0,English,0.0,1.0,Y,11.081,151.1011855,Matthieu Sans,4,5349.367676,Elverta Joint Elementary,3,2,4,6,1,3
05a92b52-f72a-42f9-936c-9258bf385bf3,1-1,0,83143,73893,9250,324,1.0,1212,52.0,laptop,1.0,graduate school,1.0,English,0.0,1.0,Y,9.6,263.0831067,Junior Fernandes,2,5869.38916,Lucerne Elementary,2,1,3,5,0,5
05a92b52-f72a-42f9-936c-9258bf385bf3,2-2,1,38015,31685,6330,166,0.6666666667,1212,52.0,laptop,1.0,graduate school,1.0,English,0.0,1.0,Y,7.638,314.344327,Ludovic Giuly,4,6462.12793,Luther Burbank Elementary,3,2,3,5,0,5
05a92b52-f72a-42f9-936c-9258bf385bf3,1-2,1,82294,68337,13957,383,0.6666666667,1212,52.0,laptop,1.0,graduate school,1.0,English,0.0,1.0,Y,10.485,336.2746389,Klaas-Jan Huntelaar,5,6231.601563,Bangor Union Elementary,2,15,3,5,0,5
05a92b52-f72a-42f9-936c-9258bf385bf3,3-2,0,37277,31776,5501,120,1.0,1212,52.0,laptop,1.0,graduate school,1.0,English,0.0,1.0,Y,10.697,226.5861027, Andre Luiz,1,4993.867676,Bayshore Elementary,4,1,3,5,0,3
05a92b52-f72a-42f9-936c-9258bf385bf3,2-1,0,63325,54977,8348,145,1.0,1212,52.0,laptop,1.0,graduate school,1.0,English,0.0,1.0,Y,8.337,158.2479946, Pedro,5,4663.811035,Oak Valley Union Elementary,3,10,4,6,0,1
0662696f-dad0-4850-8d7a-6a843036c294,1-1,1,111215,107759,3456,324,1.0,1438,22.0,desktop,0.0,college,0.0,English,0.0,0.0,Y,9.6,180.402565,Anthony Annan,3,6107.106445,Wilsona Elementary,4,1,4,6,0,6
0662696f-dad0-4850-8d7a-6a843036c294,3-2,0,33843,31705,2138,120,1.0,1438,22.0,desktop,0.0,college,0.0,English,0.0,0.0,Y,10.697,227.0935184,Gonzalo Jara,1,5324.228027,Brawley Elementary,4,3,7,10,0,6
0662696f-dad0-4850-8d7a-6a843036c294,1-2,0,80162,78671,1491,383,1.0,1438,22.0,desktop,0.0,college,0.0,English,0.0,0.0,Y,10.485,292.1025537,Stefan Thesker,3,5221.460938,Meadows Union Elementary,2,1,7,10,0,5
0662696f-dad0-4850-8d7a-6a843036c294,2-2,1,40886,39635,1251,166,1.0,1438,22.0,desktop,0.0,college,0.0,English,0.0,0.0,Y,7.638,251.2930491,Andriy Voronin,4,5157.784668,Little Lake City Elementary,4,1,7,10,0,6
0662696f-dad0-4850-8d7a-6a843036c294,3-1,1,30465,29320,1145,106,1.0,1438,22.0,desktop,0.0,college,0.0,English,0.0,0.0,Y,11.081,216.9167804,Renaud Cohade,5,5131.119141,Pond Union Elementary,1,3,7,10,0,1
0662696f-dad0-4850-8d7a-6a843036c294,2-1,0,42632,41006,1626,145,0.3333333333,1438,22.0,desktop,0.0,college,0.0,English,0.0,0.0,Y,8.337,212.1640736,Emre Can,2,5279.354004,Taft City Elementary,2,1,4,6,0,6
06d98056-2cc4-4216-85e9-e3fe7d5751fe,3-2,1,31799,22785,9014,120,0.6666666667,1212,18.0,laptop,0.0,college,0.0,English,0.0,0.0,Y,10.697,315.9973667,Francis Coquelin,4,4704.043945,Brittan Elementary,4,2,3,5,0,4
06d98056-2cc4-4216-85e9-e3fe7d5751fe,1-2,0,60443,45150,15293,383,1.0,1212,18.0,laptop,0.0,college,0.0,English,0.0,0.0,Y,10.485,508.9700997, Diego,5,6089.910645,Arena Union Elementary,3,1,3,5,0,6
06d98056-2cc4-4216-85e9-e3fe7d5751fe,2-1,1,28001,26601,1400,145,0.6666666667,1212,18.0,laptop,0.0,college,0.0,English,0.0,0.0,Y,8.337,327.0553739,Martín Demichelis,4,5356.833496,Adelanto Elementary,2,6,7,10,0,6
06d98056-2cc4-4216-85e9-e3fe7d5751fe,1-1,1,59757,54181,5576,324,1.0,1212,18.0,laptop,0.0,college,0.0,English,0.0,0.0,Y,9.6,358.7973644,Roy Contout,4,5144.549316,Hollister School District,4,1,7,10,1,6
06d98056-2cc4-4216-85e9-e3fe7d5751fe,3-1,0,19246,13685,5561,106,1.0,1212,18.0,laptop,0.0,college,0.0,English,0.0,0.0,Y,11.081,464.7424187,Benoît Costil,4,4906.22998,Palmdale Elementary,1,3,7,10,0,5
06d98056-2cc4-4216-85e9-e3fe7d5751fe,2-2,0,22228,20324,1904,166,1.0,1212,18.0,laptop,0.0,college,0.0,English,0.0,0.0,Y,7.638,490.0610116, Yannick Djaló,4,5489.588867,Oroville City Elementary,3,4,3,5,0,5
087aef1b-10d8-4753-a39d-25591695d5fa,1-1,0,33048,18426,14622,324,0.3333333333,1365,27.0,laptop,0.0,PhD,0.0,English,0.0,0.0,Y,9.6,1055.030935,Sebastian Freis,3,5718.55127,Standard Elementary,4,1,3,5,0,6
087aef1b-10d8-4753-a39d-25591695d5fa,2-1,1,50037,46234,3803,145,1.0,1365,27.0,laptop,0.0,PhD,0.0,English,0.0,0.0,Y,8.337,188.1732059,Stephen Kelly,2,4436.152832,Briggs Elementary,4,1,7,10,1,5
087aef1b-10d8-4753-a39d-25591695d5fa,3-1,0,35352,30534,4818,106,0.6666666667,1365,27.0,laptop,0.0,PhD,0.0,English,0.0,0.0,Y,11.081,208.2923954, Maicon,4,4895.439453,Monroe Elementary,1,1,4,6,0,1
087aef1b-10d8-4753-a39d-25591695d5fa,2-2,0,49971,46163,3808,166,1.0,1365,27.0,laptop,0.0,PhD,0.0,English,0.0,0.0,Y,7.638,215.7572082,Ryan Mason,4,5159.21875,Lancaster Elementary,2,1,7,10,0,6
087aef1b-10d8-4753-a39d-25591695d5fa,1-2,1,75716,68625,7091,383,1.0,1365,27.0,laptop,0.0,PhD,0.0,English,0.0,0.0,Y,10.485,334.863388,Carlos Sánchez,5,5490.654785,Alview-Dairyland Union Elementary,1,1,7,10,0,5
087aef1b-10d8-4753-a39d-25591695d5fa,3-2,1,55515,48806,6709,120,1.0,1365,27.0,laptop,0.0,PhD,0.0,English,0.0,0.0,Y,10.697,147.5228456,Chris Brunt,5,5172.019531,Magnolia Elementary,4,1,7,10,1,7
089fc400-90dc-483c-907e-f7143fe77183,2-1,0,124270,122019,2251,145,0.6666666667,574,22.0,smartphone,1.0,high school,1.0,English,0.0,1.0,Y,8.337,71.30037125,Benjamin Lecomte,3,4441.672852,Liberty Elementary,3,2,7,10,0,5
089fc400-90dc-483c-907e-f7143fe77183,1-1,1,165722,155196,10526,324,1.0,574,22.0,smartphone,1.0,high school,1.0,English,0.0,1.0,Y,9.6,125.2609603, Xavi,4,5220.370117,Mt. Pleasant Elementary,2,1,7,10,0,6
089fc400-90dc-483c-907e-f7143fe77183,3-1,0,104848,96681,8167,106,1.0,322,22.0,smartphone,1.0,high school,1.0,English,0.0,1.0,Y,11.081,65.78334937,Bănel Nicoliţă,4,5252.810547,El Centro Elementary,2,2,9,13,0,3
089fc400-90dc-483c-907e-f7143fe77183,3-2,1,103323,99517,3806,120,1.0,574,22.0,smartphone,1.0,high school,1.0,English,0.0,1.0,Y,10.697,72.34944783,Patrick Owomoyela,5,5518.702148,South Bay Union Elementary,4,1,9,13,0,6
089fc400-90dc-483c-907e-f7143fe77183,1-2,0,163406,154309,9097,383,1.0,574,22.0,smartphone,1.0,high school,1.0,English,0.0,1.0,Y,10.485,148.9219683,Sejad Salihović,4,5609.487793,Cascade Union Elementary,3,3,4,6,1,1
089fc400-90dc-483c-907e-f7143fe77183,2-2,1,95712,92438,3274,166,1.0,574,22.0,smartphone,1.0,high school,1.0,English,0.0,1.0,Y,7.638,107.7478959,Shawn Parker,4,4945.031738,Kings River Union Elementary,3,1,7,10,0,2
08aad1ce-a5a5-4558-819a-80e470e455fa,3-2,0,83481,78189,5292,120,1.0,1294,51.0,other,0.0,college,1.0,,0.0,0.0,,10.697,92.08456432,Ashley Westwood,2,5223.025391,Gerber Union Elementary,2,1,3,5,0,2
08aad1ce-a5a5-4558-819a-80e470e455fa,2-2,0,61146,54227,6919,166,0.6666666667,1294,51.0,other,0.0,college,1.0,,0.0,0.0,,7.638,183.6723403,Kevin Großkreutz,5,4757.025391,Exeter Union Elementary,1,18,3,5,0,5
08aad1ce-a5a5-4558-819a-80e470e455fa,1-2,1,121444,112895,8549,383,0.6666666667,1294,51.0,other,0.0,college,1.0,,0.0,0.0,,10.485,203.5519731,Mamadou Bah,4,5522.161621,American Union Elementary,4,1,3,5,0,5
08aad1ce-a5a5-4558-819a-80e470e455fa,3-1,1,40475,35683,4792,106,1.0,1294,51.0,other,0.0,college,1.0,,0.0,0.0,,11.081,178.2361349,Chris Smalling,2,6087.608887,San Antonio Union Elementary,1,2,7,10,0,1
08aad1ce-a5a5-4558-819a-80e470e455fa,1-1,0,109193,102469,6724,324,0.6666666667,1294,51.0,other,0.0,college,1.0,,0.0,0.0,,9.6,189.7159141,Jérémy Ménez,3,4960.515625,Burton Elementary,4,11,4,6,0,5
08aad1ce-a5a5-4558-819a-80e470e455fa,2-1,1,53251,50765,2486,145,0.6666666667,1294,51.0,other,0.0,college,1.0,,0.0,0.0,,8.337,171.3779179, Antonio López,5,4880.040527,Nuview Union Elementary,4,3,3,5,0,6
08e0c3b1-652b-4be1-b8fb-e30789efca15,1-2,0,90557,86236,4321,383,0.6666666667,1438,37.0,laptop,0.0,graduate school,1.0,English,0.0,0.0,Y,10.485,266.478037,Vurnon Anita,2,6538.417969,Bellevue Union Elementary,1,1,3,5,1,4
08e0c3b1-652b-4be1-b8fb-e30789efca15,2-1,1,35608,34722,886,145,1.0,1438,37.0,laptop,0.0,graduate school,1.0,English,0.0,0.0,Y,8.337,250.5616036,Aaron Ramsey,4,4925.659668,Garvey Elementary,3,1,7,10,0,5
08e0c3b1-652b-4be1-b8fb-e30789efca15,3-1,0,29686,27805,1881,106,1.0,1438,37.0,laptop,0.0,graduate school,1.0,English,0.0,0.0,Y,11.081,228.7358389,Antonio Valencia,2,5204.6875,Corning Union Elementary,2,1,9,13,1,6
08e0c3b1-652b-4be1-b8fb-e30789efca15,2-2,0,29574,27121,2453,166,1.0,1438,37.0,laptop,0.0,graduate school,1.0,English,0.0,0.0,Y,7.638,367.2430958,Dawda Bah,2,4907.410645,Jefferson Elementary,4,11,4,6,0,6
08e0c3b1-652b-4be1-b8fb-e30789efca15,1-1,1,66435,61976,4459,324,0.6666666667,1438,37.0,laptop,0.0,graduate school,1.0,English,0.0,0.0,Y,9.6,313.6698077,Patrick Helmes,4,5923.45166,Big Springs Union Elementary,3,1,7,10,0,1
08e0c3b1-652b-4be1-b8fb-e30789efca15,3-2,1,35990,34166,1824,120,1.0,1438,37.0,laptop,0.0,graduate school,1.0,English,0.0,0.0,Y,10.697,210.7358192,Serdar Taşçı,4,4741.957031,General Shafter Elementary,1,2,3,5,0,6
0939d037-9073-4b45-beef-4b1a9cb29fc6,2-2,0,33722,28435,5287,166,1.0,1438,26.0,desktop,0.0,college,1.0,English,0.0,0.0,Y,7.638,350.2725514,Salif Sané,2,4954.019531,Turlock Joint Elementary,4,2,3,5,0,6
0939d037-9073-4b45-beef-4b1a9cb29fc6,1-1,0,69911,59616,10295,324,0.6666666667,1438,26.0,desktop,0.0,college,1.0,English,0.0,0.0,Y,9.6,326.0869565,Glen Johnson,2,5500.10791,Twain Harte-Long Barn Union Elementary,4,2,4,6,0,6
0939d037-9073-4b45-beef-4b1a9cb29fc6,3-2,0,31204,21515,9689,120,1.0,1438,26.0,desktop,0.0,college,1.0,English,0.0,0.0,Y,10.697,334.650244, Capdevila,3,5360.51709,Redwood City Elementary,2,8,3,5,0,5
0939d037-9073-4b45-beef-4b1a9cb29fc6,3-1,1,21752,20986,766,106,1.0,1438,26.0,desktop,0.0,college,1.0,English,0.0,0.0,Y,11.081,303.0591823,Clemens Fritz,3,5685.63916,Camino Union Elementary,4,2,7,10,0,5
0939d037-9073-4b45-beef-4b1a9cb29fc6,2-1,1,29708,28639,1069,145,1.0,1438,26.0,desktop,0.0,college,1.0,English,0.0,0.0,Y,8.337,303.7815566,Claudio Yacob,2,5594.196289,Plainsburg Union Elementary,4,1,3,5,0,6
0939d037-9073-4b45-beef-4b1a9cb29fc6,1-2,1,73119,64317,8802,383,0.6666666667,1438,26.0,desktop,0.0,college,1.0,English,0.0,0.0,Y,10.485,357.2927842,Péter Gulácsi,2,4692.566895,Banta Elementary,3,1,9,13,0,1
0befef59-998c-41d5-a028-cda46345a259,3-2,0,20414,16888,3526,120,0.3333333333,286,18.0,smartphone,2.0,high school,0.0,Other,0.0,1.0,N,10.697,426.3382283,Frédéric Piquionne,4,5085.40625,Washington Colony Elementary,2,2,3,5,0,5
0befef59-998c-41d5-a028-cda46345a259,1-2,0,192557,168003,24554,383,1.0,511,18.0,smartphone,2.0,high school,0.0,Other,0.0,1.0,N,10.485,136.7832717,Rémy Vercoutre,1,5456.197266,Rio Linda Union Elementary,2,1,7,10,0,5
0befef59-998c-41d5-a028-cda46345a259,2-2,0,78288,56946,21342,166,0.6666666667,511,18.0,smartphone,2.0,high school,0.0,Other,0.0,1.0,N,7.638,174.9025392, Casto,2,5105.179688,Chatom Union Elementary,4,1,7,10,0,1
0befef59-998c-41d5-a028-cda46345a259,3-1,1,54962,51827,3135,106,1.0,511,18.0,smartphone,2.0,high school,0.0,Other,0.0,1.0,N,11.081,122.7159589,Robin Knoche,5,5519.677246,Merced River Union Elementary,2,1,4,6,0,6
0befef59-998c-41d5-a028-cda46345a259,1-1,1,189742,156683,33059,324,0.6666666667,511,18.0,smartphone,2.0,high school,0.0,Other,0.0,1.0,N,9.6,124.0721712,Jonathan Obika,5,5065.911133,Hueneme Elementary,3,2,9,13,0,5
0befef59-998c-41d5-a028-cda46345a259,2-1,1,78298,70410,7888,145,0.6666666667,511,18.0,smartphone,2.0,high school,0.0,Other,0.0,1.0,N,8.337,123.561994, Pedro León,2,5182.428223,Cuddeback Union Elementary,3,11,7,10,0,5
0c06a58b-c629-43ce-8f6c-2a140dd88b66,3-2,1,30548,27860,2688,120,1.0,1150,21.0,laptop,0.0,college,0.0,English,0.0,0.0,Y,10.697,258.4350323,Omar Daf,3,5960.464355,Blue Lake Union Elementary,1,1,4,6,0,6
0c06a58b-c629-43ce-8f6c-2a140dd88b66,1-2,0,59294,42671,16623,383,1.0,1150,21.0,laptop,0.0,college,0.0,English,0.0,0.0,Y,10.485,538.5390546,Daniel Sturridge,1,5124.836426,Lemon Grove Elementary,2,1,7,10,0,5
0c06a58b-c629-43ce-8f6c-2a140dd88b66,2-1,1,29775,25362,4413,145,0.6666666667,1150,21.0,laptop,0.0,college,0.0,English,0.0,0.0,Y,8.337,343.0328838,Patrick Rakovsky,4,5655.133301,Upper Lake Union Elementary,4,2,3,5,0,5
0c06a58b-c629-43ce-8f6c-2a140dd88b66,1-1,1,59194,49579,9615,324,1.0,1150,21.0,laptop,0.0,college,0.0,English,0.0,0.0,Y,9.6,392.1014946,Samuel Bouhours,5,5811.689941,Peninsula Union Elementary,3,1,4,6,0,1
0c06a58b-c629-43ce-8f6c-2a140dd88b66,3-1,0,29012,23336,5676,106,0.6666666667,1150,21.0,laptop,0.0,college,0.0,English,0.0,0.0,Y,11.081,272.5402811,Kevin Pannewitz,4,5467.673828,Ocean View Elementary,3,1,4,6,0,6
0c06a58b-c629-43ce-8f6c-2a140dd88b66,2-2,0,30787,28723,2064,166,1.0,1150,21.0,laptop,0.0,college,0.0,English,0.0,0.0,Y,7.638,346.7604359,William Kvist,1,5213.089355,Reeds Creek Elementary,2,1,3,5,0,5
0d304788-a11c-471d-900e-323afd0cc99d,1-1,0,64803,61384,3419,324,0.6666666667,1438,23.0,desktop,0.0,college,0.0,Other,0.0,0.0,N,9.6,316.6949042, Raúl Albiol,4,4613.1875,Arcohe Union Elementary,1,3,3,5,0,6
0d304788-a11c-471d-900e-323afd0cc99d,3-1,1,27268,25948,1320,106,1.0,1438,23.0,desktop,0.0,college,0.0,Other,0.0,0.0,N,11.081,245.1055958,Dudu Aouate,2,4886.983887,New Jerusalem Elementary,2,6,3,5,0,4
0d304788-a11c-471d-900e-323afd0cc99d,2-2,0,38994,38452,542,166,0.6666666667,1438,23.0,desktop,0.0,college,0.0,Other,0.0,0.0,N,7.638,259.024238,David Abraham,2,6455.136719,Dunsmuir Elementary,1,7,3,5,0,5
0d304788-a11c-471d-900e-323afd0cc99d,1-2,1,79496,75921,3575,383,1.0,1438,23.0,desktop,0.0,college,0.0,Other,0.0,0.0,N,10.485,302.6830521,Jordan Ferri,4,5125.433105,Stanislaus Union Elementary,2,1,4,6,0,6
0d304788-a11c-471d-900e-323afd0cc99d,3-2,0,31719,30402,1317,120,1.0,1438,23.0,desktop,0.0,college,0.0,Other,0.0,0.0,N,10.697,236.8265246,Johannes van den Bergh,2,5193.692383,Kingsburg Joint Union Elementary,3,1,4,6,0,4
0d304788-a11c-471d-900e-323afd0cc99d,2-1,1,41168,39840,1328,145,1.0,1438,23.0,desktop,0.0,college,0.0,Other,0.0,0.0,N,8.337,218.373494,Ivan Klasnić,4,5002.838867,Buena Park Elementary,1,15,7,10,0,6
0d84e944-f2f1-4a68-8fc5-719111349ddd,1-1,0,35134,26701,8433,324,1.0,1438,,,,,,,1.0,,,9.6,728.0626194, Felipe Santana,5,5337.625488,Westminster Elementary,2,2,7,10,1,1
0d84e944-f2f1-4a68-8fc5-719111349ddd,2-1,0,16943,4252,12691,145,0.6666666667,1438,,,,,,,1.0,,,8.337,2046.095955,Karim Haggui,4,5161.202148,Island Union Elementary,3,1,7,10,0,1
0d84e944-f2f1-4a68-8fc5-719111349ddd,2-2,1,6363,6211,152,166,0.6666666667,1438,,,,,,,1.0,,,7.638,1603.606505,Gareth Bale,4,5158.791992,Tulare City Elementary,1,1,7,10,0,5
0d84e944-f2f1-4a68-8fc5-719111349ddd,1-2,1,17327,5126,12201,383,0.6666666667,1438,,,,,,,1.0,,,10.485,4483.027702,Matthieu Chalmé,2,5123.474121,Chula Vista Elementary,4,4,4,6,1,5
0d84e944-f2f1-4a68-8fc5-719111349ddd,3-2,1,15376,10740,4636,120,0.3333333333,1438,,,,,,,1.0,,,10.697,670.3910615,Brede Hangeland,2,5782.543945,Black Butte Union Elementary,3,1,3,5,0,6
0d84e944-f2f1-4a68-8fc5-719111349ddd,3-1,0,9011,7857,1154,106,1.0,1438,,,,,,,1.0,,,11.081,809.4692631, Ricardo Costa,2,4842.60791,McSwain Union Elementary,1,1,3,5,0,5
0e27148e-216f-4fe9-9572-c1317d616ac9,3-1,1,39669,36317,3352,106,1.0,1423,36.0,desktop,1.0,college,0.0,French,0.0,1.0,N,11.081,175.1245973,Tom Cleverley,5,4219.40625,Franklin Elementary,3,1,7,10,0,6
0e27148e-216f-4fe9-9572-c1317d616ac9,1-1,0,91155,80382,10773,324,0.6666666667,1423,36.0,desktop,1.0,college,0.0,French,0.0,1.0,N,9.6,241.8451892,Sami Khedira,5,5081.169922,Escondido Union Elementary,4,1,7,10,0,5
0e27148e-216f-4fe9-9572-c1317d616ac9,1-2,1,108710,101134,7576,383,1.0,1423,36.0,desktop,1.0,college,0.0,French,0.0,1.0,N,10.485,227.2232879, Cala,3,5144.993652,East Whittier City Elementary,4,2,7,10,0,1
0e27148e-216f-4fe9-9572-c1317d616ac9,2-1,1,47934,46179,1755,145,1.0,1423,36.0,desktop,1.0,college,0.0,French,0.0,1.0,N,8.337,188.3973235,Fabian Giefer,4,4674.298828,Rio Bravo-Greeley Union Elementary,1,5,3,5,0,1
0e27148e-216f-4fe9-9572-c1317d616ac9,3-2,0,68303,51356,16947,120,1.0,1423,36.0,desktop,1.0,college,0.0,French,0.0,1.0,N,10.697,140.1978347,Matthew Jarvis,2,4830.326172,Marcum-Illinois Union Elementary,4,11,3,5,0,5
0e27148e-216f-4fe9-9572-c1317d616ac9,2-2,0,47240,43761,3479,166,1.0,1423,36.0,desktop,1.0,college,0.0,French,0.0,1.0,N,7.638,227.5999177,Mickaël Landreau,4,5621.687988,Vallecitos Elementary,3,1,7,10,0,5
0e77b20c-c1e1-467c-a359-0a2942538fcb,1-1,1,103476,88494,14982,324,1.0,880,18.0,smartphone,1.0,high school,1.0,English,0.0,1.0,Y,9.6,219.6759102,Harry Kane,3,4948.868164,Victor Elementary,3,1,4,6,0,3
0e77b20c-c1e1-467c-a359-0a2942538fcb,2-1,1,63366,37832,25534,145,1.0,880,18.0,smartphone,1.0,high school,1.0,English,0.0,1.0,Y,8.337,229.9640516,Maxime Baca,4,5100.975586,Savanna Elementary,4,6,7,10,0,2
0e77b20c-c1e1-467c-a359-0a2942538fcb,3-1,0,68973,41533,27440,106,1.0,880,18.0,smartphone,1.0,high school,1.0,English,0.0,1.0,Y,11.081,153.131245,Nicolas Fauvergue,4,5132.788574,West Side Union Elementary,3,1,7,10,0,6
0e77b20c-c1e1-467c-a359-0a2942538fcb,2-2,0,85907,64625,21282,166,0.6666666667,880,18.0,smartphone,1.0,high school,1.0,English,0.0,1.0,Y,7.638,154.1199226, Bodipo,4,5358.51709,Enterprise Elementary,2,4,7,10,0,4
0e77b20c-c1e1-467c-a359-0a2942538fcb,1-2,0,65795,54332,11463,383,1.0,880,18.0,smartphone,1.0,high school,1.0,English,0.0,1.0,Y,10.485,422.9551645,Philipp Lahm,4,5149.186523,Red Bluff Union Elementary,4,4,7,10,0,1
0e77b20c-c1e1-467c-a359-0a2942538fcb,3-2,1,83394,78557,4837,120,1.0,880,18.0,smartphone,1.0,high school,1.0,English,0.0,1.0,Y,10.697,91.6531945,Vadim Demidov,3,5373.206543,Jamestown Elementary,2,1,7,10,0,5
0ea68c5a-057a-46c5-afda-4dbf75e4c5c4,3-2,1,38467,29796,8671,120,1.0,1438,29.0,laptop,0.0,graduate school,0.0,Other,0.0,0.0,N,10.697,241.6431736,Sascha Mölders,2,6485.166016,Weed Union Elementary,4,4,9,13,0,6
0ea68c5a-057a-46c5-afda-4dbf75e4c5c4,1-1,1,91090,53500,37590,324,0.3333333333,1438,29.0,laptop,0.0,graduate school,0.0,Other,0.0,0.0,N,9.6,363.364486,Alexandre Alphonse,2,5504.025391,South Bay Union Elementary,2,1,9,13,0,5
0ea68c5a-057a-46c5-afda-4dbf75e4c5c4,2-2,0,37771,28964,8807,166,0.6666666667,1438,29.0,laptop,0.0,graduate school,0.0,Other,0.0,0.0,N,7.638,343.8751554,Mario Mandžukić,3,5105.734375,Brentwood Union Elementary,2,1,4,6,1,5
0ea68c5a-057a-46c5-afda-4dbf75e4c5c4,2-1,1,31760,23773,7987,145,1.0,1438,29.0,laptop,0.0,graduate school,0.0,Other,0.0,0.0,N,8.337,365.9613848,Gastón Ramírez,2,5634.730957,Summerville Elementary,1,1,7,10,1,1
0ea68c5a-057a-46c5-afda-4dbf75e4c5c4,3-1,0,27318,20000,7318,106,0.3333333333,1438,29.0,laptop,0.0,graduate school,0.0,Other,0.0,0.0,N,11.081,318.0, Brandão,4,4980.294434,Ophir Elementary,2,1,3,5,0,1
0ea68c5a-057a-46c5-afda-4dbf75e4c5c4,1-2,0,95259,75332,19927,383,1.0,1438,29.0,laptop,0.0,graduate school,0.0,Other,0.0,0.0,N,10.485,305.0496469,Mario Götze,4,6113.859863,Montgomery Elementary,1,2,3,5,0,5
0ee8e6e8-930f-441a-8244-d7788041cf5b,1-1,1,57602,50380,7222,324,0.6666666667,1438,27.0,desktop,0.0,graduate school,0.0,English,0.0,0.0,Y,9.6,385.8674077,Gael Bigirimana,5,5850.0,Santa Rosa Elementary,3,1,3,5,0,6
0ee8e6e8-930f-441a-8244-d7788041cf5b,3-1,0,32213,28635,3578,106,1.0,1438,27.0,desktop,0.0,graduate school,0.0,English,0.0,0.0,Y,11.081,222.1058146,Nils Petersen,4,4547.944824,Salida Union Elementary,2,1,7,10,0,6
0ee8e6e8-930f-441a-8244-d7788041cf5b,3-2,1,28758,19495,9263,120,1.0,1438,27.0,desktop,0.0,graduate school,0.0,English,0.0,0.0,Y,10.697,369.3254681,Souleymane Diawara,3,5011.840332,Shasta Union Elementary,2,2,4,6,0,5
0ee8e6e8-930f-441a-8244-d7788041cf5b,2-1,1,30483,25764,4719,145,1.0,1438,27.0,desktop,0.0,graduate school,0.0,English,0.0,0.0,Y,8.337,337.6804844,Martin Lanig,4,5261.370605,Fortuna Union Elementary,2,2,3,5,0,5
0ee8e6e8-930f-441a-8244-d7788041cf5b,1-2,0,74776,68587,6189,383,1.0,1438,27.0,desktop,0.0,graduate school,0.0,English,0.0,0.0,Y,10.485,335.048916,Ezequiel Lavezzi,3,4276.115234,Rockford  Elementary,3,4,3,5,0,3
0ee8e6e8-930f-441a-8244-d7788041cf5b,2-2,0,29323,25367,3956,166,1.0,1438,27.0,desktop,0.0,graduate school,0.0,English,0.0,0.0,Y,7.638,392.636102, Fran Miranda,4,4566.27002,Plaza Elementary,4,1,7,10,0,1
0fd5e38b-fd91-40c0-b154-d407eba53e1f,2-2,0,39437,37569,1868,166,1.0,1438,41.0,desktop,0.0,graduate school,1.0,English,0.0,0.0,Y,7.638,265.1121936,Nicolas Douchez,3,6049.495117,Monte Rio Union Elementary,3,1,9,13,0,5
0fd5e38b-fd91-40c0-b154-d407eba53e1f,1-1,1,89042,84764,4278,324,0.6666666667,1438,41.0,desktop,0.0,graduate school,1.0,English,0.0,0.0,Y,9.6,229.3426455,Cata Díaz,2,4974.28125,Janesville Union Elementary,3,2,4,6,0,5
0fd5e38b-fd91-40c0-b154-d407eba53e1f,3-1,0,34051,30119,3932,106,1.0,1438,41.0,desktop,0.0,graduate school,1.0,English,0.0,0.0,Y,11.081,211.1623892,Michael Harriman,4,4432.478027,Magnolia Union Elementary,4,1,7,10,0,4
0fd5e38b-fd91-40c0-b154-d407eba53e1f,2-1,1,43599,41910,1689,145,0.6666666667,1438,41.0,desktop,0.0,graduate school,1.0,English,0.0,0.0,Y,8.337,207.5876879,René Adler,1,4924.619141,Shaffer Union Elementary,2,6,3,5,0,5
0fd5e38b-fd91-40c0-b154-d407eba53e1f,1-2,0,83523,79095,4428,383,1.0,1438,41.0,desktop,0.0,graduate school,1.0,English,0.0,0.0,Y,10.485,290.5366964,Florent Malouda,3,4603.659668,Fullerton Elementary,3,16,3,5,1,4
0fd5e38b-fd91-40c0-b154-d407eba53e1f,3-2,1,37030,34405,2625,120,1.0,1438,41.0,desktop,0.0,graduate school,1.0,English,0.0,0.0,Y,10.697,209.2719082,Lisandro López,4,5973.925293,Cinnabar Elementary,1,3,4,6,1,1
100567eb-57a5-424e-86c1-4a02cc690c8d,2-2,0,38311,36844,1467,166,1.0,1423,43.0,laptop,0.0,college,1.0,English,0.0,0.0,Y,7.638,270.3289545,Papiss Demba Cissé,4,5215.943848,Santa Barbara Elementary,1,1,3,5,0,5
100567eb-57a5-424e-86c1-4a02cc690c8d,3-1,1,55999,50660,5339,106,1.0,1423,43.0,laptop,0.0,college,1.0,English,0.0,0.0,Y,11.081,125.5428346, Busquets,4,4882.236816,Rohnerville Elementary,1,4,7,10,1,5
100567eb-57a5-424e-86c1-4a02cc690c8d,1-1,0,98147,94452,3695,324,0.6666666667,1423,43.0,laptop,0.0,college,1.0,English,0.0,0.0,Y,9.6,205.8188286,Jens Langeneke,2,4145.835938,Pleasant Grove Joint Union Elementary,2,2,3,5,1,1
100567eb-57a5-424e-86c1-4a02cc690c8d,3-2,0,51453,46534,4919,120,1.0,1423,43.0,laptop,0.0,college,1.0,English,0.0,0.0,Y,10.697,154.725577,Leonardo Bittencourt,1,7542.038086,Mountain Union Elementary,2,2,9,13,1,5
100567eb-57a5-424e-86c1-4a02cc690c8d,2-1,1,54971,53349,1622,145,1.0,1423,43.0,laptop,0.0,college,1.0,English,0.0,0.0,Y,8.337,163.0770961,Julian Korb,4,5247.018066,South Fork Union Elementary,1,1,3,5,0,5
100567eb-57a5-424e-86c1-4a02cc690c8d,1-2,1,82944,78576,4368,383,1.0,1423,43.0,laptop,0.0,college,1.0,English,0.0,0.0,Y,10.485,292.4557117,Mesut Özil,2,5169.814941,Jamul-Dulzura Union Elementary,3,2,7,10,0,4
10497147-ea3a-43a2-8c1d-61e871fbe21a,3-2,1,15908,14753,1155,120,0.3333333333,1366,20.0,,0.0,,0.0,English,1.0,0.0,Y,10.697,488.0363316,Thomas Vermaelen,4,5951.005859,Live Oak Elementary,4,2,7,10,0,6
10497147-ea3a-43a2-8c1d-61e871fbe21a,2-2,1,10019,9458,561,166,1.0,1366,20.0,,0.0,,0.0,English,1.0,0.0,Y,7.638,1053.07676,Bobby Zamora,4,4746.572266,Menifee Union Elementary,2,1,4,6,0,5
10497147-ea3a-43a2-8c1d-61e871fbe21a,3-1,0,7592,5601,1991,106,1.0,1366,20.0,,0.0,,0.0,English,1.0,0.0,Y,11.081,1135.511516,Lars Stindl,5,4944.092285,Lakeside Union Elementary,2,1,9,13,0,3
10497147-ea3a-43a2-8c1d-61e871fbe21a,2-1,0,14090,13905,185,145,0.6666666667,1366,20.0,,0.0,,0.0,English,1.0,0.0,Y,8.337,625.6742179,Mario Mandžukić,2,6306.487305,Whisman Elementary,2,5,7,10,0,3
10497147-ea3a-43a2-8c1d-61e871fbe21a,1-1,1,20650,18773,1877,324,1.0,1366,20.0,,0.0,,0.0,English,1.0,0.0,Y,9.6,1035.52975,Florian Raspentino,3,4260.306641,McCabe Union Elementary,1,1,4,6,0,6
10497147-ea3a-43a2-8c1d-61e871fbe21a,1-2,0,32072,24123,7949,383,1.0,1366,20.0,,0.0,,0.0,English,1.0,0.0,Y,10.485,952.6178336,Brett Holman,2,4718.163086,Lammersville Elementary,2,2,7,10,0,3
11c943dd-a2f9-4e88-814c-7812318b5999,1-2,0,53934,41082,12852,383,1.0,1438,30.0,laptop,0.0,professional school,0.0,English,0.0,0.0,Y,10.485,559.3690667,Shaun Wright-Phillips,2,4751.299805,Lassen View Union Elementary,4,16,3,5,0,5
11c943dd-a2f9-4e88-814c-7812318b5999,3-1,1,14965,11209,3756,106,1.0,1438,30.0,laptop,0.0,professional school,0.0,English,0.0,0.0,Y,11.081,567.4011955,Dimitar Berbatov,2,5653.453613,Loleta Union Elementary,3,1,4,6,0,5
11c943dd-a2f9-4e88-814c-7812318b5999,3-2,0,14867,14339,528,120,0.3333333333,1438,30.0,laptop,0.0,professional school,0.0,English,0.0,0.0,Y,10.697,502.127066,Pape Souaré,4,5920.253418,Junction Elementary,4,1,4,6,0,1
11c943dd-a2f9-4e88-814c-7812318b5999,2-1,0,15626,15506,120,145,1.0,1438,30.0,laptop,0.0,professional school,0.0,English,0.0,0.0,Y,8.337,561.073133,James McArthur,1,4825.59082,Rosemead Elementary,4,1,3,5,0,1
11c943dd-a2f9-4e88-814c-7812318b5999,1-1,1,27407,20835,6572,324,0.6666666667,1438,30.0,laptop,0.0,professional school,0.0,English,0.0,0.0,Y,9.6,933.0453564,Dudu Aouate,2,5532.582031,Grass Valley Elementary,1,1,3,5,0,4
11c943dd-a2f9-4e88-814c-7812318b5999,2-2,1,11274,9697,1577,166,1.0,1438,30.0,laptop,0.0,professional school,0.0,English,0.0,0.0,Y,7.638,1027.12179,Rickie Lambert,4,3926.06958,Buena Vista Elementary,1,1,3,5,0,5
11db0111-539a-45d2-8e6f-8e0a3bb6cf36,2-1,0,25477,25150,327,145,1.0,1215,,,,,,,,,,8.337,345.9244533,James Ward-Prowse,3,5805.636719,Kernville Union Elementary,1,1,3,5,0,3
11db0111-539a-45d2-8e6f-8e0a3bb6cf36,3-1,1,19335,17169,2166,106,1.0,1215,,,,,,,,,,11.081,370.4350865,Sven Bender,2,4899.239746,Galt Joint Union Elementary,1,1,4,6,0,5
11db0111-539a-45d2-8e6f-8e0a3bb6cf36,1-1,0,4525,3087,1438,324,0.6666666667,1215,,,,,,,,,,9.6,6297.376093, Alfaro,2,4884.862305,Southside Elementary,1,9,4,6,0,6
11db0111-539a-45d2-8e6f-8e0a3bb6cf36,1-2,1,37150,34259,2891,383,1.0,1215,,,,,,,,,,10.485,670.7726437,Petr Jiráček,2,5139.9375,Lakeside Union Elementary,2,1,7,10,0,5
11db0111-539a-45d2-8e6f-8e0a3bb6cf36,2-2,1,20697,20030,667,166,1.0,1215,,,,,,,,,,7.638,497.2541188,Jan Polák,2,5249.364746,Nuestro Elementary,4,4,7,10,0,4
11db0111-539a-45d2-8e6f-8e0a3bb6cf36,3-2,0,19388,18090,1298,120,0.6666666667,1215,,,,,,,,,,10.697,398.0099502, Barragán,5,5399.070313,Alvina Elementary,2,2,7,10,0,6
123cbcaa-5ea4-4b59-85fb-394a9549a516,3-2,0,52531,45293,7238,120,1.0,1438,47.0,desktop,2.0,PhD,1.0,Romanian,0.0,1.0,N,10.697,158.9649615,Stefan Bell,4,4965.290039,Oakley Union Elementary,4,2,7,10,1,6
123cbcaa-5ea4-4b59-85fb-394a9549a516,1-1,1,28275,25614,2661,324,0.3333333333,1438,47.0,desktop,2.0,PhD,1.0,Romanian,0.0,1.0,N,9.6,758.9599438,Massimo Luongo,4,6210.323242,Etna Union Elementary,3,1,4,6,0,5
123cbcaa-5ea4-4b59-85fb-394a9549a516,1-2,0,46695,43626,3069,383,0.6666666667,1438,47.0,desktop,2.0,PhD,1.0,Romanian,0.0,1.0,N,10.485,526.7501031,Bastian Schweinsteiger,1,4797.503418,Jefferson Elementary,4,1,3,5,0,5
123cbcaa-5ea4-4b59-85fb-394a9549a516,2-2,0,57884,55233,2651,166,1.0,1438,47.0,desktop,2.0,PhD,1.0,Romanian,0.0,1.0,N,7.638,180.3269784,Benoît Assou-Ekotto,5,5397.161621,Berryessa Union Elementary,4,1,3,5,0,4
123cbcaa-5ea4-4b59-85fb-394a9549a516,3-1,1,34412,32803,1609,106,0.6666666667,1438,47.0,desktop,2.0,PhD,1.0,Romanian,0.0,1.0,N,11.081,193.8847057,Landry Bonnefoi,3,5078.5,Kit Carson Union Elementary,4,1,7,10,0,6
123cbcaa-5ea4-4b59-85fb-394a9549a516,2-1,1,43993,43309,684,145,1.0,1438,47.0,desktop,2.0,PhD,1.0,Romanian,0.0,1.0,N,8.337,200.8820338,Mathieu Coutadeur,4,4733.746582,Sylvan Union Elementary,3,2,7,10,0,6
134bf53e-1ea2-4b61-b39f-a1e444535f80,2-1,1,70479,64152,6327,145,1.0,1294,62.0,laptop,1.0,graduate school,1.0,English,0.0,1.0,Y,8.337,135.6154134,Alexander Esswein,4,4963.060059,Oak View Union Elementary,2,2,7,10,0,5
134bf53e-1ea2-4b61-b39f-a1e444535f80,1-1,1,144660,122009,22651,324,1.0,1294,62.0,laptop,1.0,graduate school,1.0,English,0.0,1.0,Y,9.6,159.3325083,Shola Ameobi,4,5431.177246,Auburn Union Elementary,1,18,3,5,0,5
134bf53e-1ea2-4b61-b39f-a1e444535f80,3-1,0,57167,37473,19694,106,1.0,1294,62.0,laptop,1.0,graduate school,1.0,English,0.0,1.0,Y,11.081,169.7222,Sebastian Prödl,3,5382.088867,North County Joint Union Elementary,2,1,3,5,0,1
134bf53e-1ea2-4b61-b39f-a1e444535f80,3-2,1,77985,68085,9900,120,1.0,1294,62.0,laptop,1.0,graduate school,1.0,English,0.0,1.0,Y,10.697,105.7501652, Pozuelo,1,5724.441895,Pioneer Union Elementary,2,1,7,10,0,3
134bf53e-1ea2-4b61-b39f-a1e444535f80,2-2,0,96027,69294,26733,166,1.0,1294,62.0,laptop,1.0,graduate school,1.0,English,0.0,1.0,Y,7.638,143.7353883,Axel Bellinghausen,4,4843.427246,Central Elementary,3,1,4,6,0,5
134bf53e-1ea2-4b61-b39f-a1e444535f80,1-2,0,139838,106087,33751,383,0.6666666667,1294,62.0,laptop,1.0,graduate school,1.0,English,0.0,1.0,Y,10.485,216.6146653,Joe Hart,2,5730.349121,Pacheco Union Elementary,1,18,7,10,0,2
14bf8206-4d05-43c0-84e6-984bbe11a47f,2-2,0,36476,30212,6264,166,1.0,1281,59.0,laptop,0.0,graduate school,1.0,English,0.0,0.0,Y,7.638,329.6703297,Andrey Arshavin,4,5635.786133,Chicago Park Elementary,3,1,7,10,0,5
14bf8206-4d05-43c0-84e6-984bbe11a47f,1-1,0,61334,49443,11891,324,0.3333333333,1281,59.0,laptop,0.0,graduate school,1.0,English,0.0,0.0,Y,9.6,393.1800255,Christian Wetklo,3,5671.657227,Brisbane Elementary,2,7,7,10,0,4
14bf8206-4d05-43c0-84e6-984bbe11a47f,3-2,0,43502,37727,5775,120,1.0,1281,59.0,laptop,0.0,graduate school,1.0,English,0.0,0.0,Y,10.697,190.8447531,Marco Estrada,5,7070.633301,Central Union Elementary,1,1,7,10,0,5
14bf8206-4d05-43c0-84e6-984bbe11a47f,1-2,1,74317,58511,15806,383,1.0,1281,59.0,laptop,0.0,graduate school,1.0,English,0.0,0.0,Y,10.485,392.746663,Chris Gunter,4,5097.343262,Happy Valley Union Elementary,4,1,7,10,0,5
14bf8206-4d05-43c0-84e6-984bbe11a47f,2-1,1,44988,33169,11819,145,0.6666666667,1281,59.0,laptop,0.0,graduate school,1.0,English,0.0,0.0,Y,8.337,262.293105, Sisi,4,5482.677246,Mark Twain Union Elementary,3,5,9,13,0,6
14bf8206-4d05-43c0-84e6-984bbe11a47f,3-1,1,39898,29124,10774,106,1.0,1281,59.0,laptop,0.0,graduate school,1.0,English,0.0,0.0,Y,11.081,218.3765966,Neven Subotić,4,5642.832031,San Rafael City Elementary,2,2,9,13,0,6
14d4cd1a-7cba-4495-91d7-47fd9d0990e6,2-1,1,19719,18473,1246,145,0.6666666667,1366,24.0,laptop,0.0,college,0.0,,0.0,0.0,,8.337,470.9576138, Goni,4,5280.023438,Cajon Valley Union Elementary,2,3,4,6,0,6
14d4cd1a-7cba-4495-91d7-47fd9d0990e6,3-2,1,23707,21145,2562,120,0.3333333333,1366,24.0,laptop,0.0,college,0.0,,0.0,0.0,,10.697,340.5060298,Rio Mavuba,4,5433.339844,Campbell Union Elementary,1,6,7,10,0,5
14d4cd1a-7cba-4495-91d7-47fd9d0990e6,1-1,1,44251,42554,1697,324,0.6666666667,1366,24.0,laptop,0.0,college,0.0,,0.0,0.0,,9.6,456.8313202,Jérôme Rothen,5,4529.283691,Browns Elementary,2,1,3,5,0,1
14d4cd1a-7cba-4495-91d7-47fd9d0990e6,3-1,0,22955,21692,1263,106,0.3333333333,1366,24.0,laptop,0.0,college,0.0,,0.0,0.0,,11.081,293.1956482, Brandão,5,6039.98584,Clear Creek Elementary,1,1,3,5,1,5
14d4cd1a-7cba-4495-91d7-47fd9d0990e6,2-2,0,28464,27502,962,166,1.0,1366,24.0,laptop,0.0,college,0.0,,0.0,0.0,,7.638,362.1554796, Agirretxe,3,6168.229492,Trinidad Union Elementary,3,6,3,5,0,5
14d4cd1a-7cba-4495-91d7-47fd9d0990e6,1-2,0,59928,57883,2045,383,1.0,1366,24.0,laptop,0.0,college,0.0,,0.0,0.0,,10.485,397.007757,Jamel Saihi,4,5774.970215,Guerneville Elementary,2,4,7,10,0,4
154c0760-9c47-435f-8335-5f1178d12e46,1-2,1,60628,53304,7324,383,1.0,1212,20.0,laptop,0.0,college,0.0,English,0.0,0.0,Y,10.485,431.1121117,Sebastian Kehl,2,4806.761719,San Bruno Park Elementary,2,13,4,6,1,5
154c0760-9c47-435f-8335-5f1178d12e46,3-2,0,32015,26791,5224,120,0.6666666667,1212,20.0,laptop,0.0,college,0.0,English,0.0,0.0,Y,10.697,268.7469673,Ryan Dickson,3,4840.936035,Antelope Elementary,4,1,3,5,0,1
154c0760-9c47-435f-8335-5f1178d12e46,2-2,0,35351,33252,2099,166,1.0,1212,20.0,laptop,0.0,college,0.0,English,0.0,0.0,Y,7.638,299.5308553, De la Bella,1,4954.466309,Centralia Elementary,2,6,3,5,0,5
154c0760-9c47-435f-8335-5f1178d12e46,3-1,1,20285,18861,1424,106,1.0,1212,20.0,laptop,0.0,college,0.0,English,0.0,0.0,Y,11.081,337.2037538, Fernando Torres,3,4023.531738,Etiwanda Elementary,3,1,7,10,0,5
154c0760-9c47-435f-8335-5f1178d12e46,2-1,1,25255,22755,2500,145,1.0,1212,20.0,laptop,0.0,college,0.0,English,0.0,0.0,Y,8.337,382.3335531,Billy Jones,4,5179.411133,Wiseburn Elementary,3,3,9,13,0,3
154c0760-9c47-435f-8335-5f1178d12e46,1-1,0,51176,48083,3093,324,1.0,1212,20.0,laptop,0.0,college,0.0,English,0.0,0.0,Y,9.6,404.3008964,Mathieu Coutadeur,3,4385.229492,Scotia Union Elementary,2,2,4,6,0,2
1566f86d-93ed-408b-a7b8-90d409419736,3-2,1,39120,38122,998,120,1.0,1366,27.0,desktop,0.0,high school,0.0,,0.0,0.0,,10.697,188.8673207,Jonny Evans,3,4777.512695,Mountain View Elementary,4,1,7,10,0,5
1566f86d-93ed-408b-a7b8-90d409419736,2-1,1,38974,38021,953,145,1.0,1366,27.0,desktop,0.0,high school,0.0,,0.0,0.0,,8.337,228.8209148,Sofian Chahed,4,4862.790527,Pleasant Valley Joint Union Elementary,2,3,3,5,0,3
1566f86d-93ed-408b-a7b8-90d409419736,3-1,0,29237,27446,1791,106,1.0,1366,27.0,desktop,0.0,high school,0.0,,0.0,0.0,,11.081,231.7277563, Álex López,3,5486.029785,Oak Grove Elementary,3,2,3,5,0,5
1566f86d-93ed-408b-a7b8-90d409419736,1-1,1,38008,35850,2158,324,0.3333333333,1366,27.0,desktop,0.0,high school,0.0,,0.0,0.0,,9.6,542.2594142,Danny Guthrie,5,5486.382324,Pollock Pines Elementary,2,1,4,6,0,6
1566f86d-93ed-408b-a7b8-90d409419736,1-2,0,79806,77418,2388,383,1.0,1366,27.0,desktop,0.0,high school,0.0,,0.0,0.0,,10.485,296.8301945,Karim El-Hany,4,4631.243652,Castaic Union Elementary,1,1,3,5,0,2
1566f86d-93ed-408b-a7b8-90d409419736,2-2,0,36821,36617,204,166,1.0,1366,27.0,desktop,0.0,high school,0.0,,0.0,0.0,,7.638,272.0048065,Peguy Luyindula,2,5189.62793,Bishop Union Elementary,1,1,7,10,0,6
15a5a588-84f1-47b6-8ff7-3b5dd3065df8,3-1,1,35445,32531,2914,106,1.0,1212,18.0,laptop,2.0,college,1.0,Portuguese,0.0,1.0,N,11.081,195.5058252,Jon Walters,4,4600.606445,Buellton Union Elementary,1,1,3,5,0,5
15a5a588-84f1-47b6-8ff7-3b5dd3065df8,2-1,0,39422,38421,1001,145,1.0,1212,18.0,laptop,2.0,college,1.0,Portuguese,0.0,1.0,N,8.337,226.4386664,Benoît Cheyrou,4,6735.775391,Chawanakee Jt. Elementary,2,7,9,13,0,1
15a5a588-84f1-47b6-8ff7-3b5dd3065df8,1-2,1,77368,67299,10069,383,1.0,1212,18.0,laptop,2.0,college,1.0,Portuguese,0.0,1.0,N,10.485,341.4612401,Craig Dawson,1,5475.172852,Yreka Union Elementary,1,2,3,5,0,6
15a5a588-84f1-47b6-8ff7-3b5dd3065df8,2-2,1,42934,39947,2987,166,1.0,1212,18.0,laptop,2.0,college,1.0,Portuguese,0.0,1.0,N,7.638,249.3303627,Korey Smith,3,5990.794434,Alexander Valley Union Elementary,4,1,7,10,0,1
15a5a588-84f1-47b6-8ff7-3b5dd3065df8,1-1,0,83465,78059,5406,324,1.0,1212,18.0,laptop,2.0,college,1.0,Portuguese,0.0,1.0,N,9.6,249.042391,Zdravko Kuzmanović,2,7203.246582,Twin Ridges Elementary,3,1,7,10,0,1
15a5a588-84f1-47b6-8ff7-3b5dd3065df8,3-2,0,30566,27583,2983,120,1.0,1212,18.0,laptop,2.0,college,1.0,Portuguese,0.0,1.0,N,10.697,261.0303448,Matthew Upson,2,4777.769043,Sundale Union Elementary,4,4,4,6,0,6
16d05f08-7a7f-4b5e-ac3f-b7a64a5ec349,1-2,1,64071,62183,1888,383,1.0,1438,28.0,desktop,0.0,college,0.0,English,0.0,0.0,Y,10.485,369.5543798,Danny Fox,4,4302.834961,Three Rivers Union Elementary,3,3,9,13,0,2
16d05f08-7a7f-4b5e-ac3f-b7a64a5ec349,3-2,0,33355,32501,854,120,1.0,1438,28.0,desktop,0.0,college,0.0,English,0.0,0.0,Y,10.697,221.5316452,Zdravko Kuzmanović,2,5630.194824,Columbia Union Elementary,1,7,7,10,0,1
16d05f08-7a7f-4b5e-ac3f-b7a64a5ec349,3-1,1,24034,23606,428,106,1.0,1438,28.0,desktop,0.0,college,0.0,English,0.0,0.0,Y,11.081,269.423028,Niklas Dams,3,4708.625,Westside Union Elementary,4,3,4,6,0,1
16d05f08-7a7f-4b5e-ac3f-b7a64a5ec349,2-1,1,33712,33424,288,145,0.6666666667,1438,28.0,desktop,0.0,college,0.0,English,0.0,0.0,Y,8.337,260.2920057,Etienne Didot,4,5629.961426,Ballico-Cressey Elementary,3,15,7,10,0,5
16d05f08-7a7f-4b5e-ac3f-b7a64a5ec349,2-2,0,52424,52003,421,166,1.0,1438,28.0,desktop,0.0,college,0.0,English,0.0,0.0,Y,7.638,191.5274119,Nikolče Noveski,1,4890.986816,Millbrae Elementary,3,2,3,5,0,6
16d05f08-7a7f-4b5e-ac3f-b7a64a5ec349,1-1,0,73103,72370,733,324,1.0,1438,28.0,desktop,0.0,college,0.0,English,0.0,0.0,Y,9.6,268.6195938, Samuel,2,4929.393066,Evergreen Elementary,3,5,4,6,0,5
16d93a7f-b378-4f6c-ba62-8e7479afc2d3,3-2,0,22261,15521,6740,120,1.0,1150,21.0,laptop,0.0,college,0.0,English,0.0,0.0,Y,10.697,463.8876361, Yannick Djaló,3,4905.221191,Harmony Union Elementary,1,1,4,6,0,1
16d93a7f-b378-4f6c-ba62-8e7479afc2d3,2-2,1,16953,14247,2706,166,1.0,1150,21.0,laptop,0.0,college,0.0,English,0.0,0.0,Y,7.638,699.0945462,Fabian Delph,2,5156.856934,Panama Buena Vista Union Elementary,1,4,3,5,0,5
16d93a7f-b378-4f6c-ba62-8e7479afc2d3,1-2,0,38006,20436,17570,383,1.0,1150,21.0,laptop,0.0,college,0.0,English,0.0,0.0,Y,10.485,1124.486201,Hogan Ephraim,2,4941.787598,Laguna Salada Union Elementary,4,2,3,5,0,1
16d93a7f-b378-4f6c-ba62-8e7479afc2d3,3-1,1,14621,8418,6203,106,1.0,1150,21.0,laptop,0.0,college,0.0,English,0.0,0.0,Y,11.081,755.5238774,Gonzalo Castro,2,5408.781738,Sonora Elementary,3,15,3,5,0,5
16d93a7f-b378-4f6c-ba62-8e7479afc2d3,1-1,1,37924,25742,12182,324,0.6666666667,1150,21.0,laptop,0.0,college,0.0,English,0.0,0.0,Y,9.6,755.1860772,James Shea,4,4981.387695,Roseville City Elementary,2,1,3,5,0,4
16d93a7f-b378-4f6c-ba62-8e7479afc2d3,2-1,0,22228,15616,6612,145,1.0,1150,21.0,laptop,0.0,college,0.0,English,0.0,0.0,Y,8.337,557.1209016,Laurent Koscielny,3,4877.086426,Gratton Elementary,3,7,4,6,0,4
177ecf4d-6409-4d73-8060-099d85c7a2f4,3-2,1,89183,81315,7868,120,0.6666666667,1366,27.0,laptop,1.0,graduate school,0.0,Polish,0.0,1.0,N,10.697,88.54454898,Rémi Gomis,4,5111.739258,Susanville Elementary,4,1,4,6,0,6
177ecf4d-6409-4d73-8060-099d85c7a2f4,1-2,0,200842,186915,13927,383,1.0,1366,27.0,laptop,1.0,graduate school,0.0,Polish,0.0,1.0,N,10.485,122.943584, Xavi,3,5201.515625,Bella Vista Elementary,4,16,7,10,0,5
177ecf4d-6409-4d73-8060-099d85c7a2f4,1-1,1,169340,155069,14271,324,0.6666666667,1366,27.0,laptop,1.0,graduate school,0.0,Polish,0.0,1.0,N,9.6,125.3635478,Pablo Zabaleta,2,4138.305664,Columbine Elementary,2,6,7,10,0,6
177ecf4d-6409-4d73-8060-099d85c7a2f4,2-2,1,95818,91236,4582,166,1.0,1366,27.0,laptop,1.0,graduate school,0.0,Polish,0.0,1.0,N,7.638,109.1674339,Mapou Yanga-Mbiwa,2,5743.597168,Hughes-Elizabeth Lakes Union Elementary,2,1,7,10,0,6
177ecf4d-6409-4d73-8060-099d85c7a2f4,2-1,0,110440,101938,8502,145,0.3333333333,1366,27.0,laptop,1.0,graduate school,0.0,Polish,0.0,1.0,N,8.337,85.34599462,Wojciech Szczęsny,4,5702.705078,Mountain View Elementary,3,2,7,10,0,5
177ecf4d-6409-4d73-8060-099d85c7a2f4,3-1,0,57577,50001,7576,106,1.0,1366,27.0,laptop,1.0,graduate school,0.0,Polish,0.0,1.0,N,11.081,127.1974561,Sam Johnstone,2,4802.152832,Sulphur Springs Union Elementary,2,1,4,6,1,5
17e9c042-57f7-4dbd-b484-3216d2baa9f7,2-1,0,17931,17194,737,145,0.3333333333,1135,20.0,desktop,0.0,high school,1.0,English,0.0,0.0,Y,8.337,505.9904618, Xavi,5,5442.143066,Forestville Union Elementary,4,1,3,5,0,6
17e9c042-57f7-4dbd-b484-3216d2baa9f7,1-1,1,45685,44165,1520,324,0.6666666667,1135,20.0,desktop,0.0,high school,1.0,English,0.0,0.0,Y,9.6,440.1675535,Michael Keane,2,4522.375488,Rosedale Union Elementary,2,1,3,5,0,5
17e9c042-57f7-4dbd-b484-3216d2baa9f7,3-1,0,30808,30505,303,106,1.0,1135,20.0,desktop,0.0,high school,1.0,English,0.0,0.0,Y,11.081,208.4904114, Iniesta,4,4965.808105,Columbia Elementary,1,2,7,10,1,6
17e9c042-57f7-4dbd-b484-3216d2baa9f7,2-2,1,22811,21994,817,166,1.0,1135,20.0,desktop,0.0,high school,1.0,English,0.0,0.0,Y,7.638,452.8507775,Jaroslav Plašil,1,5358.326172,Colfax Elementary,4,3,7,10,0,5
17e9c042-57f7-4dbd-b484-3216d2baa9f7,1-2,0,47683,44060,3623,383,1.0,1135,20.0,desktop,0.0,high school,1.0,English,0.0,0.0,Y,10.485,521.561507, Cala,4,5784.625,Mt. Shasta Union Elementary,1,1,7,10,0,6
17e9c042-57f7-4dbd-b484-3216d2baa9f7,3-2,1,20886,18834,2052,120,0.6666666667,1135,20.0,desktop,0.0,high school,1.0,English,0.0,0.0,Y,10.697,382.2873527,Antonio Rüdiger,4,5072.70459,Piner-Olivet Union Elementary,3,1,3,5,0,1
1807eb20-6d3a-4efc-a8c4-8901ef1fca5f,2-1,0,38590,26084,12506,145,1.0,1212,23.0,laptop,0.0,college,1.0,English,0.0,0.0,Y,8.337,333.537801,David Meyler,4,5556.041016,Bass Lake Joint Elementary,4,1,3,5,0,5
1807eb20-6d3a-4efc-a8c4-8901ef1fca5f,3-2,1,41052,31295,9757,120,1.0,1212,23.0,laptop,0.0,college,1.0,English,0.0,0.0,Y,10.697,230.0687011,Sven Schipplock,3,5190.310059,Cutten Elementary,4,1,7,10,0,1
1807eb20-6d3a-4efc-a8c4-8901ef1fca5f,1-2,0,65599,49496,16103,383,1.0,1212,23.0,laptop,0.0,college,1.0,English,0.0,0.0,Y,10.485,464.2799418,Alex Oxlade-Chamberlain,3,5211.485352,Placerville Union Elementary,1,5,4,6,0,1
1807eb20-6d3a-4efc-a8c4-8901ef1fca5f,3-1,0,47486,27998,19488,106,0.3333333333,1212,23.0,laptop,0.0,college,1.0,English,0.0,0.0,Y,11.081,227.1590828,Alexander Tettey,3,5284.164063,Wright Elementary,2,1,7,10,0,4
1807eb20-6d3a-4efc-a8c4-8901ef1fca5f,2-2,1,28119,20115,8004,166,1.0,1212,23.0,laptop,0.0,college,1.0,English,0.0,0.0,Y,7.638,495.152871,Gabriel Torje,3,5331.920898,Evergreen Union Elementary,2,2,7,10,0,3
1807eb20-6d3a-4efc-a8c4-8901ef1fca5f,1-1,1,91790,67877,23913,324,0.6666666667,1212,23.0,laptop,0.0,college,1.0,English,0.0,0.0,Y,9.6,286.4004007, José Enrique,3,5599.60791,Old Adobe Union Elementary,4,9,7,10,0,4
18ff52ad-d2e9-4d03-b775-d01403f19b51,2-1,1,36564,28623,7941,145,1.0,1423,19.0,laptop,0.0,high school,1.0,English,0.0,0.0,Y,8.337,303.9513678,Anthony Martial,3,4881.899414,Wilmar Union Elementary,3,1,7,10,0,1
18ff52ad-d2e9-4d03-b775-d01403f19b51,3-1,0,29472,23666,5806,106,1.0,1423,19.0,laptop,0.0,high school,1.0,English,0.0,0.0,Y,11.081,268.7399645,Federico Macheda,2,4700.432129,Ackerman Elementary,4,1,7,10,0,5
18ff52ad-d2e9-4d03-b775-d01403f19b51,1-1,1,64799,40643,24156,324,1.0,1423,19.0,laptop,0.0,high school,1.0,English,0.0,0.0,Y,9.6,478.3111483,Karim Haggui,3,5650.0,Santa Cruz City Elementary,1,1,9,13,0,4
18ff52ad-d2e9-4d03-b775-d01403f19b51,2-2,0,40501,36973,3528,166,1.0,1423,19.0,laptop,0.0,high school,1.0,English,0.0,0.0,Y,7.638,269.385768,Aaron Hughes,2,5318.240723,Arcata Elementary,4,2,9,13,0,5
18ff52ad-d2e9-4d03-b775-d01403f19b51,3-2,1,31792,27569,4223,120,1.0,1423,19.0,laptop,0.0,high school,1.0,English,0.0,0.0,Y,10.697,261.1629004,William Kvist,5,4709.054199,Alta Loma Elementary,3,1,4,6,0,5
18ff52ad-d2e9-4d03-b775-d01403f19b51,1-2,0,62916,43908,19008,383,1.0,1423,19.0,laptop,0.0,high school,1.0,English,0.0,0.0,Y,10.485,523.3670402, Arana,4,5143.19043,Foresthill Union Elementary,4,1,7,10,0,5
1ab057fb-ac2e-4650-88bc-ede767006043,3-1,1,33239,31596,1643,106,1.0,1135,16.0,desktop,0.0,pre-high school,1.0,German,0.0,0.0,N,11.081,201.2913027, Puyol,4,5133.009766,Mother Lode Union Elementary,4,1,3,5,0,1
1ab057fb-ac2e-4650-88bc-ede767006043,2-1,0,50430,49706,724,145,1.0,1135,16.0,desktop,0.0,pre-high school,1.0,German,0.0,0.0,N,8.337,175.0291715,Jonny Evans,2,5081.455566,Ocean View Elementary,1,2,3,5,0,5
1ab057fb-ac2e-4650-88bc-ede767006043,1-1,1,82851,77684,5167,324,0.3333333333,1135,16.0,desktop,0.0,pre-high school,1.0,German,0.0,0.0,N,9.6,250.2445806, José Enrique,4,4016.41626,Lake Elementary,2,11,3,5,0,5
1ab057fb-ac2e-4650-88bc-ede767006043,2-2,1,52798,52180,618,166,1.0,1135,16.0,desktop,0.0,pre-high school,1.0,German,0.0,0.0,N,7.638,190.8777309,Ludovic Giuly,2,5374.050293,San Mateo-Foster City Elementary,1,1,7,10,0,5
1ab057fb-ac2e-4650-88bc-ede767006043,3-2,0,43735,41942,1793,120,0.6666666667,1135,16.0,desktop,0.0,pre-high school,1.0,German,0.0,0.0,N,10.697,171.6656335, Thiago Motta,4,5427.548828,Goleta Union Elementary,2,3,4,6,0,5
1ab057fb-ac2e-4650-88bc-ede767006043,1-2,0,106200,102468,3732,383,1.0,1135,16.0,desktop,0.0,pre-high school,1.0,German,0.0,0.0,N,10.485,224.2651364, Bosingwa,5,5179.644531,Helendale Elementary,2,2,3,5,0,7
1b57438e-b823-4e70-95b2-c4659c379273,3-1,0,42032,36689,5343,106,1.0,1438,58.0,desktop,0.0,college,1.0,English,0.0,0.0,Y,11.081,173.3489602,Dan Gosling,2,5400.0,Petaluma City Elementary,2,2,3,5,0,4
1b57438e-b823-4e70-95b2-c4659c379273,1-1,1,101876,98586,3290,324,0.6666666667,1438,58.0,desktop,0.0,college,1.0,English,0.0,0.0,Y,9.6,197.1882417,Tino Costa,2,5726.146484,Sunnyvale Elementary,2,1,7,10,0,5
1b57438e-b823-4e70-95b2-c4659c379273,2-1,0,133762,132797,965,145,0.3333333333,1438,58.0,desktop,0.0,college,1.0,English,0.0,0.0,Y,8.337,65.51352817,Benjamin Uphoff,2,5003.870117,College Elementary,4,1,9,13,0,6
1b57438e-b823-4e70-95b2-c4659c379273,1-2,0,104891,101106,3785,383,1.0,1438,58.0,desktop,0.0,college,1.0,English,0.0,0.0,Y,10.485,227.2862145,Ashkan Dejagah,3,4969.51123,La Mesa-Spring Valley,2,1,4,6,0,4
1b57438e-b823-4e70-95b2-c4659c379273,2-2,1,55268,54509,759,166,0.6666666667,1438,58.0,desktop,0.0,college,1.0,English,0.0,0.0,Y,7.638,182.7221193,Emanuel Pogatetz,4,4747.295898,Huntington Beach City Elementary,3,1,7,10,0,3
1b57438e-b823-4e70-95b2-c4659c379273,3-2,1,45434,43076,2358,120,1.0,1438,58.0,desktop,0.0,college,1.0,English,0.0,0.0,Y,10.697,167.1464389, Lafita,2,4543.305176,Solvang Elementary,1,5,3,5,0,5
1d254f4a-ccab-4a27-8b17-ee0f21b472b4,1-1,1,128681,79068,49613,324,0.6666666667,880,53.0,tablet,0.0,professional school,1.0,English,0.0,0.0,Y,9.6,245.8643193,Guy Demel,4,5229.591309,Soquel Elementary,1,1,3,5,0,4
1d254f4a-ccab-4a27-8b17-ee0f21b472b4,3-2,1,84207,71892,12315,120,1.0,880,53.0,tablet,0.0,professional school,1.0,English,0.0,0.0,Y,10.697,100.1502253,Mesut Özil,5,4507.353027,Capay Joint Union Elementary,1,10,4,6,0,3
1d254f4a-ccab-4a27-8b17-ee0f21b472b4,2-2,1,53621,40549,13072,166,1.0,880,53.0,tablet,0.0,professional school,1.0,English,0.0,0.0,Y,7.638,245.6287455,Ricardo Faty,4,5302.62793,Gravenstein Union Elementary,4,2,3,5,0,5
1d254f4a-ccab-4a27-8b17-ee0f21b472b4,2-1,0,65638,57991,7647,145,1.0,880,53.0,tablet,0.0,professional school,1.0,English,0.0,0.0,Y,8.337,150.0232795,Timmy Simons,3,5545.610352,Pleasant Valley Elementary,1,2,7,10,0,4
1d254f4a-ccab-4a27-8b17-ee0f21b472b4,3-1,0,70458,37637,32821,106,1.0,880,53.0,tablet,0.0,professional school,1.0,English,0.0,0.0,Y,11.081,168.9826501,Simon Rolfes,2,4615.908691,Pioneer Union Elementary,2,2,3,5,0,3
1d254f4a-ccab-4a27-8b17-ee0f21b472b4,1-2,0,85632,65796,19836,383,0.6666666667,880,53.0,tablet,0.0,professional school,1.0,English,0.0,0.0,Y,10.485,349.2613533,Carl Medjani,4,5397.689453,Santee Elementary,2,2,9,13,0,1
1ea0eab0-36ee-4a7f-a855-db0d0c545a87,2-1,1,30510,27342,3168,145,1.0,880,32.0,tablet,0.0,graduate school,1.0,English,0.0,0.0,Y,8.337,318.1917928, Santi Cazorla,5,5118.373047,Johnstonville Elementary,2,13,3,5,0,6
1ea0eab0-36ee-4a7f-a855-db0d0c545a87,1-1,0,60023,54964,5059,324,1.0,880,32.0,tablet,0.0,graduate school,1.0,English,0.0,0.0,Y,9.6,353.6860491, Miguel Torres,1,5008.070801,Pleasant Valley Elementary,4,2,7,10,0,4
1ea0eab0-36ee-4a7f-a855-db0d0c545a87,2-2,0,43114,37951,5163,166,1.0,880,32.0,tablet,0.0,graduate school,1.0,English,0.0,0.0,Y,7.638,262.4436774,Szabolcs Huszti,5,4906.030273,Curtis Creek Elementary,4,6,7,10,0,1
1ea0eab0-36ee-4a7f-a855-db0d0c545a87,3-1,0,28585,22069,6516,106,1.0,880,32.0,tablet,0.0,graduate school,1.0,English,0.0,0.0,Y,11.081,288.1870497,Micah Richards,4,6870.346191,Fort Jones Union Elementary,1,1,4,6,0,5
1ea0eab0-36ee-4a7f-a855-db0d0c545a87,3-2,1,37412,33456,3956,120,1.0,880,32.0,tablet,0.0,graduate school,1.0,English,0.0,0.0,Y,10.697,215.2080344,Phil Jagielka,2,5301.716309,Mark West Union Elementary,1,3,9,13,0,1
1ea0eab0-36ee-4a7f-a855-db0d0c545a87,1-2,1,63332,57373,5959,383,1.0,880,32.0,tablet,0.0,graduate school,1.0,English,0.0,0.0,Y,10.485,400.5368379,Steeve Yago,2,5182.365723,Alpine Union Elementary,3,2,7,10,1,7
203a6897-eaef-44f2-ac30-f8e9d95fa886,2-2,1,46411,44172,2239,166,1.0,880,58.0,tablet,0.0,PhD,1.0,English,0.0,0.0,Y,7.638,225.4822059,Loris Néry,2,4999.46875,Sebastopol Union Elementary,1,1,4,6,1,1
203a6897-eaef-44f2-ac30-f8e9d95fa886,2-1,0,79090,72818,6272,145,1.0,880,58.0,tablet,0.0,PhD,1.0,English,0.0,0.0,Y,8.337,119.4759537,Sven Ulreich,4,6732.066406,Freshwater Elementary,2,2,7,10,1,2
203a6897-eaef-44f2-ac30-f8e9d95fa886,1-2,1,74227,62014,12213,383,1.0,880,58.0,tablet,0.0,PhD,1.0,English,0.0,0.0,Y,10.485,370.5614861,Robert Green,3,4612.989746,Norris Elementary,3,3,3,5,0,1
203a6897-eaef-44f2-ac30-f8e9d95fa886,3-2,1,63632,49335,14297,120,1.0,880,58.0,tablet,0.0,PhD,1.0,English,0.0,0.0,Y,10.697,145.9410155,Brad Guzan,2,5478.845703,Springville Union Elementary,4,2,4,6,0,5
203a6897-eaef-44f2-ac30-f8e9d95fa886,3-1,0,67378,52923,14455,106,1.0,880,58.0,tablet,0.0,PhD,1.0,English,0.0,0.0,Y,11.081,120.1745933, Labaka,4,5666.713867,Moreland Elementary,4,8,4,6,0,6
203a6897-eaef-44f2-ac30-f8e9d95fa886,1-1,0,138629,122785,15844,324,0.6666666667,880,58.0,tablet,0.0,PhD,1.0,English,0.0,0.0,Y,9.6,158.3255284,Andrey Arshavin,4,4742.51416,Maple Elementary,3,3,3,5,0,1
204f52c9-ca1f-4474-a4c9-ec189e17161e,1-1,0,63954,61447,2507,324,0.6666666667,322,37.0,smartphone,0.0,graduate school,1.0,English,0.0,0.0,Y,9.6,316.3702052,Anthony Martial,2,4907.392578,Kings River-Hardwick Union Elementary,1,1,3,5,0,3
204f52c9-ca1f-4474-a4c9-ec189e17161e,2-2,1,40480,40396,84,166,1.0,322,37.0,smartphone,0.0,graduate school,1.0,English,0.0,0.0,Y,7.638,246.5590653,Radamel Falcao,1,5700.402344,Julian Union Elementary,2,2,3,5,0,6
204f52c9-ca1f-4474-a4c9-ec189e17161e,3-2,0,37643,37287,356,120,1.0,322,37.0,smartphone,0.0,graduate school,1.0,English,0.0,0.0,Y,10.697,193.0967898, Diego Costa,3,5191.834473,Cardiff Elementary,3,8,3,5,1,6
204f52c9-ca1f-4474-a4c9-ec189e17161e,2-1,0,36026,34286,1740,145,0.6666666667,322,37.0,smartphone,0.0,graduate school,1.0,English,0.0,0.0,Y,8.337,253.7478854,Sylvio Rodelin,2,4451.256836,Saucelito Elementary,1,6,4,6,1,6
204f52c9-ca1f-4474-a4c9-ec189e17161e,1-2,1,71204,67485,3719,383,0.3333333333,322,37.0,smartphone,0.0,graduate school,1.0,English,0.0,0.0,Y,10.485,340.5201156, Nani,5,5627.527832,Bonsall Union Elementary,2,10,4,6,0,5
204f52c9-ca1f-4474-a4c9-ec189e17161e,3-1,1,28245,27908,337,106,1.0,322,37.0,smartphone,0.0,graduate school,1.0,English,0.0,0.0,Y,11.081,227.891644,Kevin Pannewitz,4,4922.939941,Cypress Elementary,4,2,7,10,0,5
20707557-d86f-471c-bd39-ce12b5d290c3,3-1,0,45096,35511,9585,106,0.6666666667,1294,19.0,laptop,0.0,college,1.0,English,0.0,0.0,Y,11.081,179.099434, Kaká,2,4969.380859,Lowell Joint Elementary,4,7,7,10,0,4
20707557-d86f-471c-bd39-ce12b5d290c3,1-1,0,62209,35181,27028,324,0.6666666667,1294,19.0,laptop,0.0,college,1.0,English,0.0,0.0,Y,9.6,552.57099,Timm Klose,4,4829.717285,Newhall Elementary,2,3,7,10,0,1
20707557-d86f-471c-bd39-ce12b5d290c3,2-1,0,29672,18147,11525,145,0.6666666667,1294,19.0,laptop,0.0,college,1.0,English,0.0,0.0,Y,8.337,479.4180856,Ángelo Henríquez,4,6716.692871,Lagunitas Elementary,3,1,7,10,0,5
20707557-d86f-471c-bd39-ce12b5d290c3,1-2,1,59995,51149,8846,383,1.0,1294,19.0,laptop,0.0,college,1.0,English,0.0,0.0,Y,10.485,449.2756457,Renato Civelli,5,5205.941895,Cambrian Elementary,1,1,4,6,0,1
20707557-d86f-471c-bd39-ce12b5d290c3,3-2,1,39349,33692,5657,120,1.0,1294,19.0,laptop,0.0,college,1.0,English,0.0,0.0,Y,10.697,213.7005817,Sebastian Freis,3,4357.826172,Richfield Elementary,1,5,3,5,0,4
20707557-d86f-471c-bd39-ce12b5d290c3,2-2,1,27634,24090,3544,166,1.0,1294,19.0,laptop,0.0,college,1.0,English,0.0,0.0,Y,7.638,413.4495641,Artjoms Rudņevs,4,5195.918945,Fieldbrook Elementary,3,3,3,5,0,4
20bc2c15-8c8b-4581-89b1-ce290be145df,3-2,0,49115,43614,5501,120,1.0,880,23.0,smartphone,0.0,college,1.0,English,0.0,0.0,Y,10.697,165.0846059,Kieran Richardson,4,6002.071777,Dehesa Elementary,4,1,7,10,0,5
20bc2c15-8c8b-4581-89b1-ce290be145df,3-1,1,35697,31577,4120,106,1.0,880,23.0,smartphone,0.0,college,1.0,English,0.0,0.0,Y,11.081,201.4124204,Mathieu Bodmer,4,5090.587891,Cottonwood Union Elementary,1,1,7,10,0,1
20bc2c15-8c8b-4581-89b1-ce290be145df,2-2,1,47163,41258,5905,166,1.0,880,23.0,smartphone,0.0,college,1.0,English,0.0,0.0,Y,7.638,241.407727,Maximilian Beister,3,5112.390137,Fruitvale Elementary,4,1,7,10,0,1
20bc2c15-8c8b-4581-89b1-ce290be145df,1-1,1,83012,79248,3764,324,1.0,880,23.0,smartphone,0.0,college,1.0,English,0.0,0.0,Y,9.6,245.3058752,Radek Černý,2,5287.35498,Union Elementary,3,2,3,5,0,1
20bc2c15-8c8b-4581-89b1-ce290be145df,1-2,0,83105,65879,17226,383,1.0,880,23.0,smartphone,0.0,college,1.0,English,0.0,0.0,Y,10.485,348.8213239,Stephen Warnock,2,4889.47998,Fountain Valley Elementary,3,10,3,5,0,6
20bc2c15-8c8b-4581-89b1-ce290be145df,2-1,0,55735,15997,39738,145,0.6666666667,880,23.0,smartphone,0.0,college,1.0,English,0.0,0.0,Y,8.337,543.8519722,Nelson Valdez,2,5118.130371,Gold Oak Union Elementary,2,1,7,10,0,1
2154a0f3-a816-47af-b00c-16d398859afa,2-1,0,37673,26022,11651,145,1.0,880,41.0,smartphone,0.0,professional school,1.0,English,0.0,0.0,Y,8.337,334.3324879, Roberto Lago,2,5119.123047,Buckeye Union Elementary,3,10,4,6,0,4
2154a0f3-a816-47af-b00c-16d398859afa,3-1,0,36583,26644,9939,106,1.0,880,41.0,smartphone,0.0,professional school,1.0,English,0.0,0.0,Y,11.081,238.7028975, Valerón,2,4792.211426,Rocklin Unified,2,3,7,10,0,1
2154a0f3-a816-47af-b00c-16d398859afa,1-2,0,56884,55339,1545,383,1.0,880,41.0,smartphone,0.0,professional school,1.0,English,0.0,0.0,Y,10.485,415.2586783, Doni,4,5450.103516,Gold Trail Union Elementary,4,1,7,10,0,2
2154a0f3-a816-47af-b00c-16d398859afa,3-2,1,30472,22503,7969,120,0.6666666667,880,41.0,smartphone,0.0,professional school,1.0,English,0.0,0.0,Y,10.697,319.957339,Ibrahima Traoré,4,5210.724609,Hydesville Elementary,3,1,7,10,0,6
2154a0f3-a816-47af-b00c-16d398859afa,1-1,1,50075,42596,7479,324,0.6666666667,880,41.0,smartphone,0.0,professional school,1.0,English,0.0,0.0,Y,9.6,456.3808808, Simão,4,4715.445801,Saugus Union Elementary,4,3,7,10,0,6
2154a0f3-a816-47af-b00c-16d398859afa,2-2,1,28736,23004,5732,166,1.0,880,41.0,smartphone,0.0,professional school,1.0,English,0.0,0.0,Y,7.638,432.9681794,Ivan Klasnić,3,4632.068359,Loomis Union Elementary,4,1,7,10,0,6
215f1a41-46c0-40a1-85ef-c155bf665a45,2-2,1,60200,57517,2683,166,1.0,1135,25.0,laptop,0.0,graduate school,1.0,English,0.0,0.0,Y,7.638,173.1661943,Kevin Vogt,4,5028.561523,Placer Hills Union Elementary,2,2,9,13,0,1
215f1a41-46c0-40a1-85ef-c155bf665a45,1-1,0,78032,73368,4664,324,1.0,1135,25.0,laptop,0.0,graduate school,1.0,English,0.0,0.0,Y,9.6,264.9656526,Jay Rodriguez,5,5695.466797,Dunham Elementary,4,9,9,13,0,5
215f1a41-46c0-40a1-85ef-c155bf665a45,3-1,0,31929,28933,2996,106,1.0,1135,25.0,laptop,0.0,graduate school,1.0,English,0.0,0.0,Y,11.081,219.8182007,Paul Verhaegh,2,4504.294922,San Carlos Elementary,1,12,4,6,1,5
215f1a41-46c0-40a1-85ef-c155bf665a45,1-2,1,78023,69585,8438,383,1.0,1135,25.0,laptop,0.0,graduate school,1.0,English,0.0,0.0,Y,10.485,330.243587, Bosingwa,3,5156.437012,Ready Springs Union Elementary,2,1,7,10,0,5
215f1a41-46c0-40a1-85ef-c155bf665a45,3-2,1,34102,30683,3419,120,1.0,1135,25.0,laptop,0.0,graduate school,1.0,English,0.0,0.0,Y,10.697,234.657628,Lasse Sobiech,5,5433.51416,Coarsegold Union Elementary,4,2,3,5,0,4
215f1a41-46c0-40a1-85ef-c155bf665a45,2-1,0,47128,40609,6519,145,1.0,1135,25.0,laptop,0.0,graduate school,1.0,English,0.0,0.0,Y,8.337,214.2382231, Jonas,4,5254.631836,Cayucos Elementary,3,2,3,5,0,1
24a6f167-5017-43b5-9dfd-891537602f94,3-2,1,27370,27370,0,120,0.6666666667,880,44.0,smartphone,2.0,college,1.0,English,0.0,1.0,Y,10.697,263.0617464, João Victor,4,4593.196777,Richmond Elementary,2,2,3,5,0,1
24a6f167-5017-43b5-9dfd-891537602f94,2-1,0,68082,66033,2049,145,1.0,880,44.0,smartphone,2.0,college,1.0,English,0.0,1.0,Y,8.337,131.7523057,Aly Cissokho,2,4320.678711,Clay Joint Elementary,4,7,7,10,0,5
24a6f167-5017-43b5-9dfd-891537602f94,1-1,0,97997,95923,2074,324,1.0,880,44.0,smartphone,2.0,college,1.0,English,0.0,1.0,Y,9.6,202.6625523,Nicky Shorey,3,4920.777344,Waugh Elementary,1,5,4,6,0,5
24a6f167-5017-43b5-9dfd-891537602f94,2-2,1,36539,36539,0,166,1.0,880,44.0,smartphone,2.0,college,1.0,English,0.0,1.0,Y,7.638,272.5854566,Gareth Bale,2,6905.869141,Two Rock Union Elementary,3,1,3,5,0,5
24a6f167-5017-43b5-9dfd-891537602f94,1-2,1,84132,60222,23910,383,1.0,880,44.0,smartphone,2.0,college,1.0,English,0.0,1.0,Y,10.485,381.5881239,Mitchell Langerak,4,5729.904297,Belmont-Redwood Shores Elementary,4,3,3,5,0,6
24a6f167-5017-43b5-9dfd-891537602f94,3-1,0,24702,23611,1091,106,1.0,880,44.0,smartphone,2.0,college,1.0,English,0.0,1.0,Y,11.081,269.3659735,Kevin Trapp,3,4825.202148,Rescue Union Elementary,4,3,7,10,0,6
24aa2b4b-800c-4a4a-bac9-727b1065e142,3-1,1,18531,15019,3512,106,1.0,1281,25.0,laptop,0.0,college,1.0,English,0.0,0.0,Y,11.081,423.4636128,Albert Rafetraniaina,3,5388.17041,Alta-Dutch Flat Union Elementary,1,1,9,13,0,6
24aa2b4b-800c-4a4a-bac9-727b1065e142,2-2,1,23916,20925,2991,166,1.0,1281,25.0,laptop,0.0,college,1.0,English,0.0,0.0,Y,7.638,475.9856631,Samed Yesil,5,5133.827148,San Pasqual Union Elementary,2,1,4,6,0,4
24aa2b4b-800c-4a4a-bac9-727b1065e142,1-1,0,47311,39928,7383,324,1.0,1281,25.0,laptop,0.0,college,1.0,English,0.0,0.0,Y,9.6,486.8763775,Assani Lukimya,5,5346.15625,Latrobe Elementary,1,1,7,10,1,1
24aa2b4b-800c-4a4a-bac9-727b1065e142,1-2,1,43019,36409,6610,383,1.0,1281,25.0,laptop,0.0,college,1.0,English,0.0,0.0,Y,10.485,631.1626246, Pedro,3,4789.309082,Union Hill Elementary,4,11,3,5,0,1
24aa2b4b-800c-4a4a-bac9-727b1065e142,2-1,0,24183,22213,1970,145,1.0,1281,25.0,laptop,0.0,college,1.0,English,0.0,0.0,Y,8.337,391.66254,Ludovic Obraniak,4,5329.782227,Twin Hills Union Elementary,3,10,3,5,0,5
24aa2b4b-800c-4a4a-bac9-727b1065e142,3-2,0,29873,22510,7363,120,1.0,1281,25.0,laptop,0.0,college,1.0,English,0.0,0.0,Y,10.697,319.857841,Martin Amedick,3,5371.172852,Pacific Union Elementary,2,4,4,6,0,6
24c1cc74-742c-4c92-860a-7a2fa7659727,3-2,0,38353,33475,4878,120,0.6666666667,1438,27.0,laptop,1.0,college,1.0,English,0.0,1.0,Y,10.697,215.085885,Hajime Hosogai,4,5771.383789,Douglas City Elementary,2,6,3,5,0,1
24c1cc74-742c-4c92-860a-7a2fa7659727,1-1,1,60213,50413,9800,324,0.6666666667,1438,27.0,laptop,1.0,college,1.0,English,0.0,1.0,Y,9.6,385.6148216,Ibrahima Traoré,4,4993.634766,Pleasant Ridge Union Elementary,4,1,7,10,0,1
24c1cc74-742c-4c92-860a-7a2fa7659727,3-1,1,16706,13223,3483,106,0.6666666667,1438,27.0,laptop,1.0,college,1.0,English,0.0,1.0,Y,11.081,480.9801104, Naldo,1,4854.038086,Newcastle Elementary,3,22,3,5,1,1
24c1cc74-742c-4c92-860a-7a2fa7659727,2-1,0,21843,21843,0,145,0.3333333333,1438,27.0,laptop,1.0,college,1.0,English,0.0,1.0,Y,8.337,398.2969372,Ron Vlaar,3,4392.679688,Mesa Union Elementary,3,14,9,13,1,1
24c1cc74-742c-4c92-860a-7a2fa7659727,2-2,1,26872,21610,5262,166,1.0,1438,27.0,laptop,1.0,college,1.0,English,0.0,1.0,Y,7.638,460.8977325,Kyle Naughton,4,5884.432129,Weaverville Elementary,2,1,3,5,1,3
24c1cc74-742c-4c92-860a-7a2fa7659727,1-2,0,35440,31058,4382,383,0.6666666667,1438,27.0,laptop,1.0,college,1.0,English,0.0,1.0,Y,10.485,739.9059824, Júlio César,5,4273.993164,North Cow Creek Elementary,1,1,7,10,0,5
253f1616-4a99-4ebf-8086-6ecb195f5fc8,1-2,1,69428,54796,14632,383,1.0,1281,45.0,desktop,0.0,graduate school,1.0,English,0.0,0.0,Y,10.485,419.3736769,Ryan Dickson,2,5146.78418,Nevada City Elementary,4,1,7,10,1,5
253f1616-4a99-4ebf-8086-6ecb195f5fc8,3-1,1,36852,32238,4614,106,0.6666666667,1281,45.0,desktop,0.0,graduate school,1.0,English,0.0,0.0,Y,11.081,197.2827098,Steven Sidwell,4,5351.522949,Jacoby Creek Elementary,1,1,4,6,0,1
253f1616-4a99-4ebf-8086-6ecb195f5fc8,2-1,0,30487,24118,6369,145,1.0,1281,45.0,desktop,0.0,graduate school,1.0,English,0.0,0.0,Y,8.337,360.7264284, Tiago,4,7667.571777,Fort Ross Elementary,4,3,9,13,0,5
253f1616-4a99-4ebf-8086-6ecb195f5fc8,2-2,1,34486,31772,2714,166,1.0,1281,45.0,desktop,0.0,graduate school,1.0,English,0.0,0.0,Y,7.638,313.4835704,Romain Genevois,4,5281.708984,Encinitas Union Elementary,4,1,7,10,1,5
253f1616-4a99-4ebf-8086-6ecb195f5fc8,3-2,0,33965,31393,2572,120,1.0,1281,45.0,desktop,0.0,graduate school,1.0,English,0.0,0.0,Y,10.697,229.3504921,Luis Suárez,3,5368.50293,Dixie Elementary,1,2,4,6,0,1
253f1616-4a99-4ebf-8086-6ecb195f5fc8,1-1,0,63328,57120,6208,324,0.6666666667,1281,45.0,desktop,0.0,graduate school,1.0,English,0.0,0.0,Y,9.6,340.3361345,Grégory Sertić,3,6429.257324,Lakeside Joint Elementary,3,6,7,10,0,5
255498f6-e198-4a41-a057-5d4ddc6af950,2-2,0,63636,60923,2713,166,1.0,1137,23.0,laptop,0.0,high school,1.0,Swedish,0.0,0.0,N,7.638,163.4850549,Christian Schulz,3,5387.458984,Hermosa Beach City Elementary,2,1,3,5,0,1
255498f6-e198-4a41-a057-5d4ddc6af950,3-2,1,45733,44475,1258,120,1.0,1137,23.0,laptop,0.0,high school,1.0,Swedish,0.0,0.0,N,10.697,161.8887015, David Navarro,2,5235.774902,Rincon Valley Union Elementary,4,7,4,6,0,5
255498f6-e198-4a41-a057-5d4ddc6af950,3-1,0,47218,42351,4867,106,1.0,1137,23.0,laptop,0.0,high school,1.0,Swedish,0.0,0.0,N,11.081,150.1735496, Ramires,1,4829.896484,Washington Union Elementary,3,4,4,6,0,5
255498f6-e198-4a41-a057-5d4ddc6af950,1-1,0,103567,100538,3029,324,1.0,1137,23.0,laptop,0.0,high school,1.0,Swedish,0.0,0.0,N,9.6,193.3597247,Sébastien Puygrenier,4,5088.708008,Bennett Valley Union Elementary,1,9,3,5,0,5
255498f6-e198-4a41-a057-5d4ddc6af950,2-1,1,49210,47487,1723,145,0.6666666667,1137,23.0,laptop,0.0,high school,1.0,Swedish,0.0,0.0,N,8.337,183.2080359,Pavel Pogrebnyak,4,5390.118164,Loma Prieta Joint Union Elemen,4,2,3,5,0,6
255498f6-e198-4a41-a057-5d4ddc6af950,1-2,1,92646,90175,2471,383,1.0,1137,23.0,laptop,0.0,high school,1.0,Swedish,0.0,0.0,N,10.485,254.8378154,John Utaka,4,6588.430664,Kenwood Elementary,4,8,3,5,0,6
264b7cb3-a20d-4fe4-9f75-2a0dda8f6300,2-2,1,18009,17377,632,166,1.0,1438,44.0,desktop,0.0,graduate school,1.0,,0.0,0.0,,7.638,573.1714335,Youssuf Mulumbu,2,6196.694824,Liberty Elementary,2,1,3,5,0,1
264b7cb3-a20d-4fe4-9f75-2a0dda8f6300,3-1,1,19011,16803,2208,106,0.6666666667,1438,44.0,desktop,0.0,graduate school,1.0,,0.0,0.0,,11.081,378.5038386, Azpilicueta,4,4645.413086,Knights Ferry Elementary,4,1,4,6,0,4
264b7cb3-a20d-4fe4-9f75-2a0dda8f6300,1-2,0,42535,41087,1448,383,0.3333333333,1438,44.0,desktop,0.0,graduate school,1.0,,0.0,0.0,,10.485,559.3009954,Shola Ameobi,2,6489.928711,Kentfield Elementary,4,7,4,6,0,5
264b7cb3-a20d-4fe4-9f75-2a0dda8f6300,1-1,1,29435,26032,3403,324,0.6666666667,1438,44.0,desktop,0.0,graduate school,1.0,,0.0,0.0,,9.6,746.7732022,Mathieu Debuchy,2,5094.958984,Ballard Elementary,3,15,7,10,0,5
264b7cb3-a20d-4fe4-9f75-2a0dda8f6300,3-2,0,26002,23885,2117,120,0.6666666667,1438,44.0,desktop,0.0,graduate school,1.0,,0.0,0.0,,10.697,301.4444212,Ashkan Dejagah,2,4841.958496,Oak Grove Union Elementary,2,5,7,10,0,5
264b7cb3-a20d-4fe4-9f75-2a0dda8f6300,2-1,0,20276,17875,2401,145,1.0,1438,44.0,desktop,0.0,graduate school,1.0,,0.0,0.0,,8.337,486.7132867,Takashi Usami,3,6315.3125,Ross Valley Elementary,2,3,7,10,1,6
276e0af6-a9e3-4de0-8f77-6dbf7f9e3c15,1-1,0,65809,64066,1743,324,0.6666666667,1333,21.0,laptop,0.0,,0.0,English,0.0,0.0,Y,9.6,303.4370805,Raphael Wolf,5,5399.383301,Mountain Elementary,4,1,7,10,0,4
276e0af6-a9e3-4de0-8f77-6dbf7f9e3c15,3-1,0,24531,18004,6527,106,1.0,1333,21.0,laptop,0.0,,0.0,English,0.0,0.0,Y,11.081,353.2548323, Guly,4,5429.473633,Burlingame Elementary,2,2,4,6,0,4
276e0af6-a9e3-4de0-8f77-6dbf7f9e3c15,2-2,1,18822,18022,800,166,1.0,1333,21.0,laptop,0.0,,0.0,English,0.0,0.0,Y,7.638,552.6578626,Aleksandar Stevanović,3,5644.286133,Grant Elementary,3,1,3,5,0,5
276e0af6-a9e3-4de0-8f77-6dbf7f9e3c15,2-1,0,15293,14786,507,145,0.6666666667,1333,21.0,laptop,0.0,,0.0,English,0.0,0.0,Y,8.337,588.3944272, Zé Castro,3,6060.256836,Happy Valley Elementary,3,1,3,5,0,6
276e0af6-a9e3-4de0-8f77-6dbf7f9e3c15,1-2,1,55981,49593,6388,383,1.0,1333,21.0,laptop,0.0,,0.0,English,0.0,0.0,Y,10.485,463.3718468,Ragnar Klavan,2,5319.553711,Bonny Doon Union Elementary,1,1,7,10,0,1
276e0af6-a9e3-4de0-8f77-6dbf7f9e3c15,3-2,1,20020,18418,1602,120,1.0,1333,21.0,laptop,0.0,,0.0,English,0.0,0.0,Y,10.697,390.9219242, Dani Alves,5,4819.903809,Walnut Creek Elementary,2,2,7,10,0,4
27b4821a-e017-4740-b5cc-429d50c88f5a,1-2,1,54674,45964,8710,383,1.0,1150,14.0,laptop,0.0,high school,1.0,English,1.0,0.0,Y,10.485,499.9564877,Branislav Ivanović,1,5208.226074,Hope Elementary,4,1,7,10,0,6
27b4821a-e017-4740-b5cc-429d50c88f5a,1-1,0,34087,24737,9350,324,1.0,1150,14.0,laptop,0.0,high school,1.0,English,1.0,0.0,Y,9.6,785.8673243, Busquets,1,5859.964844,Larkspur Elementary,3,1,3,5,0,4
27b4821a-e017-4740-b5cc-429d50c88f5a,2-2,0,26441,24723,1718,166,1.0,1150,14.0,laptop,0.0,high school,1.0,English,1.0,0.0,Y,7.638,402.8637301,Arnold Mvuemba,4,4962.736816,Cupertino Union Elementary,3,1,3,5,0,1
27b4821a-e017-4740-b5cc-429d50c88f5a,3-1,0,25585,19715,5870,106,0.6666666667,1150,14.0,laptop,0.0,high school,1.0,English,1.0,0.0,Y,11.081,322.5970074,Glenn Whelan,2,7614.379395,Pacific Elementary,2,1,7,10,0,5
27b4821a-e017-4740-b5cc-429d50c88f5a,3-2,1,29445,27318,2127,120,1.0,1150,14.0,laptop,0.0,high school,1.0,English,1.0,0.0,Y,10.697,263.5624863,Jens Hegeler,5,5566.467773,Los Gatos Union Elementary,1,1,4,6,0,2
27b4821a-e017-4740-b5cc-429d50c88f5a,2-1,1,27990,24514,3476,145,1.0,1150,14.0,laptop,0.0,high school,1.0,English,1.0,0.0,Y,8.337,354.8992412,Bakary Koné,4,7039.949219,Montecito Union Elementary,2,4,7,10,0,1
27d0e742-13f8-4911-a1d6-42cbea5067e2,3-1,0,41122,24508,16614,106,1.0,1217,,,,,,,,,,11.081,259.5070997,Ian Harte,5,6604.063965,Solana Beach Elementary,1,1,7,10,1,5
27d0e742-13f8-4911-a1d6-42cbea5067e2,2-1,1,31043,18834,12209,145,1.0,1217,,,,,,,,,,8.337,461.9305511,Mathias Autret,2,6180.148926,Menlo Park City Elementary,2,1,7,10,0,7
27d0e742-13f8-4911-a1d6-42cbea5067e2,2-2,0,48343,31592,16751,166,0.6666666667,1217,,,,,,,,,,7.638,315.2696885,Victor Moses,4,6460.657227,Reed Union Elementary,3,1,7,10,0,3
27d0e742-13f8-4911-a1d6-42cbea5067e2,1-2,0,61110,27456,33654,383,0.6666666667,1217,,,,,,,,,,10.485,836.9755245, Azpilicueta,4,6415.35498,Mill Valley Elementary,1,7,7,10,0,5
27d0e742-13f8-4911-a1d6-42cbea5067e2,1-1,1,84479,57461,27018,324,0.6666666667,1217,,,,,,,,,,9.6,338.3164233,Tony Jantschke,2,5230.876953,Lafayette Elementary,2,3,9,13,0,5
27d0e742-13f8-4911-a1d6-42cbea5067e2,3-2,1,44763,35172,9591,120,1.0,1217,,,,,,,,,,10.697,204.7082907,Federico Macheda,4,5838.171875,Del Mar Union Elementary,3,1,9,13,0,6
28836691-af28-443e-9b0f-aa6a75dd4f43,2-2,1,16781,16120,661,166,1.0,1438,,,,,,,,,,7.638,617.866005, Jesús Vázquez,2,7711.506836,Woodside Elementary,1,1,4,6,0,5
28836691-af28-443e-9b0f-aa6a75dd4f43,3-1,0,27382,26013,1369,106,0.6666666667,1438,,,,,,,,,,11.081,244.493138,Philippe Senderos,4,5592.765137,Moraga Elementary,4,3,7,10,0,5
28836691-af28-443e-9b0f-aa6a75dd4f43,1-2,1,33014,25111,7903,383,0.6666666667,1438,,,,,,,,,,10.485,915.1367926,Julien Quercia,2,5933.154297,Orinda Union Elementary,3,1,3,5,1,3
28836691-af28-443e-9b0f-aa6a75dd4f43,3-2,1,15770,15575,195,120,1.0,1438,,,,,,,,,,10.697,462.2792937,Alex Smith,2,7593.405762,Hillsborough City Elementary,1,1,3,5,0,6
28836691-af28-443e-9b0f-aa6a75dd4f43,2-1,0,20359,18742,1617,145,0.6666666667,1438,,,,,,,,,,8.337,464.1980578,Ludovic Obraniak,4,6500.449707,Cold Spring Elementary,3,12,3,5,0,4
28836691-af28-443e-9b0f-aa6a75dd4f43,1-1,0,26080,21805,4275,324,0.6666666667,1438,,,,,,,,,,9.6,891.5386379,Brett Williams,4,7217.263184,Portola Valley Elementary,4,2,7,10,0,6
28c7542a-c3f8-419b-80a0-8f4c706e2c61,2-1,0,48335,45207,3128,145,0.6666666667,880,19.0,tablet,0.0,high school,1.0,English,0.0,0.0,Y,8.337,192.4480722,Cristian Álvarez,3,5392.638672,Saratoga Union Elementary,4,1,4,6,0,1
28c7542a-c3f8-419b-80a0-8f4c706e2c61,3-1,1,54386,44625,9761,106,1.0,880,19.0,tablet,0.0,high school,1.0,English,0.0,0.0,Y,11.081,142.5210084,Gabriel Tamaş,2,7290.338867,Las Lomitas Elementary,1,1,3,5,0,1
28c7542a-c3f8-419b-80a0-8f4c706e2c61,2-2,1,59771,53735,6036,166,0.6666666667,880,19.0,tablet,0.0,high school,1.0,English,0.0,0.0,Y,7.638,185.3540523,Vadim Demidov,4,5741.462891,Los Altos Elementary,4,1,3,5,0,6
28c7542a-c3f8-419b-80a0-8f4c706e2c61,1-2,1,104441,84786,19655,383,1.0,880,19.0,tablet,0.0,high school,1.0,English,0.0,0.0,Y,10.485,271.0353124,Éric Abidal,4,4402.831543,Somis Union Elementary,3,2,7,10,1,4
28c7542a-c3f8-419b-80a0-8f4c706e2c61,1-1,0,125616,117829,7787,324,1.0,880,19.0,tablet,0.0,high school,1.0,English,0.0,0.0,Y,9.6,164.9848509,Karim Haggui,3,4776.336426,Plumas Elementary,3,3,9,13,0,5
28c7542a-c3f8-419b-80a0-8f4c706e2c61,3-2,0,71530,68018,3512,120,0.6666666667,880,19.0,tablet,0.0,high school,1.0,English,0.0,0.0,Y,10.697,105.8543327,Artur Sobiech,4,5993.392578,Wheatland Elementary,4,1,4,6,0,4
295fe5fe-cf5a-4c14-a7db-ab1d21f1348b,1-1,0,129762,123193,6569,324,0.3333333333,880,39.0,,,,1.0,English,0.0,,Y,9.6,157.8011738,Ali Mmadi,4,6384.911133,Sunol Glen Unified,3,1,7,10,1,5
295fe5fe-cf5a-4c14-a7db-ab1d21f1348b,1-2,1,109453,105650,3803,383,0.6666666667,880,39.0,,,,1.0,English,0.0,,Y,10.485,217.5106484,Peguy Luyindula,2,5099.380859,Manzanita Elementary,2,2,3,5,0,1
295fe5fe-cf5a-4c14-a7db-ab1d21f1348b,3-2,1,46744,42862,3882,120,0.6666666667,880,39.0,,,,1.0,English,0.0,,Y,10.697,167.9809622,Stelios Malezas,2,5501.95459,Thermalito Union Elementary,4,6,3,5,0,5
295fe5fe-cf5a-4c14-a7db-ab1d21f1348b,2-2,1,56297,52738,3559,166,1.0,880,39.0,,,,1.0,English,0.0,,Y,7.638,188.8581289,René Adler,5,7101.831055,Golden Feather Union Elementary,2,1,4,6,0,1
295fe5fe-cf5a-4c14-a7db-ab1d21f1348b,3-1,0,69672,65431,4241,106,1.0,880,39.0,,,,1.0,English,0.0,,Y,11.081,97.20163225, Sílvio,2,5235.987793,Palermo Union Elementary,4,3,3,5,0,5
295fe5fe-cf5a-4c14-a7db-ab1d21f1348b,2-1,0,53163,50550,2613,145,0.3333333333,880,39.0,,,,1.0,English,0.0,,Y,8.337,172.1068249,Djiby Fall,4,5580.146973,Burrel Union Elementary,2,2,7,10,0,5
2969f3fa-0544-46ff-b5ad-5f14fa846a7f,2-1,0,50025,35503,14522,145,0.6666666667,880,58.0,tablet,2.0,professional school,1.0,English,0.0,1.0,Y,8.337,245.0497141,Patrick Owomoyela,1,5253.331055,Holt Union Elementary,2,1,3,5,0,3
2969f3fa-0544-46ff-b5ad-5f14fa846a7f,1-1,0,83249,52144,31105,324,0.6666666667,880,58.0,tablet,2.0,professional school,1.0,English,0.0,1.0,Y,9.6,372.8137465,Eugen Polanski,4,4565.746094,Vineland Elementary,1,3,9,13,0,1
2969f3fa-0544-46ff-b5ad-5f14fa846a7f,3-2,0,49322,43812,5510,120,1.0,880,58.0,tablet,2.0,professional school,1.0,English,0.0,1.0,Y,10.697,164.3385374,Marco Reus,5,5355.54834,Orange Center Elementary,2,1,3,5,0,5
2969f3fa-0544-46ff-b5ad-5f14fa846a7f,2-2,1,31339,23311,8028,166,1.0,880,58.0,tablet,2.0,professional school,1.0,English,0.0,1.0,Y,7.638,427.2660976, Jordi Codina,4,5036.211426,Del Paso Heights Elementary,1,4,7,10,0,5
2969f3fa-0544-46ff-b5ad-5f14fa846a7f,1-2,1,61324,35415,25909,383,1.0,880,58.0,tablet,2.0,professional school,1.0,English,0.0,1.0,Y,10.485,648.8775942, Manquillo,2,4547.692383,Le Grand Union Elementary,3,1,7,10,0,3
2969f3fa-0544-46ff-b5ad-5f14fa846a7f,3-1,1,42942,32608,10334,106,1.0,880,58.0,tablet,2.0,professional school,1.0,English,0.0,1.0,Y,11.081,195.0441609,Ryan Bertrand,3,5447.345215,West Fresno Elementary,2,1,4,6,0,5
2a29612d-37ba-41fa-b45f-004677aa5908,1-1,0,51778,41867,9911,324,0.6666666667,1137,28.0,laptop,0.0,graduate school,1.0,English,0.0,0.0,Y,9.6,464.3275133,Adil Rami,4,6567.149414,Allensworth Elementary,2,7,9,13,0,4
2a29612d-37ba-41fa-b45f-004677aa5908,2-2,1,22143,18757,3386,166,1.0,1137,28.0,laptop,0.0,graduate school,1.0,English,0.0,0.0,Y,7.638,531.0017593,Anthony Réveillère,5,4818.612793,Sunnyside Union Elementary,2,1,7,10,0,1
2a29612d-37ba-41fa-b45f-004677aa5908,3-1,0,28094,20963,7131,106,1.0,1137,28.0,laptop,0.0,graduate school,1.0,English,0.0,0.0,Y,11.081,303.3916901, Lucas Piazon,2,5621.456055,Woodville Elementary,3,1,4,6,0,1
2a29612d-37ba-41fa-b45f-004677aa5908,2-1,0,31619,26279,5340,145,0.3333333333,1137,28.0,laptop,0.0,graduate school,1.0,English,0.0,0.0,Y,8.337,331.0628258,Fabrice Begeorgi,3,6026.359863,Pixley Union Elementary,4,2,7,10,0,1
2a29612d-37ba-41fa-b45f-004677aa5908,1-2,1,63143,54210,8933,383,0.6666666667,1137,28.0,laptop,0.0,graduate school,1.0,English,0.0,0.0,Y,10.485,423.9070282,Anthony Modeste,2,6723.237793,Lost Hills Union Elementary,3,2,3,5,0,1
2a29612d-37ba-41fa-b45f-004677aa5908,3-2,1,50503,49143,1360,120,0.3333333333,1137,28.0,laptop,0.0,graduate school,1.0,English,0.0,0.0,Y,10.697,146.511202,Alexander Esswein,4,5589.885254,Buttonwillow Union Elementary,3,1,4,6,0,5
2a4a5564-46af-455d-ac9d-673d538c2e7f,1-1,1,45806,42676,3130,324,1.0,1438,52.0,desktop,0.0,graduate school,0.0,English,0.0,0.0,Y,9.6,455.5253538,François Clerc,4,5064.615723,Lennox Elementary,4,1,4,6,0,3
2a4a5564-46af-455d-ac9d-673d538c2e7f,3-2,0,34801,32512,2289,120,1.0,1438,52.0,desktop,0.0,graduate school,0.0,English,0.0,0.0,Y,10.697,221.4566929,Sylvain Marchal,2,5433.593262,Lamont Elementary,2,2,3,5,0,6
2a4a5564-46af-455d-ac9d-673d538c2e7f,3-1,1,26679,25613,1066,106,1.0,1438,52.0,desktop,0.0,graduate school,0.0,English,0.0,0.0,Y,11.081,248.3114044,Djibril Cissé,3,5725.563477,Westmorland Union Elementary,3,1,3,5,0,3
2a4a5564-46af-455d-ac9d-673d538c2e7f,2-1,1,41235,39132,2103,145,0.6666666667,1438,52.0,desktop,0.0,graduate school,0.0,English,0.0,0.0,Y,8.337,222.3244404,Christopher Nöthe,3,4542.10498,Pleasant View Elementary,1,3,3,5,0,3
2a4a5564-46af-455d-ac9d-673d538c2e7f,2-2,0,47186,44563,2623,166,1.0,1438,52.0,desktop,0.0,graduate school,0.0,English,0.0,0.0,Y,7.638,223.5038036,Nemanja Vidić,3,5107.086426,Wasco Union Elementary,1,1,3,5,0,1
2a4a5564-46af-455d-ac9d-673d538c2e7f,1-2,0,78610,75314,3296,383,1.0,1438,52.0,desktop,0.0,graduate school,0.0,English,0.0,0.0,Y,10.485,305.1225536,Niklas Bolten,2,4659.661621,Alta Vista Elementary,1,2,4,6,0,4
2baf6ca8-ba5b-45f6-860e-359b139766f2,1-1,1,109258,105995,3263,324,0.6666666667,1438,34.0,desktop,2.0,professional school,0.0,English,0.0,1.0,Y,9.6,183.4048776, Mattioni,4,4555.464355,Livingston Union Elementary,2,1,4,6,0,1
2baf6ca8-ba5b-45f6-860e-359b139766f2,2-1,0,30874,29529,1345,145,0.3333333333,1438,34.0,desktop,2.0,professional school,0.0,English,0.0,1.0,Y,8.337,294.6256223, David Cobeño,4,5415.152832,Woodlake Union Elementary,2,1,7,10,1,5
2baf6ca8-ba5b-45f6-860e-359b139766f2,3-1,1,29056,28237,819,106,0.6666666667,1438,34.0,desktop,2.0,professional school,0.0,English,0.0,1.0,Y,11.081,225.236392,Yoan Gouffran,2,4997.871582,Alisal Union Elementary,1,6,7,10,1,4
2baf6ca8-ba5b-45f6-860e-359b139766f2,1-2,0,84936,81679,3257,383,0.6666666667,1438,34.0,desktop,2.0,professional school,0.0,English,0.0,1.0,Y,10.485,281.3452662,Timo Hildebrand,4,5223.912109,Arvin Union Elementary,3,1,7,10,0,5
2baf6ca8-ba5b-45f6-860e-359b139766f2,3-2,0,40531,39569,962,120,1.0,1438,34.0,desktop,2.0,professional school,0.0,English,0.0,1.0,Y,10.697,181.9606257,Alexis Sánchez,2,5139.164551,Terra Bella Union Elementary,4,2,7,10,0,6
2baf6ca8-ba5b-45f6-860e-359b139766f2,2-2,1,26169,24517,1652,166,1.0,1438,34.0,desktop,2.0,professional school,0.0,English,0.0,1.0,Y,7.638,406.2487254,Claudio Pizarro,3,4614.251953,Tipton Elementary,2,1,4,6,0,5
2de720d4-ef3b-4064-9437-2886a4fb5d23,2-1,1,50054,41186,8868,145,1.0,1281,17.0,laptop,0.0,high school,0.0,English,0.0,0.0,Y,8.337,211.236828,Amin Younes,2,5342.233398,San Ysidro Elementary,2,1,3,5,0,1
2de720d4-ef3b-4064-9437-2886a4fb5d23,3-1,0,16056,12064,3992,106,1.0,1281,17.0,laptop,0.0,high school,0.0,English,0.0,0.0,Y,11.081,527.1883289, Gavilán,3,5347.458496,Soledad Unified,2,7,3,5,0,4
2de720d4-ef3b-4064-9437-2886a4fb5d23,2-2,0,45230,37628,7602,166,1.0,1281,17.0,laptop,0.0,high school,0.0,English,0.0,0.0,Y,7.638,264.6965026,Daniel Van Buyten,3,5036.458984,Mountain View Elementary,1,1,7,10,0,1
2de720d4-ef3b-4064-9437-2886a4fb5d23,1-2,1,83352,55779,27573,383,0.6666666667,1281,17.0,laptop,0.0,high school,0.0,English,0.0,0.0,Y,10.485,411.9830044,Éric Abidal,5,5117.141602,King City Union Elementary,2,1,7,10,0,6
2de720d4-ef3b-4064-9437-2886a4fb5d23,3-2,1,37025,28235,8790,120,1.0,1281,17.0,laptop,0.0,high school,0.0,English,0.0,0.0,Y,10.697,255.0026563,Yannick Sagbo,3,5117.039551,Ontario-Montclair Elementary,4,7,7,10,0,5
2de720d4-ef3b-4064-9437-2886a4fb5d23,1-1,0,49098,43297,5801,324,0.6666666667,1281,17.0,laptop,0.0,high school,0.0,English,0.0,0.0,Y,9.6,448.991847,Sam Johnstone,4,5272.191895,Los Nietos Elementary,3,2,3,5,0,5
2e174514-6907-4570-ab73-1d42a3521a95,3-1,1,28849,27538,1311,106,1.0,1438,23.0,laptop,0.0,graduate school,0.0,Finnish,0.0,0.0,N,11.081,230.9535914,Alejandro Domínguez,2,5225.719238,Winton Elementary,4,4,3,5,0,1
2e174514-6907-4570-ab73-1d42a3521a95,1-1,0,44262,42612,1650,324,0.6666666667,1438,23.0,laptop,0.0,graduate school,0.0,Finnish,0.0,0.0,N,9.6,456.2095184,Anton Putsila,4,6516.533203,Raisin City Elementary,4,1,7,10,0,5
2e174514-6907-4570-ab73-1d42a3521a95,2-1,1,29138,27898,1240,145,0.6666666667,1438,23.0,laptop,0.0,graduate school,0.0,Finnish,0.0,0.0,N,8.337,311.8503119,Daniel Didavi,2,4559.176758,Ravenswood City Elementary,1,3,4,6,0,3
2e174514-6907-4570-ab73-1d42a3521a95,1-2,1,55096,52770,2326,383,0.6666666667,1438,23.0,laptop,0.0,graduate school,0.0,Finnish,0.0,0.0,N,10.485,435.4747015,Wilson Palacios,2,5119.158203,Richland-Lerdo Union Elementary,1,1,7,10,0,6
2e174514-6907-4570-ab73-1d42a3521a95,3-2,0,33963,32158,1805,120,1.0,1438,23.0,laptop,0.0,graduate school,0.0,Finnish,0.0,0.0,N,10.697,223.8945208, Miranda,4,5338.185547,Oxnard Elementary,1,10,7,10,1,3
2e174514-6907-4570-ab73-1d42a3521a95,2-2,0,28690,28212,478,166,1.0,1438,23.0,laptop,0.0,graduate school,0.0,Finnish,0.0,0.0,N,7.638,353.041259,Charlie Adam,4,5090.044922,El Nido Elementary,1,3,7,10,0,4
2e1d768a-de6d-4d56-ba2d-acc494ec8687,3-1,1,29455,25255,4200,106,1.0,1438,28.0,laptop,0.0,college,0.0,English,0.0,0.0,Y,11.081,251.8313205,Marc Hornschuh,3,5485.496094,Fairfax Elementary,1,3,7,10,1,1
2e1d768a-de6d-4d56-ba2d-acc494ec8687,2-2,0,83170,72972,10198,166,1.0,1438,28.0,laptop,0.0,college,0.0,English,0.0,0.0,Y,7.638,136.4907088, Pulido,5,4793.370117,Delano Union Elementary,2,1,7,10,0,4
2e1d768a-de6d-4d56-ba2d-acc494ec8687,1-1,1,146053,120644,25409,324,1.0,1438,28.0,laptop,0.0,college,0.0,English,0.0,0.0,Y,9.6,161.1352409,Aaron Hughes,2,5092.91748,Perris Elementary,4,1,9,13,1,6
2e1d768a-de6d-4d56-ba2d-acc494ec8687,3-2,0,63270,53307,9963,120,1.0,1438,28.0,laptop,0.0,college,0.0,English,0.0,0.0,Y,10.697,135.0666892,Christian Nørgaard,3,4359.520996,Valle Lindo Elementary,2,1,9,13,0,1
2e1d768a-de6d-4d56-ba2d-acc494ec8687,2-1,1,78052,72448,5604,145,1.0,1438,28.0,laptop,0.0,college,0.0,English,0.0,0.0,Y,8.337,120.0861307,Julian Korb,1,5645.495605,Alum Rock Union Elementary,4,2,4,6,0,6
2e1d768a-de6d-4d56-ba2d-acc494ec8687,1-2,0,113913,101459,12454,383,1.0,1438,28.0,laptop,0.0,college,0.0,English,0.0,0.0,Y,10.485,226.4954317,Benoît Assou-Ekotto,2,4518.016113,Edison Elementary,3,1,7,10,0,7
2e50f9bf-12b7-4271-bed1-a1dff8a126f6,3-2,0,27841,21568,6273,120,1.0,1227,13.0,laptop,0.0,pre-high school,1.0,English,0.0,0.0,Y,10.697,333.8278932,Daniel Williams,3,5864.366211,Bakersfield City Elementary,4,1,3,5,0,5
2e50f9bf-12b7-4271-bed1-a1dff8a126f6,1-1,1,39281,27828,11453,324,1.0,1227,13.0,laptop,0.0,pre-high school,1.0,English,0.0,0.0,Y,9.6,698.5769728, Cala,4,5257.996582,Franklin-McKinley Elementary,4,2,3,5,0,5
2e50f9bf-12b7-4271-bed1-a1dff8a126f6,1-2,0,41246,31257,9989,383,1.0,1227,13.0,laptop,0.0,pre-high school,1.0,English,0.0,0.0,Y,10.485,735.1953162,Mitchell Langerak,5,5016.692383,Hawthorne Elementary,4,1,3,5,0,4
2e50f9bf-12b7-4271-bed1-a1dff8a126f6,2-2,0,17953,14811,3142,166,1.0,1227,13.0,laptop,0.0,pre-high school,1.0,English,0.0,0.0,Y,7.638,672.4731618,Grégory Bettiol,3,4720.086426,Chowchilla Elementary,3,1,7,10,0,5
2e50f9bf-12b7-4271-bed1-a1dff8a126f6,3-1,1,18111,16616,1495,106,1.0,1227,13.0,laptop,0.0,pre-high school,1.0,English,0.0,0.0,Y,11.081,382.7636013,Benjamin Psaume,5,5470.5625,Salinas City Elementary,2,2,4,6,0,1
2e50f9bf-12b7-4271-bed1-a1dff8a126f6,2-1,1,18032,13314,4718,145,0.6666666667,1227,13.0,laptop,0.0,pre-high school,1.0,English,0.0,0.0,Y,8.337,653.4474989,Ben Watson,3,5615.441895,Santa Maria-Bonita Elementary,1,4,3,5,0,5
2ee3c271-be10-41d8-b778-9c5d7d5b6e52,3-1,0,33436,29391,4045,106,1.0,1212,32.0,laptop,0.0,high school,0.0,English,0.0,0.0,Y,11.081,216.3927733,Sidney Govou,4,5245.439941,Whittier City Elementary,2,14,3,5,0,6
2ee3c271-be10-41d8-b778-9c5d7d5b6e52,1-2,1,90314,86069,4245,383,1.0,1212,32.0,laptop,0.0,high school,0.0,English,0.0,0.0,Y,10.485,266.9950853,Ivan Rakitić,4,4838.175293,Eastside Union Elementary,2,1,7,10,0,5
2ee3c271-be10-41d8-b778-9c5d7d5b6e52,2-1,0,45962,44627,1335,145,0.3333333333,1212,32.0,laptop,0.0,high school,0.0,English,0.0,0.0,Y,8.337,194.949246, Thiago Motta,4,5367.988281,Lawndale Elementary,3,1,9,13,1,7
2ee3c271-be10-41d8-b778-9c5d7d5b6e52,1-1,0,96523,94332,2191,324,1.0,1212,32.0,laptop,0.0,high school,0.0,English,0.0,0.0,Y,9.6,206.0806513,Sylvain Distin,2,5526.236816,Robla Elementary,1,1,4,6,0,5
2ee3c271-be10-41d8-b778-9c5d7d5b6e52,2-2,1,41485,39197,2288,166,1.0,1212,32.0,laptop,0.0,high school,0.0,English,0.0,0.0,Y,7.638,254.1010792,Yassine Jebbour,4,4353.019531,Santa Rita Union Elementary,3,2,7,10,0,6
2ee3c271-be10-41d8-b778-9c5d7d5b6e52,3-2,1,33961,31045,2916,120,1.0,1212,32.0,laptop,0.0,high school,0.0,English,0.0,0.0,Y,10.697,231.9214044,Chris Mavinga,3,5034.290039,Rio Elementary,2,2,3,5,0,1
2f391d00-fce2-4b0b-9e09-e98753d78adb,2-2,1,40156,36568,3588,166,1.0,1438,,,,,,,,,,7.638,272.3692846,Younès Belhanda,4,4692.493652,Strathmore Union Elementary,1,1,3,5,0,1
2f391d00-fce2-4b0b-9e09-e98753d78adb,3-2,0,32324,31738,586,120,1.0,1438,,,,,,,,,,10.697,226.8573949,Gōtoku Sakai,2,5606.781738,North Sacramento Elementary,4,1,4,6,0,7
2f391d00-fce2-4b0b-9e09-e98753d78adb,1-2,1,59051,54213,4838,383,1.0,1438,,,,,,,,,,10.485,423.8835704, Fágner,5,4969.180664,Anaheim Elementary,3,1,3,5,0,4
2f391d00-fce2-4b0b-9e09-e98753d78adb,3-1,1,23517,21894,1623,106,1.0,1438,,,,,,,,,,11.081,290.4905454,Obafemi Martins,4,4675.674805,Lemoore Union Elementary,2,1,7,10,0,1
2f391d00-fce2-4b0b-9e09-e98753d78adb,2-1,0,39693,36601,3092,145,1.0,1438,,,,,,,,,,8.337,237.6984235,Claudio Pizarro,2,5306.132813,Armona Union Elementary,2,1,3,5,0,6
2f391d00-fce2-4b0b-9e09-e98753d78adb,1-1,0,69105,66723,2382,324,0.6666666667,1438,,,,,,,,,,9.6,291.353806, Paulo Ferreira,2,5693.883301,Beardsley Elementary,1,1,9,13,0,6
2fbeb59b-f93e-4073-8132-de082fdbda03,1-1,0,87080,85762,1318,324,1.0,322,19.0,smartphone,1.0,college,0.0,English,0.0,1.0,Y,9.6,226.6738182,Alexander Meier,1,5181.57959,South Whittier Elementary,2,1,3,5,0,5
2fbeb59b-f93e-4073-8132-de082fdbda03,1-2,1,131207,127931,3276,383,0.3333333333,322,19.0,smartphone,1.0,college,0.0,English,0.0,1.0,Y,10.485,179.6280808, Marchena,2,5228.650879,Hanford Elementary,1,1,7,10,1,5
2fbeb59b-f93e-4073-8132-de082fdbda03,3-1,1,30258,30066,192,106,0.6666666667,322,19.0,smartphone,1.0,college,0.0,English,0.0,1.0,Y,11.081,211.5346238,Clint Hill,2,5339.391113,National Elementary,3,6,7,10,0,6
2fbeb59b-f93e-4073-8132-de082fdbda03,2-1,0,37634,37398,236,145,0.6666666667,322,19.0,smartphone,1.0,college,0.0,English,0.0,1.0,Y,8.337,232.6327611,Pablo Zabaleta,1,6056.49707,Roseland Elementary,2,3,4,6,1,1
2fbeb59b-f93e-4073-8132-de082fdbda03,3-2,0,43697,42840,857,120,0.6666666667,322,19.0,smartphone,1.0,college,0.0,English,0.0,1.0,Y,10.697,168.0672269,Jérémy Mathieu,2,4845.680176,Di Giorgio Elementary,2,2,9,13,0,6
2fbeb59b-f93e-4073-8132-de082fdbda03,2-2,1,52088,51949,139,166,1.0,322,19.0,smartphone,1.0,college,0.0,English,0.0,1.0,Y,7.638,191.726501,Jed Steer,3,4826.666016,Keppel Union Elementary,4,1,7,10,0,6
2fbee4a6-4fd6-4fa0-83b2-b180fee815e0,3-1,0,31218,20206,11012,106,0.6666666667,1135,20.0,laptop,0.0,high school,1.0,Chinese,0.0,0.0,N,11.081,314.7579927,Marc Lais,3,5367.090332,Lakeside Union Elementary,2,1,4,6,0,3
2fbee4a6-4fd6-4fa0-83b2-b180fee815e0,2-2,1,33193,31671,1522,166,1.0,1135,20.0,laptop,0.0,high school,1.0,Chinese,0.0,0.0,N,7.638,314.4832812,Sam Mantom,1,5742.73291,Merced City Elementary,3,2,7,10,0,6
2fbee4a6-4fd6-4fa0-83b2-b180fee815e0,1-2,0,47247,45690,1557,383,1.0,1135,20.0,laptop,0.0,high school,1.0,Chinese,0.0,0.0,N,10.485,502.9546947, Piti,3,4136.250977,Guadalupe Union Elementary,3,4,3,5,0,5
2fbee4a6-4fd6-4fa0-83b2-b180fee815e0,1-1,1,49801,47046,2755,324,0.6666666667,1135,20.0,laptop,0.0,high school,1.0,Chinese,0.0,0.0,N,9.6,413.2126004,Jérémy Pied,4,5267.831055,Cucamonga Elementary,2,1,4,6,0,6
2fbee4a6-4fd6-4fa0-83b2-b180fee815e0,2-1,0,43382,42791,591,145,0.6666666667,1135,20.0,laptop,0.0,high school,1.0,Chinese,0.0,0.0,N,8.337,203.3137809,Thomas Kahlenberg,4,5238.39209,Knightsen Elementary,4,1,4,6,0,1
2fbee4a6-4fd6-4fa0-83b2-b180fee815e0,3-2,1,33876,30917,2959,120,0.6666666667,1135,20.0,laptop,0.0,high school,1.0,Chinese,0.0,0.0,N,10.697,232.8815862,Stefan Aigner,3,5462.899414,Rio Dell Elementary,2,3,3,5,0,3
2fd402f2-0a6a-46bd-9f79-244f46b106f6,3-2,1,28313,27248,1065,120,0.3333333333,1438,,,,,,,,,,10.697,264.2395772,Mario Gómez,4,6313.373535,Montague Elementary,3,4,3,5,0,4
2fd402f2-0a6a-46bd-9f79-244f46b106f6,1-2,1,38664,33171,5493,383,0.6666666667,1438,,,,,,,,,,10.485,692.7738084,Abdoulaye Sané,3,6653.030762,McCloud Union Elementary,2,1,3,5,1,3
2fd402f2-0a6a-46bd-9f79-244f46b106f6,2-2,0,27622,27207,415,166,0.6666666667,1438,,,,,,,,,,7.638,366.0822582,Kossi Agassa,5,5533.149414,Santa Paula Elementary,1,1,3,5,0,5
2fd402f2-0a6a-46bd-9f79-244f46b106f6,1-1,0,35382,32020,3362,324,0.6666666667,1438,,,,,,,,,,9.6,607.1205497, David Villa,2,6118.710449,West Park Elementary,1,1,4,6,0,5
2fd402f2-0a6a-46bd-9f79-244f46b106f6,2-1,1,15522,14886,636,145,0.6666666667,1438,,,,,,,,,,8.337,584.4417574,Ivan Rakitić,2,5098.626953,Atwater Elementary,1,6,4,6,0,6
2fd402f2-0a6a-46bd-9f79-244f46b106f6,3-1,0,22478,19362,3116,106,0.6666666667,1438,,,,,,,,,,11.081,328.478463,Holger Badstuber,2,5652.878906,Weaver Union Elementary,2,1,7,10,0,4
30a1bff8-ce7b-4ea8-bfd0-579a06f06269,2-1,0,36561,36227,334,145,0.6666666667,1135,22.0,laptop,0.0,college,0.0,English,0.0,0.0,Y,8.337,240.1523725,Wakaso Mubarak,5,5329.002441,Pacific Union Elementary,1,1,7,10,0,1
30a1bff8-ce7b-4ea8-bfd0-579a06f06269,3-2,1,22533,20530,2003,120,0.6666666667,1135,22.0,laptop,0.0,college,0.0,English,0.0,0.0,Y,10.697,350.7062835,Ragnar Klavan,3,5929.809082,Lucerne Valley Unified,4,1,7,10,0,3
30a1bff8-ce7b-4ea8-bfd0-579a06f06269,1-2,0,36902,34770,2132,383,0.0,1135,22.0,laptop,0.0,college,0.0,English,0.0,0.0,Y,10.485,660.9145815,Ivan Rakitić,4,4897.067871,Romoland Elementary,3,1,7,10,0,1
30a1bff8-ce7b-4ea8-bfd0-579a06f06269,3-1,0,24550,22444,2106,106,1.0,1135,22.0,laptop,0.0,college,0.0,English,0.0,0.0,Y,11.081,283.371948,Germán Lux,3,5100.202148,El Monte City Elementary,4,3,4,6,0,7
30a1bff8-ce7b-4ea8-bfd0-579a06f06269,1-1,1,60448,55566,4882,324,0.3333333333,1135,22.0,laptop,0.0,college,0.0,English,0.0,0.0,Y,9.6,349.8542274,Dejan Lovren,2,4825.722656,Greenfield Union Elementary,3,3,3,5,0,4
30a1bff8-ce7b-4ea8-bfd0-579a06f06269,2-2,1,68343,66193,2150,166,1.0,1135,22.0,laptop,0.0,college,0.0,English,0.0,0.0,Y,7.638,150.4690828,Charlison Benschop,1,4079.12915,Palo Verde Union Elementary,1,1,3,5,1,3
30f84640-2830-433d-94f8-24d5a11d93c1,2-1,0,50283,46397,3886,145,0.6666666667,1212,22.0,laptop,0.0,graduate school,1.0,Vietnamese,0.0,0.0,N,8.337,187.5121236,Robert Hall,3,5349.367676,Elverta Joint Elementary,4,2,7,10,0,6
30f84640-2830-433d-94f8-24d5a11d93c1,3-1,1,24315,23281,1034,106,1.0,1212,22.0,laptop,0.0,graduate school,1.0,Vietnamese,0.0,0.0,N,11.081,273.1841416,Alexandre Alphonse,4,5869.38916,Lucerne Elementary,3,1,7,10,0,6
30f84640-2830-433d-94f8-24d5a11d93c1,1-1,0,66626,62127,4499,324,1.0,1212,22.0,laptop,0.0,graduate school,1.0,Vietnamese,0.0,0.0,N,9.6,312.9074316,Michael Owen,1,6462.12793,Luther Burbank Elementary,3,2,7,10,0,5
30f84640-2830-433d-94f8-24d5a11d93c1,1-2,1,57770,54380,3390,383,0.6666666667,1212,22.0,laptop,0.0,graduate school,1.0,Vietnamese,0.0,0.0,N,10.485,422.5818316,Bacary Sagna,3,6231.601563,Bangor Union Elementary,3,3,3,5,0,5
30f84640-2830-433d-94f8-24d5a11d93c1,2-2,1,32200,31036,1164,166,1.0,1212,22.0,laptop,0.0,graduate school,1.0,Vietnamese,0.0,0.0,N,7.638,320.917644,Samed Yesil,1,4993.867676,Bayshore Elementary,1,1,3,5,0,4
30f84640-2830-433d-94f8-24d5a11d93c1,3-2,0,33550,31893,1657,120,1.0,1212,22.0,laptop,0.0,graduate school,1.0,Vietnamese,0.0,0.0,N,10.697,225.7548678,Franck Signorino,4,4663.811035,Oak Valley Union Elementary,1,1,7,10,0,1
314782d8-515f-44b4-ba28-8365f8811ae1,2-1,0,33806,27440,6366,145,1.0,880,42.0,smartphone,0.0,college,1.0,English,0.0,0.0,Y,8.337,317.0553936,Adam Johnson,1,6107.106445,Wilsona Elementary,4,1,4,6,0,4
314782d8-515f-44b4-ba28-8365f8811ae1,1-2,0,75712,68919,6793,383,1.0,880,42.0,smartphone,0.0,college,1.0,English,0.0,0.0,Y,10.485,333.4349018,Vasilis Pliatsikas,4,5324.228027,Brawley Elementary,3,1,7,10,0,5
314782d8-515f-44b4-ba28-8365f8811ae1,2-2,1,41105,34549,6556,166,1.0,880,42.0,smartphone,0.0,college,1.0,English,0.0,0.0,Y,7.638,288.2862022,Innocent Emeghara,1,5221.460938,Meadows Union Elementary,2,1,7,10,0,5
314782d8-515f-44b4-ba28-8365f8811ae1,1-1,1,79212,67554,11658,324,1.0,880,42.0,smartphone,0.0,college,1.0,English,0.0,0.0,Y,9.6,287.7697842, Íñigo López,3,5157.784668,Little Lake City Elementary,3,1,7,10,0,6
314782d8-515f-44b4-ba28-8365f8811ae1,3-2,1,34808,29456,5352,120,1.0,880,42.0,smartphone,0.0,college,1.0,English,0.0,0.0,Y,10.697,244.4323737,Mauro Boselli,3,5131.119141,Pond Union Elementary,4,1,7,10,0,4
314782d8-515f-44b4-ba28-8365f8811ae1,3-1,0,27916,23028,4888,106,1.0,880,42.0,smartphone,0.0,college,1.0,English,0.0,0.0,Y,11.081,276.1855133, Míchel,3,5279.354004,Taft City Elementary,4,5,7,10,0,5
3208209a-6dbd-4582-ba9a-63a144f479f2,1-2,0,5490,3617,1873,383,0.6666666667,1438,25.0,desktop,0.0,college,0.0,Indonesian,0.0,0.0,N,10.485,6353.33149,Cata Díaz,2,4704.043945,Brittan Elementary,2,5,9,13,0,4
3208209a-6dbd-4582-ba9a-63a144f479f2,3-2,1,31412,30278,1134,120,0.0,1438,25.0,desktop,0.0,college,0.0,Indonesian,0.0,0.0,N,10.697,237.7964198,Pantxi Sirieix,4,6089.910645,Arena Union Elementary,2,3,9,13,1,2
3208209a-6dbd-4582-ba9a-63a144f479f2,2-2,1,47709,47157,552,166,0.6666666667,1438,25.0,desktop,0.0,college,0.0,Indonesian,0.0,0.0,N,7.638,211.2093645,Glenn Whelan,3,5356.833496,Adelanto Elementary,3,1,4,6,0,6
3208209a-6dbd-4582-ba9a-63a144f479f2,1-1,1,24960,22814,2146,324,0.3333333333,1438,25.0,desktop,0.0,college,0.0,Indonesian,0.0,0.0,N,9.6,852.1083545,Shaun Derry,1,5144.549316,Hollister School District,2,6,7,10,0,5
3208209a-6dbd-4582-ba9a-63a144f479f2,3-1,0,21682,19610,2072,106,0.6666666667,1438,25.0,desktop,0.0,college,0.0,Indonesian,0.0,0.0,N,11.081,324.3243243, Marchena,3,4906.22998,Palmdale Elementary,4,1,3,5,1,1
3208209a-6dbd-4582-ba9a-63a144f479f2,2-1,0,11140,10090,1050,145,0.3333333333,1438,25.0,desktop,0.0,college,0.0,Indonesian,0.0,0.0,N,8.337,862.2398414, Roderick Miranda,2,5489.588867,Oroville City Elementary,2,1,3,5,0,5
323a09e0-4da8-499c-b80f-5802dbf08cb5,2-2,0,40352,25186,15166,166,0.6666666667,574,26.0,smartphone,1.0,college,0.0,English,0.0,1.0,Y,7.638,395.457794,Demba Ba,3,5718.55127,Standard Elementary,1,4,3,5,0,5
323a09e0-4da8-499c-b80f-5802dbf08cb5,3-2,1,58145,47783,10362,120,1.0,574,26.0,smartphone,1.0,college,0.0,English,0.0,1.0,Y,10.697,150.6812046,Sokratis Papastathopoulos,2,4436.152832,Briggs Elementary,4,1,7,10,1,2
323a09e0-4da8-499c-b80f-5802dbf08cb5,1-1,0,60783,42895,17888,324,0.3333333333,574,26.0,smartphone,1.0,college,0.0,English,0.0,1.0,Y,9.6,453.1996736,Manuel Friedrich,4,4895.439453,Monroe Elementary,1,2,4,6,1,1
323a09e0-4da8-499c-b80f-5802dbf08cb5,3-1,0,20129,10260,9869,106,1.0,574,26.0,smartphone,1.0,college,0.0,English,0.0,1.0,Y,11.081,619.8830409,Joey Barton,3,5159.21875,Lancaster Elementary,3,15,3,5,0,5
323a09e0-4da8-499c-b80f-5802dbf08cb5,2-1,1,38116,30071,8045,145,0.6666666667,574,26.0,smartphone,1.0,college,0.0,English,0.0,1.0,Y,8.337,289.3152872,Milorad Peković,1,5490.654785,Alview-Dairyland Union Elementary,4,1,3,5,0,6
323a09e0-4da8-499c-b80f-5802dbf08cb5,1-2,1,29989,25190,4799,383,0.3333333333,574,26.0,smartphone,1.0,college,0.0,English,0.0,1.0,Y,10.485,912.2667725,Louis Saha,2,5172.019531,Magnolia Elementary,4,4,7,10,0,5
332f3d22-0b01-4c63-9df3-aed8cc851469,1-2,1,51755,43738,8017,383,0.6666666667,1438,22.0,laptop,0.0,college,0.0,English,0.0,0.0,Y,10.485,525.4012529,Geoff Cameron,3,4441.672852,Liberty Elementary,1,2,9,13,0,4
332f3d22-0b01-4c63-9df3-aed8cc851469,3-2,1,21680,20640,1040,120,0.0,1438,22.0,laptop,0.0,college,0.0,English,0.0,0.0,Y,10.697,348.8372093, Dani Alves,5,5220.370117,Mt. Pleasant Elementary,2,1,4,6,0,6
332f3d22-0b01-4c63-9df3-aed8cc851469,2-2,1,19664,18915,749,166,0.6666666667,1438,22.0,laptop,0.0,college,0.0,English,0.0,0.0,Y,7.638,526.5662173,Emre Belözoğlu,2,5252.810547,El Centro Elementary,2,4,7,10,0,6
332f3d22-0b01-4c63-9df3-aed8cc851469,1-1,0,41124,39488,1636,324,1.0,1438,22.0,laptop,0.0,college,0.0,English,0.0,0.0,Y,9.6,492.3014587, Álvaro González,1,5518.702148,South Bay Union Elementary,4,1,3,5,0,3
332f3d22-0b01-4c63-9df3-aed8cc851469,3-1,0,19020,14397,4623,106,1.0,1438,22.0,laptop,0.0,college,0.0,English,0.0,0.0,Y,11.081,441.7586997,Anthony Modeste,4,5609.487793,Cascade Union Elementary,3,7,3,5,0,1
332f3d22-0b01-4c63-9df3-aed8cc851469,2-1,0,18470,18321,149,145,0.6666666667,1438,22.0,laptop,0.0,college,0.0,English,0.0,0.0,Y,8.337,474.8649091,Noah Korczowski,2,4945.031738,Kings River Union Elementary,4,1,4,6,0,4
336708c2-b201-4f59-803b-092eea309d6b,1-1,1,49549,32762,16787,324,0.3333333333,880,33.0,tablet,0.0,graduate school,1.0,English,0.0,0.0,Y,9.6,593.3703681,Peter Odemwingie,2,5223.025391,Gerber Union Elementary,1,4,3,5,0,1
336708c2-b201-4f59-803b-092eea309d6b,1-2,0,55430,38432,16998,383,0.6666666667,880,33.0,tablet,0.0,graduate school,1.0,English,0.0,0.0,Y,10.485,597.9392173,Faouzi Ghoulam,3,4757.025391,Exeter Union Elementary,4,1,7,10,0,5
336708c2-b201-4f59-803b-092eea309d6b,2-2,1,35801,25332,10469,166,1.0,880,33.0,tablet,0.0,graduate school,1.0,English,0.0,0.0,Y,7.638,393.1785883,Luuk de Jong,4,5522.161621,American Union Elementary,3,2,3,5,0,4
336708c2-b201-4f59-803b-092eea309d6b,3-2,0,36368,33378,2990,120,0.6666666667,880,33.0,tablet,0.0,graduate school,1.0,English,0.0,0.0,Y,10.697,215.7109473,Kenwyne Jones,4,6087.608887,San Antonio Union Elementary,4,12,9,13,0,6
336708c2-b201-4f59-803b-092eea309d6b,2-1,0,34066,32935,1131,145,0.6666666667,880,33.0,tablet,0.0,graduate school,1.0,English,0.0,0.0,Y,8.337,264.1566722,Kun Agüero,2,4960.515625,Burton Elementary,4,2,3,5,0,6
336708c2-b201-4f59-803b-092eea309d6b,3-1,1,29854,22801,7053,106,1.0,880,33.0,tablet,0.0,graduate school,1.0,English,0.0,0.0,Y,11.081,278.9351344, Mariano,5,4880.040527,Nuview Union Elementary,1,4,7,10,0,5
3410fc57-2a6f-4350-94d8-800423702f6a,1-2,1,38123,34711,3412,383,0.3333333333,880,31.0,,1.0,college,0.0,English,0.0,1.0,Y,10.485,662.0379707,Emmanuel Mayuka,3,6538.417969,Bellevue Union Elementary,2,13,7,10,0,5
3410fc57-2a6f-4350-94d8-800423702f6a,3-2,0,16640,14151,2489,120,0.6666666667,880,31.0,,1.0,college,0.0,English,0.0,1.0,Y,10.697,508.7979648, Moyá,2,4925.659668,Garvey Elementary,1,8,4,6,0,1
3410fc57-2a6f-4350-94d8-800423702f6a,1-1,0,56301,56301,0,324,0.6666666667,880,31.0,,1.0,college,0.0,English,0.0,1.0,Y,9.6,345.2869398,Marouane Chamakh,3,5204.6875,Corning Union Elementary,2,5,9,13,0,5
3410fc57-2a6f-4350-94d8-800423702f6a,2-2,0,17741,16953,788,166,0.6666666667,880,31.0,,1.0,college,0.0,English,0.0,1.0,Y,7.638,587.506636,Fabian Johnson,2,4907.410645,Jefferson Elementary,2,3,7,10,1,4
3410fc57-2a6f-4350-94d8-800423702f6a,2-1,1,26649,25917,732,145,1.0,880,31.0,,1.0,college,0.0,English,0.0,1.0,Y,8.337,335.6870008,Ben Foster,3,5923.45166,Big Springs Union Elementary,2,1,4,6,0,1
3410fc57-2a6f-4350-94d8-800423702f6a,3-1,1,27775,26040,1735,106,1.0,880,31.0,,1.0,college,0.0,English,0.0,1.0,Y,11.081,244.2396313,Moussa Dembélé,5,4741.957031,General Shafter Elementary,2,1,7,10,0,4
345600be-501f-47c7-b3fc-124fccea4b69,2-1,0,63956,63700,256,145,0.6666666667,1366,20.0,laptop,0.0,college,1.0,Chinese,0.0,0.0,N,8.337,136.577708,Sylvain Armand,4,4954.019531,Turlock Joint Elementary,4,6,3,5,1,6
345600be-501f-47c7-b3fc-124fccea4b69,1-1,1,128844,126553,2291,324,1.0,1366,20.0,laptop,0.0,college,1.0,Chinese,0.0,0.0,N,9.6,153.6115303,Zdeněk Pospěch,2,5500.10791,Twain Harte-Long Barn Union Elementary,2,1,4,6,0,6
345600be-501f-47c7-b3fc-124fccea4b69,1-2,0,129078,125270,3808,383,1.0,1366,20.0,laptop,0.0,college,1.0,Chinese,0.0,0.0,N,10.485,183.4437615, Miguel Torres,3,5360.51709,Redwood City Elementary,3,1,4,6,1,6
345600be-501f-47c7-b3fc-124fccea4b69,2-2,1,67460,66468,992,166,1.0,1366,20.0,laptop,0.0,college,1.0,Chinese,0.0,0.0,N,7.638,149.8465427,Nicolai Müller,5,5685.63916,Camino Union Elementary,1,2,3,5,0,5
345600be-501f-47c7-b3fc-124fccea4b69,3-1,0,47418,45663,1755,106,0.6666666667,1366,20.0,laptop,0.0,college,1.0,Chinese,0.0,0.0,N,11.081,139.2812562,Hugo Lloris,2,5594.196289,Plainsburg Union Elementary,1,17,3,5,0,6
345600be-501f-47c7-b3fc-124fccea4b69,3-2,1,58676,57484,1192,120,1.0,1366,20.0,laptop,0.0,college,1.0,Chinese,0.0,0.0,N,10.697,125.2522441,Manuel Friedrich,2,4692.566895,Banta Elementary,1,9,3,5,0,5
34604f27-94d7-4af3-9b8d-7c9fa836e7cb,2-2,0,33873,32174,1699,166,1.0,1212,21.0,laptop,0.0,high school,2.0,English,0.0,0.0,Y,7.638,309.5667309,Vadim Demidov,1,5085.40625,Washington Colony Elementary,4,1,3,5,0,5
34604f27-94d7-4af3-9b8d-7c9fa836e7cb,3-1,0,21761,20412,1349,106,1.0,1212,21.0,laptop,0.0,high school,2.0,English,0.0,0.0,Y,11.081,311.5814227,Mevlüt Erdinç,3,5456.197266,Rio Linda Union Elementary,1,1,4,6,0,6
34604f27-94d7-4af3-9b8d-7c9fa836e7cb,2-1,1,31583,30424,1159,145,1.0,1212,21.0,laptop,0.0,high school,2.0,English,0.0,0.0,Y,8.337,285.9584539,Timo Hildebrand,4,5105.179688,Chatom Union Elementary,2,9,4,6,0,5
34604f27-94d7-4af3-9b8d-7c9fa836e7cb,1-2,0,47931,43270,4661,383,0.3333333333,1212,21.0,laptop,0.0,high school,2.0,English,0.0,0.0,Y,10.485,531.0838918, Marchena,2,5519.677246,Merced River Union Elementary,2,2,7,10,0,5
34604f27-94d7-4af3-9b8d-7c9fa836e7cb,1-1,1,86204,82416,3788,324,1.0,1212,21.0,laptop,0.0,high school,2.0,English,0.0,0.0,Y,9.6,235.8765288,Stewart Downing,2,5065.911133,Hueneme Elementary,2,1,7,10,1,5
34604f27-94d7-4af3-9b8d-7c9fa836e7cb,3-2,1,33162,31464,1698,120,1.0,1212,21.0,laptop,0.0,high school,2.0,English,0.0,0.0,Y,10.697,228.8329519, Ricardo Vaz Tê,2,5182.428223,Cuddeback Union Elementary,4,1,7,10,1,5
347a69b8-232d-4315-8829-4c6a7374bf6b,1-2,0,51754,31159,20595,383,1.0,1135,19.0,laptop,0.0,college,1.0,English,0.0,0.0,Y,10.485,737.5076222,Fabricio Coloccini,2,5960.464355,Blue Lake Union Elementary,4,2,7,10,0,5
347a69b8-232d-4315-8829-4c6a7374bf6b,3-1,1,16716,12949,3767,106,1.0,1135,19.0,laptop,0.0,college,1.0,English,0.0,0.0,Y,11.081,491.1576183, Rafinha,4,5124.836426,Lemon Grove Elementary,1,25,4,6,0,1
347a69b8-232d-4315-8829-4c6a7374bf6b,3-2,0,21657,11362,10295,120,1.0,1135,19.0,laptop,0.0,college,1.0,English,0.0,0.0,Y,10.697,633.6912515,Aaron Ramsey,3,5655.133301,Upper Lake Union Elementary,1,1,3,5,0,1
347a69b8-232d-4315-8829-4c6a7374bf6b,2-2,0,22105,15244,6861,166,1.0,1135,19.0,laptop,0.0,college,1.0,English,0.0,0.0,Y,7.638,653.3718184, Nando Rafael,4,5811.689941,Peninsula Union Elementary,3,10,3,5,0,5
347a69b8-232d-4315-8829-4c6a7374bf6b,2-1,1,19457,16718,2739,145,1.0,1135,19.0,laptop,0.0,college,1.0,English,0.0,0.0,Y,8.337,520.3971767,Matthew Upson,1,5467.673828,Ocean View Elementary,1,1,7,10,0,3
347a69b8-232d-4315-8829-4c6a7374bf6b,1-1,1,33779,26114,7665,324,0.6666666667,1135,19.0,laptop,0.0,college,1.0,English,0.0,0.0,Y,9.6,744.428276,Martin Kelly,2,5213.089355,Reeds Creek Elementary,2,1,7,10,0,6
352a4090-79aa-4827-b4b0-f1bffd883940,1-1,0,107913,104011,3902,324,0.6666666667,1279,48.0,desktop,0.0,graduate school,0.0,English,0.0,0.0,Y,9.6,186.9033083,Diego Ifrán,1,4613.1875,Arcohe Union Elementary,3,1,7,10,0,3
352a4090-79aa-4827-b4b0-f1bffd883940,3-2,1,48856,47927,929,120,1.0,1279,48.0,desktop,0.0,graduate school,0.0,English,0.0,0.0,Y,10.697,150.2284725,Hedwiges Maduro,2,4886.983887,New Jerusalem Elementary,4,1,3,5,0,3
352a4090-79aa-4827-b4b0-f1bffd883940,3-1,0,72225,67781,4444,106,1.0,1279,48.0,desktop,0.0,graduate school,0.0,English,0.0,0.0,Y,11.081,93.83160473,Winston Reid,5,6455.136719,Dunsmuir Elementary,4,1,3,5,0,5
352a4090-79aa-4827-b4b0-f1bffd883940,2-2,0,52297,51587,710,166,1.0,1279,48.0,desktop,0.0,graduate school,0.0,English,0.0,0.0,Y,7.638,193.071898,Aaron Ramsey,1,5125.433105,Stanislaus Union Elementary,3,1,7,10,0,3
352a4090-79aa-4827-b4b0-f1bffd883940,1-2,1,118590,115820,2770,383,1.0,1279,48.0,desktop,0.0,graduate school,0.0,English,0.0,0.0,Y,10.485,198.4113279,Rod Fanni,4,5193.692383,Kingsburg Joint Union Elementary,1,1,4,6,0,6
352a4090-79aa-4827-b4b0-f1bffd883940,2-1,1,41831,41293,538,145,1.0,1279,48.0,desktop,0.0,graduate school,0.0,English,0.0,0.0,Y,8.337,210.6894631,Issa Ndoye,3,5002.838867,Buena Park Elementary,2,1,7,10,0,5
3657cc44-95b2-45ff-9e4f-a4cd22079a32,3-2,1,2576,2153,423,120,0.3333333333,1438,21.0,laptop,0.0,college,0.0,English,0.0,0.0,Y,10.697,3344.170924,Sebastian Rudy,2,5337.625488,Westminster Elementary,3,5,7,10,0,5
3657cc44-95b2-45ff-9e4f-a4cd22079a32,2-2,0,2045,2045,0,166,0.3333333333,1438,21.0,laptop,0.0,college,0.0,English,0.0,0.0,Y,7.638,4870.415648,Jean-Baptiste Pierazzi,4,5161.202148,Island Union Elementary,1,1,7,10,0,4
3657cc44-95b2-45ff-9e4f-a4cd22079a32,1-1,1,27717,9294,18423,324,0.6666666667,1438,21.0,laptop,0.0,college,0.0,English,0.0,0.0,Y,9.6,2091.672046,Franck Béria,3,5158.791992,Tulare City Elementary,2,2,7,10,0,6
3657cc44-95b2-45ff-9e4f-a4cd22079a32,2-1,1,1837,1683,154,145,0.0,1438,21.0,laptop,0.0,college,0.0,English,0.0,0.0,Y,8.337,5169.340463, Míchel,3,5123.474121,Chula Vista Elementary,4,3,7,10,1,6
3657cc44-95b2-45ff-9e4f-a4cd22079a32,1-2,0,2442,2442,0,383,0.0,1438,21.0,laptop,0.0,college,0.0,English,0.0,0.0,Y,10.485,9410.31941,Brede Hangeland,1,5782.543945,Black Butte Union Elementary,4,16,9,13,0,5
3657cc44-95b2-45ff-9e4f-a4cd22079a32,3-1,0,2336,2336,0,106,0.3333333333,1438,21.0,laptop,0.0,college,0.0,English,0.0,0.0,Y,11.081,2722.60274, Rafinha,4,4842.60791,McSwain Union Elementary,2,6,9,13,0,7
373083c9-9167-4342-aeef-ada22adbfb20,1-1,0,63808,54234,9574,324,0.6666666667,1425,21.0,desktop,0.0,high school,2.0,English,0.0,0.0,Y,9.6,358.4467308, Fábio,3,4219.40625,Franklin Elementary,3,1,4,6,0,6
373083c9-9167-4342-aeef-ada22adbfb20,3-1,1,14179,9648,4531,106,1.0,1425,21.0,desktop,0.0,high school,2.0,English,0.0,0.0,Y,11.081,659.2039801,Simeon Jackson,2,5081.169922,Escondido Union Elementary,1,2,7,10,1,3
373083c9-9167-4342-aeef-ada22adbfb20,2-1,0,38184,34703,3481,145,0.6666666667,1425,21.0,desktop,0.0,high school,2.0,English,0.0,0.0,Y,8.337,250.6987868,Ezequiel Lavezzi,3,5144.993652,East Whittier City Elementary,1,1,3,5,0,6
373083c9-9167-4342-aeef-ada22adbfb20,3-2,0,32360,26648,5712,120,1.0,1425,21.0,desktop,0.0,high school,2.0,English,0.0,0.0,Y,10.697,270.1891324,Nicolas Penneteau,5,4674.298828,Rio Bravo-Greeley Union Elementary,3,7,3,5,0,6
373083c9-9167-4342-aeef-ada22adbfb20,1-2,1,35716,31774,3942,383,0.6666666667,1425,21.0,desktop,0.0,high school,2.0,English,0.0,0.0,Y,10.485,723.2328319, Helder,1,4830.326172,Marcum-Illinois Union Elementary,4,1,3,5,1,5
373083c9-9167-4342-aeef-ada22adbfb20,2-2,1,15256,12451,2805,166,1.0,1425,21.0,desktop,0.0,high school,2.0,English,0.0,0.0,Y,7.638,799.9357481,Stelios Malezas,1,5621.687988,Vallecitos Elementary,1,1,7,10,0,6
388d3669-9c70-453c-ad4c-0d18eedac5f9,3-1,0,33286,29462,3824,106,1.0,1438,24.0,desktop,0.0,graduate school,0.0,Other,0.0,0.0,N,11.081,215.8712918,Mahamadou Diarra,4,4948.868164,Victor Elementary,4,1,4,6,0,4
388d3669-9c70-453c-ad4c-0d18eedac5f9,1-2,1,60959,59298,1661,383,1.0,1438,24.0,desktop,0.0,graduate school,0.0,Other,0.0,0.0,N,10.485,387.5341495, Dani Pacheco,3,5100.975586,Savanna Elementary,3,6,3,5,0,3
388d3669-9c70-453c-ad4c-0d18eedac5f9,1-1,0,60387,58702,1685,324,1.0,1438,24.0,desktop,0.0,graduate school,0.0,Other,0.0,0.0,N,9.6,331.1641852,Giovanni Sio,4,5132.788574,West Side Union Elementary,3,1,3,5,0,1
388d3669-9c70-453c-ad4c-0d18eedac5f9,2-2,0,36110,36110,0,166,1.0,1438,24.0,desktop,0.0,graduate school,0.0,Other,0.0,0.0,N,7.638,275.8238715, Romaric,3,5358.51709,Enterprise Elementary,2,9,7,10,0,6
388d3669-9c70-453c-ad4c-0d18eedac5f9,2-1,1,38987,37993,994,145,0.6666666667,1438,24.0,desktop,0.0,graduate school,0.0,Other,0.0,0.0,N,8.337,228.9895507,Dennis Diekmeier,2,5149.186523,Red Bluff Union Elementary,3,2,9,13,1,3
388d3669-9c70-453c-ad4c-0d18eedac5f9,3-2,1,30679,29700,979,120,1.0,1438,24.0,desktop,0.0,graduate school,0.0,Other,0.0,0.0,N,10.697,242.4242424,Chinedu Ede,2,5373.206543,Jamestown Elementary,2,4,4,6,0,5
3979e883-9ca7-4771-a299-0d6a366f1a60,1-1,0,132243,126244,5999,324,0.6666666667,1214,24.0,laptop,0.0,college,1.0,English,0.0,0.0,Y,9.6,153.9875162,David Gigliotti,4,6485.166016,Weed Union Elementary,4,1,7,10,1,4
3979e883-9ca7-4771-a299-0d6a366f1a60,1-2,1,137461,132872,4589,383,1.0,1214,24.0,laptop,0.0,college,1.0,English,0.0,0.0,Y,10.485,172.9484015,Petr Jiráček,3,5504.025391,South Bay Union Elementary,3,1,3,5,0,4
3979e883-9ca7-4771-a299-0d6a366f1a60,3-1,0,36364,33344,3020,106,1.0,1214,24.0,laptop,0.0,college,1.0,English,0.0,0.0,Y,11.081,190.7389635, Jonas,1,5105.734375,Brentwood Union Elementary,4,2,3,5,0,2
3979e883-9ca7-4771-a299-0d6a366f1a60,2-1,0,105667,105174,493,145,0.6666666667,1214,24.0,laptop,0.0,college,1.0,English,0.0,0.0,Y,8.337,82.72006389,Saido Berahino,2,5634.730957,Summerville Elementary,4,1,4,6,0,5
3979e883-9ca7-4771-a299-0d6a366f1a60,3-2,1,69390,66030,3360,120,1.0,1214,24.0,laptop,0.0,college,1.0,English,0.0,0.0,Y,10.697,109.0413448,Siaka Tiéné,2,4980.294434,Ophir Elementary,2,2,3,5,0,6
3979e883-9ca7-4771-a299-0d6a366f1a60,2-2,1,74010,72402,1608,166,1.0,1214,24.0,laptop,0.0,college,1.0,English,0.0,0.0,Y,7.638,137.5652606,Rafael van der Vaart,3,6113.859863,Montgomery Elementary,4,4,7,10,0,6
399592be-b15a-4ab2-bd28-0a210fefea30,3-2,0,60947,29682,31265,120,0.6666666667,1227,24.0,laptop,0.0,graduate school,2.0,English,1.0,0.0,Y,10.697,242.5712553, Alex,3,5850.0,Santa Rosa Elementary,1,1,3,5,0,1
399592be-b15a-4ab2-bd28-0a210fefea30,2-2,0,42837,34771,8066,166,0.6666666667,1227,24.0,laptop,0.0,graduate school,2.0,English,1.0,0.0,Y,7.638,286.4456012,Zdravko Kuzmanović,3,4547.944824,Salida Union Elementary,2,2,9,13,0,7
399592be-b15a-4ab2-bd28-0a210fefea30,1-2,0,82428,51379,31049,383,0.6666666667,1227,24.0,laptop,0.0,graduate school,2.0,English,1.0,0.0,Y,10.485,447.2644466,Ammar Jemal,4,5011.840332,Shasta Union Elementary,4,2,3,5,0,6
399592be-b15a-4ab2-bd28-0a210fefea30,2-1,1,33094,24603,8491,145,0.6666666667,1227,24.0,laptop,0.0,graduate school,2.0,English,1.0,0.0,Y,8.337,353.6154128,Aaron Ramsey,1,5261.370605,Fortuna Union Elementary,3,1,7,10,0,1
399592be-b15a-4ab2-bd28-0a210fefea30,3-1,1,33731,27744,5987,106,1.0,1227,24.0,laptop,0.0,graduate school,2.0,English,1.0,0.0,Y,11.081,229.2387543,Salomon Kalou,5,4276.115234,Rockford  Elementary,2,11,7,10,0,6
399592be-b15a-4ab2-bd28-0a210fefea30,1-1,1,50230,38368,11862,324,0.6666666667,1227,24.0,laptop,0.0,graduate school,2.0,English,1.0,0.0,Y,9.6,506.6722269,Amin Younes,2,4566.27002,Plaza Elementary,4,1,4,6,0,6
3b9eb1ad-94e8-4ece-9e83-bdaec18ce17d,1-2,0,116009,112252,3757,383,1.0,322,17.0,smartphone,0.0,high school,0.0,English,0.0,0.0,Y,10.485,204.717956,Éric Abidal,2,6049.495117,Monte Rio Union Elementary,1,1,9,13,0,5
3b9eb1ad-94e8-4ece-9e83-bdaec18ce17d,3-2,1,48333,47437,896,120,1.0,322,17.0,smartphone,0.0,high school,0.0,English,0.0,0.0,Y,10.697,151.7802559,Yannick Sagbo,2,4974.28125,Janesville Union Elementary,3,3,7,10,0,1
3b9eb1ad-94e8-4ece-9e83-bdaec18ce17d,2-1,0,44378,43743,635,145,1.0,322,17.0,smartphone,0.0,high school,0.0,English,0.0,0.0,Y,8.337,198.8889651,Thorben Marx,2,4432.478027,Magnolia Union Elementary,4,1,4,6,0,4
3b9eb1ad-94e8-4ece-9e83-bdaec18ce17d,3-1,0,32868,32356,512,106,1.0,322,17.0,smartphone,0.0,high school,0.0,English,0.0,0.0,Y,11.081,196.563234, Josué,4,4924.619141,Shaffer Union Elementary,4,3,7,10,0,1
3b9eb1ad-94e8-4ece-9e83-bdaec18ce17d,1-1,1,116857,115358,1499,324,0.6666666667,322,17.0,smartphone,0.0,high school,0.0,English,0.0,0.0,Y,9.6,168.5188717,Thanos Petsos,4,4603.659668,Fullerton Elementary,1,1,3,5,0,4
3b9eb1ad-94e8-4ece-9e83-bdaec18ce17d,2-2,1,45911,45858,53,166,1.0,322,17.0,smartphone,0.0,high school,0.0,English,0.0,0.0,Y,7.638,217.192202,Robbie Kruse,2,5973.925293,Cinnabar Elementary,2,1,4,6,0,7
410395ad-1f39-4a21-93e9-298afee5d7e1,2-2,0,59421,30706,28715,166,0.6666666667,880,45.0,smartphone,0.0,PhD,1.0,English,0.0,0.0,Y,7.638,324.3665733,Ludovic Obraniak,4,5215.943848,Santa Barbara Elementary,1,11,4,6,0,6
410395ad-1f39-4a21-93e9-298afee5d7e1,3-1,0,25321,17808,7513,106,1.0,880,45.0,smartphone,0.0,PhD,1.0,English,0.0,0.0,Y,11.081,357.1428571,Franco Zuculini,5,4882.236816,Rohnerville Elementary,4,4,3,5,0,6
410395ad-1f39-4a21-93e9-298afee5d7e1,1-2,0,80666,63630,17036,383,1.0,880,45.0,smartphone,0.0,PhD,1.0,English,0.0,0.0,Y,10.485,361.1504008,Shaun Maloney,2,4145.835938,Pleasant Grove Joint Union Elementary,3,2,3,5,0,5
410395ad-1f39-4a21-93e9-298afee5d7e1,2-1,1,35984,13996,21988,145,0.3333333333,880,45.0,smartphone,0.0,PhD,1.0,English,0.0,0.0,Y,8.337,621.6061732,Bănel Nicoliţă,4,7542.038086,Mountain Union Elementary,2,1,3,5,0,5
410395ad-1f39-4a21-93e9-298afee5d7e1,3-2,1,36447,26411,10036,120,1.0,880,45.0,smartphone,0.0,PhD,1.0,English,0.0,0.0,Y,10.697,272.6136837, Jussiê,1,5247.018066,South Fork Union Elementary,2,3,3,5,0,5
410395ad-1f39-4a21-93e9-298afee5d7e1,1-1,1,85631,55583,30048,324,1.0,880,45.0,smartphone,0.0,PhD,1.0,English,0.0,0.0,Y,9.6,349.7472249, Dani Carvajal,2,5169.814941,Jamul-Dulzura Union Elementary,4,2,4,6,0,4
417336ae-daf7-42ca-ae3d-7ebc05e0c43f,2-1,1,67151,64256,2895,145,1.0,1135,22.0,laptop,0.0,college,1.0,Dutch,0.0,0.0,N,8.337,135.3959163, Jose Fonte,3,5951.005859,Live Oak Elementary,3,3,4,6,0,5
417336ae-daf7-42ca-ae3d-7ebc05e0c43f,3-1,0,49228,41906,7322,106,1.0,1135,22.0,laptop,0.0,college,1.0,Dutch,0.0,0.0,N,11.081,151.7682432,Júnior Díaz,2,4746.572266,Menifee Union Elementary,3,1,7,10,0,5
417336ae-daf7-42ca-ae3d-7ebc05e0c43f,1-2,1,170554,155600,14954,383,1.0,1135,22.0,laptop,0.0,college,1.0,Dutch,0.0,0.0,N,10.485,147.6863753,Florent André,2,4944.092285,Lakeside Union Elementary,2,1,7,10,1,1
417336ae-daf7-42ca-ae3d-7ebc05e0c43f,3-2,1,61775,51756,10019,120,1.0,1135,22.0,laptop,0.0,college,1.0,Dutch,0.0,0.0,N,10.697,139.1143056,Rafidine Abdullah,2,6306.487305,Whisman Elementary,1,1,7,10,0,5
417336ae-daf7-42ca-ae3d-7ebc05e0c43f,2-2,0,77356,72074,5282,166,1.0,1135,22.0,laptop,0.0,college,1.0,Dutch,0.0,0.0,N,7.638,138.1913034,Frédéric Sammaritano,2,4260.306641,McCabe Union Elementary,4,1,7,10,0,5
417336ae-daf7-42ca-ae3d-7ebc05e0c43f,1-1,0,187703,179004,8699,324,1.0,1135,22.0,laptop,0.0,college,1.0,Dutch,0.0,0.0,N,9.6,108.6009251,Phil Jagielka,4,4718.163086,Lammersville Elementary,1,5,4,6,0,5
41f5530d-ed72-4608-a119-a71dd31aaec0,3-1,0,23713,20380,3333,106,1.0,880,35.0,tablet,0.0,postdoctoral,0.0,French,0.0,0.0,N,11.081,312.0706575,Cédric Mongongu,3,4751.299805,Lassen View Union Elementary,4,4,3,5,0,1
41f5530d-ed72-4608-a119-a71dd31aaec0,1-2,1,61023,58183,2840,383,1.0,880,35.0,tablet,0.0,postdoctoral,0.0,French,0.0,0.0,N,10.485,394.9607274,Fabrice Ehret,2,5653.453613,Loleta Union Elementary,4,8,3,5,0,6
41f5530d-ed72-4608-a119-a71dd31aaec0,1-1,0,71592,67567,4025,324,1.0,880,35.0,tablet,0.0,postdoctoral,0.0,French,0.0,0.0,N,9.6,287.7144168,Christian Benteke,2,5920.253418,Junction Elementary,1,1,7,10,0,5
41f5530d-ed72-4608-a119-a71dd31aaec0,3-2,1,34051,32329,1722,120,1.0,880,35.0,tablet,0.0,postdoctoral,0.0,French,0.0,0.0,N,10.697,222.7102601,Kevin Vogt,4,4825.59082,Rosemead Elementary,3,1,7,10,0,1
41f5530d-ed72-4608-a119-a71dd31aaec0,2-1,0,31789,30839,950,145,0.6666666667,880,35.0,tablet,0.0,postdoctoral,0.0,French,0.0,0.0,N,8.337,282.1103149,Philipp Wollscheid,5,5532.582031,Grass Valley Elementary,2,1,7,10,0,6
41f5530d-ed72-4608-a119-a71dd31aaec0,2-2,1,42098,39822,2276,166,1.0,880,35.0,tablet,0.0,postdoctoral,0.0,French,0.0,0.0,N,7.638,250.1130029,Václav Pilař,3,3926.06958,Buena Vista Elementary,4,1,3,5,0,5
422c02a2-c457-4a5a-83be-bc1fb038be39,3-2,0,78059,51382,26677,120,1.0,1212,22.0,laptop,0.0,high school,0.0,English,0.0,0.0,Y,10.697,140.1268927, Peña,3,5805.636719,Kernville Union Elementary,3,4,3,5,0,5
422c02a2-c457-4a5a-83be-bc1fb038be39,2-1,1,39399,34647,4752,145,1.0,1212,22.0,laptop,0.0,high school,0.0,English,0.0,0.0,Y,8.337,251.1039917, Tiago,4,4899.239746,Galt Joint Union Elementary,1,6,7,10,0,6
422c02a2-c457-4a5a-83be-bc1fb038be39,1-2,1,80220,50382,29838,383,1.0,1212,22.0,laptop,0.0,high school,0.0,English,0.0,0.0,Y,10.485,456.1152793,Per Mertesacker,3,4884.862305,Southside Elementary,4,1,4,6,0,5
422c02a2-c457-4a5a-83be-bc1fb038be39,3-1,1,31163,16826,14337,106,1.0,1212,22.0,laptop,0.0,high school,0.0,English,0.0,0.0,Y,11.081,377.9864495,Dariusz Dudka,4,5139.9375,Lakeside Union Elementary,4,1,7,10,0,6
422c02a2-c457-4a5a-83be-bc1fb038be39,2-2,0,52481,39844,12637,166,1.0,1212,22.0,laptop,0.0,high school,0.0,English,0.0,0.0,Y,7.638,249.9749021,Marc Planus,5,5249.364746,Nuestro Elementary,2,1,7,10,0,5
422c02a2-c457-4a5a-83be-bc1fb038be39,1-1,0,95594,61915,33679,324,1.0,1212,22.0,laptop,0.0,high school,0.0,English,0.0,0.0,Y,9.6,313.978842, Cala,1,5399.070313,Alvina Elementary,4,1,7,10,0,6
433026dd-691b-4cc9-84a9-07dbfdd8a56b,1-2,1,216750,206889,9861,383,1.0,1213,44.0,laptop,,college,0.0,English,0.0,,Y,10.485,111.0740542,Robert Green,4,4965.290039,Oakley Union Elementary,4,17,7,10,0,5
433026dd-691b-4cc9-84a9-07dbfdd8a56b,3-2,0,137221,118814,18407,120,1.0,1213,44.0,laptop,,college,0.0,English,0.0,,Y,10.697,60.59891932,Milorad Peković,3,6210.323242,Etna Union Elementary,3,4,7,10,0,1
433026dd-691b-4cc9-84a9-07dbfdd8a56b,3-1,1,67174,52693,14481,106,1.0,1213,44.0,laptop,,college,0.0,English,0.0,,Y,11.081,120.6991441,Andriy Voronin,4,4797.503418,Jefferson Elementary,2,2,9,13,0,5
433026dd-691b-4cc9-84a9-07dbfdd8a56b,2-1,1,121751,109546,12205,145,0.6666666667,1213,44.0,laptop,,college,0.0,English,0.0,,Y,8.337,79.41869169,Mark Schwarzer,1,5397.161621,Berryessa Union Elementary,2,1,9,13,0,3
433026dd-691b-4cc9-84a9-07dbfdd8a56b,2-2,0,116026,107230,8796,166,0.6666666667,1213,44.0,laptop,,college,0.0,English,0.0,,Y,7.638,92.88445398,Max Kruse,3,5078.5,Kit Carson Union Elementary,4,4,4,6,1,1
433026dd-691b-4cc9-84a9-07dbfdd8a56b,1-1,0,180918,174586,6332,324,0.6666666667,1213,44.0,laptop,,college,0.0,English,0.0,,Y,9.6,111.3491345,Bastian Müller,5,4733.746582,Sylvan Union Elementary,2,2,7,10,1,6
43bf127a-e9f8-4553-8ed9-5bd8a1da3ac0,3-2,0,66387,54990,11397,120,1.0,1212,18.0,laptop,0.0,high school,1.0,English,0.0,0.0,Y,10.697,130.9328969,Marco Terrazzino,5,4963.060059,Oak View Union Elementary,3,1,3,5,0,6
43bf127a-e9f8-4553-8ed9-5bd8a1da3ac0,2-2,1,32681,29580,3101,166,1.0,1212,18.0,laptop,0.0,high school,1.0,English,0.0,0.0,Y,7.638,336.7139959,Andy Marshall,5,5431.177246,Auburn Union Elementary,3,1,3,5,0,1
43bf127a-e9f8-4553-8ed9-5bd8a1da3ac0,1-2,0,56897,53407,3490,383,0.6666666667,1212,18.0,laptop,0.0,high school,1.0,English,0.0,0.0,Y,10.485,430.2806748,Ivan Klasnić,2,5382.088867,North County Joint Union Elementary,1,10,3,5,0,6
43bf127a-e9f8-4553-8ed9-5bd8a1da3ac0,2-1,0,33223,31060,2163,145,0.6666666667,1212,18.0,laptop,0.0,high school,1.0,English,0.0,0.0,Y,8.337,280.1030264,Gaël Clichy,5,5724.441895,Pioneer Union Elementary,2,1,7,10,0,5
43bf127a-e9f8-4553-8ed9-5bd8a1da3ac0,3-1,1,21740,18067,3673,106,1.0,1212,18.0,laptop,0.0,high school,1.0,English,0.0,0.0,Y,11.081,352.0230254, Gomes,3,4843.427246,Central Elementary,4,4,4,6,0,5
43bf127a-e9f8-4553-8ed9-5bd8a1da3ac0,1-1,1,49878,44385,5493,324,0.6666666667,1212,18.0,laptop,0.0,high school,1.0,English,0.0,0.0,Y,9.6,437.985806,Joey Barton,4,5730.349121,Pacheco Union Elementary,3,7,3,5,0,6
44593a98-060d-47ea-9a57-97e0c70027d0,2-2,0,35378,24125,11253,166,0.6666666667,1366,20.0,laptop,0.0,college,0.0,English,0.0,0.0,Y,7.638,412.8497409,Younes Kaboul,2,5635.786133,Chicago Park Elementary,3,1,3,5,0,5
44593a98-060d-47ea-9a57-97e0c70027d0,1-1,1,88187,75613,12574,324,1.0,1366,20.0,laptop,0.0,college,0.0,English,0.0,0.0,Y,9.6,257.0986471,Andy Carroll,4,5671.657227,Brisbane Elementary,2,1,7,10,0,3
44593a98-060d-47ea-9a57-97e0c70027d0,3-1,0,26950,19565,7385,106,1.0,1366,20.0,laptop,0.0,college,0.0,English,0.0,0.0,Y,11.081,325.0702786,Mauro Boselli,2,7070.633301,Central Union Elementary,1,1,9,13,0,6
44593a98-060d-47ea-9a57-97e0c70027d0,1-2,0,69384,60594,8790,383,1.0,1366,20.0,laptop,0.0,college,0.0,English,0.0,0.0,Y,10.485,379.2454698, Coke,5,5097.343262,Happy Valley Union Elementary,2,1,4,6,0,3
44593a98-060d-47ea-9a57-97e0c70027d0,3-2,1,41042,31353,9689,120,1.0,1366,20.0,laptop,0.0,college,0.0,English,0.0,0.0,Y,10.697,229.6430964,Martin Stranzl,2,5482.677246,Mark Twain Union Elementary,1,1,7,10,0,6
44593a98-060d-47ea-9a57-97e0c70027d0,2-1,1,33258,30089,3169,145,0.6666666667,1366,20.0,laptop,0.0,college,0.0,English,0.0,0.0,Y,8.337,289.1422114, Alexis,5,5642.832031,San Rafael City Elementary,2,10,3,5,0,6
44b8d6dc-2654-4d3e-8ae8-d34908f2fe54,2-1,0,30637,28370,2267,145,1.0,1150,49.0,laptop,0.0,college,1.0,English,0.0,0.0,Y,8.337,306.6619669,Emmanuel Adebayor,4,5280.023438,Cajon Valley Union Elementary,3,2,3,5,0,6
44b8d6dc-2654-4d3e-8ae8-d34908f2fe54,3-2,1,27335,23198,4137,120,1.0,1150,49.0,laptop,0.0,college,1.0,English,0.0,0.0,Y,10.697,310.3715838,Gary O'Neil,1,5433.339844,Campbell Union Elementary,1,5,4,6,0,5
44b8d6dc-2654-4d3e-8ae8-d34908f2fe54,1-1,0,49073,42632,6441,324,0.3333333333,1150,49.0,laptop,0.0,college,1.0,English,0.0,0.0,Y,9.6,455.9954963,Vincenzo Grifo,4,4529.283691,Browns Elementary,2,1,3,5,0,3
44b8d6dc-2654-4d3e-8ae8-d34908f2fe54,3-1,0,22231,16706,5525,106,0.6666666667,1150,49.0,laptop,0.0,college,1.0,English,0.0,0.0,Y,11.081,380.7015444,Mladen Petrić,5,6039.98584,Clear Creek Elementary,3,1,7,10,0,4
44b8d6dc-2654-4d3e-8ae8-d34908f2fe54,1-2,1,52134,39808,12326,383,0.6666666667,1150,49.0,laptop,0.0,college,1.0,English,0.0,0.0,Y,10.485,577.2709003,Sean Morrison,4,6168.229492,Trinidad Union Elementary,1,4,3,5,0,1
44b8d6dc-2654-4d3e-8ae8-d34908f2fe54,2-2,1,22979,20065,2914,166,1.0,1150,49.0,laptop,0.0,college,1.0,English,0.0,0.0,Y,7.638,496.3867431, Óscar,4,5774.970215,Guerneville Elementary,4,2,9,13,0,5
44e64898-8cc7-4234-86f8-f68036f35eac,1-1,0,74592,55233,19359,324,0.6666666667,1150,20.0,laptop,0.0,high school,0.0,English,0.0,0.0,Y,9.6,351.9635001,Maxim Choupo-Moting,4,4806.761719,San Bruno Park Elementary,3,1,3,5,0,6
44e64898-8cc7-4234-86f8-f68036f35eac,2-1,1,33672,29806,3866,145,0.6666666667,1150,20.0,laptop,0.0,high school,0.0,English,0.0,0.0,Y,8.337,291.8875394,Mitchell Langerak,5,4840.936035,Antelope Elementary,1,1,7,10,0,7
44e64898-8cc7-4234-86f8-f68036f35eac,3-1,0,25075,17507,7568,106,1.0,1150,20.0,laptop,0.0,high school,0.0,English,0.0,0.0,Y,11.081,363.2832581, Guly,3,4954.466309,Centralia Elementary,3,2,7,10,0,6
44e64898-8cc7-4234-86f8-f68036f35eac,2-2,0,26410,22837,3573,166,0.6666666667,1150,20.0,laptop,0.0,high school,0.0,English,0.0,0.0,Y,7.638,436.1343434,Brett Holman,2,4023.531738,Etiwanda Elementary,4,1,4,6,0,5
44e64898-8cc7-4234-86f8-f68036f35eac,1-2,1,71513,46499,25014,383,1.0,1150,20.0,laptop,0.0,high school,0.0,English,0.0,0.0,Y,10.485,494.2041764,Steven Davis,2,5179.411133,Wiseburn Elementary,4,8,9,13,0,4
44e64898-8cc7-4234-86f8-f68036f35eac,3-2,1,28553,21000,7553,120,1.0,1150,20.0,laptop,0.0,high school,0.0,English,0.0,0.0,Y,10.697,342.8571429,Martín Demichelis,4,4385.229492,Scotia Union Elementary,1,3,7,10,0,6
45b56b87-c43f-4c6f-baae-661bbb6e40c7,3-2,0,24501,16856,7645,120,1.0,1438,18.0,laptop,0.0,high school,0.0,Swedish,0.0,0.0,N,10.697,427.1476032, Geromel,2,4777.512695,Mountain View Elementary,4,7,4,6,0,3
45b56b87-c43f-4c6f-baae-661bbb6e40c7,2-2,1,16373,14359,2014,166,0.3333333333,1438,18.0,laptop,0.0,high school,0.0,Swedish,0.0,0.0,N,7.638,693.6416185,Roel Brouwers,4,4862.790527,Pleasant Valley Joint Union Elementary,3,4,7,10,0,6
45b56b87-c43f-4c6f-baae-661bbb6e40c7,1-2,0,50507,34211,16296,383,1.0,1438,18.0,laptop,0.0,high school,0.0,Swedish,0.0,0.0,N,10.485,671.7137763,Jordan Obita,3,5486.029785,Oak Grove Elementary,3,2,3,5,0,6
45b56b87-c43f-4c6f-baae-661bbb6e40c7,2-1,0,20328,16268,4060,145,1.0,1438,18.0,laptop,0.0,high school,0.0,Swedish,0.0,0.0,N,8.337,534.7922301, Ramires,5,5486.382324,Pollock Pines Elementary,4,5,4,6,0,5
45b56b87-c43f-4c6f-baae-661bbb6e40c7,1-1,1,47082,29311,17771,324,0.3333333333,1438,18.0,laptop,0.0,high school,0.0,Swedish,0.0,0.0,N,9.6,663.2322336,Stephen Warnock,2,4631.243652,Castaic Union Elementary,3,2,4,6,0,6
45b56b87-c43f-4c6f-baae-661bbb6e40c7,3-1,1,29141,20393,8748,106,0.3333333333,1438,18.0,laptop,0.0,high school,0.0,Swedish,0.0,0.0,N,11.081,311.8717207,Dariusz Dudka,3,5189.62793,Bishop Union Elementary,2,1,3,5,0,5
45d0a062-50e4-4bce-b410-65ce05905a22,2-1,0,23286,20734,2552,145,1.0,1227,15.0,laptop,0.0,high school,0.0,Turkish,0.0,0.0,N,8.337,419.6006559,Jérémie Bréchet,5,4600.606445,Buellton Union Elementary,4,10,3,5,1,4
45d0a062-50e4-4bce-b410-65ce05905a22,2-2,1,25601,23137,2464,166,1.0,1227,15.0,laptop,0.0,high school,0.0,Turkish,0.0,0.0,N,7.638,430.4793188,Daniel Potts,2,6735.775391,Chawanakee Jt. Elementary,2,1,3,5,0,5
45d0a062-50e4-4bce-b410-65ce05905a22,1-1,0,32620,24577,8043,324,0.6666666667,1227,15.0,laptop,0.0,high school,0.0,Turkish,0.0,0.0,N,9.6,790.9834398, David Villa,4,5475.172852,Yreka Union Elementary,4,1,3,5,0,4
45d0a062-50e4-4bce-b410-65ce05905a22,1-2,1,66917,54166,12751,383,1.0,1227,15.0,laptop,0.0,high school,0.0,Turkish,0.0,0.0,N,10.485,424.2513754,Robert Snodgrass,1,5990.794434,Alexander Valley Union Elementary,2,1,4,6,0,5
45d0a062-50e4-4bce-b410-65ce05905a22,3-2,1,19368,17086,2282,120,1.0,1227,15.0,laptop,0.0,high school,0.0,Turkish,0.0,0.0,N,10.697,421.3976355,Mike Pollitt,4,7203.246582,Twin Ridges Elementary,2,5,4,6,0,5
45d0a062-50e4-4bce-b410-65ce05905a22,3-1,0,23536,22817,719,106,0.6666666667,1227,15.0,laptop,0.0,high school,0.0,Turkish,0.0,0.0,N,11.081,278.7395363,Alex Oxlade-Chamberlain,3,4777.769043,Sundale Union Elementary,1,1,7,10,0,5
45e73d9d-cc89-4ee6-a6e2-ab4582ed166d,1-2,0,84164,82929,1235,383,1.0,689,33.0,tablet,2.0,college,2.0,English,0.0,1.0,Y,10.485,277.1045111, Pinto,3,4302.834961,Three Rivers Union Elementary,2,7,7,10,0,6
45e73d9d-cc89-4ee6-a6e2-ab4582ed166d,3-1,1,32033,32033,0,106,0.6666666667,689,33.0,tablet,2.0,college,2.0,English,0.0,1.0,Y,11.081,198.5452502,Matthew Lowton,3,5630.194824,Columbia Union Elementary,1,2,7,10,1,5
45e73d9d-cc89-4ee6-a6e2-ab4582ed166d,2-2,0,34804,34690,114,166,1.0,689,33.0,tablet,2.0,college,2.0,English,0.0,1.0,Y,7.638,287.1144422,Frazier Campbell,2,4708.625,Westside Union Elementary,3,8,7,10,1,7
45e73d9d-cc89-4ee6-a6e2-ab4582ed166d,3-2,0,30489,30489,0,120,1.0,689,33.0,tablet,2.0,college,2.0,English,0.0,1.0,Y,10.697,236.1507429,Daniel Caligiuri,3,5629.961426,Ballico-Cressey Elementary,2,1,4,6,0,6
45e73d9d-cc89-4ee6-a6e2-ab4582ed166d,1-1,1,81465,80956,509,324,0.6666666667,689,33.0,tablet,2.0,college,2.0,English,0.0,1.0,Y,9.6,240.1304412,Kevin Pannewitz,4,4890.986816,Millbrae Elementary,2,2,3,5,0,6
45e73d9d-cc89-4ee6-a6e2-ab4582ed166d,2-1,1,34447,34447,0,145,1.0,689,33.0,tablet,2.0,college,2.0,English,0.0,1.0,Y,8.337,252.5619067,Héctor Moreno,2,4929.393066,Evergreen Elementary,2,1,3,5,0,3
45fb1767-91e9-4d69-83f1-3c781425982a,3-1,0,63516,60552,2964,106,1.0,1150,34.0,laptop,0.0,college,1.0,Other,0.0,0.0,N,11.081,105.0336901,Brad Guzan,4,4905.221191,Harmony Union Elementary,3,1,7,10,0,3
45fb1767-91e9-4d69-83f1-3c781425982a,2-1,0,59791,57860,1931,145,1.0,1150,34.0,laptop,0.0,college,1.0,Other,0.0,0.0,N,8.337,150.362945,Roman Weidenfeller,4,5156.856934,Panama Buena Vista Union Elementary,4,1,7,10,0,1
45fb1767-91e9-4d69-83f1-3c781425982a,2-2,1,53332,51897,1435,166,1.0,1150,34.0,laptop,0.0,college,1.0,Other,0.0,0.0,N,7.638,191.918608,Ludovic Obraniak,1,4941.787598,Laguna Salada Union Elementary,3,1,7,10,0,6
45fb1767-91e9-4d69-83f1-3c781425982a,1-2,1,106213,102212,4001,383,1.0,1150,34.0,laptop,0.0,college,1.0,Other,0.0,0.0,N,10.485,224.8268305,Raheem Sterling,4,5408.781738,Sonora Elementary,3,1,3,5,0,5
45fb1767-91e9-4d69-83f1-3c781425982a,1-1,0,104442,100492,3950,324,1.0,1150,34.0,laptop,0.0,college,1.0,Other,0.0,0.0,N,9.6,193.4482347, Hélder Postiga,3,4981.387695,Roseville City Elementary,4,2,3,5,0,5
45fb1767-91e9-4d69-83f1-3c781425982a,3-2,1,83636,81820,1816,120,1.0,1150,34.0,laptop,0.0,college,1.0,Other,0.0,0.0,N,10.697,87.99804449, Iturraspe,3,4877.086426,Gratton Elementary,2,1,7,10,0,1
4658ea30-8a5e-4e6b-8d67-2fce1d6f7ef1,3-1,0,22343,16815,5528,106,1.0,1438,18.0,desktop,0.0,high school,0.0,Chinese,0.0,0.0,N,11.081,378.2337199, David Luiz,3,5111.739258,Susanville Elementary,3,4,4,6,0,1
4658ea30-8a5e-4e6b-8d67-2fce1d6f7ef1,1-1,0,66409,47365,19044,324,0.6666666667,1438,18.0,desktop,0.0,high school,0.0,Chinese,0.0,0.0,N,9.6,410.4296421,Lasse Sobiech,4,5201.515625,Bella Vista Elementary,1,5,7,10,0,3
4658ea30-8a5e-4e6b-8d67-2fce1d6f7ef1,1-2,1,72252,44367,27885,383,1.0,1438,18.0,desktop,0.0,high school,0.0,Chinese,0.0,0.0,N,10.485,517.9525323,Wolfgang Hesl,2,4138.305664,Columbine Elementary,1,4,7,10,0,5
4658ea30-8a5e-4e6b-8d67-2fce1d6f7ef1,2-1,0,32535,32535,0,145,0.6666666667,1438,18.0,desktop,0.0,high school,0.0,Chinese,0.0,0.0,N,8.337,267.4043338,Aleksandar Kolarov,4,5743.597168,Hughes-Elizabeth Lakes Union Elementary,1,1,7,10,0,5
4658ea30-8a5e-4e6b-8d67-2fce1d6f7ef1,3-2,1,43355,36693,6662,120,1.0,1438,18.0,desktop,0.0,high school,0.0,Chinese,0.0,0.0,N,10.697,196.2227128,Daniel Van Buyten,5,5702.705078,Mountain View Elementary,2,3,7,10,0,5
4658ea30-8a5e-4e6b-8d67-2fce1d6f7ef1,2-2,1,41415,40870,545,166,1.0,1438,18.0,desktop,0.0,high school,0.0,Chinese,0.0,0.0,N,7.638,243.6995351,Stéphane Bahoken,1,4802.152832,Sulphur Springs Union Elementary,2,2,7,10,0,3
471fa2d8-87bd-4cea-8ef6-6c24af87fbc7,3-2,0,52649,50800,1849,120,1.0,1212,,,,,,,,,,10.697,141.7322835,Landry Bonnefoi,5,5442.143066,Forestville Union Elementary,1,1,9,13,0,1
471fa2d8-87bd-4cea-8ef6-6c24af87fbc7,2-1,1,31867,29875,1992,145,0.6666666667,1212,,,,,,,,,,8.337,291.2133891,Hadi Sacko,3,4522.375488,Rosedale Union Elementary,3,1,9,13,0,6
471fa2d8-87bd-4cea-8ef6-6c24af87fbc7,1-1,0,69967,65503,4464,324,1.0,1212,,,,,,,,,,9.6,296.7803001,Joël Sami,1,4965.808105,Columbia Elementary,4,2,4,6,0,6
471fa2d8-87bd-4cea-8ef6-6c24af87fbc7,2-2,0,43920,43751,169,166,1.0,1212,,,,,,,,,,7.638,227.6519394, Iraizoz,3,5358.326172,Colfax Elementary,2,16,7,10,0,5
471fa2d8-87bd-4cea-8ef6-6c24af87fbc7,3-1,1,61962,59881,2081,106,1.0,1212,,,,,,,,,,11.081,106.2106511,Goran Popov,4,5784.625,Mt. Shasta Union Elementary,2,1,3,5,0,6
471fa2d8-87bd-4cea-8ef6-6c24af87fbc7,1-2,1,58324,52423,5901,383,1.0,1212,,,,,,,,,,10.485,438.3572096,Sebastian Boenisch,5,5072.70459,Piner-Olivet Union Elementary,2,1,3,5,1,1
475f8bb1-e661-4dea-af87-86ca2a261e7f,2-1,0,47351,40566,6785,145,0.6666666667,1294,19.0,laptop,0.0,high school,1.0,German,0.0,0.0,N,8.337,214.4653158,Eren Derdiyok,2,5556.041016,Bass Lake Joint Elementary,1,10,3,5,1,6
475f8bb1-e661-4dea-af87-86ca2a261e7f,1-2,0,86202,76204,9998,383,0.6666666667,1294,19.0,laptop,0.0,high school,1.0,German,0.0,0.0,N,10.485,301.5589733,Andreas Ivanschitz,4,5190.310059,Cutten Elementary,2,1,7,10,0,4
475f8bb1-e661-4dea-af87-86ca2a261e7f,3-2,0,46202,44644,1558,120,1.0,1294,19.0,laptop,0.0,high school,1.0,German,0.0,0.0,N,10.697,161.2758713,Samuele Longo,5,5211.485352,Placerville Union Elementary,4,1,4,6,0,6
475f8bb1-e661-4dea-af87-86ca2a261e7f,2-2,1,39831,35742,4089,166,1.0,1294,19.0,laptop,0.0,high school,1.0,German,0.0,0.0,N,7.638,278.6637569, Granero,4,5284.164063,Wright Elementary,3,1,3,5,1,6
475f8bb1-e661-4dea-af87-86ca2a261e7f,3-1,1,33631,26436,7195,106,1.0,1294,19.0,laptop,0.0,high school,1.0,German,0.0,0.0,N,11.081,240.5810259,Christian Lell,4,5331.920898,Evergreen Union Elementary,4,18,3,5,0,6
475f8bb1-e661-4dea-af87-86ca2a261e7f,1-1,1,87907,70959,16948,324,1.0,1294,19.0,laptop,0.0,high school,1.0,German,0.0,0.0,N,9.6,273.9610197,Daniel Braaten,4,5599.60791,Old Adobe Union Elementary,4,1,7,10,0,5
482de720-e72c-4225-b693-68609e6db53b,1-1,1,43907,42263,1644,324,1.0,1438,30.0,desktop,0.0,high school,0.0,English,0.0,0.0,Y,9.6,459.9768119,Étienne Capoue,4,4881.899414,Wilmar Union Elementary,1,1,9,13,0,5
482de720-e72c-4225-b693-68609e6db53b,2-2,0,29808,28530,1278,166,1.0,1438,30.0,desktop,0.0,high school,0.0,English,0.0,0.0,Y,7.638,349.106204,Kolo Touré,3,4700.432129,Ackerman Elementary,1,4,4,6,0,6
482de720-e72c-4225-b693-68609e6db53b,3-2,0,30606,30355,251,120,1.0,1438,30.0,desktop,0.0,high school,0.0,English,0.0,0.0,Y,10.697,237.1932136, Odaïr Fortes,2,5650.0,Santa Cruz City Elementary,1,4,7,10,0,5
482de720-e72c-4225-b693-68609e6db53b,1-2,0,43247,39595,3652,383,1.0,1438,30.0,desktop,0.0,high school,0.0,English,0.0,0.0,Y,10.485,580.3763101,Jonas Hofmann,4,5318.240723,Arcata Elementary,1,3,3,5,0,1
482de720-e72c-4225-b693-68609e6db53b,2-1,1,21062,19881,1181,145,0.6666666667,1438,30.0,desktop,0.0,high school,0.0,English,0.0,0.0,Y,8.337,437.6037423,Bryan Oviedo,4,4709.054199,Alta Loma Elementary,1,1,3,5,0,6
482de720-e72c-4225-b693-68609e6db53b,3-1,1,18601,18165,436,106,1.0,1438,30.0,desktop,0.0,high school,0.0,English,0.0,0.0,Y,11.081,350.1238646,Daniel Van Buyten,5,5143.19043,Foresthill Union Elementary,2,2,4,6,0,5
485838c8-c7f2-4591-a8d8-7896e1327b7d,1-1,1,62823,50518,12305,324,0.6666666667,1294,16.0,laptop,0.0,college,1.0,English,0.0,0.0,Y,9.6,384.8133339,Maximilian Arnold,5,5133.009766,Mother Lode Union Elementary,4,1,3,5,0,7
485838c8-c7f2-4591-a8d8-7896e1327b7d,2-2,0,39612,37787,1825,166,1.0,1294,16.0,laptop,0.0,college,1.0,English,0.0,0.0,Y,7.638,263.5827136,Karim Rekik,3,5081.455566,Ocean View Elementary,2,1,7,10,0,5
485838c8-c7f2-4591-a8d8-7896e1327b7d,1-2,0,89872,78507,11365,383,1.0,1294,16.0,laptop,0.0,college,1.0,English,0.0,0.0,Y,10.485,292.7127517,Heinrich Schmidtgal,4,4016.41626,Lake Elementary,4,1,3,5,0,6
485838c8-c7f2-4591-a8d8-7896e1327b7d,2-1,1,52502,49240,3262,145,1.0,1294,16.0,laptop,0.0,college,1.0,English,0.0,0.0,Y,8.337,176.6856214,Niko Gießelmann,4,5374.050293,San Mateo-Foster City Elementary,3,1,9,13,0,3
485838c8-c7f2-4591-a8d8-7896e1327b7d,3-1,0,38645,33725,4920,106,1.0,1294,16.0,laptop,0.0,college,1.0,English,0.0,0.0,Y,11.081,188.5841364,Emre Belözoğlu,5,5427.548828,Goleta Union Elementary,4,1,3,5,0,6
485838c8-c7f2-4591-a8d8-7896e1327b7d,3-2,1,41898,39048,2850,120,1.0,1294,16.0,laptop,0.0,college,1.0,English,0.0,0.0,Y,10.697,184.388445,Bastian Schweinsteiger,4,5179.644531,Helendale Elementary,4,1,7,10,0,1
49dd7632-70f7-4146-be5a-cad4473fb75b,3-2,0,59625,52991,6634,120,1.0,1438,68.0,desktop,0.0,graduate school,1.0,English,0.0,0.0,Y,10.697,135.8721292,Phil Jagielka,4,5400.0,Petaluma City Elementary,4,14,7,10,0,2
49dd7632-70f7-4146-be5a-cad4473fb75b,2-1,1,32582,29785,2797,145,1.0,1438,68.0,desktop,0.0,graduate school,1.0,English,0.0,0.0,Y,8.337,292.0933356, Maxwell,2,5726.146484,Sunnyvale Elementary,3,7,4,6,0,2
49dd7632-70f7-4146-be5a-cad4473fb75b,1-1,0,71311,64614,6697,324,0.6666666667,1438,68.0,desktop,0.0,graduate school,1.0,English,0.0,0.0,Y,9.6,300.8635899,Asmir Begović,5,5003.870117,College Elementary,2,1,9,13,1,5
49dd7632-70f7-4146-be5a-cad4473fb75b,2-2,0,29852,27965,1887,166,1.0,1438,68.0,desktop,0.0,graduate school,1.0,English,0.0,0.0,Y,7.638,356.1594851,Luke Young,4,4969.51123,La Mesa-Spring Valley,1,5,7,10,0,5
49dd7632-70f7-4146-be5a-cad4473fb75b,3-1,1,27238,23105,4133,106,0.6666666667,1438,68.0,desktop,0.0,graduate school,1.0,English,0.0,0.0,Y,11.081,275.2650941,Rémy Cabella,2,4747.295898,Huntington Beach City Elementary,2,7,4,6,0,1
49dd7632-70f7-4146-be5a-cad4473fb75b,1-2,1,60276,50560,9716,383,1.0,1438,68.0,desktop,0.0,graduate school,1.0,English,0.0,0.0,Y,10.485,454.5094937,Jean-Armel Kana-Biyik,3,4543.305176,Solvang Elementary,2,8,7,10,0,5
49ed1805-bfda-406e-af15-31507cb3c5ac,3-1,0,21514,15078,6436,106,0.6666666667,1366,46.0,desktop,0.0,college,0.0,English,0.0,0.0,Y,11.081,421.8066057,Abdul Razak,5,5229.591309,Soquel Elementary,3,1,3,5,0,6
49ed1805-bfda-406e-af15-31507cb3c5ac,2-2,1,52090,49794,2296,166,1.0,1366,46.0,desktop,0.0,college,0.0,English,0.0,0.0,Y,7.638,200.0240993,Nicolai Müller,2,4507.353027,Capay Joint Union Elementary,1,1,4,6,0,4
49ed1805-bfda-406e-af15-31507cb3c5ac,2-1,0,19885,16784,3101,145,0.6666666667,1366,46.0,desktop,0.0,college,0.0,English,0.0,0.0,Y,8.337,518.3508103,Stelios Malezas,4,5302.62793,Gravenstein Union Elementary,3,3,4,6,0,5
49ed1805-bfda-406e-af15-31507cb3c5ac,1-1,0,39187,34681,4506,324,0.3333333333,1366,46.0,desktop,0.0,college,0.0,English,0.0,0.0,Y,9.6,560.5374701,Ivan Rakitić,2,5545.610352,Pleasant Valley Elementary,2,2,3,5,0,6
49ed1805-bfda-406e-af15-31507cb3c5ac,3-2,1,47734,43475,4259,120,1.0,1366,46.0,desktop,0.0,college,0.0,English,0.0,0.0,Y,10.697,165.6124209,Jon Walters,2,4615.908691,Pioneer Union Elementary,1,6,3,5,0,6
49ed1805-bfda-406e-af15-31507cb3c5ac,1-2,1,86506,81061,5445,383,1.0,1366,46.0,desktop,0.0,college,0.0,English,0.0,0.0,Y,10.485,283.4902111, Álvaro Negredo,4,5397.689453,Santee Elementary,4,2,3,5,0,1
4a348423-fe96-4fcb-9b2d-f32161971b4d,2-1,0,38766,35980,2786,145,1.0,1212,22.0,laptop,0.0,college,0.0,German,0.0,0.0,N,8.337,241.8010006,Benjamin Köhler,4,5118.373047,Johnstonville Elementary,3,2,3,5,0,6
4a348423-fe96-4fcb-9b2d-f32161971b4d,1-2,1,72744,61915,10829,383,0.6666666667,1212,22.0,laptop,0.0,college,0.0,German,0.0,0.0,N,10.485,371.1540015,Romain Pitau,2,5008.070801,Pleasant Valley Elementary,2,13,4,6,0,6
4a348423-fe96-4fcb-9b2d-f32161971b4d,1-1,0,74368,71816,2552,324,0.6666666667,1212,22.0,laptop,0.0,college,0.0,German,0.0,0.0,N,9.6,270.6917679,Mohamed Yattara,2,4906.030273,Curtis Creek Elementary,2,1,4,6,0,6
4a348423-fe96-4fcb-9b2d-f32161971b4d,3-2,0,36331,33079,3252,120,0.6666666667,1212,22.0,laptop,0.0,college,0.0,German,0.0,0.0,N,10.697,217.6607515,Gabriel Obertan,3,6870.346191,Fort Jones Union Elementary,1,1,7,10,0,5
4a348423-fe96-4fcb-9b2d-f32161971b4d,3-1,1,28592,26017,2575,106,0.6666666667,1212,22.0,laptop,0.0,college,0.0,German,0.0,0.0,N,11.081,244.4555483,Shane Long,3,5301.716309,Mark West Union Elementary,2,3,7,10,0,5
4a348423-fe96-4fcb-9b2d-f32161971b4d,2-2,1,38596,36428,2168,166,1.0,1212,22.0,laptop,0.0,college,0.0,German,0.0,0.0,N,7.638,273.4160536,Papiss Demba Cissé,2,5182.365723,Alpine Union Elementary,1,7,7,10,0,6
4aa80c95-24fc-45e5-b3c4-102653f15325,3-1,0,32795,29656,3139,106,1.0,322,38.0,smartphone,2.0,college,1.0,English,0.0,1.0,Y,11.081,214.4591314,Nikolče Noveski,2,4999.46875,Sebastopol Union Elementary,3,8,7,10,0,1
4aa80c95-24fc-45e5-b3c4-102653f15325,1-1,0,97460,96181,1279,324,1.0,322,38.0,smartphone,2.0,college,1.0,English,0.0,1.0,Y,9.6,202.1189216,Luuk de Jong,4,6732.066406,Freshwater Elementary,2,1,4,6,0,5
4aa80c95-24fc-45e5-b3c4-102653f15325,2-2,1,41383,41098,285,166,1.0,322,38.0,smartphone,2.0,college,1.0,English,0.0,1.0,Y,7.638,242.3475595,Massimo Volta,1,4612.989746,Norris Elementary,2,4,3,5,1,5
4aa80c95-24fc-45e5-b3c4-102653f15325,2-1,0,61395,60371,1024,145,1.0,322,38.0,smartphone,2.0,college,1.0,English,0.0,1.0,Y,8.337,144.1089265,Filip Oršula,2,5478.845703,Springville Union Elementary,4,1,3,5,0,1
4aa80c95-24fc-45e5-b3c4-102653f15325,1-2,1,101315,94003,7312,383,1.0,322,38.0,smartphone,2.0,college,1.0,English,0.0,1.0,Y,10.485,244.4602832, Ryan Mendes,5,5666.713867,Moreland Elementary,2,6,7,10,0,6
4aa80c95-24fc-45e5-b3c4-102653f15325,3-2,1,39236,38776,460,120,1.0,322,38.0,smartphone,2.0,college,1.0,English,0.0,1.0,Y,10.697,185.6818651,Daniel Baier,5,4742.51416,Maple Elementary,3,7,7,10,0,5
4ae8593c-1ba3-42b0-9e6e-deed9cdb2161,2-1,0,18507,17177,1330,145,1.0,1438,21.0,desktop,0.0,college,1.0,English,0.0,0.0,Y,8.337,506.4912383,Leo Franco,2,4907.392578,Kings River-Hardwick Union Elementary,3,18,7,10,0,5
4ae8593c-1ba3-42b0-9e6e-deed9cdb2161,1-1,0,67370,64139,3231,324,0.3333333333,1438,21.0,desktop,0.0,college,1.0,English,0.0,0.0,Y,9.6,303.0917227,Neven Subotić,3,5700.402344,Julian Union Elementary,2,1,3,5,0,6
4ae8593c-1ba3-42b0-9e6e-deed9cdb2161,2-2,1,10859,10637,222,166,0.3333333333,1438,21.0,desktop,0.0,college,1.0,English,0.0,0.0,Y,7.638,936.3542352,Yoann Gourcuff,1,5191.834473,Cardiff Elementary,4,3,3,5,0,5
4ae8593c-1ba3-42b0-9e6e-deed9cdb2161,3-1,0,32596,30895,1701,106,1.0,1438,21.0,desktop,0.0,college,1.0,English,0.0,0.0,Y,11.081,205.8585532,Jonathan Ayite,4,4451.256836,Saucelito Elementary,2,1,7,10,0,5
4ae8593c-1ba3-42b0-9e6e-deed9cdb2161,3-2,1,32746,32345,401,120,1.0,1438,21.0,desktop,0.0,college,1.0,English,0.0,0.0,Y,10.697,222.6000928,Tranquillo Barnetta,5,5627.527832,Bonsall Union Elementary,3,1,4,6,0,1
4ae8593c-1ba3-42b0-9e6e-deed9cdb2161,1-2,1,41437,36201,5236,383,0.3333333333,1438,21.0,desktop,0.0,college,1.0,English,0.0,0.0,Y,10.485,634.7890942,Lars Stindl,4,4922.939941,Cypress Elementary,2,1,7,10,0,6
4b19d929-d5f9-41df-a9d5-4176d450e799,2-1,0,31116,19838,11278,145,0.6666666667,1212,15.0,laptop,0.0,high school,1.0,English,0.0,0.0,Y,8.337,438.5522734,Clemens Fritz,1,4969.380859,Lowell Joint Elementary,1,1,7,10,0,5
4b19d929-d5f9-41df-a9d5-4176d450e799,3-2,1,11650,11650,0,120,0.6666666667,1212,15.0,laptop,0.0,high school,1.0,English,0.0,0.0,Y,10.697,618.0257511, Gabi,4,4829.717285,Newhall Elementary,1,6,7,10,0,6
4b19d929-d5f9-41df-a9d5-4176d450e799,1-1,0,43952,26005,17947,324,0.6666666667,1212,15.0,laptop,0.0,high school,1.0,English,0.0,0.0,Y,9.6,747.5485484,Craig Gardner,2,6716.692871,Lagunitas Elementary,1,1,7,10,0,4
4b19d929-d5f9-41df-a9d5-4176d450e799,2-2,1,18781,13563,5218,166,1.0,1212,15.0,laptop,0.0,high school,1.0,English,0.0,0.0,Y,7.638,734.3508073,John Terry,2,5205.941895,Cambrian Elementary,2,29,7,10,0,5
4b19d929-d5f9-41df-a9d5-4176d450e799,3-1,0,11982,10141,1841,106,1.0,1212,15.0,laptop,0.0,high school,1.0,English,0.0,0.0,Y,11.081,627.1570851,Rafael van der Vaart,4,4357.826172,Richfield Elementary,1,1,9,13,0,6
4b19d929-d5f9-41df-a9d5-4176d450e799,1-2,1,27198,16541,10657,383,0.3333333333,1212,15.0,laptop,0.0,high school,1.0,English,0.0,0.0,Y,10.485,1389.275135,Branislav Ivanović,2,5195.918945,Fieldbrook Elementary,4,1,9,13,0,4
4ba34db8-9baa-42a5-bed2-a6381f36d03e,1-1,1,68431,65490,2941,324,0.6666666667,322,31.0,smartphone,0.0,graduate school,0.0,English,0.0,0.0,Y,9.6,296.8392121,Stefano Celozzi,4,6002.071777,Dehesa Elementary,3,1,4,6,0,6
4ba34db8-9baa-42a5-bed2-a6381f36d03e,3-2,0,30835,25527,5308,120,0.6666666667,646,31.0,smartphone,0.0,graduate school,0.0,English,0.0,0.0,Y,10.697,282.0542955, Rafinha,5,5090.587891,Cottonwood Union Elementary,4,4,7,10,0,1
4ba34db8-9baa-42a5-bed2-a6381f36d03e,2-1,1,37209,37209,0,145,0.6666666667,322,31.0,smartphone,0.0,graduate school,0.0,English,0.0,0.0,Y,8.337,233.8143997, Manucho,4,5112.390137,Fruitvale Elementary,3,1,3,5,0,1
4ba34db8-9baa-42a5-bed2-a6381f36d03e,3-1,1,21720,21467,253,106,1.0,322,31.0,smartphone,0.0,graduate school,0.0,English,0.0,0.0,Y,11.081,296.2686915,Chu-Young Park,4,5287.35498,Union Elementary,1,2,3,5,0,5
4ba34db8-9baa-42a5-bed2-a6381f36d03e,2-2,0,35911,32880,3031,166,0.6666666667,646,31.0,smartphone,0.0,graduate school,0.0,English,0.0,0.0,Y,7.638,302.919708,Cristian Rodríguez,2,4889.47998,Fountain Valley Elementary,4,4,3,5,0,5
4ba34db8-9baa-42a5-bed2-a6381f36d03e,1-2,0,61522,49058,12464,383,0.6666666667,646,31.0,smartphone,0.0,graduate school,0.0,English,0.0,0.0,Y,10.485,468.4251294,Max Gradel,2,5118.130371,Gold Oak Union Elementary,3,6,7,10,0,6
4be26ab5-1d7e-44bf-bd62-0a66c914394a,3-2,0,17909,10680,7229,120,0.6666666667,880,19.0,tablet,0.0,college,1.0,Chinese,0.0,0.0,N,10.697,674.1573034,Leighton Baines,2,5119.123047,Buckeye Union Elementary,3,2,4,6,0,5
4be26ab5-1d7e-44bf-bd62-0a66c914394a,2-2,0,24924,21482,3442,166,0.6666666667,880,19.0,tablet,0.0,college,1.0,Chinese,0.0,0.0,N,7.638,463.643981, Marcos António,5,4792.211426,Rocklin Unified,3,1,3,5,0,6
4be26ab5-1d7e-44bf-bd62-0a66c914394a,1-2,1,56544,30709,25835,383,1.0,880,19.0,tablet,0.0,college,1.0,Chinese,0.0,0.0,N,10.485,748.3148263,Victor Anichebe,5,5450.103516,Gold Trail Union Elementary,1,1,3,5,0,5
4be26ab5-1d7e-44bf-bd62-0a66c914394a,3-1,1,24470,19878,4592,106,0.6666666667,880,19.0,tablet,0.0,college,1.0,Chinese,0.0,0.0,N,11.081,319.9517054,Frazier Campbell,3,5210.724609,Hydesville Elementary,1,4,7,10,0,1
4be26ab5-1d7e-44bf-bd62-0a66c914394a,2-1,1,38977,34443,4534,145,1.0,880,19.0,tablet,0.0,college,1.0,Chinese,0.0,0.0,N,8.337,252.5912377,Florent Balmont,4,4715.445801,Saugus Union Elementary,4,7,9,13,0,1
4be26ab5-1d7e-44bf-bd62-0a66c914394a,1-1,0,99359,68730,30629,324,1.0,880,19.0,tablet,0.0,college,1.0,Chinese,0.0,0.0,N,9.6,282.8459188,Glenn Whelan,2,4632.068359,Loomis Union Elementary,3,3,4,6,0,5
4bf638b5-36b4-4b87-977c-dbb48a337da5,1-1,1,142859,132667,10192,324,1.0,1212,20.0,laptop,0.0,high school,1.0,German,0.0,0.0,N,9.6,146.5322951,Craig Gardner,4,5028.561523,Placer Hills Union Elementary,2,1,7,10,0,5
4bf638b5-36b4-4b87-977c-dbb48a337da5,2-2,0,46534,46166,368,166,1.0,1212,20.0,laptop,0.0,high school,1.0,German,0.0,0.0,N,7.638,215.7431876,Hanno Balitsch,3,5695.466797,Dunham Elementary,3,16,3,5,0,3
4bf638b5-36b4-4b87-977c-dbb48a337da5,3-2,1,48225,41764,6461,120,0.6666666667,1212,20.0,laptop,0.0,high school,1.0,German,0.0,0.0,N,10.697,172.39728,Lionel Messi,4,4504.294922,San Carlos Elementary,4,1,3,5,0,2
4bf638b5-36b4-4b87-977c-dbb48a337da5,3-1,0,40588,28063,12525,106,0.6666666667,1212,20.0,laptop,0.0,high school,1.0,German,0.0,0.0,N,11.081,226.632933,Max Ehmer,4,5156.437012,Ready Springs Union Elementary,4,1,4,6,0,6
4bf638b5-36b4-4b87-977c-dbb48a337da5,2-1,1,52783,48508,4275,145,1.0,1212,20.0,laptop,0.0,high school,1.0,German,0.0,0.0,N,8.337,179.3518595,Martin Lanig,4,5433.51416,Coarsegold Union Elementary,2,6,3,5,0,4
4bf638b5-36b4-4b87-977c-dbb48a337da5,1-2,0,105325,97780,7545,383,1.0,1212,20.0,laptop,0.0,high school,1.0,German,0.0,0.0,N,10.485,235.017386, Toni Doblas,4,5254.631836,Cayucos Elementary,2,1,7,10,0,1
4bf66c16-79cf-49d3-a150-110237af0243,3-2,0,25914,21620,4294,120,1.0,1438,18.0,desktop,0.0,high school,0.0,English,0.0,0.0,Y,10.697,333.0249769, Labaka,3,4593.196777,Richmond Elementary,3,3,3,5,0,5
4bf66c16-79cf-49d3-a150-110237af0243,1-1,1,40899,39318,1581,324,0.6666666667,1438,18.0,desktop,0.0,high school,0.0,English,0.0,0.0,Y,9.6,494.430032,Christophe Vincent,2,4320.678711,Clay Joint Elementary,2,4,9,13,0,6
4bf66c16-79cf-49d3-a150-110237af0243,2-1,1,23541,22465,1076,145,0.6666666667,1438,18.0,desktop,0.0,high school,0.0,English,0.0,0.0,Y,8.337,387.2690852, Sergio Ramos,2,4920.777344,Waugh Elementary,4,3,3,5,0,5
4bf66c16-79cf-49d3-a150-110237af0243,1-2,0,37104,34395,2709,383,1.0,1438,18.0,desktop,0.0,high school,0.0,English,0.0,0.0,Y,10.485,668.1203663,Shaun Maloney,3,6905.869141,Two Rock Union Elementary,2,3,7,10,0,5
4bf66c16-79cf-49d3-a150-110237af0243,3-1,1,16605,15675,930,106,1.0,1438,18.0,desktop,0.0,high school,0.0,English,0.0,0.0,Y,11.081,405.7416268, Hélder Postiga,2,5729.904297,Belmont-Redwood Shores Elementary,1,3,7,10,0,1
4bf66c16-79cf-49d3-a150-110237af0243,2-2,0,28837,27475,1362,166,1.0,1438,18.0,desktop,0.0,high school,0.0,English,0.0,0.0,Y,7.638,362.511374,Yaya Touré,4,4825.202148,Rescue Union Elementary,4,1,4,6,0,1
4c958f8d-f3c9-40f1-8816-2b0c39a38bd9,3-2,1,69582,37545,32037,120,1.0,880,19.0,smartphone,2.0,college,1.0,English,0.0,1.0,Y,10.697,191.7698761, Igor Martínez,4,5388.17041,Alta-Dutch Flat Union Elementary,1,4,9,13,0,5
4c958f8d-f3c9-40f1-8816-2b0c39a38bd9,1-2,1,97879,6955,90924,383,0.6666666667,880,19.0,smartphone,2.0,college,1.0,English,0.0,1.0,Y,10.485,3304.097771, Cuéllar,5,5133.827148,San Pasqual Union Elementary,3,4,7,10,0,6
4c958f8d-f3c9-40f1-8816-2b0c39a38bd9,3-1,0,68720,53412,15308,106,0.3333333333,880,19.0,smartphone,2.0,college,1.0,English,0.0,1.0,Y,11.081,119.0743653,Nolan Roux,4,5346.15625,Latrobe Elementary,4,8,4,6,0,6
4c958f8d-f3c9-40f1-8816-2b0c39a38bd9,1-1,0,78375,36250,42125,324,0.3333333333,880,19.0,smartphone,2.0,college,1.0,English,0.0,1.0,Y,9.6,536.2758621,Chinedu Ede,3,4789.309082,Union Hill Elementary,4,1,7,10,0,5
4c958f8d-f3c9-40f1-8816-2b0c39a38bd9,2-2,0,49277,35002,14275,166,1.0,880,19.0,smartphone,2.0,college,1.0,English,0.0,1.0,Y,7.638,284.5551683,Kevin Nolan,4,5329.782227,Twin Hills Union Elementary,1,2,3,5,0,5
4c958f8d-f3c9-40f1-8816-2b0c39a38bd9,2-1,1,47680,4433,43247,145,0.6666666667,880,19.0,smartphone,2.0,college,1.0,English,0.0,1.0,Y,8.337,1962.553575,Samed Yesil,3,5371.172852,Pacific Union Elementary,2,1,4,6,0,3
4eab4ba9-b923-43e9-94b2-b50f8ae543ad,3-2,1,23458,22005,1453,120,0.6666666667,322,16.0,smartphone,0.0,high school,0.0,English,0.0,0.0,Y,10.697,327.198364,Thomas Müller,4,5771.383789,Douglas City Elementary,2,1,4,6,0,1
4eab4ba9-b923-43e9-94b2-b50f8ae543ad,1-1,0,44938,44266,672,324,0.0,322,16.0,smartphone,0.0,high school,0.0,English,0.0,0.0,Y,9.6,439.1632404,Cristian Álvarez,3,4993.634766,Pleasant Ridge Union Elementary,4,7,3,5,0,5
4eab4ba9-b923-43e9-94b2-b50f8ae543ad,2-2,1,22211,22211,0,166,0.6666666667,322,16.0,smartphone,0.0,high school,0.0,English,0.0,0.0,Y,7.638,448.4264554,Du-Ri Cha,2,4854.038086,Newcastle Elementary,3,7,3,5,0,5
4eab4ba9-b923-43e9-94b2-b50f8ae543ad,1-2,1,44404,41233,3171,383,1.0,322,16.0,smartphone,0.0,high school,0.0,English,0.0,0.0,Y,10.485,557.3205927,Stephan Fürstner,4,4392.679688,Mesa Union Elementary,4,6,3,5,0,4
4eab4ba9-b923-43e9-94b2-b50f8ae543ad,3-1,0,18735,18047,688,106,0.6666666667,322,16.0,smartphone,0.0,high school,0.0,English,0.0,0.0,Y,11.081,352.4131435,Enzo Reale,1,5884.432129,Weaverville Elementary,1,1,3,5,0,5
4eab4ba9-b923-43e9-94b2-b50f8ae543ad,2-1,0,20111,20025,86,145,0.3333333333,322,16.0,smartphone,0.0,high school,0.0,English,0.0,0.0,Y,8.337,434.4569288, Albelda,3,4273.993164,North Cow Creek Elementary,4,2,4,6,0,4
4f197cbb-93cc-4852-aad3-46d35f809f47,3-2,1,45154,35966,9188,120,1.0,1438,0.0,desktop,2.0,professional school,0.0,English,0.0,1.0,Y,10.697,200.1890675,Mickaël Landreau,4,5146.78418,Nevada City Elementary,3,31,4,6,0,1
4f197cbb-93cc-4852-aad3-46d35f809f47,2-2,0,52468,35036,17432,166,1.0,1438,0.0,desktop,2.0,professional school,0.0,English,0.0,1.0,Y,7.638,284.2790273,Marco Estrada,4,5351.522949,Jacoby Creek Elementary,4,3,7,10,1,5
4f197cbb-93cc-4852-aad3-46d35f809f47,1-1,0,77038,37787,39251,324,1.0,1438,0.0,desktop,2.0,professional school,0.0,English,0.0,1.0,Y,9.6,514.4626459, Javi Fuego,4,7667.571777,Fort Ross Elementary,4,2,7,10,1,5
4f197cbb-93cc-4852-aad3-46d35f809f47,1-2,1,98945,70673,28272,383,1.0,1438,0.0,desktop,2.0,professional school,0.0,English,0.0,1.0,Y,10.485,325.1595376,Mohammed Abdellaoue,2,5281.708984,Encinitas Union Elementary,1,1,7,10,1,1
4f197cbb-93cc-4852-aad3-46d35f809f47,3-1,0,32970,19631,13339,106,1.0,1438,0.0,desktop,2.0,professional school,0.0,English,0.0,1.0,Y,11.081,323.9773827,Ismaël Traoré,1,5368.50293,Dixie Elementary,2,1,7,10,1,5
4f197cbb-93cc-4852-aad3-46d35f809f47,2-1,1,48182,45028,3154,145,1.0,1438,0.0,desktop,2.0,professional school,0.0,English,0.0,1.0,Y,8.337,193.2131118,Richard Strebinger,4,6429.257324,Lakeside Joint Elementary,1,1,4,6,1,5
4f60135c-1cb1-4fe2-9178-b628b4c417e3,3-1,0,25082,21332,3750,106,1.0,1366,21.0,laptop,0.0,college,1.0,English,0.0,0.0,Y,11.081,298.143634,Jérémy Ménez,2,5387.458984,Hermosa Beach City Elementary,2,3,3,5,1,4
4f60135c-1cb1-4fe2-9178-b628b4c417e3,1-1,0,40320,35107,5213,324,0.3333333333,1366,21.0,laptop,0.0,college,1.0,English,0.0,0.0,Y,9.6,553.7357222,Giorgios Karagounis,4,5235.774902,Rincon Valley Union Elementary,2,5,3,5,1,6
4f60135c-1cb1-4fe2-9178-b628b4c417e3,2-1,0,18435,18086,349,145,0.6666666667,1366,21.0,laptop,0.0,college,1.0,English,0.0,0.0,Y,8.337,481.0350547,Lukas Podolski,4,4829.896484,Washington Union Elementary,2,17,7,10,0,5
4f60135c-1cb1-4fe2-9178-b628b4c417e3,1-2,1,34418,32011,2407,383,0.6666666667,1366,21.0,laptop,0.0,college,1.0,English,0.0,0.0,Y,10.485,717.8782294,Mehdi Abeid,5,5088.708008,Bennett Valley Union Elementary,2,1,7,10,1,3
4f60135c-1cb1-4fe2-9178-b628b4c417e3,2-2,1,25362,24269,1093,166,1.0,1366,21.0,laptop,0.0,college,1.0,English,0.0,0.0,Y,7.638,410.4000989,Adam Hloušek,2,5390.118164,Loma Prieta Joint Union Elemen,4,1,7,10,1,3
4f60135c-1cb1-4fe2-9178-b628b4c417e3,3-2,1,20977,19815,1162,120,1.0,1366,21.0,laptop,0.0,college,1.0,English,0.0,0.0,Y,10.697,363.3610901, Lucas Piazon,3,6588.430664,Kenwood Elementary,2,1,3,5,1,6
4f8c5f95-808c-404c-9613-d9ad53bad8c2,1-2,0,59747,51589,8158,383,1.0,1212,24.0,laptop,0.0,college,0.0,English,0.0,0.0,Y,10.485,445.4437962,Gaëtan Charbonnier,2,6196.694824,Liberty Elementary,3,2,3,5,1,3
4f8c5f95-808c-404c-9613-d9ad53bad8c2,2-2,0,45603,37845,7758,166,0.3333333333,1212,24.0,laptop,0.0,college,0.0,English,0.0,0.0,Y,7.638,263.1787554, Sergio Álvarez,2,4645.413086,Knights Ferry Elementary,1,2,7,10,1,5
4f8c5f95-808c-404c-9613-d9ad53bad8c2,2-1,1,43340,37506,5834,145,1.0,1212,24.0,laptop,0.0,college,0.0,English,0.0,0.0,Y,8.337,231.9628859,Bănel Nicoliţă,2,6489.928711,Kentfield Elementary,1,1,4,6,1,5
4f8c5f95-808c-404c-9613-d9ad53bad8c2,3-2,0,38945,35669,3276,120,1.0,1212,24.0,laptop,0.0,college,0.0,English,0.0,0.0,Y,10.697,201.8559533,Patrick Ebert,4,5094.958984,Ballard Elementary,1,1,7,10,1,1
4f8c5f95-808c-404c-9613-d9ad53bad8c2,1-1,1,41729,33984,7745,324,0.6666666667,1212,24.0,laptop,0.0,college,0.0,English,0.0,0.0,Y,9.6,572.0338983,Brad Jones,1,4841.958496,Oak Grove Union Elementary,4,4,7,10,1,1
4f8c5f95-808c-404c-9613-d9ad53bad8c2,3-1,1,25873,23789,2084,106,1.0,1212,24.0,laptop,0.0,college,0.0,English,0.0,0.0,Y,11.081,267.3504561,Hogan Ephraim,2,6315.3125,Ross Valley Elementary,1,1,7,10,1,4
5013da82-22c7-47fd-a245-d7131d2fab50,2-2,1,47916,44850,3066,166,1.0,1294,,,,,,,,,,7.638,222.0735786, Manuel Pablo,4,5399.383301,Mountain Elementary,2,2,7,10,1,5
5013da82-22c7-47fd-a245-d7131d2fab50,3-2,0,48655,46174,2481,120,1.0,1294,,,,,,,,,,10.697,155.9319097,George McCartney,3,5429.473633,Burlingame Elementary,2,2,7,10,1,3
5013da82-22c7-47fd-a245-d7131d2fab50,1-1,1,96691,90216,6475,324,1.0,1294,,,,,,,,,,9.6,215.4828412,Matthew Kennedy,2,5644.286133,Grant Elementary,2,1,9,13,1,5
5013da82-22c7-47fd-a245-d7131d2fab50,2-1,0,41699,37341,4358,145,1.0,1294,,,,,,,,,,8.337,232.9878686,Cheick Diarra,2,6060.256836,Happy Valley Elementary,4,1,9,13,1,6
5013da82-22c7-47fd-a245-d7131d2fab50,1-2,0,98032,94822,3210,383,0.6666666667,1294,,,,,,,,,,10.485,242.348822,Charles Kaboré,2,5319.553711,Bonny Doon Union Elementary,4,1,4,6,1,5
5013da82-22c7-47fd-a245-d7131d2fab50,3-1,1,44633,38417,6216,106,1.0,1294,,,,,,,,,,11.081,165.5517089,Nikolče Noveski,2,4819.903809,Walnut Creek Elementary,1,1,7,10,1,4
512ef0df-48a3-4796-9919-471f50f25df1,2-2,1,47277,40667,6610,166,0.6666666667,880,30.0,smartphone,0.0,graduate school,1.0,English,0.0,0.0,Y,7.638,244.9160253,Lucas Wilchez,5,5208.226074,Hope Elementary,1,2,3,5,1,6
512ef0df-48a3-4796-9919-471f50f25df1,2-1,0,50260,46107,4153,145,0.6666666667,880,30.0,smartphone,0.0,graduate school,1.0,English,0.0,0.0,Y,8.337,188.6915219,Benoît Pedretti,4,5859.964844,Larkspur Elementary,3,1,3,5,1,6
512ef0df-48a3-4796-9919-471f50f25df1,1-1,0,94751,92612,2139,324,0.6666666667,880,30.0,smartphone,0.0,graduate school,1.0,English,0.0,0.0,Y,9.6,209.9080033,Jonathan Pitroipa,4,4962.736816,Cupertino Union Elementary,1,1,3,5,1,5
512ef0df-48a3-4796-9919-471f50f25df1,3-1,0,31282,18298,12984,106,1.0,880,30.0,smartphone,0.0,graduate school,1.0,English,0.0,0.0,Y,11.081,347.5789704,Ibrahima Traoré,1,7614.379395,Pacific Elementary,2,1,7,10,1,5
512ef0df-48a3-4796-9919-471f50f25df1,3-2,1,54347,45080,9267,120,1.0,880,30.0,smartphone,0.0,graduate school,1.0,English,0.0,0.0,Y,10.697,159.7160603,Clément Chantôme,5,5566.467773,Los Gatos Union Elementary,3,1,4,6,1,4
512ef0df-48a3-4796-9919-471f50f25df1,1-2,1,108112,93198,14914,383,1.0,880,30.0,smartphone,0.0,graduate school,1.0,English,0.0,0.0,Y,10.485,246.5718148,Fabricio Coloccini,3,7039.949219,Montecito Union Elementary,4,6,3,5,0,6
52094e6b-59e3-4905-9151-73e21750879d,1-1,1,58967,58185,782,324,0.6666666667,1419,21.0,laptop,2.0,college,1.0,English,0.0,1.0,Y,9.6,334.1067285,Kevin Stöger,4,6604.063965,Solana Beach Elementary,4,1,3,5,1,6
52094e6b-59e3-4905-9151-73e21750879d,3-1,0,36613,35920,693,106,1.0,1419,21.0,laptop,2.0,college,1.0,English,0.0,1.0,Y,11.081,177.0601336,Marco Verratti,4,6180.148926,Menlo Park City Elementary,3,2,7,10,1,5
52094e6b-59e3-4905-9151-73e21750879d,2-2,0,25964,25329,635,166,0.6666666667,1419,21.0,laptop,2.0,college,1.0,English,0.0,1.0,Y,7.638,393.2251569,Timothy Chandler,4,6460.657227,Reed Union Elementary,1,2,9,13,0,5
52094e6b-59e3-4905-9151-73e21750879d,3-2,1,20338,19480,858,120,1.0,1419,21.0,laptop,2.0,college,1.0,English,0.0,1.0,Y,10.697,369.6098563, Nano,3,6415.35498,Mill Valley Elementary,2,5,4,6,1,1
52094e6b-59e3-4905-9151-73e21750879d,2-1,1,29986,28844,1142,145,1.0,1419,21.0,laptop,2.0,college,1.0,English,0.0,1.0,Y,8.337,301.6225211,Mehdi Abeid,1,5230.876953,Lafayette Elementary,3,1,7,10,0,3
52094e6b-59e3-4905-9151-73e21750879d,1-2,0,46744,44035,2709,383,0.6666666667,1419,21.0,laptop,2.0,college,1.0,English,0.0,1.0,Y,10.485,521.8576133,Youssef El-Arabi,4,5838.171875,Del Mar Union Elementary,1,1,3,5,0,5
525bf1c5-7405-44d8-a086-43a65dd46da2,2-1,1,37421,32331,5090,145,0.3333333333,1366,20.0,laptop,0.0,high school,1.0,English,0.0,0.0,Y,8.337,269.0915839,Radoslav Zabavník,2,7711.506836,Woodside Elementary,2,1,3,5,0,2
525bf1c5-7405-44d8-a086-43a65dd46da2,3-1,1,28330,25322,3008,106,1.0,1366,20.0,laptop,0.0,high school,1.0,English,0.0,0.0,Y,11.081,251.1649949, Iniesta,4,5592.765137,Moraga Elementary,4,1,4,6,0,5
525bf1c5-7405-44d8-a086-43a65dd46da2,3-2,0,37797,35605,2192,120,0.6666666667,1366,20.0,laptop,0.0,high school,1.0,English,0.0,0.0,Y,10.697,202.2187895,Gerald Asamoah,3,5933.154297,Orinda Union Elementary,4,3,3,5,0,4
525bf1c5-7405-44d8-a086-43a65dd46da2,1-1,0,15008,13052,1956,324,0.0,1366,20.0,laptop,0.0,high school,1.0,English,0.0,0.0,Y,9.6,1489.426908,Wojciech Szczęsny,5,7593.405762,Hillsborough City Elementary,2,1,7,10,0,5
525bf1c5-7405-44d8-a086-43a65dd46da2,1-2,1,18285,12913,5372,383,0.3333333333,1366,20.0,laptop,0.0,high school,1.0,English,0.0,0.0,Y,10.485,1779.601952,Gastón Ramírez,4,6500.449707,Cold Spring Elementary,3,1,3,5,0,5
525bf1c5-7405-44d8-a086-43a65dd46da2,2-2,0,29730,27114,2616,166,1.0,1366,20.0,laptop,0.0,high school,1.0,English,0.0,0.0,Y,7.638,367.3379066,Marouane Chamakh,4,7217.263184,Portola Valley Elementary,1,1,9,13,0,6
52655f97-f8e7-48eb-9269-d5ee71ad6db4,2-1,1,28869,25728,3141,145,1.0,1438,39.0,laptop,0.0,graduate school,1.0,English,0.0,0.0,Y,8.337,338.1529851,Gary Cahill,4,5392.638672,Saratoga Union Elementary,1,1,3,5,0,6
52655f97-f8e7-48eb-9269-d5ee71ad6db4,1-1,0,63644,60182,3462,324,0.6666666667,1438,39.0,laptop,0.0,graduate school,1.0,English,0.0,0.0,Y,9.6,323.0201721,Vito Mannone,4,7290.338867,Las Lomitas Elementary,3,6,7,10,0,6
52655f97-f8e7-48eb-9269-d5ee71ad6db4,3-2,0,54092,48036,6056,120,0.3333333333,1438,39.0,laptop,0.0,graduate school,1.0,English,0.0,0.0,Y,10.697,149.8875843,Marcell Jansen,4,5741.462891,Los Altos Elementary,4,13,7,10,0,5
52655f97-f8e7-48eb-9269-d5ee71ad6db4,1-2,1,70105,61060,9045,383,0.6666666667,1438,39.0,laptop,0.0,graduate school,1.0,English,0.0,0.0,Y,10.485,376.35113,Jonathan Pitroipa,5,4402.831543,Somis Union Elementary,1,1,4,6,0,1
52655f97-f8e7-48eb-9269-d5ee71ad6db4,3-1,1,40531,36958,3573,106,0.6666666667,1438,39.0,laptop,0.0,graduate school,1.0,English,0.0,0.0,Y,11.081,172.0872342,Connor Wickham,5,4776.336426,Plumas Elementary,4,1,9,13,1,5
52655f97-f8e7-48eb-9269-d5ee71ad6db4,2-2,0,44727,36219,8508,166,1.0,1438,39.0,laptop,0.0,graduate school,1.0,English,0.0,0.0,Y,7.638,274.9937878,Manuel Schmiedebach,3,5993.392578,Wheatland Elementary,3,13,7,10,0,5
529af3c4-1f6c-4ced-ac86-165cb41a1629,2-1,0,60539,58421,2118,145,0.6666666667,1366,34.0,laptop,0.0,graduate school,0.0,Spanish,0.0,0.0,N,8.337,148.9190531,Fabrice N'Sakala,4,6384.911133,Sunol Glen Unified,3,3,4,6,0,4
529af3c4-1f6c-4ced-ac86-165cb41a1629,1-1,1,98154,95286,2868,324,0.6666666667,1366,34.0,laptop,0.0,graduate school,0.0,Spanish,0.0,0.0,N,9.6,204.0173793,Alexander Esswein,2,5099.380859,Manzanita Elementary,2,1,7,10,0,5
529af3c4-1f6c-4ced-ac86-165cb41a1629,3-2,0,57358,52669,4689,120,1.0,1366,34.0,laptop,0.0,graduate school,0.0,Spanish,0.0,0.0,N,10.697,136.7028043, Jesús Gámez,3,5501.95459,Thermalito Union Elementary,3,1,3,5,0,1
529af3c4-1f6c-4ced-ac86-165cb41a1629,2-2,1,49425,47259,2166,166,1.0,1366,34.0,laptop,0.0,graduate school,0.0,Spanish,0.0,0.0,N,7.638,210.7535073,Pavel Pogrebnyak,1,7101.831055,Golden Feather Union Elementary,2,2,4,6,1,5
529af3c4-1f6c-4ced-ac86-165cb41a1629,1-2,0,121949,118133,3816,383,1.0,1366,34.0,laptop,0.0,graduate school,0.0,Spanish,0.0,0.0,N,10.485,194.5265083,Cristian Molinaro,3,5235.987793,Palermo Union Elementary,4,1,4,6,0,5
529af3c4-1f6c-4ced-ac86-165cb41a1629,3-1,1,44128,42759,1369,106,1.0,1366,34.0,laptop,0.0,graduate school,0.0,Spanish,0.0,0.0,N,11.081,148.740616,Andy Marshall,4,5580.146973,Burrel Union Elementary,3,3,3,5,0,3
540ad2c3-6798-4093-8f1c-3c3a0ea94ac6,1-2,1,57125,42272,14853,383,1.0,982,15.0,laptop,0.0,pre-high school,2.0,English,0.0,0.0,Y,10.485,543.6222559, Puyol,3,5253.331055,Holt Union Elementary,4,1,3,5,0,2
540ad2c3-6798-4093-8f1c-3c3a0ea94ac6,3-1,0,15074,12672,2402,106,1.0,982,15.0,laptop,0.0,pre-high school,2.0,English,0.0,0.0,Y,11.081,501.8939394,Kyle Walker,3,4565.746094,Vineland Elementary,4,1,3,5,0,5
540ad2c3-6798-4093-8f1c-3c3a0ea94ac6,3-2,1,24941,22995,1946,120,0.6666666667,982,15.0,laptop,0.0,pre-high school,2.0,English,0.0,0.0,Y,10.697,313.111546,Thomas Kahlenberg,4,5355.54834,Orange Center Elementary,2,1,3,5,0,3
540ad2c3-6798-4093-8f1c-3c3a0ea94ac6,2-2,1,26989,17913,9076,166,0.6666666667,982,15.0,laptop,0.0,pre-high school,2.0,English,0.0,0.0,Y,7.638,556.020767,Atsuto Uchida,3,5036.211426,Del Paso Heights Elementary,4,1,4,6,0,5
540ad2c3-6798-4093-8f1c-3c3a0ea94ac6,1-1,0,55909,50015,5894,324,1.0,982,15.0,laptop,0.0,pre-high school,2.0,English,0.0,0.0,Y,9.6,388.683395,Juan Arango,5,4547.692383,Le Grand Union Elementary,1,1,4,6,0,6
540ad2c3-6798-4093-8f1c-3c3a0ea94ac6,2-1,0,29565,28414,1151,145,1.0,982,15.0,laptop,0.0,pre-high school,2.0,English,0.0,0.0,Y,8.337,306.1870909,Yannik Schulze,4,5447.345215,West Fresno Elementary,2,2,7,10,0,2
54c3e853-e07a-4b15-ab2d-691a120c3b32,2-1,1,45542,39590,5952,145,1.0,1294,37.0,laptop,0.0,high school,1.0,English,0.0,0.0,Y,8.337,219.7524627,Manuel Friedrich,2,6567.149414,Allensworth Elementary,4,1,7,10,0,6
54c3e853-e07a-4b15-ab2d-691a120c3b32,1-1,0,84202,69265,14937,324,1.0,1294,37.0,laptop,0.0,high school,1.0,English,0.0,0.0,Y,9.6,280.6612286,Benjamin Uphoff,4,4818.612793,Sunnyside Union Elementary,3,1,7,10,0,5
54c3e853-e07a-4b15-ab2d-691a120c3b32,2-2,0,52449,26542,25907,166,1.0,1294,37.0,laptop,0.0,high school,1.0,English,0.0,0.0,Y,7.638,375.2543139,Marco Caligiuri,4,5621.456055,Woodville Elementary,2,6,7,10,0,1
54c3e853-e07a-4b15-ab2d-691a120c3b32,1-2,1,78529,47316,31213,383,1.0,1294,37.0,laptop,0.0,high school,1.0,English,0.0,0.0,Y,10.485,485.670809,Alassane Pléa,1,6026.359863,Pixley Union Elementary,4,1,4,6,0,6
54c3e853-e07a-4b15-ab2d-691a120c3b32,3-2,1,42265,25388,16877,120,1.0,1294,37.0,laptop,0.0,high school,1.0,English,0.0,0.0,Y,10.697,283.5985505,Chris Smalling,3,6723.237793,Lost Hills Union Elementary,1,5,3,5,0,1
54c3e853-e07a-4b15-ab2d-691a120c3b32,3-1,0,53951,34261,19690,106,0.6666666667,1294,37.0,laptop,0.0,high school,1.0,English,0.0,0.0,Y,11.081,185.633811,Bănel Nicoliţă,2,5589.885254,Buttonwillow Union Elementary,3,1,3,5,0,1
5507df65-d963-43c6-9e0d-a8c375c02b6c,3-1,0,56064,43546,12518,106,1.0,574,60.0,smartphone,0.0,postdoctoral,0.0,Spanish,0.0,0.0,N,11.081,146.0524503,Diego Lugano,2,5064.615723,Lennox Elementary,4,1,7,10,0,6
5507df65-d963-43c6-9e0d-a8c375c02b6c,1-1,0,151876,150041,1835,324,1.0,574,60.0,smartphone,0.0,postdoctoral,0.0,Spanish,0.0,0.0,N,9.6,129.5645857, Iker Casillas,4,5433.593262,Lamont Elementary,4,1,7,10,0,2
5507df65-d963-43c6-9e0d-a8c375c02b6c,2-1,1,49942,46392,3550,145,0.6666666667,574,60.0,smartphone,0.0,postdoctoral,0.0,Spanish,0.0,0.0,N,8.337,187.5323332,Danny Guthrie,2,5725.563477,Westmorland Union Elementary,1,7,7,10,0,1
5507df65-d963-43c6-9e0d-a8c375c02b6c,2-2,0,68764,67310,1454,166,1.0,574,60.0,smartphone,0.0,postdoctoral,0.0,Spanish,0.0,0.0,N,7.638,147.9720695, Fernando Torres,3,4542.10498,Pleasant View Elementary,2,3,3,5,0,1
5507df65-d963-43c6-9e0d-a8c375c02b6c,3-2,1,62057,60856,1201,120,0.3333333333,574,60.0,smartphone,0.0,postdoctoral,0.0,Spanish,0.0,0.0,N,10.697,118.312081,Sotirios Kyrgiakos,4,5107.086426,Wasco Union Elementary,1,1,3,5,0,5
5507df65-d963-43c6-9e0d-a8c375c02b6c,1-2,1,137800,133773,4027,383,1.0,574,60.0,smartphone,0.0,postdoctoral,0.0,Spanish,0.0,0.0,N,10.485,171.7835438, Pedro,1,4659.661621,Alta Vista Elementary,4,1,7,10,0,6
55b18dd9-dcd2-4440-a56b-8443f3fb1c43,2-1,0,39190,36521,2669,145,0.3333333333,1438,17.0,,,,0.0,,1.0,,,8.337,238.2191068,Francis Coquelin,2,4555.464355,Livingston Union Elementary,3,1,4,6,0,5
55b18dd9-dcd2-4440-a56b-8443f3fb1c43,3-1,1,26786,25768,1018,106,1.0,1438,17.0,,,,0.0,,1.0,,,11.081,246.8177585,Richard Dunne,3,5415.152832,Woodlake Union Elementary,2,1,7,10,0,1
55b18dd9-dcd2-4440-a56b-8443f3fb1c43,1-1,0,74295,68747,5548,324,0.6666666667,1438,17.0,,,,0.0,,1.0,,,9.6,282.7759757,Emre Belözoğlu,2,4997.871582,Alisal Union Elementary,2,1,7,10,0,5
55b18dd9-dcd2-4440-a56b-8443f3fb1c43,3-2,0,29176,24897,4279,120,0.6666666667,1438,17.0,,,,0.0,,1.0,,,10.697,289.1914689,Alexander Madlung,2,5223.912109,Arvin Union Elementary,4,1,7,10,0,1
55b18dd9-dcd2-4440-a56b-8443f3fb1c43,2-2,1,31761,31142,619,166,1.0,1438,17.0,,,,0.0,,1.0,,,7.638,319.8253163, Muniain,2,5139.164551,Terra Bella Union Elementary,3,12,7,10,0,5
55b18dd9-dcd2-4440-a56b-8443f3fb1c43,1-2,1,82149,78819,3330,383,1.0,1438,17.0,,,,0.0,,1.0,,,10.485,291.5540669, Miranda,4,4614.251953,Tipton Elementary,3,3,7,10,0,4
55ceb008-47a1-41ef-82f8-5527e474f4bb,2-2,1,40815,29161,11654,166,1.0,1150,60.0,laptop,0.0,graduate school,1.0,English,0.0,0.0,Y,7.638,341.552073,Emiliano Armenteros,3,5342.233398,San Ysidro Elementary,2,5,9,13,0,4
55ceb008-47a1-41ef-82f8-5527e474f4bb,1-1,1,84153,66877,17276,324,1.0,1150,60.0,laptop,0.0,graduate school,1.0,English,0.0,0.0,Y,9.6,290.6828955,Fabio Borini,4,5347.458496,Soledad Unified,1,1,9,13,0,6
55ceb008-47a1-41ef-82f8-5527e474f4bb,3-1,1,38259,29854,8405,106,1.0,1150,60.0,laptop,0.0,graduate school,1.0,English,0.0,0.0,Y,11.081,213.036779,Fabrice Abriel,3,5036.458984,Mountain View Elementary,4,12,4,6,0,5
55ceb008-47a1-41ef-82f8-5527e474f4bb,1-2,0,83479,53458,30021,383,1.0,1150,60.0,laptop,0.0,graduate school,1.0,English,0.0,0.0,Y,10.485,429.8701785,Javier Hernández,2,5117.141602,King City Union Elementary,1,9,7,10,0,6
55ceb008-47a1-41ef-82f8-5527e474f4bb,3-2,0,76233,65206,11027,120,1.0,1150,60.0,laptop,0.0,graduate school,1.0,English,0.0,0.0,Y,10.697,110.4192866,Sam Mantom,2,5117.039551,Ontario-Montclair Elementary,4,2,3,5,1,6
55ceb008-47a1-41ef-82f8-5527e474f4bb,2-1,0,45386,41949,3437,145,1.0,1150,60.0,laptop,0.0,graduate school,1.0,English,0.0,0.0,Y,8.337,207.3946936,Serdar Taşçı,4,5272.191895,Los Nietos Elementary,4,1,3,5,0,5
58489ac6-e6ac-479a-a4bd-f2c8e6575a10,3-1,0,15739,14416,1323,106,0.6666666667,1438,18.0,laptop,0.0,high school,0.0,English,0.0,0.0,Y,11.081,441.1764706,Mitchell Langerak,2,5225.719238,Winton Elementary,1,2,3,5,0,5
58489ac6-e6ac-479a-a4bd-f2c8e6575a10,1-1,0,49754,44153,5601,324,0.6666666667,1438,18.0,laptop,0.0,high school,0.0,English,0.0,0.0,Y,9.6,440.2871832,Michael Dawson,5,6516.533203,Raisin City Elementary,3,2,7,10,0,6
58489ac6-e6ac-479a-a4bd-f2c8e6575a10,2-1,1,22893,22424,469,145,0.6666666667,1438,18.0,laptop,0.0,high school,0.0,English,0.0,0.0,Y,8.337,387.9771673,Marc Ziegler,2,4559.176758,Ravenswood City Elementary,2,2,4,6,0,5
58489ac6-e6ac-479a-a4bd-f2c8e6575a10,3-2,1,25577,24292,1285,120,1.0,1438,18.0,laptop,0.0,high school,0.0,English,0.0,0.0,Y,10.697,296.3938745,Landry N'Guémo,4,5119.158203,Richland-Lerdo Union Elementary,4,1,3,5,0,6
58489ac6-e6ac-479a-a4bd-f2c8e6575a10,2-2,0,18682,17271,1411,166,0.3333333333,1438,18.0,laptop,0.0,high school,0.0,English,0.0,0.0,Y,7.638,576.6892479,Fernando Gago,1,5338.185547,Oxnard Elementary,3,1,3,5,0,5
58489ac6-e6ac-479a-a4bd-f2c8e6575a10,1-2,1,45219,41113,4106,383,1.0,1438,18.0,laptop,0.0,high school,0.0,English,0.0,0.0,Y,10.485,558.9472916,Lewis Holtby,4,5090.044922,El Nido Elementary,1,1,7,10,0,6
591c5b25-b236-46fc-9796-d2e943430115,2-1,0,37293,30652,6641,145,1.0,880,40.0,smartphone,0.0,college,1.0,English,0.0,0.0,Y,8.337,283.8313976, Luiz Gustavo,4,5485.496094,Fairfax Elementary,4,1,9,13,0,1
591c5b25-b236-46fc-9796-d2e943430115,2-2,1,50588,45856,4732,166,0.6666666667,880,40.0,smartphone,0.0,college,1.0,English,0.0,0.0,Y,7.638,217.2016748,Matthew Briggs,4,4793.370117,Delano Union Elementary,4,1,4,6,0,5
591c5b25-b236-46fc-9796-d2e943430115,1-2,1,80307,57003,23304,383,0.6666666667,880,40.0,smartphone,0.0,college,1.0,English,0.0,0.0,Y,10.485,403.136677,Robert Huth,3,5092.91748,Perris Elementary,2,2,7,10,0,1
591c5b25-b236-46fc-9796-d2e943430115,3-1,1,29002,20975,8027,106,1.0,880,40.0,smartphone,0.0,college,1.0,English,0.0,0.0,Y,11.081,303.2181168,Bryan Rabello,3,4359.520996,Valle Lindo Elementary,4,2,3,5,0,1
591c5b25-b236-46fc-9796-d2e943430115,1-1,0,69819,55778,14041,324,0.6666666667,880,40.0,smartphone,0.0,college,1.0,English,0.0,0.0,Y,9.6,348.5245079,Anthony Lippini,3,5645.495605,Alum Rock Union Elementary,4,1,3,5,0,4
591c5b25-b236-46fc-9796-d2e943430115,3-2,0,45150,39884,5266,120,1.0,880,40.0,smartphone,0.0,college,1.0,English,0.0,0.0,Y,10.697,180.5235182,Franck Ohandza,3,4518.016113,Edison Elementary,3,1,4,6,0,3
5940aa1c-da60-4873-b97f-e4d89f2d1a85,3-2,0,118190,100572,17618,120,0.6666666667,1281,19.0,laptop,0.0,college,1.0,English,0.0,0.0,Y,10.697,71.59050233, Raúl García,3,5864.366211,Bakersfield City Elementary,2,3,3,5,0,4
5940aa1c-da60-4873-b97f-e4d89f2d1a85,1-2,0,63969,47852,16117,383,1.0,1281,19.0,laptop,0.0,college,1.0,English,0.0,0.0,Y,10.485,480.2307114,Christian Träsch,3,5257.996582,Franklin-McKinley Elementary,2,1,7,10,0,1
5940aa1c-da60-4873-b97f-e4d89f2d1a85,2-1,1,26201,19767,6434,145,1.0,1281,19.0,laptop,0.0,college,1.0,English,0.0,0.0,Y,8.337,440.1274852, Markel Bergara,2,5016.692383,Hawthorne Elementary,4,4,3,5,0,5
5940aa1c-da60-4873-b97f-e4d89f2d1a85,2-2,0,50817,47377,3440,166,1.0,1281,19.0,laptop,0.0,college,1.0,English,0.0,0.0,Y,7.638,210.2285919, Alberto Botía,3,4720.086426,Chowchilla Elementary,2,6,9,13,0,4
5940aa1c-da60-4873-b97f-e4d89f2d1a85,1-1,1,47299,37898,9401,324,0.6666666667,1281,19.0,laptop,0.0,college,1.0,English,0.0,0.0,Y,9.6,512.9558288, Ansotegi,2,5470.5625,Salinas City Elementary,3,2,3,5,0,5
5940aa1c-da60-4873-b97f-e4d89f2d1a85,3-1,1,32301,31244,1057,106,0.6666666667,1281,19.0,laptop,0.0,college,1.0,English,0.0,0.0,Y,11.081,203.5590833,Samuel Bouhours,5,5615.441895,Santa Maria-Bonita Elementary,3,2,7,10,0,5
5a403d6b-705d-4c75-aaea-443b79099f45,3-1,0,27692,7176,20516,106,1.0,1294,40.0,laptop,0.0,graduate school,1.0,English,0.0,0.0,Y,11.081,886.2876254, Rubén Pardo,4,5245.439941,Whittier City Elementary,1,5,7,10,0,5
5a403d6b-705d-4c75-aaea-443b79099f45,1-2,1,41312,6272,35040,383,1.0,1294,40.0,laptop,0.0,graduate school,1.0,English,0.0,0.0,Y,10.485,3663.903061,Jon Walters,4,4838.175293,Eastside Union Elementary,2,1,4,6,0,1
5a403d6b-705d-4c75-aaea-443b79099f45,2-2,0,33587,17594,15993,166,1.0,1294,40.0,laptop,0.0,graduate school,1.0,English,0.0,0.0,Y,7.638,566.1020803, Nenê,2,5367.988281,Lawndale Elementary,4,3,9,13,0,5
5a403d6b-705d-4c75-aaea-443b79099f45,1-1,0,48418,15457,32961,324,0.6666666667,1294,40.0,laptop,0.0,graduate school,1.0,English,0.0,0.0,Y,9.6,1257.682603,Max Gradel,4,5526.236816,Robla Elementary,3,2,7,10,0,5
5a403d6b-705d-4c75-aaea-443b79099f45,3-2,1,29925,9746,20179,120,1.0,1294,40.0,laptop,0.0,graduate school,1.0,English,0.0,0.0,Y,10.697,738.7646214,Joe Allen,2,4353.019531,Santa Rita Union Elementary,3,3,4,6,0,5
5a403d6b-705d-4c75-aaea-443b79099f45,2-1,1,23107,12656,10451,145,0.3333333333,1294,40.0,laptop,0.0,graduate school,1.0,English,0.0,0.0,Y,8.337,687.4209861,Luka Modrić,4,5034.290039,Rio Elementary,2,3,7,10,0,5
5a48e48b-30ca-48ad-a397-3ecf853bb5c9,1-2,1,138056,118786,19270,383,0.6666666667,1419,26.0,laptop,1.0,graduate school,1.0,English,0.0,1.0,Y,10.485,193.4571414, Trashorras,5,4692.493652,Strathmore Union Elementary,1,5,3,5,0,7
5a48e48b-30ca-48ad-a397-3ecf853bb5c9,3-1,0,86335,58208,28127,106,1.0,1419,26.0,laptop,1.0,graduate school,1.0,English,0.0,1.0,Y,11.081,109.2633315,Ryan Shotton,2,5606.781738,North Sacramento Elementary,2,1,4,6,0,4
5a48e48b-30ca-48ad-a397-3ecf853bb5c9,2-1,1,59309,51358,7951,145,1.0,1419,26.0,laptop,1.0,graduate school,1.0,English,0.0,1.0,Y,8.337,169.3991199, José Enrique,2,4969.180664,Anaheim Elementary,1,2,4,6,0,5
5a48e48b-30ca-48ad-a397-3ecf853bb5c9,3-2,1,75563,65448,10115,120,1.0,1419,26.0,laptop,1.0,graduate school,1.0,English,0.0,1.0,Y,10.697,110.0110011,Jonas Hofmann,2,4675.674805,Lemoore Union Elementary,2,1,3,5,0,6
5a48e48b-30ca-48ad-a397-3ecf853bb5c9,1-1,0,178685,154850,23835,324,1.0,1419,26.0,laptop,1.0,graduate school,1.0,English,0.0,1.0,Y,9.6,125.540846,David Hoilett,3,5306.132813,Armona Union Elementary,3,7,3,5,0,4
5a48e48b-30ca-48ad-a397-3ecf853bb5c9,2-2,0,80621,68307,12314,166,1.0,1419,26.0,laptop,1.0,graduate school,1.0,English,0.0,1.0,Y,7.638,145.8122886,Patrice Evra,4,5693.883301,Beardsley Elementary,1,1,3,5,0,3
5b4774fe-d450-46f1-bbcc-c33bfa496261,1-1,1,59758,45904,13854,324,0.3333333333,1294,24.0,laptop,0.0,college,0.0,English,0.0,0.0,Y,9.6,423.4925061,Mahamadou Diarra,2,5181.57959,South Whittier Elementary,2,1,3,5,0,5
5b4774fe-d450-46f1-bbcc-c33bfa496261,3-2,0,8156,8156,0,120,0.6666666667,1294,24.0,laptop,0.0,college,0.0,English,0.0,0.0,Y,10.697,882.7856793,Ragnar Klavan,4,5228.650879,Hanford Elementary,3,1,4,6,0,4
5b4774fe-d450-46f1-bbcc-c33bfa496261,2-1,1,32066,25921,6145,145,0.6666666667,1294,24.0,laptop,0.0,college,0.0,English,0.0,0.0,Y,8.337,335.6351993,Ziri Hammar,5,5339.391113,National Elementary,1,1,4,6,0,3
5b4774fe-d450-46f1-bbcc-c33bfa496261,1-2,0,32065,17610,14455,383,0.6666666667,1294,24.0,laptop,0.0,college,0.0,English,0.0,0.0,Y,10.485,1304.940375, Fran Miranda,4,6056.49707,Roseland Elementary,4,1,7,10,0,5
5b4774fe-d450-46f1-bbcc-c33bfa496261,2-2,0,3535,3114,421,166,0.6666666667,1294,24.0,laptop,0.0,college,0.0,English,0.0,0.0,Y,7.638,3198.458574,Javier Mascherano,3,4845.680176,Di Giorgio Elementary,3,15,7,10,0,4
5b4774fe-d450-46f1-bbcc-c33bfa496261,3-1,1,17397,12403,4994,106,0.6666666667,1294,24.0,laptop,0.0,college,0.0,English,0.0,0.0,Y,11.081,512.7791663, Jesús Rueda,2,4826.666016,Keppel Union Elementary,1,1,7,10,0,3
5b87a566-30eb-4ee6-abdd-aa5677afd103,2-1,0,23531,23531,0,145,0.3333333333,880,33.0,tablet,0.0,professional school,0.0,Standard_Hindi,0.0,0.0,N,8.337,369.7250436,Javier Pastore,4,5367.090332,Lakeside Union Elementary,3,1,7,10,0,1
5b87a566-30eb-4ee6-abdd-aa5677afd103,3-1,0,18762,18761,1,106,1.0,880,33.0,tablet,0.0,professional school,0.0,Standard_Hindi,0.0,0.0,N,11.081,339.0011193,Daniel Williams,5,5742.73291,Merced City Elementary,4,1,4,6,0,6
5b87a566-30eb-4ee6-abdd-aa5677afd103,1-2,1,56644,45758,10886,383,1.0,880,33.0,tablet,0.0,professional school,0.0,Standard_Hindi,0.0,0.0,N,10.485,502.2072643,Gabriel Torje,1,4136.250977,Guadalupe Union Elementary,4,5,3,5,0,4
5b87a566-30eb-4ee6-abdd-aa5677afd103,2-2,1,20049,20049,0,166,1.0,880,33.0,tablet,0.0,professional school,0.0,Standard_Hindi,0.0,0.0,N,7.638,496.7828819,James Collins,5,5267.831055,Cucamonga Elementary,1,1,3,5,0,1
5b87a566-30eb-4ee6-abdd-aa5677afd103,3-2,1,24455,24455,0,120,0.6666666667,880,33.0,tablet,0.0,professional school,0.0,Standard_Hindi,0.0,0.0,N,10.697,294.4183194,Ömer Toprak,4,5238.39209,Knightsen Elementary,4,1,7,10,0,5
5b87a566-30eb-4ee6-abdd-aa5677afd103,1-1,0,56387,47356,9031,324,0.3333333333,880,33.0,tablet,0.0,professional school,0.0,Standard_Hindi,0.0,0.0,N,9.6,410.5076442,Kalilou Traoré,2,5462.899414,Rio Dell Elementary,3,2,7,10,0,1
5ccdee25-cad2-481b-8033-c90162b98ec7,3-1,1,34204,32975,1229,106,1.0,1438,28.0,desktop,0.0,college,0.0,Other,0.0,0.0,N,11.081,192.8733889,Boaz Myhill,2,6313.373535,Montague Elementary,3,3,7,10,0,7
5ccdee25-cad2-481b-8033-c90162b98ec7,1-2,1,102696,98786,3910,383,0.6666666667,1438,28.0,desktop,0.0,college,0.0,Other,0.0,0.0,N,10.485,232.624056, Júlio César,2,6653.030762,McCloud Union Elementary,4,1,3,5,0,1
5ccdee25-cad2-481b-8033-c90162b98ec7,3-2,0,52940,50459,2481,120,1.0,1438,28.0,desktop,0.0,college,0.0,Other,0.0,0.0,N,10.697,142.6901048,Carl Jenkinson,4,5533.149414,Santa Paula Elementary,3,1,3,5,0,2
5ccdee25-cad2-481b-8033-c90162b98ec7,2-2,1,53245,51243,2002,166,1.0,1438,28.0,desktop,0.0,college,0.0,Other,0.0,0.0,N,7.638,194.3680112, Moisés,3,6118.710449,West Park Elementary,2,2,7,10,0,1
5ccdee25-cad2-481b-8033-c90162b98ec7,2-1,0,58258,57885,373,145,0.6666666667,1438,28.0,desktop,0.0,college,0.0,Other,0.0,0.0,N,8.337,150.2980047, Iker Casillas,2,5098.626953,Atwater Elementary,4,1,4,6,0,5
5ccdee25-cad2-481b-8033-c90162b98ec7,1-1,0,110469,108566,1903,324,1.0,1438,28.0,desktop,0.0,college,0.0,Other,0.0,0.0,N,9.6,179.0615847,Romain Danzé,4,5652.878906,Weaver Union Elementary,2,1,7,10,0,6
5d7b19c5-4d3a-4fc7-be3b-390f623433e0,3-2,0,48297,25186,23111,120,0.6666666667,1294,20.0,laptop,0.0,college,0.0,English,0.0,0.0,Y,10.697,285.8731041,David Abraham,4,5329.002441,Pacific Union Elementary,4,2,7,10,0,1
5d7b19c5-4d3a-4fc7-be3b-390f623433e0,1-2,1,44656,23114,21542,383,1.0,1294,20.0,laptop,0.0,college,0.0,English,0.0,0.0,Y,10.485,994.2026477,Daniel Agger,2,5929.809082,Lucerne Valley Unified,2,4,7,10,0,3
5d7b19c5-4d3a-4fc7-be3b-390f623433e0,2-1,1,20989,16899,4090,145,0.6666666667,1294,20.0,laptop,0.0,college,0.0,English,0.0,0.0,Y,8.337,514.8233623,Martin Amedick,1,4897.067871,Romoland Elementary,2,1,7,10,0,6
5d7b19c5-4d3a-4fc7-be3b-390f623433e0,2-2,0,17247,3004,14243,166,1.0,1294,20.0,laptop,0.0,college,0.0,English,0.0,0.0,Y,7.638,3315.579228,Samuel Bouhours,3,5100.202148,El Monte City Elementary,1,1,7,10,0,6
5d7b19c5-4d3a-4fc7-be3b-390f623433e0,1-1,0,44559,22226,22333,324,1.0,1294,20.0,laptop,0.0,college,0.0,English,0.0,0.0,Y,9.6,874.6513093, Pepe Reina,2,4825.722656,Greenfield Union Elementary,2,1,9,13,0,6
5d7b19c5-4d3a-4fc7-be3b-390f623433e0,3-1,1,19708,13420,6288,106,1.0,1294,20.0,laptop,0.0,college,0.0,English,0.0,0.0,Y,11.081,473.9195231,Philipp Lahm,5,4079.12915,Palo Verde Union Elementary,1,1,9,13,0,5
5d7f8090-1b2b-425d-acdf-31cf8ff2f527,3-1,0,18869,17657,1212,106,1.0,574,24.0,smartphone,0.0,college,0.0,English,0.0,0.0,Y,11.081,360.197089,Mevlüt Erdinç,4,5349.367676,Elverta Joint Elementary,3,1,4,6,0,5
5d7f8090-1b2b-425d-acdf-31cf8ff2f527,1-1,1,97702,93231,4471,324,0.6666666667,574,24.0,smartphone,0.0,college,0.0,English,0.0,0.0,Y,9.6,208.5143354,Yohan Cabaye,2,5869.38916,Lucerne Elementary,2,3,7,10,0,4
5d7f8090-1b2b-425d-acdf-31cf8ff2f527,2-1,0,32011,29790,2221,145,1.0,574,24.0,smartphone,0.0,college,0.0,English,0.0,0.0,Y,8.337,292.0443102,Abdoulaye Sané,4,6462.12793,Luther Burbank Elementary,2,2,3,5,0,1
5d7f8090-1b2b-425d-acdf-31cf8ff2f527,1-2,0,66795,59267,7528,383,1.0,574,24.0,smartphone,0.0,college,0.0,English,0.0,0.0,Y,10.485,387.7368519,Soufian Benyamina,4,6231.601563,Bangor Union Elementary,2,1,3,5,0,5
5d7f8090-1b2b-425d-acdf-31cf8ff2f527,3-2,1,40023,38046,1977,120,1.0,574,24.0,smartphone,0.0,college,0.0,English,0.0,0.0,Y,10.697,189.2445986,Cédric Barbosa,5,4993.867676,Bayshore Elementary,3,8,3,5,0,1
5d7f8090-1b2b-425d-acdf-31cf8ff2f527,2-2,1,43744,39911,3833,166,1.0,574,24.0,smartphone,0.0,college,0.0,English,0.0,0.0,Y,7.638,249.5552605,Russell Martin,3,4663.811035,Oak Valley Union Elementary,4,1,7,10,0,4
5d94e05b-6915-4406-9c52-0e12b11f5c0b,2-1,0,57714,55121,2593,145,1.0,1366,30.0,laptop,0.0,college,1.0,Indonesian,0.0,0.0,N,8.337,157.8345821,Milan Badelj,4,6107.106445,Wilsona Elementary,3,1,4,6,0,4
5d94e05b-6915-4406-9c52-0e12b11f5c0b,1-1,1,70292,65445,4847,324,1.0,1366,30.0,laptop,0.0,college,1.0,Indonesian,0.0,0.0,N,9.6,297.0433188, Paulo Ferreira,4,5324.228027,Brawley Elementary,3,1,3,5,0,5
5d94e05b-6915-4406-9c52-0e12b11f5c0b,1-2,0,73096,66971,6125,383,0.6666666667,1366,30.0,laptop,0.0,college,1.0,Indonesian,0.0,0.0,N,10.485,343.1335951,Yunus Malli,4,5221.460938,Meadows Union Elementary,4,1,3,5,0,1
5d94e05b-6915-4406-9c52-0e12b11f5c0b,3-1,0,37439,32915,4524,106,1.0,1366,30.0,laptop,0.0,college,1.0,Indonesian,0.0,0.0,N,11.081,193.2249734,Christian Gentner,3,5157.784668,Little Lake City Elementary,2,1,7,10,0,1
5d94e05b-6915-4406-9c52-0e12b11f5c0b,2-2,1,41965,37616,4349,166,0.6666666667,1366,30.0,laptop,0.0,college,1.0,Indonesian,0.0,0.0,N,7.638,264.7809443,Ashley Young,2,5131.119141,Pond Union Elementary,3,3,9,13,0,1
5d94e05b-6915-4406-9c52-0e12b11f5c0b,3-2,1,30099,27170,2929,120,0.6666666667,1366,30.0,laptop,0.0,college,1.0,Indonesian,0.0,0.0,N,10.697,264.9981597, Cesc Fàbregas,2,5279.354004,Taft City Elementary,1,1,4,6,0,6
5defc8cd-7312-4744-9ac0-ff39228637ed,3-1,1,24737,23947,790,106,1.0,1138,53.0,smartphone,0.0,graduate school,1.0,Czech,1.0,0.0,N,11.081,265.5865035,Carlos Zambrano,2,4704.043945,Brittan Elementary,1,1,7,10,0,1
5defc8cd-7312-4744-9ac0-ff39228637ed,1-1,0,64494,63429,1065,324,0.6666666667,1138,53.0,smartphone,0.0,graduate school,1.0,Czech,1.0,0.0,N,9.6,306.4844156,Giorgios Karagounis,2,6089.910645,Arena Union Elementary,1,4,3,5,0,4
5defc8cd-7312-4744-9ac0-ff39228637ed,2-1,0,38500,38185,315,145,0.3333333333,1138,53.0,smartphone,0.0,graduate school,1.0,Czech,1.0,0.0,N,8.337,227.8381563, Javi Fuego,2,5356.833496,Adelanto Elementary,2,4,3,5,0,1
5defc8cd-7312-4744-9ac0-ff39228637ed,3-2,0,40277,39895,382,120,1.0,1138,53.0,smartphone,0.0,graduate school,1.0,Czech,1.0,0.0,N,10.697,180.4737436, Romaric,4,5144.549316,Hollister School District,2,1,4,6,0,2
5defc8cd-7312-4744-9ac0-ff39228637ed,1-2,1,100386,96685,3701,383,0.6666666667,1138,53.0,smartphone,0.0,graduate school,1.0,Czech,1.0,0.0,N,10.485,237.6790609,Mamadou Sakho,4,4906.22998,Palmdale Elementary,1,9,3,5,0,6
5defc8cd-7312-4744-9ac0-ff39228637ed,2-2,1,42028,40338,1690,166,1.0,1138,53.0,smartphone,0.0,graduate school,1.0,Czech,1.0,0.0,N,7.638,246.9135802,Koen Casteels,4,5489.588867,Oroville City Elementary,3,1,7,10,0,6
5e3b5968-8333-4c18-987b-b413b916f904,1-2,0,86077,81670,4407,383,0.6666666667,1438,21.0,desktop,1.0,college,0.0,English,0.0,1.0,Y,10.485,281.3762704,Manuel Iturra,3,5718.55127,Standard Elementary,4,1,3,5,0,6
5e3b5968-8333-4c18-987b-b413b916f904,2-1,0,38100,37333,767,145,0.3333333333,1438,21.0,desktop,1.0,college,0.0,English,0.0,1.0,Y,8.337,233.037795,Thomas Vermaelen,4,4436.152832,Briggs Elementary,2,1,9,13,0,1
5e3b5968-8333-4c18-987b-b413b916f904,3-2,0,43566,41294,2272,120,1.0,1438,21.0,desktop,1.0,college,0.0,English,0.0,1.0,Y,10.697,174.3594711,Yann M'Vila,5,4895.439453,Monroe Elementary,2,1,3,5,0,5
5e3b5968-8333-4c18-987b-b413b916f904,3-1,1,26624,26288,336,106,0.3333333333,1438,21.0,desktop,1.0,college,0.0,English,0.0,1.0,Y,11.081,241.9354839,Radoslav Zabavník,2,5159.21875,Lancaster Elementary,2,3,7,10,0,5
5e3b5968-8333-4c18-987b-b413b916f904,1-1,1,69367,65824,3543,324,0.3333333333,1438,21.0,desktop,1.0,college,0.0,English,0.0,1.0,Y,9.6,295.3330092,Nicolas Fauvergue,3,5490.654785,Alview-Dairyland Union Elementary,1,5,7,10,0,5
5e3b5968-8333-4c18-987b-b413b916f904,2-2,1,33874,32636,1238,166,1.0,1438,21.0,desktop,1.0,college,0.0,English,0.0,1.0,Y,7.638,305.1844589, Granero,5,5172.019531,Magnolia Elementary,2,5,4,6,0,4
5fc65dc4-1722-4f54-bd65-720c734f2d00,1-1,1,95335,81437,13898,324,1.0,1150,28.0,laptop,0.0,graduate school,1.0,Russian,0.0,0.0,N,9.6,238.7121333, José Callejón,4,4441.672852,Liberty Elementary,4,2,9,13,0,1
5fc65dc4-1722-4f54-bd65-720c734f2d00,3-1,0,33104,30722,2382,106,1.0,1150,28.0,laptop,0.0,graduate school,1.0,Russian,0.0,0.0,N,11.081,207.0177723,Fabian Giefer,4,5220.370117,Mt. Pleasant Elementary,3,2,7,10,1,1
5fc65dc4-1722-4f54-bd65-720c734f2d00,2-2,1,45848,42772,3076,166,1.0,1150,28.0,laptop,0.0,graduate school,1.0,Russian,0.0,0.0,N,7.638,232.8626204,Johan Martial,2,5252.810547,El Centro Elementary,4,2,4,6,0,5
5fc65dc4-1722-4f54-bd65-720c734f2d00,3-2,1,50197,45656,4541,120,1.0,1150,28.0,laptop,0.0,graduate school,1.0,Russian,0.0,0.0,N,10.697,157.7010689,Ciprian Marica,3,5518.702148,South Bay Union Elementary,4,2,7,10,0,5
5fc65dc4-1722-4f54-bd65-720c734f2d00,1-2,0,101909,81214,20695,383,0.6666666667,1150,28.0,laptop,0.0,graduate school,1.0,Russian,0.0,0.0,N,10.485,282.9561406,Stefan Babović,2,5609.487793,Cascade Union Elementary,1,1,3,5,0,5
5fc65dc4-1722-4f54-bd65-720c734f2d00,2-1,0,35247,31877,3370,145,0.3333333333,1150,28.0,laptop,0.0,graduate school,1.0,Russian,0.0,0.0,N,8.337,272.9240518,John Terry,4,4945.031738,Kings River Union Elementary,1,6,4,6,0,6
606ec9ab-33fe-4f7e-9330-c0c5d30928c1,1-2,1,93816,71200,22616,383,1.0,1438,37.0,laptop,0.0,professional school,1.0,Standard_Hindi,0.0,0.0,N,10.485,322.752809,Adam Hloušek,3,5223.025391,Gerber Union Elementary,1,2,4,6,0,6
606ec9ab-33fe-4f7e-9330-c0c5d30928c1,3-1,0,24874,22397,2477,106,1.0,1438,37.0,laptop,0.0,professional school,1.0,Standard_Hindi,0.0,0.0,N,11.081,283.9666027,Nick Powell,3,4757.025391,Exeter Union Elementary,1,1,3,5,0,6
606ec9ab-33fe-4f7e-9330-c0c5d30928c1,1-1,0,89610,85793,3817,324,1.0,1438,37.0,laptop,0.0,professional school,1.0,Standard_Hindi,0.0,0.0,N,9.6,226.5919131, Pedrinho,5,5522.161621,American Union Elementary,1,1,3,5,0,4
606ec9ab-33fe-4f7e-9330-c0c5d30928c1,2-1,0,36243,35932,311,145,1.0,1438,37.0,laptop,0.0,professional school,1.0,Standard_Hindi,0.0,0.0,N,8.337,242.124012,Luis Suárez,5,6087.608887,San Antonio Union Elementary,2,5,3,5,0,1
606ec9ab-33fe-4f7e-9330-c0c5d30928c1,3-2,1,35564,29364,6200,120,1.0,1438,37.0,laptop,0.0,professional school,1.0,Standard_Hindi,0.0,0.0,N,10.697,245.1982019,Simon Jentzsch,3,4960.515625,Burton Elementary,4,2,3,5,0,1
606ec9ab-33fe-4f7e-9330-c0c5d30928c1,2-2,1,38578,35017,3561,166,1.0,1438,37.0,laptop,0.0,professional school,1.0,Standard_Hindi,0.0,0.0,N,7.638,284.4332753,Jonathan Mensah,4,4880.040527,Nuview Union Elementary,2,1,4,6,0,5
60fc017d-b4ee-423c-9d56-6c2a06a3697a,3-2,1,21667,20336,1331,120,1.0,1294,27.0,desktop,0.0,college,0.0,English,0.0,0.0,Y,10.697,354.0519276,Hrvoje Čale,3,6538.417969,Bellevue Union Elementary,4,5,4,6,0,6
60fc017d-b4ee-423c-9d56-6c2a06a3697a,2-2,1,31128,28424,2704,166,1.0,1294,27.0,desktop,0.0,college,0.0,English,0.0,0.0,Y,7.638,350.4081058,Andreas Ivanschitz,4,4925.659668,Garvey Elementary,3,4,7,10,0,1
60fc017d-b4ee-423c-9d56-6c2a06a3697a,1-1,0,56716,52920,3796,324,0.6666666667,1294,27.0,desktop,0.0,college,0.0,English,0.0,0.0,Y,9.6,367.3469388,Yaya Banana,4,5204.6875,Corning Union Elementary,4,1,7,10,0,1
60fc017d-b4ee-423c-9d56-6c2a06a3697a,2-1,0,26004,25159,845,145,1.0,1294,27.0,desktop,0.0,college,0.0,English,0.0,0.0,Y,8.337,345.8007075, Helder,1,4907.410645,Jefferson Elementary,4,1,7,10,0,1
60fc017d-b4ee-423c-9d56-6c2a06a3697a,3-1,0,18589,15803,2786,106,1.0,1294,27.0,desktop,0.0,college,0.0,English,0.0,0.0,Y,11.081,402.45523,Julian Riedel,3,5923.45166,Big Springs Union Elementary,4,1,7,10,0,1
60fc017d-b4ee-423c-9d56-6c2a06a3697a,1-2,1,60024,54931,5093,383,1.0,1294,27.0,desktop,0.0,college,0.0,English,0.0,0.0,Y,10.485,418.3430121,Jean-Pascal Mignot,4,4741.957031,General Shafter Elementary,3,6,4,6,0,3
6111a8de-8e09-451b-b8a9-ff41d2c985e8,1-1,0,54606,48927,5679,324,0.6666666667,1294,22.0,laptop,0.0,college,0.0,English,0.0,0.0,Y,9.6,397.3266295, Juan Carlos,5,4954.019531,Turlock Joint Elementary,2,3,3,5,0,5
6111a8de-8e09-451b-b8a9-ff41d2c985e8,2-2,0,31306,24329,6977,166,1.0,1294,22.0,laptop,0.0,college,0.0,English,0.0,0.0,Y,7.638,409.3879732, Bruno Gama,2,5500.10791,Twain Harte-Long Barn Union Elementary,1,4,3,5,0,5
6111a8de-8e09-451b-b8a9-ff41d2c985e8,2-1,1,37636,35652,1984,145,1.0,1294,22.0,laptop,0.0,college,0.0,English,0.0,0.0,Y,8.337,244.0255806,Benjamin Köhler,4,5360.51709,Redwood City Elementary,2,16,7,10,0,1
6111a8de-8e09-451b-b8a9-ff41d2c985e8,3-2,1,33462,31749,1713,120,1.0,1294,22.0,laptop,0.0,college,0.0,English,0.0,0.0,Y,10.697,226.7787962,Olivier Occéan,4,5685.63916,Camino Union Elementary,2,1,7,10,0,5
6111a8de-8e09-451b-b8a9-ff41d2c985e8,3-1,0,24250,17835,6415,106,1.0,1294,22.0,laptop,0.0,college,0.0,English,0.0,0.0,Y,11.081,356.6021867,Aleksandar Stevanović,4,5594.196289,Plainsburg Union Elementary,3,1,7,10,0,5
6111a8de-8e09-451b-b8a9-ff41d2c985e8,1-2,1,64593,41971,22622,383,0.6666666667,1294,22.0,laptop,0.0,college,0.0,English,0.0,0.0,Y,10.485,547.5209073,Salvatore Sirigu,3,4692.566895,Banta Elementary,1,9,3,5,0,1
61746fb4-9306-40b6-aeb3-31222f13e4bd,2-2,0,37103,32709,4394,166,1.0,1212,21.0,laptop,1.0,high school,0.0,English,0.0,1.0,Y,7.638,304.5033477, Eliseu,3,5085.40625,Washington Colony Elementary,3,1,3,5,0,5
61746fb4-9306-40b6-aeb3-31222f13e4bd,3-2,1,38376,35393,2983,120,1.0,1212,21.0,laptop,1.0,high school,0.0,English,0.0,1.0,Y,10.697,203.4300568,Philipp Lahm,3,5456.197266,Rio Linda Union Elementary,2,2,7,10,0,1
61746fb4-9306-40b6-aeb3-31222f13e4bd,1-2,0,40843,37393,3450,383,0.6666666667,1212,21.0,laptop,1.0,high school,0.0,English,0.0,1.0,Y,10.485,614.5535261,Christian Günter,2,5105.179688,Chatom Union Elementary,1,1,4,6,0,5
61746fb4-9306-40b6-aeb3-31222f13e4bd,2-1,1,39294,35982,3312,145,0.6666666667,1212,21.0,laptop,1.0,high school,0.0,English,0.0,1.0,Y,8.337,241.7875604,Florent Ghisolfi,1,5519.677246,Merced River Union Elementary,4,3,7,10,0,5
61746fb4-9306-40b6-aeb3-31222f13e4bd,3-1,0,23184,17033,6151,106,1.0,1212,21.0,laptop,1.0,high school,0.0,English,0.0,1.0,Y,11.081,373.3928257,Andy Johnson,4,5065.911133,Hueneme Elementary,3,1,7,10,0,5
61746fb4-9306-40b6-aeb3-31222f13e4bd,1-1,1,70089,62086,8003,324,0.6666666667,1212,21.0,laptop,1.0,high school,0.0,English,0.0,1.0,Y,9.6,313.1140676,Hugo Lloris,4,5182.428223,Cuddeback Union Elementary,2,4,7,10,1,6
618f8406-daaa-433d-aedb-3a72a9f3a947,2-2,0,26793,25114,1679,166,1.0,1423,25.0,desktop,0.0,college,0.0,English,0.0,0.0,Y,7.638,396.5915426,Kelvin Davis,4,5960.464355,Blue Lake Union Elementary,2,1,7,10,0,6
618f8406-daaa-433d-aedb-3a72a9f3a947,3-1,1,18543,17910,633,106,1.0,1423,25.0,desktop,0.0,college,0.0,English,0.0,0.0,Y,11.081,355.1088777,Ji-Sung Park,2,5124.836426,Lemon Grove Elementary,1,1,7,10,0,1
618f8406-daaa-433d-aedb-3a72a9f3a947,1-1,0,38776,34857,3919,324,0.6666666667,1423,25.0,desktop,0.0,college,0.0,English,0.0,0.0,Y,9.6,557.7072037, David Villa,4,5655.133301,Upper Lake Union Elementary,2,2,9,13,0,4
618f8406-daaa-433d-aedb-3a72a9f3a947,1-2,1,44303,42628,1675,383,0.3333333333,1423,25.0,desktop,0.0,college,0.0,English,0.0,0.0,Y,10.485,539.0822933,Immanuel Höhn,2,5811.689941,Peninsula Union Elementary,1,1,9,13,0,5
618f8406-daaa-433d-aedb-3a72a9f3a947,3-2,0,23129,22218,911,120,1.0,1423,25.0,desktop,0.0,college,0.0,English,0.0,0.0,Y,10.697,324.0615717,Simon Pouplin,2,5467.673828,Ocean View Elementary,3,2,4,6,0,5
618f8406-daaa-433d-aedb-3a72a9f3a947,2-1,1,21340,20173,1167,145,0.6666666667,1423,25.0,desktop,0.0,college,0.0,English,0.0,0.0,Y,8.337,431.2695187,David Rozehnal,2,5213.089355,Reeds Creek Elementary,2,4,7,10,0,5
61d89609-6242-4f26-b2cf-8a9f538a757b,2-1,1,27269,20769,6500,145,0.6666666667,880,37.0,smartphone,0.0,graduate school,1.0,,0.0,0.0,,8.337,418.8935433, Adriano,3,4613.1875,Arcohe Union Elementary,2,2,3,5,0,6
61d89609-6242-4f26-b2cf-8a9f538a757b,3-2,1,23348,9736,13612,120,0.6666666667,880,37.0,smartphone,0.0,graduate school,1.0,,0.0,0.0,,10.697,739.5234182,Artjoms Rudņevs,5,4886.983887,New Jerusalem Elementary,4,1,3,5,0,4
61d89609-6242-4f26-b2cf-8a9f538a757b,1-1,0,70351,58312,12039,324,1.0,880,37.0,smartphone,0.0,graduate school,1.0,,0.0,0.0,,9.6,333.3790643, Bosingwa,4,6455.136719,Dunsmuir Elementary,2,1,3,5,0,4
61d89609-6242-4f26-b2cf-8a9f538a757b,2-2,0,37870,37103,767,166,1.0,880,37.0,smartphone,0.0,graduate school,1.0,,0.0,0.0,,7.638,268.441905,Salomon Kalou,3,5125.433105,Stanislaus Union Elementary,3,1,7,10,0,5
61d89609-6242-4f26-b2cf-8a9f538a757b,3-1,0,20952,10370,10582,106,1.0,880,37.0,smartphone,0.0,graduate school,1.0,,0.0,0.0,,11.081,613.3076181,Oguchi Onyewu,3,5193.692383,Kingsburg Joint Union Elementary,3,1,4,6,0,6
61d89609-6242-4f26-b2cf-8a9f538a757b,1-2,1,66854,40730,26124,383,1.0,880,37.0,smartphone,0.0,graduate school,1.0,,0.0,0.0,,10.485,564.20329,Sebastian Jung,2,5002.838867,Buena Park Elementary,2,1,3,5,0,1
621bf4fc-6499-4c5d-af7b-25ab04eeb70e,2-1,1,94537,89154,5383,145,0.3333333333,880,24.0,smartphone,0.0,college,1.0,English,0.0,0.0,Y,8.337,97.58395585, Cuéllar,5,5337.625488,Westminster Elementary,4,2,3,5,0,4
621bf4fc-6499-4c5d-af7b-25ab04eeb70e,1-1,0,156069,144783,11286,324,0.6666666667,880,24.0,smartphone,0.0,college,1.0,English,0.0,0.0,Y,9.6,134.2699074,Chris Gunter,1,5161.202148,Island Union Elementary,2,1,7,10,0,6
621bf4fc-6499-4c5d-af7b-25ab04eeb70e,3-2,0,76482,67621,8861,120,0.6666666667,880,24.0,smartphone,0.0,college,1.0,English,0.0,0.0,Y,10.697,106.4757989,Ron-Robert Zieler,1,5158.791992,Tulare City Elementary,3,6,9,13,0,4
621bf4fc-6499-4c5d-af7b-25ab04eeb70e,2-2,0,81063,23288,57775,166,1.0,880,24.0,smartphone,0.0,college,1.0,English,0.0,0.0,Y,7.638,427.6880797,Clément Chantôme,4,5123.474121,Chula Vista Elementary,2,1,4,6,0,1
621bf4fc-6499-4c5d-af7b-25ab04eeb70e,1-2,1,175682,155533,20149,383,1.0,880,24.0,smartphone,0.0,college,1.0,English,0.0,0.0,Y,10.485,147.7499952, Edu,2,5782.543945,Black Butte Union Elementary,1,3,7,10,0,5
621bf4fc-6499-4c5d-af7b-25ab04eeb70e,3-1,1,54921,36308,18613,106,1.0,880,24.0,smartphone,0.0,college,1.0,English,0.0,0.0,Y,11.081,175.1680071,Håvard Nordtveit,5,4842.60791,McSwain Union Elementary,1,1,3,5,0,2
638f2a54-a63f-43cb-bb8d-57d901598260,3-2,1,39833,29778,10055,120,1.0,1150,25.0,laptop,0.0,graduate school,2.0,English,0.0,0.0,Y,10.697,241.7892404,Jonas Hofmann,4,4219.40625,Franklin Elementary,1,1,3,5,0,1
638f2a54-a63f-43cb-bb8d-57d901598260,1-2,0,51407,33122,18285,383,1.0,1150,25.0,laptop,0.0,graduate school,2.0,English,0.0,0.0,Y,10.485,693.7986837, Aurtenetxe,5,5081.169922,Escondido Union Elementary,2,2,4,6,0,5
638f2a54-a63f-43cb-bb8d-57d901598260,2-2,0,33059,31003,2056,166,1.0,1150,25.0,laptop,0.0,graduate school,2.0,English,0.0,0.0,Y,7.638,321.259233,Gaël Angoula,2,5144.993652,East Whittier City Elementary,1,3,3,5,0,7
638f2a54-a63f-43cb-bb8d-57d901598260,3-1,0,31766,20861,10905,106,1.0,1150,25.0,laptop,0.0,graduate school,2.0,English,0.0,0.0,Y,11.081,304.8751258,Sebastian Kehl,4,4674.298828,Rio Bravo-Greeley Union Elementary,4,1,7,10,0,3
638f2a54-a63f-43cb-bb8d-57d901598260,1-1,1,74980,58864,16116,324,0.6666666667,1150,25.0,laptop,0.0,graduate school,2.0,English,0.0,0.0,Y,9.6,330.2527861,Alex Smith,4,4830.326172,Marcum-Illinois Union Elementary,3,1,3,5,0,5
638f2a54-a63f-43cb-bb8d-57d901598260,2-1,1,34193,28822,5371,145,0.6666666667,1150,25.0,laptop,0.0,graduate school,2.0,English,0.0,0.0,Y,8.337,301.8527514,Fabien Audard,2,5621.687988,Vallecitos Elementary,4,1,9,13,0,5
63bc2403-a08b-4c51-8b2c-01e6cbfd54d3,1-1,0,136422,121887,14535,324,1.0,1227,21.0,laptop,0.0,college,1.0,Chinese,0.0,0.0,N,9.6,159.4919885,Alexander Manninger,4,4948.868164,Victor Elementary,3,4,3,5,1,6
63bc2403-a08b-4c51-8b2c-01e6cbfd54d3,3-1,1,53391,49188,4203,106,1.0,1227,21.0,laptop,0.0,college,1.0,Chinese,0.0,0.0,N,11.081,129.2998292,Giovani Dos Santos,2,5100.975586,Savanna Elementary,1,10,7,10,1,5
63bc2403-a08b-4c51-8b2c-01e6cbfd54d3,2-1,0,57165,55707,1458,145,1.0,1227,21.0,laptop,0.0,college,1.0,Chinese,0.0,0.0,N,8.337,156.1742689,Mickaël Landreau,4,5132.788574,West Side Union Elementary,4,10,7,10,1,5
63bc2403-a08b-4c51-8b2c-01e6cbfd54d3,1-2,1,107043,99217,7826,383,1.0,1227,21.0,laptop,0.0,college,1.0,Chinese,0.0,0.0,N,10.485,231.613534,Frédéric Sammaritano,2,5358.51709,Enterprise Elementary,3,2,4,6,0,3
63bc2403-a08b-4c51-8b2c-01e6cbfd54d3,3-2,0,51425,44664,6761,120,1.0,1227,21.0,laptop,0.0,college,1.0,Chinese,0.0,0.0,N,10.697,161.2036539,Benedikt Höwedes,2,5149.186523,Red Bluff Union Elementary,3,4,9,13,0,6
63bc2403-a08b-4c51-8b2c-01e6cbfd54d3,2-2,1,60267,58157,2110,166,1.0,1227,21.0,laptop,0.0,college,1.0,Chinese,0.0,0.0,N,7.638,171.2605533,Zdravko Kuzmanović,4,5373.206543,Jamestown Elementary,3,4,7,10,0,4
63cdd570-1369-4f2b-9090-d5b6255c51d2,3-2,0,20796,16010,4786,120,1.0,574,17.0,smartphone,0.0,high school,1.0,English,0.0,0.0,Y,10.697,449.7189257,Zoumana Camara,4,6485.166016,Weed Union Elementary,1,1,4,6,0,6
63cdd570-1369-4f2b-9090-d5b6255c51d2,2-2,1,25238,21987,3251,166,1.0,574,17.0,smartphone,0.0,high school,1.0,English,0.0,0.0,Y,7.638,452.9949516, Pedro,3,5504.025391,South Bay Union Elementary,1,1,7,10,0,1
63cdd570-1369-4f2b-9090-d5b6255c51d2,1-1,0,41674,29483,12191,324,1.0,574,17.0,smartphone,0.0,high school,1.0,English,0.0,0.0,Y,9.6,659.3630228, Abdón Prats,2,5105.734375,Brentwood Union Elementary,4,1,3,5,0,1
63cdd570-1369-4f2b-9090-d5b6255c51d2,2-1,0,23281,18312,4969,145,1.0,574,17.0,smartphone,0.0,high school,1.0,English,0.0,0.0,Y,8.337,475.0982962, Peña,4,5634.730957,Summerville Elementary,3,8,4,6,0,6
63cdd570-1369-4f2b-9090-d5b6255c51d2,1-2,1,47692,32545,15147,383,1.0,574,17.0,smartphone,0.0,high school,1.0,English,0.0,0.0,Y,10.485,706.0992472, Galán,4,4980.294434,Ophir Elementary,2,2,4,6,0,4
63cdd570-1369-4f2b-9090-d5b6255c51d2,3-1,1,18199,13409,4790,106,1.0,574,17.0,smartphone,0.0,high school,1.0,English,0.0,0.0,Y,11.081,474.3083004, Odaïr Fortes,3,6113.859863,Montgomery Elementary,3,3,3,5,0,5
643a52f5-884d-44a3-8591-97c7af7f8357,1-1,0,167646,160356,7290,324,1.0,574,,smartphone,0.0,graduate school,1.0,,0.0,0.0,,9.6,121.2302627,Daniel Williams,4,5850.0,Santa Rosa Elementary,4,1,3,5,1,4
643a52f5-884d-44a3-8591-97c7af7f8357,2-1,1,63859,62020,1839,145,1.0,574,,smartphone,0.0,graduate school,1.0,,0.0,0.0,,8.337,140.2773299,Radoslav Zabavník,4,4547.944824,Salida Union Elementary,4,1,3,5,1,5
643a52f5-884d-44a3-8591-97c7af7f8357,3-1,1,48705,46403,2302,106,1.0,574,,smartphone,0.0,graduate school,1.0,,0.0,0.0,,11.081,137.0601039, Gayá,2,5011.840332,Shasta Union Elementary,2,1,3,5,1,1
643a52f5-884d-44a3-8591-97c7af7f8357,1-2,1,124214,117812,6402,383,0.6666666667,574,,smartphone,0.0,graduate school,1.0,,0.0,0.0,,10.485,195.0565307,Sebastian Kehl,2,5261.370605,Fortuna Union Elementary,2,1,4,6,0,5
643a52f5-884d-44a3-8591-97c7af7f8357,2-2,0,71412,69529,1883,166,0.6666666667,574,,smartphone,0.0,graduate school,1.0,,0.0,0.0,,7.638,143.2495793,Theo Walcott,5,4276.115234,Rockford  Elementary,3,1,4,6,1,1
643a52f5-884d-44a3-8591-97c7af7f8357,3-2,0,85601,83850,1751,120,0.6666666667,574,,smartphone,0.0,graduate school,1.0,,0.0,0.0,,10.697,85.86762075,Tom Huddlestone,2,4566.27002,Plaza Elementary,2,3,7,10,1,5
6487b006-6591-4302-b387-45b630b259e6,3-2,1,43698,31701,11997,120,1.0,880,39.0,smartphone,0.0,PhD,0.0,English,0.0,0.0,Y,10.697,227.1221728,Patrick Owomoyela,4,6049.495117,Monte Rio Union Elementary,4,2,7,10,1,5
6487b006-6591-4302-b387-45b630b259e6,1-2,0,70241,63951,6290,383,0.3333333333,880,39.0,smartphone,0.0,PhD,0.0,English,0.0,0.0,Y,10.485,359.3376179,Saber Khelifa,1,4974.28125,Janesville Union Elementary,2,4,7,10,0,3
6487b006-6591-4302-b387-45b630b259e6,3-1,0,27854,23991,3863,106,1.0,880,39.0,smartphone,0.0,PhD,0.0,English,0.0,0.0,Y,11.081,265.0994123,Stefan Thesker,4,4432.478027,Magnolia Union Elementary,1,1,7,10,0,1
6487b006-6591-4302-b387-45b630b259e6,2-2,0,41037,38321,2716,166,1.0,880,39.0,smartphone,0.0,PhD,0.0,English,0.0,0.0,Y,7.638,259.9097101,Craig Gardner,5,4924.619141,Shaffer Union Elementary,4,2,4,6,1,5
6487b006-6591-4302-b387-45b630b259e6,2-1,1,41044,32495,8549,145,0.6666666667,880,39.0,smartphone,0.0,PhD,0.0,English,0.0,0.0,Y,8.337,267.7334975,Andrés Túñez,4,4603.659668,Fullerton Elementary,1,3,3,5,0,5
6487b006-6591-4302-b387-45b630b259e6,1-1,1,81043,68055,12988,324,1.0,880,39.0,smartphone,0.0,PhD,0.0,English,0.0,0.0,Y,9.6,285.6513114,John Terry,2,5973.925293,Cinnabar Elementary,3,6,3,5,0,3
65856aa0-65ac-4bbe-835c-61ccafe631be,3-2,1,42208,39828,2380,120,1.0,1438,33.0,desktop,0.0,college,0.0,German,1.0,0.0,N,10.697,180.7773426,Javier Hernández,3,5215.943848,Santa Barbara Elementary,4,1,7,10,0,5
65856aa0-65ac-4bbe-835c-61ccafe631be,2-1,0,39777,38610,1167,145,0.6666666667,1438,33.0,desktop,0.0,college,0.0,German,1.0,0.0,N,8.337,225.3302253,Karim Haggui,4,4882.236816,Rohnerville Elementary,4,9,7,10,0,4
65856aa0-65ac-4bbe-835c-61ccafe631be,1-2,0,63945,62774,1171,383,1.0,1438,33.0,desktop,0.0,college,0.0,German,1.0,0.0,N,10.485,366.0751266, Mario,5,4145.835938,Pleasant Grove Joint Union Elementary,1,7,7,10,0,1
65856aa0-65ac-4bbe-835c-61ccafe631be,2-2,1,36427,34473,1954,166,1.0,1438,33.0,desktop,0.0,college,0.0,German,1.0,0.0,N,7.638,288.9217649,Jonas Hofmann,2,7542.038086,Mountain Union Elementary,2,1,3,5,0,1
65856aa0-65ac-4bbe-835c-61ccafe631be,1-1,1,88310,82074,6236,324,0.6666666667,1438,33.0,desktop,0.0,college,0.0,German,1.0,0.0,N,9.6,236.8594195,Kevin Olimpa,3,5247.018066,South Fork Union Elementary,2,1,3,5,0,1
65856aa0-65ac-4bbe-835c-61ccafe631be,3-1,0,23012,21460,1552,106,1.0,1438,33.0,desktop,0.0,college,0.0,German,1.0,0.0,N,11.081,296.3653308,Toni Kroos,2,5169.814941,Jamul-Dulzura Union Elementary,4,18,7,10,0,1
65ff8233-c35c-488c-a692-f140a8bc5f64,3-1,0,17334,12377,4957,106,1.0,1438,21.0,desktop,0.0,high school,0.0,English,0.0,0.0,Y,11.081,513.8563464, Camuñas,4,5951.005859,Live Oak Elementary,3,1,4,6,0,5
65ff8233-c35c-488c-a692-f140a8bc5f64,2-1,0,21559,20395,1164,145,0.3333333333,1438,21.0,desktop,0.0,high school,0.0,English,0.0,0.0,Y,8.337,426.575141,Masoud Shojaei,4,4746.572266,Menifee Union Elementary,4,11,7,10,0,3
65ff8233-c35c-488c-a692-f140a8bc5f64,2-2,1,24882,24191,691,166,1.0,1438,21.0,desktop,0.0,high school,0.0,English,0.0,0.0,Y,7.638,411.7233682,Ivica Olić,2,4944.092285,Lakeside Union Elementary,1,1,7,10,0,6
65ff8233-c35c-488c-a692-f140a8bc5f64,1-1,1,21597,18503,3094,324,0.3333333333,1438,21.0,desktop,0.0,high school,0.0,English,0.0,0.0,Y,9.6,1050.640437,Franck Tabanou,3,6306.487305,Whisman Elementary,4,1,7,10,0,3
65ff8233-c35c-488c-a692-f140a8bc5f64,1-2,0,22254,17676,4578,383,0.6666666667,1438,21.0,desktop,0.0,high school,0.0,English,0.0,0.0,Y,10.485,1300.067889,Thomas Kahlenberg,3,4260.306641,McCabe Union Elementary,3,1,7,10,0,3
65ff8233-c35c-488c-a692-f140a8bc5f64,3-2,1,45126,44495,631,120,0.6666666667,1438,21.0,desktop,0.0,high school,0.0,English,0.0,0.0,Y,10.697,161.8159344,Jordan Lotiés,3,4718.163086,Lammersville Elementary,4,2,7,10,0,1
692642eb-92da-4af7-b9c5-d9e588a1cbf1,2-1,0,50284,41837,8447,145,1.0,1212,25.0,laptop,0.0,college,0.0,English,0.0,0.0,Y,8.337,207.9499008,Jens Hegeler,2,4751.299805,Lassen View Union Elementary,4,1,9,13,0,4
692642eb-92da-4af7-b9c5-d9e588a1cbf1,3-2,1,34969,18171,16798,120,1.0,1212,25.0,laptop,0.0,college,0.0,English,0.0,0.0,Y,10.697,396.2357603, Adriano,4,5653.453613,Loleta Union Elementary,1,3,9,13,0,1
692642eb-92da-4af7-b9c5-d9e588a1cbf1,1-2,0,60028,28909,31119,383,1.0,1212,25.0,laptop,0.0,college,0.0,English,0.0,0.0,Y,10.485,794.9081601,Wojciech Szczęsny,4,5920.253418,Junction Elementary,2,1,4,6,0,5
692642eb-92da-4af7-b9c5-d9e588a1cbf1,1-1,1,71488,29347,42141,324,1.0,1212,25.0,laptop,0.0,college,0.0,English,0.0,0.0,Y,9.6,662.4186459, Ayoze,2,4825.59082,Rosemead Elementary,1,9,7,10,0,4
692642eb-92da-4af7-b9c5-d9e588a1cbf1,2-2,1,38546,15965,22581,166,1.0,1212,25.0,laptop,0.0,college,0.0,English,0.0,0.0,Y,7.638,623.864704,Gabriel Torje,4,5532.582031,Grass Valley Elementary,2,2,3,5,0,5
692642eb-92da-4af7-b9c5-d9e588a1cbf1,3-1,0,38360,9992,28368,106,1.0,1212,25.0,laptop,0.0,college,0.0,English,0.0,0.0,Y,11.081,636.5092074, Rincón,2,3926.06958,Buena Vista Elementary,2,1,3,5,0,6
6965965e-87b6-46cf-97e0-3b7960e277c1,1-1,0,105088,99242,5846,324,0.6666666667,1438,43.0,desktop,0.0,college,1.0,English,0.0,0.0,Y,9.6,195.8848068, Álvaro Negredo,3,5805.636719,Kernville Union Elementary,2,1,3,5,0,5
6965965e-87b6-46cf-97e0-3b7960e277c1,3-1,0,57829,46454,11375,106,1.0,1438,43.0,desktop,0.0,college,1.0,English,0.0,0.0,Y,11.081,136.909631,Augusto Fernández,2,4899.239746,Galt Joint Union Elementary,2,6,7,10,0,1
6965965e-87b6-46cf-97e0-3b7960e277c1,2-1,0,60001,54998,5003,145,0.6666666667,1438,43.0,desktop,0.0,college,1.0,English,0.0,0.0,Y,8.337,158.1875705, Bruno Gama,3,4884.862305,Southside Elementary,4,2,4,6,0,4
6965965e-87b6-46cf-97e0-3b7960e277c1,2-2,1,60151,57196,2955,166,1.0,1438,43.0,desktop,0.0,college,1.0,English,0.0,0.0,Y,7.638,174.1380516,Jason Puncheon,3,5139.9375,Lakeside Union Elementary,2,1,3,5,0,1
6965965e-87b6-46cf-97e0-3b7960e277c1,3-2,1,42957,41771,1186,120,1.0,1438,43.0,desktop,0.0,college,1.0,English,0.0,0.0,Y,10.697,172.3683896,Slobodan Rajković,5,5249.364746,Nuestro Elementary,3,1,3,5,0,6
6965965e-87b6-46cf-97e0-3b7960e277c1,1-2,1,83090,76759,6331,383,1.0,1438,43.0,desktop,0.0,college,1.0,English,0.0,0.0,Y,10.485,299.3785745,Damien Perquis,3,5399.070313,Alvina Elementary,1,1,7,10,1,5
69ca58fa-5eb3-4e00-8658-df2640b449f6,2-1,1,51864,49331,2533,145,1.0,1212,22.0,laptop,1.0,high school,1.0,English,0.0,1.0,Y,8.337,176.3596927,Lasse Sobiech,4,4965.290039,Oakley Union Elementary,1,2,9,13,0,5
69ca58fa-5eb3-4e00-8658-df2640b449f6,1-2,0,117065,103120,13945,383,1.0,1212,22.0,laptop,1.0,high school,1.0,English,0.0,1.0,Y,10.485,222.8471683,Héctor Moreno,2,6210.323242,Etna Union Elementary,1,1,4,6,0,1
69ca58fa-5eb3-4e00-8658-df2640b449f6,3-2,0,47995,45093,2902,120,1.0,1212,22.0,laptop,1.0,high school,1.0,English,0.0,1.0,Y,10.697,159.6700153,Alexis Sánchez,4,4797.503418,Jefferson Elementary,4,1,7,10,0,5
69ca58fa-5eb3-4e00-8658-df2640b449f6,1-1,1,126580,115555,11025,324,1.0,1212,22.0,laptop,1.0,high school,1.0,English,0.0,1.0,Y,9.6,168.231578,Christian Nørgaard,2,5397.161621,Berryessa Union Elementary,1,1,3,5,0,3
69ca58fa-5eb3-4e00-8658-df2640b449f6,3-1,1,49177,45061,4116,106,1.0,1212,22.0,laptop,1.0,high school,1.0,English,0.0,1.0,Y,11.081,141.1420075,Tomáš Pekhart,2,5078.5,Kit Carson Union Elementary,2,1,3,5,0,6
69ca58fa-5eb3-4e00-8658-df2640b449f6,2-2,0,57429,53912,3517,166,1.0,1212,22.0,laptop,1.0,high school,1.0,English,0.0,1.0,Y,7.638,184.7455112,Benoît Assou-Ekotto,4,4733.746582,Sylvan Union Elementary,2,2,4,6,0,3
6aa0c48e-1055-44d2-9d58-385715962733,1-2,0,276395,265870,10525,383,1.0,1428,19.0,laptop,2.0,college,0.0,English,0.0,1.0,Y,10.485,86.43321924,Jérémy Toulalan,4,4963.060059,Oak View Union Elementary,2,1,3,5,0,4
6aa0c48e-1055-44d2-9d58-385715962733,3-1,0,105299,98940,6359,106,1.0,1428,19.0,laptop,2.0,college,0.0,English,0.0,1.0,Y,11.081,64.28138266, Xavi,3,5431.177246,Auburn Union Elementary,4,3,7,10,0,1
6aa0c48e-1055-44d2-9d58-385715962733,2-1,0,145374,141871,3503,145,0.6666666667,1428,19.0,laptop,2.0,college,0.0,English,0.0,1.0,Y,8.337,61.32331484,Jean Makoun,5,5382.088867,North County Joint Union Elementary,4,9,3,5,1,4
6aa0c48e-1055-44d2-9d58-385715962733,1-1,1,204538,196665,7873,324,0.6666666667,1428,19.0,laptop,2.0,college,0.0,English,0.0,1.0,Y,9.6,98.84829532,Morgan Amalfitano,2,5724.441895,Pioneer Union Elementary,1,5,9,13,0,6
6aa0c48e-1055-44d2-9d58-385715962733,3-2,1,102564,97745,4819,120,1.0,1428,19.0,laptop,2.0,college,0.0,English,0.0,1.0,Y,10.697,73.66105683, Ballesteros,3,4843.427246,Central Elementary,1,1,3,5,0,1
6aa0c48e-1055-44d2-9d58-385715962733,2-2,1,123469,120268,3201,166,0.6666666667,1428,19.0,laptop,2.0,college,0.0,English,0.0,1.0,Y,7.638,82.8150464,Brett Holman,1,5730.349121,Pacheco Union Elementary,3,1,7,10,0,6
6b68642b-ac9e-40c0-90d9-91bd6ffd92a9,3-1,1,29156,28057,1099,106,1.0,1438,,,,,,,,,,11.081,226.6813986,Martin Amedick,2,5635.786133,Chicago Park Elementary,1,2,7,10,1,7
6b68642b-ac9e-40c0-90d9-91bd6ffd92a9,1-2,1,65636,62790,2846,383,1.0,1438,,,,,,,,,,10.485,365.9818442,Guillermo Ochoa,3,5671.657227,Brisbane Elementary,2,2,4,6,0,5
6b68642b-ac9e-40c0-90d9-91bd6ffd92a9,2-2,0,34060,33753,307,166,1.0,1438,,,,,,,,,,7.638,295.0848813,Ali Al Habsi,4,7070.633301,Central Union Elementary,3,3,9,13,0,5
6b68642b-ac9e-40c0-90d9-91bd6ffd92a9,2-1,1,36078,35372,706,145,1.0,1438,,,,,,,,,,8.337,245.9572543,Thierry Doubaï,5,5097.343262,Happy Valley Union Elementary,4,1,7,10,0,4
6b68642b-ac9e-40c0-90d9-91bd6ffd92a9,1-1,0,90272,87956,2316,324,1.0,1438,,,,,,,,,,9.6,221.0196007, Ángel,3,5482.677246,Mark Twain Union Elementary,4,6,4,6,0,5
6b68642b-ac9e-40c0-90d9-91bd6ffd92a9,3-2,0,30007,29492,515,120,1.0,1438,,,,,,,,,,10.697,244.1340024,Roy Contout,5,5642.832031,San Rafael City Elementary,3,1,7,10,0,1
6b74a260-9d07-49bc-9cfb-6fefbe9a718b,2-1,1,59759,57846,1913,145,1.0,1281,,,,,,,,,,8.337,150.3993362,Stephen Warnock,3,5280.023438,Cajon Valley Union Elementary,1,1,3,5,0,5
6b74a260-9d07-49bc-9cfb-6fefbe9a718b,1-2,0,261,261,0,383,0.6666666667,1281,,,,,,,,,,10.485,88045.97701,Edouard Butin,4,5433.339844,Campbell Union Elementary,2,3,4,6,0,6
6b74a260-9d07-49bc-9cfb-6fefbe9a718b,3-1,1,76455,64703,11752,106,1.0,1281,,,,,,,,,,11.081,98.2952877,Robert Lewandowski,4,4529.283691,Browns Elementary,3,1,4,6,0,5
6b74a260-9d07-49bc-9cfb-6fefbe9a718b,1-1,1,92989,82715,10274,324,0.6666666667,1281,,,,,,,,,,9.6,235.0238772,Cristian Săpunaru,4,6039.98584,Clear Creek Elementary,1,2,3,5,1,7
6b74a260-9d07-49bc-9cfb-6fefbe9a718b,2-2,0,42649,42481,168,166,0.6666666667,1281,,,,,,,,,,7.638,234.4577576,Yohan Cabaye,2,6168.229492,Trinidad Union Elementary,2,1,3,5,0,5
6b74a260-9d07-49bc-9cfb-6fefbe9a718b,3-2,0,152055,150251,1804,120,1.0,1281,,,,,,,,,,10.697,47.91981418,Mathieu Bodmer,4,5774.970215,Guerneville Elementary,4,1,3,5,0,6
6e1bdd21-d51f-4497-a684-654edc44a6c9,3-2,1,70327,69172,1155,120,1.0,1279,57.0,laptop,0.0,graduate school,0.0,French,0.0,0.0,N,10.697,104.0883595,Yoan Gouffran,3,4806.761719,San Bruno Park Elementary,4,5,3,5,0,1
6e1bdd21-d51f-4497-a684-654edc44a6c9,1-1,0,113590,111068,2522,324,1.0,1279,57.0,laptop,0.0,graduate school,0.0,French,0.0,0.0,N,9.6,175.0279108,Shaun Cummings,4,4840.936035,Antelope Elementary,2,1,4,6,0,1
6e1bdd21-d51f-4497-a684-654edc44a6c9,2-1,1,57224,55411,1813,145,1.0,1279,57.0,laptop,0.0,graduate school,0.0,French,0.0,0.0,N,8.337,157.0085362,Dong-Won Ji,2,4954.466309,Centralia Elementary,3,2,4,6,0,7
6e1bdd21-d51f-4497-a684-654edc44a6c9,1-2,1,124776,121261,3515,383,1.0,1279,57.0,laptop,0.0,graduate school,0.0,French,0.0,0.0,N,10.485,189.5085807, Movilla,5,4023.531738,Etiwanda Elementary,1,1,7,10,0,4
6e1bdd21-d51f-4497-a684-654edc44a6c9,2-2,0,1020358,1017655,2703,166,0.6666666667,1279,57.0,laptop,0.0,graduate school,0.0,French,0.0,0.0,N,7.638,9.787206863, Álvaro Rubio,4,5179.411133,Wiseburn Elementary,1,5,7,10,0,1
6e1bdd21-d51f-4497-a684-654edc44a6c9,3-1,0,45337,39755,5582,106,1.0,1279,57.0,laptop,0.0,graduate school,0.0,French,0.0,0.0,N,11.081,159.9798767, Miguel Flaño,2,4385.229492,Scotia Union Elementary,3,1,7,10,0,6
6fcb6412-d8d2-42f2-b80d-d820f1f57684,1-2,0,133575,49758,83817,383,0.6666666667,880,50.0,smartphone,2.0,graduate school,1.0,English,0.0,1.0,Y,10.485,461.8352828,Laurent Pionnier,2,4777.512695,Mountain View Elementary,4,1,7,10,0,6
6fcb6412-d8d2-42f2-b80d-d820f1f57684,1-1,1,114066,73514,40552,324,1.0,880,50.0,smartphone,2.0,graduate school,1.0,English,0.0,1.0,Y,9.6,264.4394265,John Utaka,1,4862.790527,Pleasant Valley Joint Union Elementary,1,1,4,6,0,5
6fcb6412-d8d2-42f2-b80d-d820f1f57684,2-1,1,80072,57635,22437,145,0.3333333333,880,50.0,smartphone,2.0,graduate school,1.0,English,0.0,1.0,Y,8.337,150.9499436, Llorente,2,5486.029785,Oak Grove Elementary,4,3,3,5,0,5
6fcb6412-d8d2-42f2-b80d-d820f1f57684,3-2,1,78898,62800,16098,120,1.0,880,50.0,smartphone,2.0,graduate school,1.0,English,0.0,1.0,Y,10.697,114.6496815,Brede Hangeland,2,5486.382324,Pollock Pines Elementary,3,1,3,5,0,6
6fcb6412-d8d2-42f2-b80d-d820f1f57684,2-2,0,70841,50716,20125,166,1.0,880,50.0,smartphone,2.0,graduate school,1.0,English,0.0,1.0,Y,7.638,196.3877277,Rickie Lambert,1,4631.243652,Castaic Union Elementary,3,6,7,10,0,1
6fcb6412-d8d2-42f2-b80d-d820f1f57684,3-1,0,75547,43717,31830,106,1.0,880,50.0,smartphone,2.0,graduate school,1.0,English,0.0,1.0,Y,11.081,145.4811629,Anthony Modeste,2,5189.62793,Bishop Union Elementary,2,6,7,10,0,6
6fd65cf5-962a-4227-b24b-b2ef6f590a96,1-1,1,59182,54434,4748,324,0.3333333333,1368,27.0,desktop,0.0,college,2.0,English,0.0,0.0,Y,9.6,357.1297351,Robert Tesche,3,4600.606445,Buellton Union Elementary,3,4,7,10,0,6
6fd65cf5-962a-4227-b24b-b2ef6f590a96,3-1,0,63507,52248,11259,106,1.0,1368,27.0,desktop,0.0,college,2.0,English,0.0,0.0,Y,11.081,121.7271475,Diego Lugano,3,6735.775391,Chawanakee Jt. Elementary,2,1,3,5,0,3
6fd65cf5-962a-4227-b24b-b2ef6f590a96,3-2,1,21335,19746,1589,120,0.6666666667,1368,27.0,desktop,0.0,college,2.0,English,0.0,0.0,Y,10.697,364.6308113,Korey Smith,1,5475.172852,Yreka Union Elementary,4,2,3,5,1,6
6fd65cf5-962a-4227-b24b-b2ef6f590a96,2-2,0,28927,25593,3334,166,1.0,1368,27.0,desktop,0.0,college,2.0,English,0.0,0.0,Y,7.638,389.1689134,Jamie Carragher,3,5990.794434,Alexander Valley Union Elementary,3,2,7,10,0,5
6fd65cf5-962a-4227-b24b-b2ef6f590a96,2-1,1,29070,27245,1825,145,0.3333333333,1368,27.0,desktop,0.0,college,2.0,English,0.0,0.0,Y,8.337,319.3246467, Ezequiel,4,7203.246582,Twin Ridges Elementary,4,1,4,6,0,6
6fd65cf5-962a-4227-b24b-b2ef6f590a96,1-2,0,49608,45135,4473,383,1.0,1368,27.0,desktop,0.0,college,2.0,English,0.0,0.0,Y,10.485,509.1392489,Michael Essien,4,4777.769043,Sundale Union Elementary,4,1,7,10,1,1
70d89d2f-00f4-4b1d-808e-ed50b71c3e5f,3-2,1,24989,18524,6465,120,1.0,1150,14.0,laptop,0.0,,1.0,English,1.0,0.0,Y,10.697,388.6849493,Steven Pienaar,3,4302.834961,Three Rivers Union Elementary,2,4,7,10,0,3
70d89d2f-00f4-4b1d-808e-ed50b71c3e5f,1-1,1,61069,49961,11108,324,1.0,1150,14.0,laptop,0.0,,1.0,English,1.0,0.0,Y,9.6,389.1035007,Oscar Wendt,4,5630.194824,Columbia Union Elementary,4,2,7,10,0,4
70d89d2f-00f4-4b1d-808e-ed50b71c3e5f,2-1,0,22697,21759,938,145,1.0,1150,14.0,laptop,0.0,,1.0,English,1.0,0.0,Y,8.337,399.8345512,Johan Djourou,3,4708.625,Westside Union Elementary,1,2,7,10,0,3
70d89d2f-00f4-4b1d-808e-ed50b71c3e5f,3-1,0,27641,22360,5281,106,0.3333333333,1150,14.0,laptop,0.0,,1.0,English,1.0,0.0,Y,11.081,284.4364937,Diego Benaglio,5,5629.961426,Ballico-Cressey Elementary,2,1,7,10,0,5
70d89d2f-00f4-4b1d-808e-ed50b71c3e5f,2-2,1,20137,15424,4713,166,1.0,1150,14.0,laptop,0.0,,1.0,English,1.0,0.0,Y,7.638,645.746888,Mario Mandžukić,2,4890.986816,Millbrae Elementary,4,1,9,13,0,5
70d89d2f-00f4-4b1d-808e-ed50b71c3e5f,1-2,0,55999,52600,3399,383,1.0,1150,14.0,laptop,0.0,,1.0,English,1.0,0.0,Y,10.485,436.8821293,Wesley Hoolahan,2,4929.393066,Evergreen Elementary,3,4,9,13,0,6
716744fa-dda1-4423-a78c-87e4633852b3,1-2,1,131934,86214,45720,383,1.0,1294,50.0,laptop,2.0,graduate school,1.0,English,0.0,1.0,Y,10.485,266.5460366,Adam Johnson,2,4905.221191,Harmony Union Elementary,2,1,4,6,0,4
716744fa-dda1-4423-a78c-87e4633852b3,3-2,0,70164,44605,25559,120,1.0,1294,50.0,laptop,2.0,graduate school,1.0,English,0.0,1.0,Y,10.697,161.4168815,Jérémy Ménez,5,5156.856934,Panama Buena Vista Union Elementary,4,1,7,10,0,1
716744fa-dda1-4423-a78c-87e4633852b3,2-1,0,12560,10067,2493,145,0.0,1294,50.0,laptop,2.0,graduate school,1.0,English,0.0,1.0,Y,8.337,864.2097944,Nathaniel Clyne,3,4941.787598,Laguna Salada Union Elementary,1,1,3,5,0,3
716744fa-dda1-4423-a78c-87e4633852b3,3-1,1,52063,34218,17845,106,1.0,1294,50.0,laptop,2.0,graduate school,1.0,English,0.0,1.0,Y,11.081,185.8670875,Alou Diarra,4,5408.781738,Sonora Elementary,3,3,3,5,0,1
716744fa-dda1-4423-a78c-87e4633852b3,2-2,1,72231,56939,15292,166,1.0,1294,50.0,laptop,2.0,graduate school,1.0,English,0.0,1.0,Y,7.638,174.9240415,Florian Hartherz,3,4981.387695,Roseville City Elementary,4,1,3,5,0,7
716744fa-dda1-4423-a78c-87e4633852b3,1-1,0,124524,76456,48068,324,1.0,1294,50.0,laptop,2.0,graduate school,1.0,English,0.0,1.0,Y,9.6,254.2638903, Piqué,2,4877.086426,Gratton Elementary,4,1,7,10,0,4
7169ffc5-813b-4e4f-8e7f-9c59e92ec66b,3-1,1,42629,34617,8012,106,1.0,1135,21.0,laptop,1.0,college,1.0,English,0.0,1.0,Y,11.081,183.7247595, Simão,1,5111.739258,Susanville Elementary,1,1,4,6,0,3
7169ffc5-813b-4e4f-8e7f-9c59e92ec66b,2-1,0,54826,54048,778,145,0.6666666667,1135,21.0,laptop,1.0,college,1.0,English,0.0,1.0,Y,8.337,160.9680284,Lucas Digne,3,5201.515625,Bella Vista Elementary,2,2,3,5,0,6
7169ffc5-813b-4e4f-8e7f-9c59e92ec66b,1-1,1,43976,23018,20958,324,1.0,1135,21.0,laptop,1.0,college,1.0,English,0.0,1.0,Y,9.6,844.5564341,Ali Al Habsi,4,4138.305664,Columbine Elementary,1,1,3,5,0,6
7169ffc5-813b-4e4f-8e7f-9c59e92ec66b,2-2,1,46590,44162,2428,166,1.0,1135,21.0,laptop,1.0,college,1.0,English,0.0,1.0,Y,7.638,225.5332639,Olivier Giroud,1,5743.597168,Hughes-Elizabeth Lakes Union Elementary,4,1,7,10,0,5
7169ffc5-813b-4e4f-8e7f-9c59e92ec66b,1-2,0,56499,51391,5108,383,0.6666666667,1135,21.0,laptop,1.0,college,1.0,English,0.0,1.0,Y,10.485,447.1600086,Adrian Mutu,3,5702.705078,Mountain View Elementary,3,8,9,13,0,5
7169ffc5-813b-4e4f-8e7f-9c59e92ec66b,3-2,0,48544,44213,4331,120,1.0,1135,21.0,laptop,1.0,college,1.0,English,0.0,1.0,Y,10.697,162.8480311,Héctor Moreno,1,4802.152832,Sulphur Springs Union Elementary,2,1,4,6,1,4
71a4495b-b507-4fbb-b247-6be543b98550,1-1,1,46204,43716,2488,324,1.0,1212,22.0,laptop,0.0,college,0.0,Other,0.0,0.0,N,9.6,444.6884436,Piotr Trochowski,4,5442.143066,Forestville Union Elementary,2,1,7,10,0,1
71a4495b-b507-4fbb-b247-6be543b98550,2-1,0,28088,27004,1084,145,1.0,1212,22.0,laptop,0.0,college,0.0,Other,0.0,0.0,N,8.337,322.1744927,Vito Mannone,1,4522.375488,Rosedale Union Elementary,4,1,3,5,0,4
71a4495b-b507-4fbb-b247-6be543b98550,3-1,1,23639,21752,1887,106,0.6666666667,1212,22.0,laptop,0.0,college,0.0,Other,0.0,0.0,N,11.081,292.386907,Nicolas Fauvergue,4,4965.808105,Columbia Elementary,3,8,3,5,0,5
71a4495b-b507-4fbb-b247-6be543b98550,2-2,1,27791,26036,1755,166,1.0,1212,22.0,laptop,0.0,college,0.0,Other,0.0,0.0,N,7.638,382.5472423, Roberto,1,5358.326172,Colfax Elementary,3,2,4,6,0,5
71a4495b-b507-4fbb-b247-6be543b98550,3-2,0,25283,23977,1306,120,0.6666666667,1212,22.0,laptop,0.0,college,0.0,Other,0.0,0.0,N,10.697,300.2877758,Jerry Vandam,3,5784.625,Mt. Shasta Union Elementary,2,3,3,5,0,6
71a4495b-b507-4fbb-b247-6be543b98550,1-2,0,58132,54114,4018,383,0.6666666667,1212,22.0,laptop,0.0,college,0.0,Other,0.0,0.0,N,10.485,424.6590531,Bobby Zamora,3,5072.70459,Piner-Olivet Union Elementary,1,1,7,10,0,4
71ebc1ad-ebc2-4c5d-bc77-e372bc1b0159,2-1,1,15899,15059,840,145,0.6666666667,1438,25.0,desktop,0.0,college,0.0,Italian,0.0,0.0,N,8.337,577.7276048, Tiago Pinto,3,5556.041016,Bass Lake Joint Elementary,4,3,3,5,0,5
71ebc1ad-ebc2-4c5d-bc77-e372bc1b0159,3-1,1,10657,10434,223,106,1.0,1438,25.0,desktop,0.0,college,0.0,Italian,0.0,0.0,N,11.081,609.5457159,Yunus Malli,2,5190.310059,Cutten Elementary,1,1,9,13,0,4
71ebc1ad-ebc2-4c5d-bc77-e372bc1b0159,1-1,1,34103,31643,2460,324,1.0,1438,25.0,desktop,0.0,college,0.0,Italian,0.0,0.0,N,9.6,614.3538855,Simon Davies,4,5211.485352,Placerville Union Elementary,4,1,3,5,0,2
71ebc1ad-ebc2-4c5d-bc77-e372bc1b0159,3-2,0,14064,13839,225,120,0.6666666667,1438,25.0,desktop,0.0,college,0.0,Italian,0.0,0.0,N,10.697,520.2688055,Mohamed Sissoko,3,5284.164063,Wright Elementary,4,1,7,10,0,6
71ebc1ad-ebc2-4c5d-bc77-e372bc1b0159,2-2,0,17680,16917,763,166,0.6666666667,1438,25.0,desktop,0.0,college,0.0,Italian,0.0,0.0,N,7.638,588.7568718,Hedwiges Maduro,1,5331.920898,Evergreen Union Elementary,1,2,7,10,0,5
71ebc1ad-ebc2-4c5d-bc77-e372bc1b0159,1-2,0,29615,27774,1841,383,1.0,1438,25.0,desktop,0.0,college,0.0,Italian,0.0,0.0,N,10.485,827.3925254, Guly,3,5599.60791,Old Adobe Union Elementary,3,2,4,6,0,1
722b0462-7e9e-4278-8d36-9495f6928afb,1-2,1,67784,53800,13984,383,0.6666666667,1294,20.0,laptop,0.0,college,1.0,English,0.0,0.0,Y,10.485,427.1375465,Michael Harriman,2,4881.899414,Wilmar Union Elementary,2,1,9,13,0,5
722b0462-7e9e-4278-8d36-9495f6928afb,2-2,1,32552,28620,3932,166,1.0,1294,20.0,laptop,0.0,college,1.0,English,0.0,0.0,Y,7.638,348.0083857,Mario Lička,3,4700.432129,Ackerman Elementary,4,1,7,10,0,5
722b0462-7e9e-4278-8d36-9495f6928afb,3-1,0,25278,22649,2629,106,1.0,1294,20.0,laptop,0.0,college,1.0,English,0.0,0.0,Y,11.081,280.8070997,Guy Demel,2,5650.0,Santa Cruz City Elementary,3,3,4,6,0,2
722b0462-7e9e-4278-8d36-9495f6928afb,1-1,0,65759,60966,4793,324,1.0,1294,20.0,laptop,0.0,college,1.0,English,0.0,0.0,Y,9.6,318.8662533,Levy Madinda,4,5318.240723,Arcata Elementary,1,2,7,10,0,1
722b0462-7e9e-4278-8d36-9495f6928afb,3-2,1,23568,19011,4557,120,1.0,1294,20.0,laptop,0.0,college,1.0,English,0.0,0.0,Y,10.697,378.7281048,Rio Ferdinand,3,4709.054199,Alta Loma Elementary,4,6,3,5,0,5
722b0462-7e9e-4278-8d36-9495f6928afb,2-1,0,27476,25620,1856,145,1.0,1294,20.0,laptop,0.0,college,1.0,English,0.0,0.0,Y,8.337,339.5784543,Steven Gerrard,1,5143.19043,Foresthill Union Elementary,4,1,4,6,0,6
72deb366-7970-47c4-9c54-b58c17c8874c,1-2,0,100799,92565,8234,383,1.0,1294,54.0,laptop,0.0,PhD,1.0,English,0.0,0.0,Y,10.485,248.2579809,Cédric Kanté,2,5133.009766,Mother Lode Union Elementary,2,3,4,6,0,5
72deb366-7970-47c4-9c54-b58c17c8874c,3-1,1,41657,38609,3048,106,1.0,1294,54.0,laptop,0.0,PhD,1.0,English,0.0,0.0,Y,11.081,164.7284312,Adrian Mutu,3,5081.455566,Ocean View Elementary,4,2,3,5,0,4
72deb366-7970-47c4-9c54-b58c17c8874c,2-2,1,52570,48727,3843,166,1.0,1294,54.0,laptop,0.0,PhD,1.0,English,0.0,0.0,Y,7.638,204.4041291, Marc Bertrán,5,4016.41626,Lake Elementary,4,2,3,5,0,6
72deb366-7970-47c4-9c54-b58c17c8874c,2-1,0,59577,56861,2716,145,1.0,1294,54.0,laptop,0.0,PhD,1.0,English,0.0,0.0,Y,8.337,153.0046957,Romain Pitau,2,5374.050293,San Mateo-Foster City Elementary,3,2,3,5,0,6
72deb366-7970-47c4-9c54-b58c17c8874c,1-1,1,114045,107788,6257,324,1.0,1294,54.0,laptop,0.0,PhD,1.0,English,0.0,0.0,Y,9.6,180.3540283,Franco Zuculini,1,5427.548828,Goleta Union Elementary,2,5,3,5,0,3
72deb366-7970-47c4-9c54-b58c17c8874c,3-2,0,60657,56951,3706,120,1.0,1294,54.0,laptop,0.0,PhD,1.0,English,0.0,0.0,Y,10.697,126.4244702,Nolan Roux,4,5179.644531,Helendale Elementary,2,1,4,6,0,1
74103437-cefd-47b1-a905-d85399f681db,2-1,1,14496,14150,346,145,0.6666666667,904,,,,,,,,,,8.337,614.8409894, Paulão,2,5400.0,Petaluma City Elementary,4,3,4,6,0,4
74103437-cefd-47b1-a905-d85399f681db,3-2,0,25017,24099,918,120,0.6666666667,904,,,,,,,,,,10.697,298.7675837,Shaun Cummings,2,5726.146484,Sunnyvale Elementary,2,2,7,10,0,1
74103437-cefd-47b1-a905-d85399f681db,2-2,0,23263,21803,1460,166,1.0,904,,,,,,,,,,7.638,456.8178691,Aaron Hunt,3,5003.870117,College Elementary,3,4,7,10,0,5
74103437-cefd-47b1-a905-d85399f681db,3-1,1,24749,23101,1648,106,1.0,904,,,,,,,,,,11.081,275.312757,Opa Nguette,4,4969.51123,La Mesa-Spring Valley,3,1,7,10,0,4
74103437-cefd-47b1-a905-d85399f681db,1-1,0,38716,36902,1814,324,0.6666666667,904,,,,,,,,,,9.6,526.8007154,Stewart Downing,4,4747.295898,Huntington Beach City Elementary,1,1,7,10,0,6
74103437-cefd-47b1-a905-d85399f681db,1-2,1,26496,24412,2084,383,1.0,904,,,,,,,,,,10.485,941.3403244,Arthur Boka,2,4543.305176,Solvang Elementary,2,2,4,6,0,6
7426e023-5833-4949-b5c7-457d0e2a29d3,3-2,1,37322,25562,11760,120,0.6666666667,1214,16.0,laptop,1.0,high school,1.0,English,0.0,1.0,Y,10.697,281.6681011,Sebastian Larsson,5,5229.591309,Soquel Elementary,4,5,3,5,0,5
7426e023-5833-4949-b5c7-457d0e2a29d3,2-2,1,72292,67275,5017,166,1.0,1214,16.0,laptop,1.0,high school,1.0,English,0.0,1.0,Y,7.638,148.0490524, Cristiano Ronaldo,3,4507.353027,Capay Joint Union Elementary,3,1,3,5,0,5
7426e023-5833-4949-b5c7-457d0e2a29d3,1-1,1,68221,57364,10857,324,1.0,1214,16.0,laptop,1.0,high school,1.0,English,0.0,1.0,Y,9.6,338.8885015,Markus Feulner,2,5302.62793,Gravenstein Union Elementary,3,3,7,10,0,1
7426e023-5833-4949-b5c7-457d0e2a29d3,2-1,0,8964,8964,0,145,0.3333333333,1214,16.0,laptop,1.0,high school,1.0,English,0.0,1.0,Y,8.337,970.5488621,Alexander Ring,3,5545.610352,Pleasant Valley Elementary,2,1,7,10,0,5
7426e023-5833-4949-b5c7-457d0e2a29d3,3-1,0,34231,22411,11820,106,0.3333333333,1214,16.0,laptop,1.0,high school,1.0,English,0.0,1.0,Y,11.081,283.7892107,Jannik Löhden,2,4615.908691,Pioneer Union Elementary,1,2,7,10,0,4
7426e023-5833-4949-b5c7-457d0e2a29d3,1-2,0,61465,52400,9065,383,1.0,1214,16.0,laptop,1.0,high school,1.0,English,0.0,1.0,Y,10.485,438.5496183,Niclas Füllkrug,3,5397.689453,Santee Elementary,2,1,3,5,0,1
74a79217-122c-4027-92e4-05a4e5fb0b4c,3-2,1,45034,24537,20497,120,1.0,1366,21.0,laptop,0.0,college,0.0,English,0.0,0.0,Y,10.697,293.4344052,Michael Schulze,5,5118.373047,Johnstonville Elementary,1,1,3,5,0,4
74a79217-122c-4027-92e4-05a4e5fb0b4c,2-2,1,30589,18635,11954,166,1.0,1366,21.0,laptop,0.0,college,0.0,English,0.0,0.0,Y,7.638,534.4781325,Jack Wilshere,4,5008.070801,Pleasant Valley Elementary,2,1,7,10,0,6
74a79217-122c-4027-92e4-05a4e5fb0b4c,1-1,0,64365,49225,15140,324,1.0,1366,21.0,laptop,0.0,college,0.0,English,0.0,0.0,Y,9.6,394.9212798,Klaas-Jan Huntelaar,2,4906.030273,Curtis Creek Elementary,3,2,4,6,0,6
74a79217-122c-4027-92e4-05a4e5fb0b4c,1-2,1,65057,37211,27846,383,1.0,1366,21.0,laptop,0.0,college,0.0,English,0.0,0.0,Y,10.485,617.5593239,Yaya Banana,3,6870.346191,Fort Jones Union Elementary,1,1,7,10,0,6
74a79217-122c-4027-92e4-05a4e5fb0b4c,3-1,0,31893,8878,23015,106,1.0,1366,21.0,laptop,0.0,college,0.0,English,0.0,0.0,Y,11.081,716.3775625,Russell Martin,5,5301.716309,Mark West Union Elementary,2,4,7,10,0,5
74a79217-122c-4027-92e4-05a4e5fb0b4c,2-1,0,35582,18801,16781,145,1.0,1366,21.0,laptop,0.0,college,0.0,English,0.0,0.0,Y,8.337,462.7413435, Domínguez,2,5182.365723,Alpine Union Elementary,3,9,7,10,0,6
769bc77b-f052-4fc6-8516-94a46941667c,1-1,0,60948,52156,8792,324,0.6666666667,1438,50.0,desktop,0.0,graduate school,1.0,English,0.0,0.0,Y,9.6,372.7279699,André Fomitschow,2,4999.46875,Sebastopol Union Elementary,1,1,7,10,0,5
769bc77b-f052-4fc6-8516-94a46941667c,2-2,0,34820,33802,1018,166,1.0,1438,50.0,desktop,0.0,graduate school,1.0,English,0.0,0.0,Y,7.638,294.6571209,Bryan Ruiz,1,6732.066406,Freshwater Elementary,4,1,7,10,0,5
769bc77b-f052-4fc6-8516-94a46941667c,3-2,1,48257,47042,1215,120,1.0,1438,50.0,desktop,0.0,graduate school,1.0,English,0.0,0.0,Y,10.697,153.0547171,Stephen Kelly,3,4612.989746,Norris Elementary,3,2,9,13,0,6
769bc77b-f052-4fc6-8516-94a46941667c,3-1,0,30408,27755,2653,106,1.0,1438,50.0,desktop,0.0,graduate school,1.0,English,0.0,0.0,Y,11.081,229.1479013,Aykut Özer,4,5478.845703,Springville Union Elementary,1,1,9,13,0,5
769bc77b-f052-4fc6-8516-94a46941667c,1-2,1,64466,61173,3293,383,1.0,1438,50.0,desktop,0.0,graduate school,1.0,English,0.0,0.0,Y,10.485,375.6559266,Julian Schieber,2,5666.713867,Moreland Elementary,3,15,4,6,1,5
769bc77b-f052-4fc6-8516-94a46941667c,2-1,1,40179,39297,882,145,0.6666666667,1438,50.0,desktop,0.0,graduate school,1.0,English,0.0,0.0,Y,8.337,221.3909459,Cata Díaz,2,4742.51416,Maple Elementary,4,2,7,10,0,5
76d25023-7920-4e91-a62e-db630eb472c5,3-1,0,27166,26795,371,106,1.0,369,22.0,smartphone,0.0,college,0.0,English,0.0,0.0,Y,11.081,237.357716,Andrija Delibašić,2,4907.392578,Kings River-Hardwick Union Elementary,4,1,3,5,0,5
76d25023-7920-4e91-a62e-db630eb472c5,1-1,1,66699,65453,1246,324,0.6666666667,369,22.0,smartphone,0.0,college,0.0,English,0.0,0.0,Y,9.6,297.0070127,Darwin Machís,2,5700.402344,Julian Union Elementary,1,1,3,5,0,5
76d25023-7920-4e91-a62e-db630eb472c5,1-2,0,77823,75678,2145,383,1.0,369,22.0,smartphone,0.0,college,0.0,English,0.0,0.0,Y,10.485,303.6549592,Geoffrey Dernis,4,5191.834473,Cardiff Elementary,4,1,3,5,0,1
76d25023-7920-4e91-a62e-db630eb472c5,3-2,1,36005,35702,303,120,1.0,369,22.0,smartphone,0.0,college,0.0,English,0.0,0.0,Y,10.697,201.6693743, Xavi,3,4451.256836,Saucelito Elementary,3,1,7,10,0,1
76d25023-7920-4e91-a62e-db630eb472c5,2-1,0,34157,33822,335,145,0.6666666667,369,22.0,smartphone,0.0,college,0.0,English,0.0,0.0,Y,8.337,257.2290225,Mesut Özil,4,5627.527832,Bonsall Union Elementary,3,3,4,6,1,5
76d25023-7920-4e91-a62e-db630eb472c5,2-2,1,36198,36116,82,166,1.0,369,22.0,smartphone,0.0,college,0.0,English,0.0,0.0,Y,7.638,275.7780485,Vincent Nogueira,1,4922.939941,Cypress Elementary,4,5,3,5,0,3
786e8403-6cca-47f4-810f-b94ae3880816,2-1,0,22325,19899,2426,145,0.3333333333,322,20.0,smartphone,2.0,high school,1.0,,0.0,1.0,,8.337,437.2078999,Mickäel Tavares,2,4969.380859,Lowell Joint Elementary,3,1,3,5,0,6
786e8403-6cca-47f4-810f-b94ae3880816,1-2,1,14102,8783,5319,383,0.6666666667,880,20.0,smartphone,2.0,high school,1.0,,0.0,1.0,,10.485,2616.41808,Pape Diakhaté,1,4829.717285,Newhall Elementary,2,1,7,10,0,3
786e8403-6cca-47f4-810f-b94ae3880816,3-2,0,39938,33949,5989,120,0.6666666667,880,20.0,smartphone,2.0,high school,1.0,,0.0,1.0,,10.697,212.0828301,Gregory van der Wiel,2,6716.692871,Lagunitas Elementary,4,1,9,13,0,3
786e8403-6cca-47f4-810f-b94ae3880816,1-1,0,24214,18954,5260,324,0.3333333333,880,20.0,smartphone,2.0,high school,1.0,,0.0,1.0,,9.6,1025.641026,Milan Badelj,5,5205.941895,Cambrian Elementary,2,1,4,6,0,5
786e8403-6cca-47f4-810f-b94ae3880816,2-2,1,11490,8636,2854,166,0.6666666667,880,20.0,smartphone,2.0,high school,1.0,,0.0,1.0,,7.638,1153.311718,Daniel Van Buyten,1,4357.826172,Richfield Elementary,4,1,7,10,0,3
786e8403-6cca-47f4-810f-b94ae3880816,3-1,1,14006,11425,2581,106,0.3333333333,880,20.0,smartphone,2.0,high school,1.0,,0.0,1.0,,11.081,556.6739606,Steed Malbranque,4,5195.918945,Fieldbrook Elementary,2,9,3,5,0,6
78dae403-7187-4be7-86de-8a1543649957,3-2,0,79118,74711,4407,120,1.0,1294,28.0,laptop,0.0,college,0.0,English,0.0,0.0,Y,10.697,96.37135094,Jaroslav Plašil,3,6002.071777,Dehesa Elementary,2,1,3,5,0,5
78dae403-7187-4be7-86de-8a1543649957,1-1,1,82268,74248,8020,324,0.6666666667,1294,28.0,laptop,0.0,college,0.0,English,0.0,0.0,Y,9.6,261.8252343,Tomáš Rosický,2,5090.587891,Cottonwood Union Elementary,1,1,4,6,0,5
78dae403-7187-4be7-86de-8a1543649957,1-2,0,126576,117737,8839,383,1.0,1294,28.0,laptop,0.0,college,0.0,English,0.0,0.0,Y,10.485,195.1807843, Rafinha,4,5112.390137,Fruitvale Elementary,2,1,3,5,0,4
78dae403-7187-4be7-86de-8a1543649957,2-2,0,79112,73587,5525,166,1.0,1294,28.0,laptop,0.0,college,0.0,English,0.0,0.0,Y,7.638,135.3499939,Ivan Klasnić,3,5287.35498,Union Elementary,1,8,7,10,1,6
78dae403-7187-4be7-86de-8a1543649957,3-1,1,40228,38123,2105,106,1.0,1294,28.0,laptop,0.0,college,0.0,English,0.0,0.0,Y,11.081,166.8284238,Heiko Westermann,3,4889.47998,Fountain Valley Elementary,3,4,3,5,0,6
78dae403-7187-4be7-86de-8a1543649957,2-1,1,72896,70451,2445,145,0.6666666667,1294,28.0,laptop,0.0,college,0.0,English,0.0,0.0,Y,8.337,123.4900853,Armand Traoré,1,5118.130371,Gold Oak Union Elementary,2,1,9,13,0,5
790f5896-c569-4e73-b88b-b931b27dc799,3-2,1,52940,52475,465,120,1.0,322,18.0,smartphone,1.0,high school,0.0,Dutch,0.0,1.0,N,10.697,137.2081944,Luke Young,4,5119.123047,Buckeye Union Elementary,2,8,3,5,0,7
790f5896-c569-4e73-b88b-b931b27dc799,1-1,0,102073,101684,389,324,1.0,322,18.0,smartphone,1.0,high school,0.0,Dutch,0.0,1.0,N,9.6,191.18052,Johannes Flum,3,4792.211426,Rocklin Unified,2,1,7,10,0,6
790f5896-c569-4e73-b88b-b931b27dc799,1-2,1,106661,101221,5440,383,1.0,322,18.0,smartphone,1.0,high school,0.0,Dutch,0.0,1.0,N,10.485,227.0279883, Marchena,2,5450.103516,Gold Trail Union Elementary,3,1,7,10,0,3
790f5896-c569-4e73-b88b-b931b27dc799,2-2,1,43006,43006,0,166,1.0,322,18.0,smartphone,1.0,high school,0.0,Dutch,0.0,1.0,N,7.638,231.5955913,Julien Quercia,3,5210.724609,Hydesville Elementary,4,4,4,6,0,6
790f5896-c569-4e73-b88b-b931b27dc799,3-1,0,31541,30669,872,106,1.0,322,18.0,smartphone,1.0,high school,0.0,Dutch,0.0,1.0,N,11.081,207.3755258,Craig Gardner,5,4715.445801,Saugus Union Elementary,3,1,9,13,0,6
790f5896-c569-4e73-b88b-b931b27dc799,2-1,0,53529,53178,351,145,1.0,322,18.0,smartphone,1.0,high school,0.0,Dutch,0.0,1.0,N,8.337,163.6014893,Christian Günter,1,4632.068359,Loomis Union Elementary,3,1,7,10,1,5
79dcc136-af62-41a5-a697-40d9b8f68d3e,2-2,0,28578,27245,1333,166,1.0,1135,16.0,laptop,0.0,high school,0.0,English,0.0,0.0,Y,7.638,365.5716645, Mario Suárez,1,5028.561523,Placer Hills Union Elementary,4,2,4,6,0,6
79dcc136-af62-41a5-a697-40d9b8f68d3e,1-2,1,52847,43930,8917,383,0.6666666667,1135,16.0,laptop,0.0,high school,0.0,English,0.0,0.0,Y,10.485,523.1049397, Arribas,4,5695.466797,Dunham Elementary,2,4,7,10,0,4
79dcc136-af62-41a5-a697-40d9b8f68d3e,3-2,0,30604,25424,5180,120,1.0,1135,16.0,laptop,0.0,high school,0.0,English,0.0,0.0,Y,10.697,283.1969792,Matthew Upson,3,4504.294922,San Carlos Elementary,3,1,3,5,0,3
79dcc136-af62-41a5-a697-40d9b8f68d3e,3-1,1,23856,20303,3553,106,0.6666666667,1135,16.0,laptop,0.0,high school,0.0,English,0.0,0.0,Y,11.081,313.2541989,Patrick Ochs,4,5156.437012,Ready Springs Union Elementary,1,1,4,6,0,1
79dcc136-af62-41a5-a697-40d9b8f68d3e,1-1,0,61281,56690,4591,324,1.0,1135,16.0,laptop,0.0,high school,0.0,English,0.0,0.0,Y,9.6,342.9176222, De Gea,3,5433.51416,Coarsegold Union Elementary,1,1,4,6,0,6
79dcc136-af62-41a5-a697-40d9b8f68d3e,2-1,1,24413,23111,1302,145,1.0,1135,16.0,laptop,0.0,high school,0.0,English,0.0,0.0,Y,8.337,376.4441175,Antonio Rukavina,2,5254.631836,Cayucos Elementary,1,5,3,5,0,3
7a5fe584-0426-4d55-b8b9-782fdd635a86,2-1,1,38521,33671,4850,145,1.0,1150,22.0,laptop,0.0,high school,1.0,Korean,0.0,0.0,N,8.337,258.3825844,Marko Baša,2,4593.196777,Richmond Elementary,2,2,3,5,0,5
7a5fe584-0426-4d55-b8b9-782fdd635a86,2-2,0,49815,41664,8151,166,0.6666666667,1150,22.0,laptop,0.0,high school,1.0,Korean,0.0,0.0,N,7.638,239.0552995,Shane Long,4,4320.678711,Clay Joint Elementary,2,1,3,5,0,4
7a5fe584-0426-4d55-b8b9-782fdd635a86,1-2,0,89035,79578,9457,383,1.0,1150,22.0,laptop,0.0,high school,1.0,Korean,0.0,0.0,N,10.485,288.773279,Adam Hloušek,3,4920.777344,Waugh Elementary,1,3,3,5,0,4
7a5fe584-0426-4d55-b8b9-782fdd635a86,1-1,1,71440,62386,9054,324,0.3333333333,1150,22.0,laptop,0.0,high school,1.0,Korean,0.0,0.0,N,9.6,311.6083737,Mehmet Ekici,1,6905.869141,Two Rock Union Elementary,3,1,4,6,1,2
7a5fe584-0426-4d55-b8b9-782fdd635a86,3-2,1,33298,29027,4271,120,0.6666666667,1150,22.0,laptop,0.0,high school,1.0,Korean,0.0,0.0,N,10.697,248.0449237, Maicon,2,5729.904297,Belmont-Redwood Shores Elementary,4,10,4,6,1,5
7a5fe584-0426-4d55-b8b9-782fdd635a86,3-1,0,28705,25807,2898,106,1.0,1150,22.0,laptop,0.0,high school,1.0,Korean,0.0,0.0,N,11.081,246.444763,Giovani Dos Santos,2,4825.202148,Rescue Union Elementary,2,6,7,10,1,6
7a8f85f2-03e4-4714-995d-c15403d9d38b,3-2,1,25860,23944,1916,120,0.6666666667,1366,14.0,laptop,0.0,high school,0.0,Finnish,0.0,0.0,N,10.697,300.7016372,Arnaud Le Lan,3,5388.17041,Alta-Dutch Flat Union Elementary,2,5,7,10,0,6
7a8f85f2-03e4-4714-995d-c15403d9d38b,2-2,0,19206,17853,1353,166,0.6666666667,1366,14.0,laptop,0.0,high school,0.0,Finnish,0.0,0.0,N,7.638,557.8894303,Callum McManaman,3,5133.827148,San Pasqual Union Elementary,2,1,7,10,0,1
7a8f85f2-03e4-4714-995d-c15403d9d38b,1-2,1,46810,43288,3522,383,1.0,1366,14.0,laptop,0.0,high school,0.0,Finnish,0.0,0.0,N,10.485,530.8630567,Jordan Spence,3,5346.15625,Latrobe Elementary,1,1,7,10,0,7
7a8f85f2-03e4-4714-995d-c15403d9d38b,2-1,1,21344,19058,2286,145,0.6666666667,1366,14.0,laptop,0.0,high school,0.0,Finnish,0.0,0.0,N,8.337,456.5012068, Anderson,4,4789.309082,Union Hill Elementary,2,2,4,6,1,6
7a8f85f2-03e4-4714-995d-c15403d9d38b,3-1,0,14394,8561,5833,106,1.0,1366,14.0,laptop,0.0,high school,0.0,Finnish,0.0,0.0,N,11.081,742.9038664, Michel Bastos,1,5329.782227,Twin Hills Union Elementary,4,4,3,5,0,1
7a8f85f2-03e4-4714-995d-c15403d9d38b,1-1,0,38816,34511,4305,324,1.0,1366,14.0,laptop,0.0,high school,0.0,Finnish,0.0,0.0,N,9.6,563.2986584,Thomas Vermaelen,5,5371.172852,Pacific Union Elementary,3,2,3,5,1,6
7c57c624-9ceb-493f-a5a1-f4542209969f,2-2,1,52953,52216,737,166,0.6666666667,1212,23.0,desktop,0.0,graduate school,0.0,Other,0.0,0.0,N,7.638,190.7461315,Mohammed Rabiu,2,5771.383789,Douglas City Elementary,4,2,7,10,0,6
7c57c624-9ceb-493f-a5a1-f4542209969f,3-2,0,34557,30894,3663,120,0.6666666667,1212,23.0,desktop,0.0,graduate school,0.0,Other,0.0,0.0,N,10.697,233.0549621,Jordan Obita,2,4993.634766,Pleasant Ridge Union Elementary,4,2,7,10,0,5
7c57c624-9ceb-493f-a5a1-f4542209969f,1-1,1,111707,101257,10450,324,0.3333333333,1212,23.0,desktop,0.0,graduate school,0.0,Other,0.0,0.0,N,9.6,191.9867268,Steven Naismith,2,4854.038086,Newcastle Elementary,1,3,7,10,0,1
7c57c624-9ceb-493f-a5a1-f4542209969f,1-2,0,129051,125321,3730,383,1.0,1212,23.0,desktop,0.0,graduate school,0.0,Other,0.0,0.0,N,10.485,183.3691081,Fabricio Coloccini,2,4392.679688,Mesa Union Elementary,1,1,3,5,0,4
7c57c624-9ceb-493f-a5a1-f4542209969f,3-1,1,23790,20054,3736,106,0.6666666667,1212,23.0,desktop,0.0,graduate school,0.0,Other,0.0,0.0,N,11.081,317.143712,Thomas Kleine,4,5884.432129,Weaverville Elementary,1,6,3,5,0,1
7c57c624-9ceb-493f-a5a1-f4542209969f,2-1,0,60576,59192,1384,145,0.6666666667,1212,23.0,desktop,0.0,graduate school,0.0,Other,0.0,0.0,N,8.337,146.9793215,Gaël Clichy,4,4273.993164,North Cow Creek Elementary,1,22,7,10,0,4
7c73f8eb-7012-45e2-b6ad-2197ba40b925,1-1,0,150514,140015,10499,324,1.0,1438,54.0,desktop,2.0,college,1.0,English,0.0,1.0,Y,9.6,138.8422669,Christian Vander,2,5146.78418,Nevada City Elementary,1,1,4,6,0,7
7c73f8eb-7012-45e2-b6ad-2197ba40b925,3-2,0,69498,63017,6481,120,1.0,1438,54.0,desktop,2.0,college,1.0,English,0.0,1.0,Y,10.697,114.2548836,Jermaine Jenas,4,5351.522949,Jacoby Creek Elementary,2,2,7,10,0,6
7c73f8eb-7012-45e2-b6ad-2197ba40b925,3-1,1,38500,32118,6382,106,1.0,1438,54.0,desktop,2.0,college,1.0,English,0.0,1.0,Y,11.081,198.019802,Steve Harper,5,7667.571777,Fort Ross Elementary,4,1,7,10,0,6
7c73f8eb-7012-45e2-b6ad-2197ba40b925,2-2,1,60506,50596,9910,166,0.6666666667,1438,54.0,desktop,2.0,college,1.0,English,0.0,1.0,Y,7.638,196.8535062, Lucas Mendes,2,5281.708984,Encinitas Union Elementary,2,3,7,10,0,5
7c73f8eb-7012-45e2-b6ad-2197ba40b925,1-2,1,159349,129442,29907,383,0.6666666667,1438,54.0,desktop,2.0,college,1.0,English,0.0,1.0,Y,10.485,177.5312495, Reyes,4,5368.50293,Dixie Elementary,4,7,7,10,0,5
7c73f8eb-7012-45e2-b6ad-2197ba40b925,2-1,0,94497,90998,3499,145,1.0,1438,54.0,desktop,2.0,college,1.0,English,0.0,1.0,Y,8.337,95.60649685,Rémy Cabella,1,6429.257324,Lakeside Joint Elementary,3,6,7,10,0,5
7ddcdb33-a18f-47fd-8476-4e5b117b5f09,2-1,0,34192,31290,2902,145,0.3333333333,1150,21.0,laptop,0.0,college,1.0,English,0.0,0.0,Y,8.337,278.0441035,Alexandre Lacazette,2,5387.458984,Hermosa Beach City Elementary,4,4,9,13,0,4
7ddcdb33-a18f-47fd-8476-4e5b117b5f09,1-2,0,104756,95842,8914,383,0.6666666667,1150,21.0,laptop,0.0,college,1.0,English,0.0,0.0,Y,10.485,239.7696208,Thorben Marx,3,5235.774902,Rincon Valley Union Elementary,4,1,9,13,0,5
7ddcdb33-a18f-47fd-8476-4e5b117b5f09,1-1,1,37942,35569,2373,324,0.3333333333,1150,21.0,laptop,0.0,college,1.0,English,0.0,0.0,Y,9.6,546.5433383,Mergim Mavraj,2,4829.896484,Washington Union Elementary,4,1,4,6,0,5
7ddcdb33-a18f-47fd-8476-4e5b117b5f09,2-2,1,44082,40449,3633,166,1.0,1150,21.0,laptop,0.0,college,1.0,English,0.0,0.0,Y,7.638,246.2360009,Gaëtan Charbonnier,2,5088.708008,Bennett Valley Union Elementary,3,1,7,10,0,1
7ddcdb33-a18f-47fd-8476-4e5b117b5f09,3-2,1,42740,39046,3694,120,1.0,1150,21.0,laptop,0.0,college,1.0,English,0.0,0.0,Y,10.697,184.3978897,James Milner,2,5390.118164,Loma Prieta Joint Union Elemen,2,29,3,5,0,5
7ddcdb33-a18f-47fd-8476-4e5b117b5f09,3-1,0,33611,31866,1745,106,1.0,1150,21.0,laptop,0.0,college,1.0,English,0.0,0.0,Y,11.081,199.5857654,Sebastian Tyrała,2,6588.430664,Kenwood Elementary,1,2,3,5,0,5
7ddd2afe-d9fe-4533-b32a-056360bcb4c9,2-1,0,47464,45314,2150,145,1.0,1294,21.0,laptop,0.0,college,1.0,German,0.0,0.0,N,8.337,191.9936443,Joe Bennett,4,6196.694824,Liberty Elementary,2,1,3,5,0,5
7ddd2afe-d9fe-4533-b32a-056360bcb4c9,2-2,1,50642,47264,3378,166,1.0,1294,21.0,laptop,0.0,college,1.0,German,0.0,0.0,N,7.638,210.7312119, Geromel,3,4645.413086,Knights Ferry Elementary,2,6,7,10,0,1
7ddd2afe-d9fe-4533-b32a-056360bcb4c9,1-2,1,109427,98372,11055,383,1.0,1294,21.0,laptop,0.0,college,1.0,German,0.0,0.0,N,10.485,233.6030578,David Rozehnal,2,6489.928711,Kentfield Elementary,3,1,4,6,0,6
7ddd2afe-d9fe-4533-b32a-056360bcb4c9,3-1,1,31291,25294,5997,106,1.0,1294,21.0,laptop,0.0,college,1.0,German,0.0,0.0,N,11.081,251.44303,Gustavo Munúa,2,5094.958984,Ballard Elementary,1,2,3,5,1,5
7ddd2afe-d9fe-4533-b32a-056360bcb4c9,1-1,0,93038,86642,6396,324,0.6666666667,1294,21.0,laptop,0.0,college,1.0,German,0.0,0.0,N,9.6,224.3715519,Garry Bocaly,4,4841.958496,Oak Grove Union Elementary,3,7,3,5,0,1
7ddd2afe-d9fe-4533-b32a-056360bcb4c9,3-2,0,52130,44236,7894,120,1.0,1294,21.0,laptop,0.0,college,1.0,German,0.0,0.0,N,10.697,162.7633602,Gareth Bale,5,6315.3125,Ross Valley Elementary,2,2,7,10,0,6
801b0890-5265-4faf-95db-452ce047f74d,1-1,1,50767,41235,9532,324,0.6666666667,1281,27.0,laptop,0.0,college,1.0,English,0.0,0.0,Y,9.6,471.4441615,Julian Korb,3,5399.383301,Mountain Elementary,1,1,9,13,0,5
801b0890-5265-4faf-95db-452ce047f74d,3-2,0,26363,24921,1442,120,1.0,1281,27.0,laptop,0.0,college,1.0,English,0.0,0.0,Y,10.697,288.912965, Iturraspe,3,5429.473633,Burlingame Elementary,4,13,4,6,1,5
801b0890-5265-4faf-95db-452ce047f74d,3-1,1,19269,17724,1545,106,1.0,1281,27.0,laptop,0.0,college,1.0,English,0.0,0.0,Y,11.081,358.8354773, Sergio Sánchez,4,5644.286133,Grant Elementary,3,7,7,10,0,6
801b0890-5265-4faf-95db-452ce047f74d,1-2,0,47562,34257,13305,383,1.0,1281,27.0,laptop,0.0,college,1.0,English,0.0,0.0,Y,10.485,670.8118049,Phil Jones,3,6060.256836,Happy Valley Elementary,2,4,3,5,1,5
801b0890-5265-4faf-95db-452ce047f74d,2-2,1,23449,19108,4341,166,0.6666666667,1281,27.0,laptop,0.0,college,1.0,English,0.0,0.0,Y,7.638,521.247645,Michael Dawson,4,5319.553711,Bonny Doon Union Elementary,2,1,3,5,0,6
801b0890-5265-4faf-95db-452ce047f74d,2-1,0,28793,25723,3070,145,1.0,1281,27.0,laptop,0.0,college,1.0,English,0.0,0.0,Y,8.337,338.2187148,Kevin Trapp,5,4819.903809,Walnut Creek Elementary,1,1,4,6,0,5
80377a90-a6d3-4092-ad16-1615a6f024b2,3-2,0,43376,41939,1437,120,1.0,880,15.0,smartphone,1.0,high school,1.0,English,0.0,1.0,Y,10.697,171.6779132,Peter Crouch,1,5208.226074,Hope Elementary,2,1,3,5,0,6
80377a90-a6d3-4092-ad16-1615a6f024b2,2-1,0,44687,41727,2960,145,0.6666666667,880,15.0,smartphone,1.0,high school,1.0,English,0.0,1.0,Y,8.337,208.4980948,Timo Hildebrand,4,5859.964844,Larkspur Elementary,1,1,7,10,0,5
80377a90-a6d3-4092-ad16-1615a6f024b2,1-1,1,75359,71291,4068,324,0.6666666667,880,15.0,smartphone,1.0,high school,1.0,English,0.0,1.0,Y,9.6,272.6851917,Roman Neustädter,3,4962.736816,Cupertino Union Elementary,3,1,3,5,0,1
80377a90-a6d3-4092-ad16-1615a6f024b2,2-2,1,36650,34427,2223,166,1.0,880,15.0,smartphone,1.0,high school,1.0,English,0.0,1.0,Y,7.638,289.3078107,Yassine Benzia,4,7614.379395,Pacific Elementary,2,1,9,13,0,5
80377a90-a6d3-4092-ad16-1615a6f024b2,3-1,1,22923,19883,3040,106,1.0,880,15.0,smartphone,1.0,high school,1.0,English,0.0,1.0,Y,11.081,319.8712468,Nicolas Maurice-Belay,1,5566.467773,Los Gatos Union Elementary,2,2,3,5,0,3
80377a90-a6d3-4092-ad16-1615a6f024b2,1-2,0,76987,67920,9067,383,1.0,880,15.0,smartphone,1.0,high school,1.0,English,0.0,1.0,Y,10.485,338.3392226,Samba Diakité,3,7039.949219,Montecito Union Elementary,4,1,7,10,0,1
8053404b-3274-4b36-a3ed-c3f4cff86dee,3-1,0,43747,39281,4466,106,1.0,1212,28.0,laptop,0.0,college,0.0,English,0.0,0.0,Y,11.081,161.9103383,Sven Ulreich,5,6604.063965,Solana Beach Elementary,2,2,7,10,0,6
8053404b-3274-4b36-a3ed-c3f4cff86dee,2-1,1,44389,42558,1831,145,0.6666666667,1212,28.0,laptop,0.0,college,0.0,English,0.0,0.0,Y,8.337,204.4268998,Quentin Othon,5,6180.148926,Menlo Park City Elementary,3,2,4,6,0,6
8053404b-3274-4b36-a3ed-c3f4cff86dee,1-2,0,72373,68334,4039,383,0.6666666667,1212,28.0,laptop,0.0,college,0.0,English,0.0,0.0,Y,10.485,336.2894021, Júlio César,5,6460.657227,Reed Union Elementary,3,1,9,13,0,1
8053404b-3274-4b36-a3ed-c3f4cff86dee,2-2,0,39434,38784,650,166,1.0,1212,28.0,laptop,0.0,college,0.0,English,0.0,0.0,Y,7.638,256.8069307,Niklas Dams,2,6415.35498,Mill Valley Elementary,2,1,7,10,0,6
8053404b-3274-4b36-a3ed-c3f4cff86dee,3-2,1,37454,35520,1934,120,1.0,1212,28.0,laptop,0.0,college,0.0,English,0.0,0.0,Y,10.697,202.7027027,Gerrit Wegkamp,5,5230.876953,Lafayette Elementary,4,2,4,6,0,5
8053404b-3274-4b36-a3ed-c3f4cff86dee,1-1,1,77354,73445,3909,324,1.0,1212,28.0,laptop,0.0,college,0.0,English,0.0,0.0,Y,9.6,264.6878617,Bryan Ruiz,3,5838.171875,Del Mar Union Elementary,2,5,7,10,0,5
817abbbf-33b6-4f40-a3e1-e0b38753e896,1-1,1,74851,69483,5368,324,1.0,1438,,,,,,,,,,9.6,279.7806658,Christian Benteke,4,7711.506836,Woodside Elementary,3,3,3,5,0,6
817abbbf-33b6-4f40-a3e1-e0b38753e896,3-1,0,13954,13654,300,106,1.0,1438,,,,,,,,,,11.081,465.7975685,Wayne Rooney,2,5592.765137,Moraga Elementary,2,6,4,6,0,5
817abbbf-33b6-4f40-a3e1-e0b38753e896,3-2,1,18343,17857,486,120,1.0,1438,,,,,,,,,,10.697,403.2032256,Loïc Abenzoar,4,5933.154297,Orinda Union Elementary,1,1,4,6,0,3
817abbbf-33b6-4f40-a3e1-e0b38753e896,2-1,0,15576,15089,487,145,0.3333333333,1438,,,,,,,,,,8.337,576.5789648,Roque Santa Cruz,2,7593.405762,Hillsborough City Elementary,1,1,3,5,0,6
817abbbf-33b6-4f40-a3e1-e0b38753e896,1-2,0,42579,39909,2670,383,1.0,1438,,,,,,,,,,10.485,575.8099677,Mark Schwarzer,5,6500.449707,Cold Spring Elementary,1,17,3,5,0,3
817abbbf-33b6-4f40-a3e1-e0b38753e896,2-2,1,27013,26510,503,166,1.0,1438,,,,,,,,,,7.638,375.7072803,Daniel Agger,2,7217.263184,Portola Valley Elementary,2,1,3,5,0,6
8205439c-3064-403e-8fe9-b46a0c866470,1-2,1,84917,77785,7132,383,1.0,880,42.0,smartphone,0.0,college,1.0,English,0.0,0.0,Y,10.485,295.4297101,Mody Traoré,5,5392.638672,Saratoga Union Elementary,1,3,3,5,0,6
8205439c-3064-403e-8fe9-b46a0c866470,1-1,0,78237,32046,46191,324,1.0,880,42.0,smartphone,0.0,college,1.0,English,0.0,0.0,Y,9.6,606.6279723,David Abraham,4,7290.338867,Las Lomitas Elementary,4,1,4,6,0,6
8205439c-3064-403e-8fe9-b46a0c866470,2-1,0,42647,36214,6433,145,1.0,880,42.0,smartphone,0.0,college,1.0,English,0.0,0.0,Y,8.337,240.2385818,Pape Diakhaté,1,5741.462891,Los Altos Elementary,3,1,4,6,0,5
8205439c-3064-403e-8fe9-b46a0c866470,3-1,0,52628,48572,4056,106,1.0,880,42.0,smartphone,0.0,college,1.0,English,0.0,0.0,Y,11.081,130.939636,Richard Dunne,4,4402.831543,Somis Union Elementary,4,1,7,10,0,3
8205439c-3064-403e-8fe9-b46a0c866470,3-2,1,66437,53551,12886,120,1.0,880,42.0,smartphone,0.0,college,1.0,English,0.0,0.0,Y,10.697,134.4512708,Jérémie Aliadiére,5,4776.336426,Plumas Elementary,3,1,7,10,0,4
8205439c-3064-403e-8fe9-b46a0c866470,2-2,1,40091,36985,3106,166,0.6666666667,880,42.0,smartphone,0.0,college,1.0,English,0.0,0.0,Y,7.638,269.2983642,Ross Turnbull,4,5993.392578,Wheatland Elementary,1,2,7,10,0,1
828fc4a0-e2fb-4de1-93f7-f828fbdaf97e,1-2,1,100459,91011,9448,383,1.0,1212,49.0,laptop,0.0,professional school,0.0,English,0.0,0.0,Y,10.485,252.4969509,Michael Essien,4,6384.911133,Sunol Glen Unified,4,1,7,10,0,5
828fc4a0-e2fb-4de1-93f7-f828fbdaf97e,3-2,1,51847,49654,2193,120,0.6666666667,1212,49.0,laptop,0.0,professional school,0.0,English,0.0,0.0,Y,10.697,145.0034237, Cristian Tello,4,5099.380859,Manzanita Elementary,3,1,4,6,0,6
828fc4a0-e2fb-4de1-93f7-f828fbdaf97e,1-1,0,131789,99740,32049,324,0.6666666667,1212,49.0,laptop,0.0,professional school,0.0,English,0.0,0.0,Y,9.6,194.9067576,Jake Livermore,5,5501.95459,Thermalito Union Elementary,3,1,3,5,0,7
828fc4a0-e2fb-4de1-93f7-f828fbdaf97e,3-1,0,29552,26413,3139,106,1.0,1212,49.0,laptop,0.0,professional school,0.0,English,0.0,0.0,Y,11.081,240.7905198,Ryan Dickson,3,7101.831055,Golden Feather Union Elementary,3,2,3,5,1,6
828fc4a0-e2fb-4de1-93f7-f828fbdaf97e,2-2,1,51336,44799,6537,166,0.6666666667,1212,49.0,laptop,0.0,professional school,0.0,English,0.0,0.0,Y,7.638,222.3263912,Nathaniel Clyne,2,5235.987793,Palermo Union Elementary,1,3,7,10,0,5
828fc4a0-e2fb-4de1-93f7-f828fbdaf97e,2-1,0,47038,34544,12494,145,1.0,1212,49.0,laptop,0.0,professional school,0.0,English,0.0,0.0,Y,8.337,251.8527096,Romain Genevois,2,5580.146973,Burrel Union Elementary,1,3,7,10,0,4
82997735-0e98-4a00-bcf1-f2f0aafb0705,3-2,1,23166,22033,1133,120,1.0,880,40.0,smartphone,0.0,graduate school,1.0,English,0.0,0.0,Y,10.697,326.7825534,Ilir Azemi,4,5253.331055,Holt Union Elementary,4,3,7,10,0,6
82997735-0e98-4a00-bcf1-f2f0aafb0705,3-1,0,22618,20230,2388,106,1.0,880,40.0,smartphone,0.0,graduate school,1.0,English,0.0,0.0,Y,11.081,314.3845774,Juan Neira,2,4565.746094,Vineland Elementary,3,4,3,5,1,3
82997735-0e98-4a00-bcf1-f2f0aafb0705,2-1,0,20320,19240,1080,145,1.0,880,40.0,smartphone,0.0,graduate school,1.0,English,0.0,0.0,Y,8.337,452.1829522,Christian Gentner,4,5355.54834,Orange Center Elementary,2,1,3,5,0,6
82997735-0e98-4a00-bcf1-f2f0aafb0705,1-1,0,38879,38451,428,324,0.6666666667,880,40.0,smartphone,0.0,graduate school,1.0,English,0.0,0.0,Y,9.6,505.5785285, Víctor Álvarez,3,5036.211426,Del Paso Heights Elementary,3,1,7,10,0,6
82997735-0e98-4a00-bcf1-f2f0aafb0705,2-2,1,23254,22458,796,166,1.0,880,40.0,smartphone,0.0,graduate school,1.0,English,0.0,0.0,Y,7.638,443.4945231,Per Skjelbred,5,4547.692383,Le Grand Union Elementary,4,3,4,6,0,5
82997735-0e98-4a00-bcf1-f2f0aafb0705,1-2,1,46636,45151,1485,383,0.6666666667,880,40.0,smartphone,0.0,graduate school,1.0,English,0.0,0.0,Y,10.485,508.958827,Bradden Inman,2,5447.345215,West Fresno Elementary,4,2,7,10,0,6
832f42b1-7702-43bd-a55f-a71c4ad85b9e,3-1,0,26062,16597,9465,106,1.0,1212,21.0,laptop,0.0,high school,1.0,German,0.0,0.0,N,11.081,383.2017835,Michael Carrick,3,6567.149414,Allensworth Elementary,2,1,7,10,1,5
832f42b1-7702-43bd-a55f-a71c4ad85b9e,2-1,0,36050,25989,10061,145,1.0,1212,21.0,laptop,0.0,high school,1.0,German,0.0,0.0,N,8.337,334.7570126,Daniel Van Buyten,5,4818.612793,Sunnyside Union Elementary,2,1,7,10,0,4
832f42b1-7702-43bd-a55f-a71c4ad85b9e,3-2,1,38662,31570,7092,120,1.0,1212,21.0,laptop,0.0,high school,1.0,German,0.0,0.0,N,10.697,228.0646183,Ivo Iličević,2,5621.456055,Woodville Elementary,3,2,7,10,0,5
832f42b1-7702-43bd-a55f-a71c4ad85b9e,2-2,1,43082,38444,4638,166,1.0,1212,21.0,laptop,0.0,high school,1.0,German,0.0,0.0,N,7.638,259.0781396,Jermain Defoe,4,6026.359863,Pixley Union Elementary,2,3,7,10,0,4
832f42b1-7702-43bd-a55f-a71c4ad85b9e,1-1,0,81876,64965,16911,324,0.6666666667,1212,21.0,laptop,0.0,high school,1.0,German,0.0,0.0,N,9.6,299.2380513,Ivo Iličević,1,6723.237793,Lost Hills Union Elementary,4,1,9,13,0,5
832f42b1-7702-43bd-a55f-a71c4ad85b9e,1-2,1,91604,80738,10866,383,1.0,1212,21.0,laptop,0.0,high school,1.0,German,0.0,0.0,N,10.485,284.6243405,Karim Guédé,4,5589.885254,Buttonwillow Union Elementary,2,1,9,13,0,5
840a40d4-fee9-48cc-a027-58628a5ca9e6,3-2,1,45891,45383,508,120,0.6666666667,322,20.0,smartphone,1.0,college,1.0,English,0.0,1.0,Y,10.697,158.6497147,Mesut Özil,3,5064.615723,Lennox Elementary,1,3,4,6,0,5
840a40d4-fee9-48cc-a027-58628a5ca9e6,1-2,1,70678,66585,4093,383,1.0,322,20.0,smartphone,1.0,college,1.0,English,0.0,1.0,Y,10.485,345.1227754, Cesc Fàbregas,3,5433.593262,Lamont Elementary,4,13,7,10,0,6
840a40d4-fee9-48cc-a027-58628a5ca9e6,2-2,1,27259,27259,0,166,1.0,322,20.0,smartphone,1.0,college,1.0,English,0.0,1.0,Y,7.638,365.3839099,Steven Gerrard,3,5725.563477,Westmorland Union Elementary,1,6,3,5,1,5
840a40d4-fee9-48cc-a027-58628a5ca9e6,2-1,0,22912,22912,0,145,0.3333333333,322,20.0,smartphone,1.0,college,1.0,English,0.0,1.0,Y,8.337,379.7136872,Benoît Cheyrou,2,4542.10498,Pleasant View Elementary,3,8,3,5,0,7
840a40d4-fee9-48cc-a027-58628a5ca9e6,3-1,0,22225,22225,0,106,1.0,322,20.0,smartphone,1.0,college,1.0,English,0.0,1.0,Y,11.081,286.1642295,Kingsley Onuegbu,3,5107.086426,Wasco Union Elementary,4,1,3,5,1,6
840a40d4-fee9-48cc-a027-58628a5ca9e6,1-1,0,56626,54742,1884,324,1.0,322,20.0,smartphone,1.0,college,1.0,English,0.0,1.0,Y,9.6,355.1203829,Lucas Digne,4,4659.661621,Alta Vista Elementary,4,1,7,10,1,6
84e4310e-79bb-469f-a212-a280f0defc2f,2-1,0,38700,35727,2973,145,1.0,1150,49.0,laptop,0.0,graduate school,0.0,English,0.0,0.0,Y,8.337,243.5133093,Stéphane Sessegnon,2,4555.464355,Livingston Union Elementary,1,10,4,6,0,3
84e4310e-79bb-469f-a212-a280f0defc2f,1-1,0,90417,62491,27926,324,1.0,1150,49.0,laptop,0.0,graduate school,0.0,English,0.0,0.0,Y,9.6,311.0847962,John Guidetti,4,5415.152832,Woodlake Union Elementary,2,1,3,5,0,3
84e4310e-79bb-469f-a212-a280f0defc2f,3-1,1,44368,33523,10845,106,1.0,1278,49.0,laptop,0.0,graduate school,0.0,English,0.0,0.0,Y,11.081,189.7204904,Christian Vander,4,4997.871582,Alisal Union Elementary,2,1,3,5,0,1
84e4310e-79bb-469f-a212-a280f0defc2f,1-2,1,89098,73284,15814,383,1.0,1150,49.0,laptop,0.0,graduate school,0.0,English,0.0,0.0,Y,10.485,313.5745865,Chinedu Obasi,1,5223.912109,Arvin Union Elementary,4,1,7,10,0,6
84e4310e-79bb-469f-a212-a280f0defc2f,2-2,1,57225,51812,5413,166,1.0,1437,49.0,laptop,0.0,graduate school,0.0,English,0.0,0.0,Y,7.638,192.2334594, Capdevila,4,5139.164551,Terra Bella Union Elementary,3,1,9,13,0,5
84e4310e-79bb-469f-a212-a280f0defc2f,3-2,0,48478,40619,7859,120,1.0,1150,49.0,laptop,0.0,graduate school,0.0,English,0.0,0.0,Y,10.697,177.2569487,Boaz Myhill,3,4614.251953,Tipton Elementary,4,4,4,6,0,5
8672882e-46f5-44a6-ac35-bfedb6323e69,3-1,0,71649,69749,1900,106,1.0,1438,27.0,desktop,0.0,graduate school,1.0,English,0.0,0.0,Y,11.081,91.184103,Brian Murphy,3,5342.233398,San Ysidro Elementary,1,1,7,10,0,1
8672882e-46f5-44a6-ac35-bfedb6323e69,1-1,1,94135,91000,3135,324,0.6666666667,1438,27.0,desktop,0.0,graduate school,1.0,English,0.0,0.0,Y,9.6,213.6263736,Henri Saivet,3,5347.458496,Soledad Unified,4,1,3,5,0,1
8672882e-46f5-44a6-ac35-bfedb6323e69,2-1,0,64818,63312,1506,145,0.6666666667,1438,27.0,desktop,0.0,graduate school,1.0,English,0.0,0.0,Y,8.337,137.4147081,Paul Baysse,4,5036.458984,Mountain View Elementary,3,7,3,5,0,3
8672882e-46f5-44a6-ac35-bfedb6323e69,3-2,1,72484,72483,1,120,1.0,1438,27.0,desktop,0.0,graduate school,1.0,English,0.0,0.0,Y,10.697,99.33363685, Pedro López,2,5117.141602,King City Union Elementary,4,6,4,6,0,5
8672882e-46f5-44a6-ac35-bfedb6323e69,2-2,1,42951,41111,1840,166,1.0,1438,27.0,desktop,0.0,graduate school,1.0,English,0.0,0.0,Y,7.638,242.2709251,Samba Diakité,4,5117.039551,Ontario-Montclair Elementary,4,1,3,5,0,5
8672882e-46f5-44a6-ac35-bfedb6323e69,1-2,0,103955,101879,2076,383,1.0,1438,27.0,desktop,0.0,graduate school,1.0,English,0.0,0.0,Y,10.485,225.5616957,Joleon Lescott,5,5272.191895,Los Nietos Elementary,1,10,7,10,1,5
86fc00ec-2ecf-4b13-b031-7de5b98c4716,2-1,0,36302,32051,4251,145,1.0,358,21.0,smartphone,0.0,college,1.0,Dutch,0.0,0.0,N,8.337,271.4423887,Michael Rensing,1,5225.719238,Winton Elementary,2,2,3,5,0,3
86fc00ec-2ecf-4b13-b031-7de5b98c4716,1-1,1,75128,62959,12169,324,1.0,358,21.0,smartphone,0.0,college,1.0,Dutch,0.0,0.0,N,9.6,308.7723757,Victor Anichebe,5,6516.533203,Raisin City Elementary,1,5,9,13,0,1
86fc00ec-2ecf-4b13-b031-7de5b98c4716,1-2,0,64964,38622,26342,383,1.0,358,21.0,smartphone,0.0,college,1.0,Dutch,0.0,0.0,N,10.485,594.9976697,Marvin Plattenhardt,3,4559.176758,Ravenswood City Elementary,2,1,3,5,0,6
86fc00ec-2ecf-4b13-b031-7de5b98c4716,3-2,1,29300,27217,2083,120,0.6666666667,358,21.0,smartphone,0.0,college,1.0,Dutch,0.0,0.0,N,10.697,264.5405445,Marcel de Jong,1,5119.158203,Richland-Lerdo Union Elementary,2,3,7,10,0,6
86fc00ec-2ecf-4b13-b031-7de5b98c4716,3-1,0,30685,29314,1371,106,1.0,358,21.0,smartphone,0.0,college,1.0,Dutch,0.0,0.0,N,11.081,216.961179,Danny Rose,3,5338.185547,Oxnard Elementary,2,1,7,10,0,5
86fc00ec-2ecf-4b13-b031-7de5b98c4716,2-2,1,32419,30001,2418,166,1.0,358,21.0,smartphone,0.0,college,1.0,Dutch,0.0,0.0,N,7.638,331.9889337, Gabi,4,5090.044922,El Nido Elementary,2,1,4,6,0,6
8711ed93-34d0-4b16-b713-b1ac804d7742,1-1,0,40833,32553,8280,324,0.0,880,27.0,tablet,0.0,college,1.0,English,0.0,0.0,Y,9.6,597.1799834,David Rozehnal,5,5485.496094,Fairfax Elementary,4,2,9,13,0,1
8711ed93-34d0-4b16-b713-b1ac804d7742,3-1,1,17225,13499,3726,106,1.0,880,27.0,tablet,0.0,college,1.0,English,0.0,0.0,Y,11.081,471.1460108,Ji-Sung Park,2,4793.370117,Delano Union Elementary,2,3,7,10,0,6
8711ed93-34d0-4b16-b713-b1ac804d7742,1-2,1,46103,30437,15666,383,1.0,880,27.0,tablet,0.0,college,1.0,English,0.0,0.0,Y,10.485,755.0021356,Michael Krohn-Dehli,4,5092.91748,Perris Elementary,3,3,4,6,1,4
8711ed93-34d0-4b16-b713-b1ac804d7742,2-2,0,18952,17972,980,166,1.0,880,27.0,tablet,0.0,college,1.0,English,0.0,0.0,Y,7.638,554.1954151,Stefan Aigner,5,4359.520996,Valle Lindo Elementary,1,1,7,10,1,6
8711ed93-34d0-4b16-b713-b1ac804d7742,3-2,0,25597,23353,2244,120,0.6666666667,880,27.0,tablet,0.0,college,1.0,English,0.0,0.0,Y,10.697,308.311566,Frank Lampard,4,5645.495605,Alum Rock Union Elementary,1,1,3,5,0,6
8711ed93-34d0-4b16-b713-b1ac804d7742,2-1,1,20081,17869,2212,145,0.6666666667,880,27.0,tablet,0.0,college,1.0,English,0.0,0.0,Y,8.337,486.8767139,Piotr Trochowski,4,4518.016113,Edison Elementary,1,4,4,6,0,6
8716e0ad-f17c-4c46-97ed-2c9643a576b0,2-2,1,46096,38507,7589,166,1.0,1137,62.0,laptop,0.0,college,0.0,English,0.0,0.0,Y,7.638,258.6542707,Kingsley Onuegbu,4,5864.366211,Bakersfield City Elementary,4,1,4,6,0,5
8716e0ad-f17c-4c46-97ed-2c9643a576b0,3-2,1,57308,48815,8493,120,1.0,1137,62.0,laptop,0.0,college,0.0,English,0.0,0.0,Y,10.697,147.4956468,Alexander Esswein,4,5257.996582,Franklin-McKinley Elementary,1,1,3,5,0,5
8716e0ad-f17c-4c46-97ed-2c9643a576b0,1-2,0,75216,56194,19022,383,1.0,1137,62.0,laptop,0.0,college,0.0,English,0.0,0.0,Y,10.485,408.9404563,Nicky Shorey,3,5016.692383,Hawthorne Elementary,2,3,3,5,0,6
8716e0ad-f17c-4c46-97ed-2c9643a576b0,1-1,1,86072,73424,12648,324,0.3333333333,1137,62.0,laptop,0.0,college,0.0,English,0.0,0.0,Y,9.6,264.763565,Alexander Madlung,2,4720.086426,Chowchilla Elementary,2,5,3,5,0,5
8716e0ad-f17c-4c46-97ed-2c9643a576b0,2-1,0,53536,49192,4344,145,1.0,1137,62.0,laptop,0.0,college,0.0,English,0.0,0.0,Y,8.337,176.8580257,Johannes Flum,4,5470.5625,Salinas City Elementary,2,7,3,5,0,1
8716e0ad-f17c-4c46-97ed-2c9643a576b0,3-1,0,45511,29993,15518,106,1.0,1137,62.0,laptop,0.0,college,0.0,English,0.0,0.0,Y,11.081,212.0494782,Bafetimbi Gomis,4,5615.441895,Santa Maria-Bonita Elementary,4,9,4,6,0,6
87ae871b-9380-42b1-8130-7914f969a239,2-2,1,37177,37177,0,166,1.0,322,37.0,smartphone,0.0,professional school,1.0,English,0.0,0.0,Y,7.638,267.9075773,Cristian Molinaro,5,5245.439941,Whittier City Elementary,4,7,4,6,0,5
87ae871b-9380-42b1-8130-7914f969a239,1-2,1,79592,78855,737,383,1.0,322,37.0,smartphone,0.0,professional school,1.0,English,0.0,0.0,Y,10.485,291.4209625,Titus Bramble,5,4838.175293,Eastside Union Elementary,1,19,7,10,0,7
87ae871b-9380-42b1-8130-7914f969a239,3-2,1,37633,37577,56,120,0.6666666667,322,37.0,smartphone,0.0,professional school,1.0,English,0.0,0.0,Y,10.697,191.6065678, Rubén Miño,3,5367.988281,Lawndale Elementary,1,1,7,10,0,5
87ae871b-9380-42b1-8130-7914f969a239,3-1,0,31911,31463,448,106,1.0,322,37.0,smartphone,0.0,professional school,1.0,English,0.0,0.0,Y,11.081,202.1421988,Darren Fletcher,4,5526.236816,Robla Elementary,3,1,7,10,0,6
87ae871b-9380-42b1-8130-7914f969a239,2-1,0,53882,53726,156,145,1.0,322,37.0,smartphone,0.0,professional school,1.0,English,0.0,0.0,Y,8.337,161.93277,Benjamin Nivet,4,4353.019531,Santa Rita Union Elementary,1,1,7,10,0,3
87ae871b-9380-42b1-8130-7914f969a239,1-1,0,317840,316504,1336,324,1.0,322,37.0,smartphone,0.0,professional school,1.0,English,0.0,0.0,Y,9.6,61.42102469,Leighton Baines,5,5034.290039,Rio Elementary,2,1,4,6,0,6
884c8fa4-f6a9-4e37-a9ab-652c0f26d668,2-1,1,52567,10569,41998,145,0.6666666667,880,28.0,smartphone,0.0,college,0.0,English,0.0,0.0,Y,8.337,823.1620778,Ivan Rakitić,4,4692.493652,Strathmore Union Elementary,3,10,3,5,0,1
884c8fa4-f6a9-4e37-a9ab-652c0f26d668,3-1,1,29274,26873,2401,106,1.0,880,28.0,smartphone,0.0,college,0.0,English,0.0,0.0,Y,11.081,236.6687754, Roberto Firmino,4,5606.781738,North Sacramento Elementary,4,3,3,5,0,2
884c8fa4-f6a9-4e37-a9ab-652c0f26d668,1-1,1,130203,123960,6243,324,1.0,880,28.0,smartphone,0.0,college,0.0,English,0.0,0.0,Y,9.6,156.8247822,Jamie Carragher,2,4969.180664,Anaheim Elementary,4,32,7,10,0,2
884c8fa4-f6a9-4e37-a9ab-652c0f26d668,2-2,0,35718,4860,30858,166,1.0,880,28.0,smartphone,0.0,college,0.0,English,0.0,0.0,Y,7.638,2049.382716,Joe Cole,5,4675.674805,Lemoore Union Elementary,3,1,7,10,0,5
884c8fa4-f6a9-4e37-a9ab-652c0f26d668,3-2,0,30379,28790,1589,120,1.0,880,28.0,smartphone,0.0,college,0.0,English,0.0,0.0,Y,10.697,250.0868357,Massimo Volta,4,5306.132813,Armona Union Elementary,1,3,7,10,0,5
884c8fa4-f6a9-4e37-a9ab-652c0f26d668,1-2,0,84221,81747,2474,383,1.0,880,28.0,smartphone,0.0,college,0.0,English,0.0,0.0,Y,10.485,281.1112334,Benjamin Uphoff,2,5693.883301,Beardsley Elementary,2,2,3,5,0,1
89f7f011-b480-4c6e-b249-c5a19f5c65d3,1-1,1,79781,71350,8431,324,1.0,1294,26.0,laptop,0.0,graduate school,1.0,English,1.0,0.0,Y,9.6,272.4597057,Marouane Fellaini,3,5181.57959,South Whittier Elementary,3,1,3,5,0,5
89f7f011-b480-4c6e-b249-c5a19f5c65d3,3-2,1,42875,39085,3790,120,1.0,1294,26.0,laptop,0.0,graduate school,1.0,English,1.0,0.0,Y,10.697,184.2138928,Gabriel Obertan,5,5228.650879,Hanford Elementary,1,2,7,10,0,6
89f7f011-b480-4c6e-b249-c5a19f5c65d3,2-2,0,49935,48087,1848,166,1.0,1294,26.0,laptop,0.0,graduate school,1.0,English,1.0,0.0,Y,7.638,207.1245867,Richard Chaplow,2,5339.391113,National Elementary,2,6,4,6,0,4
89f7f011-b480-4c6e-b249-c5a19f5c65d3,1-2,0,102034,98415,3619,383,1.0,1294,26.0,laptop,0.0,graduate school,1.0,English,1.0,0.0,Y,10.485,233.5009907, Xabi Alonso,4,6056.49707,Roseland Elementary,4,3,7,10,0,5
89f7f011-b480-4c6e-b249-c5a19f5c65d3,3-1,0,47720,39863,7857,106,1.0,1294,26.0,laptop,0.0,graduate school,1.0,English,1.0,0.0,Y,11.081,159.5464466,Bernd Leno,2,4845.680176,Di Giorgio Elementary,4,1,7,10,0,6
89f7f011-b480-4c6e-b249-c5a19f5c65d3,2-1,1,38888,35015,3873,145,1.0,1294,26.0,laptop,0.0,graduate school,1.0,English,1.0,0.0,Y,8.337,248.4649436,Alex Pearce,2,4826.666016,Keppel Union Elementary,2,6,7,10,0,6
8cc63a40-be0d-4ffe-bf7f-45d515c40b6c,3-1,1,36276,36276,0,106,1.0,539,39.0,tablet,2.0,college,1.0,English,0.0,1.0,Y,11.081,175.3225273,Benoît Pedretti,4,5367.090332,Lakeside Union Elementary,3,12,7,10,0,1
8cc63a40-be0d-4ffe-bf7f-45d515c40b6c,1-2,0,103469,102318,1151,383,1.0,539,39.0,tablet,2.0,college,1.0,English,0.0,1.0,Y,10.485,224.5939131,Phil Jones,4,5742.73291,Merced City Elementary,1,1,7,10,0,6
8cc63a40-be0d-4ffe-bf7f-45d515c40b6c,1-1,1,84732,84450,282,324,1.0,539,39.0,tablet,2.0,college,1.0,English,0.0,1.0,Y,9.6,230.1953819,Andrés Guardado,2,4136.250977,Guadalupe Union Elementary,1,5,9,13,0,6
8cc63a40-be0d-4ffe-bf7f-45d515c40b6c,2-1,1,47730,47730,0,145,0.3333333333,539,39.0,tablet,2.0,college,1.0,English,0.0,1.0,Y,8.337,182.2752986,Max Gradel,2,5267.831055,Cucamonga Elementary,3,4,9,13,0,6
8cc63a40-be0d-4ffe-bf7f-45d515c40b6c,3-2,0,46452,44687,1765,120,0.6666666667,539,39.0,tablet,2.0,college,1.0,English,0.0,1.0,Y,10.697,161.1206839,James Tomkins,3,5238.39209,Knightsen Elementary,4,1,4,6,0,5
8cc63a40-be0d-4ffe-bf7f-45d515c40b6c,2-2,0,90096,90096,0,166,1.0,539,39.0,tablet,2.0,college,1.0,English,0.0,1.0,Y,7.638,110.548748,Ryan Taylor,3,5462.899414,Rio Dell Elementary,1,7,7,10,0,5
8d39576d-2b3d-4eb4-acfa-32254991618d,2-2,1,20872,17002,3870,166,1.0,1150,,,0.0,,1.0,English,0.0,0.0,Y,7.638,585.8134337,Stephen Kelly,2,6313.373535,Montague Elementary,4,1,3,5,0,6
8d39576d-2b3d-4eb4-acfa-32254991618d,3-2,0,31630,28491,3139,120,1.0,1150,,,0.0,,1.0,English,0.0,0.0,Y,10.697,252.7113825,Abel Aguilar,2,6653.030762,McCloud Union Elementary,3,4,3,5,0,1
8d39576d-2b3d-4eb4-acfa-32254991618d,1-2,1,43433,23083,20350,383,0.6666666667,1150,,,0.0,,1.0,English,0.0,0.0,Y,10.485,995.5378417,Fabrice Begeorgi,4,5533.149414,Santa Paula Elementary,3,2,3,5,0,5
8d39576d-2b3d-4eb4-acfa-32254991618d,3-1,1,26463,14941,11522,106,1.0,1150,,,0.0,,1.0,English,0.0,0.0,Y,11.081,425.674319,Antoine Griezmann,1,6118.710449,West Park Elementary,2,3,7,10,0,5
8d39576d-2b3d-4eb4-acfa-32254991618d,1-1,0,55710,44080,11630,324,1.0,1150,,,0.0,,1.0,English,0.0,0.0,Y,9.6,441.0163339,Kévin Théophile-Catherine,2,5098.626953,Atwater Elementary,3,3,4,6,0,1
8d39576d-2b3d-4eb4-acfa-32254991618d,2-1,0,36699,27591,9108,145,0.6666666667,1150,,,0.0,,1.0,English,0.0,0.0,Y,8.337,315.3202131,Oliver Kirch,5,5652.878906,Weaver Union Elementary,2,2,3,5,0,6
8d488770-dca3-4c48-bac8-af2e74d1dc4c,3-1,1,15864,13503,2361,106,0.6666666667,1135,21.0,desktop,2.0,college,0.0,English,0.0,1.0,Y,11.081,471.006443,Mladen Petrić,5,5329.002441,Pacific Union Elementary,4,1,3,5,0,5
8d488770-dca3-4c48-bac8-af2e74d1dc4c,1-2,0,13716,10519,3197,383,0.3333333333,1135,21.0,desktop,2.0,college,0.0,English,0.0,1.0,Y,10.485,2184.61831, David Luiz,2,5929.809082,Lucerne Valley Unified,3,1,7,10,0,5
8d488770-dca3-4c48-bac8-af2e74d1dc4c,1-1,1,26822,22549,4273,324,0.3333333333,1135,21.0,desktop,2.0,college,0.0,English,0.0,1.0,Y,9.6,862.1224888,Roque Santa Cruz,3,4897.067871,Romoland Elementary,4,1,9,13,0,6
8d488770-dca3-4c48-bac8-af2e74d1dc4c,2-1,1,19184,18096,1088,145,1.0,1135,21.0,desktop,2.0,college,0.0,English,0.0,1.0,Y,8.337,480.7692308,Per Mertesacker,1,5100.202148,El Monte City Elementary,4,12,4,6,0,5
8d488770-dca3-4c48-bac8-af2e74d1dc4c,3-2,0,14960,12529,2431,120,0.6666666667,1135,21.0,desktop,2.0,college,0.0,English,0.0,1.0,Y,10.697,574.6667731,Damien Tibéri,4,4825.722656,Greenfield Union Elementary,2,2,7,10,0,5
8d488770-dca3-4c48-bac8-af2e74d1dc4c,2-2,0,7372,5678,1694,166,1.0,1135,21.0,desktop,2.0,college,0.0,English,0.0,1.0,Y,7.638,1754.138781, Rafinha,5,4079.12915,Palo Verde Union Elementary,4,1,3,5,0,1
8daf6eaf-3757-49a1-9fb7-77fce259e6fc,2-2,0,28350,22872,5478,166,0.6666666667,1227,45.0,laptop,0.0,high school,0.0,English,0.0,0.0,Y,7.638,435.4669465,Tom Trybull,4,5349.367676,Elverta Joint Elementary,1,2,3,5,0,6
8daf6eaf-3757-49a1-9fb7-77fce259e6fc,1-1,1,66981,61300,5681,324,0.6666666667,1227,45.0,laptop,0.0,high school,0.0,English,0.0,0.0,Y,9.6,317.1288744,Eljero Elia,1,5869.38916,Lucerne Elementary,2,1,4,6,0,5
8daf6eaf-3757-49a1-9fb7-77fce259e6fc,1-2,0,62547,51933,10614,383,1.0,1227,45.0,laptop,0.0,high school,0.0,English,0.0,0.0,Y,10.485,442.4932124,Stuart Taylor,4,6462.12793,Luther Burbank Elementary,4,1,3,5,0,6
8daf6eaf-3757-49a1-9fb7-77fce259e6fc,3-2,0,34562,30879,3683,120,0.6666666667,1227,45.0,laptop,0.0,high school,0.0,English,0.0,0.0,Y,10.697,233.1681725,Cyril Hennion,2,6231.601563,Bangor Union Elementary,3,1,7,10,0,4
8daf6eaf-3757-49a1-9fb7-77fce259e6fc,2-1,1,30533,28368,2165,145,0.6666666667,1227,45.0,laptop,0.0,high school,0.0,English,0.0,0.0,Y,8.337,306.6835871, Asenjo,2,4993.867676,Bayshore Elementary,2,2,3,5,0,5
8daf6eaf-3757-49a1-9fb7-77fce259e6fc,3-1,1,39330,37190,2140,106,0.6666666667,1227,45.0,laptop,0.0,high school,0.0,English,0.0,0.0,Y,11.081,171.0137134,Stephen Ireland,4,4663.811035,Oak Valley Union Elementary,4,12,9,13,0,6
8dbae56a-69d6-470e-837f-17b3df9f2ca8,1-1,1,58527,56110,2417,324,0.6666666667,1438,20.0,desktop,,college,0.0,English,0.0,,Y,9.6,346.4623062,Steeve Elana,2,6107.106445,Wilsona Elementary,1,1,3,5,0,4
8dbae56a-69d6-470e-837f-17b3df9f2ca8,2-2,0,42649,41558,1091,166,1.0,1438,20.0,desktop,,college,0.0,English,0.0,,Y,7.638,239.6650464,Gustavo Munúa,4,5324.228027,Brawley Elementary,3,3,7,10,0,6
8dbae56a-69d6-470e-837f-17b3df9f2ca8,3-1,1,22380,21824,556,106,1.0,1438,20.0,desktop,,college,0.0,English,0.0,,Y,11.081,291.4222874,Danny Wilson,5,5221.460938,Meadows Union Elementary,4,1,7,10,0,1
8dbae56a-69d6-470e-837f-17b3df9f2ca8,2-1,1,38426,38192,234,145,1.0,1438,20.0,desktop,,college,0.0,English,0.0,,Y,8.337,227.7963972,Jens Langeneke,4,5157.784668,Little Lake City Elementary,4,8,4,6,0,1
8dbae56a-69d6-470e-837f-17b3df9f2ca8,3-2,0,41123,39282,1841,120,1.0,1438,20.0,desktop,,college,0.0,English,0.0,,Y,10.697,183.2900565,Maximilian Beister,4,5131.119141,Pond Union Elementary,1,1,9,13,0,5
8dbae56a-69d6-470e-837f-17b3df9f2ca8,1-2,0,77391,74698,2693,383,0.3333333333,1438,20.0,desktop,,college,0.0,English,0.0,,Y,10.485,307.6387587,Joleon Lescott,2,5279.354004,Taft City Elementary,2,4,7,10,0,5
8e023aef-67dd-4d6b-bcf3-b12c776379b4,2-2,0,22317,20882,1435,166,1.0,1438,13.0,laptop,0.0,pre-high school,1.0,English,0.0,0.0,Y,7.638,476.9658079,Steven Whittaker,2,4704.043945,Brittan Elementary,1,10,4,6,0,6
8e023aef-67dd-4d6b-bcf3-b12c776379b4,3-2,0,16394,10260,6134,120,0.3333333333,1438,13.0,laptop,0.0,pre-high school,1.0,English,0.0,0.0,Y,10.697,701.754386,Dong-Won Ji,2,6089.910645,Arena Union Elementary,4,2,7,10,0,5
8e023aef-67dd-4d6b-bcf3-b12c776379b4,1-2,1,11366,10066,1300,383,0.6666666667,1438,13.0,laptop,0.0,pre-high school,1.0,English,0.0,0.0,Y,10.485,2282.932645,Stewart Downing,5,5356.833496,Adelanto Elementary,3,1,3,5,0,6
8e023aef-67dd-4d6b-bcf3-b12c776379b4,1-1,0,8527,6977,1550,324,0.6666666667,1438,13.0,laptop,0.0,pre-high school,1.0,English,0.0,0.0,Y,9.6,2786.297836,Mamadou Sakho,5,5144.549316,Hollister School District,2,1,4,6,0,5
8e023aef-67dd-4d6b-bcf3-b12c776379b4,3-1,1,10647,9581,1066,106,0.6666666667,1438,13.0,laptop,0.0,pre-high school,1.0,English,0.0,0.0,Y,11.081,663.8137981,Erik Wille,3,4906.22998,Palmdale Elementary,2,4,4,6,0,1
8e023aef-67dd-4d6b-bcf3-b12c776379b4,2-1,1,21458,20205,1253,145,0.0,1438,13.0,laptop,0.0,pre-high school,1.0,English,0.0,0.0,Y,8.337,430.5864885,Szabolcs Huszti,4,5489.588867,Oroville City Elementary,4,1,3,5,0,1
8e9004ce-deac-4c35-8176-a799b50f944b,1-1,1,79805,70412,9393,324,1.0,1438,25.0,desktop,0.0,college,1.0,English,0.0,0.0,Y,9.6,276.089303,Emre Can,2,5718.55127,Standard Elementary,3,1,3,5,0,5
8e9004ce-deac-4c35-8176-a799b50f944b,3-2,1,52965,49101,3864,120,1.0,1438,25.0,desktop,0.0,college,1.0,English,0.0,0.0,Y,10.697,146.6365247,Marcell Jansen,4,4436.152832,Briggs Elementary,3,1,3,5,0,5
8e9004ce-deac-4c35-8176-a799b50f944b,2-2,0,35236,34095,1141,166,0.6666666667,1438,25.0,desktop,0.0,college,1.0,English,0.0,0.0,Y,7.638,292.124945,Oguchi Onyewu,3,4895.439453,Monroe Elementary,2,1,3,5,1,3
8e9004ce-deac-4c35-8176-a799b50f944b,2-1,1,37670,36353,1317,145,1.0,1438,25.0,desktop,0.0,college,1.0,English,0.0,0.0,Y,8.337,239.3200011,Marc-Antoine Fortuné,4,5159.21875,Lancaster Elementary,1,5,4,6,0,2
8e9004ce-deac-4c35-8176-a799b50f944b,1-2,0,85207,74077,11130,383,1.0,1438,25.0,desktop,0.0,college,1.0,English,0.0,0.0,Y,10.485,310.2177464,Hedwiges Maduro,4,5490.654785,Alview-Dairyland Union Elementary,4,5,4,6,0,6
8e9004ce-deac-4c35-8176-a799b50f944b,3-1,0,41998,38766,3232,106,0.6666666667,1438,25.0,desktop,0.0,college,1.0,English,0.0,0.0,Y,11.081,164.0612908,Aristide Bancé,4,5172.019531,Magnolia Elementary,1,3,7,10,0,4
8ee203f2-ee28-4529-bce3-eac1a57be7f8,1-1,1,36559,24885,11674,324,0.0,920,,,,,,,,,,9.6,781.1934901,Nathaniel Clyne,4,4441.672852,Liberty Elementary,4,1,7,10,0,1
8ee203f2-ee28-4529-bce3-eac1a57be7f8,3-2,0,16575,14787,1788,120,1.0,920,,,,,,,,,,10.697,486.9141814,Ralf Fährmann,3,5220.370117,Mt. Pleasant Elementary,4,2,7,10,0,5
8ee203f2-ee28-4529-bce3-eac1a57be7f8,2-2,0,16084,13209,2875,166,1.0,920,,,,,,,,,,7.638,754.0313423,Sammy Ameobi,2,5252.810547,El Centro Elementary,1,1,7,10,0,6
8ee203f2-ee28-4529-bce3-eac1a57be7f8,3-1,1,10457,8817,1640,106,0.6666666667,920,,,,,,,,,,11.081,721.333787,Oguchi Onyewu,2,5518.702148,South Bay Union Elementary,3,1,4,6,0,5
8ee203f2-ee28-4529-bce3-eac1a57be7f8,2-1,1,12953,10395,2558,145,0.0,920,,,,,,,,,,8.337,836.9408369, Luna,3,5609.487793,Cascade Union Elementary,2,2,3,5,0,5
8ee203f2-ee28-4529-bce3-eac1a57be7f8,1-2,0,38365,34179,4186,383,0.3333333333,920,,,,,,,,,,10.485,672.3426665,Zlatko Junuzović,2,4945.031738,Kings River Union Elementary,4,1,3,5,0,1
8ee594b5-8f8a-4ac5-874e-70ae8f41cac6,1-2,1,115333,108559,6774,383,1.0,1137,21.0,laptop,1.0,high school,1.0,English,0.0,1.0,Y,10.485,211.6821268, Amorebieta,4,5223.025391,Gerber Union Elementary,3,1,7,10,1,1
8ee594b5-8f8a-4ac5-874e-70ae8f41cac6,2-2,0,53306,49154,4152,166,1.0,1137,21.0,laptop,1.0,high school,1.0,English,0.0,1.0,Y,7.638,202.6284738,Mathieu Deplagne,4,4757.025391,Exeter Union Elementary,1,1,7,10,0,5
8ee594b5-8f8a-4ac5-874e-70ae8f41cac6,3-1,1,45186,40375,4811,106,1.0,1137,21.0,laptop,1.0,high school,1.0,English,0.0,1.0,Y,11.081,157.5232198,Roman Weidenfeller,5,5522.161621,American Union Elementary,4,1,7,10,0,6
8ee594b5-8f8a-4ac5-874e-70ae8f41cac6,3-2,0,50468,37251,13217,120,0.6666666667,1137,21.0,laptop,1.0,high school,1.0,English,0.0,1.0,Y,10.697,193.2834018,Jan Kirchhoff,4,6087.608887,San Antonio Union Elementary,4,1,3,5,0,6
8ee594b5-8f8a-4ac5-874e-70ae8f41cac6,1-1,0,109407,103452,5955,324,0.6666666667,1137,21.0,laptop,1.0,high school,1.0,English,0.0,1.0,Y,9.6,187.9132351,Ashkan Dejagah,3,4960.515625,Burton Elementary,2,1,3,5,1,5
8ee594b5-8f8a-4ac5-874e-70ae8f41cac6,2-1,1,56896,51314,5582,145,0.6666666667,1137,21.0,laptop,1.0,high school,1.0,English,0.0,1.0,Y,8.337,169.5443739,Emmanuel Adebayor,4,4880.040527,Nuview Union Elementary,4,3,7,10,0,5
902669eb-08bc-4e32-8e29-a4c99c57072b,2-2,1,37943,36590,1353,166,1.0,1212,26.0,laptop,0.0,graduate school,1.0,English,0.0,0.0,Y,7.638,272.2055206,Simon Pouplin,3,6538.417969,Bellevue Union Elementary,4,2,4,6,1,3
902669eb-08bc-4e32-8e29-a4c99c57072b,1-1,1,72420,67359,5061,324,1.0,1212,26.0,laptop,0.0,graduate school,1.0,English,0.0,0.0,Y,9.6,288.6028593,Danny Fox,4,4925.659668,Garvey Elementary,3,2,7,10,0,1
902669eb-08bc-4e32-8e29-a4c99c57072b,3-1,0,28529,27119,1410,106,1.0,1212,26.0,laptop,0.0,graduate school,1.0,English,0.0,0.0,Y,11.081,234.5219219, Dante,3,5204.6875,Corning Union Elementary,2,7,7,10,0,5
902669eb-08bc-4e32-8e29-a4c99c57072b,1-2,0,91735,89147,2588,383,1.0,1212,26.0,laptop,0.0,graduate school,1.0,English,0.0,0.0,Y,10.485,257.7764815,Markus Feulner,2,4907.410645,Jefferson Elementary,2,1,7,10,0,5
902669eb-08bc-4e32-8e29-a4c99c57072b,3-2,1,37402,35530,1872,120,1.0,1212,26.0,laptop,0.0,graduate school,1.0,English,0.0,0.0,Y,10.697,202.6456516,Etienne Didot,4,5923.45166,Big Springs Union Elementary,4,3,7,10,0,4
902669eb-08bc-4e32-8e29-a4c99c57072b,2-1,0,34860,32951,1909,145,0.6666666667,1212,26.0,laptop,0.0,graduate school,1.0,English,0.0,0.0,Y,8.337,264.0284058,Alexandre Alphonse,1,4741.957031,General Shafter Elementary,2,8,7,10,0,5
9175e447-1bf7-4667-bb18-dd7aacb6f4ef,2-2,0,75130,48523,26607,166,1.0,1368,28.0,laptop,0.0,graduate school,1.0,German,0.0,0.0,N,7.638,205.2634833,Ryad Boudebouz,3,4954.019531,Turlock Joint Elementary,3,9,9,13,0,4
9175e447-1bf7-4667-bb18-dd7aacb6f4ef,1-2,1,86754,38316,48438,383,1.0,1368,28.0,laptop,0.0,graduate school,1.0,German,0.0,0.0,N,10.485,599.7494519, Sandro,4,5500.10791,Twain Harte-Long Barn Union Elementary,3,1,9,13,0,1
9175e447-1bf7-4667-bb18-dd7aacb6f4ef,3-2,0,47956,31559,16397,120,1.0,1368,28.0,laptop,0.0,graduate school,1.0,German,0.0,0.0,N,10.697,228.144111,Louis Saha,4,5360.51709,Redwood City Elementary,1,1,4,6,1,5
9175e447-1bf7-4667-bb18-dd7aacb6f4ef,1-1,0,93904,54299,39605,324,1.0,1368,28.0,laptop,0.0,graduate school,1.0,German,0.0,0.0,N,9.6,358.0176431,Mohamed Fofana,4,5685.63916,Camino Union Elementary,2,3,7,10,0,5
9175e447-1bf7-4667-bb18-dd7aacb6f4ef,2-1,1,40639,30210,10429,145,1.0,1368,28.0,laptop,0.0,graduate school,1.0,German,0.0,0.0,N,8.337,287.9841112,Matthias Ostrzolek,2,5594.196289,Plainsburg Union Elementary,4,1,3,5,0,1
9175e447-1bf7-4667-bb18-dd7aacb6f4ef,3-1,1,33444,13518,19926,106,1.0,1368,28.0,laptop,0.0,graduate school,1.0,German,0.0,0.0,N,11.081,470.4837994,Moussa Dembélé,1,4692.566895,Banta Elementary,3,10,3,5,0,5
92549cea-1034-4ed8-8c3f-b94bbdd55d0e,1-2,1,26785,22593,4192,383,0.3333333333,1438,33.0,desktop,0.0,graduate school,1.0,English,0.0,0.0,Y,10.485,1017.129199,Clemens Fritz,4,5085.40625,Washington Colony Elementary,3,1,3,5,0,5
92549cea-1034-4ed8-8c3f-b94bbdd55d0e,1-1,0,33311,30969,2342,324,0.6666666667,1438,33.0,desktop,0.0,graduate school,1.0,English,0.0,0.0,Y,9.6,627.7244987,David Ducourtioux,2,5456.197266,Rio Linda Union Elementary,2,5,7,10,0,4
92549cea-1034-4ed8-8c3f-b94bbdd55d0e,2-1,1,15002,14442,560,145,1.0,1438,33.0,desktop,0.0,graduate school,1.0,English,0.0,0.0,Y,8.337,602.4096386,Armand Traoré,4,5105.179688,Chatom Union Elementary,1,13,4,6,0,6
92549cea-1034-4ed8-8c3f-b94bbdd55d0e,3-2,1,23489,21461,2028,120,0.6666666667,1438,33.0,desktop,0.0,graduate school,1.0,English,0.0,0.0,Y,10.697,335.4922883,Andreas Beck,4,5519.677246,Merced River Union Elementary,2,4,3,5,0,5
92549cea-1034-4ed8-8c3f-b94bbdd55d0e,3-1,0,28775,26933,1842,106,1.0,1438,33.0,desktop,0.0,graduate school,1.0,English,0.0,0.0,Y,11.081,236.1415364,Hanno Balitsch,5,5065.911133,Hueneme Elementary,1,13,3,5,0,3
92549cea-1034-4ed8-8c3f-b94bbdd55d0e,2-2,0,20144,19610,534,166,1.0,1438,33.0,desktop,0.0,graduate school,1.0,English,0.0,0.0,Y,7.638,507.9041305,Wojciech Szczęsny,2,5182.428223,Cuddeback Union Elementary,2,1,7,10,0,3
9294f017-a752-4e3f-9266-06922b940943,2-1,0,62177,60054,2123,145,0.6666666667,880,39.0,smartphone,0.0,graduate school,1.0,English,0.0,0.0,Y,8.337,144.8696173, Javi García,3,5960.464355,Blue Lake Union Elementary,3,1,9,13,0,6
9294f017-a752-4e3f-9266-06922b940943,2-2,1,83370,80629,2741,166,0.6666666667,880,39.0,smartphone,0.0,graduate school,1.0,English,0.0,0.0,Y,7.638,123.5287552,Valentin Eysseric,2,5124.836426,Lemon Grove Elementary,1,3,4,6,0,3
9294f017-a752-4e3f-9266-06922b940943,3-2,1,78768,76124,2644,120,1.0,880,39.0,smartphone,0.0,graduate school,1.0,English,0.0,0.0,Y,10.697,94.58252325,Daniel Wass,2,5655.133301,Upper Lake Union Elementary,2,8,7,10,0,5
9294f017-a752-4e3f-9266-06922b940943,1-2,1,88144,78099,10045,383,0.6666666667,880,39.0,smartphone,0.0,graduate school,1.0,English,0.0,0.0,Y,10.485,294.2419237,Jack Cork,2,5811.689941,Peninsula Union Elementary,3,1,3,5,1,5
9294f017-a752-4e3f-9266-06922b940943,3-1,0,50852,44401,6451,106,1.0,880,39.0,smartphone,0.0,graduate school,1.0,English,0.0,0.0,Y,11.081,143.2400171,Jermaine Jenas,4,5467.673828,Ocean View Elementary,1,1,3,5,0,1
9294f017-a752-4e3f-9266-06922b940943,1-1,0,140487,137657,2830,324,0.6666666667,880,39.0,smartphone,0.0,graduate school,1.0,English,0.0,0.0,Y,9.6,141.22057,Benoît Pedretti,1,5213.089355,Reeds Creek Elementary,4,1,4,6,0,1
934b7cd1-b84f-4fae-8981-c0231b37dc5b,1-1,0,85433,27451,57982,324,0.6666666667,880,31.0,smartphone,0.0,graduate school,1.0,English,0.0,0.0,Y,9.6,708.1709227, Isma López,2,4613.1875,Arcohe Union Elementary,3,1,3,5,0,4
934b7cd1-b84f-4fae-8981-c0231b37dc5b,2-2,0,37575,14240,23335,166,0.6666666667,880,31.0,smartphone,0.0,graduate school,1.0,English,0.0,0.0,Y,7.638,699.4382022,Mike Hanke,4,4886.983887,New Jerusalem Elementary,1,9,7,10,0,5
934b7cd1-b84f-4fae-8981-c0231b37dc5b,1-2,1,72663,37552,35111,383,1.0,880,31.0,smartphone,0.0,graduate school,1.0,English,0.0,0.0,Y,10.485,611.9514274,Zdravko Kuzmanović,3,6455.136719,Dunsmuir Elementary,3,1,3,5,0,3
934b7cd1-b84f-4fae-8981-c0231b37dc5b,2-1,1,34279,32555,1724,145,0.3333333333,880,31.0,smartphone,0.0,graduate school,1.0,English,0.0,0.0,Y,8.337,267.2400553,Johnny Heitinga,2,5125.433105,Stanislaus Union Elementary,4,2,9,13,0,5
934b7cd1-b84f-4fae-8981-c0231b37dc5b,3-1,1,25731,16934,8797,106,1.0,880,31.0,smartphone,0.0,graduate school,1.0,English,0.0,0.0,Y,11.081,375.5757647,Bafetimbi Gomis,2,5193.692383,Kingsburg Joint Union Elementary,4,1,3,5,0,6
934b7cd1-b84f-4fae-8981-c0231b37dc5b,3-2,0,34969,25390,9579,120,1.0,880,31.0,smartphone,0.0,graduate school,1.0,English,0.0,0.0,Y,10.697,283.5762111,Louis Saha,2,5002.838867,Buena Park Elementary,1,1,7,10,0,5
93ae865d-c378-43e3-ac66-f429add5f358,1-2,1,114246,106577,7669,383,1.0,1281,23.0,laptop,1.0,college,1.0,English,0.0,1.0,Y,10.485,215.6187545,Chris Baird,2,5337.625488,Westminster Elementary,4,1,7,10,0,4
93ae865d-c378-43e3-ac66-f429add5f358,2-2,0,58892,55259,3633,166,1.0,1281,23.0,laptop,1.0,college,1.0,English,0.0,1.0,Y,7.638,180.2421325,Felix Klaus,5,5161.202148,Island Union Elementary,3,1,4,6,0,6
93ae865d-c378-43e3-ac66-f429add5f358,1-1,0,109527,99882,9645,324,1.0,1281,23.0,laptop,1.0,college,1.0,English,0.0,1.0,Y,9.6,194.629663,Kassim Abdallah,4,5158.791992,Tulare City Elementary,3,7,9,13,0,6
93ae865d-c378-43e3-ac66-f429add5f358,3-2,1,63813,56392,7421,120,0.6666666667,1281,23.0,laptop,1.0,college,1.0,English,0.0,1.0,Y,10.697,127.6776848,Gaëtan Bong,4,5123.474121,Chula Vista Elementary,4,1,7,10,0,5
93ae865d-c378-43e3-ac66-f429add5f358,2-1,1,59698,56012,3686,145,0.6666666667,1281,23.0,laptop,1.0,college,1.0,English,0.0,1.0,Y,8.337,155.3238592,Steven Whittaker,1,5782.543945,Black Butte Union Elementary,3,1,4,6,0,5
93ae865d-c378-43e3-ac66-f429add5f358,3-1,0,38492,35925,2567,106,1.0,1281,23.0,laptop,1.0,college,1.0,English,0.0,1.0,Y,11.081,177.0354906, Martín Montoya,5,4842.60791,McSwain Union Elementary,2,1,7,10,0,4
93dbdc35-b0e5-4dc1-bd4f-0a15eb5378a2,3-1,0,21122,17525,3597,106,1.0,1212,12.0,desktop,0.0,pre-high school,1.0,Vietnamese,0.0,0.0,N,11.081,362.9101284, Siqueira,3,4219.40625,Franklin Elementary,4,1,3,5,1,6
93dbdc35-b0e5-4dc1-bd4f-0a15eb5378a2,3-2,1,20455,19259,1196,120,0.6666666667,1212,12.0,desktop,0.0,pre-high school,1.0,Vietnamese,0.0,0.0,N,10.697,373.8511865,Martin Kelly,4,5081.169922,Escondido Union Elementary,2,1,4,6,0,6
93dbdc35-b0e5-4dc1-bd4f-0a15eb5378a2,2-2,1,25657,21779,3878,166,1.0,1212,12.0,desktop,0.0,pre-high school,1.0,Vietnamese,0.0,0.0,N,7.638,457.3212728,Cédric Carrasso,4,5144.993652,East Whittier City Elementary,4,20,4,6,1,5
93dbdc35-b0e5-4dc1-bd4f-0a15eb5378a2,1-1,1,51546,48171,3375,324,0.6666666667,1212,12.0,desktop,0.0,pre-high school,1.0,Vietnamese,0.0,0.0,N,9.6,403.5623093,Lionel Messi,4,4674.298828,Rio Bravo-Greeley Union Elementary,2,3,3,5,0,5
93dbdc35-b0e5-4dc1-bd4f-0a15eb5378a2,2-1,0,21476,18772,2704,145,1.0,1212,12.0,desktop,0.0,pre-high school,1.0,Vietnamese,0.0,0.0,N,8.337,463.4562114, Guaita,3,4830.326172,Marcum-Illinois Union Elementary,2,3,3,5,0,1
93dbdc35-b0e5-4dc1-bd4f-0a15eb5378a2,1-2,0,49679,45168,4511,383,1.0,1212,12.0,desktop,0.0,pre-high school,1.0,Vietnamese,0.0,0.0,N,10.485,508.7672689,Kevin Volland,1,5621.687988,Vallecitos Elementary,1,1,3,5,0,3
94001a0c-b948-4223-a92a-eebe14c48d2f,2-1,0,26736,26736,0,145,0.3333333333,369,15.0,smartphone,0.0,,1.0,English,0.0,0.0,Y,8.337,325.4039497, Manuel Pablo,4,4948.868164,Victor Elementary,2,14,3,5,1,5
94001a0c-b948-4223-a92a-eebe14c48d2f,1-1,1,65473,58740,6733,324,1.0,369,15.0,smartphone,0.0,,1.0,English,0.0,0.0,Y,9.6,330.9499489,Tomáš Pekhart,2,5100.975586,Savanna Elementary,1,1,4,6,0,2
94001a0c-b948-4223-a92a-eebe14c48d2f,3-1,1,21914,21914,0,106,1.0,369,15.0,smartphone,0.0,,1.0,English,0.0,0.0,Y,11.081,290.2254267,Maxim Choupo-Moting,4,5132.788574,West Side Union Elementary,3,4,4,6,0,5
94001a0c-b948-4223-a92a-eebe14c48d2f,2-2,1,25356,25356,0,166,1.0,369,15.0,smartphone,0.0,,1.0,English,0.0,0.0,Y,7.638,392.8064363,Pantxi Sirieix,3,5358.51709,Enterprise Elementary,2,12,7,10,0,4
94001a0c-b948-4223-a92a-eebe14c48d2f,1-2,0,58700,50998,7702,383,1.0,369,15.0,smartphone,0.0,,1.0,English,0.0,0.0,Y,10.485,450.6059061,Johan Liebus,5,5149.186523,Red Bluff Union Elementary,2,3,7,10,0,5
94001a0c-b948-4223-a92a-eebe14c48d2f,3-2,0,27178,27178,0,120,1.0,369,15.0,smartphone,0.0,,1.0,English,0.0,0.0,Y,10.697,264.920156,Kevin Nolan,4,5373.206543,Jamestown Elementary,2,3,7,10,0,5
949a9e93-0ca1-4643-b4d5-9852ceeeec03,2-1,1,24662,23953,709,145,1.0,1438,27.0,desktop,0.0,college,0.0,English,0.0,0.0,Y,8.337,363.2112888,Jonas Hofmann,4,6485.166016,Weed Union Elementary,3,1,7,10,0,6
949a9e93-0ca1-4643-b4d5-9852ceeeec03,1-1,0,79350,75555,3795,324,1.0,1438,27.0,desktop,0.0,college,0.0,English,0.0,0.0,Y,9.6,257.2960095,Łukasz Fabiański,4,5504.025391,South Bay Union Elementary,4,2,4,6,0,6
949a9e93-0ca1-4643-b4d5-9852ceeeec03,3-1,1,29384,25620,3764,106,1.0,1438,27.0,desktop,0.0,college,0.0,English,0.0,0.0,Y,11.081,248.2435597,Rani Khedira,4,5105.734375,Brentwood Union Elementary,3,1,3,5,0,6
949a9e93-0ca1-4643-b4d5-9852ceeeec03,1-2,1,89600,85355,4245,383,1.0,1438,27.0,desktop,0.0,college,0.0,English,0.0,0.0,Y,10.485,269.2285162,Romain Amalfitano,4,5634.730957,Summerville Elementary,3,2,3,5,0,5
949a9e93-0ca1-4643-b4d5-9852ceeeec03,3-2,0,29331,27847,1484,120,1.0,1438,27.0,desktop,0.0,college,0.0,English,0.0,0.0,Y,10.697,258.5556792,Szabolcs Huszti,5,4980.294434,Ophir Elementary,4,1,7,10,0,1
949a9e93-0ca1-4643-b4d5-9852ceeeec03,2-2,0,42676,41547,1129,166,1.0,1438,27.0,desktop,0.0,college,0.0,English,0.0,0.0,Y,7.638,239.7285003,Sebastián Coates,5,6113.859863,Montgomery Elementary,2,1,7,10,0,5
94d5ae9f-66ba-48f2-93d0-19cf5aac6a3f,2-1,0,18311,17608,703,145,0.6666666667,1438,17.0,laptop,0.0,high school,1.0,English,0.0,0.0,Y,8.337,494.0935938,Jean Beausejour,3,5850.0,Santa Rosa Elementary,3,1,7,10,0,5
94d5ae9f-66ba-48f2-93d0-19cf5aac6a3f,1-2,0,48266,32004,16262,383,1.0,1438,17.0,laptop,0.0,high school,1.0,English,0.0,0.0,Y,10.485,718.0352456,Mesut Özil,4,4547.944824,Salida Union Elementary,1,1,3,5,0,4
94d5ae9f-66ba-48f2-93d0-19cf5aac6a3f,3-2,1,20027,5623,14404,120,0.6666666667,1438,17.0,laptop,0.0,high school,1.0,English,0.0,0.0,Y,10.697,1280.455273,Simon Jentzsch,2,5011.840332,Shasta Union Elementary,1,6,3,5,0,5
94d5ae9f-66ba-48f2-93d0-19cf5aac6a3f,2-2,1,30446,29224,1222,166,1.0,1438,17.0,laptop,0.0,high school,1.0,English,0.0,0.0,Y,7.638,340.8157679,Carlos Vela,3,5261.370605,Fortuna Union Elementary,1,1,7,10,0,1
94d5ae9f-66ba-48f2-93d0-19cf5aac6a3f,1-1,1,46446,24470,21976,324,1.0,1438,17.0,laptop,0.0,high school,1.0,English,0.0,0.0,Y,9.6,794.4421741,Robert Green,1,4276.115234,Rockford  Elementary,2,6,4,6,0,5
94d5ae9f-66ba-48f2-93d0-19cf5aac6a3f,3-1,0,12264,11013,1251,106,0.6666666667,1438,17.0,laptop,0.0,high school,1.0,English,0.0,0.0,Y,11.081,577.499319,Jamie Mackie,3,4566.27002,Plaza Elementary,2,3,7,10,0,5
95165b45-dc58-4a62-bb78-afd606f1e34a,3-1,0,56258,49334,6924,106,0.6666666667,1214,27.0,laptop,0.0,professional school,1.0,Romanian,0.0,0.0,N,11.081,128.9171768,Glenn Whelan,4,6049.495117,Monte Rio Union Elementary,1,1,7,10,0,3
95165b45-dc58-4a62-bb78-afd606f1e34a,1-2,1,86357,82591,3766,383,0.6666666667,1214,27.0,laptop,0.0,professional school,1.0,Romanian,0.0,0.0,N,10.485,278.238549,Lionel Messi,3,4974.28125,Janesville Union Elementary,3,18,7,10,0,2
95165b45-dc58-4a62-bb78-afd606f1e34a,1-1,0,74679,70802,3877,324,1.0,1214,27.0,laptop,0.0,professional school,1.0,Romanian,0.0,0.0,N,9.6,274.568515, Júlio Baptista,3,4432.478027,Magnolia Union Elementary,4,7,7,10,0,5
95165b45-dc58-4a62-bb78-afd606f1e34a,2-1,0,36243,35538,705,145,0.6666666667,1214,27.0,laptop,0.0,professional school,1.0,Romanian,0.0,0.0,N,8.337,244.8083741,Frank Lampard,4,4924.619141,Shaffer Union Elementary,2,4,7,10,0,3
95165b45-dc58-4a62-bb78-afd606f1e34a,3-2,1,39646,36186,3460,120,1.0,1214,27.0,laptop,0.0,professional school,1.0,Romanian,0.0,0.0,N,10.697,198.9719781,Leon Osman,3,4603.659668,Fullerton Elementary,2,19,9,13,0,5
95165b45-dc58-4a62-bb78-afd606f1e34a,2-2,1,40502,38807,1695,166,0.6666666667,1214,27.0,laptop,0.0,professional school,1.0,Romanian,0.0,0.0,N,7.638,256.6547272,Bo Svensson,5,5973.925293,Cinnabar Elementary,2,1,9,13,0,6
95331a06-3cd7-4ced-a1f9-7baeee03847e,3-2,1,50469,44116,6353,120,1.0,1150,22.0,laptop,1.0,college,1.0,English,0.0,1.0,Y,10.697,163.206093,Sebastian Jung,4,5215.943848,Santa Barbara Elementary,1,3,4,6,1,2
95331a06-3cd7-4ced-a1f9-7baeee03847e,1-1,0,76399,67337,9062,324,0.6666666667,1150,22.0,laptop,1.0,college,1.0,English,0.0,1.0,Y,9.6,288.6971502,Robert Zillner,2,4882.236816,Rohnerville Elementary,2,3,7,10,0,6
95331a06-3cd7-4ced-a1f9-7baeee03847e,1-2,1,81511,69274,12237,383,0.6666666667,1150,22.0,laptop,1.0,college,1.0,English,0.0,1.0,Y,10.485,331.7261888,Hiroki Sakai,4,4145.835938,Pleasant Grove Joint Union Elementary,4,1,3,5,0,5
95331a06-3cd7-4ced-a1f9-7baeee03847e,2-2,1,38741,25160,13581,166,1.0,1150,22.0,laptop,1.0,college,1.0,English,0.0,1.0,Y,7.638,395.8664547,Mamadou Bah,4,7542.038086,Mountain Union Elementary,3,1,3,5,0,1
95331a06-3cd7-4ced-a1f9-7baeee03847e,3-1,0,53524,40724,12800,106,1.0,1150,22.0,laptop,1.0,college,1.0,English,0.0,1.0,Y,11.081,156.1732639,Beg Ferati,1,5247.018066,South Fork Union Elementary,4,1,3,5,0,6
95331a06-3cd7-4ced-a1f9-7baeee03847e,2-1,0,48165,46291,1874,145,0.6666666667,1150,22.0,laptop,1.0,college,1.0,English,0.0,1.0,Y,8.337,187.9415005,Jon Walters,3,5169.814941,Jamul-Dulzura Union Elementary,4,1,7,10,0,1
95ad60c1-7c93-4341-9da3-763bbed405b9,3-1,0,53155,47291,5864,106,1.0,1438,21.0,desktop,0.0,college,0.0,Chinese,0.0,0.0,N,11.081,134.4864773,Joey Barton,2,5951.005859,Live Oak Elementary,1,4,4,6,0,1
95ad60c1-7c93-4341-9da3-763bbed405b9,2-2,0,48771,46822,1949,166,1.0,1438,21.0,desktop,0.0,college,0.0,Chinese,0.0,0.0,N,7.638,212.720516, Fernando Navarro,2,4746.572266,Menifee Union Elementary,1,1,3,5,0,6
95ad60c1-7c93-4341-9da3-763bbed405b9,2-1,1,49683,49375,308,145,1.0,1438,21.0,desktop,0.0,college,0.0,Chinese,0.0,0.0,N,8.337,176.2025316,Gabriel Tamaş,4,4944.092285,Lakeside Union Elementary,1,1,3,5,1,2
95ad60c1-7c93-4341-9da3-763bbed405b9,1-1,1,55001,53699,1302,324,0.3333333333,1438,21.0,desktop,0.0,college,0.0,Chinese,0.0,0.0,N,9.6,362.0179147, Cala,2,6306.487305,Whisman Elementary,1,1,7,10,0,1
95ad60c1-7c93-4341-9da3-763bbed405b9,1-2,0,138929,137416,1513,383,0.3333333333,1438,21.0,desktop,0.0,college,0.0,Chinese,0.0,0.0,N,10.485,167.2294347, Xisco,3,4260.306641,McCabe Union Elementary,1,4,9,13,0,1
95ad60c1-7c93-4341-9da3-763bbed405b9,3-2,1,66403,65491,912,120,0.6666666667,1438,21.0,desktop,0.0,college,0.0,Chinese,0.0,0.0,N,10.697,109.9387702,Milan Biševac,4,4718.163086,Lammersville Elementary,2,3,4,6,0,5
95be5385-2c68-450d-9591-83bb9246442d,3-1,1,85159,83964,1195,106,1.0,1438,29.0,desktop,1.0,professional school,1.0,Norwegian,0.0,1.0,N,11.081,75.74674861,Jannik Vestergaard,1,4751.299805,Lassen View Union Elementary,4,1,7,10,1,6
95be5385-2c68-450d-9591-83bb9246442d,2-2,0,104651,102056,2595,166,1.0,1438,29.0,desktop,1.0,professional school,1.0,Norwegian,0.0,1.0,N,7.638,97.59347809,Gianni Bruno,2,5653.453613,Loleta Union Elementary,2,5,3,5,0,5
95be5385-2c68-450d-9591-83bb9246442d,1-1,0,200906,194315,6591,324,1.0,1438,29.0,desktop,1.0,professional school,1.0,Norwegian,0.0,1.0,N,9.6,100.0437434,Johnny Heitinga,3,5920.253418,Junction Elementary,4,2,3,5,0,1
95be5385-2c68-450d-9591-83bb9246442d,3-2,0,92018,90940,1078,120,1.0,1438,29.0,desktop,1.0,professional school,1.0,Norwegian,0.0,1.0,N,10.697,79.17308115, Odaïr Fortes,2,4825.59082,Rosemead Elementary,3,5,4,6,0,5
95be5385-2c68-450d-9591-83bb9246442d,1-2,1,229600,224109,5491,383,1.0,1438,29.0,desktop,1.0,professional school,1.0,Norwegian,0.0,1.0,N,10.485,102.5393893,Philipp Klement,2,5532.582031,Grass Valley Elementary,4,1,3,5,0,1
95be5385-2c68-450d-9591-83bb9246442d,2-1,1,92066,91547,519,145,0.6666666667,1438,29.0,desktop,1.0,professional school,1.0,Norwegian,0.0,1.0,N,8.337,95.03315237,Damien Duff,2,3926.06958,Buena Vista Elementary,4,9,7,10,0,5
95cad567-beb8-48bc-9d49-b9f5b17eb742,3-2,0,47913,42316,5597,120,1.0,1279,34.0,desktop,0.0,graduate school,1.0,English,0.0,0.0,Y,10.697,170.1484072, Bébé,4,5805.636719,Kernville Union Elementary,4,2,3,5,0,4
95cad567-beb8-48bc-9d49-b9f5b17eb742,1-2,1,69226,65401,3825,383,1.0,1279,34.0,desktop,0.0,graduate school,1.0,English,0.0,0.0,Y,10.485,351.3707741,Jermaine Jenas,3,4899.239746,Galt Joint Union Elementary,3,2,9,13,0,4
95cad567-beb8-48bc-9d49-b9f5b17eb742,2-2,0,32924,31984,940,166,1.0,1279,34.0,desktop,0.0,graduate school,1.0,English,0.0,0.0,Y,7.638,311.4057029,Kingsley Onuegbu,4,4884.862305,Southside Elementary,2,2,3,5,0,6
95cad567-beb8-48bc-9d49-b9f5b17eb742,1-1,0,64717,63884,833,324,1.0,1279,34.0,desktop,0.0,graduate school,1.0,English,0.0,0.0,Y,9.6,304.3015466,Marko Marin,3,5139.9375,Lakeside Union Elementary,1,2,7,10,0,5
95cad567-beb8-48bc-9d49-b9f5b17eb742,3-1,1,24974,23050,1924,106,1.0,1279,34.0,desktop,0.0,graduate school,1.0,English,0.0,0.0,Y,11.081,275.9219089,Momo Diamé,2,5249.364746,Nuestro Elementary,2,7,7,10,0,6
95cad567-beb8-48bc-9d49-b9f5b17eb742,2-1,1,33734,32932,802,145,1.0,1279,34.0,desktop,0.0,graduate school,1.0,English,0.0,0.0,Y,8.337,264.1807361,Daniel Caligiuri,2,5399.070313,Alvina Elementary,2,1,4,6,0,6
96b2dfab-22c0-43b4-8799-2c759dd9163e,1-2,1,27305,23634,3671,383,0.6666666667,1438,18.0,desktop,0.0,college,0.0,English,0.0,0.0,Y,10.485,972.328002,Shane Ferguson,4,4965.290039,Oakley Union Elementary,3,1,9,13,0,5
96b2dfab-22c0-43b4-8799-2c759dd9163e,2-1,0,26740,26037,703,145,1.0,1438,18.0,desktop,0.0,college,0.0,English,0.0,0.0,Y,8.337,334.1398779,Timothy Chandler,2,6210.323242,Etna Union Elementary,1,2,7,10,0,5
96b2dfab-22c0-43b4-8799-2c759dd9163e,2-2,1,38281,36933,1348,166,1.0,1438,18.0,desktop,0.0,college,0.0,English,0.0,0.0,Y,7.638,269.6775242,Luka Modrić,5,4797.503418,Jefferson Elementary,3,1,4,6,0,6
96b2dfab-22c0-43b4-8799-2c759dd9163e,1-1,0,40175,38031,2144,324,0.3333333333,1438,18.0,desktop,0.0,college,0.0,English,0.0,0.0,Y,9.6,511.1619468,Daniel Van Buyten,2,5397.161621,Berryessa Union Elementary,2,2,7,10,0,5
96b2dfab-22c0-43b4-8799-2c759dd9163e,3-2,0,18537,17685,852,120,0.0,1438,18.0,desktop,0.0,college,0.0,English,0.0,0.0,Y,10.697,407.1246819,Alex Smith,4,5078.5,Kit Carson Union Elementary,1,1,3,5,0,6
96b2dfab-22c0-43b4-8799-2c759dd9163e,3-1,1,28911,26527,2384,106,0.6666666667,1438,18.0,desktop,0.0,college,0.0,English,0.0,0.0,Y,11.081,239.7557206,Wissam Ben Yedder,1,4733.746582,Sylvan Union Elementary,4,1,4,6,0,5
9783faf6-c2f5-4343-a86d-f6312c95f762,1-1,0,125091,118044,7047,324,0.6666666667,1309,30.0,laptop,0.0,graduate school,1.0,English,0.0,0.0,Y,9.6,164.684355,Tom Starke,4,4963.060059,Oak View Union Elementary,3,7,4,6,0,6
9783faf6-c2f5-4343-a86d-f6312c95f762,3-1,1,43778,42911,867,106,1.0,1309,30.0,laptop,0.0,graduate school,1.0,English,0.0,0.0,Y,11.081,148.2137447, Camacho,4,5431.177246,Auburn Union Elementary,2,2,3,5,0,1
9783faf6-c2f5-4343-a86d-f6312c95f762,2-1,0,71915,67817,4098,145,1.0,1309,30.0,laptop,0.0,graduate school,1.0,English,0.0,0.0,Y,8.337,128.2864179,Jon Walters,4,5382.088867,North County Joint Union Elementary,2,1,3,5,0,5
9783faf6-c2f5-4343-a86d-f6312c95f762,1-2,1,180534,174051,6483,383,0.3333333333,1309,30.0,laptop,0.0,graduate school,1.0,English,0.0,0.0,Y,10.485,132.030267,Alejandro Domínguez,3,5724.441895,Pioneer Union Elementary,1,1,3,5,0,1
9783faf6-c2f5-4343-a86d-f6312c95f762,3-2,0,63478,60345,3133,120,1.0,1309,30.0,laptop,0.0,graduate school,1.0,English,0.0,0.0,Y,10.697,119.3139448, Roberto,3,4843.427246,Central Elementary,2,1,3,5,0,1
9783faf6-c2f5-4343-a86d-f6312c95f762,2-2,1,64796,62078,2718,166,1.0,1309,30.0,laptop,0.0,graduate school,1.0,English,0.0,0.0,Y,7.638,160.4433133,Johannes Wurtz,3,5730.349121,Pacheco Union Elementary,1,1,4,6,0,4
9841a311-d989-42d7-9ea6-f5d4e981c98a,3-1,1,33314,31205,2109,106,1.0,1438,58.0,desktop,0.0,graduate school,1.0,English,0.0,0.0,Y,11.081,203.8134914,Sylvain Distin,3,5635.786133,Chicago Park Elementary,3,5,4,6,0,3
9841a311-d989-42d7-9ea6-f5d4e981c98a,2-1,0,26466,26288,178,145,0.6666666667,1438,58.0,desktop,0.0,graduate school,1.0,English,0.0,0.0,Y,8.337,330.9494827,Joe Cole,3,5671.657227,Brisbane Elementary,2,17,7,10,0,4
9841a311-d989-42d7-9ea6-f5d4e981c98a,1-2,1,56130,51938,4192,383,1.0,1438,58.0,desktop,0.0,graduate school,1.0,English,0.0,0.0,Y,10.485,442.4506142,Johannes Wurtz,3,7070.633301,Central Union Elementary,2,2,7,10,0,1
9841a311-d989-42d7-9ea6-f5d4e981c98a,1-1,0,62157,60627,1530,324,0.3333333333,1438,58.0,desktop,0.0,graduate school,1.0,English,0.0,0.0,Y,9.6,320.6492157,Aaron Hughes,2,5097.343262,Happy Valley Union Elementary,4,1,7,10,0,5
9841a311-d989-42d7-9ea6-f5d4e981c98a,2-2,1,32370,31032,1338,166,0.6666666667,1438,58.0,desktop,0.0,graduate school,1.0,English,0.0,0.0,Y,7.638,320.9590101,Geoff Cameron,3,5482.677246,Mark Twain Union Elementary,2,10,7,10,0,4
9841a311-d989-42d7-9ea6-f5d4e981c98a,3-2,0,46581,40851,5730,120,1.0,1438,58.0,desktop,0.0,graduate school,1.0,English,0.0,0.0,Y,10.697,176.2502754, Juanan,2,5642.832031,San Rafael City Elementary,3,4,4,6,0,5
984a4027-117c-4a02-894d-deab7ced44c4,3-2,0,33833,20109,13724,120,1.0,880,45.0,tablet,0.0,professional school,1.0,English,0.0,0.0,Y,10.697,358.0486349,Abdoulaye Diallo,5,5280.023438,Cajon Valley Union Elementary,3,1,3,5,0,5
984a4027-117c-4a02-894d-deab7ced44c4,2-2,0,28755,24762,3993,166,1.0,880,45.0,tablet,0.0,professional school,1.0,English,0.0,0.0,Y,7.638,402.2292222,Julien Toudic,4,5433.339844,Campbell Union Elementary,2,5,3,5,0,5
984a4027-117c-4a02-894d-deab7ced44c4,3-1,1,22719,19812,2907,106,1.0,880,45.0,tablet,0.0,professional school,1.0,English,0.0,0.0,Y,11.081,321.0175651,Jermaine Jenas,4,4529.283691,Browns Elementary,4,1,7,10,0,1
984a4027-117c-4a02-894d-deab7ced44c4,1-2,1,51399,29166,22233,383,1.0,880,45.0,tablet,0.0,professional school,1.0,English,0.0,0.0,Y,10.485,787.9037235,Mats Hummels,2,6039.98584,Clear Creek Elementary,2,5,7,10,0,5
984a4027-117c-4a02-894d-deab7ced44c4,2-1,1,23632,22190,1442,145,1.0,880,45.0,tablet,0.0,professional school,1.0,English,0.0,0.0,Y,8.337,392.0684993,Daniel Schwaab,4,6168.229492,Trinidad Union Elementary,3,2,7,10,0,5
984a4027-117c-4a02-894d-deab7ced44c4,1-1,0,50817,36389,14428,324,0.6666666667,880,45.0,tablet,0.0,professional school,1.0,English,0.0,0.0,Y,9.6,534.2273764,Wahbi Khazri,2,5774.970215,Guerneville Elementary,2,1,3,5,0,5
9861dbfe-d228-40ed-9c0b-ad0a8866adfc,2-1,1,16350,14811,1539,145,0.6666666667,1438,27.0,desktop,0.0,college,0.0,English,0.0,0.0,Y,8.337,587.4012558, Doni,4,4806.761719,San Bruno Park Elementary,1,1,3,5,0,5
9861dbfe-d228-40ed-9c0b-ad0a8866adfc,1-1,1,36817,32255,4562,324,1.0,1438,27.0,desktop,0.0,college,0.0,English,0.0,0.0,Y,9.6,602.6972562,Danny Wilson,5,4840.936035,Antelope Elementary,1,1,7,10,0,7
9861dbfe-d228-40ed-9c0b-ad0a8866adfc,2-2,0,29522,25277,4245,166,0.6666666667,1438,27.0,desktop,0.0,college,0.0,English,0.0,0.0,Y,7.638,394.0341021,Artjoms Rudņevs,2,4954.466309,Centralia Elementary,1,5,4,6,0,4
9861dbfe-d228-40ed-9c0b-ad0a8866adfc,3-1,0,34182,29571,4611,106,1.0,1438,27.0,desktop,0.0,college,0.0,English,0.0,0.0,Y,11.081,215.0755808, Mikel Arteta,2,4023.531738,Etiwanda Elementary,2,1,7,10,0,5
9861dbfe-d228-40ed-9c0b-ad0a8866adfc,3-2,1,21357,20083,1274,120,1.0,1438,27.0,desktop,0.0,college,0.0,English,0.0,0.0,Y,10.697,358.5121745,Ilir Azemi,2,5179.411133,Wiseburn Elementary,1,4,7,10,0,6
9861dbfe-d228-40ed-9c0b-ad0a8866adfc,1-2,0,47203,41064,6139,383,0.6666666667,1438,27.0,desktop,0.0,college,0.0,English,0.0,0.0,Y,10.485,559.6142607,Claudio Bravo,3,4385.229492,Scotia Union Elementary,4,5,7,10,0,4
9ac5e209-cf05-47a5-a394-9c733e12d8f6,3-1,1,44069,38412,5657,106,1.0,1137,24.0,laptop,0.0,college,1.0,English,0.0,0.0,Y,11.081,165.5732584, De Marcos,4,4777.512695,Mountain View Elementary,3,8,7,10,1,3
9ac5e209-cf05-47a5-a394-9c733e12d8f6,1-2,0,136624,127038,9586,383,0.6666666667,1137,24.0,laptop,0.0,college,1.0,English,0.0,0.0,Y,10.485,180.8907571,Jonás Gutiérrez,2,4862.790527,Pleasant Valley Joint Union Elementary,4,2,7,10,0,5
9ac5e209-cf05-47a5-a394-9c733e12d8f6,1-1,1,118308,98561,19747,324,1.0,1137,24.0,laptop,0.0,college,1.0,English,0.0,0.0,Y,9.6,197.2382585,Andy Carroll,4,5486.029785,Oak Grove Elementary,3,8,9,13,0,4
9ac5e209-cf05-47a5-a394-9c733e12d8f6,2-2,1,64666,59783,4883,166,1.0,1137,24.0,laptop,0.0,college,1.0,English,0.0,0.0,Y,7.638,166.6025459,Steven Davis,5,5486.382324,Pollock Pines Elementary,1,1,9,13,0,3
9ac5e209-cf05-47a5-a394-9c733e12d8f6,2-1,0,56447,51953,4494,145,1.0,1137,24.0,laptop,0.0,college,1.0,English,0.0,0.0,Y,8.337,167.4590495, Ansotegi,4,4631.243652,Castaic Union Elementary,4,5,4,6,1,5
9ac5e209-cf05-47a5-a394-9c733e12d8f6,3-2,0,62123,48689,13434,120,0.6666666667,1137,24.0,laptop,0.0,college,1.0,English,0.0,0.0,Y,10.697,147.877344,Joe Bennett,3,5189.62793,Bishop Union Elementary,3,2,7,10,0,4
9ad793c8-00ee-4105-85c4-5e9513b219b5,3-1,1,16290,15056,1234,106,1.0,1207,31.0,desktop,0.0,college,1.0,English,0.0,0.0,Y,11.081,422.4229543, Diego Alves,2,4600.606445,Buellton Union Elementary,3,2,3,5,0,3
9ad793c8-00ee-4105-85c4-5e9513b219b5,2-2,0,26463,25870,593,166,1.0,1207,31.0,desktop,0.0,college,1.0,English,0.0,0.0,Y,7.638,385.0019327, Cristiano Ronaldo,4,6735.775391,Chawanakee Jt. Elementary,3,1,3,5,0,1
9ad793c8-00ee-4105-85c4-5e9513b219b5,1-2,1,50287,47487,2800,383,1.0,1207,31.0,desktop,0.0,college,1.0,English,0.0,0.0,Y,10.485,483.9219155,Franck Ohandza,5,5475.172852,Yreka Union Elementary,1,1,3,5,0,6
9ad793c8-00ee-4105-85c4-5e9513b219b5,2-1,1,21078,20560,518,145,0.6666666667,1207,31.0,desktop,0.0,college,1.0,English,0.0,0.0,Y,8.337,423.151751,James Tavernier,1,5990.794434,Alexander Valley Union Elementary,1,2,7,10,0,4
9ad793c8-00ee-4105-85c4-5e9513b219b5,3-2,0,30335,28499,1836,120,1.0,1207,31.0,desktop,0.0,college,1.0,English,0.0,0.0,Y,10.697,252.6404435,Andy Johnson,5,7203.246582,Twin Ridges Elementary,4,1,4,6,0,1
9ad793c8-00ee-4105-85c4-5e9513b219b5,1-1,0,58293,56871,1422,324,1.0,1207,31.0,desktop,0.0,college,1.0,English,0.0,0.0,Y,9.6,341.8262383,Roque Santa Cruz,4,4777.769043,Sundale Union Elementary,3,1,3,5,0,5
9ae62339-ac5d-4e6a-bcad-c0235c043cf9,2-1,0,51125,49246,1879,145,0.0,1135,32.0,desktop,2.0,college,0.0,English,0.0,1.0,Y,8.337,176.6640945,Bakary Koné,2,4302.834961,Three Rivers Union Elementary,2,1,3,5,0,1
9ae62339-ac5d-4e6a-bcad-c0235c043cf9,3-2,1,72876,71776,1100,120,1.0,1135,32.0,desktop,2.0,college,0.0,English,0.0,1.0,Y,10.697,100.312082, Ricardo Carvalho,2,5630.194824,Columbia Union Elementary,3,3,7,10,0,7
9ae62339-ac5d-4e6a-bcad-c0235c043cf9,1-2,0,104470,101735,2735,383,0.6666666667,1135,32.0,desktop,2.0,college,0.0,English,0.0,1.0,Y,10.485,225.8809653,Sami Khedira,2,4708.625,Westside Union Elementary,4,1,9,13,0,1
9ae62339-ac5d-4e6a-bcad-c0235c043cf9,2-2,1,66270,65987,283,166,0.6666666667,1135,32.0,desktop,2.0,college,0.0,English,0.0,1.0,Y,7.638,150.9388213,Ivan Klasnić,4,5629.961426,Ballico-Cressey Elementary,4,19,4,6,0,2
9ae62339-ac5d-4e6a-bcad-c0235c043cf9,3-1,0,29597,29262,335,106,1.0,1135,32.0,desktop,2.0,college,0.0,English,0.0,1.0,Y,11.081,217.3467295,Jack Rodwell,3,4890.986816,Millbrae Elementary,2,8,7,10,0,1
9ae62339-ac5d-4e6a-bcad-c0235c043cf9,1-1,1,109856,108190,1666,324,1.0,1135,32.0,desktop,2.0,college,0.0,English,0.0,1.0,Y,9.6,179.6838895,Jordan Henderson,2,4929.393066,Evergreen Elementary,2,1,3,5,0,5
9b2ec410-aab7-47b8-a6d3-19e9c1e54d4b,1-2,1,42385,25496,16889,383,0.6666666667,1212,22.0,laptop,0.0,college,1.0,English,0.0,0.0,Y,10.485,901.3178538,Olivier Occéan,4,4905.221191,Harmony Union Elementary,3,2,3,5,0,6
9b2ec410-aab7-47b8-a6d3-19e9c1e54d4b,3-2,1,23317,16647,6670,120,1.0,1212,22.0,laptop,0.0,college,1.0,English,0.0,0.0,Y,10.697,432.5103622,Dennis Diekmeier,4,5156.856934,Panama Buena Vista Union Elementary,2,6,4,6,0,1
9b2ec410-aab7-47b8-a6d3-19e9c1e54d4b,1-1,0,42239,31105,11134,324,0.6666666667,1212,22.0,laptop,0.0,college,1.0,English,0.0,0.0,Y,9.6,624.9799068,Kenwyne Jones,2,4941.787598,Laguna Salada Union Elementary,4,1,3,5,0,3
9b2ec410-aab7-47b8-a6d3-19e9c1e54d4b,2-1,0,25874,19970,5904,145,1.0,1212,22.0,laptop,0.0,college,1.0,English,0.0,0.0,Y,8.337,435.6534802,Charlie Adam,1,5408.781738,Sonora Elementary,2,2,7,10,0,6
9b2ec410-aab7-47b8-a6d3-19e9c1e54d4b,3-1,0,17019,4539,12480,106,0.6666666667,1212,22.0,laptop,0.0,college,1.0,English,0.0,0.0,Y,11.081,1401.189689, Puñal,3,4981.387695,Roseville City Elementary,1,4,3,5,0,6
9b2ec410-aab7-47b8-a6d3-19e9c1e54d4b,2-2,1,21757,17693,4064,166,1.0,1212,22.0,laptop,0.0,college,1.0,English,0.0,0.0,Y,7.638,562.9344939,Stephan Andersen,2,4877.086426,Gratton Elementary,4,1,9,13,0,6
9bd7345e-fc32-41f1-a8c6-ee371715652e,3-1,1,49144,43818,5326,106,1.0,1438,21.0,,,college,1.0,,0.0,,,11.081,145.1458305,Joel Campbell,5,5111.739258,Susanville Elementary,1,1,3,5,0,5
9bd7345e-fc32-41f1-a8c6-ee371715652e,2-2,0,42921,39349,3572,166,1.0,1438,21.0,,,college,1.0,,0.0,,,7.638,253.1195202,Mike Pollitt,4,5201.515625,Bella Vista Elementary,3,1,7,10,0,5
9bd7345e-fc32-41f1-a8c6-ee371715652e,1-2,1,72710,67388,5322,383,1.0,1438,21.0,,,college,1.0,,0.0,,,10.485,341.0102689,Axel Bellinghausen,2,4138.305664,Columbine Elementary,4,2,7,10,1,4
9bd7345e-fc32-41f1-a8c6-ee371715652e,2-1,1,31312,30139,1173,145,1.0,1438,21.0,,,college,1.0,,0.0,,,8.337,288.6625303,Mouhamadou Dabo,4,5743.597168,Hughes-Elizabeth Lakes Union Elementary,4,2,4,6,0,1
9bd7345e-fc32-41f1-a8c6-ee371715652e,3-2,0,50494,48839,1655,120,0.6666666667,1438,21.0,,,college,1.0,,0.0,,,10.697,147.4231659,Zlatko Junuzović,4,5702.705078,Mountain View Elementary,1,2,9,13,0,5
9bd7345e-fc32-41f1-a8c6-ee371715652e,1-1,0,68139,66502,1637,324,0.6666666667,1438,21.0,,,college,1.0,,0.0,,,9.6,292.3220354,Manuel Neuer,5,4802.152832,Sulphur Springs Union Elementary,2,28,7,10,0,1
9bf41690-b2cc-4709-964d-7c21b856bbf8,2-1,0,28886,27156,1730,145,1.0,1279,23.0,laptop,0.0,college,0.0,Romanian,1.0,0.0,N,8.337,320.3711887,John Mikel,3,5442.143066,Forestville Union Elementary,2,1,4,6,0,4
9bf41690-b2cc-4709-964d-7c21b856bbf8,3-1,1,24606,23985,621,106,1.0,1279,23.0,laptop,0.0,college,0.0,Romanian,1.0,0.0,N,11.081,265.1657286,Modibo Maïga,4,4522.375488,Rosedale Union Elementary,4,4,7,10,0,4
9bf41690-b2cc-4709-964d-7c21b856bbf8,3-2,0,34782,28642,6140,120,0.6666666667,1279,23.0,laptop,0.0,college,0.0,Romanian,1.0,0.0,N,10.697,251.3790936,Louis Saha,4,4965.808105,Columbia Elementary,3,3,3,5,0,5
9bf41690-b2cc-4709-964d-7c21b856bbf8,1-2,0,62143,58477,3666,383,0.6666666667,1279,23.0,laptop,0.0,college,0.0,Romanian,1.0,0.0,N,10.485,392.9750158,Viktor Klonaridis,4,5358.326172,Colfax Elementary,4,1,4,6,0,1
9bf41690-b2cc-4709-964d-7c21b856bbf8,2-2,1,32963,29586,3377,166,1.0,1279,23.0,laptop,0.0,college,0.0,Romanian,1.0,0.0,N,7.638,336.6457108, Ezequiel,3,5784.625,Mt. Shasta Union Elementary,1,1,4,6,0,1
9bf41690-b2cc-4709-964d-7c21b856bbf8,1-1,1,68689,63543,5146,324,0.6666666667,1279,23.0,laptop,0.0,college,0.0,Romanian,1.0,0.0,N,9.6,305.934564,Darwin Machís,2,5072.70459,Piner-Olivet Union Elementary,4,1,3,5,0,1
9d234aec-32d0-48e3-8160-e228d2816978,1-2,0,59720,55248,4472,383,1.0,1423,25.0,desktop,0.0,high school,1.0,English,0.0,0.0,Y,10.485,415.9426586,Sylvain Armand,2,5556.041016,Bass Lake Joint Elementary,3,2,3,5,0,6
9d234aec-32d0-48e3-8160-e228d2816978,2-2,1,1819,1819,0,166,0.3333333333,1423,25.0,desktop,0.0,high school,1.0,English,0.0,0.0,Y,7.638,5475.536009,Joe Hart,2,5190.310059,Cutten Elementary,4,1,3,5,1,1
9d234aec-32d0-48e3-8160-e228d2816978,2-1,0,25882,25456,426,145,0.3333333333,1423,25.0,desktop,0.0,high school,1.0,English,0.0,0.0,Y,8.337,341.7661848,Mehdi Mostefa,2,5211.485352,Placerville Union Elementary,4,2,3,5,1,4
9d234aec-32d0-48e3-8160-e228d2816978,3-1,0,21828,20338,1490,106,0.6666666667,1423,25.0,desktop,0.0,high school,1.0,English,0.0,0.0,Y,11.081,312.7151146,Brad Guzan,2,5284.164063,Wright Elementary,1,10,4,6,0,1
9d234aec-32d0-48e3-8160-e228d2816978,1-1,1,11601,8823,2778,324,0.3333333333,1423,25.0,desktop,0.0,high school,1.0,English,0.0,0.0,Y,9.6,2203.3322,André Fomitschow,4,5331.920898,Evergreen Union Elementary,2,2,4,6,0,2
9d234aec-32d0-48e3-8160-e228d2816978,3-2,1,1907,1907,0,120,0.3333333333,1423,25.0,desktop,0.0,high school,1.0,English,0.0,0.0,Y,10.697,3775.563713,Glenn Loovens,4,5599.60791,Old Adobe Union Elementary,1,1,7,10,0,6
9d35cb65-f33c-4a81-bcbf-a794582e6691,2-2,1,57838,10319,47519,166,1.0,880,22.0,smartphone,0.0,high school,1.0,English,0.0,0.0,Y,7.638,965.2098072,Luke Daniels,4,4881.899414,Wilmar Union Elementary,2,2,7,10,0,6
9d35cb65-f33c-4a81-bcbf-a794582e6691,2-1,0,47285,37537,9748,145,1.0,880,22.0,smartphone,0.0,high school,1.0,English,0.0,0.0,Y,8.337,231.771319,Olivier Giroud,3,4700.432129,Ackerman Elementary,2,8,7,10,0,6
9d35cb65-f33c-4a81-bcbf-a794582e6691,1-2,0,90641,29224,61417,383,1.0,880,22.0,smartphone,0.0,high school,1.0,English,0.0,0.0,Y,10.485,786.3399945, David Cobeño,4,5650.0,Santa Cruz City Elementary,2,1,7,10,0,1
9d35cb65-f33c-4a81-bcbf-a794582e6691,3-1,0,33375,25085,8290,106,1.0,880,22.0,smartphone,0.0,high school,1.0,English,0.0,0.0,Y,11.081,253.5379709,Lukas Raeder,5,5318.240723,Arcata Elementary,2,1,4,6,0,5
9d35cb65-f33c-4a81-bcbf-a794582e6691,1-1,1,96765,87510,9255,324,1.0,880,22.0,smartphone,0.0,high school,1.0,English,0.0,0.0,Y,9.6,222.1460405,Marco Terrazzino,2,4709.054199,Alta Loma Elementary,4,1,3,5,0,5
9d35cb65-f33c-4a81-bcbf-a794582e6691,3-2,1,44562,42287,2275,120,1.0,880,22.0,smartphone,0.0,high school,1.0,English,0.0,0.0,Y,10.697,170.2650933, Raúl Rodríguez,3,5143.19043,Foresthill Union Elementary,2,3,3,5,0,5
9e875d92-b04c-452d-870f-c6d62912ff13,1-1,1,38133,34626,3507,324,0.6666666667,1366,20.0,laptop,0.0,graduate school,0.0,English,0.0,0.0,Y,9.6,561.4278288,Bafetimbi Gomis,5,5133.009766,Mother Lode Union Elementary,3,4,7,10,0,4
9e875d92-b04c-452d-870f-c6d62912ff13,3-2,1,10937,7898,3039,120,0.3333333333,1366,20.0,laptop,0.0,graduate school,0.0,English,0.0,0.0,Y,10.697,911.6231957,Renato Civelli,4,5081.455566,Ocean View Elementary,1,1,7,10,0,1
9e875d92-b04c-452d-870f-c6d62912ff13,1-2,0,51071,42316,8755,383,0.6666666667,1366,20.0,laptop,0.0,graduate school,0.0,English,0.0,0.0,Y,10.485,543.0569997,Claudio Pizarro,4,4016.41626,Lake Elementary,1,1,7,10,0,1
9e875d92-b04c-452d-870f-c6d62912ff13,3-1,0,8162,7596,566,106,0.6666666667,1366,20.0,laptop,0.0,graduate school,0.0,English,0.0,0.0,Y,11.081,837.2827804,Benoît Trémoulinas,2,5374.050293,San Mateo-Foster City Elementary,1,1,3,5,0,5
9e875d92-b04c-452d-870f-c6d62912ff13,2-1,1,10753,10449,304,145,0.6666666667,1366,20.0,laptop,0.0,graduate school,0.0,English,0.0,0.0,Y,8.337,832.6155613,Gerrit Wegkamp,3,5427.548828,Goleta Union Elementary,4,1,3,5,0,5
9e875d92-b04c-452d-870f-c6d62912ff13,2-2,0,12671,11695,976,166,1.0,1366,20.0,laptop,0.0,graduate school,0.0,English,0.0,0.0,Y,7.638,851.6460026,Mame Diouf,2,5179.644531,Helendale Elementary,1,2,7,10,0,5
9e9c021a-b55a-4aeb-af94-847d6d457b62,2-2,1,30048,28588,1460,166,1.0,1212,22.0,laptop,0.0,college,1.0,English,0.0,0.0,Y,7.638,348.3979292, Manu del Moral,4,5400.0,Petaluma City Elementary,2,6,4,6,0,6
9e9c021a-b55a-4aeb-af94-847d6d457b62,1-1,0,55126,53967,1159,324,1.0,1212,22.0,laptop,0.0,college,1.0,English,0.0,0.0,Y,9.6,360.2201345, Juanfran,3,5726.146484,Sunnyvale Elementary,2,1,7,10,0,6
9e9c021a-b55a-4aeb-af94-847d6d457b62,3-2,1,29325,26653,2672,120,0.6666666667,1212,22.0,laptop,0.0,college,1.0,English,0.0,0.0,Y,10.697,270.138446, Ander Herrera,3,5003.870117,College Elementary,2,1,7,10,0,6
9e9c021a-b55a-4aeb-af94-847d6d457b62,1-2,1,61024,56372,4652,383,1.0,1212,22.0,laptop,0.0,college,1.0,English,0.0,0.0,Y,10.485,407.6491875,Yoann Gourcuff,5,4969.51123,La Mesa-Spring Valley,4,3,7,10,0,4
9e9c021a-b55a-4aeb-af94-847d6d457b62,2-1,0,29900,28058,1842,145,1.0,1212,22.0,laptop,0.0,college,1.0,English,0.0,0.0,Y,8.337,310.0719937,Ji-Sung Park,5,4747.295898,Huntington Beach City Elementary,4,1,7,10,0,1
9e9c021a-b55a-4aeb-af94-847d6d457b62,3-1,0,22147,21541,606,106,1.0,1212,22.0,laptop,0.0,college,1.0,English,0.0,0.0,Y,11.081,295.2509169,Antonio Valencia,3,4543.305176,Solvang Elementary,1,1,7,10,0,1
9fa1aab8-97fc-491c-804a-f4676c40ea0f,1-2,1,64162,29946,34216,383,1.0,880,17.0,smartphone,0.0,pre-high school,1.0,English,0.0,0.0,Y,10.485,767.3812863,Dani Schahin,4,5229.591309,Soquel Elementary,1,1,9,13,0,5
9fa1aab8-97fc-491c-804a-f4676c40ea0f,1-1,0,45484,37942,7542,324,0.6666666667,880,17.0,smartphone,0.0,pre-high school,1.0,English,0.0,0.0,Y,9.6,512.360972, Pedro,3,4507.353027,Capay Joint Union Elementary,3,1,9,13,0,6
9fa1aab8-97fc-491c-804a-f4676c40ea0f,2-1,0,21351,15394,5957,145,0.6666666667,880,17.0,smartphone,0.0,pre-high school,1.0,English,0.0,0.0,Y,8.337,565.1552553,Theodor Gebre Selassie,4,5302.62793,Gravenstein Union Elementary,1,1,4,6,0,1
9fa1aab8-97fc-491c-804a-f4676c40ea0f,3-1,0,17057,11948,5109,106,0.0,880,17.0,smartphone,0.0,pre-high school,1.0,English,0.0,0.0,Y,11.081,532.3066622,Matthieu Saunier,4,5545.610352,Pleasant Valley Elementary,2,1,7,10,0,1
9fa1aab8-97fc-491c-804a-f4676c40ea0f,2-2,1,35020,14535,20485,166,0.6666666667,880,17.0,smartphone,0.0,pre-high school,1.0,English,0.0,0.0,Y,7.638,685.2425181, Ballesteros,1,4615.908691,Pioneer Union Elementary,3,1,3,5,0,1
9fa1aab8-97fc-491c-804a-f4676c40ea0f,3-2,1,28555,25627,2928,120,0.6666666667,880,17.0,smartphone,0.0,pre-high school,1.0,English,0.0,0.0,Y,10.697,280.9536817, Iturraspe,3,5397.689453,Santee Elementary,4,1,3,5,0,1
a12939e3-640d-42c5-87ed-83c1358c4698,1-2,1,69560,65171,4389,383,1.0,1212,48.0,laptop,0.0,graduate school,1.0,English,0.0,0.0,Y,10.485,352.6108238,Thomas Kleine,4,5118.373047,Johnstonville Elementary,4,1,3,5,0,3
a12939e3-640d-42c5-87ed-83c1358c4698,2-1,0,68617,66561,2056,145,1.0,1212,48.0,laptop,0.0,graduate school,1.0,English,0.0,0.0,Y,8.337,130.7071709, Henrique,5,5008.070801,Pleasant Valley Elementary,3,5,7,10,0,5
a12939e3-640d-42c5-87ed-83c1358c4698,3-1,1,56755,53920,2835,106,1.0,1212,48.0,laptop,0.0,graduate school,1.0,English,0.0,0.0,Y,11.081,117.9525223, Álvaro,2,4906.030273,Curtis Creek Elementary,1,5,4,6,0,5
a12939e3-640d-42c5-87ed-83c1358c4698,2-2,1,52151,50119,2032,166,1.0,1212,48.0,laptop,0.0,graduate school,1.0,English,0.0,0.0,Y,7.638,198.7270297,Charlison Benschop,4,6870.346191,Fort Jones Union Elementary,2,6,3,5,0,1
a12939e3-640d-42c5-87ed-83c1358c4698,1-1,0,112423,108539,3884,324,0.6666666667,1212,48.0,laptop,0.0,graduate school,1.0,English,0.0,0.0,Y,9.6,179.1061278,Ibrahima Traoré,4,5301.716309,Mark West Union Elementary,3,3,3,5,0,5
a12939e3-640d-42c5-87ed-83c1358c4698,3-2,0,63273,59756,3517,120,1.0,1212,48.0,laptop,0.0,graduate school,1.0,English,0.0,0.0,Y,10.697,120.4899926,Srđan Lakić,4,5182.365723,Alpine Union Elementary,1,4,7,10,0,5
a17c35a2-ade1-4a79-a19e-5aa8093af1f0,1-2,0,137137,120148,16989,383,1.0,1423,72.0,desktop,0.0,high school,1.0,English,0.0,0.0,Y,10.485,191.2641076, Diego Seoane,3,4999.46875,Sebastopol Union Elementary,2,1,9,13,0,1
a17c35a2-ade1-4a79-a19e-5aa8093af1f0,2-2,0,65422,60775,4647,166,1.0,1423,72.0,desktop,0.0,high school,1.0,English,0.0,0.0,Y,7.638,163.8831756,Sanjin Prcić,3,6732.066406,Freshwater Elementary,4,3,4,6,0,5
a17c35a2-ade1-4a79-a19e-5aa8093af1f0,3-2,1,71446,55747,15699,120,1.0,1423,72.0,desktop,0.0,high school,1.0,English,0.0,0.0,Y,10.697,129.1549321,Anthony Pilkington,3,4612.989746,Norris Elementary,4,1,7,10,0,1
a17c35a2-ade1-4a79-a19e-5aa8093af1f0,3-1,0,47531,43369,4162,106,1.0,1423,72.0,desktop,0.0,high school,1.0,English,0.0,0.0,Y,11.081,146.6485278, Diego,2,5478.845703,Springville Union Elementary,2,1,3,5,0,5
a17c35a2-ade1-4a79-a19e-5aa8093af1f0,1-1,1,110881,96981,13900,324,0.6666666667,1423,72.0,desktop,0.0,high school,1.0,English,0.0,0.0,Y,9.6,200.4516349, Hugo Fraile,1,5666.713867,Moreland Elementary,3,1,3,5,0,5
a17c35a2-ade1-4a79-a19e-5aa8093af1f0,2-1,1,64570,58289,6281,145,1.0,1423,72.0,desktop,0.0,high school,1.0,English,0.0,0.0,Y,8.337,149.2562919,Christian Schulz,4,4742.51416,Maple Elementary,1,14,4,6,0,5
a1f22d02-0b2f-4c57-8736-0957dd153f8d,2-1,0,46365,45981,384,145,1.0,1438,21.0,laptop,0.0,college,0.0,Dutch,0.0,0.0,N,8.337,189.2085862,Jermaine Jones,4,4907.392578,Kings River-Hardwick Union Elementary,1,2,3,5,0,6
a1f22d02-0b2f-4c57-8736-0957dd153f8d,3-1,0,34798,30444,4354,106,1.0,1438,21.0,laptop,0.0,college,0.0,Dutch,0.0,0.0,N,11.081,208.9081592,Joel Campbell,4,5700.402344,Julian Union Elementary,3,2,7,10,0,6
a1f22d02-0b2f-4c57-8736-0957dd153f8d,3-2,1,38553,37652,901,120,1.0,1438,21.0,laptop,0.0,college,0.0,Dutch,0.0,0.0,N,10.697,191.2249017,Steven Naismith,2,5191.834473,Cardiff Elementary,4,1,3,5,0,1
a1f22d02-0b2f-4c57-8736-0957dd153f8d,1-1,0,86897,81445,5452,324,1.0,1438,21.0,laptop,0.0,college,0.0,Dutch,0.0,0.0,N,9.6,238.6886856,Aurelien Chedjou,4,4451.256836,Saucelito Elementary,1,1,9,13,1,4
a1f22d02-0b2f-4c57-8736-0957dd153f8d,1-2,1,96228,88747,7481,383,1.0,1438,21.0,laptop,0.0,college,0.0,Dutch,0.0,0.0,N,10.485,258.9383303,Mohammed Abdellaoue,2,5627.527832,Bonsall Union Elementary,4,1,3,5,0,5
a1f22d02-0b2f-4c57-8736-0957dd153f8d,2-2,1,40443,39044,1399,166,1.0,1438,21.0,laptop,0.0,college,0.0,Dutch,0.0,0.0,N,7.638,255.0968139,Dimitar Berbatov,2,4922.939941,Cypress Elementary,3,1,7,10,0,5
a28afe06-386d-4288-994d-28b51c745e3b,2-1,1,16531,13487,3044,145,1.0,1212,34.0,desktop,2.0,high school,1.0,English,0.0,1.0,Y,8.337,645.0656187,Matthew Jarvis,2,4969.380859,Lowell Joint Elementary,3,2,7,10,0,5
a28afe06-386d-4288-994d-28b51c745e3b,3-2,0,22415,20974,1441,120,0.3333333333,1212,34.0,desktop,2.0,high school,1.0,English,0.0,1.0,Y,10.697,343.2821589, Álvaro Negredo,3,4829.717285,Newhall Elementary,2,2,4,6,0,6
a28afe06-386d-4288-994d-28b51c745e3b,2-2,0,34481,32568,1913,166,1.0,1212,34.0,desktop,2.0,high school,1.0,English,0.0,1.0,Y,7.638,305.8216654,Joseph Akpala,5,6716.692871,Lagunitas Elementary,3,1,9,13,0,4
a28afe06-386d-4288-994d-28b51c745e3b,1-2,1,60391,55770,4621,383,1.0,1212,34.0,desktop,2.0,high school,1.0,English,0.0,1.0,Y,10.485,412.049489,Ashley Westwood,4,5205.941895,Cambrian Elementary,2,3,7,10,0,4
a28afe06-386d-4288-994d-28b51c745e3b,3-1,1,15543,13615,1928,106,0.6666666667,1212,34.0,desktop,2.0,high school,1.0,English,0.0,1.0,Y,11.081,467.1318399,Diego Benaglio,3,4357.826172,Richfield Elementary,4,1,4,6,0,5
a28afe06-386d-4288-994d-28b51c745e3b,1-1,0,81616,77956,3660,324,1.0,1212,34.0,desktop,2.0,high school,1.0,English,0.0,1.0,Y,9.6,249.3714403,Zhi Gin Lam,3,5195.918945,Fieldbrook Elementary,3,3,7,10,0,6
a28f6ad8-3ed2-4ddf-bee5-0ab05da1b6ad,1-2,1,61128,43366,17762,383,1.0,1294,25.0,laptop,0.0,high school,,English,0.0,0.0,Y,10.485,529.908223,Hogan Ephraim,2,6002.071777,Dehesa Elementary,4,1,3,5,0,1
a28f6ad8-3ed2-4ddf-bee5-0ab05da1b6ad,3-1,0,21873,17311,4562,106,0.6666666667,1294,25.0,laptop,0.0,high school,,English,0.0,0.0,Y,11.081,367.3964531, Maicon,5,5090.587891,Cottonwood Union Elementary,4,2,4,6,0,4
a28f6ad8-3ed2-4ddf-bee5-0ab05da1b6ad,2-1,1,26298,24396,1902,145,0.6666666667,1294,25.0,laptop,0.0,high school,,English,0.0,0.0,Y,8.337,356.6158387,Timm Klose,1,5112.390137,Fruitvale Elementary,2,1,4,6,0,6
a28f6ad8-3ed2-4ddf-bee5-0ab05da1b6ad,3-2,1,25888,19683,6205,120,0.6666666667,1294,25.0,laptop,0.0,high school,,English,0.0,0.0,Y,10.697,365.7978967,Leo Franco,1,5287.35498,Union Elementary,4,1,3,5,0,4
a28f6ad8-3ed2-4ddf-bee5-0ab05da1b6ad,2-2,0,31068,20259,10809,166,0.6666666667,1294,25.0,laptop,0.0,high school,,English,0.0,0.0,Y,7.638,491.6333481,Lisandro López,4,4889.47998,Fountain Valley Elementary,1,5,3,5,0,1
a28f6ad8-3ed2-4ddf-bee5-0ab05da1b6ad,1-1,0,59493,40158,19335,324,1.0,1294,25.0,laptop,0.0,high school,,English,0.0,0.0,Y,9.6,484.087853, Dani Abalo,2,5118.130371,Gold Oak Union Elementary,2,2,3,5,0,5
a3dd9852-6cc5-4893-a6be-e0eed5e53e52,1-1,1,21131,21131,0,324,1.0,880,21.0,smartphone,2.0,college,0.0,Other,0.0,1.0,N,9.6,919.9753916,Jimmy Kébé,5,5119.123047,Buckeye Union Elementary,4,4,3,5,0,2
a3dd9852-6cc5-4893-a6be-e0eed5e53e52,2-2,1,2216,2216,0,166,0.3333333333,880,21.0,smartphone,2.0,college,0.0,Other,0.0,1.0,N,7.638,4494.584838,Mohamed Sissoko,4,4792.211426,Rocklin Unified,3,1,4,6,0,1
a3dd9852-6cc5-4893-a6be-e0eed5e53e52,3-1,0,3948,3948,0,106,0.0,880,21.0,smartphone,2.0,college,0.0,Other,0.0,1.0,N,11.081,1610.942249,Emre Belözoğlu,5,5450.103516,Gold Trail Union Elementary,2,2,4,6,0,5
a3dd9852-6cc5-4893-a6be-e0eed5e53e52,2-1,0,2493,2493,0,145,0.0,880,21.0,smartphone,2.0,college,0.0,Other,0.0,1.0,N,8.337,3489.77136,Leon Barnett,2,5210.724609,Hydesville Elementary,4,2,7,10,0,7
a3dd9852-6cc5-4893-a6be-e0eed5e53e52,3-2,1,2700,2700,0,120,0.6666666667,880,21.0,smartphone,2.0,college,0.0,Other,0.0,1.0,N,10.697,2666.666667,Wes Brown,4,4715.445801,Saugus Union Elementary,1,1,7,10,0,3
a3dd9852-6cc5-4893-a6be-e0eed5e53e52,1-2,0,4339,4339,0,383,0.3333333333,880,21.0,smartphone,2.0,college,0.0,Other,0.0,1.0,N,10.485,5296.151187,Mohammed Abdellaoue,4,4632.068359,Loomis Union Elementary,3,3,7,10,0,5
a4ad1191-04ac-455e-aff5-2c63a910dc59,3-1,0,69088,54615,14473,106,1.0,880,47.0,smartphone,0.0,college,1.0,English,0.0,0.0,Y,11.081,116.4515243, Oriol Romeu,2,5028.561523,Placer Hills Union Elementary,4,1,7,10,0,5
a4ad1191-04ac-455e-aff5-2c63a910dc59,2-2,0,77782,64679,13103,166,1.0,880,47.0,smartphone,0.0,college,1.0,English,0.0,0.0,Y,7.638,153.9912491,Joël Sami,4,5695.466797,Dunham Elementary,4,6,4,6,0,6
a4ad1191-04ac-455e-aff5-2c63a910dc59,1-1,0,166117,152589,13528,324,1.0,880,47.0,smartphone,0.0,college,1.0,English,0.0,0.0,Y,9.6,127.4010577,Papiss Demba Cissé,2,4504.294922,San Carlos Elementary,1,2,3,5,0,5
a4ad1191-04ac-455e-aff5-2c63a910dc59,3-2,1,75452,60050,15402,120,1.0,880,47.0,smartphone,0.0,college,1.0,English,0.0,0.0,Y,10.697,119.9000833,Tobias Levels,4,5156.437012,Ready Springs Union Elementary,2,4,3,5,0,5
a4ad1191-04ac-455e-aff5-2c63a910dc59,2-1,1,91451,77034,14417,145,1.0,880,47.0,smartphone,0.0,college,1.0,English,0.0,0.0,Y,8.337,112.9371446,Kevin Volland,2,5433.51416,Coarsegold Union Elementary,1,1,7,10,0,3
a4ad1191-04ac-455e-aff5-2c63a910dc59,1-2,1,184397,148412,35985,383,1.0,880,47.0,smartphone,0.0,college,1.0,English,0.0,0.0,Y,10.485,154.8392313,Heiko Butscher,2,5254.631836,Cayucos Elementary,4,2,7,10,0,6
a5e829ad-603c-4eb6-b078-c82074eae0a3,3-1,1,29380,25136,4244,106,1.0,1212,50.0,laptop,0.0,graduate school,1.0,English,0.0,0.0,Y,11.081,253.0235519,Nemanja Vidić,4,4593.196777,Richmond Elementary,3,2,7,10,0,4
a5e829ad-603c-4eb6-b078-c82074eae0a3,1-1,0,69549,64526,5023,324,1.0,1212,50.0,laptop,0.0,graduate school,1.0,English,0.0,0.0,Y,9.6,301.2739051,Mathieu Coutadeur,4,4320.678711,Clay Joint Elementary,2,9,3,5,0,6
a5e829ad-603c-4eb6-b078-c82074eae0a3,2-1,1,32318,29854,2464,145,0.6666666667,1212,50.0,laptop,0.0,graduate school,1.0,English,0.0,0.0,Y,8.337,291.4182354, Ander Herrera,3,4920.777344,Waugh Elementary,2,1,3,5,0,1
a5e829ad-603c-4eb6-b078-c82074eae0a3,2-2,0,38325,36376,1949,166,1.0,1212,50.0,laptop,0.0,graduate school,1.0,English,0.0,0.0,Y,7.638,273.8069057,Adam Lallana,2,6905.869141,Two Rock Union Elementary,4,1,7,10,0,1
a5e829ad-603c-4eb6-b078-c82074eae0a3,3-2,0,45413,41308,4105,120,1.0,1212,50.0,laptop,0.0,graduate school,1.0,English,0.0,0.0,Y,10.697,174.3003777,Benoît Assou-Ekotto,4,5729.904297,Belmont-Redwood Shores Elementary,3,1,4,6,0,6
a5e829ad-603c-4eb6-b078-c82074eae0a3,1-2,1,71164,67170,3994,383,0.6666666667,1212,50.0,laptop,0.0,graduate school,1.0,English,0.0,0.0,Y,10.485,342.1170165,Aly Cissokho,4,4825.202148,Rescue Union Elementary,3,1,7,10,0,4
a75e076f-3028-44a1-af60-ca3b3bcaeed0,3-2,0,18822,17203,1619,120,0.6666666667,1438,21.0,desktop,0.0,college,1.0,English,0.0,0.0,Y,10.697,418.5316515,Ryan Nelsen,3,5388.17041,Alta-Dutch Flat Union Elementary,2,1,7,10,0,5
a75e076f-3028-44a1-af60-ca3b3bcaeed0,1-2,0,37233,32789,4444,383,1.0,1438,21.0,desktop,0.0,college,1.0,English,0.0,0.0,Y,10.485,700.8447955,Oguchi Onyewu,4,5133.827148,San Pasqual Union Elementary,1,1,7,10,0,4
a75e076f-3028-44a1-af60-ca3b3bcaeed0,2-2,0,30079,29093,986,166,1.0,1438,21.0,desktop,0.0,college,1.0,English,0.0,0.0,Y,7.638,342.3503936, Morata,4,5346.15625,Latrobe Elementary,4,3,7,10,0,5
a75e076f-3028-44a1-af60-ca3b3bcaeed0,2-1,1,1799,1649,150,145,0.0,1438,21.0,desktop,0.0,college,1.0,English,0.0,0.0,Y,8.337,5275.924803,Yaya Touré,2,4789.309082,Union Hill Elementary,1,3,7,10,0,1
a75e076f-3028-44a1-af60-ca3b3bcaeed0,1-1,1,36477,34678,1799,324,0.6666666667,1438,21.0,desktop,0.0,college,1.0,English,0.0,0.0,Y,9.6,560.5859623, Gavilán,2,5329.782227,Twin Hills Union Elementary,4,15,9,13,0,5
a75e076f-3028-44a1-af60-ca3b3bcaeed0,3-1,1,3351,2617,734,106,0.3333333333,1438,21.0,desktop,0.0,college,1.0,English,0.0,0.0,Y,11.081,2430.263661,Ronnie Stam,5,5371.172852,Pacific Union Elementary,4,1,9,13,0,1
a77a0634-aabe-420d-8348-0a7372b161d2,1-1,1,54486,41755,12731,324,1.0,689,44.0,tablet,0.0,graduate school,1.0,English,0.0,0.0,Y,9.6,465.5729853, Miranda,2,5771.383789,Douglas City Elementary,1,1,4,6,0,5
a77a0634-aabe-420d-8348-0a7372b161d2,1-2,0,59540,59540,0,383,1.0,689,44.0,tablet,0.0,graduate school,1.0,English,0.0,0.0,Y,10.485,385.9590191,Kalilou Traoré,4,4993.634766,Pleasant Ridge Union Elementary,3,1,7,10,0,5
a77a0634-aabe-420d-8348-0a7372b161d2,2-1,1,29473,29473,0,145,1.0,689,44.0,tablet,0.0,graduate school,1.0,English,0.0,0.0,Y,8.337,295.1854239, Gabi,1,4854.038086,Newcastle Elementary,2,6,3,5,0,3
a77a0634-aabe-420d-8348-0a7372b161d2,3-2,1,37616,37616,0,120,1.0,689,44.0,tablet,0.0,graduate school,1.0,English,0.0,0.0,Y,10.697,191.4079115,Darío Cvitanich,4,4392.679688,Mesa Union Elementary,4,1,3,5,0,1
a77a0634-aabe-420d-8348-0a7372b161d2,3-1,0,29027,28417,610,106,1.0,689,44.0,tablet,0.0,graduate school,1.0,English,0.0,0.0,Y,11.081,223.8096914, Mario,5,5884.432129,Weaverville Elementary,3,11,3,5,0,5
a77a0634-aabe-420d-8348-0a7372b161d2,2-2,0,37022,36985,37,166,1.0,689,44.0,tablet,0.0,graduate school,1.0,English,0.0,0.0,Y,7.638,269.2983642, Balenziaga,4,4273.993164,North Cow Creek Elementary,1,4,7,10,0,5
a7961f82-b7d1-4a3c-a0e2-6f03d8424b4a,3-2,1,25028,22960,2068,120,0.6666666667,1366,40.0,desktop,0.0,college,1.0,German,0.0,0.0,N,10.697,313.5888502,Tomáš Rosický,2,5146.78418,Nevada City Elementary,4,2,4,6,0,3
a7961f82-b7d1-4a3c-a0e2-6f03d8424b4a,1-2,0,48014,38097,9917,383,1.0,1366,40.0,desktop,0.0,college,1.0,German,0.0,0.0,N,10.485,603.1971021,Patrick Owomoyela,3,5351.522949,Jacoby Creek Elementary,4,1,3,5,0,5
a7961f82-b7d1-4a3c-a0e2-6f03d8424b4a,2-2,1,27480,25136,2344,166,0.6666666667,1366,40.0,desktop,0.0,college,1.0,German,0.0,0.0,N,7.638,396.2444303,Sébastien Squillaci,4,7667.571777,Fort Ross Elementary,2,8,3,5,0,4
a7961f82-b7d1-4a3c-a0e2-6f03d8424b4a,1-1,1,44834,36544,8290,324,0.6666666667,1366,40.0,desktop,0.0,college,1.0,German,0.0,0.0,N,9.6,531.9614711,Claudio Yacob,5,5281.708984,Encinitas Union Elementary,4,2,7,10,0,1
a7961f82-b7d1-4a3c-a0e2-6f03d8424b4a,3-1,0,33388,31830,1558,106,1.0,1366,40.0,desktop,0.0,college,1.0,German,0.0,0.0,N,11.081,199.8114986,George McCartney,2,5368.50293,Dixie Elementary,4,2,9,13,0,1
a7961f82-b7d1-4a3c-a0e2-6f03d8424b4a,2-1,0,26044,25225,819,145,0.6666666667,1366,40.0,desktop,0.0,college,1.0,German,0.0,0.0,N,8.337,344.8959366,Jerome Thomas,3,6429.257324,Lakeside Joint Elementary,3,1,4,6,0,1
a8a7b6f7-3663-43c9-a149-88a058e52ccf,3-2,1,20938,18477,2461,120,1.0,1135,45.0,desktop,0.0,college,0.0,English,0.0,0.0,Y,10.697,389.6736483,Benedikt Röcker,2,5387.458984,Hermosa Beach City Elementary,2,1,7,10,0,1
a8a7b6f7-3663-43c9-a149-88a058e52ccf,2-1,0,15749,15281,468,145,1.0,1135,45.0,desktop,0.0,college,0.0,English,0.0,0.0,Y,8.337,569.3344676,Arouna Koné,4,5235.774902,Rincon Valley Union Elementary,2,4,3,5,0,5
a8a7b6f7-3663-43c9-a149-88a058e52ccf,1-1,1,40324,38860,1464,324,1.0,1135,45.0,desktop,0.0,college,0.0,English,0.0,0.0,Y,9.6,500.257334,Andy Carroll,4,4829.896484,Washington Union Elementary,4,2,3,5,0,3
a8a7b6f7-3663-43c9-a149-88a058e52ccf,1-2,0,39287,36576,2711,383,1.0,1135,45.0,desktop,0.0,college,0.0,English,0.0,0.0,Y,10.485,628.2808399,Richard Wright,2,5088.708008,Bennett Valley Union Elementary,2,8,4,6,0,6
a8a7b6f7-3663-43c9-a149-88a058e52ccf,2-2,1,17816,17333,483,166,1.0,1135,45.0,desktop,0.0,college,0.0,English,0.0,0.0,Y,7.638,574.6264351,Mario Mandžukić,3,5390.118164,Loma Prieta Joint Union Elemen,3,1,3,5,0,3
a8a7b6f7-3663-43c9-a149-88a058e52ccf,3-1,0,13373,11500,1873,106,1.0,1135,45.0,desktop,0.0,college,0.0,English,0.0,0.0,Y,11.081,553.0434783,Damien Perquis,3,6588.430664,Kenwood Elementary,3,1,7,10,0,3
a8d07b3c-a7d4-49c9-b2b9-07c268f706fc,3-2,1,33323,31195,2128,120,1.0,1365,22.0,laptop,0.0,college,0.0,Other,0.0,0.0,N,10.697,230.8062189,André Fomitschow,3,6196.694824,Liberty Elementary,1,4,3,5,0,1
a8d07b3c-a7d4-49c9-b2b9-07c268f706fc,1-1,0,86772,83134,3638,324,1.0,1365,22.0,laptop,0.0,college,0.0,Other,0.0,0.0,N,9.6,233.8393437,Diego Benaglio,2,4645.413086,Knights Ferry Elementary,2,3,9,13,0,4
a8d07b3c-a7d4-49c9-b2b9-07c268f706fc,2-1,1,46759,44881,1878,145,0.3333333333,1365,22.0,laptop,0.0,college,0.0,Other,0.0,0.0,N,8.337,193.8459482,Anthony Réveillère,4,6489.928711,Kentfield Elementary,4,1,3,5,0,1
a8d07b3c-a7d4-49c9-b2b9-07c268f706fc,1-2,1,93184,84470,8714,383,0.3333333333,1365,22.0,laptop,0.0,college,0.0,Other,0.0,0.0,N,10.485,272.0492483,Raphaël Varane,4,5094.958984,Ballard Elementary,3,5,7,10,0,5
a8d07b3c-a7d4-49c9-b2b9-07c268f706fc,3-1,0,34050,29327,4723,106,0.6666666667,1365,22.0,laptop,0.0,college,0.0,Other,0.0,0.0,N,11.081,216.8650049,Jonás Gutiérrez,2,4841.958496,Oak Grove Union Elementary,3,1,7,10,0,4
a8d07b3c-a7d4-49c9-b2b9-07c268f706fc,2-2,0,44739,43720,1019,166,1.0,1365,22.0,laptop,0.0,college,0.0,Other,0.0,0.0,N,7.638,227.8133577,Per Skjelbred,4,6315.3125,Ross Valley Elementary,2,1,4,6,0,5
aa6ebb2d-1a1e-4fc2-8f8b-146561327a41,2-1,0,38573,36117,2456,145,1.0,1366,52.0,desktop,0.0,college,1.0,English,0.0,0.0,Y,8.337,240.8837943,Yann M'Vila,2,5399.383301,Mountain Elementary,1,1,9,13,0,6
aa6ebb2d-1a1e-4fc2-8f8b-146561327a41,1-1,1,60980,55570,5410,324,0.6666666667,1366,52.0,desktop,0.0,college,1.0,English,0.0,0.0,Y,9.6,349.8290444, Diego,3,5429.473633,Burlingame Elementary,2,3,7,10,0,5
aa6ebb2d-1a1e-4fc2-8f8b-146561327a41,3-2,0,51484,48015,3469,120,1.0,1366,52.0,desktop,0.0,college,1.0,English,0.0,0.0,Y,10.697,149.9531396,Hedwiges Maduro,2,5644.286133,Grant Elementary,1,1,4,6,0,1
aa6ebb2d-1a1e-4fc2-8f8b-146561327a41,1-2,0,69764,66023,3741,383,1.0,1366,52.0,desktop,0.0,college,1.0,English,0.0,0.0,Y,10.485,348.0605244,Gary Cahill,3,6060.256836,Happy Valley Elementary,2,6,7,10,0,4
aa6ebb2d-1a1e-4fc2-8f8b-146561327a41,2-2,1,33140,29333,3807,166,1.0,1366,52.0,desktop,0.0,college,1.0,English,0.0,0.0,Y,7.638,339.5493131,Max Ehmer,3,5319.553711,Bonny Doon Union Elementary,3,4,3,5,0,1
aa6ebb2d-1a1e-4fc2-8f8b-146561327a41,3-1,1,29269,23751,5518,106,0.6666666667,1366,52.0,desktop,0.0,college,1.0,English,0.0,0.0,Y,11.081,267.7781988,Rory Delap,5,4819.903809,Walnut Creek Elementary,1,2,4,6,0,6
ac03d866-ecd8-41e4-9938-c4b098048187,3-1,1,29897,23517,6380,106,1.0,1294,18.0,laptop,0.0,high school,1.0,Turkish,0.0,0.0,N,11.081,270.4426585,Benjamin Moukandjo,3,5208.226074,Hope Elementary,2,1,4,6,0,5
ac03d866-ecd8-41e4-9938-c4b098048187,1-2,1,73888,50428,23460,383,1.0,1294,18.0,laptop,0.0,high school,1.0,Turkish,0.0,0.0,N,10.485,455.6992147,Davide Santon,4,5859.964844,Larkspur Elementary,3,1,3,5,0,5
ac03d866-ecd8-41e4-9938-c4b098048187,2-1,0,37966,33090,4876,145,1.0,1294,18.0,laptop,0.0,high school,1.0,Turkish,0.0,0.0,N,8.337,262.919311,Vincent Kompany,2,4962.736816,Cupertino Union Elementary,1,5,3,5,0,1
ac03d866-ecd8-41e4-9938-c4b098048187,2-2,1,31084,27513,3571,166,1.0,1294,18.0,laptop,0.0,high school,1.0,Turkish,0.0,0.0,N,7.638,362.0106859,Nicolas N'Koulou,4,7614.379395,Pacific Elementary,4,10,3,5,0,5
ac03d866-ecd8-41e4-9938-c4b098048187,3-2,0,36795,27632,9163,120,1.0,1294,18.0,laptop,0.0,high school,1.0,Turkish,0.0,0.0,N,10.697,260.567458,Abou Diaby,2,5566.467773,Los Gatos Union Elementary,3,7,3,5,0,3
ac03d866-ecd8-41e4-9938-c4b098048187,1-1,0,74828,68556,6272,324,1.0,1294,18.0,laptop,0.0,high school,1.0,Turkish,0.0,0.0,N,9.6,283.5638019, Thiago,2,7039.949219,Montecito Union Elementary,1,1,4,6,0,6
acbf370c-b970-4ac5-b1ec-4335a936dbdc,1-2,1,66050,40968,25082,383,1.0,1150,11.0,tablet,0.0,pre-high school,1.0,English,0.0,0.0,Y,10.485,560.9256005, Sílvio,4,6604.063965,Solana Beach Elementary,3,3,4,6,0,3
acbf370c-b970-4ac5-b1ec-4335a936dbdc,2-2,1,24459,21239,3220,166,1.0,1150,11.0,tablet,0.0,pre-high school,1.0,English,0.0,0.0,Y,7.638,468.9486322,Roman Weidenfeller,4,6180.148926,Menlo Park City Elementary,4,1,7,10,0,4
acbf370c-b970-4ac5-b1ec-4335a936dbdc,1-1,0,76741,69774,6967,324,1.0,1150,11.0,tablet,0.0,pre-high school,1.0,English,0.0,0.0,Y,9.6,278.6138103,Cristian Rodríguez,3,6460.657227,Reed Union Elementary,4,1,7,10,0,1
acbf370c-b970-4ac5-b1ec-4335a936dbdc,3-2,0,17878,10035,7843,120,0.6666666667,1150,11.0,tablet,0.0,pre-high school,1.0,English,0.0,0.0,Y,10.697,717.4887892,Enzo Reale,5,6415.35498,Mill Valley Elementary,1,4,7,10,0,4
acbf370c-b970-4ac5-b1ec-4335a936dbdc,3-1,1,24701,13478,11223,106,1.0,1150,11.0,tablet,0.0,pre-high school,1.0,English,0.0,0.0,Y,11.081,471.8801009,Matthew Upson,2,5230.876953,Lafayette Elementary,4,2,7,10,0,6
acbf370c-b970-4ac5-b1ec-4335a936dbdc,2-1,0,16262,10080,6182,145,0.6666666667,1150,11.0,tablet,0.0,pre-high school,1.0,English,0.0,0.0,Y,8.337,863.0952381,Paul Scharner,3,5838.171875,Del Mar Union Elementary,3,1,4,6,0,1
ad4283c9-d606-4e9c-b45f-7f660b31f5d3,2-2,1,44493,5277,39216,166,1.0,880,55.0,tablet,0.0,PhD,1.0,Dutch,0.0,0.0,N,7.638,1887.436043,Pablo Piatti,1,7711.506836,Woodside Elementary,3,1,3,5,0,6
ad4283c9-d606-4e9c-b45f-7f660b31f5d3,1-2,1,72026,16169,55857,383,1.0,880,55.0,tablet,0.0,PhD,1.0,Dutch,0.0,0.0,N,10.485,1421.238172,Klaas-Jan Huntelaar,2,5592.765137,Moraga Elementary,4,3,3,5,0,7
ad4283c9-d606-4e9c-b45f-7f660b31f5d3,3-1,1,25781,4872,20909,106,1.0,880,55.0,tablet,0.0,PhD,1.0,Dutch,0.0,0.0,N,11.081,1305.418719,Paul Scharner,3,5933.154297,Orinda Union Elementary,3,3,7,10,0,5
ad4283c9-d606-4e9c-b45f-7f660b31f5d3,1-1,0,65138,21670,43468,324,0.6666666667,880,55.0,tablet,0.0,PhD,1.0,Dutch,0.0,0.0,N,9.6,897.092755,Mario Mandžukić,4,7593.405762,Hillsborough City Elementary,2,2,7,10,0,5
ad4283c9-d606-4e9c-b45f-7f660b31f5d3,3-2,0,43663,33181,10482,120,1.0,880,55.0,tablet,0.0,PhD,1.0,Dutch,0.0,0.0,N,10.697,216.9916518,Kevin Trapp,5,6500.449707,Cold Spring Elementary,4,1,7,10,0,4
ad4283c9-d606-4e9c-b45f-7f660b31f5d3,2-1,0,34061,15345,18716,145,1.0,880,55.0,tablet,0.0,PhD,1.0,Dutch,0.0,0.0,N,8.337,566.9599218,Karim Matmour,3,7217.263184,Portola Valley Elementary,2,1,3,5,0,5
ad4c12c9-5088-480c-ac6b-07b6e44162bc,1-2,1,82216,80006,2210,383,0.6666666667,1438,31.0,desktop,0.0,college,0.0,Norwegian,0.0,0.0,N,10.485,287.2284579, Arrizabalaga,5,5392.638672,Saratoga Union Elementary,4,1,3,5,0,1
ad4c12c9-5088-480c-ac6b-07b6e44162bc,1-1,0,79527,77210,2317,324,0.3333333333,1438,31.0,desktop,0.0,college,0.0,Norwegian,0.0,0.0,N,9.6,251.7808574,Larsen Touré,3,7290.338867,Las Lomitas Elementary,2,6,7,10,0,5
ad4c12c9-5088-480c-ac6b-07b6e44162bc,3-1,0,53016,50929,2087,106,1.0,1438,31.0,desktop,0.0,college,0.0,Norwegian,0.0,0.0,N,11.081,124.8797345,Max Gradel,4,5741.462891,Los Altos Elementary,2,5,4,6,0,6
ad4c12c9-5088-480c-ac6b-07b6e44162bc,2-1,1,65876,65392,484,145,1.0,1438,31.0,desktop,0.0,college,0.0,Norwegian,0.0,0.0,N,8.337,133.0437974,Karim Guédé,4,4402.831543,Somis Union Elementary,1,4,7,10,0,5
ad4c12c9-5088-480c-ac6b-07b6e44162bc,3-2,1,48779,47112,1667,120,0.6666666667,1438,31.0,desktop,0.0,college,0.0,Norwegian,0.0,0.0,N,10.697,152.8273051,Karim Bellarabi,4,4776.336426,Plumas Elementary,2,1,7,10,0,7
ad4c12c9-5088-480c-ac6b-07b6e44162bc,2-2,0,51538,50450,1088,166,1.0,1438,31.0,desktop,0.0,college,0.0,Norwegian,0.0,0.0,N,7.638,197.4231913, Hélder Postiga,2,5993.392578,Wheatland Elementary,1,1,7,10,0,5
ad72ff21-0001-4c71-9657-91f0af317112,1-2,1,140250,136626,3624,383,0.3333333333,1438,24.0,desktop,0.0,graduate school,1.0,Other,0.0,0.0,N,10.485,168.1963901, Iñigo Martínez,4,6384.911133,Sunol Glen Unified,3,1,7,10,0,6
ad72ff21-0001-4c71-9657-91f0af317112,3-2,0,50372,49532,840,120,1.0,1438,24.0,desktop,0.0,graduate school,1.0,Other,0.0,0.0,N,10.697,145.360575,Patrick Ebert,3,5099.380859,Manzanita Elementary,2,3,7,10,0,1
ad72ff21-0001-4c71-9657-91f0af317112,2-2,1,65643,64283,1360,166,1.0,1438,24.0,desktop,0.0,graduate school,1.0,Other,0.0,0.0,N,7.638,154.9398752,Hedwiges Maduro,4,5501.95459,Thermalito Union Elementary,2,1,9,13,0,1
ad72ff21-0001-4c71-9657-91f0af317112,1-1,0,118037,116630,1407,324,0.6666666667,1438,24.0,desktop,0.0,graduate school,1.0,Other,0.0,0.0,N,9.6,166.6809569,Mario Götze,2,7101.831055,Golden Feather Union Elementary,2,1,9,13,0,7
ad72ff21-0001-4c71-9657-91f0af317112,3-1,1,46123,45639,484,106,1.0,1438,24.0,desktop,0.0,graduate school,1.0,Other,0.0,0.0,N,11.081,139.3544994,Michael Krohn-Dehli,5,5235.987793,Palermo Union Elementary,3,1,4,6,0,4
ad72ff21-0001-4c71-9657-91f0af317112,2-1,0,64955,64753,202,145,0.6666666667,1438,24.0,desktop,0.0,graduate school,1.0,Other,0.0,0.0,N,8.337,134.3567093,Noah Korczowski,4,5580.146973,Burrel Union Elementary,4,1,7,10,0,1
adec7fbd-3153-4612-846d-2a4183f03202,1-2,0,13261,13261,0,383,0.3333333333,1294,17.0,laptop,0.0,high school,1.0,Chinese,0.0,0.0,N,10.485,1732.900988,Joey Barton,2,5253.331055,Holt Union Elementary,3,2,3,5,0,6
adec7fbd-3153-4612-846d-2a4183f03202,2-1,1,16935,15377,1558,145,1.0,1294,17.0,laptop,0.0,high school,1.0,Chinese,0.0,0.0,N,8.337,565.7800611, Iker Casillas,2,4565.746094,Vineland Elementary,3,8,3,5,0,6
adec7fbd-3153-4612-846d-2a4183f03202,3-1,1,22790,20504,2286,106,1.0,1294,17.0,laptop,0.0,high school,1.0,Chinese,0.0,0.0,N,11.081,310.1833789,Dejan Lovren,1,5355.54834,Orange Center Elementary,4,1,3,5,0,5
adec7fbd-3153-4612-846d-2a4183f03202,2-2,0,23118,23118,0,166,0.6666666667,1294,17.0,laptop,0.0,high school,1.0,Chinese,0.0,0.0,N,7.638,430.8331171,Alexander Kačaniklić,2,5036.211426,Del Paso Heights Elementary,2,2,7,10,0,5
adec7fbd-3153-4612-846d-2a4183f03202,3-2,0,9967,9967,0,120,0.6666666667,1294,17.0,laptop,0.0,high school,1.0,Chinese,0.0,0.0,N,10.697,722.3838668,Toifilou Maoulida,2,4547.692383,Le Grand Union Elementary,3,5,4,6,0,6
adec7fbd-3153-4612-846d-2a4183f03202,1-1,1,47812,38602,9210,324,0.6666666667,1294,17.0,laptop,0.0,high school,1.0,Chinese,0.0,0.0,N,9.6,503.6008497,Simon Kjær,1,5447.345215,West Fresno Elementary,1,1,3,5,0,1
adff123a-e9fc-4289-89bc-8002fb8bb5f6,3-1,1,40481,36996,3485,106,1.0,1438,70.0,desktop,0.0,graduate school,0.0,English,0.0,0.0,Y,11.081,171.9104768,Jonathan dos Santos,2,6567.149414,Allensworth Elementary,1,2,3,5,0,6
adff123a-e9fc-4289-89bc-8002fb8bb5f6,1-1,0,90426,81636,8790,324,0.6666666667,1438,70.0,desktop,0.0,graduate school,0.0,English,0.0,0.0,Y,9.6,238.1302367,Nicolas Isimat-Mirin,3,4818.612793,Sunnyside Union Elementary,1,6,7,10,0,6
adff123a-e9fc-4289-89bc-8002fb8bb5f6,2-1,1,53775,51778,1997,145,0.6666666667,1438,70.0,desktop,0.0,graduate school,0.0,English,0.0,0.0,Y,8.337,168.0250299,Johnny Heitinga,3,5621.456055,Woodville Elementary,2,1,9,13,0,3
adff123a-e9fc-4289-89bc-8002fb8bb5f6,2-2,0,47661,45753,1908,166,1.0,1438,70.0,desktop,0.0,graduate school,0.0,English,0.0,0.0,Y,7.638,217.6906432,Stephen Warnock,1,6026.359863,Pixley Union Elementary,2,1,4,6,0,6
adff123a-e9fc-4289-89bc-8002fb8bb5f6,3-2,0,57395,48038,9357,120,1.0,1438,70.0,desktop,0.0,graduate school,0.0,English,0.0,0.0,Y,10.697,149.8813439,Gabriel Torje,3,6723.237793,Lost Hills Union Elementary,1,8,7,10,0,5
adff123a-e9fc-4289-89bc-8002fb8bb5f6,1-2,1,70860,46875,23985,383,0.6666666667,1438,70.0,desktop,0.0,graduate school,0.0,English,0.0,0.0,Y,10.485,490.24,Korey Smith,4,5589.885254,Buttonwillow Union Elementary,3,3,3,5,0,6
aea24408-032f-4620-986e-f97f5f47c28a,3-1,1,21878,20459,1419,106,1.0,1150,22.0,laptop,0.0,college,1.0,English,0.0,0.0,Y,11.081,310.8656337,Martin Lanig,4,5064.615723,Lennox Elementary,4,1,3,5,0,1
aea24408-032f-4620-986e-f97f5f47c28a,1-1,0,93068,89718,3350,324,0.6666666667,1150,22.0,laptop,0.0,college,1.0,English,0.0,0.0,Y,9.6,216.6789273,Victor Montaño,3,5433.593262,Lamont Elementary,2,6,4,6,0,3
aea24408-032f-4620-986e-f97f5f47c28a,2-2,1,28591,26626,1965,166,1.0,1150,22.0,laptop,0.0,college,1.0,English,0.0,0.0,Y,7.638,374.0704574,Emre Belözoğlu,4,5725.563477,Westmorland Union Elementary,2,3,3,5,0,4
aea24408-032f-4620-986e-f97f5f47c28a,1-2,1,52547,48121,4426,383,0.6666666667,1150,22.0,laptop,0.0,college,1.0,English,0.0,0.0,Y,10.485,477.5461857,Junior Fernandes,3,4542.10498,Pleasant View Elementary,2,1,7,10,0,3
aea24408-032f-4620-986e-f97f5f47c28a,3-2,0,47717,42916,4801,120,0.6666666667,1150,22.0,laptop,0.0,college,1.0,English,0.0,0.0,Y,10.697,167.7695964, Marcos António,5,5107.086426,Wasco Union Elementary,1,9,3,5,0,5
aea24408-032f-4620-986e-f97f5f47c28a,2-1,0,40546,37198,3348,145,1.0,1150,22.0,laptop,0.0,college,1.0,English,0.0,0.0,Y,8.337,233.8835421,Theo Walcott,2,4659.661621,Alta Vista Elementary,2,1,9,13,0,5
af2dd336-540d-4ded-ae2e-6d21383207fc,3-2,0,41166,38264,2902,120,1.0,1438,23.0,desktop,0.0,college,1.0,Chinese,0.0,0.0,N,10.697,188.1664227, Marcos António,2,4555.464355,Livingston Union Elementary,4,1,3,5,0,6
af2dd336-540d-4ded-ae2e-6d21383207fc,1-1,1,36550,32926,3624,324,1.0,1438,23.0,desktop,0.0,college,1.0,Chinese,0.0,0.0,N,9.6,590.4148697,Ricardo Rodríguez,2,5415.152832,Woodlake Union Elementary,3,1,7,10,0,4
af2dd336-540d-4ded-ae2e-6d21383207fc,2-2,0,30849,29772,1077,166,1.0,1438,23.0,desktop,0.0,college,1.0,Chinese,0.0,0.0,N,7.638,334.5425232,Jonas Olsson,5,4997.871582,Alisal Union Elementary,4,2,7,10,0,1
af2dd336-540d-4ded-ae2e-6d21383207fc,3-1,1,15143,14853,290,106,1.0,1438,23.0,desktop,0.0,college,1.0,Chinese,0.0,0.0,N,11.081,428.196324,Brad Friedel,3,5223.912109,Arvin Union Elementary,4,1,4,6,0,3
af2dd336-540d-4ded-ae2e-6d21383207fc,1-2,0,59007,53433,5574,383,1.0,1438,23.0,desktop,0.0,college,1.0,Chinese,0.0,0.0,N,10.485,430.0713043, Javi Martínez,4,5139.164551,Terra Bella Union Elementary,1,2,9,13,0,1
af2dd336-540d-4ded-ae2e-6d21383207fc,2-1,1,25464,23906,1558,145,1.0,1438,23.0,desktop,0.0,college,1.0,Chinese,0.0,0.0,N,8.337,363.9253744,Branislav Ivanović,3,4614.251953,Tipton Elementary,1,12,7,10,0,7
af359589-3ded-40eb-8c8e-8c820ad019de,3-2,1,31423,21824,9599,120,1.0,1294,,,,,,,,,,10.697,329.9120235,Romain Danzé,2,5342.233398,San Ysidro Elementary,1,3,4,6,0,4
af359589-3ded-40eb-8c8e-8c820ad019de,1-2,1,64732,51578,13154,383,1.0,1294,,,,,,,,,,10.485,445.5387956, André Santos,1,5347.458496,Soledad Unified,1,1,7,10,0,3
af359589-3ded-40eb-8c8e-8c820ad019de,2-1,0,33771,32948,823,145,1.0,1294,,,,,,,,,,8.337,264.0524463, Pedro León,3,5036.458984,Mountain View Elementary,1,4,3,5,0,6
af359589-3ded-40eb-8c8e-8c820ad019de,3-1,0,24461,17406,7055,106,1.0,1294,,,,,,,,,,11.081,365.3912444,Ivica Olić,4,5117.141602,King City Union Elementary,2,1,4,6,0,6
af359589-3ded-40eb-8c8e-8c820ad019de,2-2,1,36994,33230,3764,166,1.0,1294,,,,,,,,,,7.638,299.7291604,Milan Petržela,1,5117.039551,Ontario-Montclair Elementary,4,3,4,6,0,5
af359589-3ded-40eb-8c8e-8c820ad019de,1-1,0,67801,61868,5933,324,1.0,1294,,,,,,,,,,9.6,314.217366, Cristiano Ronaldo,3,5272.191895,Los Nietos Elementary,2,18,3,5,0,5
afb433da-e4be-42f4-a386-41690af0783e,3-2,1,37412,34637,2775,120,0.6666666667,920,25.0,tablet,0.0,high school,0.0,English,0.0,0.0,Y,10.697,207.8701966,Christian Gentner,1,5225.719238,Winton Elementary,4,1,3,5,0,4
afb433da-e4be-42f4-a386-41690af0783e,1-2,0,39601,36153,3448,383,0.6666666667,920,25.0,tablet,0.0,high school,0.0,English,0.0,0.0,Y,10.485,635.6318978,Per Mertesacker,4,6516.533203,Raisin City Elementary,3,1,3,5,0,1
afb433da-e4be-42f4-a386-41690af0783e,2-2,0,17165,16477,688,166,1.0,920,25.0,tablet,0.0,high school,0.0,English,0.0,0.0,Y,7.638,604.4789707,Simon Kjær,1,4559.176758,Ravenswood City Elementary,4,7,3,5,0,4
afb433da-e4be-42f4-a386-41690af0783e,1-1,1,55159,48852,6307,324,0.6666666667,920,25.0,tablet,0.0,high school,0.0,English,0.0,0.0,Y,9.6,397.9366249,Michael Schulze,4,5119.158203,Richland-Lerdo Union Elementary,4,2,4,6,0,5
afb433da-e4be-42f4-a386-41690af0783e,2-1,1,22922,19971,2951,145,1.0,920,25.0,tablet,0.0,high school,0.0,English,0.0,0.0,Y,8.337,435.6316659,Garry Bocaly,1,5338.185547,Oxnard Elementary,4,5,4,6,0,5
afb433da-e4be-42f4-a386-41690af0783e,3-1,0,20586,16478,4108,106,1.0,920,25.0,tablet,0.0,high school,0.0,English,0.0,0.0,Y,11.081,385.969171, Rafinha,3,5090.044922,El Nido Elementary,3,1,7,10,0,6
b038618b-9b28-43cd-b9c1-ac984372d993,3-1,0,38660,29492,9168,106,1.0,1438,21.0,desktop,0.0,college,0.0,English,0.0,0.0,Y,11.081,215.6517022,Djakaridja Koné,3,5485.496094,Fairfax Elementary,2,1,7,10,0,4
b038618b-9b28-43cd-b9c1-ac984372d993,1-1,1,60855,53998,6857,324,1.0,1438,21.0,desktop,0.0,college,0.0,English,0.0,0.0,Y,9.6,360.0133338,Philipp Lahm,3,4793.370117,Delano Union Elementary,1,1,7,10,0,5
b038618b-9b28-43cd-b9c1-ac984372d993,2-1,0,22315,21048,1267,145,0.6666666667,1438,21.0,desktop,0.0,college,0.0,English,0.0,0.0,Y,8.337,413.340935,Brian Murphy,2,5092.91748,Perris Elementary,2,1,7,10,0,4
b038618b-9b28-43cd-b9c1-ac984372d993,1-2,0,67330,63573,3757,383,0.3333333333,1438,21.0,desktop,0.0,college,0.0,English,0.0,0.0,Y,10.485,361.4742107,Benjamin Köhler,4,4359.520996,Valle Lindo Elementary,2,2,4,6,0,2
b038618b-9b28-43cd-b9c1-ac984372d993,2-2,1,36713,34343,2370,166,1.0,1438,21.0,desktop,0.0,college,0.0,English,0.0,0.0,Y,7.638,290.0154325,Michael Owen,3,5645.495605,Alum Rock Union Elementary,3,2,3,5,0,6
b038618b-9b28-43cd-b9c1-ac984372d993,3-2,1,33039,30237,2802,120,1.0,1438,21.0,desktop,0.0,college,0.0,English,0.0,0.0,Y,10.697,238.118861,Antonio Rukavina,1,4518.016113,Edison Elementary,1,3,3,5,0,5
b0d76a60-3231-40e1-8fbe-d4d020b33e22,1-1,1,62344,45134,17210,324,0.3333333333,1294,51.0,laptop,0.0,professional school,1.0,English,0.0,0.0,Y,9.6,430.7174192,Andreas Ottl,3,5864.366211,Bakersfield City Elementary,3,1,7,10,0,1
b0d76a60-3231-40e1-8fbe-d4d020b33e22,3-1,1,26726,20068,6658,106,1.0,1294,51.0,laptop,0.0,professional school,1.0,English,0.0,0.0,Y,11.081,316.9224636,Robbie Kruse,2,5257.996582,Franklin-McKinley Elementary,2,10,7,10,0,5
b0d76a60-3231-40e1-8fbe-d4d020b33e22,2-2,1,37792,34668,3124,166,1.0,1294,51.0,laptop,0.0,professional school,1.0,English,0.0,0.0,Y,7.638,287.2966424,Éric Abidal,3,5016.692383,Hawthorne Elementary,1,4,7,10,0,5
b0d76a60-3231-40e1-8fbe-d4d020b33e22,3-2,0,49108,41210,7898,120,1.0,1294,51.0,laptop,0.0,professional school,1.0,English,0.0,0.0,Y,10.697,174.714875, Víctor Valdés,2,4720.086426,Chowchilla Elementary,4,6,3,5,0,2
b0d76a60-3231-40e1-8fbe-d4d020b33e22,1-2,0,85788,77735,8053,383,1.0,1294,51.0,laptop,0.0,professional school,1.0,English,0.0,0.0,Y,10.485,295.6197337,Pierrick Cros,4,5470.5625,Salinas City Elementary,3,1,3,5,0,1
b0d76a60-3231-40e1-8fbe-d4d020b33e22,2-1,0,42276,39779,2497,145,1.0,1294,51.0,laptop,0.0,professional school,1.0,English,0.0,0.0,Y,8.337,218.7083637,Kolo Touré,3,5615.441895,Santa Maria-Bonita Elementary,2,21,7,10,0,5
b1203ed6-31a9-42e9-b3a1-61384a0d18a2,2-1,0,74349,70542,3807,145,0.6666666667,880,47.0,smartphone,0.0,professional school,1.0,English,0.0,0.0,Y,8.337,123.3307817,Nemanja Pejčinović,1,5245.439941,Whittier City Elementary,2,3,4,6,0,6
b1203ed6-31a9-42e9-b3a1-61384a0d18a2,1-1,1,116147,98824,17323,324,1.0,880,47.0,smartphone,0.0,professional school,1.0,English,0.0,0.0,Y,9.6,196.713349,Titus Bramble,2,4838.175293,Eastside Union Elementary,1,1,7,10,0,5
b1203ed6-31a9-42e9-b3a1-61384a0d18a2,3-1,1,60342,53142,7200,106,1.0,880,47.0,smartphone,0.0,professional school,1.0,English,0.0,0.0,Y,11.081,119.6793497,Erik Wille,3,5367.988281,Lawndale Elementary,2,3,7,10,0,4
b1203ed6-31a9-42e9-b3a1-61384a0d18a2,2-2,1,65297,57881,7416,166,1.0,880,47.0,smartphone,0.0,professional school,1.0,English,0.0,0.0,Y,7.638,172.0771929,Heung-Min Son,5,5526.236816,Robla Elementary,1,2,7,10,0,6
b1203ed6-31a9-42e9-b3a1-61384a0d18a2,3-2,0,85583,69824,15759,120,1.0,880,47.0,smartphone,0.0,professional school,1.0,English,0.0,0.0,Y,10.697,103.116407,Shaun Cummings,2,4353.019531,Santa Rita Union Elementary,3,2,7,10,0,6
b1203ed6-31a9-42e9-b3a1-61384a0d18a2,1-2,0,226987,194477,32510,383,1.0,880,47.0,smartphone,0.0,professional school,1.0,English,0.0,0.0,Y,10.485,118.1630733,Klaas-Jan Huntelaar,1,5034.290039,Rio Elementary,2,15,7,10,0,3
b1829797-b60f-46cb-803a-c68dd04440b3,3-1,1,33940,27938,6002,106,1.0,1212,22.0,laptop,1.0,college,1.0,English,0.0,1.0,Y,11.081,227.6469325,Robert Green,4,4692.493652,Strathmore Union Elementary,2,1,9,13,0,1
b1829797-b60f-46cb-803a-c68dd04440b3,2-2,1,50334,44881,5453,166,1.0,1212,22.0,laptop,1.0,college,1.0,English,0.0,1.0,Y,7.638,221.9201889,Hadi Sacko,2,5606.781738,North Sacramento Elementary,4,1,9,13,0,4
b1829797-b60f-46cb-803a-c68dd04440b3,1-1,0,82739,69869,12870,324,0.6666666667,1212,22.0,laptop,1.0,college,1.0,English,0.0,1.0,Y,9.6,278.2349826,Adam Smith,2,4969.180664,Anaheim Elementary,2,3,4,6,0,1
b1829797-b60f-46cb-803a-c68dd04440b3,2-1,0,52991,47170,5821,145,0.6666666667,1212,22.0,laptop,1.0,college,1.0,English,0.0,1.0,Y,8.337,184.4392622,Mohammed Rabiu,3,4675.674805,Lemoore Union Elementary,3,1,7,10,0,5
b1829797-b60f-46cb-803a-c68dd04440b3,3-2,0,56398,47875,8523,120,1.0,1212,22.0,laptop,1.0,college,1.0,English,0.0,1.0,Y,10.697,150.3916449,Alex Song,4,5306.132813,Armona Union Elementary,3,2,3,5,0,4
b1829797-b60f-46cb-803a-c68dd04440b3,1-2,1,82738,72879,9859,383,1.0,1212,22.0,laptop,1.0,college,1.0,English,0.0,1.0,Y,10.485,315.3171696,Peguy Luyindula,4,5693.883301,Beardsley Elementary,2,15,3,5,0,6
b1872ef2-f148-440e-a44e-3f12578c14cc,2-2,1,31357,22369,8988,166,1.0,905,35.0,desktop,0.0,PhD,0.0,English,0.0,0.0,Y,7.638,445.2590639,Hadi Sacko,2,5181.57959,South Whittier Elementary,4,1,3,5,0,6
b1872ef2-f148-440e-a44e-3f12578c14cc,1-1,0,69253,65415,3838,324,1.0,905,35.0,desktop,0.0,PhD,0.0,English,0.0,0.0,Y,9.6,297.179546,Roland Lamah,5,5228.650879,Hanford Elementary,2,1,7,10,0,5
b1872ef2-f148-440e-a44e-3f12578c14cc,3-2,1,32502,30268,2234,120,0.6666666667,905,35.0,desktop,0.0,PhD,0.0,English,0.0,0.0,Y,10.697,237.8749835,David Yelldell,3,5339.391113,National Elementary,3,1,4,6,0,5
b1872ef2-f148-440e-a44e-3f12578c14cc,1-2,1,60788,47967,12821,383,1.0,905,35.0,desktop,0.0,PhD,0.0,English,0.0,0.0,Y,10.485,479.0793671,Tom Starke,2,6056.49707,Roseland Elementary,2,6,3,5,0,1
b1872ef2-f148-440e-a44e-3f12578c14cc,2-1,0,51071,45076,5995,145,0.6666666667,905,35.0,desktop,0.0,PhD,0.0,English,0.0,0.0,Y,8.337,193.0073653,Kevin Olimpa,3,4845.680176,Di Giorgio Elementary,1,1,3,5,0,5
b1872ef2-f148-440e-a44e-3f12578c14cc,3-1,0,44859,36278,8581,106,1.0,905,35.0,desktop,0.0,PhD,0.0,English,0.0,0.0,Y,11.081,175.3128618,Klaas-Jan Huntelaar,2,4826.666016,Keppel Union Elementary,1,1,7,10,0,4
b1a27fa0-3a9b-4b77-9c22-2f7ffd839812,3-1,1,10087,8715,1372,106,0.3333333333,1438,,,,,,,,,,11.081,729.7762478, Albelda,3,5367.090332,Lakeside Union Elementary,1,1,9,13,0,1
b1a27fa0-3a9b-4b77-9c22-2f7ffd839812,2-1,1,29194,28167,1027,145,0.3333333333,1438,,,,,,,,,,8.337,308.8720844,Antolín Alcaraz,5,5742.73291,Merced City Elementary,2,8,4,6,0,4
b1a27fa0-3a9b-4b77-9c22-2f7ffd839812,1-1,0,39542,38391,1151,324,0.0,1438,,,,,,,,,,9.6,506.3686802, Carlos Martínez,4,4136.250977,Guadalupe Union Elementary,1,2,7,10,0,6
b1a27fa0-3a9b-4b77-9c22-2f7ffd839812,2-2,0,21325,20325,1000,166,0.6666666667,1438,,,,,,,,,,7.638,490.0369004,Lukas Schmitz,2,5267.831055,Cucamonga Elementary,4,1,3,5,0,6
b1a27fa0-3a9b-4b77-9c22-2f7ffd839812,1-2,1,26802,24441,2361,383,0.6666666667,1438,,,,,,,,,,10.485,940.2233951, Granero,3,5238.39209,Knightsen Elementary,3,1,3,5,0,6
b1a27fa0-3a9b-4b77-9c22-2f7ffd839812,3-2,0,16744,15563,1181,120,0.6666666667,1438,,,,,,,,,,10.697,462.6357386,Tom Starke,5,5462.899414,Rio Dell Elementary,4,3,4,6,0,5
b4161534-88a5-4dd5-9160-ccca3961fb40,3-1,0,32319,29989,2330,106,1.0,1241,21.0,desktop,0.0,pre-high school,0.0,Russian,0.0,0.0,N,11.081,212.0777618,Martin Stranzl,2,6313.373535,Montague Elementary,3,2,3,5,0,6
b4161534-88a5-4dd5-9160-ccca3961fb40,1-2,1,97266,93479,3787,383,0.6666666667,1241,21.0,desktop,0.0,pre-high school,0.0,Russian,0.0,0.0,N,10.485,245.8306144, Soldado,2,6653.030762,McCloud Union Elementary,1,1,7,10,0,5
b4161534-88a5-4dd5-9160-ccca3961fb40,2-1,0,37124,36973,151,145,1.0,1241,21.0,desktop,0.0,pre-high school,0.0,Russian,0.0,0.0,N,8.337,235.3068455,Mamadou Sakho,1,5533.149414,Santa Paula Elementary,4,12,3,5,0,5
b4161534-88a5-4dd5-9160-ccca3961fb40,1-1,0,94621,92280,2341,324,0.6666666667,1241,21.0,desktop,0.0,pre-high school,0.0,Russian,0.0,0.0,N,9.6,210.663199,Ludovic Giuly,3,6118.710449,West Park Elementary,3,1,9,13,0,6
b4161534-88a5-4dd5-9160-ccca3961fb40,2-2,1,48663,45598,3065,166,1.0,1241,21.0,desktop,0.0,pre-high school,0.0,Russian,0.0,0.0,N,7.638,218.4306329,Steven Naismith,4,5098.626953,Atwater Elementary,3,8,3,5,0,5
b4161534-88a5-4dd5-9160-ccca3961fb40,3-2,1,40251,38019,2232,120,1.0,1241,21.0,desktop,0.0,pre-high school,0.0,Russian,0.0,0.0,N,10.697,189.3789947,Guillaume Lacour,2,5652.878906,Weaver Union Elementary,3,1,7,10,0,5
b4649c6a-01ed-4f21-be3f-a0f29b97fc1b,1-2,1,31245,22914,8331,383,1.0,1438,21.0,laptop,0.0,college,0.0,Dutch,1.0,0.0,N,10.485,1002.880335,Adam Lallana,2,5329.002441,Pacific Union Elementary,1,2,7,10,0,5
b4649c6a-01ed-4f21-be3f-a0f29b97fc1b,1-1,0,32892,31539,1353,324,1.0,1438,21.0,laptop,0.0,college,0.0,Dutch,1.0,0.0,N,9.6,616.3797203,Christophe Vincent,2,5929.809082,Lucerne Valley Unified,1,1,4,6,0,5
b4649c6a-01ed-4f21-be3f-a0f29b97fc1b,2-1,0,25484,25167,317,145,0.6666666667,1438,21.0,laptop,0.0,college,0.0,Dutch,1.0,0.0,N,8.337,345.6907856,Ross Turnbull,2,4897.067871,Romoland Elementary,4,5,9,13,0,5
b4649c6a-01ed-4f21-be3f-a0f29b97fc1b,2-2,1,15176,14376,800,166,1.0,1438,21.0,laptop,0.0,college,0.0,Dutch,1.0,0.0,N,7.638,692.8213689,Kamel Chafni,4,5100.202148,El Monte City Elementary,3,9,7,10,0,1
b4649c6a-01ed-4f21-be3f-a0f29b97fc1b,3-1,0,11807,11007,800,106,1.0,1438,21.0,laptop,0.0,college,0.0,Dutch,1.0,0.0,N,11.081,577.8141183,Floyd Ayite,3,4825.722656,Greenfield Union Elementary,2,2,4,6,0,1
b4649c6a-01ed-4f21-be3f-a0f29b97fc1b,3-2,1,20500,19503,997,120,1.0,1438,21.0,laptop,0.0,college,0.0,Dutch,1.0,0.0,N,10.697,369.1739732,Oguchi Onyewu,4,4079.12915,Palo Verde Union Elementary,3,1,7,10,0,5
b502be75-8bea-4412-9b7d-813e7bba3685,3-2,1,68043,61402,6641,120,1.0,986,64.0,tablet,0.0,graduate school,1.0,English,0.0,0.0,Y,10.697,117.2600241,Michael Carrick,1,5349.367676,Elverta Joint Elementary,4,1,3,5,0,3
b502be75-8bea-4412-9b7d-813e7bba3685,2-2,0,63939,61692,2247,166,0.3333333333,986,64.0,tablet,0.0,graduate school,1.0,English,0.0,0.0,Y,7.638,161.4471893,Richard Strebinger,2,5869.38916,Lucerne Elementary,4,1,4,6,0,6
b502be75-8bea-4412-9b7d-813e7bba3685,1-1,1,129405,114615,14790,324,0.6666666667,986,64.0,tablet,0.0,graduate school,1.0,English,0.0,0.0,Y,9.6,169.6113074,Moussa Dembélé,1,6462.12793,Luther Burbank Elementary,2,2,4,6,0,3
b502be75-8bea-4412-9b7d-813e7bba3685,2-1,1,58949,55016,3933,145,0.6666666667,986,64.0,tablet,0.0,graduate school,1.0,English,0.0,0.0,Y,8.337,158.135815,Sven Neuhaus,2,6231.601563,Bangor Union Elementary,2,1,3,5,0,3
b502be75-8bea-4412-9b7d-813e7bba3685,1-2,0,204572,190208,14364,383,0.6666666667,986,64.0,tablet,0.0,graduate school,1.0,English,0.0,0.0,Y,10.485,120.8151077,Radoslav Zabavník,5,4993.867676,Bayshore Elementary,3,1,3,5,0,5
b502be75-8bea-4412-9b7d-813e7bba3685,3-1,0,51938,46904,5034,106,1.0,986,64.0,tablet,0.0,graduate school,1.0,English,0.0,0.0,Y,11.081,135.5961112,Martin Harnik,1,4663.811035,Oak Valley Union Elementary,2,1,3,5,0,3
b60fd095-b0c5-4946-ab0a-4901ce69f617,1-2,0,66241,43313,22928,383,1.0,1150,45.0,laptop,0.0,graduate school,1.0,English,0.0,0.0,Y,10.485,530.5566458,Thomas Sørensen,4,6107.106445,Wilsona Elementary,4,1,3,5,0,6
b60fd095-b0c5-4946-ab0a-4901ce69f617,3-2,1,31429,25817,5612,120,0.6666666667,1150,45.0,laptop,0.0,graduate school,1.0,English,0.0,0.0,Y,10.697,278.8860053,Patrick Ebert,3,5324.228027,Brawley Elementary,2,1,4,6,0,5
b60fd095-b0c5-4946-ab0a-4901ce69f617,3-1,0,21740,16234,5506,106,1.0,1150,45.0,laptop,0.0,graduate school,1.0,English,0.0,0.0,Y,11.081,391.7703585,Florian Raspentino,2,5221.460938,Meadows Union Elementary,1,2,4,6,0,5
b60fd095-b0c5-4946-ab0a-4901ce69f617,2-2,0,29436,29038,398,166,1.0,1150,45.0,laptop,0.0,graduate school,1.0,English,0.0,0.0,Y,7.638,342.9988291,Joe Hart,4,5157.784668,Little Lake City Elementary,4,5,7,10,0,4
b60fd095-b0c5-4946-ab0a-4901ce69f617,2-1,1,37131,34640,2491,145,1.0,1150,45.0,laptop,0.0,graduate school,1.0,English,0.0,0.0,Y,8.337,251.1547344,Cédric Bakambu,3,5131.119141,Pond Union Elementary,1,1,7,10,0,6
b60fd095-b0c5-4946-ab0a-4901ce69f617,1-1,1,57037,31154,25883,324,1.0,1150,45.0,laptop,0.0,graduate school,1.0,English,0.0,0.0,Y,9.6,623.9969185,Stilian Petrov,3,5279.354004,Taft City Elementary,3,2,7,10,0,6
b69f0c92-ffd3-41e4-bba0-8c129a93d2fe,1-1,1,21119,17736,3383,324,1.0,1281,20.0,laptop,0.0,college,1.0,English,0.0,0.0,Y,9.6,1096.075778,Lee Barnard,1,4704.043945,Brittan Elementary,4,2,7,10,0,5
b69f0c92-ffd3-41e4-bba0-8c129a93d2fe,3-2,0,7504,7504,0,120,0.6666666667,1281,20.0,laptop,0.0,college,1.0,English,0.0,0.0,Y,10.697,959.4882729,Péter Gulácsi,4,6089.910645,Arena Union Elementary,4,1,4,6,0,7
b69f0c92-ffd3-41e4-bba0-8c129a93d2fe,2-1,1,13739,12110,1629,145,0.6666666667,1281,20.0,laptop,0.0,college,1.0,English,0.0,0.0,Y,8.337,718.4145334,Franck Béria,3,5356.833496,Adelanto Elementary,1,18,3,5,0,6
b69f0c92-ffd3-41e4-bba0-8c129a93d2fe,2-2,0,13838,7216,6622,166,1.0,1281,20.0,laptop,0.0,college,1.0,English,0.0,0.0,Y,7.638,1380.266075,Javier Pastore,2,5144.549316,Hollister School District,2,10,3,5,0,3
b69f0c92-ffd3-41e4-bba0-8c129a93d2fe,3-1,1,7826,6030,1796,106,0.0,1281,20.0,laptop,0.0,college,1.0,English,0.0,0.0,Y,11.081,1054.726368,Andy Johnson,3,4906.22998,Palmdale Elementary,2,1,7,10,0,6
b69f0c92-ffd3-41e4-bba0-8c129a93d2fe,1-2,0,12557,8702,3855,383,1.0,1281,20.0,laptop,0.0,college,1.0,English,0.0,0.0,Y,10.485,2640.772236,Manuel Iturra,5,5489.588867,Oroville City Elementary,4,1,7,10,0,6
b6b69b9d-a92f-4ad9-aa34-a654185cbcfe,3-1,1,33364,33194,170,106,1.0,322,28.0,smartphone,2.0,college,0.0,English,0.0,1.0,Y,11.081,191.6008917,Ciprian Marica,1,5718.55127,Standard Elementary,3,1,7,10,0,5
b6b69b9d-a92f-4ad9-aa34-a654185cbcfe,2-1,0,44701,44701,0,145,1.0,322,28.0,smartphone,2.0,college,0.0,English,0.0,1.0,Y,8.337,194.6265184,Patrick Owomoyela,1,4436.152832,Briggs Elementary,4,8,3,5,0,6
b6b69b9d-a92f-4ad9-aa34-a654185cbcfe,3-2,0,44649,44327,322,120,0.6666666667,322,28.0,smartphone,2.0,college,0.0,English,0.0,1.0,Y,10.697,162.4292192, Xavi,4,4895.439453,Monroe Elementary,1,5,3,5,0,4
b6b69b9d-a92f-4ad9-aa34-a654185cbcfe,1-1,0,89667,89129,538,324,1.0,322,28.0,smartphone,2.0,college,0.0,English,0.0,1.0,Y,9.6,218.1108281,Glenn Loovens,3,5159.21875,Lancaster Elementary,4,2,7,10,0,3
b6b69b9d-a92f-4ad9-aa34-a654185cbcfe,2-2,1,65558,65558,0,166,1.0,322,28.0,smartphone,2.0,college,0.0,English,0.0,1.0,Y,7.638,151.9265383,Jordan Henderson,4,5490.654785,Alview-Dairyland Union Elementary,3,1,4,6,0,1
b6b69b9d-a92f-4ad9-aa34-a654185cbcfe,1-2,1,104200,102327,1873,383,1.0,322,28.0,smartphone,2.0,college,0.0,English,0.0,1.0,Y,10.485,224.5741593,Karim Aït Fana,3,5172.019531,Magnolia Elementary,4,6,7,10,0,6
b74b7a54-edf6-4d3f-92d3-8dc119424956,1-1,0,86828,76307,10521,324,1.0,1294,17.0,laptop,0.0,high school,1.0,Turkish,0.0,0.0,N,9.6,254.7603759,Thomas Ayasse,2,4441.672852,Liberty Elementary,4,2,7,10,0,3
b74b7a54-edf6-4d3f-92d3-8dc119424956,3-2,0,38102,34207,3895,120,1.0,1294,17.0,laptop,0.0,high school,1.0,Turkish,0.0,0.0,N,10.697,210.4832344,James Morrison,2,5220.370117,Mt. Pleasant Elementary,1,10,7,10,0,5
b74b7a54-edf6-4d3f-92d3-8dc119424956,2-1,0,48437,41683,6754,145,1.0,1294,17.0,laptop,0.0,high school,1.0,Turkish,0.0,0.0,N,8.337,208.7181825,Frédéric Piquionne,4,5252.810547,El Centro Elementary,2,5,7,10,0,4
b74b7a54-edf6-4d3f-92d3-8dc119424956,1-2,1,65531,47007,18524,383,1.0,1294,17.0,laptop,0.0,high school,1.0,Turkish,0.0,0.0,N,10.485,488.8633608,George Moncur,3,5518.702148,South Bay Union Elementary,1,1,7,10,0,4
b74b7a54-edf6-4d3f-92d3-8dc119424956,3-1,1,29248,21860,7388,106,0.6666666667,1294,17.0,laptop,0.0,high school,1.0,Turkish,0.0,0.0,N,11.081,290.9423605,Rasmus Jönsson,1,5609.487793,Cascade Union Elementary,2,1,9,13,0,2
b74b7a54-edf6-4d3f-92d3-8dc119424956,2-2,1,44255,39412,4843,166,1.0,1294,17.0,laptop,0.0,high school,1.0,Turkish,0.0,0.0,N,7.638,252.7149092,Barry Bannan,2,4945.031738,Kings River Union Elementary,2,1,9,13,0,5
b856a7a0-694d-44df-84e5-7df262774187,2-2,1,54176,36480,17696,166,1.0,880,46.0,smartphone,0.0,college,1.0,English,0.0,0.0,Y,7.638,273.0263158,Joel McAnuff,2,5223.025391,Gerber Union Elementary,2,10,4,6,0,6
b856a7a0-694d-44df-84e5-7df262774187,1-1,1,65362,41930,23432,324,0.6666666667,880,46.0,smartphone,0.0,college,1.0,English,0.0,0.0,Y,9.6,463.6298593, Mario,3,4757.025391,Exeter Union Elementary,2,6,7,10,0,6
b856a7a0-694d-44df-84e5-7df262774187,1-2,0,95368,59639,35729,383,1.0,880,46.0,smartphone,0.0,college,1.0,English,0.0,0.0,Y,10.485,385.318332,Milan Badelj,3,5522.161621,American Union Elementary,4,1,3,5,0,1
b856a7a0-694d-44df-84e5-7df262774187,2-1,0,49677,43085,6592,145,0.6666666667,880,46.0,smartphone,0.0,college,1.0,English,0.0,0.0,Y,8.337,201.9264245,Sebastian Freis,3,6087.608887,San Antonio Union Elementary,2,1,3,5,0,7
b856a7a0-694d-44df-84e5-7df262774187,3-2,0,42107,32700,9407,120,0.6666666667,880,46.0,smartphone,0.0,college,1.0,English,0.0,0.0,Y,10.697,220.1834862, Júlio César,4,4960.515625,Burton Elementary,3,4,3,5,0,6
b856a7a0-694d-44df-84e5-7df262774187,3-1,1,29599,20393,9206,106,1.0,880,46.0,smartphone,0.0,college,1.0,English,0.0,0.0,Y,11.081,311.8717207, Anderson,1,4880.040527,Nuview Union Elementary,1,14,7,10,1,1
b8f4ca6e-e390-464a-8d7b-7e81fcf0227e,2-2,0,40904,39991,913,166,0.6666666667,1212,22.0,laptop,2.0,college,0.0,English,1.0,1.0,Y,7.638,249.0560376,Steven Naismith,5,6538.417969,Bellevue Union Elementary,1,1,4,6,1,6
b8f4ca6e-e390-464a-8d7b-7e81fcf0227e,3-1,0,23680,21083,2597,106,1.0,1212,22.0,laptop,2.0,college,0.0,English,1.0,1.0,Y,11.081,301.6648485,Sead Kolasinac,2,4925.659668,Garvey Elementary,1,2,3,5,1,6
b8f4ca6e-e390-464a-8d7b-7e81fcf0227e,1-2,0,93350,90043,3307,383,1.0,1212,22.0,laptop,2.0,college,0.0,English,1.0,1.0,Y,10.485,255.211399,John Guidetti,2,5204.6875,Corning Union Elementary,4,2,3,5,1,5
b8f4ca6e-e390-464a-8d7b-7e81fcf0227e,1-1,1,84638,81844,2794,324,1.0,1212,22.0,laptop,2.0,college,0.0,English,1.0,1.0,Y,9.6,237.5250477,Luke Young,2,4907.410645,Jefferson Elementary,1,2,7,10,1,1
b8f4ca6e-e390-464a-8d7b-7e81fcf0227e,3-2,1,39194,37053,2141,120,1.0,1212,22.0,laptop,2.0,college,0.0,English,1.0,1.0,Y,10.697,194.3162497,Chris Baird,2,5923.45166,Big Springs Union Elementary,2,6,9,13,1,4
b8f4ca6e-e390-464a-8d7b-7e81fcf0227e,2-1,1,45104,43005,2099,145,1.0,1212,22.0,laptop,2.0,college,0.0,English,1.0,1.0,Y,8.337,202.3020579, Valerón,4,4741.957031,General Shafter Elementary,2,2,4,6,1,1
b8fe046e-0564-4ca6-909e-6177a1343917,1-2,0,59690,58191,1499,383,0.6666666667,1212,38.0,laptop,1.0,graduate school,1.0,English,0.0,1.0,Y,10.485,394.9064288, Cacau,4,4954.019531,Turlock Joint Elementary,2,1,7,10,1,4
b8fe046e-0564-4ca6-909e-6177a1343917,2-1,0,94847,94155,692,145,0.3333333333,1212,38.0,laptop,1.0,graduate school,1.0,English,0.0,1.0,Y,8.337,92.40082842, Bodipo,2,5500.10791,Twain Harte-Long Barn Union Elementary,4,1,3,5,1,7
b8fe046e-0564-4ca6-909e-6177a1343917,3-1,0,20553,19005,1548,106,1.0,1212,38.0,laptop,1.0,graduate school,1.0,English,0.0,1.0,Y,11.081,334.6487766,Radoslav Zabavník,4,5360.51709,Redwood City Elementary,4,1,3,5,1,6
b8fe046e-0564-4ca6-909e-6177a1343917,3-2,1,42912,41242,1670,120,0.6666666667,1212,38.0,laptop,1.0,graduate school,1.0,English,0.0,1.0,Y,10.697,174.5793124,Tino Costa,5,5685.63916,Camino Union Elementary,1,1,4,6,1,6
b8fe046e-0564-4ca6-909e-6177a1343917,1-1,1,74600,72857,1743,324,1.0,1212,38.0,laptop,1.0,graduate school,1.0,English,0.0,1.0,Y,9.6,266.8240526,Bernd Nehrig,2,5594.196289,Plainsburg Union Elementary,1,2,3,5,1,5
b8fe046e-0564-4ca6-909e-6177a1343917,2-2,1,29466,27340,2126,166,1.0,1212,38.0,laptop,1.0,graduate school,1.0,English,0.0,1.0,Y,7.638,364.3013899,Andreas Ottl,4,4692.566895,Banta Elementary,3,1,7,10,1,5
b90659d8-9551-41ca-b0f5-deaff4b679a5,3-1,1,31973,26215,5758,106,1.0,880,42.0,smartphone,2.0,college,0.0,English,0.0,1.0,Y,11.081,242.6091932,Ronan Le Crom,1,5085.40625,Washington Colony Elementary,1,3,3,5,1,5
b90659d8-9551-41ca-b0f5-deaff4b679a5,1-1,0,119222,87789,31433,324,1.0,880,42.0,smartphone,2.0,college,0.0,English,0.0,1.0,Y,9.6,221.4400437,Enda Stevens,2,5456.197266,Rio Linda Union Elementary,2,1,9,13,1,4
b90659d8-9551-41ca-b0f5-deaff4b679a5,3-2,0,48427,33254,15173,120,1.0,880,42.0,smartphone,2.0,college,0.0,English,0.0,1.0,Y,10.697,216.5153064,Max Kruse,3,5105.179688,Chatom Union Elementary,3,1,3,5,1,5
b90659d8-9551-41ca-b0f5-deaff4b679a5,2-2,0,44662,33600,11062,166,1.0,880,42.0,smartphone,2.0,college,0.0,English,0.0,1.0,Y,7.638,296.4285714,Sven Michel,2,5519.677246,Merced River Union Elementary,4,2,7,10,1,5
b90659d8-9551-41ca-b0f5-deaff4b679a5,2-1,1,43494,40883,2611,145,0.3333333333,880,42.0,smartphone,2.0,college,0.0,English,0.0,1.0,Y,8.337,212.8023873,Cristian Álvarez,2,5065.911133,Hueneme Elementary,4,4,7,10,1,1
b90659d8-9551-41ca-b0f5-deaff4b679a5,1-2,1,97560,77141,20419,383,1.0,880,42.0,smartphone,2.0,college,0.0,English,0.0,1.0,Y,10.485,297.8960605,Per Mertesacker,2,5182.428223,Cuddeback Union Elementary,3,1,4,6,1,5
b95563e8-9d70-4aee-8c29-b2d677981d92,1-1,0,201130,78463,122667,324,1.0,880,35.0,smartphone,1.0,college,1.0,English,0.0,1.0,Y,9.6,247.7600907,Claudio Pizarro,2,5960.464355,Blue Lake Union Elementary,1,1,9,13,1,5
b95563e8-9d70-4aee-8c29-b2d677981d92,1-2,1,181553,38561,142992,383,1.0,880,35.0,smartphone,1.0,college,1.0,English,0.0,1.0,Y,10.485,595.938902,Wolfgang Hesl,4,5124.836426,Lemon Grove Elementary,2,5,7,10,1,5
b95563e8-9d70-4aee-8c29-b2d677981d92,3-2,1,91305,24228,67077,120,0.6666666667,880,35.0,smartphone,1.0,college,1.0,English,0.0,1.0,Y,10.697,297.1768202,Shawn Parker,3,5655.133301,Upper Lake Union Elementary,3,1,4,6,1,1
b95563e8-9d70-4aee-8c29-b2d677981d92,2-1,1,90457,22063,68394,145,1.0,880,35.0,smartphone,1.0,college,1.0,English,0.0,1.0,Y,8.337,394.3253411,Timo Hildebrand,2,5811.689941,Peninsula Union Elementary,1,4,7,10,1,6
b95563e8-9d70-4aee-8c29-b2d677981d92,2-2,0,92927,17000,75927,166,0.6666666667,880,35.0,smartphone,1.0,college,1.0,English,0.0,1.0,Y,7.638,585.8823529,John Utaka,2,5467.673828,Ocean View Elementary,2,1,3,5,1,5
b95563e8-9d70-4aee-8c29-b2d677981d92,3-1,0,70191,8960,61231,106,0.6666666667,880,35.0,smartphone,1.0,college,1.0,English,0.0,1.0,Y,11.081,709.8214286,Sam Mantom,4,5213.089355,Reeds Creek Elementary,4,1,4,6,1,1
ba55d704-303e-4928-9c5a-9c2838360e3d,3-1,1,29043,26635,2408,106,1.0,1212,37.0,desktop,0.0,graduate school,1.0,English,0.0,0.0,Y,11.081,238.7835555,Sebastian Larsson,5,4613.1875,Arcohe Union Elementary,4,6,4,6,1,6
ba55d704-303e-4928-9c5a-9c2838360e3d,2-2,0,40851,37624,3227,166,1.0,1212,37.0,desktop,0.0,graduate school,1.0,English,0.0,0.0,Y,7.638,264.7246438,Robin van Persie,3,4886.983887,New Jerusalem Elementary,2,1,3,5,1,5
ba55d704-303e-4928-9c5a-9c2838360e3d,1-2,1,67674,62573,5101,383,1.0,1212,37.0,desktop,0.0,graduate school,1.0,English,0.0,0.0,Y,10.485,367.2510508,Benjamin Uphoff,3,6455.136719,Dunsmuir Elementary,3,1,3,5,1,5
ba55d704-303e-4928-9c5a-9c2838360e3d,2-1,1,37080,33942,3138,145,0.6666666667,1212,37.0,desktop,0.0,graduate school,1.0,English,0.0,0.0,Y,8.337,256.319604, Hugo Mallo,4,5125.433105,Stanislaus Union Elementary,1,2,3,5,1,6
ba55d704-303e-4928-9c5a-9c2838360e3d,3-2,0,45868,40811,5057,120,1.0,1212,37.0,desktop,0.0,graduate school,1.0,English,0.0,0.0,Y,10.697,176.4230232, Natxo Insa,3,5193.692383,Kingsburg Joint Union Elementary,1,1,3,5,1,5
ba55d704-303e-4928-9c5a-9c2838360e3d,1-1,0,73516,70263,3253,324,0.6666666667,1212,37.0,desktop,0.0,graduate school,1.0,English,0.0,0.0,Y,9.6,276.674779,Dudu Aouate,4,5002.838867,Buena Park Elementary,3,16,4,6,1,6
ba947df3-ae38-425e-a2c4-d6dd7839b0fd,2-2,0,43778,41615,2163,166,1.0,1366,16.0,laptop,1.0,high school,0.0,English,0.0,1.0,Y,7.638,239.3367776, Jesús Navas,5,5337.625488,Westminster Elementary,4,1,4,6,1,5
ba947df3-ae38-425e-a2c4-d6dd7839b0fd,3-2,1,52066,49687,2379,120,1.0,1366,16.0,laptop,1.0,high school,0.0,English,0.0,1.0,Y,10.697,144.9071186,Ryad Boudebouz,1,5161.202148,Island Union Elementary,1,1,7,10,1,6
ba947df3-ae38-425e-a2c4-d6dd7839b0fd,3-1,0,52226,46701,5525,106,1.0,1366,16.0,laptop,1.0,high school,0.0,English,0.0,1.0,Y,11.081,136.1855207,Andreas Ottl,4,5158.791992,Tulare City Elementary,4,3,7,10,0,5
ba947df3-ae38-425e-a2c4-d6dd7839b0fd,1-1,1,107952,100674,7278,324,0.6666666667,1366,16.0,laptop,1.0,high school,0.0,English,0.0,1.0,Y,9.6,193.098516,Barry Bannan,3,5123.474121,Chula Vista Elementary,3,1,7,10,0,1
ba947df3-ae38-425e-a2c4-d6dd7839b0fd,1-2,0,96247,91020,5227,383,1.0,1366,16.0,laptop,1.0,high school,0.0,English,0.0,1.0,Y,10.485,252.4719842, Fernando Torres,4,5782.543945,Black Butte Union Elementary,3,3,7,10,0,5
ba947df3-ae38-425e-a2c4-d6dd7839b0fd,2-1,1,40234,37012,3222,145,1.0,1366,16.0,laptop,1.0,high school,0.0,English,0.0,1.0,Y,8.337,235.0588998,Dani Schahin,1,4842.60791,McSwain Union Elementary,2,2,4,6,0,3
bac15d0b-cf63-4ab5-a05c-66f39e2834bc,1-2,0,53144,42450,10694,383,0.6666666667,1212,48.0,laptop,0.0,high school,1.0,English,0.0,0.0,Y,10.485,541.3427562,Carlos Tévez,3,4219.40625,Franklin Elementary,3,3,3,5,0,1
bac15d0b-cf63-4ab5-a05c-66f39e2834bc,3-2,1,21340,15843,5497,120,1.0,1212,48.0,laptop,0.0,high school,1.0,English,0.0,0.0,Y,10.697,454.4593827,Wojciech Szczęsny,5,5081.169922,Escondido Union Elementary,2,2,3,5,0,6
bac15d0b-cf63-4ab5-a05c-66f39e2834bc,2-1,0,25042,21785,3257,145,0.6666666667,1212,48.0,laptop,0.0,high school,1.0,English,0.0,0.0,Y,8.337,399.357356, Gervinho,5,5144.993652,East Whittier City Elementary,4,1,7,10,0,6
bac15d0b-cf63-4ab5-a05c-66f39e2834bc,3-1,0,33167,26478,6689,106,1.0,1212,48.0,laptop,0.0,high school,1.0,English,0.0,0.0,Y,11.081,240.1994108,Ken Ilsø,5,4674.298828,Rio Bravo-Greeley Union Elementary,3,1,7,10,0,1
bac15d0b-cf63-4ab5-a05c-66f39e2834bc,2-2,1,27413,25618,1795,166,0.6666666667,1212,48.0,laptop,0.0,high school,1.0,English,0.0,0.0,Y,7.638,388.7891326,Bernard Mendy,2,4830.326172,Marcum-Illinois Union Elementary,4,2,7,10,0,6
bac15d0b-cf63-4ab5-a05c-66f39e2834bc,1-1,1,58276,44662,13614,324,1.0,1212,48.0,laptop,0.0,high school,1.0,English,0.0,0.0,Y,9.6,435.2693565,Zlatan Ibrahimović,5,5621.687988,Vallecitos Elementary,4,2,3,5,0,5
bafce4bd-e4e4-4d73-8424-2a9343c52f7f,1-1,0,98289,37699,60590,324,0.6666666667,880,64.0,smartphone,0.0,graduate school,1.0,Other,0.0,0.0,N,9.6,515.6635455,Chris Gunter,3,4948.868164,Victor Elementary,2,2,3,5,1,5
bafce4bd-e4e4-4d73-8424-2a9343c52f7f,3-2,0,53947,4633,49314,120,1.0,880,64.0,smartphone,0.0,graduate school,1.0,Other,0.0,0.0,N,10.697,1554.068638,Igor de Camargo,4,5100.975586,Savanna Elementary,4,1,7,10,0,6
bafce4bd-e4e4-4d73-8424-2a9343c52f7f,1-2,1,105027,7220,97807,383,1.0,880,64.0,smartphone,0.0,graduate school,1.0,Other,0.0,0.0,N,10.485,3182.825485,Sidney Sam,2,5132.788574,West Side Union Elementary,1,3,4,6,0,5
bafce4bd-e4e4-4d73-8424-2a9343c52f7f,2-2,1,57380,5822,51558,166,1.0,880,64.0,smartphone,0.0,graduate school,1.0,Other,0.0,0.0,N,7.638,1710.752319,Ragnar Klavan,4,5358.51709,Enterprise Elementary,2,1,7,10,1,3
bafce4bd-e4e4-4d73-8424-2a9343c52f7f,3-1,1,40462,7772,32690,106,1.0,880,64.0,smartphone,0.0,graduate school,1.0,Other,0.0,0.0,N,11.081,818.3221822,Thierry Doubaï,2,5149.186523,Red Bluff Union Elementary,4,1,7,10,0,6
bafce4bd-e4e4-4d73-8424-2a9343c52f7f,2-1,0,63133,8004,55129,145,0.6666666667,880,64.0,smartphone,0.0,graduate school,1.0,Other,0.0,0.0,N,8.337,1086.956522,Nile Ranger,5,5373.206543,Jamestown Elementary,3,3,7,10,0,3
bb13e1f2-6905-4fb4-89d7-e517633755b5,2-1,0,30695,29679,1016,145,0.6666666667,1438,20.0,desktop,0.0,college,0.0,,0.0,0.0,,8.337,293.1365612,Piotr Trochowski,2,6485.166016,Weed Union Elementary,2,1,7,10,0,6
bb13e1f2-6905-4fb4-89d7-e517633755b5,1-1,0,61679,30995,30684,324,0.6666666667,1438,20.0,desktop,0.0,college,0.0,,0.0,0.0,,9.6,627.1979352,Michael Dawson,5,5504.025391,South Bay Union Elementary,4,2,7,10,0,6
bb13e1f2-6905-4fb4-89d7-e517633755b5,2-2,1,36229,33206,3023,166,0.6666666667,1438,20.0,desktop,0.0,college,0.0,,0.0,0.0,,7.638,299.9457929,Pajtim Kasami,4,5105.734375,Brentwood Union Elementary,1,1,9,13,0,6
bb13e1f2-6905-4fb4-89d7-e517633755b5,3-1,0,24296,17096,7200,106,1.0,1438,20.0,desktop,0.0,college,0.0,,0.0,0.0,,11.081,372.016846,Mohammed Rabiu,1,5634.730957,Summerville Elementary,3,5,9,13,0,5
bb13e1f2-6905-4fb4-89d7-e517633755b5,1-2,1,55002,44217,10785,383,0.3333333333,1438,20.0,desktop,0.0,college,0.0,,0.0,0.0,,10.485,519.7096139,Cristian Álvarez,4,4980.294434,Ophir Elementary,4,3,4,6,0,3
bb13e1f2-6905-4fb4-89d7-e517633755b5,3-2,1,29454,17605,11849,120,0.6666666667,1438,20.0,desktop,0.0,college,0.0,,0.0,0.0,,10.697,408.9747231,Per Skjelbred,5,6113.859863,Montgomery Elementary,4,1,7,10,0,4
bb6d86fb-97e8-406f-b440-8dbc6e8e7771,2-1,0,102386,99763,2623,145,1.0,1279,23.0,desktop,1.0,high school,1.0,Danish,0.0,1.0,N,8.337,87.20667983,Barel Mouko,4,5850.0,Santa Rosa Elementary,1,1,3,5,0,1
bb6d86fb-97e8-406f-b440-8dbc6e8e7771,3-2,1,58370,55575,2795,120,1.0,1279,23.0,desktop,1.0,high school,1.0,Danish,0.0,1.0,N,10.697,129.5546559,Marc Vidal,4,4547.944824,Salida Union Elementary,2,1,3,5,0,5
bb6d86fb-97e8-406f-b440-8dbc6e8e7771,1-1,0,153177,152252,925,324,1.0,1279,23.0,desktop,1.0,high school,1.0,Danish,0.0,1.0,N,9.6,127.6830518,Rickie Lambert,4,5011.840332,Shasta Union Elementary,1,2,3,5,0,6
bb6d86fb-97e8-406f-b440-8dbc6e8e7771,3-1,0,50279,46387,3892,106,0.6666666667,1279,23.0,desktop,1.0,high school,1.0,Danish,0.0,1.0,N,11.081,137.1073792,Péter Gulácsi,5,5261.370605,Fortuna Union Elementary,4,1,7,10,0,7
bb6d86fb-97e8-406f-b440-8dbc6e8e7771,2-2,1,77753,76970,783,166,0.6666666667,1279,23.0,desktop,1.0,high school,1.0,Danish,0.0,1.0,N,7.638,129.4010654, Denís Suárez,3,4276.115234,Rockford  Elementary,3,2,4,6,1,6
bb6d86fb-97e8-406f-b440-8dbc6e8e7771,1-2,1,158160,154858,3302,383,1.0,1279,23.0,desktop,1.0,high school,1.0,Danish,0.0,1.0,N,10.485,148.3940126,Filip Daems,2,4566.27002,Plaza Elementary,2,12,3,5,0,5
bbf1911e-20bb-49c1-9bc7-c9103f55c169,3-2,0,80145,71781,8364,120,1.0,1390,36.0,laptop,0.0,college,1.0,English,0.0,0.0,Y,10.697,100.3050947,Oka Nikolov,2,6049.495117,Monte Rio Union Elementary,2,13,3,5,0,4
bbf1911e-20bb-49c1-9bc7-c9103f55c169,1-2,0,101256,93256,8000,383,1.0,1390,36.0,laptop,0.0,college,1.0,English,0.0,0.0,Y,10.485,246.418461,Dominik Reinhardt,4,4974.28125,Janesville Union Elementary,4,1,7,10,0,6
bbf1911e-20bb-49c1-9bc7-c9103f55c169,2-2,0,49817,40338,9479,166,1.0,1390,36.0,laptop,0.0,college,1.0,English,0.0,0.0,Y,7.638,246.9135802,Adrian Mutu,2,4432.478027,Magnolia Union Elementary,3,1,9,13,0,3
bbf1911e-20bb-49c1-9bc7-c9103f55c169,2-1,1,46667,44093,2574,145,0.6666666667,1390,36.0,laptop,0.0,college,1.0,English,0.0,0.0,Y,8.337,197.3102306,Jermaine Jenas,4,4924.619141,Shaffer Union Elementary,3,1,4,6,0,6
bbf1911e-20bb-49c1-9bc7-c9103f55c169,3-1,1,38918,31113,7805,106,1.0,1390,36.0,laptop,0.0,college,1.0,English,0.0,0.0,Y,11.081,204.4161604,Jonas Martin,3,4603.659668,Fullerton Elementary,2,2,7,10,0,6
bbf1911e-20bb-49c1-9bc7-c9103f55c169,1-1,1,97958,91460,6498,324,1.0,1390,36.0,laptop,0.0,college,1.0,English,0.0,0.0,Y,9.6,212.5519353, José Carlos,5,5973.925293,Cinnabar Elementary,1,1,3,5,0,5
bc0678d9-a75c-448c-98ba-86c4ecc10593,1-2,0,64674,52399,12275,383,1.0,1438,25.0,desktop,0.0,college,1.0,English,0.0,0.0,Y,10.485,438.5579877,Holger Badstuber,2,5215.943848,Santa Barbara Elementary,4,1,3,5,0,6
bc0678d9-a75c-448c-98ba-86c4ecc10593,2-1,1,29346,25067,4279,145,1.0,1438,25.0,desktop,0.0,college,1.0,English,0.0,0.0,Y,8.337,347.0698528,Peter Odemwingie,3,4882.236816,Rohnerville Elementary,1,2,4,6,0,5
bc0678d9-a75c-448c-98ba-86c4ecc10593,3-2,0,40378,32737,7641,120,0.6666666667,1438,25.0,desktop,0.0,college,1.0,English,0.0,0.0,Y,10.697,219.9346305,Pavel Pogrebnyak,5,4145.835938,Pleasant Grove Joint Union Elementary,4,1,3,5,0,4
bc0678d9-a75c-448c-98ba-86c4ecc10593,2-2,0,27313,25463,1850,166,1.0,1438,25.0,desktop,0.0,college,1.0,English,0.0,0.0,Y,7.638,391.1557947,Sidney Govou,2,7542.038086,Mountain Union Elementary,4,1,7,10,0,5
bc0678d9-a75c-448c-98ba-86c4ecc10593,3-1,1,18609,17198,1411,106,1.0,1438,25.0,desktop,0.0,college,1.0,English,0.0,0.0,Y,11.081,369.8104431,Sylvain Marchal,4,5247.018066,South Fork Union Elementary,1,4,3,5,0,4
bc0678d9-a75c-448c-98ba-86c4ecc10593,1-1,1,53953,34811,19142,324,1.0,1438,25.0,desktop,0.0,college,1.0,English,0.0,0.0,Y,9.6,558.4441699,Franco Zuculini,1,5169.814941,Jamul-Dulzura Union Elementary,3,2,9,13,1,5
bca2bb1f-e075-4290-bb59-fdd14fd7f870,1-2,1,79040,75445,3595,383,1.0,1438,40.0,laptop,1.0,graduate school,1.0,English,0.0,1.0,Y,10.485,304.5927497, Alexis,4,5951.005859,Live Oak Elementary,2,1,3,5,0,5
bca2bb1f-e075-4290-bb59-fdd14fd7f870,3-1,0,38835,35192,3643,106,1.0,1438,40.0,laptop,1.0,graduate school,1.0,English,0.0,1.0,Y,11.081,180.7228916,Dong-Won Ji,3,4746.572266,Menifee Union Elementary,4,1,7,10,1,5
bca2bb1f-e075-4290-bb59-fdd14fd7f870,2-1,1,42961,41484,1477,145,0.3333333333,1438,40.0,laptop,1.0,graduate school,1.0,English,0.0,1.0,Y,8.337,209.7194099,Joleon Lescott,3,4944.092285,Lakeside Union Elementary,3,1,7,10,1,6
bca2bb1f-e075-4290-bb59-fdd14fd7f870,2-2,0,48090,45671,2419,166,0.3333333333,1438,40.0,laptop,1.0,graduate school,1.0,English,0.0,1.0,Y,7.638,218.0814959,Gonzalo Jara,3,6306.487305,Whisman Elementary,1,1,4,6,1,5
bca2bb1f-e075-4290-bb59-fdd14fd7f870,3-2,1,39424,36085,3339,120,1.0,1438,40.0,laptop,1.0,graduate school,1.0,English,0.0,1.0,Y,10.697,199.5288901,Maurice Edu,2,4260.306641,McCabe Union Elementary,4,2,9,13,0,7
bca2bb1f-e075-4290-bb59-fdd14fd7f870,1-1,0,77738,70546,7192,324,1.0,1438,40.0,laptop,1.0,graduate school,1.0,English,0.0,1.0,Y,9.6,275.5648797,Christian Fuchs,3,4718.163086,Lammersville Elementary,4,9,7,10,1,6
bd594697-306c-4969-bc64-971a4c6a795b,3-1,0,19536,16225,3311,106,0.6666666667,1438,52.0,desktop,0.0,graduate school,0.0,English,0.0,0.0,Y,11.081,391.9876733, Miranda,4,4751.299805,Lassen View Union Elementary,2,2,4,6,0,6
bd594697-306c-4969-bc64-971a4c6a795b,1-1,1,48506,42698,5808,324,0.6666666667,1438,52.0,desktop,0.0,graduate school,0.0,English,0.0,0.0,Y,9.6,455.2906459,Olivier Sorlin,2,5653.453613,Loleta Union Elementary,4,2,7,10,1,3
bd594697-306c-4969-bc64-971a4c6a795b,2-2,0,27155,26919,236,166,1.0,1438,52.0,desktop,0.0,graduate school,0.0,English,0.0,0.0,Y,7.638,369.9988855,Dawda Bah,4,5920.253418,Junction Elementary,4,3,3,5,1,3
bd594697-306c-4969-bc64-971a4c6a795b,3-2,1,33817,30827,2990,120,1.0,1438,52.0,desktop,0.0,graduate school,0.0,English,0.0,0.0,Y,10.697,233.5614883,Kurt Zouma,4,4825.59082,Rosemead Elementary,3,4,4,6,0,1
bd594697-306c-4969-bc64-971a4c6a795b,1-2,0,41498,39113,2385,383,0.6666666667,1438,52.0,desktop,0.0,graduate school,0.0,English,0.0,0.0,Y,10.485,587.5284432,Mark Bunn,1,5532.582031,Grass Valley Elementary,2,1,4,6,0,6
bd594697-306c-4969-bc64-971a4c6a795b,2-1,1,21310,18899,2411,145,0.3333333333,1438,52.0,desktop,0.0,graduate school,0.0,English,0.0,0.0,Y,8.337,460.341817,Nicolas Fauvergue,4,3926.06958,Buena Vista Elementary,2,2,3,5,0,5
bdd0644d-d39c-4f9f-b351-42085d4174c4,2-2,1,30303,30085,218,166,1.0,369,35.0,smartphone,0.0,professional school,0.0,English,0.0,0.0,Y,7.638,331.061991,Arjen Robben,3,5805.636719,Kernville Union Elementary,4,4,3,5,1,5
bdd0644d-d39c-4f9f-b351-42085d4174c4,1-2,1,36030,29544,6486,383,0.6666666667,369,35.0,smartphone,0.0,professional school,0.0,English,0.0,0.0,Y,10.485,777.8229082,Marc-Antoine Fortuné,3,4899.239746,Galt Joint Union Elementary,2,1,3,5,0,1
bdd0644d-d39c-4f9f-b351-42085d4174c4,3-2,0,12380,11560,820,120,0.6666666667,369,35.0,smartphone,0.0,professional school,0.0,English,0.0,0.0,Y,10.697,622.8373702,Antolín Alcaraz,3,4884.862305,Southside Elementary,3,1,3,5,0,1
bdd0644d-d39c-4f9f-b351-42085d4174c4,3-1,1,22396,19764,2632,106,1.0,369,35.0,smartphone,0.0,professional school,0.0,English,0.0,0.0,Y,11.081,321.797207,Craig Dawson,4,5139.9375,Lakeside Union Elementary,3,1,4,6,0,3
bdd0644d-d39c-4f9f-b351-42085d4174c4,1-1,0,18932,18530,402,324,0.3333333333,369,35.0,smartphone,0.0,professional school,0.0,English,0.0,0.0,Y,9.6,1049.109552,Sam Mantom,2,5249.364746,Nuestro Elementary,1,1,4,6,0,5
bdd0644d-d39c-4f9f-b351-42085d4174c4,2-1,0,13158,12789,369,145,0.6666666667,369,35.0,smartphone,0.0,professional school,0.0,English,0.0,0.0,Y,8.337,680.2721088,Janek Sternberg,4,5399.070313,Alvina Elementary,2,2,7,10,0,5
bdf3a343-8379-4a21-aa09-be0ea98c2e96,3-2,0,40156,39215,941,120,1.0,1438,18.0,desktop,0.0,high school,0.0,English,0.0,0.0,Y,10.697,183.6032131,Daniel Baier,5,4965.290039,Oakley Union Elementary,4,1,7,10,0,5
bdf3a343-8379-4a21-aa09-be0ea98c2e96,1-2,0,76179,74622,1557,383,0.3333333333,1438,18.0,desktop,0.0,high school,0.0,English,0.0,0.0,Y,10.485,307.9520785,Fabrice Ehret,1,6210.323242,Etna Union Elementary,3,1,7,10,0,3
bdf3a343-8379-4a21-aa09-be0ea98c2e96,2-2,1,38013,38013,0,166,1.0,1438,18.0,desktop,0.0,high school,0.0,English,0.0,0.0,Y,7.638,262.0156262,Louis Saha,5,4797.503418,Jefferson Elementary,3,4,7,10,1,1
bdf3a343-8379-4a21-aa09-be0ea98c2e96,2-1,0,52072,52072,0,145,0.6666666667,1438,18.0,desktop,0.0,high school,0.0,English,0.0,0.0,Y,8.337,167.0763558,David Ospina,3,5397.161621,Berryessa Union Elementary,2,5,4,6,0,6
bdf3a343-8379-4a21-aa09-be0ea98c2e96,1-1,1,84736,84601,135,324,0.6666666667,1438,18.0,desktop,0.0,high school,0.0,English,0.0,0.0,Y,9.6,229.7845179,Gabriel Obertan,1,5078.5,Kit Carson Union Elementary,1,2,3,5,0,6
bdf3a343-8379-4a21-aa09-be0ea98c2e96,3-1,1,26769,26769,0,106,0.6666666667,1438,18.0,desktop,0.0,high school,0.0,English,0.0,0.0,Y,11.081,237.5882551, Dani Giménez,3,4733.746582,Sylvan Union Elementary,2,1,3,5,0,5
be165b4d-f223-4403-9d2d-d186464c7150,2-2,0,26804,18281,8523,166,1.0,1281,24.0,laptop,0.0,high school,0.0,Norwegian,0.0,0.0,N,7.638,544.8279635,Ivan Santini,4,4963.060059,Oak View Union Elementary,1,1,7,10,0,6
be165b4d-f223-4403-9d2d-d186464c7150,1-2,0,74705,50816,23889,383,0.3333333333,1281,24.0,laptop,0.0,high school,0.0,Norwegian,0.0,0.0,N,10.485,452.2197733,Andy Marshall,5,5431.177246,Auburn Union Elementary,2,1,7,10,0,1
be165b4d-f223-4403-9d2d-d186464c7150,3-1,1,5280,3305,1975,106,0.6666666667,1281,24.0,laptop,0.0,high school,0.0,Norwegian,0.0,0.0,N,11.081,1924.357035,Artjoms Rudņevs,2,5382.088867,North County Joint Union Elementary,3,4,7,10,1,6
be165b4d-f223-4403-9d2d-d186464c7150,1-1,1,8773,4452,4321,324,0.6666666667,1281,24.0,laptop,0.0,high school,0.0,Norwegian,0.0,0.0,N,9.6,4366.576819,Florent Balmont,4,5724.441895,Pioneer Union Elementary,1,22,3,5,0,4
be165b4d-f223-4403-9d2d-d186464c7150,3-2,0,37082,22030,15052,120,0.6666666667,1281,24.0,laptop,0.0,high school,0.0,Norwegian,0.0,0.0,N,10.697,326.827054,Heiko Butscher,5,4843.427246,Central Elementary,2,2,3,5,1,6
be165b4d-f223-4403-9d2d-d186464c7150,2-1,1,2794,2580,214,145,0.3333333333,1281,24.0,laptop,0.0,high school,0.0,Norwegian,0.0,0.0,N,8.337,3372.093023,Diego Lugano,4,5730.349121,Pacheco Union Elementary,3,1,7,10,0,6
be9ad381-7efe-4b47-b2c8-04121156cd38,3-1,1,27150,26416,734,106,1.0,1438,18.0,desktop,0.0,graduate school,0.0,English,0.0,0.0,Y,11.081,240.7631738,Lloyd Isgrove,4,5635.786133,Chicago Park Elementary,1,1,4,6,0,6
be9ad381-7efe-4b47-b2c8-04121156cd38,1-1,0,34498,34222,276,324,0.6666666667,1438,18.0,desktop,0.0,graduate school,0.0,English,0.0,0.0,Y,9.6,568.0556367, Anderson Conceição,4,5671.657227,Brisbane Elementary,4,1,7,10,0,5
be9ad381-7efe-4b47-b2c8-04121156cd38,2-1,0,27328,26454,874,145,1.0,1438,18.0,desktop,0.0,graduate school,0.0,English,0.0,0.0,Y,8.337,328.8727603,François Marque,4,7070.633301,Central Union Elementary,3,1,7,10,1,5
be9ad381-7efe-4b47-b2c8-04121156cd38,3-2,0,40808,40578,230,120,0.6666666667,1438,18.0,desktop,0.0,graduate school,0.0,English,0.0,0.0,Y,10.697,177.4360491,Manuel Friedrich,3,5097.343262,Happy Valley Union Elementary,1,1,7,10,0,6
be9ad381-7efe-4b47-b2c8-04121156cd38,2-2,1,43306,42310,996,166,1.0,1438,18.0,desktop,0.0,graduate school,0.0,English,0.0,0.0,Y,7.638,235.4053415,Julian Baumgartlinger,2,5482.677246,Mark Twain Union Elementary,3,1,7,10,1,5
be9ad381-7efe-4b47-b2c8-04121156cd38,1-2,1,95450,94054,1396,383,1.0,1438,18.0,desktop,0.0,graduate school,0.0,English,0.0,0.0,Y,10.485,244.3277266,Diego Contento,4,5642.832031,San Rafael City Elementary,4,2,7,10,0,1
c000581c-20de-42c2-9978-3278cb1cc4fa,2-2,1,41528,33199,8329,166,1.0,880,19.0,smartphone,0.0,high school,2.0,English,0.0,0.0,Y,7.638,300.0090364,Thomas Müller,4,5280.023438,Cajon Valley Union Elementary,4,1,9,13,0,6
c000581c-20de-42c2-9978-3278cb1cc4fa,3-2,0,31981,21506,10475,120,0.6666666667,880,19.0,smartphone,0.0,high school,2.0,English,0.0,0.0,Y,10.697,334.7902911,Steven Pienaar,5,5433.339844,Campbell Union Elementary,1,1,9,13,0,5
c000581c-20de-42c2-9978-3278cb1cc4fa,1-1,0,78497,36062,42435,324,0.6666666667,880,19.0,smartphone,0.0,high school,2.0,English,0.0,0.0,Y,9.6,539.0715989,Xherdan Shaqiri,5,4529.283691,Browns Elementary,4,3,4,6,1,7
c000581c-20de-42c2-9978-3278cb1cc4fa,2-1,0,31261,28488,2773,145,0.6666666667,880,19.0,smartphone,0.0,high school,2.0,English,0.0,0.0,Y,8.337,305.3917439,Scott Parker,3,6039.98584,Clear Creek Elementary,3,2,7,10,0,5
c000581c-20de-42c2-9978-3278cb1cc4fa,3-1,1,23840,19720,4120,106,0.6666666667,880,19.0,smartphone,0.0,high school,2.0,English,0.0,0.0,Y,11.081,322.515213,Chinedu Obasi,4,6168.229492,Trinidad Union Elementary,3,1,3,5,0,6
c000581c-20de-42c2-9978-3278cb1cc4fa,1-2,1,60562,47828,12734,383,1.0,880,19.0,smartphone,0.0,high school,2.0,English,0.0,0.0,Y,10.485,480.4716902,Alexis Sánchez,4,5774.970215,Guerneville Elementary,4,3,3,5,0,3
c0112282-2a3d-4efe-af95-387d581e0a98,1-2,1,69365,53481,15884,383,0.6666666667,1438,,laptop,0.0,high school,0.0,,0.0,0.0,,10.485,429.6853088,Charlie Adam,5,4806.761719,San Bruno Park Elementary,3,3,3,5,0,6
c0112282-2a3d-4efe-af95-387d581e0a98,2-2,1,43713,37455,6258,166,1.0,1438,,laptop,0.0,high school,0.0,,0.0,0.0,,7.638,265.9191029, Cesc Fàbregas,4,4840.936035,Antelope Elementary,2,1,7,10,1,1
c0112282-2a3d-4efe-af95-387d581e0a98,2-1,0,36127,29426,6701,145,0.6666666667,1438,,laptop,0.0,high school,0.0,,0.0,0.0,,8.337,295.6569021,Javier Pastore,4,4954.466309,Centralia Elementary,4,8,4,6,0,2
c0112282-2a3d-4efe-af95-387d581e0a98,3-1,0,69257,56698,12559,106,1.0,1438,,laptop,0.0,high school,0.0,,0.0,0.0,,11.081,112.1732689,Shinji Okazaki,2,4023.531738,Etiwanda Elementary,2,3,3,5,0,2
c0112282-2a3d-4efe-af95-387d581e0a98,1-1,0,89070,63085,25985,324,0.3333333333,1438,,laptop,0.0,high school,0.0,,0.0,0.0,,9.6,308.155663,Dennis Diekmeier,5,5179.411133,Wiseburn Elementary,4,1,3,5,1,5
c0112282-2a3d-4efe-af95-387d581e0a98,3-2,1,30337,29380,957,120,0.6666666667,1438,,laptop,0.0,high school,0.0,,0.0,0.0,,10.697,245.0646698,Joe Cole,4,4385.229492,Scotia Union Elementary,2,1,7,10,1,5
c0906133-d1a3-492f-99a2-6e5a6c56f767,3-2,1,40867,37488,3379,120,1.0,1438,23.0,desktop,0.0,graduate school,0.0,Norwegian,0.0,0.0,N,10.697,192.0614597,Philipp Wollscheid,2,4777.512695,Mountain View Elementary,2,1,9,13,0,1
c0906133-d1a3-492f-99a2-6e5a6c56f767,1-1,0,59497,56712,2785,324,0.6666666667,1438,23.0,desktop,0.0,graduate school,0.0,Norwegian,0.0,0.0,N,9.6,342.7845959,Barel Mouko,3,4862.790527,Pleasant Valley Joint Union Elementary,1,1,4,6,1,5
c0906133-d1a3-492f-99a2-6e5a6c56f767,2-1,0,35990,35306,684,145,1.0,1438,23.0,desktop,0.0,graduate school,0.0,Norwegian,0.0,0.0,N,8.337,246.4170396, Gomes,5,5486.029785,Oak Grove Elementary,2,1,7,10,1,6
c0906133-d1a3-492f-99a2-6e5a6c56f767,3-1,0,32889,31588,1301,106,0.3333333333,1438,23.0,desktop,0.0,graduate school,0.0,Norwegian,0.0,0.0,N,11.081,201.3422819,Franco Zuculini,2,5486.382324,Pollock Pines Elementary,1,3,3,5,0,4
c0906133-d1a3-492f-99a2-6e5a6c56f767,1-2,1,74807,69323,5484,383,1.0,1438,23.0,desktop,0.0,graduate school,0.0,Norwegian,0.0,0.0,N,10.485,331.4917127,Heinz Müller,4,4631.243652,Castaic Union Elementary,3,4,3,5,0,5
c0906133-d1a3-492f-99a2-6e5a6c56f767,2-2,1,34669,31891,2778,166,1.0,1438,23.0,desktop,0.0,graduate school,0.0,Norwegian,0.0,0.0,N,7.638,312.3138189,Ashley Young,2,5189.62793,Bishop Union Elementary,2,7,4,6,1,6
c10c2f4b-5e25-495d-be7f-9678adcb45ed,3-2,0,9781,8137,1644,120,0.6666666667,1427,27.0,laptop,0.0,college,0.0,English,0.0,0.0,Y,10.697,884.8469952,Stefan Reisinger,2,4600.606445,Buellton Union Elementary,2,6,3,5,0,6
c10c2f4b-5e25-495d-be7f-9678adcb45ed,2-2,1,10259,9958,301,166,0.6666666667,1427,27.0,laptop,0.0,college,0.0,English,0.0,0.0,Y,7.638,1000.200844, Rubén Pardo,4,6735.775391,Chawanakee Jt. Elementary,2,1,7,10,0,1
c10c2f4b-5e25-495d-be7f-9678adcb45ed,3-1,1,7744,5586,2158,106,1.0,1427,27.0,laptop,0.0,college,0.0,English,0.0,0.0,Y,11.081,1138.560687,Jérôme Rothen,4,5475.172852,Yreka Union Elementary,3,13,3,5,1,6
c10c2f4b-5e25-495d-be7f-9678adcb45ed,1-1,0,17955,15704,2251,324,0.3333333333,1427,27.0,laptop,0.0,college,0.0,English,0.0,0.0,Y,9.6,1237.901172,Jonas Olsson,2,5990.794434,Alexander Valley Union Elementary,4,1,9,13,1,6
c10c2f4b-5e25-495d-be7f-9678adcb45ed,1-2,1,21080,17811,3269,383,0.3333333333,1427,27.0,laptop,0.0,college,0.0,English,0.0,0.0,Y,10.485,1290.213913,Noel Hunt,2,7203.246582,Twin Ridges Elementary,3,4,3,5,1,6
c10c2f4b-5e25-495d-be7f-9678adcb45ed,2-1,0,10699,9929,770,145,0.3333333333,1427,27.0,laptop,0.0,college,0.0,English,0.0,0.0,Y,8.337,876.2211703,Jérémy Mathieu,3,4777.769043,Sundale Union Elementary,3,4,7,10,0,5
c16c936c-e99b-447f-b617-9453bbff6d31,2-1,1,26396,25488,908,145,0.6666666667,1438,32.0,desktop,0.0,high school,0.0,English,0.0,0.0,Y,8.337,341.3370998,Daniel Van Buyten,3,4302.834961,Three Rivers Union Elementary,4,15,7,10,0,5
c16c936c-e99b-447f-b617-9453bbff6d31,1-1,0,77966,77429,537,324,1.0,1438,32.0,desktop,0.0,high school,0.0,English,0.0,0.0,Y,9.6,251.068721, Nélson,2,5630.194824,Columbia Union Elementary,2,1,4,6,0,6
c16c936c-e99b-447f-b617-9453bbff6d31,3-1,1,22448,21684,764,106,1.0,1438,32.0,desktop,0.0,high school,0.0,English,0.0,0.0,Y,11.081,293.3038185,Wahbi Khazri,2,4708.625,Westside Union Elementary,3,3,9,13,0,1
c16c936c-e99b-447f-b617-9453bbff6d31,2-2,0,35405,34961,444,166,1.0,1438,32.0,desktop,0.0,high school,0.0,English,0.0,0.0,Y,7.638,284.8888762, Víctor Pérez,4,5629.961426,Ballico-Cressey Elementary,1,3,7,10,0,5
c16c936c-e99b-447f-b617-9453bbff6d31,1-2,1,68697,67804,893,383,1.0,1438,32.0,desktop,0.0,high school,0.0,English,0.0,0.0,Y,10.485,338.9180579,Mame Diouf,1,4890.986816,Millbrae Elementary,1,1,4,6,0,5
c16c936c-e99b-447f-b617-9453bbff6d31,3-2,0,27980,26321,1659,120,1.0,1438,32.0,desktop,0.0,high school,0.0,English,0.0,0.0,Y,10.697,273.5458379,Loïc Rémy,2,4929.393066,Evergreen Elementary,1,2,7,10,0,1
c2330187-54a2-48ba-be2c-d317fea39438,1-2,0,64219,34964,29255,383,0.6666666667,1281,59.0,laptop,0.0,graduate school,1.0,English,0.0,0.0,Y,10.485,657.2474545, Xabi Alonso,5,4905.221191,Harmony Union Elementary,2,1,3,5,0,6
c2330187-54a2-48ba-be2c-d317fea39438,2-1,1,48944,37376,11568,145,0.6666666667,1281,59.0,laptop,0.0,graduate school,1.0,English,0.0,0.0,Y,8.337,232.7696918, Borja Oubiña,5,5156.856934,Panama Buena Vista Union Elementary,2,1,4,6,1,5
c2330187-54a2-48ba-be2c-d317fea39438,3-2,0,21968,11108,10860,120,0.3333333333,1281,59.0,laptop,0.0,graduate school,1.0,English,0.0,0.0,Y,10.697,648.1814908,Joël Sami,2,4941.787598,Laguna Salada Union Elementary,1,1,4,6,0,5
c2330187-54a2-48ba-be2c-d317fea39438,2-2,0,30211,20751,9460,166,1.0,1281,59.0,laptop,0.0,graduate school,1.0,English,0.0,0.0,Y,7.638,479.9768686,Toifilou Maoulida,3,5408.781738,Sonora Elementary,3,11,3,5,0,6
c2330187-54a2-48ba-be2c-d317fea39438,3-1,1,30138,22291,7847,106,1.0,1281,59.0,laptop,0.0,graduate school,1.0,English,0.0,0.0,Y,11.081,285.3169441, Pepe Reina,1,4981.387695,Roseville City Elementary,4,1,3,5,1,5
c2330187-54a2-48ba-be2c-d317fea39438,1-1,1,58210,38197,20013,324,0.6666666667,1281,59.0,laptop,0.0,graduate school,1.0,English,0.0,0.0,Y,9.6,508.9404927,Anatoliy Tymoshchuk,4,4877.086426,Gratton Elementary,2,1,3,5,0,5
c2a8d24d-9630-4151-8175-0b42eb1aa9ec,1-2,1,133472,125535,7937,383,1.0,531,32.0,smartphone,0.0,professional school,1.0,,0.0,0.0,,10.485,183.0565181, Naldo,5,5111.739258,Susanville Elementary,2,5,3,5,0,1
c2a8d24d-9630-4151-8175-0b42eb1aa9ec,2-1,1,73201,60680,12521,145,1.0,531,32.0,smartphone,0.0,professional school,1.0,,0.0,0.0,,8.337,143.3750824,Philippe Senderos,4,5201.515625,Bella Vista Elementary,2,2,4,6,0,6
c2a8d24d-9630-4151-8175-0b42eb1aa9ec,3-2,1,57855,48732,9123,120,1.0,531,32.0,smartphone,0.0,professional school,1.0,,0.0,0.0,,10.697,147.7468604,Alex Nimely-Tchuimeni,1,4138.305664,Columbine Elementary,1,1,4,6,0,5
c2a8d24d-9630-4151-8175-0b42eb1aa9ec,1-1,0,154133,141233,12900,324,1.0,880,32.0,smartphone,0.0,professional school,1.0,,0.0,0.0,,9.6,137.6448847,Jed Steer,4,5743.597168,Hughes-Elizabeth Lakes Union Elementary,2,1,7,10,0,6
c2a8d24d-9630-4151-8175-0b42eb1aa9ec,2-2,0,68785,61105,7680,166,1.0,880,32.0,smartphone,0.0,professional school,1.0,,0.0,0.0,,7.638,162.998118,Olivier Sorlin,2,5702.705078,Mountain View Elementary,4,1,7,10,0,4
c2a8d24d-9630-4151-8175-0b42eb1aa9ec,3-1,0,49702,36147,13555,106,1.0,880,32.0,smartphone,0.0,professional school,1.0,,0.0,0.0,,11.081,175.9482115, Ballesteros,2,4802.152832,Sulphur Springs Union Elementary,3,17,7,10,0,5
c3cdf4d1-25d4-4f2a-b532-6b0cd92d2e30,3-1,0,43155,38460,4695,106,1.0,510,45.0,,0.0,,,,,0.0,,11.081,165.3666147, Diego Costa,4,5442.143066,Forestville Union Elementary,4,1,7,10,1,6
c3cdf4d1-25d4-4f2a-b532-6b0cd92d2e30,2-1,1,52310,46614,5696,145,1.0,510,45.0,,0.0,,,,,0.0,,8.337,186.6392071,Antolín Alcaraz,2,4522.375488,Rosedale Union Elementary,4,3,4,6,0,4
c3cdf4d1-25d4-4f2a-b532-6b0cd92d2e30,1-2,0,129012,112031,16981,383,1.0,510,45.0,,0.0,,,,,0.0,,10.485,205.1217966,Brad Friedel,4,4965.808105,Columbia Elementary,1,1,3,5,0,6
c3cdf4d1-25d4-4f2a-b532-6b0cd92d2e30,2-2,0,63545,56416,7129,166,1.0,510,45.0,,0.0,,,,,0.0,,7.638,176.5456608,Jonathan Obika,5,5358.326172,Colfax Elementary,1,2,3,5,1,1
c3cdf4d1-25d4-4f2a-b532-6b0cd92d2e30,3-2,1,50056,48485,1571,120,0.6666666667,510,45.0,,0.0,,,,,0.0,,10.697,148.4995359,Simon Rolfes,4,5784.625,Mt. Shasta Union Elementary,1,1,7,10,0,1
c3cdf4d1-25d4-4f2a-b532-6b0cd92d2e30,1-1,1,115405,102849,12556,324,0.3333333333,510,45.0,,0.0,,,,,0.0,,9.6,189.0149637, Jorge Molina,4,5072.70459,Piner-Olivet Union Elementary,1,1,7,10,0,5
c47a9043-7826-4044-9b51-d59a6b6c53e3,1-1,0,83556,77997,5559,324,1.0,1281,21.0,laptop,0.0,high school,1.0,English,0.0,0.0,Y,9.6,249.2403554,Cheik Tioté,2,5556.041016,Bass Lake Joint Elementary,1,1,7,10,0,5
c47a9043-7826-4044-9b51-d59a6b6c53e3,3-2,1,41843,40281,1562,120,1.0,1281,21.0,laptop,0.0,high school,1.0,English,0.0,0.0,Y,10.697,178.7443211,William Gallas,2,5190.310059,Cutten Elementary,2,1,3,5,0,6
c47a9043-7826-4044-9b51-d59a6b6c53e3,2-2,0,53320,46357,6963,166,1.0,1281,21.0,laptop,0.0,high school,1.0,English,0.0,0.0,Y,7.638,214.8542831,Christian Vander,2,5211.485352,Placerville Union Elementary,4,1,3,5,1,5
c47a9043-7826-4044-9b51-d59a6b6c53e3,1-2,1,80780,75141,5639,383,0.6666666667,1281,21.0,laptop,0.0,high school,1.0,English,0.0,0.0,Y,10.485,305.8250489, Maxwell,5,5284.164063,Wright Elementary,2,1,7,10,0,6
c47a9043-7826-4044-9b51-d59a6b6c53e3,3-1,0,32878,30155,2723,106,1.0,1281,21.0,laptop,0.0,high school,1.0,English,0.0,0.0,Y,11.081,210.9102968,André Hoffmann,5,5331.920898,Evergreen Union Elementary,4,3,4,6,0,5
c47a9043-7826-4044-9b51-d59a6b6c53e3,2-1,1,33252,29860,3392,145,0.6666666667,1281,21.0,laptop,0.0,high school,1.0,English,0.0,0.0,Y,8.337,291.3596785,Zlatko Junuzović,3,5599.60791,Old Adobe Union Elementary,3,5,7,10,0,1
c4ca4342-0324-4995-9111-fae627df7fc5,2-1,1,58957,54603,4354,145,0.6666666667,880,49.0,,2.0,,0.0,English,,1.0,Y,8.337,159.3319048,Thomas Kleine,4,4881.899414,Wilmar Union Elementary,4,10,7,10,1,1
c4ca4342-0324-4995-9111-fae627df7fc5,2-2,0,55603,48069,7534,166,0.6666666667,880,49.0,,2.0,,0.0,English,,1.0,Y,7.638,207.2021469,Florian Thauvin,2,4700.432129,Ackerman Elementary,4,1,7,10,0,5
c4ca4342-0324-4995-9111-fae627df7fc5,1-1,1,144885,131459,13426,324,0.6666666667,880,49.0,,2.0,,0.0,English,,1.0,Y,9.6,147.8788063, Víctor Ruiz,4,5650.0,Santa Cruz City Elementary,4,4,7,10,0,5
c4ca4342-0324-4995-9111-fae627df7fc5,3-2,0,61056,56187,4869,120,0.6666666667,880,49.0,,2.0,,0.0,English,,1.0,Y,10.697,128.1435207,Samir Nasri,3,5318.240723,Arcata Elementary,3,1,7,10,0,3
c4ca4342-0324-4995-9111-fae627df7fc5,1-2,0,188242,141274,46968,383,0.6666666667,880,49.0,,2.0,,0.0,English,,1.0,Y,10.485,162.6626272, Sergio Ramos,4,4709.054199,Alta Loma Elementary,2,2,9,13,0,2
c4ca4342-0324-4995-9111-fae627df7fc5,3-1,1,44721,40905,3816,106,1.0,880,49.0,,2.0,,0.0,English,,1.0,Y,11.081,155.4822149,Per Nilsson,4,5143.19043,Foresthill Union Elementary,1,4,9,13,0,6
c4d4c7b7-bbed-4695-b98c-0b5c48e29abe,2-1,1,29879,25960,3919,145,0.6666666667,1294,,,,,,,0.0,,,8.337,335.1309707,Andreas Ivanschitz,4,5133.009766,Mother Lode Union Elementary,2,1,4,6,1,4
c4d4c7b7-bbed-4695-b98c-0b5c48e29abe,3-1,0,25601,21943,3658,106,0.6666666667,1294,,,,,,,0.0,,,11.081,289.841863,Thomas Sørensen,4,5081.455566,Ocean View Elementary,2,9,7,10,0,1
c4d4c7b7-bbed-4695-b98c-0b5c48e29abe,1-2,1,75069,56399,18670,383,0.6666666667,1294,,,,,,,0.0,,,10.485,407.4540329,Chris Gunter,3,4016.41626,Lake Elementary,3,1,3,5,0,5
c4d4c7b7-bbed-4695-b98c-0b5c48e29abe,3-2,1,35424,29037,6387,120,1.0,1294,,,,,,,0.0,,,10.697,247.9594999,Jem Karacan,2,5374.050293,San Mateo-Foster City Elementary,1,2,3,5,0,6
c4d4c7b7-bbed-4695-b98c-0b5c48e29abe,2-2,0,35850,32897,2953,166,1.0,1294,,,,,,,0.0,,,7.638,302.7631699,Ragnar Klavan,2,5427.548828,Goleta Union Elementary,3,1,3,5,0,5
c4d4c7b7-bbed-4695-b98c-0b5c48e29abe,1-1,0,70710,63186,7524,324,1.0,1294,,,,,,,0.0,,,9.6,307.6630899,Gylfi Sigurðsson,3,5179.644531,Helendale Elementary,2,2,7,10,0,5
c5f16c37-1a33-4562-9996-0f8262566ab2,1-2,1,92027,77958,14069,383,1.0,880,19.0,smartphone,0.0,college,1.0,English,0.0,0.0,Y,10.485,294.7741091,Teemu Pukki,2,5400.0,Petaluma City Elementary,1,2,4,6,0,1
c5f16c37-1a33-4562-9996-0f8262566ab2,2-2,1,48202,44571,3631,166,1.0,880,19.0,smartphone,0.0,college,1.0,English,0.0,0.0,Y,7.638,223.4636872,Sami Khedira,4,5726.146484,Sunnyvale Elementary,4,1,3,5,1,1
c5f16c37-1a33-4562-9996-0f8262566ab2,1-1,0,106620,98239,8381,324,1.0,880,19.0,smartphone,0.0,college,1.0,English,0.0,0.0,Y,9.6,197.8847505,Ömer Toprak,4,5003.870117,College Elementary,3,1,3,5,0,5
c5f16c37-1a33-4562-9996-0f8262566ab2,3-1,0,39861,31717,8144,106,1.0,880,19.0,smartphone,0.0,college,1.0,English,0.0,0.0,Y,11.081,200.5233786,Alexander Tettey,5,4969.51123,La Mesa-Spring Valley,2,4,7,10,0,6
c5f16c37-1a33-4562-9996-0f8262566ab2,2-1,0,51774,48595,3179,145,1.0,880,19.0,smartphone,0.0,college,1.0,English,0.0,0.0,Y,8.337,179.0307645, Mattioni,4,4747.295898,Huntington Beach City Elementary,2,2,9,13,0,6
c5f16c37-1a33-4562-9996-0f8262566ab2,3-2,1,54342,44749,9593,120,0.3333333333,880,19.0,smartphone,0.0,college,1.0,English,0.0,0.0,Y,10.697,160.8974502,André Ayew,3,4543.305176,Solvang Elementary,1,1,4,6,1,5
c6117094-afdd-4f97-9496-9df675e1485d,3-1,0,56243,38222,18021,106,1.0,1334,41.0,laptop,1.0,college,1.0,English,1.0,1.0,Y,11.081,166.3963163, Felipe Saad,4,5229.591309,Soquel Elementary,2,4,7,10,0,5
c6117094-afdd-4f97-9496-9df675e1485d,1-2,1,83794,79928,3866,383,1.0,1334,41.0,laptop,1.0,college,1.0,English,1.0,1.0,Y,10.485,287.5087579,Simon Jentzsch,3,4507.353027,Capay Joint Union Elementary,1,8,3,5,0,3
c6117094-afdd-4f97-9496-9df675e1485d,2-1,1,44654,42502,2152,145,0.6666666667,1334,41.0,laptop,1.0,college,1.0,English,1.0,1.0,Y,8.337,204.6962496, Moisés,4,5302.62793,Gravenstein Union Elementary,3,2,3,5,0,1
c6117094-afdd-4f97-9496-9df675e1485d,2-2,0,46301,39190,7111,166,1.0,1334,41.0,laptop,1.0,college,1.0,English,1.0,1.0,Y,7.638,254.1464659,Costel Pantilimon,3,5545.610352,Pleasant Valley Elementary,2,1,4,6,0,5
c6117094-afdd-4f97-9496-9df675e1485d,1-1,0,75726,68437,7289,324,1.0,1334,41.0,laptop,1.0,college,1.0,English,1.0,1.0,Y,9.6,284.0568698,Andriy Voronin,2,4615.908691,Pioneer Union Elementary,2,1,3,5,0,5
c6117094-afdd-4f97-9496-9df675e1485d,3-2,1,45898,44048,1850,120,1.0,1334,41.0,laptop,1.0,college,1.0,English,1.0,1.0,Y,10.697,163.4580458,Gennaro Bracigliano,4,5397.689453,Santee Elementary,4,3,7,10,0,4
c76dd3b4-df4e-460a-91cf-30691faa6703,2-2,1,23987,21472,2515,166,0.6666666667,1294,,,,,,,0.0,,,7.638,463.8599106,Romain Danzé,1,5118.373047,Johnstonville Elementary,2,2,3,5,0,5
c76dd3b4-df4e-460a-91cf-30691faa6703,1-2,1,37810,29422,8388,383,1.0,1294,,,,,,,0.0,,,10.485,781.0481952,Marc Hornschuh,3,5008.070801,Pleasant Valley Elementary,3,2,9,13,0,4
c76dd3b4-df4e-460a-91cf-30691faa6703,3-2,0,16367,15403,964,120,1.0,1294,,,,,,,0.0,,,10.697,467.4414075, Xavi,4,4906.030273,Curtis Creek Elementary,3,3,3,5,0,1
c76dd3b4-df4e-460a-91cf-30691faa6703,3-1,1,16992,15202,1790,106,1.0,1294,,,,,,,0.0,,,11.081,418.3660045,Jonas Hofmann,4,6870.346191,Fort Jones Union Elementary,2,1,7,10,0,5
c76dd3b4-df4e-460a-91cf-30691faa6703,2-1,0,16423,15655,768,145,0.3333333333,1294,,,,,,,0.0,,,8.337,555.7329927,Sejad Salihović,4,5301.716309,Mark West Union Elementary,4,1,7,10,0,5
c76dd3b4-df4e-460a-91cf-30691faa6703,1-1,0,38439,30488,7951,324,0.6666666667,1294,,,,,,,0.0,,,9.6,637.6279192,Oliver Kirch,2,5182.365723,Alpine Union Elementary,2,3,4,6,0,1
c7962751-a043-444e-807b-543a4b17b012,1-2,1,32243,22769,9474,383,0.6666666667,1381,26.0,laptop,0.0,college,1.0,English,1.0,0.0,Y,10.485,1009.266986,Aykut Özer,1,4999.46875,Sebastopol Union Elementary,3,1,9,13,1,5
c7962751-a043-444e-807b-543a4b17b012,3-1,0,16000,12160,3840,106,1.0,1381,26.0,laptop,0.0,college,1.0,English,1.0,0.0,Y,11.081,523.0263158,Tim Howard,4,6732.066406,Freshwater Elementary,2,1,7,10,0,5
c7962751-a043-444e-807b-543a4b17b012,2-1,1,19512,17713,1799,145,1.0,1381,26.0,laptop,0.0,college,1.0,English,1.0,0.0,Y,8.337,491.1646813,Roque Santa Cruz,2,4612.989746,Norris Elementary,1,5,4,6,0,4
c7962751-a043-444e-807b-543a4b17b012,3-2,1,17252,10892,6360,120,0.6666666667,1381,26.0,laptop,0.0,college,1.0,English,1.0,0.0,Y,10.697,661.0356225,Raphael Holzhauser,4,5478.845703,Springville Union Elementary,1,1,7,10,0,6
c7962751-a043-444e-807b-543a4b17b012,1-1,0,28395,20459,7936,324,0.3333333333,1381,26.0,laptop,0.0,college,1.0,English,1.0,0.0,Y,9.6,950.1930691,Steven Taylor,4,5666.713867,Moreland Elementary,1,1,3,5,0,5
c7962751-a043-444e-807b-543a4b17b012,2-2,0,14120,12769,1351,166,0.6666666667,1381,26.0,laptop,0.0,college,1.0,English,1.0,0.0,Y,7.638,780.0140966,Dariusz Dudka,5,4742.51416,Maple Elementary,2,1,4,6,0,3
c82105bb-8520-4727-b430-daec6fdef0dc,2-2,1,53563,44006,9557,166,1.0,1438,26.0,desktop,1.0,college,0.0,English,0.0,1.0,Y,7.638,226.3327728,Darron Gibson,2,4907.392578,Kings River-Hardwick Union Elementary,1,1,4,6,0,3
c82105bb-8520-4727-b430-daec6fdef0dc,1-1,0,162123,136093,26030,324,1.0,1438,26.0,desktop,1.0,college,0.0,English,0.0,1.0,Y,9.6,142.8434967,Ibrahim Afellay,3,5700.402344,Julian Union Elementary,4,1,3,5,0,6
c82105bb-8520-4727-b430-daec6fdef0dc,3-1,1,37075,26223,10852,106,0.6666666667,1438,26.0,desktop,1.0,college,0.0,English,0.0,1.0,Y,11.081,242.535179,Siaka Tiéné,2,5191.834473,Cardiff Elementary,3,3,3,5,0,3
c82105bb-8520-4727-b430-daec6fdef0dc,3-2,0,91856,60303,31553,120,1.0,1438,26.0,desktop,1.0,college,0.0,English,0.0,1.0,Y,10.697,119.3970449,Aristide Bancé,2,4451.256836,Saucelito Elementary,4,1,3,5,0,5
c82105bb-8520-4727-b430-daec6fdef0dc,1-2,1,115710,80630,35080,383,0.6666666667,1438,26.0,desktop,1.0,college,0.0,English,0.0,1.0,Y,10.485,285.005581,Jaroslav Plašil,2,5627.527832,Bonsall Union Elementary,3,1,3,5,0,5
c82105bb-8520-4727-b430-daec6fdef0dc,2-1,0,72320,61073,11247,145,0.6666666667,1438,26.0,desktop,1.0,college,0.0,English,0.0,1.0,Y,8.337,142.4524749,Niko Gießelmann,4,4922.939941,Cypress Elementary,1,2,4,6,0,1
c94dde40-5c1a-4071-8a82-d9c9e525ddbc,1-2,1,95425,89490,5935,383,0.6666666667,1150,35.0,desktop,1.0,professional school,,English,0.0,1.0,Y,10.485,256.788468, Felipe Santana,1,4969.380859,Lowell Joint Elementary,4,1,4,6,0,1
c94dde40-5c1a-4071-8a82-d9c9e525ddbc,3-2,0,50875,48552,2323,120,0.6666666667,1150,35.0,desktop,1.0,professional school,,English,0.0,1.0,Y,10.697,148.294612,Kevin Nolan,2,4829.717285,Newhall Elementary,3,1,7,10,0,4
c94dde40-5c1a-4071-8a82-d9c9e525ddbc,2-1,0,49578,47217,2361,145,0.3333333333,1150,35.0,desktop,1.0,professional school,,English,0.0,1.0,Y,8.337,184.2556706,Lee Cattermole,4,6716.692871,Lagunitas Elementary,3,16,7,10,0,5
c94dde40-5c1a-4071-8a82-d9c9e525ddbc,2-2,1,61800,60584,1216,166,0.3333333333,1150,35.0,desktop,1.0,professional school,,English,0.0,1.0,Y,7.638,164.3998415,Ashley Cole,3,5205.941895,Cambrian Elementary,3,1,7,10,0,3
c94dde40-5c1a-4071-8a82-d9c9e525ddbc,3-1,1,42207,40710,1497,106,1.0,1150,35.0,desktop,1.0,professional school,,English,0.0,1.0,Y,11.081,156.2269713,Paul Baysse,2,4357.826172,Richfield Elementary,1,1,7,10,0,5
c94dde40-5c1a-4071-8a82-d9c9e525ddbc,1-1,0,98448,95482,2966,324,0.6666666667,1150,35.0,desktop,1.0,professional school,,English,0.0,1.0,Y,9.6,203.598584,Petr Čech,2,5195.918945,Fieldbrook Elementary,1,2,4,6,0,6
c9912952-1990-4415-8cd6-b5b96d6e4267,1-1,0,87500,72946,14554,324,1.0,1227,33.0,laptop,0.0,graduate school,1.0,English,0.0,0.0,Y,9.6,266.4985057,Chris Löwe,2,6002.071777,Dehesa Elementary,4,3,3,5,0,5
c9912952-1990-4415-8cd6-b5b96d6e4267,3-2,1,48545,41764,6781,120,1.0,1227,33.0,laptop,0.0,graduate school,1.0,English,0.0,0.0,Y,10.697,172.39728,Mouhamadou Dabo,2,5090.587891,Cottonwood Union Elementary,3,6,3,5,0,4
c9912952-1990-4415-8cd6-b5b96d6e4267,2-2,0,41645,31776,9869,166,1.0,1227,33.0,laptop,0.0,graduate school,1.0,English,0.0,0.0,Y,7.638,313.4441088,Grégory Bettiol,5,5112.390137,Fruitvale Elementary,2,2,7,10,0,6
c9912952-1990-4415-8cd6-b5b96d6e4267,3-1,0,30682,21051,9631,106,1.0,1227,33.0,laptop,0.0,graduate school,1.0,English,0.0,0.0,Y,11.081,302.1234146,Stéphane Ruffier,4,5287.35498,Union Elementary,3,7,7,10,0,6
c9912952-1990-4415-8cd6-b5b96d6e4267,1-2,1,79889,63230,16659,383,1.0,1227,33.0,laptop,0.0,graduate school,1.0,English,0.0,0.0,Y,10.485,363.4350783,Cyril Jeunechamp,4,4889.47998,Fountain Valley Elementary,4,1,7,10,0,5
c9912952-1990-4415-8cd6-b5b96d6e4267,2-1,1,37788,29210,8578,145,1.0,1227,33.0,laptop,0.0,graduate school,1.0,English,0.0,0.0,Y,8.337,297.8432044,Marc-Oliver Kempf,1,5118.130371,Gold Oak Union Elementary,4,2,3,5,0,5
c99a4a23-599b-4fcf-905b-a0330bb7b595,2-1,0,52065,48387,3678,145,1.0,1438,53.0,laptop,0.0,graduate school,2.0,English,0.0,0.0,Y,8.337,179.8003596,Glenn Loovens,5,5119.123047,Buckeye Union Elementary,2,3,3,5,0,4
c99a4a23-599b-4fcf-905b-a0330bb7b595,3-2,1,34906,33656,1250,120,1.0,1438,53.0,laptop,0.0,graduate school,2.0,English,0.0,0.0,Y,10.697,213.9291657, Jesús Navas,3,4792.211426,Rocklin Unified,2,1,7,10,0,6
c99a4a23-599b-4fcf-905b-a0330bb7b595,3-1,0,87669,84958,2711,106,1.0,1438,53.0,laptop,0.0,graduate school,2.0,English,0.0,0.0,Y,11.081,74.86051932, Nélson Oliveira,4,5450.103516,Gold Trail Union Elementary,3,2,4,6,0,6
c99a4a23-599b-4fcf-905b-a0330bb7b595,1-2,0,110944,102865,8079,383,1.0,1438,53.0,laptop,0.0,graduate school,2.0,English,0.0,0.0,Y,10.485,223.3996014,Oliver Sorg,4,5210.724609,Hydesville Elementary,2,3,7,10,0,5
c99a4a23-599b-4fcf-905b-a0330bb7b595,2-2,1,42834,42458,376,166,1.0,1438,53.0,laptop,0.0,graduate school,2.0,English,0.0,0.0,Y,7.638,234.5847661,Benoît Assou-Ekotto,4,4715.445801,Saugus Union Elementary,4,2,7,10,0,5
c99a4a23-599b-4fcf-905b-a0330bb7b595,1-1,1,79635,77191,2444,324,0.3333333333,1438,53.0,laptop,0.0,graduate school,2.0,English,0.0,0.0,Y,9.6,251.8428314,Atsuto Uchida,3,4632.068359,Loomis Union Elementary,2,1,7,10,0,1
cb34d1a2-93ee-48a2-91ec-77e02c1028fd,1-1,1,62073,58740,3333,324,0.6666666667,322,21.0,smartphone,0.0,high school,0.0,Spanish,0.0,0.0,N,9.6,330.9499489,Daniel Van Buyten,1,5028.561523,Placer Hills Union Elementary,1,2,7,10,0,3
cb34d1a2-93ee-48a2-91ec-77e02c1028fd,2-2,1,33589,33420,169,166,1.0,322,21.0,smartphone,0.0,high school,0.0,Spanish,0.0,0.0,N,7.638,298.0251346,Robert Snodgrass,4,5695.466797,Dunham Elementary,4,6,7,10,0,5
cb34d1a2-93ee-48a2-91ec-77e02c1028fd,2-1,0,19261,19260,1,145,0.6666666667,322,21.0,smartphone,0.0,high school,0.0,Spanish,0.0,0.0,N,8.337,451.7133956, Doni,2,4504.294922,San Carlos Elementary,1,5,9,13,0,2
cb34d1a2-93ee-48a2-91ec-77e02c1028fd,1-2,0,65160,63374,1786,383,0.6666666667,322,21.0,smartphone,0.0,high school,0.0,Spanish,0.0,0.0,N,10.485,362.6092719,Zlatan Ibrahimović,4,5156.437012,Ready Springs Union Elementary,3,5,9,13,0,5
cb34d1a2-93ee-48a2-91ec-77e02c1028fd,3-2,0,6966,6456,510,120,0.6666666667,322,21.0,smartphone,0.0,high school,0.0,Spanish,0.0,0.0,N,10.697,1115.241636,Martin Amedick,3,5433.51416,Coarsegold Union Elementary,4,1,4,6,0,4
cb34d1a2-93ee-48a2-91ec-77e02c1028fd,3-1,1,26002,25099,903,106,1.0,322,21.0,smartphone,0.0,high school,0.0,Spanish,0.0,0.0,N,11.081,253.3965497,Hatem Ben Arfa,5,5254.631836,Cayucos Elementary,4,7,7,10,0,5
cc5900ac-23f3-4768-99c4-faf9c29e9382,3-2,1,74000,66851,7149,120,1.0,1334,35.0,laptop,0.0,professional school,0.0,Spanish,0.0,0.0,N,10.697,107.7022034,Chris Brunt,4,4593.196777,Richmond Elementary,1,1,3,5,0,5
cc5900ac-23f3-4768-99c4-faf9c29e9382,1-1,0,117713,113143,4570,324,1.0,1334,35.0,laptop,0.0,professional school,0.0,Spanish,0.0,0.0,N,9.6,171.8179649,Diego Buonanotte,4,4320.678711,Clay Joint Elementary,2,3,3,5,0,6
cc5900ac-23f3-4768-99c4-faf9c29e9382,1-2,1,149505,143322,6183,383,1.0,1334,35.0,laptop,0.0,professional school,0.0,Spanish,0.0,0.0,N,10.485,160.3382593,Luke Daniels,4,4920.777344,Waugh Elementary,2,1,3,5,0,6
cc5900ac-23f3-4768-99c4-faf9c29e9382,2-1,0,32653,31068,1585,145,0.0,1334,35.0,laptop,0.0,professional school,0.0,Spanish,0.0,0.0,N,8.337,280.0309,Maya Yoshida,4,6905.869141,Two Rock Union Elementary,4,1,7,10,0,6
cc5900ac-23f3-4768-99c4-faf9c29e9382,2-2,1,56845,53253,3592,166,1.0,1334,35.0,laptop,0.0,professional school,0.0,Spanish,0.0,0.0,N,7.638,187.0317165,René Adler,4,5729.904297,Belmont-Redwood Shores Elementary,3,3,4,6,0,5
cc5900ac-23f3-4768-99c4-faf9c29e9382,3-1,0,38896,33051,5845,106,1.0,1334,35.0,laptop,0.0,professional school,0.0,Spanish,0.0,0.0,N,11.081,192.4298811,Michael Schulze,5,4825.202148,Rescue Union Elementary,4,2,3,5,0,1
cc6bb97b-148a-434d-86be-1a4b7c05363f,1-2,0,144879,136805,8074,383,1.0,689,23.0,tablet,2.0,high school,0.0,English,0.0,1.0,Y,10.485,167.9763167,Richard Strebinger,5,5388.17041,Alta-Dutch Flat Union Elementary,1,2,3,5,0,5
cc6bb97b-148a-434d-86be-1a4b7c05363f,3-1,1,58369,58228,141,106,1.0,689,23.0,tablet,2.0,high school,0.0,English,0.0,1.0,Y,11.081,109.225802,Christian Fuchs,3,5133.827148,San Pasqual Union Elementary,4,2,7,10,1,5
cc6bb97b-148a-434d-86be-1a4b7c05363f,2-1,0,127701,126400,1301,145,0.3333333333,689,23.0,tablet,2.0,high school,0.0,English,0.0,1.0,Y,8.337,68.82911392, Ángel,4,5346.15625,Latrobe Elementary,3,2,9,13,0,4
cc6bb97b-148a-434d-86be-1a4b7c05363f,3-2,0,101504,99716,1788,120,0.6666666667,689,23.0,tablet,2.0,high school,0.0,English,0.0,1.0,Y,10.697,72.20506238,Robert Lewandowski,2,4789.309082,Union Hill Elementary,4,1,4,6,0,5
cc6bb97b-148a-434d-86be-1a4b7c05363f,1-1,1,114323,112379,1944,324,1.0,689,23.0,tablet,2.0,high school,0.0,English,0.0,1.0,Y,9.6,172.9860561,Rémy Cabella,3,5329.782227,Twin Hills Union Elementary,4,2,7,10,0,1
cc6bb97b-148a-434d-86be-1a4b7c05363f,2-2,1,67357,67357,0,166,1.0,689,23.0,tablet,2.0,high school,0.0,English,0.0,1.0,Y,7.638,147.8688184,Luuk de Jong,1,5371.172852,Pacific Union Elementary,1,1,3,5,0,5
ce41ecb5-d3d6-467d-8d90-0da4db858b7c,1-2,0,163355,154683,8672,383,1.0,880,26.0,smartphone,0.0,college,1.0,English,0.0,0.0,Y,10.485,148.5618976,Zouheir Dhaouadi,3,5771.383789,Douglas City Elementary,2,3,3,5,0,5
ce41ecb5-d3d6-467d-8d90-0da4db858b7c,2-2,0,61272,60748,524,166,1.0,880,26.0,smartphone,0.0,college,1.0,English,0.0,0.0,Y,7.638,163.956015,Gonzalo Castro,4,4993.634766,Pleasant Ridge Union Elementary,1,1,4,6,0,3
ce41ecb5-d3d6-467d-8d90-0da4db858b7c,3-2,0,99290,96583,2707,120,1.0,880,26.0,smartphone,0.0,college,1.0,English,0.0,0.0,Y,10.697,74.54728058,Ashkan Dejagah,3,4854.038086,Newcastle Elementary,2,2,3,5,0,2
ce41ecb5-d3d6-467d-8d90-0da4db858b7c,3-1,1,61374,59445,1929,106,1.0,880,26.0,smartphone,0.0,college,1.0,English,0.0,0.0,Y,11.081,106.9896543,David Gigliotti,3,4392.679688,Mesa Union Elementary,2,1,7,10,0,5
ce41ecb5-d3d6-467d-8d90-0da4db858b7c,2-1,1,88665,87403,1262,145,1.0,880,26.0,smartphone,0.0,college,1.0,English,0.0,0.0,Y,8.337,99.53891743,Mickäel Tavares,4,5884.432129,Weaverville Elementary,2,1,3,5,0,3
ce41ecb5-d3d6-467d-8d90-0da4db858b7c,1-1,1,132729,131024,1705,324,1.0,880,26.0,smartphone,0.0,college,1.0,English,0.0,0.0,Y,9.6,148.3697643,Fousseni Diawara,3,4273.993164,North Cow Creek Elementary,2,1,9,13,1,5
ce47cbea-65c1-46b1-9520-f23d669514e8,3-1,0,36109,21504,14605,106,1.0,1150,22.0,laptop,0.0,college,0.0,Swedish,0.0,0.0,N,11.081,295.7589286,Federico Macheda,5,5146.78418,Nevada City Elementary,4,1,3,5,0,6
ce47cbea-65c1-46b1-9520-f23d669514e8,2-1,1,37725,30759,6966,145,0.6666666667,1150,22.0,laptop,0.0,college,0.0,Swedish,0.0,0.0,N,8.337,282.8440456, Juanmi,4,5351.522949,Jacoby Creek Elementary,2,1,7,10,0,2
ce47cbea-65c1-46b1-9520-f23d669514e8,1-2,0,117671,91524,26147,383,1.0,1150,22.0,laptop,0.0,college,0.0,Swedish,0.0,0.0,N,10.485,251.0816835,Gregory Bourillon,2,7667.571777,Fort Ross Elementary,3,3,7,10,0,6
ce47cbea-65c1-46b1-9520-f23d669514e8,1-1,1,124449,88221,36228,324,1.0,1150,22.0,laptop,0.0,college,0.0,Swedish,0.0,0.0,N,9.6,220.3556976, Dorado,4,5281.708984,Encinitas Union Elementary,1,3,4,6,0,5
ce47cbea-65c1-46b1-9520-f23d669514e8,2-2,0,56704,53562,3142,166,1.0,1150,22.0,laptop,0.0,college,0.0,Swedish,0.0,0.0,N,7.638,185.9527277,Adam Bodzek,4,5368.50293,Dixie Elementary,1,7,9,13,0,1
ce47cbea-65c1-46b1-9520-f23d669514e8,3-2,1,40563,33826,6737,120,1.0,1150,22.0,laptop,0.0,college,0.0,Swedish,0.0,0.0,N,10.697,212.8540176,Philipp Wollscheid,1,6429.257324,Lakeside Joint Elementary,1,2,7,10,0,6
cea04555-57d4-4edf-9198-e8aa302bc070,1-1,1,92217,86910,5307,324,1.0,1366,22.0,laptop,0.0,college,1.0,Dutch,0.0,0.0,N,9.6,223.6796686,Steven Gerrard,3,5387.458984,Hermosa Beach City Elementary,4,20,4,6,0,1
cea04555-57d4-4edf-9198-e8aa302bc070,3-2,1,34505,33298,1207,120,1.0,1366,22.0,laptop,0.0,college,1.0,Dutch,0.0,0.0,N,10.697,216.229203, Albelda,2,5235.774902,Rincon Valley Union Elementary,1,1,7,10,0,1
cea04555-57d4-4edf-9198-e8aa302bc070,1-2,0,85993,79671,6322,383,1.0,1366,22.0,laptop,0.0,college,1.0,Dutch,0.0,0.0,N,10.485,288.4361938,Benjamin Köhler,2,4829.896484,Washington Union Elementary,2,1,3,5,0,6
cea04555-57d4-4edf-9198-e8aa302bc070,3-1,0,21642,17765,3877,106,1.0,1366,22.0,laptop,0.0,college,1.0,Dutch,0.0,0.0,N,11.081,358.0073178,Sidney Sam,4,5088.708008,Bennett Valley Union Elementary,2,2,4,6,0,2
cea04555-57d4-4edf-9198-e8aa302bc070,2-2,1,39023,39012,11,166,1.0,1366,22.0,laptop,0.0,college,1.0,Dutch,0.0,0.0,N,7.638,255.3060597,Sascha Schünemann,2,5390.118164,Loma Prieta Joint Union Elemen,2,2,4,6,1,1
cea04555-57d4-4edf-9198-e8aa302bc070,2-1,0,30981,29134,1847,145,1.0,1366,22.0,laptop,0.0,college,1.0,Dutch,0.0,0.0,N,8.337,298.6201689,Matija Nastasić,3,6588.430664,Kenwood Elementary,4,2,3,5,0,1
cef9fb15-e845-46ae-8282-8e7247078df1,3-1,1,29041,26139,2902,106,1.0,1419,24.0,laptop,0.0,graduate school,1.0,Russian,0.0,0.0,N,11.081,243.3145874,Andreas Beck,4,6196.694824,Liberty Elementary,4,5,3,5,0,5
cef9fb15-e845-46ae-8282-8e7247078df1,1-1,0,89346,85831,3515,324,0.6666666667,1419,24.0,laptop,0.0,graduate school,1.0,Russian,0.0,0.0,N,9.6,226.4915939,Rory Delap,1,4645.413086,Knights Ferry Elementary,1,20,3,5,0,6
cef9fb15-e845-46ae-8282-8e7247078df1,2-2,1,42013,39443,2570,166,0.6666666667,1419,24.0,laptop,0.0,graduate school,1.0,Russian,0.0,0.0,N,7.638,252.5162893, Pozuelo,2,6489.928711,Kentfield Elementary,1,1,3,5,0,5
cef9fb15-e845-46ae-8282-8e7247078df1,3-2,0,38637,36862,1775,120,0.6666666667,1419,24.0,laptop,0.0,graduate school,1.0,Russian,0.0,0.0,N,10.697,195.323097, Alex,3,5094.958984,Ballard Elementary,3,3,4,6,0,1
cef9fb15-e845-46ae-8282-8e7247078df1,1-2,1,84853,77247,7606,383,1.0,1419,24.0,laptop,0.0,graduate school,1.0,Russian,0.0,0.0,N,10.485,297.4872811,Salim Moizini,2,4841.958496,Oak Grove Union Elementary,1,2,4,6,0,5
cef9fb15-e845-46ae-8282-8e7247078df1,2-1,0,43520,42637,883,145,1.0,1419,24.0,laptop,0.0,graduate school,1.0,Russian,0.0,0.0,N,8.337,204.0481272,Slobodan Rajković,2,6315.3125,Ross Valley Elementary,2,1,7,10,0,1
cf8cc387-399a-46fe-9313-9f73def19457,2-1,1,14800,12821,1979,145,1.0,1227,23.0,laptop,0.0,college,1.0,English,0.0,0.0,Y,8.337,678.5742142,Kevin Stöger,2,5399.383301,Mountain Elementary,3,2,7,10,0,5
cf8cc387-399a-46fe-9313-9f73def19457,3-2,0,25835,22393,3442,120,1.0,1227,23.0,laptop,0.0,college,1.0,English,0.0,0.0,Y,10.697,321.5290493,Fabian Giefer,4,5429.473633,Burlingame Elementary,4,1,7,10,0,4
cf8cc387-399a-46fe-9313-9f73def19457,1-2,0,32353,26925,5428,383,1.0,1227,23.0,laptop,0.0,college,1.0,English,0.0,0.0,Y,10.485,853.4818942,Ryan Bennett,3,5644.286133,Grant Elementary,4,2,7,10,0,4
cf8cc387-399a-46fe-9313-9f73def19457,2-2,0,12922,9028,3894,166,1.0,1227,23.0,laptop,0.0,college,1.0,English,0.0,0.0,Y,7.638,1103.234382,Luka Modrić,4,6060.256836,Happy Valley Elementary,3,2,4,6,0,6
cf8cc387-399a-46fe-9313-9f73def19457,3-1,1,14592,11858,2734,106,0.6666666667,1227,23.0,laptop,0.0,college,1.0,English,0.0,0.0,Y,11.081,536.3467701,Youssef Adnane,3,5319.553711,Bonny Doon Union Elementary,1,7,3,5,0,5
cf8cc387-399a-46fe-9313-9f73def19457,1-1,1,42715,33344,9371,324,1.0,1227,23.0,laptop,0.0,college,1.0,English,0.0,0.0,Y,9.6,583.0134357, Juanmi,2,4819.903809,Walnut Creek Elementary,2,4,3,5,0,6
cfddbee4-d7bc-41a2-b2d3-a6380269d199,1-1,0,50399,42410,7989,324,0.6666666667,1137,22.0,laptop,0.0,graduate school,1.0,English,0.0,0.0,Y,9.6,458.382457,Matthias Ginter,2,5208.226074,Hope Elementary,3,2,7,10,0,6
cfddbee4-d7bc-41a2-b2d3-a6380269d199,3-2,1,29106,25838,3268,120,1.0,1137,22.0,laptop,0.0,graduate school,1.0,English,0.0,0.0,Y,10.697,278.659339,Shay Given,4,5859.964844,Larkspur Elementary,1,34,7,10,0,5
cfddbee4-d7bc-41a2-b2d3-a6380269d199,3-1,0,25846,19589,6257,106,1.0,1137,22.0,laptop,0.0,graduate school,1.0,English,0.0,0.0,Y,11.081,324.6720098, Pablo Sarabia,2,4962.736816,Cupertino Union Elementary,2,2,7,10,0,5
cfddbee4-d7bc-41a2-b2d3-a6380269d199,2-2,0,25186,20753,4433,166,1.0,1137,22.0,laptop,0.0,graduate school,1.0,English,0.0,0.0,Y,7.638,479.9306124,Emanuel Pogatetz,5,7614.379395,Pacific Elementary,4,1,3,5,0,6
cfddbee4-d7bc-41a2-b2d3-a6380269d199,1-2,1,48538,39650,8888,383,1.0,1137,22.0,laptop,0.0,graduate school,1.0,English,0.0,0.0,Y,10.485,579.5712484,Aaron Hughes,2,5566.467773,Los Gatos Union Elementary,4,1,3,5,0,5
cfddbee4-d7bc-41a2-b2d3-a6380269d199,2-1,1,24057,21978,2079,145,0.6666666667,1137,22.0,laptop,0.0,graduate school,1.0,English,0.0,0.0,Y,8.337,395.8503959,Alexander Meier,4,7039.949219,Montecito Union Elementary,2,1,7,10,0,6
cfee68d1-90c7-403f-be8d-bd8b7abc1b67,1-1,0,48019,42346,5673,324,1.0,1150,20.0,laptop,0.0,high school,0.0,English,0.0,0.0,Y,9.6,459.0752373,Armand Traoré,1,6604.063965,Solana Beach Elementary,3,3,4,6,0,5
cfee68d1-90c7-403f-be8d-bd8b7abc1b67,2-2,1,20267,18952,1315,166,1.0,1150,20.0,laptop,0.0,high school,0.0,English,0.0,0.0,Y,7.638,525.5382018,Gareth Bale,4,6180.148926,Menlo Park City Elementary,1,1,7,10,0,6
cfee68d1-90c7-403f-be8d-bd8b7abc1b67,2-1,0,20175,19780,395,145,0.3333333333,1150,20.0,laptop,0.0,high school,0.0,English,0.0,0.0,Y,8.337,439.8382204,Marko Marin,4,6460.657227,Reed Union Elementary,1,1,7,10,0,1
cfee68d1-90c7-403f-be8d-bd8b7abc1b67,1-2,1,38688,28385,10303,383,1.0,1150,20.0,laptop,0.0,high school,0.0,English,0.0,0.0,Y,10.485,809.582526, Natxo Insa,4,6415.35498,Mill Valley Elementary,3,1,7,10,0,5
cfee68d1-90c7-403f-be8d-bd8b7abc1b67,3-2,1,24715,22964,1751,120,0.3333333333,1150,20.0,laptop,0.0,high school,0.0,English,0.0,0.0,Y,10.697,313.5342275,Carlos Sánchez,3,5230.876953,Lafayette Elementary,4,3,7,10,1,1
cfee68d1-90c7-403f-be8d-bd8b7abc1b67,3-1,0,22963,21175,1788,106,0.6666666667,1150,20.0,laptop,0.0,high school,0.0,English,0.0,0.0,Y,11.081,300.3541913,Lisandro López,3,5838.171875,Del Mar Union Elementary,1,3,7,10,0,1
d02dae2a-18e0-4019-84a0-e1f2d1b6360f,1-1,0,67752,61714,6038,324,1.0,1438,40.0,laptop,0.0,graduate school,1.0,English,0.0,0.0,Y,9.6,315.0014583,Benoît Costil,3,7711.506836,Woodside Elementary,4,1,9,13,0,4
d02dae2a-18e0-4019-84a0-e1f2d1b6360f,2-2,1,34363,33057,1306,166,1.0,1438,40.0,laptop,0.0,graduate school,1.0,English,0.0,0.0,Y,7.638,301.2977584,Nathaniel Clyne,3,5592.765137,Moraga Elementary,3,4,9,13,0,3
d02dae2a-18e0-4019-84a0-e1f2d1b6360f,1-2,1,71803,67679,4124,383,1.0,1438,40.0,laptop,0.0,graduate school,1.0,English,0.0,0.0,Y,10.485,339.544024,Mathieu Debuchy,3,5933.154297,Orinda Union Elementary,3,10,4,6,0,4
d02dae2a-18e0-4019-84a0-e1f2d1b6360f,3-1,0,30325,22449,7876,106,1.0,1438,40.0,laptop,0.0,graduate school,1.0,English,0.0,0.0,Y,11.081,283.3088334,Mehmet Ekici,3,7593.405762,Hillsborough City Elementary,2,1,7,10,0,1
d02dae2a-18e0-4019-84a0-e1f2d1b6360f,2-1,0,38160,34274,3886,145,0.6666666667,1438,40.0,laptop,0.0,graduate school,1.0,English,0.0,0.0,Y,8.337,253.8367275,William Kvist,2,6500.449707,Cold Spring Elementary,3,1,3,5,0,5
d02dae2a-18e0-4019-84a0-e1f2d1b6360f,3-2,1,36446,36094,352,120,1.0,1438,40.0,laptop,0.0,graduate school,1.0,English,0.0,0.0,Y,10.697,199.4791378, Ballesteros,3,7217.263184,Portola Valley Elementary,2,1,3,5,0,4
d0480270-621b-4343-80db-a5252e9d0a29,2-1,0,20117,15757,4360,145,1.0,1438,16.0,desktop,0.0,high school,0.0,English,0.0,0.0,Y,8.337,552.1355588, Nando Rafael,2,5392.638672,Saratoga Union Elementary,4,1,3,5,0,5
d0480270-621b-4343-80db-a5252e9d0a29,3-2,1,19497,18904,593,120,1.0,1438,16.0,desktop,0.0,high school,0.0,English,0.0,0.0,Y,10.697,380.8717732,Fabien Robert,5,7290.338867,Las Lomitas Elementary,3,2,7,10,0,5
d0480270-621b-4343-80db-a5252e9d0a29,1-1,1,34693,30729,3964,324,0.6666666667,1438,16.0,desktop,0.0,high school,0.0,English,0.0,0.0,Y,9.6,632.62716,Aurelien Chedjou,4,5741.462891,Los Altos Elementary,4,2,4,6,0,5
d0480270-621b-4343-80db-a5252e9d0a29,3-1,0,15378,13907,1471,106,1.0,1438,16.0,desktop,0.0,high school,0.0,English,0.0,0.0,Y,11.081,457.32365,Damien Perquis,4,4402.831543,Somis Union Elementary,4,2,3,5,0,1
d0480270-621b-4343-80db-a5252e9d0a29,2-2,1,17767,17455,312,166,1.0,1438,16.0,desktop,0.0,high school,0.0,English,0.0,0.0,Y,7.638,570.6101404,Jakub Błaszczykowski,2,4776.336426,Plumas Elementary,2,2,3,5,0,5
d0480270-621b-4343-80db-a5252e9d0a29,1-2,0,30847,25824,5023,383,0.6666666667,1438,16.0,desktop,0.0,high school,0.0,English,0.0,0.0,Y,10.485,889.8698885, Paulão,4,5993.392578,Wheatland Elementary,4,1,7,10,0,5
d1ef7d2a-2a3e-4130-968c-2fbc045ee618,1-2,0,55887,51528,4359,383,0.6666666667,1438,25.0,desktop,0.0,professional school,0.0,Russian,0.0,0.0,N,10.485,445.9711225, Cisma,2,6384.911133,Sunol Glen Unified,1,6,9,13,0,5
d1ef7d2a-2a3e-4130-968c-2fbc045ee618,2-1,0,44428,43426,1002,145,1.0,1438,25.0,desktop,0.0,professional school,0.0,Russian,0.0,0.0,N,8.337,200.3408097,Oscar Wendt,4,5099.380859,Manzanita Elementary,2,3,4,6,0,5
d1ef7d2a-2a3e-4130-968c-2fbc045ee618,3-1,1,30719,29695,1024,106,1.0,1438,25.0,desktop,0.0,professional school,0.0,Russian,0.0,0.0,N,11.081,214.177471,Maxim Choupo-Moting,5,5501.95459,Thermalito Union Elementary,4,1,7,10,0,7
d1ef7d2a-2a3e-4130-968c-2fbc045ee618,3-2,0,42385,40548,1837,120,1.0,1438,25.0,desktop,0.0,professional school,0.0,Russian,0.0,0.0,N,10.697,177.5673276,Roland Lamah,2,7101.831055,Golden Feather Union Elementary,3,1,3,5,0,4
d1ef7d2a-2a3e-4130-968c-2fbc045ee618,1-1,1,77408,74492,2916,324,1.0,1438,25.0,desktop,0.0,professional school,0.0,Russian,0.0,0.0,N,9.6,260.9676207,Ian Harte,2,5235.987793,Palermo Union Elementary,2,17,3,5,0,5
d1ef7d2a-2a3e-4130-968c-2fbc045ee618,2-2,1,45242,43658,1584,166,1.0,1438,25.0,desktop,0.0,professional school,0.0,Russian,0.0,0.0,N,7.638,228.1368821, De la Bella,2,5580.146973,Burrel Union Elementary,4,5,4,6,0,6
d5474dc4-83b3-459e-8435-aab6eb356a3a,1-2,0,19584,14918,4666,383,0.0,1438,46.0,desktop,0.0,college,0.0,English,0.0,0.0,Y,10.485,1540.420968, Borja Gómez,3,5253.331055,Holt Union Elementary,1,1,3,5,0,4
d5474dc4-83b3-459e-8435-aab6eb356a3a,3-2,1,26809,24804,2005,120,1.0,1438,46.0,desktop,0.0,college,0.0,English,0.0,0.0,Y,10.697,290.275762,Simeon Jackson,4,4565.746094,Vineland Elementary,3,3,7,10,1,3
d5474dc4-83b3-459e-8435-aab6eb356a3a,1-1,1,56783,46317,10466,324,1.0,1438,46.0,desktop,0.0,college,0.0,English,0.0,0.0,Y,9.6,419.7163029,Jaroslav Plašil,2,5355.54834,Orange Center Elementary,4,6,3,5,0,5
d5474dc4-83b3-459e-8435-aab6eb356a3a,2-1,0,38746,36163,2583,145,0.6666666667,1438,46.0,desktop,0.0,college,0.0,English,0.0,0.0,Y,8.337,240.5773857,Olivier Occéan,4,5036.211426,Del Paso Heights Elementary,4,1,9,13,0,4
d5474dc4-83b3-459e-8435-aab6eb356a3a,3-1,0,25939,18328,7611,106,0.6666666667,1438,46.0,desktop,0.0,college,0.0,English,0.0,0.0,Y,11.081,347.0100393,Marc Hornschuh,5,4547.692383,Le Grand Union Elementary,1,1,3,5,1,3
d5474dc4-83b3-459e-8435-aab6eb356a3a,2-2,1,28128,26379,1749,166,1.0,1438,46.0,desktop,0.0,college,0.0,English,0.0,0.0,Y,7.638,377.5730695,Aykut Özer,4,5447.345215,West Fresno Elementary,2,1,7,10,0,5
d5862d1f-db68-46d7-b717-dc2a7f78befe,2-2,0,46638,42531,4107,166,0.6666666667,1438,26.0,laptop,1.0,graduate school,0.0,Dutch,0.0,1.0,N,7.638,234.182126,Alexander Kačaniklić,3,6567.149414,Allensworth Elementary,1,1,7,10,0,4
d5862d1f-db68-46d7-b717-dc2a7f78befe,1-1,0,82229,76366,5863,324,0.6666666667,1438,26.0,laptop,1.0,graduate school,0.0,Dutch,0.0,1.0,N,9.6,254.5635492,Arjen Robben,2,4818.612793,Sunnyside Union Elementary,4,1,4,6,0,3
d5862d1f-db68-46d7-b717-dc2a7f78befe,3-1,1,22648,18994,3654,106,1.0,1438,26.0,laptop,1.0,graduate school,0.0,Dutch,0.0,1.0,N,11.081,334.8425819,Mario Gómez,4,5621.456055,Woodville Elementary,3,1,9,13,0,1
d5862d1f-db68-46d7-b717-dc2a7f78befe,2-1,1,38590,34847,3743,145,1.0,1438,26.0,laptop,1.0,graduate school,0.0,Dutch,0.0,1.0,N,8.337,249.6628117,David Vaughan,5,6026.359863,Pixley Union Elementary,2,6,7,10,0,6
d5862d1f-db68-46d7-b717-dc2a7f78befe,3-2,0,33566,30039,3527,120,1.0,1438,26.0,laptop,1.0,graduate school,0.0,Dutch,0.0,1.0,N,10.697,239.6884051, Javi García,1,6723.237793,Lost Hills Union Elementary,2,7,4,6,0,4
d5862d1f-db68-46d7-b717-dc2a7f78befe,1-2,1,85869,77236,8633,383,1.0,1438,26.0,laptop,1.0,graduate school,0.0,Dutch,0.0,1.0,N,10.485,297.5296494,Grant Holt,5,5589.885254,Buttonwillow Union Elementary,4,1,7,10,0,1
d6ab955d-3293-4ce7-9390-bc93ff535cbc,3-1,0,22608,21098,1510,106,0.6666666667,1438,33.0,desktop,0.0,college,0.0,German,0.0,0.0,N,11.081,301.4503744,Yunus Malli,4,5064.615723,Lennox Elementary,3,1,3,5,0,5
d6ab955d-3293-4ce7-9390-bc93ff535cbc,1-2,1,4834,4001,833,383,0.3333333333,1438,33.0,desktop,0.0,college,0.0,German,0.0,0.0,N,10.485,5743.564109,James Tomkins,2,5433.593262,Lamont Elementary,3,10,4,6,0,1
d6ab955d-3293-4ce7-9390-bc93ff535cbc,2-2,0,42905,40663,2242,166,1.0,1438,33.0,desktop,0.0,college,0.0,German,0.0,0.0,N,7.638,244.9401176, Parejo,2,5725.563477,Westmorland Union Elementary,2,1,4,6,0,7
d6ab955d-3293-4ce7-9390-bc93ff535cbc,1-1,0,12264,9565,2699,324,0.6666666667,1438,33.0,desktop,0.0,college,0.0,German,0.0,0.0,N,9.6,2032.409827, Dani Pacheco,2,4542.10498,Pleasant View Elementary,1,1,3,5,0,1
d6ab955d-3293-4ce7-9390-bc93ff535cbc,2-1,1,5370,5137,233,145,0.3333333333,1438,33.0,desktop,0.0,college,0.0,German,0.0,0.0,N,8.337,1693.595484,Antoine Griezmann,4,5107.086426,Wasco Union Elementary,4,8,3,5,0,2
d6ab955d-3293-4ce7-9390-bc93ff535cbc,3-2,1,2246,2246,0,120,0.3333333333,1438,33.0,desktop,0.0,college,0.0,German,0.0,0.0,N,10.697,3205.69902,Nils Petersen,3,4659.661621,Alta Vista Elementary,1,1,3,5,0,1
d75a8088-c158-4ab0-a3b8-7927d6e80961,3-1,1,25749,22768,2981,106,1.0,1438,24.0,laptop,0.0,college,0.0,English,0.0,0.0,Y,11.081,279.3394238,Mickäel Tavares,2,4555.464355,Livingston Union Elementary,4,1,3,5,0,5
d75a8088-c158-4ab0-a3b8-7927d6e80961,2-1,0,36116,29318,6798,145,0.6666666667,1438,24.0,laptop,0.0,college,0.0,English,0.0,0.0,Y,8.337,296.7460263,Nikica Jelavić,4,5415.152832,Woodlake Union Elementary,4,5,4,6,0,6
d75a8088-c158-4ab0-a3b8-7927d6e80961,1-2,1,58799,42305,16494,383,1.0,1438,24.0,laptop,0.0,college,0.0,English,0.0,0.0,Y,10.485,543.1982035,Fousseni Diawara,4,4997.871582,Alisal Union Elementary,1,6,4,6,0,1
d75a8088-c158-4ab0-a3b8-7927d6e80961,2-2,1,32864,30724,2140,166,1.0,1438,24.0,laptop,0.0,college,0.0,English,0.0,0.0,Y,7.638,324.1765395,Seamus Coleman,2,5223.912109,Arvin Union Elementary,3,7,7,10,0,3
d75a8088-c158-4ab0-a3b8-7927d6e80961,3-2,0,43895,37630,6265,120,1.0,1438,24.0,laptop,0.0,college,0.0,English,0.0,0.0,Y,10.697,191.3366994, Dani Pacheco,1,5139.164551,Terra Bella Union Elementary,2,1,7,10,0,6
d75a8088-c158-4ab0-a3b8-7927d6e80961,1-1,0,96206,89653,6553,324,0.6666666667,1438,24.0,laptop,0.0,college,0.0,English,0.0,0.0,Y,9.6,216.8360233,Bryan Rabello,3,4614.251953,Tipton Elementary,4,1,7,10,1,6
d77f1a0e-29fe-4341-9629-55666d082f4b,1-1,0,86782,83548,3234,324,1.0,1212,24.0,desktop,0.0,college,1.0,English,0.0,0.0,Y,9.6,232.6806147,Younes Kaboul,2,5342.233398,San Ysidro Elementary,3,1,7,10,1,6
d77f1a0e-29fe-4341-9629-55666d082f4b,1-2,1,81461,77026,4435,383,1.0,1212,24.0,desktop,0.0,college,1.0,English,0.0,0.0,Y,10.485,298.34082,Marko Arnautović,5,5347.458496,Soledad Unified,1,1,4,6,0,5
d77f1a0e-29fe-4341-9629-55666d082f4b,3-2,0,40323,39033,1290,120,1.0,1212,24.0,desktop,0.0,college,1.0,English,0.0,0.0,Y,10.697,184.4593037,Christian Gentner,4,5036.458984,Mountain View Elementary,4,1,3,5,0,5
d77f1a0e-29fe-4341-9629-55666d082f4b,2-1,0,35660,33699,1961,145,0.6666666667,1212,24.0,desktop,0.0,college,1.0,English,0.0,0.0,Y,8.337,258.1678982, Felipe,2,5117.141602,King City Union Elementary,4,1,3,5,0,4
d77f1a0e-29fe-4341-9629-55666d082f4b,2-2,1,48999,45444,3555,166,1.0,1212,24.0,desktop,0.0,college,1.0,English,0.0,0.0,Y,7.638,219.1708476, Jordi Alba,4,5117.039551,Ontario-Montclair Elementary,2,9,7,10,0,1
d77f1a0e-29fe-4341-9629-55666d082f4b,3-1,1,32279,30969,1310,106,1.0,1212,24.0,desktop,0.0,college,1.0,English,0.0,0.0,Y,11.081,205.366657,Leon Balogun,4,5272.191895,Los Nietos Elementary,4,1,7,10,1,5
d816358d-20fb-48cc-8597-6ce3578251dd,3-1,1,36835,35792,1043,106,1.0,1438,20.0,desktop,0.0,high school,0.0,Norwegian,0.0,0.0,N,11.081,177.6933393, Pedro López,5,5225.719238,Winton Elementary,4,7,7,10,0,1
d816358d-20fb-48cc-8597-6ce3578251dd,1-1,1,99278,96238,3040,324,0.6666666667,1438,20.0,desktop,0.0,high school,0.0,Norwegian,0.0,0.0,N,9.6,201.9992103, Aduriz,3,6516.533203,Raisin City Elementary,3,8,3,5,1,4
d816358d-20fb-48cc-8597-6ce3578251dd,2-2,0,46191,45562,629,166,0.6666666667,1438,20.0,desktop,0.0,high school,0.0,Norwegian,0.0,0.0,N,7.638,218.603222,Vincent Kompany,4,4559.176758,Ravenswood City Elementary,2,1,3,5,1,4
d816358d-20fb-48cc-8597-6ce3578251dd,2-1,1,44881,44276,605,145,1.0,1438,20.0,desktop,0.0,high school,0.0,Norwegian,0.0,0.0,N,8.337,196.494715,Jannik Löhden,4,5119.158203,Richland-Lerdo Union Elementary,2,1,7,10,0,5
d816358d-20fb-48cc-8597-6ce3578251dd,3-2,0,44998,43875,1123,120,1.0,1438,20.0,desktop,0.0,high school,0.0,Norwegian,0.0,0.0,N,10.697,164.1025641,Nicky Shorey,4,5338.185547,Oxnard Elementary,4,15,4,6,0,1
d816358d-20fb-48cc-8597-6ce3578251dd,1-2,0,119417,115194,4223,383,1.0,1438,20.0,desktop,0.0,high school,0.0,Norwegian,0.0,0.0,N,10.485,199.4895567,Danny Fox,3,5090.044922,El Nido Elementary,2,1,7,10,1,1
db095ce6-bb12-4f37-88e2-d9e76be1b021,2-1,0,54633,23200,31433,145,1.0,1135,35.0,laptop,0.0,PhD,1.0,English,0.0,0.0,Y,8.337,375.0,Anton Putsila,2,5485.496094,Fairfax Elementary,3,3,7,10,0,1
db095ce6-bb12-4f37-88e2-d9e76be1b021,1-2,1,59541,43020,16521,383,1.0,1135,35.0,laptop,0.0,PhD,1.0,English,0.0,0.0,Y,10.485,534.1701534,Mohamed Yattara,2,4793.370117,Delano Union Elementary,3,1,7,10,0,6
db095ce6-bb12-4f37-88e2-d9e76be1b021,1-1,0,64365,53713,10652,324,0.6666666667,1135,35.0,laptop,0.0,PhD,1.0,English,0.0,0.0,Y,9.6,361.9235567,Gabriel Obertan,2,5092.91748,Perris Elementary,1,1,7,10,0,1
db095ce6-bb12-4f37-88e2-d9e76be1b021,2-2,1,35805,31418,4387,166,1.0,1135,35.0,laptop,0.0,PhD,1.0,English,0.0,0.0,Y,7.638,317.0157235, Marchena,2,4359.520996,Valle Lindo Elementary,2,2,7,10,0,4
db095ce6-bb12-4f37-88e2-d9e76be1b021,3-1,0,26944,19299,7645,106,1.0,1135,35.0,laptop,0.0,PhD,1.0,English,0.0,0.0,Y,11.081,329.5507539,Paul Baysse,2,5645.495605,Alum Rock Union Elementary,4,2,9,13,0,1
db095ce6-bb12-4f37-88e2-d9e76be1b021,3-2,1,47159,43573,3586,120,1.0,1135,35.0,laptop,0.0,PhD,1.0,English,0.0,0.0,Y,10.697,165.2399422,Floyd Ayite,4,4518.016113,Edison Elementary,3,2,9,13,0,2
db397e5a-8fad-4c15-bf93-e25495e0584e,3-2,1,62704,54872,7832,120,0.6666666667,1294,21.0,laptop,0.0,college,2.0,English,0.0,0.0,Y,10.697,131.2144627,Zoumana Camara,4,5864.366211,Bakersfield City Elementary,3,3,4,6,1,6
db397e5a-8fad-4c15-bf93-e25495e0584e,2-2,0,46949,46482,467,166,1.0,1294,21.0,laptop,0.0,college,2.0,English,0.0,0.0,Y,7.638,214.2764941,Siaka Tiéné,4,5257.996582,Franklin-McKinley Elementary,2,4,7,10,1,6
db397e5a-8fad-4c15-bf93-e25495e0584e,1-2,1,56472,49302,7170,383,1.0,1294,21.0,laptop,0.0,college,2.0,English,0.0,0.0,Y,10.485,466.1068516,Jordan Ayew,3,5016.692383,Hawthorne Elementary,1,5,3,5,1,6
db397e5a-8fad-4c15-bf93-e25495e0584e,2-1,1,49351,46375,2976,145,1.0,1294,21.0,laptop,0.0,college,2.0,English,0.0,0.0,Y,8.337,187.6010782,Roland Lamah,4,4720.086426,Chowchilla Elementary,2,2,3,5,0,1
db397e5a-8fad-4c15-bf93-e25495e0584e,1-1,0,59003,53413,5590,324,1.0,1294,21.0,laptop,0.0,college,2.0,English,0.0,0.0,Y,9.6,363.9563402, Ramires,5,5470.5625,Salinas City Elementary,1,4,3,5,0,5
db397e5a-8fad-4c15-bf93-e25495e0584e,3-1,0,45902,39629,6273,106,1.0,1294,21.0,laptop,0.0,college,2.0,English,0.0,0.0,Y,11.081,160.4885311,Sebastian Kehl,2,5615.441895,Santa Maria-Bonita Elementary,2,1,7,10,0,5
db4b8bab-f58d-4d9c-ab15-18335ea4b16e,1-1,1,64710,49461,15249,324,0.6666666667,1438,19.0,laptop,0.0,college,1.0,Other,0.0,0.0,N,9.6,393.0369382, Dani Alves,3,5245.439941,Whittier City Elementary,3,2,4,6,0,5
db4b8bab-f58d-4d9c-ab15-18335ea4b16e,2-2,0,34983,29562,5421,166,0.6666666667,1438,19.0,laptop,0.0,college,1.0,Other,0.0,0.0,N,7.638,336.9190177, Felipe,5,4838.175293,Eastside Union Elementary,1,1,3,5,0,4
db4b8bab-f58d-4d9c-ab15-18335ea4b16e,2-1,1,30110,27087,3023,145,0.3333333333,1438,19.0,laptop,0.0,college,1.0,Other,0.0,0.0,N,8.337,321.1872854,Sven Bender,4,5367.988281,Lawndale Elementary,2,1,3,5,0,1
db4b8bab-f58d-4d9c-ab15-18335ea4b16e,3-2,1,35572,31495,4077,120,0.6666666667,1438,19.0,laptop,0.0,college,1.0,Other,0.0,0.0,N,10.697,228.6077155,Marco Verratti,4,5526.236816,Robla Elementary,3,6,7,10,0,1
db4b8bab-f58d-4d9c-ab15-18335ea4b16e,3-1,0,29925,24034,5891,106,1.0,1438,19.0,laptop,0.0,college,1.0,Other,0.0,0.0,N,11.081,264.6251144,Maurizio Lanzaro,2,4353.019531,Santa Rita Union Elementary,1,1,9,13,0,5
db4b8bab-f58d-4d9c-ab15-18335ea4b16e,1-2,0,64610,56091,8519,383,1.0,1438,19.0,laptop,0.0,college,1.0,Other,0.0,0.0,N,10.485,409.6913943,Niklas Dams,3,5034.290039,Rio Elementary,4,2,4,6,0,5
dc68d578-d73f-4d91-a515-6a5569f35516,1-1,0,114011,108456,5555,324,1.0,1212,38.0,laptop,1.0,college,1.0,English,0.0,1.0,Y,9.6,179.2431954,Toni Kroos,2,4692.493652,Strathmore Union Elementary,3,18,7,10,0,5
dc68d578-d73f-4d91-a515-6a5569f35516,3-2,1,40929,38535,2394,120,0.6666666667,1212,38.0,laptop,1.0,college,1.0,English,0.0,1.0,Y,10.697,186.8431296,Luke Garbutt,4,5606.781738,North Sacramento Elementary,1,1,3,5,0,6
dc68d578-d73f-4d91-a515-6a5569f35516,2-1,0,39891,37714,2177,145,1.0,1212,38.0,laptop,1.0,college,1.0,English,0.0,1.0,Y,8.337,230.6835658,Kaspars Gorkšs,3,4969.180664,Anaheim Elementary,3,4,3,5,0,6
dc68d578-d73f-4d91-a515-6a5569f35516,1-2,1,97648,93454,4194,383,0.6666666667,1212,38.0,laptop,1.0,college,1.0,English,0.0,1.0,Y,10.485,245.8963768,Nick Powell,3,4675.674805,Lemoore Union Elementary,4,2,4,6,1,6
dc68d578-d73f-4d91-a515-6a5569f35516,3-1,0,55526,52456,3070,106,1.0,1212,38.0,laptop,1.0,college,1.0,English,0.0,1.0,Y,11.081,121.2444716,Rasmus Jönsson,5,5306.132813,Armona Union Elementary,4,1,3,5,0,4
dc68d578-d73f-4d91-a515-6a5569f35516,2-2,1,31066,28880,2186,166,0.6666666667,1212,38.0,laptop,1.0,college,1.0,English,0.0,1.0,Y,7.638,344.8753463,Radamel Falcao,5,5693.883301,Beardsley Elementary,1,5,7,10,0,1
dc6fe456-3569-43f2-b793-afaf3225c316,3-1,1,22958,12058,10900,106,1.0,1366,19.0,laptop,0.0,high school,0.0,English,0.0,0.0,Y,11.081,527.4506552,Gary O'Neil,3,5181.57959,South Whittier Elementary,4,1,3,5,0,1
dc6fe456-3569-43f2-b793-afaf3225c316,2-1,0,22360,18943,3417,145,1.0,1366,19.0,laptop,0.0,high school,0.0,English,0.0,0.0,Y,8.337,459.2725545, Toño,4,5228.650879,Hanford Elementary,3,10,9,13,0,5
dc6fe456-3569-43f2-b793-afaf3225c316,2-2,1,41010,31191,9819,166,1.0,1366,19.0,laptop,0.0,high school,0.0,English,0.0,0.0,Y,7.638,319.3228816,Nicolas N'Koulou,3,5339.391113,National Elementary,3,1,3,5,0,6
dc6fe456-3569-43f2-b793-afaf3225c316,1-2,0,49269,29125,20144,383,1.0,1366,19.0,laptop,0.0,high school,0.0,English,0.0,0.0,Y,10.485,789.0128755,Per Nilsson,4,6056.49707,Roseland Elementary,4,1,7,10,0,1
dc6fe456-3569-43f2-b793-afaf3225c316,1-1,1,65616,43690,21926,324,0.6666666667,1366,19.0,laptop,0.0,high school,0.0,English,0.0,0.0,Y,9.6,444.9530785,Levy Madinda,4,4845.680176,Di Giorgio Elementary,3,1,7,10,1,1
dc6fe456-3569-43f2-b793-afaf3225c316,3-2,0,37896,24577,13319,120,0.6666666667,1366,19.0,laptop,0.0,high school,0.0,English,0.0,0.0,Y,10.697,292.9568296,Marc Tierney,1,4826.666016,Keppel Union Elementary,2,3,4,6,0,1
dcf4d35b-0244-403b-ac65-5593edf94d6c,2-1,1,17850,17292,558,145,0.3333333333,1423,30.0,desktop,1.0,college,1.0,English,1.0,1.0,Y,8.337,503.1228314,Milan Biševac,3,5367.090332,Lakeside Union Elementary,4,1,9,13,0,1
dcf4d35b-0244-403b-ac65-5593edf94d6c,1-1,0,6979,5269,1710,324,0.3333333333,1408,30.0,desktop,1.0,college,1.0,English,1.0,1.0,Y,9.6,3689.50465,Tim Howard,4,5742.73291,Merced City Elementary,2,7,7,10,0,3
dcf4d35b-0244-403b-ac65-5593edf94d6c,3-1,1,20732,18550,2182,106,0.3333333333,1423,30.0,desktop,1.0,college,1.0,English,1.0,1.0,Y,11.081,342.8571429,Thomas Kleine,5,4136.250977,Guadalupe Union Elementary,4,1,4,6,0,5
dcf4d35b-0244-403b-ac65-5593edf94d6c,1-2,1,20282,17966,2316,383,0.6666666667,1423,30.0,desktop,1.0,college,1.0,English,1.0,1.0,Y,10.485,1279.082712,Alexander Esswein,2,5267.831055,Cucamonga Elementary,2,1,7,10,0,5
dcf4d35b-0244-403b-ac65-5593edf94d6c,2-2,0,9703,6835,2868,166,0.6666666667,1423,30.0,desktop,1.0,college,1.0,English,1.0,1.0,Y,7.638,1457.20556,Innocent Emeghara,4,5238.39209,Knightsen Elementary,2,2,3,5,0,1
dcf4d35b-0244-403b-ac65-5593edf94d6c,3-2,0,8063,3058,5005,120,0.3333333333,1408,30.0,desktop,1.0,college,1.0,English,1.0,1.0,Y,10.697,2354.480052,Kévin Bérigaud,4,5462.899414,Rio Dell Elementary,1,9,4,6,0,5
dd12faee-44a2-40b4-b2aa-276cd7e690dd,3-1,0,68796,50399,18397,106,1.0,1150,41.0,laptop,0.0,graduate school,1.0,English,0.0,0.0,Y,11.081,126.19298,Anthony Weber,4,6313.373535,Montague Elementary,2,4,4,6,0,5
dd12faee-44a2-40b4-b2aa-276cd7e690dd,1-2,1,51179,45696,5483,383,1.0,1150,41.0,laptop,0.0,graduate school,1.0,English,0.0,0.0,Y,10.485,502.8886555,Alexander Manninger,3,6653.030762,McCloud Union Elementary,1,3,3,5,0,1
dd12faee-44a2-40b4-b2aa-276cd7e690dd,2-2,0,38171,28399,9772,166,1.0,1150,41.0,laptop,0.0,graduate school,1.0,English,0.0,0.0,Y,7.638,350.7165745,Milan Petržela,3,5533.149414,Santa Paula Elementary,3,1,3,5,0,5
dd12faee-44a2-40b4-b2aa-276cd7e690dd,1-1,0,77532,66323,11209,324,1.0,1150,41.0,laptop,0.0,graduate school,1.0,English,0.0,0.0,Y,9.6,293.1109871,Shinji Okazaki,3,6118.710449,West Park Elementary,2,4,3,5,0,1
dd12faee-44a2-40b4-b2aa-276cd7e690dd,3-2,1,25427,22074,3353,120,1.0,1150,41.0,laptop,0.0,graduate school,1.0,English,0.0,0.0,Y,10.697,326.1755912,Oliver Kirch,2,5098.626953,Atwater Elementary,2,7,3,5,0,5
dd12faee-44a2-40b4-b2aa-276cd7e690dd,2-1,1,35881,32455,3426,145,0.6666666667,1150,41.0,laptop,0.0,graduate school,1.0,English,0.0,0.0,Y,8.337,268.0634725,Heinz Müller,1,5652.878906,Weaver Union Elementary,2,4,4,6,0,5
dd3b3024-ad2e-4cd6-8c24-3b0c6ab90dc0,3-1,0,25613,20810,4803,106,1.0,1212,24.0,laptop,0.0,high school,1.0,English,0.0,0.0,Y,11.081,305.622297, Óscar,4,5329.002441,Pacific Union Elementary,3,6,4,6,1,5
dd3b3024-ad2e-4cd6-8c24-3b0c6ab90dc0,1-2,1,53595,46203,7392,383,1.0,1212,24.0,laptop,0.0,high school,1.0,English,0.0,0.0,Y,10.485,497.3703006,Bernard Mendy,4,5929.809082,Lucerne Valley Unified,4,3,7,10,0,6
dd3b3024-ad2e-4cd6-8c24-3b0c6ab90dc0,2-1,0,26183,23058,3125,145,0.6666666667,1212,24.0,laptop,0.0,high school,1.0,English,0.0,0.0,Y,8.337,377.3093937,Carlos Tévez,4,4897.067871,Romoland Elementary,3,14,7,10,0,6
dd3b3024-ad2e-4cd6-8c24-3b0c6ab90dc0,1-1,0,66319,47267,19052,324,0.6666666667,1212,24.0,laptop,0.0,high school,1.0,English,0.0,0.0,Y,9.6,411.2805975,Lucas Wilchez,2,5100.202148,El Monte City Elementary,3,2,7,10,0,1
dd3b3024-ad2e-4cd6-8c24-3b0c6ab90dc0,3-2,1,25253,17471,7782,120,0.3333333333,1212,24.0,laptop,0.0,high school,1.0,English,0.0,0.0,Y,10.697,412.1114991, Juan Rodríguez,4,4825.722656,Greenfield Union Elementary,4,11,7,10,0,4
dd3b3024-ad2e-4cd6-8c24-3b0c6ab90dc0,2-2,1,22957,17994,4963,166,0.6666666667,1212,24.0,laptop,0.0,high school,1.0,English,0.0,0.0,Y,7.638,553.5178393,Sami Khedira,2,4079.12915,Palo Verde Union Elementary,2,1,4,6,0,5
de7bdd42-441a-4961-a547-2ccd7ccec379,3-2,0,18957,5066,13891,120,1.0,1294,22.0,laptop,0.0,college,0.0,English,0.0,0.0,Y,10.697,1421.239637,Claudio Bravo,2,5349.367676,Elverta Joint Elementary,3,1,3,5,0,5
de7bdd42-441a-4961-a547-2ccd7ccec379,1-2,1,20516,7833,12683,383,0.6666666667,1294,22.0,laptop,0.0,college,0.0,English,0.0,0.0,Y,10.485,2933.741861, Recio,2,5869.38916,Lucerne Elementary,1,4,3,5,0,5
de7bdd42-441a-4961-a547-2ccd7ccec379,2-2,0,11144,2237,8907,166,1.0,1294,22.0,laptop,0.0,college,0.0,English,0.0,0.0,Y,7.638,4452.391596,Marcell Jansen,3,6462.12793,Luther Burbank Elementary,1,1,7,10,1,6
de7bdd42-441a-4961-a547-2ccd7ccec379,1-1,0,33792,4329,29463,324,0.6666666667,1294,22.0,laptop,0.0,college,0.0,English,0.0,0.0,Y,9.6,4490.644491,Adam Federici,5,6231.601563,Bangor Union Elementary,1,3,7,10,1,4
de7bdd42-441a-4961-a547-2ccd7ccec379,2-1,1,15053,8737,6316,145,0.6666666667,1294,22.0,laptop,0.0,college,0.0,English,0.0,0.0,Y,8.337,995.7651368,Sven Bender,4,4993.867676,Bayshore Elementary,2,1,7,10,0,4
de7bdd42-441a-4961-a547-2ccd7ccec379,3-1,1,9942,5740,4202,106,0.6666666667,1294,22.0,laptop,0.0,college,0.0,English,0.0,0.0,Y,11.081,1108.013937,Juan Arango,3,4663.811035,Oak Valley Union Elementary,2,1,3,5,0,5
df64e0d9-db88-4977-a401-e1f442400556,2-2,0,31701,31250,451,166,1.0,1438,40.0,desktop,0.0,PhD,0.0,Dutch,0.0,0.0,N,7.638,318.72,Jens Hegeler,3,6107.106445,Wilsona Elementary,1,1,3,5,0,6
df64e0d9-db88-4977-a401-e1f442400556,3-2,1,30969,30131,838,120,1.0,1438,40.0,desktop,0.0,PhD,0.0,Dutch,0.0,0.0,N,10.697,238.9565564, Pedro,2,5324.228027,Brawley Elementary,3,1,7,10,0,1
df64e0d9-db88-4977-a401-e1f442400556,3-1,0,25386,24360,1026,106,1.0,1438,40.0,desktop,0.0,PhD,0.0,Dutch,0.0,0.0,N,11.081,261.0837438,Dan Gosling,5,5221.460938,Meadows Union Elementary,4,3,4,6,0,4
df64e0d9-db88-4977-a401-e1f442400556,1-1,0,73362,71513,1849,324,1.0,1438,40.0,desktop,0.0,PhD,0.0,Dutch,0.0,0.0,N,9.6,271.8386867,Dimitar Berbatov,1,5157.784668,Little Lake City Elementary,2,1,7,10,0,6
df64e0d9-db88-4977-a401-e1f442400556,2-1,1,40268,39672,596,145,1.0,1438,40.0,desktop,0.0,PhD,0.0,Dutch,0.0,0.0,N,8.337,219.2982456,Benoît Lesoimier,1,5131.119141,Pond Union Elementary,2,4,7,10,0,4
df64e0d9-db88-4977-a401-e1f442400556,1-2,1,70780,67556,3224,383,0.6666666667,1438,40.0,desktop,0.0,PhD,0.0,Dutch,0.0,0.0,N,10.485,340.1622358,David Yelldell,4,5279.354004,Taft City Elementary,2,2,7,10,0,1
dfeed816-4de9-4be7-9ea0-775157c7bd76,1-1,0,144434,134323,10111,324,0.6666666667,1438,52.0,desktop,0.0,PhD,0.0,Portuguese,0.0,0.0,N,9.6,144.725773,Adil Rami,2,4704.043945,Brittan Elementary,1,1,7,10,0,5
dfeed816-4de9-4be7-9ea0-775157c7bd76,3-2,1,82005,79926,2079,120,1.0,1438,52.0,desktop,0.0,PhD,0.0,Portuguese,0.0,0.0,N,10.697,90.08332708,Masoud Shojaei,5,6089.910645,Arena Union Elementary,2,1,7,10,0,2
dfeed816-4de9-4be7-9ea0-775157c7bd76,2-1,0,70407,68689,1718,145,1.0,1438,52.0,desktop,0.0,PhD,0.0,Portuguese,0.0,0.0,N,8.337,126.6578346,Carlton Cole,4,5356.833496,Adelanto Elementary,4,10,9,13,0,1
dfeed816-4de9-4be7-9ea0-775157c7bd76,3-1,0,53066,49108,3958,106,1.0,1438,52.0,desktop,0.0,PhD,0.0,Portuguese,0.0,0.0,N,11.081,129.5104667,Janis Blaswich,5,5144.549316,Hollister School District,3,3,9,13,0,5
dfeed816-4de9-4be7-9ea0-775157c7bd76,1-2,1,142489,136212,6277,383,1.0,1438,52.0,desktop,0.0,PhD,0.0,Portuguese,0.0,0.0,N,10.485,168.7076029,Victor Moses,2,4906.22998,Palmdale Elementary,4,1,4,6,0,7
dfeed816-4de9-4be7-9ea0-775157c7bd76,2-2,1,48151,47193,958,166,1.0,1438,52.0,desktop,0.0,PhD,0.0,Portuguese,0.0,0.0,N,7.638,211.0482487,Marc-André ter Stegen,4,5489.588867,Oroville City Elementary,4,1,7,10,1,3
e0080083-9f88-4396-bb69-13c375543c8c,2-1,1,27627,23183,4444,145,1.0,1423,28.0,laptop,0.0,college,0.0,English,0.0,0.0,Y,8.337,375.274986,John Guidetti,4,5718.55127,Standard Elementary,1,1,3,5,0,5
e0080083-9f88-4396-bb69-13c375543c8c,1-1,1,52188,40155,12033,324,0.3333333333,1423,28.0,laptop,0.0,college,0.0,English,0.0,0.0,Y,9.6,484.1240194, Javi Fuego,2,4436.152832,Briggs Elementary,1,8,3,5,1,5
e0080083-9f88-4396-bb69-13c375543c8c,3-1,1,20106,14443,5663,106,1.0,1423,28.0,laptop,0.0,college,0.0,English,0.0,0.0,Y,11.081,440.3517275, Saúl,4,4895.439453,Monroe Elementary,1,1,3,5,0,6
e0080083-9f88-4396-bb69-13c375543c8c,3-2,0,40043,30284,9759,120,1.0,1423,28.0,laptop,0.0,college,0.0,English,0.0,0.0,Y,10.697,237.7493066,Roy Contout,2,5159.21875,Lancaster Elementary,1,1,7,10,0,5
e0080083-9f88-4396-bb69-13c375543c8c,2-2,0,40079,28286,11793,166,1.0,1423,28.0,laptop,0.0,college,0.0,English,0.0,0.0,Y,7.638,352.1176554,Michael Mancienne,4,5490.654785,Alview-Dairyland Union Elementary,1,1,4,6,0,5
e0080083-9f88-4396-bb69-13c375543c8c,1-2,0,95855,80607,15248,383,1.0,1423,28.0,laptop,0.0,college,0.0,English,0.0,0.0,Y,10.485,285.0869031,Lukas Raeder,2,5172.019531,Magnolia Elementary,2,1,3,5,0,3
e1205048-076b-4e6f-a4f1-23fa25931539,1-2,0,103944,99956,3988,383,1.0,920,21.0,tablet,0.0,college,1.0,Russian,0.0,0.0,N,10.485,229.9011565,Moise Apanga,2,4441.672852,Liberty Elementary,4,1,3,5,0,6
e1205048-076b-4e6f-a4f1-23fa25931539,1-1,1,143871,136914,6957,324,1.0,880,21.0,tablet,0.0,college,1.0,Russian,0.0,0.0,N,9.6,141.9869407,Glenn Whelan,4,5220.370117,Mt. Pleasant Elementary,2,4,7,10,0,4
e1205048-076b-4e6f-a4f1-23fa25931539,3-2,1,47408,45215,2193,120,1.0,880,21.0,tablet,0.0,college,1.0,Russian,0.0,0.0,N,10.697,159.2391905,Mario Götze,4,5252.810547,El Centro Elementary,4,2,9,13,0,6
e1205048-076b-4e6f-a4f1-23fa25931539,2-1,1,51809,50766,1043,145,0.6666666667,880,21.0,tablet,0.0,college,1.0,Russian,0.0,0.0,N,8.337,171.374542, Júlio César,3,5518.702148,South Bay Union Elementary,3,2,4,6,0,1
e1205048-076b-4e6f-a4f1-23fa25931539,3-1,0,34145,32361,1784,106,1.0,920,21.0,tablet,0.0,college,1.0,Russian,0.0,0.0,N,11.081,196.5328636,Max Grün,2,5609.487793,Cascade Union Elementary,4,1,7,10,0,1
e1205048-076b-4e6f-a4f1-23fa25931539,2-2,0,58308,56814,1494,166,0.6666666667,920,21.0,tablet,0.0,college,1.0,Russian,0.0,0.0,N,7.638,175.3089027, Thiago Motta,4,4945.031738,Kings River Union Elementary,4,3,3,5,0,6
e15bc5a6-d4de-4e87-a1c8-e21fb441910c,1-1,0,61983,54413,7570,324,0.6666666667,880,32.0,smartphone,1.0,professional school,1.0,English,0.0,1.0,Y,9.6,357.2675647,Geoffrey Kondogbia,4,5223.025391,Gerber Union Elementary,4,3,3,5,0,4
e15bc5a6-d4de-4e87-a1c8-e21fb441910c,3-2,0,40981,40957,24,120,1.0,880,32.0,smartphone,1.0,professional school,1.0,English,0.0,1.0,Y,10.697,175.7941255,Benoît Pedretti,3,4757.025391,Exeter Union Elementary,3,1,4,6,0,5
e15bc5a6-d4de-4e87-a1c8-e21fb441910c,2-1,1,20681,20681,0,145,1.0,880,32.0,smartphone,1.0,professional school,1.0,English,0.0,1.0,Y,8.337,420.6759828, Thiago,4,5522.161621,American Union Elementary,2,6,3,5,1,4
e15bc5a6-d4de-4e87-a1c8-e21fb441910c,2-2,0,39891,39891,0,166,1.0,880,32.0,smartphone,1.0,professional school,1.0,English,0.0,1.0,Y,7.638,249.680379,Ali Ahamada,4,6087.608887,San Antonio Union Elementary,1,5,7,10,1,5
e15bc5a6-d4de-4e87-a1c8-e21fb441910c,1-2,1,30462,30250,212,383,1.0,880,32.0,smartphone,1.0,professional school,1.0,English,0.0,1.0,Y,10.485,759.6694215,Edin Džeko,2,4960.515625,Burton Elementary,2,1,3,5,0,1
e15bc5a6-d4de-4e87-a1c8-e21fb441910c,3-1,1,23601,23601,0,106,1.0,880,32.0,smartphone,1.0,professional school,1.0,English,0.0,1.0,Y,11.081,269.4801068,Hiroshi Kiyotake,2,4880.040527,Nuview Union Elementary,2,1,9,13,1,5
e1937dac-e29c-4679-b93e-9d6284fd9da1,3-1,1,22018,17464,4554,106,1.0,1423,44.0,desktop,0.0,graduate school,1.0,English,0.0,0.0,Y,11.081,364.1777371,Steven Davis,5,6538.417969,Bellevue Union Elementary,3,11,3,5,0,1
e1937dac-e29c-4679-b93e-9d6284fd9da1,3-2,0,42511,35796,6715,120,1.0,1423,44.0,desktop,0.0,graduate school,1.0,English,0.0,0.0,Y,10.697,201.1397922,Babá Diawara,2,4925.659668,Garvey Elementary,1,3,7,10,0,5
e1937dac-e29c-4679-b93e-9d6284fd9da1,2-2,0,30310,27710,2600,166,1.0,1423,44.0,desktop,0.0,graduate school,1.0,English,0.0,0.0,Y,7.638,359.4370263,Raphael Schäfer,4,5204.6875,Corning Union Elementary,3,2,7,10,1,5
e1937dac-e29c-4679-b93e-9d6284fd9da1,1-2,1,46594,43397,3197,383,0.6666666667,1423,44.0,desktop,0.0,graduate school,1.0,English,0.0,0.0,Y,10.485,529.529691,Rafael van der Vaart,1,4907.410645,Jefferson Elementary,2,1,4,6,1,3
e1937dac-e29c-4679-b93e-9d6284fd9da1,2-1,1,20112,19060,1052,145,1.0,1423,44.0,desktop,0.0,graduate school,1.0,English,0.0,0.0,Y,8.337,456.4533054,Jos Hooiveld,4,5923.45166,Big Springs Union Elementary,1,1,9,13,1,1
e1937dac-e29c-4679-b93e-9d6284fd9da1,1-1,0,48136,45002,3134,324,0.6666666667,1423,44.0,desktop,0.0,graduate school,1.0,English,0.0,0.0,Y,9.6,431.9808009,Nicolas Douchez,5,4741.957031,General Shafter Elementary,4,4,7,10,1,5
e1b5288e-cb8d-4cdc-b021-45df6158c3be,3-1,0,18851,14322,4529,106,0.0,1438,39.0,desktop,0.0,PhD,0.0,Korean,0.0,0.0,N,11.081,444.072057, Bodipo,4,4954.019531,Turlock Joint Elementary,3,5,4,6,0,5
e1b5288e-cb8d-4cdc-b021-45df6158c3be,2-1,1,32791,25965,6826,145,0.6666666667,1438,39.0,desktop,0.0,PhD,0.0,Korean,0.0,0.0,N,8.337,335.0664356,Rickie Lambert,2,5500.10791,Twain Harte-Long Barn Union Elementary,2,2,7,10,1,3
e1b5288e-cb8d-4cdc-b021-45df6158c3be,1-2,0,38728,28917,9811,383,0.6666666667,1438,39.0,desktop,0.0,PhD,0.0,Korean,0.0,0.0,N,10.485,794.6882457,Kevin Gameiro,3,5360.51709,Redwood City Elementary,2,10,3,5,0,5
e1b5288e-cb8d-4cdc-b021-45df6158c3be,2-2,0,20335,19682,653,166,1.0,1438,39.0,desktop,0.0,PhD,0.0,Korean,0.0,0.0,N,7.638,506.0461335,Adam Lallana,4,5685.63916,Camino Union Elementary,1,5,4,6,0,4
e1b5288e-cb8d-4cdc-b021-45df6158c3be,3-2,1,29553,27492,2061,120,0.6666666667,1438,39.0,desktop,0.0,PhD,0.0,Korean,0.0,0.0,N,10.697,261.8943693,Luciano Monzón,5,5594.196289,Plainsburg Union Elementary,2,2,4,6,0,1
e1b5288e-cb8d-4cdc-b021-45df6158c3be,1-1,1,16410,7190,9220,324,0.6666666667,1438,39.0,desktop,0.0,PhD,0.0,Korean,0.0,0.0,N,9.6,2703.755216,Gareth Bale,2,4692.566895,Banta Elementary,1,1,3,5,1,1
e1f48355-1636-4f4f-8966-a26d86a48b3d,3-1,0,28620,26434,2186,106,0.6666666667,1438,51.0,desktop,0.0,postdoctoral,0.0,Italian,0.0,0.0,N,11.081,240.5992283,Michael Owen,3,5085.40625,Washington Colony Elementary,3,1,3,5,1,1
e1f48355-1636-4f4f-8966-a26d86a48b3d,1-1,0,92298,89273,3025,324,1.0,1438,51.0,desktop,0.0,postdoctoral,0.0,Italian,0.0,0.0,N,9.6,217.7590089,Kevin Gameiro,2,5456.197266,Rio Linda Union Elementary,2,1,3,5,0,1
e1f48355-1636-4f4f-8966-a26d86a48b3d,2-2,1,49560,48694,866,166,1.0,1438,51.0,desktop,0.0,postdoctoral,0.0,Italian,0.0,0.0,N,7.638,204.5426541,Grégory Lorenzi,4,5105.179688,Chatom Union Elementary,2,3,3,5,1,5
e1f48355-1636-4f4f-8966-a26d86a48b3d,2-1,0,45628,44511,1117,145,1.0,1438,51.0,desktop,0.0,postdoctoral,0.0,Italian,0.0,0.0,N,8.337,195.4573027, Pozuelo,4,5519.677246,Merced River Union Elementary,4,4,4,6,0,3
e1f48355-1636-4f4f-8966-a26d86a48b3d,3-2,1,38803,36480,2323,120,1.0,1438,51.0,desktop,0.0,postdoctoral,0.0,Italian,0.0,0.0,N,10.697,197.3684211,Marc Ziegler,2,5065.911133,Hueneme Elementary,2,1,4,6,0,6
e1f48355-1636-4f4f-8966-a26d86a48b3d,1-2,1,102386,98730,3656,383,0.6666666667,1438,51.0,desktop,0.0,postdoctoral,0.0,Italian,0.0,0.0,N,10.485,232.7560012,Janis Blaswich,3,5182.428223,Cuddeback Union Elementary,3,3,7,10,0,3
e260bb95-bce4-410d-b0de-baf551b2b5a5,2-1,1,26997,25413,1584,145,1.0,1438,24.0,desktop,0.0,high school,0.0,English,0.0,0.0,Y,8.337,342.3444694,Mohammed Abdellaoue,3,5960.464355,Blue Lake Union Elementary,3,1,7,10,0,3
e260bb95-bce4-410d-b0de-baf551b2b5a5,1-1,1,50473,45820,4653,324,0.6666666667,1438,24.0,desktop,0.0,high school,0.0,English,0.0,0.0,Y,9.6,424.2688782, Busquets,3,5124.836426,Lemon Grove Elementary,2,5,7,10,0,1
e260bb95-bce4-410d-b0de-baf551b2b5a5,3-2,0,23992,22721,1271,120,0.6666666667,1438,24.0,desktop,0.0,high school,0.0,English,0.0,0.0,Y,10.697,316.8874609, Toquero,2,5655.133301,Upper Lake Union Elementary,4,1,7,10,0,4
e260bb95-bce4-410d-b0de-baf551b2b5a5,3-1,1,21800,18958,2842,106,1.0,1438,24.0,desktop,0.0,high school,0.0,English,0.0,0.0,Y,11.081,335.478426,Tony Jantschke,4,5811.689941,Peninsula Union Elementary,2,1,4,6,0,1
e260bb95-bce4-410d-b0de-baf551b2b5a5,2-2,0,27379,26760,619,166,1.0,1438,24.0,desktop,0.0,high school,0.0,English,0.0,0.0,Y,7.638,372.1973094,Simon Davies,4,5467.673828,Ocean View Elementary,3,2,3,5,0,5
e260bb95-bce4-410d-b0de-baf551b2b5a5,1-2,0,59731,57447,2284,383,1.0,1438,24.0,desktop,0.0,high school,0.0,English,0.0,0.0,Y,10.485,400.0208888,Augusto Fernández,2,5213.089355,Reeds Creek Elementary,2,1,3,5,0,4
e3e994b5-c070-4cf7-941a-e2cf1f64f510,1-1,0,19360,15265,4095,324,1.0,827,22.0,desktop,0.0,high school,0.0,English,0.0,0.0,Y,9.6,1273.501474,Stéphane Darbion,4,4613.1875,Arcohe Union Elementary,1,4,7,10,1,5
e3e994b5-c070-4cf7-941a-e2cf1f64f510,3-2,1,13537,12856,681,120,1.0,827,22.0,desktop,0.0,high school,0.0,English,0.0,0.0,Y,10.697,560.0497822,Frank Lampard,2,4886.983887,New Jerusalem Elementary,1,2,7,10,0,6
e3e994b5-c070-4cf7-941a-e2cf1f64f510,3-1,0,18809,18490,319,106,1.0,827,22.0,desktop,0.0,high school,0.0,English,0.0,0.0,Y,11.081,343.9697134, Sergio Ramos,3,6455.136719,Dunsmuir Elementary,1,4,7,10,0,5
e3e994b5-c070-4cf7-941a-e2cf1f64f510,2-1,1,14342,14342,0,145,0.6666666667,827,22.0,desktop,0.0,high school,0.0,English,0.0,0.0,Y,8.337,606.6099568,Sebastián Fernández,2,5125.433105,Stanislaus Union Elementary,2,1,3,5,0,1
e3e994b5-c070-4cf7-941a-e2cf1f64f510,2-2,0,22806,22375,431,166,1.0,827,22.0,desktop,0.0,high school,0.0,English,0.0,0.0,Y,7.638,445.1396648,Vadim Demidov,3,5193.692383,Kingsburg Joint Union Elementary,1,2,3,5,0,4
e3e994b5-c070-4cf7-941a-e2cf1f64f510,1-2,1,24434,23730,704,383,1.0,827,22.0,desktop,0.0,high school,0.0,English,0.0,0.0,Y,10.485,968.3944374,André-Pierre Gignac,3,5002.838867,Buena Park Elementary,4,1,7,10,0,1
e4766279-7658-4830-b9a9-93458033e880,1-2,1,117236,64959,52277,383,1.0,1214,,,,,,,0.0,,,10.485,353.7616035, Palop,5,5337.625488,Westminster Elementary,3,2,4,6,0,6
e4766279-7658-4830-b9a9-93458033e880,2-2,1,59064,41736,17328,166,1.0,1214,,,,,,,0.0,,,7.638,238.6428982,Medhi Lacen,3,5161.202148,Island Union Elementary,4,1,7,10,0,5
e4766279-7658-4830-b9a9-93458033e880,3-2,1,50395,37665,12730,120,1.0,1214,,,,,,,0.0,,,10.697,191.1589008,Leon Balogun,4,5158.791992,Tulare City Elementary,3,2,7,10,0,5
e4766279-7658-4830-b9a9-93458033e880,1-1,0,116582,109776,6806,324,1.0,1214,,,,,,,0.0,,,9.6,177.0878881, André Santos,2,5123.474121,Chula Vista Elementary,1,1,7,10,0,1
e4766279-7658-4830-b9a9-93458033e880,3-1,0,33767,29080,4687,106,1.0,1214,,,,,,,0.0,,,11.081,218.7070151, Juanfran,4,5782.543945,Black Butte Union Elementary,4,2,7,10,0,5
e4766279-7658-4830-b9a9-93458033e880,2-1,0,45715,44822,893,145,0.6666666667,1214,,,,,,,0.0,,,8.337,194.1011111,Younes Kaboul,2,4842.60791,McSwain Union Elementary,3,1,7,10,0,3
e5afeeab-aaf4-4200-a67a-5ea0b861dee3,2-1,0,56362,53980,2382,145,0.6666666667,880,15.0,smartphone,2.0,high school,1.0,English,0.0,1.0,Y,8.337,161.170804,James McCarthy,2,4219.40625,Franklin Elementary,3,3,9,13,0,6
e5afeeab-aaf4-4200-a67a-5ea0b861dee3,1-2,1,131493,121069,10424,383,0.0,880,15.0,smartphone,2.0,high school,1.0,English,0.0,1.0,Y,10.485,189.8091171,Andros Townsend,4,5081.169922,Escondido Union Elementary,3,1,9,13,0,3
e5afeeab-aaf4-4200-a67a-5ea0b861dee3,2-2,1,51722,48527,3195,166,1.0,880,15.0,smartphone,2.0,high school,1.0,English,0.0,1.0,Y,7.638,205.2465638,Philippe Senderos,4,5144.993652,East Whittier City Elementary,1,2,4,6,0,4
e5afeeab-aaf4-4200-a67a-5ea0b861dee3,3-1,1,36494,10285,26209,106,1.0,880,15.0,smartphone,2.0,high school,1.0,English,0.0,1.0,Y,11.081,618.3762761,Max Ehmer,3,4674.298828,Rio Bravo-Greeley Union Elementary,1,1,7,10,0,1
e5afeeab-aaf4-4200-a67a-5ea0b861dee3,1-1,0,100435,96691,3744,324,0.6666666667,880,15.0,smartphone,2.0,high school,1.0,English,0.0,1.0,Y,9.6,201.0528384,Fabrice Begeorgi,5,4830.326172,Marcum-Illinois Union Elementary,4,1,3,5,0,4
e5afeeab-aaf4-4200-a67a-5ea0b861dee3,3-2,0,50756,48163,2593,120,1.0,880,15.0,smartphone,2.0,high school,1.0,English,0.0,1.0,Y,10.697,149.4923489, Igor Martínez,2,5621.687988,Vallecitos Elementary,3,1,3,5,0,6
e6086759-35ed-4d89-9e47-271e43001fe6,2-2,1,9006,5989,3017,166,1.0,1227,,,0.0,,,Spanish,0.0,0.0,N,7.638,1663.048923, Valerón,3,4948.868164,Victor Elementary,2,1,3,5,0,1
e6086759-35ed-4d89-9e47-271e43001fe6,1-1,0,55949,47982,7967,324,1.0,1227,,,0.0,,,Spanish,0.0,0.0,N,9.6,405.151932,Marcel Schmelzer,1,5100.975586,Savanna Elementary,3,5,7,10,0,6
e6086759-35ed-4d89-9e47-271e43001fe6,3-2,0,28503,22482,6021,120,1.0,1227,,,0.0,,,Spanish,0.0,0.0,N,10.697,320.256205,Andreas Ivanschitz,2,5132.788574,West Side Union Elementary,4,9,4,6,0,7
e6086759-35ed-4d89-9e47-271e43001fe6,1-2,1,45338,40943,4395,383,1.0,1227,,,0.0,,,Spanish,0.0,0.0,N,10.485,561.2681044,Wilson Palacios,3,5358.51709,Enterprise Elementary,4,1,3,5,0,5
e6086759-35ed-4d89-9e47-271e43001fe6,3-1,1,18935,16440,2495,106,1.0,1227,,,0.0,,,Spanish,0.0,0.0,N,11.081,386.8613139,Sebastian Jung,4,5149.186523,Red Bluff Union Elementary,2,1,3,5,0,5
e6086759-35ed-4d89-9e47-271e43001fe6,2-1,0,17472,15465,2007,145,0.6666666667,1227,,,0.0,,,Spanish,0.0,0.0,N,8.337,562.5606208,Xherdan Shaqiri,5,5373.206543,Jamestown Elementary,2,2,7,10,0,4
e66ac7c3-faeb-4b2e-8dbb-929d29a3bb65,2-1,0,49911,36646,13265,145,1.0,880,29.0,smartphone,0.0,high school,1.0,English,0.0,0.0,Y,8.337,237.4065382,Clint Hill,3,6485.166016,Weed Union Elementary,3,7,9,13,0,5
e66ac7c3-faeb-4b2e-8dbb-929d29a3bb65,3-1,0,40400,25695,14705,106,1.0,880,29.0,smartphone,0.0,high school,1.0,English,0.0,0.0,Y,11.081,247.5189726,Germán Lux,5,5504.025391,South Bay Union Elementary,2,3,4,6,0,1
e66ac7c3-faeb-4b2e-8dbb-929d29a3bb65,1-1,0,104815,88785,16030,324,1.0,880,29.0,smartphone,0.0,high school,1.0,English,0.0,0.0,Y,9.6,218.9559047, Reyes,3,5105.734375,Brentwood Union Elementary,4,1,7,10,0,5
e66ac7c3-faeb-4b2e-8dbb-929d29a3bb65,1-2,1,101369,12181,89188,383,1.0,880,29.0,smartphone,0.0,high school,1.0,English,0.0,0.0,Y,10.485,1886.544619, Edu Oriol,4,5634.730957,Summerville Elementary,2,1,3,5,0,6
e66ac7c3-faeb-4b2e-8dbb-929d29a3bb65,2-2,1,47552,6784,40768,166,1.0,880,29.0,smartphone,0.0,high school,1.0,English,0.0,0.0,Y,7.638,1468.160377,Özkan Yildirim,4,4980.294434,Ophir Elementary,1,3,3,5,0,5
e66ac7c3-faeb-4b2e-8dbb-929d29a3bb65,3-2,1,41503,19368,22135,120,1.0,880,29.0,smartphone,0.0,high school,1.0,English,0.0,0.0,Y,10.697,371.7472119,Stefan Babović,4,6113.859863,Montgomery Elementary,4,1,4,6,0,7
e726e53d-6183-4ec0-b300-896df7bca3c2,3-2,0,57528,50937,6591,120,0.6666666667,1150,25.0,laptop,1.0,college,1.0,English,0.0,1.0,Y,10.697,141.3510807,Benedikt Höwedes,2,5850.0,Santa Rosa Elementary,1,1,3,5,0,5
e726e53d-6183-4ec0-b300-896df7bca3c2,2-1,1,67470,64647,2823,145,0.6666666667,1150,25.0,laptop,1.0,college,1.0,English,0.0,1.0,Y,8.337,134.5770105,William Gallas,4,4547.944824,Salida Union Elementary,3,8,7,10,0,6
e726e53d-6183-4ec0-b300-896df7bca3c2,1-2,0,103578,89230,14348,383,0.6666666667,1150,25.0,laptop,1.0,college,1.0,English,0.0,1.0,Y,10.485,257.5367029,Raphael Holzhauser,3,5011.840332,Shasta Union Elementary,4,1,3,5,0,1
e726e53d-6183-4ec0-b300-896df7bca3c2,2-2,0,61556,54199,7357,166,1.0,1150,25.0,laptop,1.0,college,1.0,English,0.0,1.0,Y,7.638,183.7672282,Maynor Figueroa,4,5261.370605,Fortuna Union Elementary,4,3,9,13,0,1
e726e53d-6183-4ec0-b300-896df7bca3c2,1-1,1,128102,119376,8726,324,1.0,1150,25.0,laptop,1.0,college,1.0,English,0.0,1.0,Y,9.6,162.8468034,Gerrit Wegkamp,2,4276.115234,Rockford  Elementary,1,2,3,5,1,7
e726e53d-6183-4ec0-b300-896df7bca3c2,3-1,1,58176,54088,4088,106,1.0,1150,25.0,laptop,1.0,college,1.0,English,0.0,1.0,Y,11.081,117.5861559,Xherdan Shaqiri,5,4566.27002,Plaza Elementary,2,1,7,10,0,4
e781e374-74ed-48db-8e39-bdd209a83470,1-1,0,83497,78303,5194,324,1.0,1135,48.0,laptop,0.0,college,0.0,English,0.0,0.0,Y,9.6,248.2663499,Paulo Gazzaniga,4,6049.495117,Monte Rio Union Elementary,2,3,7,10,0,1
e781e374-74ed-48db-8e39-bdd209a83470,2-1,0,44997,43017,1980,145,1.0,1135,48.0,laptop,0.0,college,0.0,English,0.0,0.0,Y,8.337,202.2456238,Brede Hangeland,2,4974.28125,Janesville Union Elementary,4,1,4,6,0,6
e781e374-74ed-48db-8e39-bdd209a83470,1-2,1,72204,66718,5486,383,0.6666666667,1135,48.0,laptop,0.0,college,0.0,English,0.0,0.0,Y,10.485,344.4347852,Christian Stuani,2,4432.478027,Magnolia Union Elementary,3,1,9,13,0,6
e781e374-74ed-48db-8e39-bdd209a83470,3-1,0,54233,45729,8504,106,1.0,1135,48.0,laptop,0.0,college,0.0,English,0.0,0.0,Y,11.081,139.0802335,Éver Banega,1,4924.619141,Shaffer Union Elementary,4,1,7,10,0,5
e781e374-74ed-48db-8e39-bdd209a83470,2-2,1,39018,36247,2771,166,1.0,1135,48.0,laptop,0.0,college,0.0,English,0.0,0.0,Y,7.638,274.7813612, Marcos,2,4603.659668,Fullerton Elementary,1,2,4,6,1,5
e781e374-74ed-48db-8e39-bdd209a83470,3-2,1,41272,39026,2246,120,1.0,1135,48.0,laptop,0.0,college,0.0,English,0.0,0.0,Y,10.697,184.4923897, Busquets,2,5973.925293,Cinnabar Elementary,4,1,7,10,0,6
e7ea4b52-7611-4c90-905a-fd388cea9c0a,2-2,1,76537,67032,9505,166,1.0,1366,15.0,laptop,0.0,high school,0.0,German,0.0,0.0,N,7.638,148.5857501, Josué,1,5215.943848,Santa Barbara Elementary,3,1,3,5,0,1
e7ea4b52-7611-4c90-905a-fd388cea9c0a,2-1,0,70069,63150,6919,145,0.6666666667,1366,15.0,laptop,0.0,high school,0.0,German,0.0,0.0,N,8.337,137.7672209,James McClean,2,4882.236816,Rohnerville Elementary,4,2,4,6,0,6
e7ea4b52-7611-4c90-905a-fd388cea9c0a,3-1,0,40042,34072,5970,106,1.0,1366,15.0,laptop,0.0,high school,0.0,German,0.0,0.0,N,11.081,186.663536,Zoltán Stieber,3,4145.835938,Pleasant Grove Joint Union Elementary,4,2,4,6,0,6
e7ea4b52-7611-4c90-905a-fd388cea9c0a,1-1,0,132156,121764,10392,324,1.0,1366,15.0,laptop,0.0,high school,0.0,German,0.0,0.0,N,9.6,159.6530994,Joey Barton,3,7542.038086,Mountain Union Elementary,1,1,3,5,0,3
e7ea4b52-7611-4c90-905a-fd388cea9c0a,1-2,1,160454,150608,9846,383,0.6666666667,1366,15.0,laptop,0.0,high school,0.0,German,0.0,0.0,N,10.485,152.5815362,Jack Cork,1,5247.018066,South Fork Union Elementary,2,2,3,5,0,6
e7ea4b52-7611-4c90-905a-fd388cea9c0a,3-2,1,58070,54813,3257,120,1.0,1366,15.0,laptop,0.0,high school,0.0,German,0.0,0.0,N,10.697,131.3557003,Diallo Guidileye,3,5169.814941,Jamul-Dulzura Union Elementary,1,3,3,5,0,5
e8229c81-5d49-4981-abd0-3f3478f9567f,3-1,0,18967,2444,16523,106,1.0,1381,,,,,,,,,,11.081,2602.291326, Fernando Navarro,4,5951.005859,Live Oak Elementary,2,11,3,5,0,6
e8229c81-5d49-4981-abd0-3f3478f9567f,2-2,0,23952,15000,8952,166,1.0,1381,,,,,,,,,,7.638,664.0, Jaime,4,4746.572266,Menifee Union Elementary,2,1,4,6,0,1
e8229c81-5d49-4981-abd0-3f3478f9567f,1-2,1,8005,3508,4497,383,0.6666666667,1381,,,,,,,,,,10.485,6550.741163, Fernando Torres,3,4944.092285,Lakeside Union Elementary,2,1,4,6,0,3
e8229c81-5d49-4981-abd0-3f3478f9567f,2-1,1,18264,15033,3231,145,0.6666666667,1381,,,,,,,,,,8.337,578.726801,Danny Rose,4,6306.487305,Whisman Elementary,2,2,7,10,0,4
e8229c81-5d49-4981-abd0-3f3478f9567f,1-1,0,45675,27748,17927,324,1.0,1381,,,,,,,,,,9.6,700.5910336,Héctor Moreno,3,4260.306641,McCabe Union Elementary,4,4,7,10,0,3
e8229c81-5d49-4981-abd0-3f3478f9567f,3-2,1,3917,2167,1750,120,0.6666666667,1381,,,,,,,,,,10.697,3322.565759,Kevin Pannewitz,5,4718.163086,Lammersville Elementary,2,1,7,10,0,5
e893554b-e41b-44f5-9247-2f1b1ca49f52,3-2,1,25984,25984,0,120,1.0,1438,25.0,desktop,0.0,college,0.0,English,0.0,0.0,Y,10.697,277.0935961,Florent Balmont,2,4751.299805,Lassen View Union Elementary,3,12,7,10,0,5
e893554b-e41b-44f5-9247-2f1b1ca49f52,3-1,0,20281,20281,0,106,1.0,1438,25.0,desktop,0.0,college,0.0,English,0.0,0.0,Y,11.081,313.5940042,Romelu Lukaku,2,5653.453613,Loleta Union Elementary,1,1,4,6,0,6
e893554b-e41b-44f5-9247-2f1b1ca49f52,1-2,1,39208,39208,0,383,0.6666666667,1438,25.0,desktop,0.0,college,0.0,English,0.0,0.0,Y,10.485,586.1048766,Anthony Réveillère,2,5920.253418,Junction Elementary,1,2,3,5,0,4
e893554b-e41b-44f5-9247-2f1b1ca49f52,1-1,0,43882,43882,0,324,1.0,1438,25.0,desktop,0.0,college,0.0,English,0.0,0.0,Y,9.6,443.006244,Jean-Baptiste Pierazzi,5,4825.59082,Rosemead Elementary,1,1,3,5,0,1
e893554b-e41b-44f5-9247-2f1b1ca49f52,2-1,1,25313,25313,0,145,0.6666666667,1438,25.0,desktop,0.0,college,0.0,English,0.0,0.0,Y,8.337,343.6969146, Naldo,3,5532.582031,Grass Valley Elementary,4,1,7,10,0,3
e893554b-e41b-44f5-9247-2f1b1ca49f52,2-2,0,29215,29215,0,166,1.0,1438,25.0,desktop,0.0,college,0.0,English,0.0,0.0,Y,7.638,340.9207599,Julien Toudic,4,3926.06958,Buena Vista Elementary,1,6,7,10,0,1
e8b80ebe-59a2-424a-90a9-b6f699b54faf,1-2,0,72108,66708,5400,383,0.3333333333,1366,27.0,laptop,1.0,graduate school,2.0,English,0.0,1.0,Y,10.485,344.4864184, Geromel,3,5805.636719,Kernville Union Elementary,2,2,7,10,0,7
e8b80ebe-59a2-424a-90a9-b6f699b54faf,2-1,1,55064,52347,2717,145,0.6666666667,1366,27.0,laptop,1.0,graduate school,2.0,English,0.0,1.0,Y,8.337,166.198636,Stephan Hain,2,4899.239746,Galt Joint Union Elementary,2,1,3,5,0,4
e8b80ebe-59a2-424a-90a9-b6f699b54faf,3-1,0,38482,35660,2822,106,1.0,1366,27.0,laptop,1.0,graduate school,2.0,English,0.0,1.0,Y,11.081,178.3510937, Puyol,1,4884.862305,Southside Elementary,2,1,3,5,0,3
e8b80ebe-59a2-424a-90a9-b6f699b54faf,2-2,0,32141,27762,4379,166,0.6666666667,1366,27.0,laptop,1.0,graduate school,2.0,English,0.0,1.0,Y,7.638,358.7637778, Azpilicueta,3,5139.9375,Lakeside Union Elementary,4,4,7,10,0,6
e8b80ebe-59a2-424a-90a9-b6f699b54faf,1-1,1,73787,70340,3447,324,0.6666666667,1366,27.0,laptop,1.0,graduate school,2.0,English,0.0,1.0,Y,9.6,276.3719079,Alexander Manninger,4,5249.364746,Nuestro Elementary,4,2,4,6,0,6
e8b80ebe-59a2-424a-90a9-b6f699b54faf,3-2,1,41097,39053,2044,120,0.6666666667,1366,27.0,laptop,1.0,graduate school,2.0,English,0.0,1.0,Y,10.697,184.3648375, Álvaro,1,5399.070313,Alvina Elementary,1,1,7,10,0,5
ea0abfe5-f18d-4fad-9ee6-4114f292450b,3-2,0,42877,40229,2648,120,1.0,1438,21.0,desktop,0.0,high school,0.0,Swedish,0.0,0.0,N,10.697,178.975366,Jan Kirchhoff,3,4965.290039,Oakley Union Elementary,1,1,7,10,0,5
ea0abfe5-f18d-4fad-9ee6-4114f292450b,3-1,1,26828,25979,849,106,1.0,1438,21.0,desktop,0.0,high school,0.0,Swedish,0.0,0.0,N,11.081,244.8131183,Dejan Lovren,1,6210.323242,Etna Union Elementary,3,1,7,10,0,4
ea0abfe5-f18d-4fad-9ee6-4114f292450b,2-1,0,44738,44319,419,145,1.0,1438,21.0,desktop,0.0,high school,0.0,Swedish,0.0,0.0,N,8.337,196.3040682,Nelson Valdez,4,4797.503418,Jefferson Elementary,1,1,7,10,0,1
ea0abfe5-f18d-4fad-9ee6-4114f292450b,1-1,0,70541,70244,297,324,1.0,1438,21.0,desktop,0.0,high school,0.0,Swedish,0.0,0.0,N,9.6,276.7496156,Éric Abidal,1,5397.161621,Berryessa Union Elementary,2,2,7,10,0,4
ea0abfe5-f18d-4fad-9ee6-4114f292450b,2-2,1,34947,34632,315,166,1.0,1438,21.0,desktop,0.0,high school,0.0,Swedish,0.0,0.0,N,7.638,287.5952876,Christopher Nöthe,4,5078.5,Kit Carson Union Elementary,3,5,9,13,0,5
ea0abfe5-f18d-4fad-9ee6-4114f292450b,1-2,1,57857,55377,2480,383,1.0,1438,21.0,desktop,0.0,high school,0.0,Swedish,0.0,0.0,N,10.485,414.9737256,Joris Delle,1,4733.746582,Sylvan Union Elementary,4,2,9,13,0,5
ea2dec1b-93f0-4fdf-abd2-49c6087d3b5b,2-2,1,37065,30774,6291,166,0.6666666667,1137,29.0,laptop,0.0,college,0.0,English,0.0,0.0,Y,7.638,323.6498343,Bertrand Laquait,3,4963.060059,Oak View Union Elementary,4,1,4,6,0,6
ea2dec1b-93f0-4fdf-abd2-49c6087d3b5b,1-2,0,83881,69657,14224,383,0.6666666667,1137,29.0,laptop,0.0,college,0.0,English,0.0,0.0,Y,10.485,329.9022352,Moussa Dembélé,3,5431.177246,Auburn Union Elementary,3,5,7,10,0,4
ea2dec1b-93f0-4fdf-abd2-49c6087d3b5b,1-1,1,82659,68850,13809,324,1.0,1137,29.0,laptop,0.0,college,0.0,English,0.0,0.0,Y,9.6,282.3529412,Mathieu Debuchy,3,5382.088867,North County Joint Union Elementary,1,6,3,5,0,5
ea2dec1b-93f0-4fdf-abd2-49c6087d3b5b,3-1,1,31804,27045,4759,106,1.0,1137,29.0,laptop,0.0,college,0.0,English,0.0,0.0,Y,11.081,235.1636162,Zdravko Kuzmanović,2,5724.441895,Pioneer Union Elementary,2,6,3,5,0,4
ea2dec1b-93f0-4fdf-abd2-49c6087d3b5b,3-2,0,55205,50881,4324,120,1.0,1137,29.0,laptop,0.0,college,0.0,English,0.0,0.0,Y,10.697,141.5066528,Zoltán Gera,4,4843.427246,Central Elementary,3,1,3,5,0,2
ea2dec1b-93f0-4fdf-abd2-49c6087d3b5b,2-1,0,51743,47264,4479,145,1.0,1137,29.0,laptop,0.0,college,0.0,English,0.0,0.0,Y,8.337,184.0724441,Jack Robinson,3,5730.349121,Pacheco Union Elementary,1,1,7,10,0,6
eba4f35d-64b0-4b8d-a3cb-fe43c8fc6e77,2-2,1,36262,33935,2327,166,1.0,1294,19.0,laptop,0.0,high school,1.0,English,0.0,0.0,Y,7.638,293.5022838,Rafael van der Vaart,1,5635.786133,Chicago Park Elementary,2,1,4,6,0,5
eba4f35d-64b0-4b8d-a3cb-fe43c8fc6e77,1-2,0,137185,133309,3876,383,1.0,1294,19.0,laptop,0.0,high school,1.0,English,0.0,0.0,Y,10.485,172.3814596, Siqueira,3,5671.657227,Brisbane Elementary,4,3,3,5,0,1
eba4f35d-64b0-4b8d-a3cb-fe43c8fc6e77,1-1,1,111382,105956,5426,324,0.6666666667,1294,19.0,laptop,0.0,high school,1.0,English,0.0,0.0,Y,9.6,183.4723848, Manquillo,2,7070.633301,Central Union Elementary,4,1,3,5,0,5
eba4f35d-64b0-4b8d-a3cb-fe43c8fc6e77,3-2,1,37576,34975,2601,120,0.6666666667,1294,19.0,laptop,0.0,high school,1.0,English,0.0,0.0,Y,10.697,205.8613295,Hajime Hosogai,3,5097.343262,Happy Valley Union Elementary,2,3,7,10,0,5
eba4f35d-64b0-4b8d-a3cb-fe43c8fc6e77,2-1,0,52785,51967,818,145,0.6666666667,1294,19.0,laptop,0.0,high school,1.0,English,0.0,0.0,Y,8.337,167.4139358,Sascha Riether,2,5482.677246,Mark Twain Union Elementary,3,3,9,13,0,2
eba4f35d-64b0-4b8d-a3cb-fe43c8fc6e77,3-1,0,54957,53284,1673,106,1.0,1294,19.0,laptop,0.0,high school,1.0,English,0.0,0.0,Y,11.081,119.3604084,Emir Spahić,4,5642.832031,San Rafael City Elementary,1,3,4,6,0,1
ebe32dfe-f98a-490f-a017-f2872a47a1af,2-2,0,35553,32277,3276,166,1.0,1294,49.0,laptop,0.0,graduate school,1.0,English,0.0,0.0,Y,7.638,308.5788642,Ivan Klasnić,3,5280.023438,Cajon Valley Union Elementary,1,1,7,10,0,5
ebe32dfe-f98a-490f-a017-f2872a47a1af,3-1,1,47731,46185,1546,106,1.0,1294,49.0,laptop,0.0,graduate school,1.0,English,0.0,0.0,Y,11.081,137.7070477, Bruno Gama,1,5433.339844,Campbell Union Elementary,3,2,3,5,1,6
ebe32dfe-f98a-490f-a017-f2872a47a1af,2-1,1,48170,46586,1584,145,1.0,1294,49.0,laptop,0.0,graduate school,1.0,English,0.0,0.0,Y,8.337,186.7513845,Niclas Füllkrug,2,4529.283691,Browns Elementary,4,1,3,5,0,5
ebe32dfe-f98a-490f-a017-f2872a47a1af,3-2,0,44307,41335,2972,120,1.0,1294,49.0,laptop,0.0,graduate school,1.0,English,0.0,0.0,Y,10.697,174.1865247, Javi García,3,6039.98584,Clear Creek Elementary,1,1,4,6,0,4
ebe32dfe-f98a-490f-a017-f2872a47a1af,1-2,1,93452,90783,2669,383,1.0,1294,49.0,laptop,0.0,graduate school,1.0,English,0.0,0.0,Y,10.485,253.1310928,Fabien Camus,5,6168.229492,Trinidad Union Elementary,4,1,3,5,0,6
ebe32dfe-f98a-490f-a017-f2872a47a1af,1-1,0,57596,54467,3129,324,1.0,1294,49.0,laptop,0.0,graduate school,1.0,English,0.0,0.0,Y,9.6,356.9133604,Richard Chaplow,2,5774.970215,Guerneville Elementary,3,2,7,10,0,6
ec830f1b-9018-4757-846f-ce2536ebed89,3-2,0,29486,22849,6637,120,0.0,1423,14.0,laptop,0.0,pre-high school,1.0,Japanese,0.0,0.0,N,10.697,315.1122587,Claudio Pizarro,1,4806.761719,San Bruno Park Elementary,3,1,3,5,0,3
ec830f1b-9018-4757-846f-ce2536ebed89,2-1,1,22354,17354,5000,145,1.0,1423,14.0,laptop,0.0,pre-high school,1.0,Japanese,0.0,0.0,N,8.337,501.3253429,Blaise Matuidi,4,4840.936035,Antelope Elementary,2,2,9,13,0,1
ec830f1b-9018-4757-846f-ce2536ebed89,1-2,0,39735,12722,27013,383,1.0,1423,14.0,laptop,0.0,pre-high school,1.0,Japanese,0.0,0.0,N,10.485,1806.319761, Raúl García,2,4954.466309,Centralia Elementary,3,2,3,5,0,4
ec830f1b-9018-4757-846f-ce2536ebed89,3-1,1,21819,13738,8081,106,1.0,1423,14.0,laptop,0.0,pre-high school,1.0,Japanese,0.0,0.0,N,11.081,462.9494832,Michael Carrick,2,4023.531738,Etiwanda Elementary,2,6,7,10,0,1
ec830f1b-9018-4757-846f-ce2536ebed89,1-1,1,39902,16342,23560,324,0.6666666667,1423,14.0,laptop,0.0,pre-high school,1.0,Japanese,0.0,0.0,N,9.6,1189.57288,Rob Friend,3,5179.411133,Wiseburn Elementary,4,1,7,10,0,5
ec830f1b-9018-4757-846f-ce2536ebed89,2-2,0,25082,15287,9795,166,0.6666666667,1423,14.0,laptop,0.0,pre-high school,1.0,Japanese,0.0,0.0,N,7.638,651.5339831, Ilan,4,4385.229492,Scotia Union Elementary,3,1,4,6,0,4
ecae14cf-e3fd-4699-80a4-5aa81bfd8076,2-2,0,46729,41711,5018,166,1.0,1135,31.0,laptop,1.0,college,0.0,English,0.0,1.0,Y,7.638,238.7859318,Ryan Dickson,4,4777.512695,Mountain View Elementary,4,1,9,13,0,6
ecae14cf-e3fd-4699-80a4-5aa81bfd8076,3-1,0,33710,24383,9327,106,0.6666666667,1135,31.0,laptop,1.0,college,0.0,English,0.0,1.0,Y,11.081,260.8374687,Samir Nasri,2,4862.790527,Pleasant Valley Joint Union Elementary,4,1,7,10,0,6
ecae14cf-e3fd-4699-80a4-5aa81bfd8076,3-2,1,46309,43395,2914,120,1.0,1135,31.0,laptop,1.0,college,0.0,English,0.0,1.0,Y,10.697,165.9177325,Gabriel Torje,5,5486.029785,Oak Grove Elementary,2,1,4,6,0,5
ecae14cf-e3fd-4699-80a4-5aa81bfd8076,2-1,1,43423,40682,2741,145,1.0,1135,31.0,laptop,1.0,college,0.0,English,0.0,1.0,Y,8.337,213.8537928,David Meyler,3,5486.382324,Pollock Pines Elementary,4,2,7,10,0,5
ecae14cf-e3fd-4699-80a4-5aa81bfd8076,1-2,1,103950,87378,16572,383,0.6666666667,1135,31.0,laptop,1.0,college,0.0,English,0.0,1.0,Y,10.485,262.995262,Ezequiel Lavezzi,2,4631.243652,Castaic Union Elementary,1,1,3,5,0,1
ecae14cf-e3fd-4699-80a4-5aa81bfd8076,1-1,0,132117,104444,27673,324,1.0,1135,31.0,laptop,1.0,college,0.0,English,0.0,1.0,Y,9.6,186.1284516,Joris Delle,3,5189.62793,Bishop Union Elementary,2,1,4,6,0,5
ed0920d4-b642-455e-bd2a-ca21865b50e4,3-1,0,33079,29568,3511,106,1.0,1279,12.0,laptop,1.0,pre-high school,0.0,English,0.0,1.0,Y,11.081,215.0974026,Enzo Reale,2,4600.606445,Buellton Union Elementary,4,1,4,6,0,4
ed0920d4-b642-455e-bd2a-ca21865b50e4,2-1,0,36943,34403,2540,145,0.3333333333,1279,12.0,laptop,1.0,pre-high school,0.0,English,0.0,1.0,Y,8.337,252.8849228,Dawda Bah,3,6735.775391,Chawanakee Jt. Elementary,3,7,3,5,0,1
ed0920d4-b642-455e-bd2a-ca21865b50e4,1-2,0,53621,48778,4843,383,0.3333333333,1279,12.0,laptop,1.0,pre-high school,0.0,English,0.0,1.0,Y,10.485,471.1140268, Cristiano Ronaldo,5,5475.172852,Yreka Union Elementary,2,7,3,5,0,4
ed0920d4-b642-455e-bd2a-ca21865b50e4,1-1,1,94790,83602,11188,324,1.0,1279,12.0,laptop,1.0,pre-high school,0.0,English,0.0,1.0,Y,9.6,232.5303222,Tim Wiese,4,5990.794434,Alexander Valley Union Elementary,4,1,3,5,1,6
ed0920d4-b642-455e-bd2a-ca21865b50e4,2-2,1,34590,32237,2353,166,1.0,1279,12.0,laptop,1.0,pre-high school,0.0,English,0.0,1.0,Y,7.638,308.961752, Míchel,2,7203.246582,Twin Ridges Elementary,1,3,3,5,0,6
ed0920d4-b642-455e-bd2a-ca21865b50e4,3-2,1,49840,46453,3387,120,1.0,1279,12.0,laptop,1.0,pre-high school,0.0,English,0.0,1.0,Y,10.697,154.9953717,Gastón Ramírez,3,4777.769043,Sundale Union Elementary,3,2,4,6,0,6
ee53e6ab-48ea-4636-8141-e636a103cbb5,1-2,1,27653,20709,6944,383,0.0,1213,13.0,laptop,0.0,high school,0.0,English,1.0,0.0,Y,10.485,1109.662466, Adrián,5,4302.834961,Three Rivers Union Elementary,4,7,4,6,0,5
ee53e6ab-48ea-4636-8141-e636a103cbb5,3-1,0,1301,1301,0,106,0.3333333333,1213,13.0,laptop,0.0,high school,0.0,English,1.0,0.0,Y,11.081,4888.547271,James Tomkins,2,5630.194824,Columbia Union Elementary,4,3,7,10,1,6
ee53e6ab-48ea-4636-8141-e636a103cbb5,2-2,1,2090,2090,0,166,0.3333333333,1213,13.0,laptop,0.0,high school,0.0,English,1.0,0.0,Y,7.638,4765.550239,Ronan Le Crom,2,4708.625,Westside Union Elementary,1,6,7,10,0,5
ee53e6ab-48ea-4636-8141-e636a103cbb5,1-1,0,752,752,0,324,0.3333333333,1213,13.0,laptop,0.0,high school,0.0,English,1.0,0.0,Y,9.6,25851.06383,Christian Pander,1,5629.961426,Ballico-Cressey Elementary,2,1,7,10,0,5
ee53e6ab-48ea-4636-8141-e636a103cbb5,3-2,1,19285,15825,3460,120,0.3333333333,1213,13.0,laptop,0.0,high school,0.0,English,1.0,0.0,Y,10.697,454.9763033,Tom Mickel,3,4890.986816,Millbrae Elementary,1,1,7,10,0,6
ee53e6ab-48ea-4636-8141-e636a103cbb5,2-1,0,887,887,0,145,0.0,1213,13.0,laptop,0.0,high school,0.0,English,1.0,0.0,Y,8.337,9808.342728,Joel Campbell,4,4929.393066,Evergreen Elementary,4,1,4,6,0,5
eec0e61e-7635-4527-a83f-977a09cafec8,3-1,0,29192,27192,2000,106,1.0,1294,18.0,laptop,0.0,high school,1.0,English,0.0,0.0,Y,11.081,233.8923213,Jamie Mackie,2,4905.221191,Harmony Union Elementary,3,1,3,5,0,5
eec0e61e-7635-4527-a83f-977a09cafec8,2-2,0,21156,20005,1151,166,0.6666666667,1294,18.0,laptop,0.0,high school,1.0,English,0.0,0.0,Y,7.638,497.8755311, José Callejón,2,5156.856934,Panama Buena Vista Union Elementary,2,11,3,5,0,5
eec0e61e-7635-4527-a83f-977a09cafec8,1-1,1,65250,46375,18875,324,0.6666666667,1294,18.0,laptop,0.0,high school,1.0,English,0.0,0.0,Y,9.6,419.1913747, Anderson Conceição,2,4941.787598,Laguna Salada Union Elementary,2,1,7,10,0,5
eec0e61e-7635-4527-a83f-977a09cafec8,1-2,0,46551,34095,12456,383,1.0,1294,18.0,laptop,0.0,high school,1.0,English,0.0,0.0,Y,10.485,673.9991201,Neil Etheridge,2,5408.781738,Sonora Elementary,4,1,7,10,0,5
eec0e61e-7635-4527-a83f-977a09cafec8,2-1,1,30058,27011,3047,145,0.6666666667,1294,18.0,laptop,0.0,high school,1.0,English,0.0,0.0,Y,8.337,322.091,Andy Marshall,4,4981.387695,Roseville City Elementary,3,3,7,10,0,1
eec0e61e-7635-4527-a83f-977a09cafec8,3-2,1,51393,47553,3840,120,1.0,1294,18.0,laptop,0.0,high school,1.0,English,0.0,0.0,Y,10.697,151.4100057,Philipp Lahm,3,4877.086426,Gratton Elementary,3,2,3,5,0,1
eed8457e-2f39-4f4a-a3fc-7bc9fa57d880,1-1,0,32113,26943,5170,324,0.6666666667,1150,21.0,laptop,0.0,college,1.0,English,0.0,0.0,Y,9.6,721.5232157,Steeve Elana,4,5111.739258,Susanville Elementary,2,2,3,5,0,5
eed8457e-2f39-4f4a-a3fc-7bc9fa57d880,2-2,1,23380,19305,4075,166,1.0,1150,21.0,laptop,0.0,college,1.0,English,0.0,0.0,Y,7.638,515.9285159,Arnold Mvuemba,1,5201.515625,Bella Vista Elementary,1,1,7,10,0,3
eed8457e-2f39-4f4a-a3fc-7bc9fa57d880,3-1,0,24387,11606,12781,106,1.0,1150,21.0,laptop,0.0,college,1.0,English,0.0,0.0,Y,11.081,547.9924177,Jan Vertonghen,2,4138.305664,Columbine Elementary,4,1,4,6,0,6
eed8457e-2f39-4f4a-a3fc-7bc9fa57d880,2-1,0,31019,24098,6921,145,1.0,1150,21.0,laptop,0.0,college,1.0,English,0.0,0.0,Y,8.337,361.0258113,Blaise Matuidi,1,5743.597168,Hughes-Elizabeth Lakes Union Elementary,1,10,7,10,0,3
eed8457e-2f39-4f4a-a3fc-7bc9fa57d880,3-2,1,29190,19031,10159,120,1.0,1150,21.0,laptop,0.0,college,1.0,English,0.0,0.0,Y,10.697,378.330093,Tomáš Rosický,2,5702.705078,Mountain View Elementary,4,1,7,10,0,3
eed8457e-2f39-4f4a-a3fc-7bc9fa57d880,1-2,1,40579,27907,12672,383,0.6666666667,1150,21.0,laptop,0.0,college,1.0,English,0.0,0.0,Y,10.485,823.4493138,Jussi Jääskeläinen,5,4802.152832,Sulphur Springs Union Elementary,4,1,7,10,0,5
ef9702d4-36b9-4de8-a045-dbce0eb27a98,2-1,1,17016,16233,783,145,1.0,1438,21.0,desktop,0.0,college,0.0,English,0.0,0.0,Y,8.337,535.9452966,Sebastian Boenisch,1,5442.143066,Forestville Union Elementary,1,1,7,10,0,3
ef9702d4-36b9-4de8-a045-dbce0eb27a98,1-1,1,29199,18235,10964,324,0.3333333333,1438,21.0,desktop,0.0,college,0.0,English,0.0,0.0,Y,9.6,1066.081711,Didier Digard,4,4522.375488,Rosedale Union Elementary,3,1,7,10,0,6
ef9702d4-36b9-4de8-a045-dbce0eb27a98,2-2,0,15171,13451,1720,166,0.6666666667,1438,21.0,desktop,0.0,college,0.0,English,0.0,0.0,Y,7.638,740.4653929,Yaya Touré,3,4965.808105,Columbia Elementary,2,1,9,13,1,5
ef9702d4-36b9-4de8-a045-dbce0eb27a98,1-2,0,21308,17676,3632,383,0.6666666667,1438,21.0,desktop,0.0,college,0.0,English,0.0,0.0,Y,10.485,1300.067889,Manuel Friedrich,2,5358.326172,Colfax Elementary,4,1,9,13,1,5
ef9702d4-36b9-4de8-a045-dbce0eb27a98,3-1,1,10018,7201,2817,106,1.0,1438,21.0,desktop,0.0,college,0.0,English,0.0,0.0,Y,11.081,883.2106652,Charles Kaboré,4,5784.625,Mt. Shasta Union Elementary,3,1,4,6,0,4
ef9702d4-36b9-4de8-a045-dbce0eb27a98,3-2,0,10265,9064,1201,120,0.6666666667,1438,21.0,desktop,0.0,college,0.0,English,0.0,0.0,Y,10.697,794.3512798,Luke Garbutt,3,5072.70459,Piner-Olivet Union Elementary,1,1,7,10,0,6
f01af761-d426-46f0-ac95-33b120cf9e23,2-2,1,36611,35107,1504,166,1.0,1438,21.0,desktop,0.0,college,1.0,English,0.0,0.0,Y,7.638,283.7041046,Jason Puncheon,3,5556.041016,Bass Lake Joint Elementary,4,1,3,5,0,6
f01af761-d426-46f0-ac95-33b120cf9e23,1-2,1,37315,32061,5254,383,0.6666666667,1438,21.0,desktop,0.0,college,1.0,English,0.0,0.0,Y,10.485,716.7586788,Benoît Pedretti,1,5190.310059,Cutten Elementary,4,2,3,5,0,5
f01af761-d426-46f0-ac95-33b120cf9e23,3-2,0,27253,25960,1293,120,1.0,1438,21.0,desktop,0.0,college,1.0,English,0.0,0.0,Y,10.697,277.3497689,Eric Bauthéac,4,5211.485352,Placerville Union Elementary,2,4,3,5,0,7
f01af761-d426-46f0-ac95-33b120cf9e23,3-1,1,29950,27822,2128,106,1.0,1438,21.0,desktop,0.0,college,1.0,English,0.0,0.0,Y,11.081,228.596075,Nico Brandenburger,3,5284.164063,Wright Elementary,4,3,7,10,0,6
f01af761-d426-46f0-ac95-33b120cf9e23,2-1,0,21229,21012,217,145,0.6666666667,1438,21.0,desktop,0.0,college,1.0,English,0.0,0.0,Y,8.337,414.0491148,Marc Lais,2,5331.920898,Evergreen Union Elementary,4,1,4,6,0,3
f01af761-d426-46f0-ac95-33b120cf9e23,1-1,0,47301,45601,1700,324,1.0,1438,21.0,desktop,0.0,college,1.0,English,0.0,0.0,Y,9.6,426.3064406,Mehdi Abeid,3,5599.60791,Old Adobe Union Elementary,3,3,3,5,0,6
f0cad925-aff5-4a6c-a8f2-4a0eaeaa248c,3-1,1,21728,20190,1538,106,0.6666666667,1438,28.0,desktop,0.0,college,0.0,English,0.0,0.0,Y,11.081,315.0074294,Joel Campbell,5,4881.899414,Wilmar Union Elementary,2,1,3,5,1,6
f0cad925-aff5-4a6c-a8f2-4a0eaeaa248c,1-2,0,96841,91375,5466,383,0.6666666667,1438,28.0,desktop,0.0,college,0.0,English,0.0,0.0,Y,10.485,251.4911081,Brett Holman,1,4700.432129,Ackerman Elementary,2,4,7,10,0,5
f0cad925-aff5-4a6c-a8f2-4a0eaeaa248c,1-1,1,60438,56132,4306,324,0.6666666667,1438,28.0,desktop,0.0,college,0.0,English,0.0,0.0,Y,9.6,346.3265161,Eirik Johansen,1,5650.0,Santa Cruz City Elementary,4,1,9,13,0,6
f0cad925-aff5-4a6c-a8f2-4a0eaeaa248c,2-2,1,29238,28438,800,166,0.6666666667,1438,28.0,desktop,0.0,college,0.0,English,0.0,0.0,Y,7.638,350.2356003,Zlatan Ibrahimović,4,5318.240723,Arcata Elementary,2,5,4,6,0,4
f0cad925-aff5-4a6c-a8f2-4a0eaeaa248c,2-1,0,36486,36219,267,145,1.0,1438,28.0,desktop,0.0,college,0.0,English,0.0,0.0,Y,8.337,240.205417,Joshua King,3,4709.054199,Alta Loma Elementary,3,1,7,10,1,3
f0cad925-aff5-4a6c-a8f2-4a0eaeaa248c,3-2,0,52145,51176,969,120,1.0,1438,28.0,desktop,0.0,college,0.0,English,0.0,0.0,Y,10.697,140.6909489,Ji-Sung Park,4,5143.19043,Foresthill Union Elementary,3,8,3,5,0,1
f1d9d03c-16e7-467d-8734-070773d65aed,3-1,1,39563,29981,9582,106,1.0,1135,25.0,laptop,0.0,college,1.0,English,0.0,0.0,Y,11.081,212.1343518,Jonas Olsson,3,5133.009766,Mother Lode Union Elementary,1,6,3,5,0,6
f1d9d03c-16e7-467d-8734-070773d65aed,1-1,0,102525,92767,9758,324,1.0,1135,25.0,laptop,0.0,college,1.0,English,0.0,0.0,Y,9.6,209.5572779,Jimmy Kébé,2,5081.455566,Ocean View Elementary,2,3,4,6,0,3
f1d9d03c-16e7-467d-8734-070773d65aed,1-2,1,115654,102090,13564,383,1.0,1135,25.0,laptop,0.0,college,1.0,English,0.0,0.0,Y,10.485,225.095504, Iago Aspas,2,4016.41626,Lake Elementary,4,1,3,5,0,5
f1d9d03c-16e7-467d-8734-070773d65aed,2-1,1,50742,46491,4251,145,1.0,1135,25.0,laptop,0.0,college,1.0,English,0.0,0.0,Y,8.337,187.1329935,Ian Harte,4,5374.050293,San Mateo-Foster City Elementary,3,1,7,10,0,4
f1d9d03c-16e7-467d-8734-070773d65aed,3-2,0,49443,41811,7632,120,1.0,1135,25.0,laptop,0.0,college,1.0,English,0.0,0.0,Y,10.697,172.2034871,David Vaughan,3,5427.548828,Goleta Union Elementary,3,5,3,5,0,4
f1d9d03c-16e7-467d-8734-070773d65aed,2-2,0,57762,55347,2415,166,1.0,1135,25.0,laptop,0.0,college,1.0,English,0.0,0.0,Y,7.638,179.9555531,Lukas Podolski,1,5179.644531,Helendale Elementary,2,1,9,13,0,2
f21d665c-a1a5-47e4-a82b-fd8cf0b24f43,3-2,1,32786,29765,3021,120,1.0,1438,21.0,desktop,0.0,college,0.0,English,0.0,0.0,Y,10.697,241.8948429,Florent Chaigneau,2,5400.0,Petaluma City Elementary,1,1,3,5,1,5
f21d665c-a1a5-47e4-a82b-fd8cf0b24f43,2-2,1,23024,22740,284,166,1.0,1438,21.0,desktop,0.0,college,0.0,English,0.0,0.0,Y,7.638,437.994723,Hrvoje Čale,2,5726.146484,Sunnyvale Elementary,2,6,7,10,0,6
f21d665c-a1a5-47e4-a82b-fd8cf0b24f43,2-1,0,23843,23576,267,145,1.0,1438,21.0,desktop,0.0,college,0.0,English,0.0,0.0,Y,8.337,369.0193417,Patrick Helmes,3,5003.870117,College Elementary,1,6,7,10,0,6
f21d665c-a1a5-47e4-a82b-fd8cf0b24f43,1-2,0,50256,45398,4858,383,1.0,1438,21.0,desktop,0.0,college,0.0,English,0.0,0.0,Y,10.485,506.1897,Ryan Taylor,3,4969.51123,La Mesa-Spring Valley,2,2,4,6,0,1
f21d665c-a1a5-47e4-a82b-fd8cf0b24f43,1-1,1,58378,56614,1764,324,1.0,1438,21.0,desktop,0.0,college,0.0,English,0.0,0.0,Y,9.6,343.377963,Alexander Esswein,3,4747.295898,Huntington Beach City Elementary,3,4,9,13,0,7
f21d665c-a1a5-47e4-a82b-fd8cf0b24f43,3-1,0,26599,19769,6830,106,1.0,1438,21.0,desktop,0.0,college,0.0,English,0.0,0.0,Y,11.081,321.7158177,Christian Benteke,4,4543.305176,Solvang Elementary,1,1,7,10,0,6
f33ac1f3-83dc-471c-9b3d-dacdf51395f3,2-2,1,40407,33136,7271,166,1.0,1366,30.0,laptop,0.0,college,0.0,English,0.0,0.0,Y,7.638,300.5794302, Manuel Pablo,1,5229.591309,Soquel Elementary,2,1,4,6,0,1
f33ac1f3-83dc-471c-9b3d-dacdf51395f3,3-2,0,35383,24683,10700,120,1.0,1366,30.0,laptop,0.0,college,0.0,English,0.0,0.0,Y,10.697,291.69874,Philipp Wollscheid,5,4507.353027,Capay Joint Union Elementary,3,9,7,10,0,6
f33ac1f3-83dc-471c-9b3d-dacdf51395f3,1-1,1,80054,47353,32701,324,0.6666666667,1366,30.0,laptop,0.0,college,0.0,English,0.0,0.0,Y,9.6,410.5336515,Özkan Yildirim,2,5302.62793,Gravenstein Union Elementary,1,1,3,5,0,6
f33ac1f3-83dc-471c-9b3d-dacdf51395f3,3-1,1,32242,19931,12311,106,1.0,1366,30.0,laptop,0.0,college,0.0,English,0.0,0.0,Y,11.081,319.1008981, Gabi,2,5545.610352,Pleasant Valley Elementary,4,1,4,6,0,5
f33ac1f3-83dc-471c-9b3d-dacdf51395f3,2-1,0,40167,23573,16594,145,0.6666666667,1366,30.0,laptop,0.0,college,0.0,English,0.0,0.0,Y,8.337,369.0663047,Ashkan Dejagah,2,4615.908691,Pioneer Union Elementary,3,1,4,6,0,1
f33ac1f3-83dc-471c-9b3d-dacdf51395f3,1-2,0,89249,56665,32584,383,0.6666666667,1366,30.0,laptop,0.0,college,0.0,English,0.0,0.0,Y,10.485,405.5413395,Jason Puncheon,2,5397.689453,Santee Elementary,1,1,3,5,0,4
f3976e86-1195-43c9-a4d9-901ec02d365d,2-1,0,45497,42843,2654,145,0.6666666667,1438,35.0,desktop,0.0,high school,0.0,German,0.0,0.0,N,8.337,203.0670121,Ian Harte,4,5118.373047,Johnstonville Elementary,3,2,3,5,0,1
f3976e86-1195-43c9-a4d9-901ec02d365d,3-2,1,37244,34528,2716,120,1.0,1438,35.0,desktop,0.0,high school,0.0,German,0.0,0.0,N,10.697,208.5264133, Samuel,4,5008.070801,Pleasant Valley Elementary,4,1,3,5,0,4
f3976e86-1195-43c9-a4d9-901ec02d365d,1-2,0,117058,107265,9793,383,1.0,1438,35.0,desktop,0.0,high school,0.0,German,0.0,0.0,N,10.485,214.2357712,Ciprian Marica,2,4906.030273,Curtis Creek Elementary,4,1,3,5,0,7
f3976e86-1195-43c9-a4d9-901ec02d365d,3-1,0,53954,52989,965,106,1.0,1438,35.0,desktop,0.0,high school,0.0,German,0.0,0.0,N,11.081,120.0249108,Kaspars Gorkšs,4,6870.346191,Fort Jones Union Elementary,1,1,4,6,0,6
f3976e86-1195-43c9-a4d9-901ec02d365d,2-2,1,53055,52411,644,166,1.0,1438,35.0,desktop,0.0,high school,0.0,German,0.0,0.0,N,7.638,190.0364427,Steed Malbranque,5,5301.716309,Mark West Union Elementary,4,1,4,6,0,6
f3976e86-1195-43c9-a4d9-901ec02d365d,1-1,1,80308,75020,5288,324,0.3333333333,1438,35.0,desktop,0.0,high school,0.0,German,0.0,0.0,N,9.6,259.1308984,Stewart Downing,2,5182.365723,Alpine Union Elementary,3,1,7,10,0,5
f4c048c3-5be9-4b2a-b8fd-4e03516dac50,3-2,1,39497,32292,7205,120,1.0,1294,24.0,laptop,0.0,college,1.0,Chinese,0.0,0.0,N,10.697,222.9654404,Nicky Shorey,4,4999.46875,Sebastopol Union Elementary,3,2,7,10,0,5
f4c048c3-5be9-4b2a-b8fd-4e03516dac50,2-1,0,36528,32290,4238,145,1.0,1294,24.0,laptop,0.0,college,1.0,Chinese,0.0,0.0,N,8.337,269.4332611,Wesley Hoolahan,1,6732.066406,Freshwater Elementary,4,4,7,10,0,5
f4c048c3-5be9-4b2a-b8fd-4e03516dac50,3-1,0,27049,23076,3973,106,1.0,1294,24.0,laptop,0.0,college,1.0,Chinese,0.0,0.0,N,11.081,275.6110244,Gerald Asamoah,2,4612.989746,Norris Elementary,3,7,7,10,0,4
f4c048c3-5be9-4b2a-b8fd-4e03516dac50,2-2,1,34969,26479,8490,166,1.0,1294,24.0,laptop,0.0,college,1.0,Chinese,0.0,0.0,N,7.638,376.1471355, Sílvio,3,5478.845703,Springville Union Elementary,2,2,4,6,0,5
f4c048c3-5be9-4b2a-b8fd-4e03516dac50,1-1,1,74354,61079,13275,324,1.0,1294,24.0,laptop,0.0,college,1.0,Chinese,0.0,0.0,N,9.6,318.2763307,Gregory van der Wiel,2,5666.713867,Moreland Elementary,4,12,3,5,1,5
f4c048c3-5be9-4b2a-b8fd-4e03516dac50,1-2,0,81375,70889,10486,383,0.6666666667,1294,24.0,laptop,0.0,college,1.0,Chinese,0.0,0.0,N,10.485,324.1687709,Granddi Ngoyi,2,4742.51416,Maple Elementary,2,1,3,5,1,1
f50cdb0b-d082-4ab1-b5f9-17fa8540795c,2-1,0,8852,7350,1502,145,0.6666666667,1438,,,,,,,,,,8.337,1183.673469, De Lucas,2,4907.392578,Kings River-Hardwick Union Elementary,4,2,7,10,0,5
f50cdb0b-d082-4ab1-b5f9-17fa8540795c,3-2,1,21689,21015,674,120,1.0,1438,,,,,,,,,,10.697,342.6124197,Martín Demichelis,2,5700.402344,Julian Union Elementary,2,2,7,10,0,5
f50cdb0b-d082-4ab1-b5f9-17fa8540795c,1-1,0,15361,14797,564,324,0.3333333333,1438,,,,,,,,,,9.6,1313.77982,Szabolcs Huszti,4,5191.834473,Cardiff Elementary,2,2,7,10,1,5
f50cdb0b-d082-4ab1-b5f9-17fa8540795c,3-1,0,17776,16530,1246,106,1.0,1438,,,,,,,,,,11.081,384.7549909,Frazier Campbell,3,4451.256836,Saucelito Elementary,1,1,3,5,0,1
f50cdb0b-d082-4ab1-b5f9-17fa8540795c,2-2,1,20319,18910,1409,166,1.0,1438,,,,,,,,,,7.638,526.7054469,Lee Barnard,2,5627.527832,Bonsall Union Elementary,2,2,3,5,1,6
f50cdb0b-d082-4ab1-b5f9-17fa8540795c,1-2,1,32718,30924,1794,383,1.0,1438,,,,,,,,,,10.485,743.1121459,Damien Duff,2,4922.939941,Cypress Elementary,1,3,7,10,0,5
f5c14e8b-4996-4b12-b844-3d5e0f8548e1,2-1,1,26245,25519,726,145,1.0,1366,28.0,laptop,0.0,college,1.0,English,0.0,0.0,Y,8.337,340.9224499,Yassine El Ghanassi,4,4969.380859,Lowell Joint Elementary,3,2,4,6,0,1
f5c14e8b-4996-4b12-b844-3d5e0f8548e1,1-2,0,48527,45487,3040,383,0.6666666667,1366,28.0,laptop,0.0,college,1.0,English,0.0,0.0,Y,10.485,505.1992877,John Arne Riise,5,4829.717285,Newhall Elementary,2,1,7,10,0,6
f5c14e8b-4996-4b12-b844-3d5e0f8548e1,1-1,1,55150,50636,4514,324,0.6666666667,1366,28.0,laptop,0.0,college,1.0,English,0.0,0.0,Y,9.6,383.9165811,Robert Zillner,3,6716.692871,Lagunitas Elementary,2,4,7,10,0,5
f5c14e8b-4996-4b12-b844-3d5e0f8548e1,3-2,1,34455,32634,1821,120,0.6666666667,1366,28.0,laptop,0.0,college,1.0,English,0.0,0.0,Y,10.697,220.6287921,Anton Putsila,3,5205.941895,Cambrian Elementary,2,1,7,10,0,5
f5c14e8b-4996-4b12-b844-3d5e0f8548e1,3-1,0,22651,18942,3709,106,1.0,1366,28.0,laptop,0.0,college,1.0,English,0.0,0.0,Y,11.081,335.7617992,Emir Spahić,4,4357.826172,Richfield Elementary,3,1,7,10,0,6
f5c14e8b-4996-4b12-b844-3d5e0f8548e1,2-2,0,34938,30864,4074,166,1.0,1366,28.0,laptop,0.0,college,1.0,English,0.0,0.0,Y,7.638,322.7060653,Christian Fuchs,3,5195.918945,Fieldbrook Elementary,4,1,7,10,0,5
f651fa11-f278-4210-a9d1-b266fc9ea9b1,2-1,0,72194,68878,3316,145,0.6666666667,1438,35.0,desktop,2.0,college,1.0,English,0.0,1.0,Y,8.337,126.3102878,Emanuel Pogatetz,4,6002.071777,Dehesa Elementary,3,1,9,13,0,6
f651fa11-f278-4210-a9d1-b266fc9ea9b1,3-1,1,36759,36203,556,106,1.0,1438,35.0,desktop,2.0,college,1.0,English,0.0,1.0,Y,11.081,175.6760489,Mickaël Tacalfred,5,5090.587891,Cottonwood Union Elementary,3,4,9,13,0,5
f651fa11-f278-4210-a9d1-b266fc9ea9b1,3-2,0,63588,61223,2365,120,1.0,1438,35.0,desktop,2.0,college,1.0,English,0.0,1.0,Y,10.697,117.6028617,Anton Putsila,1,5112.390137,Fruitvale Elementary,4,1,4,6,0,6
f651fa11-f278-4210-a9d1-b266fc9ea9b1,1-2,0,119689,117108,2581,383,1.0,1438,35.0,desktop,2.0,college,1.0,English,0.0,1.0,Y,10.485,196.2291218,Mike Williamson,4,5287.35498,Union Elementary,2,1,7,10,0,5
f651fa11-f278-4210-a9d1-b266fc9ea9b1,2-2,1,30616,29543,1073,166,0.6666666667,1438,35.0,desktop,2.0,college,1.0,English,0.0,1.0,Y,7.638,337.1357005,Andreas Beck,3,4889.47998,Fountain Valley Elementary,3,1,3,5,0,1
f651fa11-f278-4210-a9d1-b266fc9ea9b1,1-1,1,108696,107372,1324,324,0.6666666667,1438,35.0,desktop,2.0,college,1.0,English,0.0,1.0,Y,9.6,181.0527884, Manuel Pablo,4,5118.130371,Gold Oak Union Elementary,1,2,3,5,0,5
f67e5c09-d2e4-47d1-9df5-bbf2a9c7765a,2-2,1,48310,47532,778,166,1.0,1438,32.0,desktop,0.0,professional school,1.0,English,0.0,0.0,Y,7.638,209.5430447,Shaun Wright-Phillips,1,5119.123047,Buckeye Union Elementary,1,1,3,5,0,3
f67e5c09-d2e4-47d1-9df5-bbf2a9c7765a,3-1,0,33832,31439,2393,106,1.0,1438,32.0,desktop,0.0,professional school,1.0,English,0.0,0.0,Y,11.081,202.2965107,Hatem Ben Arfa,3,4792.211426,Rocklin Unified,1,1,7,10,0,1
f67e5c09-d2e4-47d1-9df5-bbf2a9c7765a,3-2,1,40079,38856,1223,120,1.0,1438,32.0,desktop,0.0,professional school,1.0,English,0.0,0.0,Y,10.697,185.2995676, Fábio Coentrão,5,5450.103516,Gold Trail Union Elementary,2,1,4,6,0,6
f67e5c09-d2e4-47d1-9df5-bbf2a9c7765a,1-2,1,116827,114272,2555,383,0.6666666667,1438,32.0,desktop,0.0,professional school,1.0,English,0.0,0.0,Y,10.485,201.0991319,Ludovic Giuly,5,5210.724609,Hydesville Elementary,2,1,3,5,0,6
f67e5c09-d2e4-47d1-9df5-bbf2a9c7765a,1-1,0,94066,89943,4123,324,1.0,1438,32.0,desktop,0.0,professional school,1.0,English,0.0,0.0,Y,9.6,216.1368867,Grant Holt,5,4715.445801,Saugus Union Elementary,1,3,3,5,0,1
f67e5c09-d2e4-47d1-9df5-bbf2a9c7765a,2-1,0,52312,50534,1778,145,0.6666666667,1438,32.0,desktop,0.0,professional school,1.0,English,0.0,0.0,Y,8.337,172.1613171, Kaká,2,4632.068359,Loomis Union Elementary,3,4,7,10,0,6
f74db555-3110-484a-bdc4-b09f6cf1c720,2-2,0,32662,31016,1646,166,0.6666666667,1135,33.0,laptop,0.0,college,1.0,English,0.0,0.0,Y,7.638,321.1245809, Juanfran,5,5028.561523,Placer Hills Union Elementary,4,1,9,13,0,5
f74db555-3110-484a-bdc4-b09f6cf1c720,3-1,1,17977,15496,2481,106,1.0,1135,33.0,laptop,0.0,college,1.0,English,0.0,0.0,Y,11.081,410.4284977, Albelda,3,5695.466797,Dunham Elementary,2,2,4,6,0,5
f74db555-3110-484a-bdc4-b09f6cf1c720,1-2,0,53382,49235,4147,383,1.0,1135,33.0,laptop,0.0,college,1.0,English,0.0,0.0,Y,10.485,466.7411394,Jean Beausejour,4,4504.294922,San Carlos Elementary,2,4,7,10,0,6
f74db555-3110-484a-bdc4-b09f6cf1c720,3-2,0,41636,39759,1877,120,1.0,1135,33.0,laptop,0.0,college,1.0,English,0.0,0.0,Y,10.697,181.0910737,Aaron Hughes,2,5156.437012,Ready Springs Union Elementary,2,2,3,5,0,5
f74db555-3110-484a-bdc4-b09f6cf1c720,2-1,1,38891,34302,4589,145,1.0,1135,33.0,laptop,0.0,college,1.0,English,0.0,0.0,Y,8.337,253.629526, Iniesta,4,5433.51416,Coarsegold Union Elementary,1,2,3,5,0,3
f74db555-3110-484a-bdc4-b09f6cf1c720,1-1,1,58101,53680,4421,324,0.6666666667,1135,33.0,laptop,0.0,college,1.0,English,0.0,0.0,Y,9.6,362.1460507, Diego López,2,5254.631836,Cayucos Elementary,2,5,4,6,0,6
f899e672-b04f-45ac-8570-174894f1831c,2-2,1,31863,24019,7844,166,1.0,1366,35.0,laptop,0.0,graduate school,0.0,English,0.0,0.0,Y,7.638,414.6717182,Ryan Dickson,5,4593.196777,Richmond Elementary,4,1,3,5,0,3
f899e672-b04f-45ac-8570-174894f1831c,1-2,0,50047,19091,30956,383,1.0,1366,35.0,laptop,0.0,graduate school,0.0,English,0.0,0.0,Y,10.485,1203.708554,Jens Langeneke,2,4320.678711,Clay Joint Elementary,3,1,7,10,0,6
f899e672-b04f-45ac-8570-174894f1831c,3-2,0,24140,18061,6079,120,1.0,1366,35.0,laptop,0.0,graduate school,0.0,English,0.0,0.0,Y,10.697,398.6490228,Richard Chaplow,5,4920.777344,Waugh Elementary,4,7,3,5,0,6
f899e672-b04f-45ac-8570-174894f1831c,3-1,1,27843,13661,14182,106,1.0,1366,35.0,laptop,0.0,graduate school,0.0,English,0.0,0.0,Y,11.081,465.5588903, Casado,4,6905.869141,Two Rock Union Elementary,4,1,9,13,0,6
f899e672-b04f-45ac-8570-174894f1831c,2-1,0,36942,29357,7585,145,0.6666666667,1366,35.0,laptop,0.0,graduate school,0.0,English,0.0,0.0,Y,8.337,296.3518071, Ayoze,1,5729.904297,Belmont-Redwood Shores Elementary,1,2,3,5,1,5
f899e672-b04f-45ac-8570-174894f1831c,1-1,1,55716,40617,15099,324,0.6666666667,1366,35.0,laptop,0.0,graduate school,0.0,English,0.0,0.0,Y,9.6,478.6173277,Aaron Lennon,4,4825.202148,Rescue Union Elementary,1,6,7,10,0,3
f8f2d78d-c54d-48be-ae80-43fab72a956d,1-2,0,90094,88644,1450,383,1.0,380,20.0,smartphone,0.0,college,0.0,English,0.0,0.0,Y,10.485,259.239204,Jonas Olsson,5,5388.17041,Alta-Dutch Flat Union Elementary,1,3,7,10,0,4
f8f2d78d-c54d-48be-ae80-43fab72a956d,2-2,1,38656,38656,0,166,1.0,380,20.0,smartphone,0.0,college,0.0,English,0.0,0.0,Y,7.638,257.6572848,Karl Sheppard,4,5133.827148,San Pasqual Union Elementary,1,1,4,6,0,1
f8f2d78d-c54d-48be-ae80-43fab72a956d,3-1,1,35776,35673,103,106,1.0,380,20.0,smartphone,0.0,college,0.0,English,0.0,0.0,Y,11.081,178.2860987,Fabien Camus,4,5346.15625,Latrobe Elementary,1,1,9,13,1,5
f8f2d78d-c54d-48be-ae80-43fab72a956d,2-1,0,39320,39320,0,145,1.0,380,20.0,smartphone,0.0,college,0.0,English,0.0,0.0,Y,8.337,221.2614446,Max Kruse,4,4789.309082,Union Hill Elementary,2,10,7,10,1,6
f8f2d78d-c54d-48be-ae80-43fab72a956d,3-2,0,35144,34841,303,120,1.0,380,20.0,smartphone,0.0,college,0.0,English,0.0,0.0,Y,10.697,206.6530811,Jonathan Zebina,5,5329.782227,Twin Hills Union Elementary,4,3,4,6,0,7
f8f2d78d-c54d-48be-ae80-43fab72a956d,1-1,1,85472,84802,670,324,1.0,380,20.0,smartphone,0.0,college,0.0,English,0.0,0.0,Y,9.6,229.2398764,Marcel Halstenberg,3,5371.172852,Pacific Union Elementary,2,1,7,10,0,6
f9557d5c-0a28-4f14-b9bf-1a0308ed9546,3-1,1,17504,15911,1593,106,1.0,1212,,,,,,,,,,11.081,399.7234618,Abel Aguilar,2,5771.383789,Douglas City Elementary,4,2,3,5,1,5
f9557d5c-0a28-4f14-b9bf-1a0308ed9546,1-2,1,30428,28223,2205,383,0.3333333333,1212,,,,,,,,,,10.485,814.2295291, Cristian Gómez,2,4993.634766,Pleasant Ridge Union Elementary,3,2,4,6,0,4
f9557d5c-0a28-4f14-b9bf-1a0308ed9546,2-2,1,13580,12213,1367,166,1.0,1212,,,,,,,,,,7.638,815.5244412,Guy Demel,4,4854.038086,Newcastle Elementary,4,1,4,6,0,6
f9557d5c-0a28-4f14-b9bf-1a0308ed9546,3-2,0,15517,12804,2713,120,0.6666666667,1212,,,,,,,,,,10.697,562.3242737, Borja Oubiña,2,4392.679688,Mesa Union Elementary,4,2,3,5,0,3
f9557d5c-0a28-4f14-b9bf-1a0308ed9546,1-1,0,29834,27747,2087,324,0.6666666667,1212,,,,,,,,,,9.6,700.6162828, Novaes,4,5884.432129,Weaverville Elementary,4,1,3,5,1,6
f9557d5c-0a28-4f14-b9bf-1a0308ed9546,2-1,0,13258,12019,1239,145,0.6666666667,1212,,,,,,,,,,8.337,723.853898,Steven Whittaker,3,4273.993164,North Cow Creek Elementary,3,1,3,5,0,6
f9b78c22-3fa5-4a9d-b697-ca70e5a794a3,2-2,0,30724,26618,4106,166,0.6666666667,1212,25.0,laptop,0.0,graduate school,1.0,Portuguese,0.0,0.0,N,7.638,374.1828838,Anders Lindegaard,5,5146.78418,Nevada City Elementary,2,2,3,5,0,5
f9b78c22-3fa5-4a9d-b697-ca70e5a794a3,1-2,1,49438,42501,6937,383,1.0,1212,25.0,laptop,0.0,graduate school,1.0,Portuguese,0.0,0.0,N,10.485,540.6931602, David Navarro,2,5351.522949,Jacoby Creek Elementary,1,2,4,6,0,6
f9b78c22-3fa5-4a9d-b697-ca70e5a794a3,3-1,0,46896,38640,8256,106,1.0,1212,25.0,laptop,0.0,graduate school,1.0,Portuguese,0.0,0.0,N,11.081,164.5962733,Djiby Fall,3,7667.571777,Fort Ross Elementary,2,1,4,6,0,5
f9b78c22-3fa5-4a9d-b697-ca70e5a794a3,1-1,0,46602,44658,1944,324,0.6666666667,1212,25.0,laptop,0.0,graduate school,1.0,Portuguese,0.0,0.0,N,9.6,435.3083434, Iker Casillas,5,5281.708984,Encinitas Union Elementary,2,1,7,10,0,4
f9b78c22-3fa5-4a9d-b697-ca70e5a794a3,3-2,1,30944,26722,4222,120,0.6666666667,1212,25.0,laptop,0.0,graduate school,1.0,Portuguese,0.0,0.0,N,10.697,269.4409101,Korey Smith,2,5368.50293,Dixie Elementary,3,3,7,10,0,5
f9b78c22-3fa5-4a9d-b697-ca70e5a794a3,2-1,1,24829,22464,2365,145,0.6666666667,1212,25.0,laptop,0.0,graduate school,1.0,Portuguese,0.0,0.0,N,8.337,387.2863248,Ryan Bertrand,4,6429.257324,Lakeside Joint Elementary,1,3,7,10,0,4
fa08b044-8623-4659-959e-63953534e08d,2-2,0,73322,68091,5231,166,1.0,880,16.0,smartphone,1.0,high school,1.0,English,0.0,1.0,Y,7.638,146.2748381,Carlos Zambrano,1,5387.458984,Hermosa Beach City Elementary,3,2,7,10,0,5
fa08b044-8623-4659-959e-63953534e08d,1-1,1,91534,85583,5951,324,0.6666666667,880,16.0,smartphone,1.0,high school,1.0,English,0.0,1.0,Y,9.6,227.1479149,Dennis Diekmeier,4,5235.774902,Rincon Valley Union Elementary,2,1,4,6,0,5
fa08b044-8623-4659-959e-63953534e08d,2-1,1,61862,35312,26550,145,0.6666666667,880,16.0,smartphone,1.0,high school,1.0,English,0.0,1.0,Y,8.337,246.3751699, Diego Alves,3,4829.896484,Washington Union Elementary,1,1,3,5,0,5
fa08b044-8623-4659-959e-63953534e08d,3-2,1,59034,38233,20801,120,0.6666666667,880,16.0,smartphone,1.0,high school,1.0,English,0.0,1.0,Y,10.697,188.3189914,Loris Karius,3,5088.708008,Bennett Valley Union Elementary,4,2,3,5,0,6
fa08b044-8623-4659-959e-63953534e08d,3-1,0,45261,34592,10669,106,0.6666666667,880,16.0,smartphone,1.0,high school,1.0,English,0.0,1.0,Y,11.081,183.8575393, Dante,3,5390.118164,Loma Prieta Joint Union Elemen,3,1,7,10,0,5
fa08b044-8623-4659-959e-63953534e08d,1-2,0,113992,37308,76684,383,0.6666666667,880,16.0,smartphone,1.0,high school,1.0,English,0.0,1.0,Y,10.485,615.9536829,Jon Flanagan,2,6588.430664,Kenwood Elementary,2,4,7,10,0,7
fa246754-e497-43c2-b08f-7b8daea1b410,3-2,0,31614,31256,358,120,1.0,1135,55.0,desktop,0.0,PhD,1.0,English,0.0,0.0,Y,10.697,230.3557717,Yunus Malli,3,6196.694824,Liberty Elementary,2,1,7,10,0,6
fa246754-e497-43c2-b08f-7b8daea1b410,1-2,1,71649,68848,2801,383,1.0,1135,55.0,desktop,0.0,PhD,1.0,English,0.0,0.0,Y,10.485,333.778759,John Arne Riise,4,4645.413086,Knights Ferry Elementary,1,4,3,5,1,6
fa246754-e497-43c2-b08f-7b8daea1b410,2-2,0,27757,27757,0,166,1.0,1135,55.0,desktop,0.0,PhD,1.0,English,0.0,0.0,Y,7.638,358.8284036,Ian Harte,2,6489.928711,Kentfield Elementary,2,1,3,5,0,3
fa246754-e497-43c2-b08f-7b8daea1b410,2-1,1,30889,30567,322,145,1.0,1135,55.0,desktop,0.0,PhD,1.0,English,0.0,0.0,Y,8.337,284.6206693,Javier Mascherano,4,5094.958984,Ballard Elementary,1,1,7,10,0,3
fa246754-e497-43c2-b08f-7b8daea1b410,3-1,1,30472,29621,851,106,1.0,1135,55.0,desktop,0.0,PhD,1.0,English,0.0,0.0,Y,11.081,214.712535,Geoffrey Jourdren,4,4841.958496,Oak Grove Union Elementary,3,6,4,6,0,1
fa246754-e497-43c2-b08f-7b8daea1b410,1-1,0,55775,55102,673,324,0.3333333333,1135,55.0,desktop,0.0,PhD,1.0,English,0.0,0.0,Y,9.6,352.8002613,Kenwyne Jones,1,6315.3125,Ross Valley Elementary,2,1,7,10,1,6
fb6a141a-25cb-4495-9b22-48bc79dbd24e,1-2,0,31923,22477,9446,383,0.6666666667,1137,28.0,laptop,0.0,graduate school,1.0,English,0.0,0.0,Y,10.485,1022.378431, Rincón,4,5399.383301,Mountain Elementary,2,2,7,10,0,5
fb6a141a-25cb-4495-9b22-48bc79dbd24e,3-1,0,24940,22754,2186,106,1.0,1137,28.0,laptop,0.0,graduate school,1.0,English,0.0,0.0,Y,11.081,279.5112947, Jesús Gámez,3,5429.473633,Burlingame Elementary,4,6,7,10,0,5
fb6a141a-25cb-4495-9b22-48bc79dbd24e,3-2,1,26052,24605,1447,120,1.0,1137,28.0,laptop,0.0,graduate school,1.0,English,0.0,0.0,Y,10.697,292.6234505,Daniel Braaten,3,5644.286133,Grant Elementary,2,1,7,10,0,1
fb6a141a-25cb-4495-9b22-48bc79dbd24e,2-1,0,18186,16411,1775,145,0.6666666667,1137,28.0,laptop,0.0,graduate school,1.0,English,0.0,0.0,Y,8.337,530.1322284,Gerrit Wegkamp,3,6060.256836,Happy Valley Elementary,3,1,7,10,1,1
fb6a141a-25cb-4495-9b22-48bc79dbd24e,2-2,1,11206,9004,2202,166,1.0,1137,28.0,laptop,0.0,graduate school,1.0,English,0.0,0.0,Y,7.638,1106.175033,Nicolas Fauvergue,4,5319.553711,Bonny Doon Union Elementary,3,1,9,13,0,3
fb6a141a-25cb-4495-9b22-48bc79dbd24e,1-1,1,57094,52525,4569,324,0.6666666667,1137,28.0,laptop,0.0,graduate school,1.0,English,0.0,0.0,Y,9.6,370.1094717,Victor Montaño,2,4819.903809,Walnut Creek Elementary,2,6,9,13,0,5
fc04e88b-4dcb-4ad4-8171-4e21fe5f259e,2-2,1,29309,25915,3394,166,1.0,1212,35.0,laptop,0.0,high school,1.0,English,0.0,0.0,Y,7.638,384.3333976,Christophe Jallet,4,5208.226074,Hope Elementary,4,1,4,6,0,5
fc04e88b-4dcb-4ad4-8171-4e21fe5f259e,1-1,0,56233,52652,3581,324,1.0,1212,35.0,laptop,0.0,high school,1.0,English,0.0,0.0,Y,9.6,369.2167439, Arbeloa,5,5859.964844,Larkspur Elementary,2,1,7,10,0,5
fc04e88b-4dcb-4ad4-8171-4e21fe5f259e,3-2,1,26715,25558,1157,120,1.0,1212,35.0,laptop,0.0,high school,1.0,English,0.0,0.0,Y,10.697,281.7121841, Javi Fuego,1,4962.736816,Cupertino Union Elementary,3,6,3,5,1,3
fc04e88b-4dcb-4ad4-8171-4e21fe5f259e,1-2,1,66330,61180,5150,383,1.0,1212,35.0,laptop,0.0,high school,1.0,English,0.0,0.0,Y,10.485,375.6129454,Ron-Robert Zieler,5,7614.379395,Pacific Elementary,2,1,3,5,0,1
fc04e88b-4dcb-4ad4-8171-4e21fe5f259e,2-1,0,30183,28509,1674,145,1.0,1212,35.0,laptop,0.0,high school,1.0,English,0.0,0.0,Y,8.337,305.1667894,Paul Baysse,3,5566.467773,Los Gatos Union Elementary,1,2,3,5,0,6
fc04e88b-4dcb-4ad4-8171-4e21fe5f259e,3-1,0,18025,13674,4351,106,1.0,1212,35.0,laptop,0.0,high school,1.0,English,0.0,0.0,Y,11.081,465.1162791,Loïc Rémy,1,7039.949219,Montecito Union Elementary,1,1,7,10,0,6
fc06986a-ae94-4241-b930-3b90075bbcfb,1-2,0,54975,51941,3034,383,1.0,1438,,,,,,,,,,10.485,442.4250592,Kevin Volland,3,6604.063965,Solana Beach Elementary,1,1,4,6,0,5
fc06986a-ae94-4241-b930-3b90075bbcfb,2-2,1,45118,44406,712,166,1.0,1438,,,,,,,,,,7.638,224.2940143,René Adler,4,6180.148926,Menlo Park City Elementary,2,1,3,5,0,6
fc06986a-ae94-4241-b930-3b90075bbcfb,2-1,0,44661,43325,1336,145,0.6666666667,1438,,,,,,,,,,8.337,200.8078477,Philippe Senderos,5,6460.657227,Reed Union Elementary,1,1,3,5,0,1
fc06986a-ae94-4241-b930-3b90075bbcfb,3-2,0,32806,32337,469,120,0.6666666667,1438,,,,,,,,,,10.697,222.6551628,Matthieu Valbuena,2,6415.35498,Mill Valley Elementary,4,2,7,10,0,6
fc06986a-ae94-4241-b930-3b90075bbcfb,1-1,1,65895,60813,5082,324,1.0,1438,,,,,,,,,,9.6,319.6684919,Franck Béria,4,5230.876953,Lafayette Elementary,3,8,9,13,1,4
fc06986a-ae94-4241-b930-3b90075bbcfb,3-1,1,33805,30708,3097,106,0.6666666667,1438,,,,,,,,,,11.081,207.1121532,Johnny Heitinga,5,5838.171875,Del Mar Union Elementary,4,8,4,6,0,6
fc081f63-4e8c-43e7-ba36-428995498f3e,2-2,0,34803,28021,6782,166,1.0,880,26.0,smartphone,0.0,high school,1.0,English,0.0,0.0,Y,7.638,355.4476999,Jean-Pascal Mignot,4,7711.506836,Woodside Elementary,3,1,7,10,1,6
fc081f63-4e8c-43e7-ba36-428995498f3e,3-1,0,21287,16848,4439,106,0.6666666667,880,26.0,smartphone,0.0,high school,1.0,English,0.0,0.0,Y,11.081,377.4928775,Sylvain Armand,4,5592.765137,Moraga Elementary,1,10,3,5,0,6
fc081f63-4e8c-43e7-ba36-428995498f3e,1-1,0,73200,58431,14769,324,0.6666666667,880,26.0,smartphone,0.0,high school,1.0,English,0.0,0.0,Y,9.6,332.7001078,Christopher Glombard,4,5933.154297,Orinda Union Elementary,4,1,3,5,0,5
fc081f63-4e8c-43e7-ba36-428995498f3e,2-1,1,36744,22395,14349,145,1.0,880,26.0,smartphone,0.0,high school,1.0,English,0.0,0.0,Y,8.337,388.4795713,Aaron Hughes,4,7593.405762,Hillsborough City Elementary,3,1,4,6,0,5
fc081f63-4e8c-43e7-ba36-428995498f3e,1-2,1,76290,53805,22485,383,1.0,880,26.0,smartphone,0.0,high school,1.0,English,0.0,0.0,Y,10.485,427.0978534, Adriano,3,6500.449707,Cold Spring Elementary,3,12,3,5,0,6
fc081f63-4e8c-43e7-ba36-428995498f3e,3-2,1,36515,26962,9553,120,1.0,880,26.0,smartphone,0.0,high school,1.0,English,0.0,0.0,Y,10.697,267.0425043,Yaya Touré,2,7217.263184,Portola Valley Elementary,3,1,7,10,0,5
fc8fca36-1e38-4e4c-9112-621a6a9471e9,3-2,0,16911,15665,1246,120,0.3333333333,1212,21.0,laptop,0.0,high school,1.0,English,0.0,0.0,Y,10.697,459.6233642, Bartra,4,5392.638672,Saratoga Union Elementary,1,2,3,5,0,1
fc8fca36-1e38-4e4c-9112-621a6a9471e9,2-1,1,23543,21829,1714,145,1.0,1212,21.0,laptop,0.0,high school,1.0,English,0.0,0.0,Y,8.337,398.5523844,Abdoulwhaid Sissoko,4,7290.338867,Las Lomitas Elementary,1,1,9,13,0,6
fc8fca36-1e38-4e4c-9112-621a6a9471e9,1-2,0,35070,32773,2297,383,0.6666666667,1212,21.0,laptop,0.0,high school,1.0,English,0.0,0.0,Y,10.485,701.1869527,Zoumana Camara,5,5741.462891,Los Altos Elementary,4,14,3,5,0,5
fc8fca36-1e38-4e4c-9112-621a6a9471e9,2-2,0,24785,24152,633,166,0.6666666667,1212,21.0,laptop,0.0,high school,1.0,English,0.0,0.0,Y,7.638,412.388208,Geoffrey Kondogbia,5,4402.831543,Somis Union Elementary,3,2,7,10,0,7
fc8fca36-1e38-4e4c-9112-621a6a9471e9,3-1,1,18908,17113,1795,106,1.0,1212,21.0,laptop,0.0,high school,1.0,English,0.0,0.0,Y,11.081,371.6472857,Davide Santon,3,4776.336426,Plumas Elementary,2,1,7,10,0,5
fc8fca36-1e38-4e4c-9112-621a6a9471e9,1-1,1,43565,39273,4292,324,0.6666666667,1212,21.0,laptop,0.0,high school,1.0,English,0.0,0.0,Y,9.6,494.9965625,Ashley Young,4,5993.392578,Wheatland Elementary,3,4,4,6,0,6
fd573d43-4bb4-408c-a8c5-790b562841e6,2-1,0,94997,89476,5521,145,0.6666666667,1310,64.0,desktop,1.0,PhD,0.0,English,0.0,1.0,Y,8.337,97.2327775,Constant Djakpa,4,6384.911133,Sunol Glen Unified,4,4,9,13,0,3
fd573d43-4bb4-408c-a8c5-790b562841e6,3-1,1,47672,44621,3051,106,1.0,1310,64.0,desktop,1.0,PhD,0.0,English,0.0,1.0,Y,11.081,142.5337845,Jimmy Kébé,5,5099.380859,Manzanita Elementary,4,3,7,10,0,6
fd573d43-4bb4-408c-a8c5-790b562841e6,1-2,1,138930,135994,2936,383,1.0,1310,64.0,desktop,1.0,PhD,0.0,English,0.0,1.0,Y,10.485,168.9780431, Fábio Coentrão,4,5501.95459,Thermalito Union Elementary,2,2,4,6,0,1
fd573d43-4bb4-408c-a8c5-790b562841e6,2-2,1,60427,58899,1528,166,1.0,1310,64.0,desktop,1.0,PhD,0.0,English,0.0,1.0,Y,7.638,169.1030408,William Gallas,4,7101.831055,Golden Feather Union Elementary,2,1,7,10,0,2
fd573d43-4bb4-408c-a8c5-790b562841e6,1-1,0,109944,107566,2378,324,0.6666666667,1310,64.0,desktop,1.0,PhD,0.0,English,0.0,1.0,Y,9.6,180.7262518,Zoltán Gera,2,5235.987793,Palermo Union Elementary,3,2,3,5,0,2
fd573d43-4bb4-408c-a8c5-790b562841e6,3-2,0,95343,90787,4556,120,1.0,1310,64.0,desktop,1.0,PhD,0.0,English,0.0,1.0,Y,10.697,79.30650864, David Luiz,5,5580.146973,Burrel Union Elementary,2,9,4,6,0,5
fdcd623e-9c2f-4ad2-9d62-6901fea13049,2-1,1,24465,23655,810,145,1.0,1366,,,,,,,,,,8.337,367.7869372,Eirik Johansen,4,5253.331055,Holt Union Elementary,4,1,4,6,0,5
fdcd623e-9c2f-4ad2-9d62-6901fea13049,1-1,0,62185,58984,3201,324,1.0,1366,,,,,,,,,,9.6,329.5809033,Gilles Sunu,2,4565.746094,Vineland Elementary,2,2,3,5,0,1
fdcd623e-9c2f-4ad2-9d62-6901fea13049,3-2,1,27389,26108,1281,120,0.6666666667,1366,,,,,,,,,,10.697,275.7775395,Lars Unnerstall,3,5355.54834,Orange Center Elementary,1,1,3,5,0,5
fdcd623e-9c2f-4ad2-9d62-6901fea13049,2-2,0,26919,23885,3034,166,1.0,1366,,,,,,,,,,7.638,416.998116, Hélder Postiga,5,5036.211426,Del Paso Heights Elementary,4,1,3,5,0,6
fdcd623e-9c2f-4ad2-9d62-6901fea13049,3-1,0,20496,18969,1527,106,1.0,1366,,,,,,,,,,11.081,335.2838842,Marco Reus,2,4547.692383,Le Grand Union Elementary,1,1,3,5,0,4
fdcd623e-9c2f-4ad2-9d62-6901fea13049,1-2,1,48049,42889,5160,383,1.0,1366,,,,,,,,,,10.485,535.8017207,James McClean,4,5447.345215,West Fresno Elementary,3,8,4,6,0,5
fecaf7b1-1db6-46d4-92ab-aa1864c179ac,1-1,1,103440,71553,31887,324,0.6666666667,1294,50.0,laptop,0.0,PhD,1.0,English,0.0,0.0,Y,9.6,271.6867217,Loïc Perrin,2,6567.149414,Allensworth Elementary,4,4,4,6,0,6
fecaf7b1-1db6-46d4-92ab-aa1864c179ac,3-2,0,42023,30186,11837,120,1.0,1294,50.0,laptop,0.0,PhD,1.0,English,0.0,0.0,Y,10.697,238.5211688,Jermaine Jenas,2,4818.612793,Sunnyside Union Elementary,4,1,7,10,0,6
fecaf7b1-1db6-46d4-92ab-aa1864c179ac,2-1,1,42126,35415,6711,145,1.0,1294,50.0,laptop,0.0,PhD,1.0,English,0.0,0.0,Y,8.337,245.6586192,Joel Campbell,4,5621.456055,Woodville Elementary,1,1,7,10,0,1
fecaf7b1-1db6-46d4-92ab-aa1864c179ac,3-1,1,37442,27435,10007,106,1.0,1294,50.0,laptop,0.0,PhD,1.0,English,0.0,0.0,Y,11.081,231.820667,Michael Krohn-Dehli,4,6026.359863,Pixley Union Elementary,2,10,7,10,0,6
fecaf7b1-1db6-46d4-92ab-aa1864c179ac,1-2,0,89111,57946,31165,383,1.0,1294,50.0,laptop,0.0,PhD,1.0,English,0.0,0.0,Y,10.485,396.5761226, Pepe Reina,2,6723.237793,Lost Hills Union Elementary,2,3,7,10,1,6
fecaf7b1-1db6-46d4-92ab-aa1864c179ac,2-2,0,47521,31221,16300,166,1.0,1294,50.0,laptop,0.0,PhD,1.0,English,0.0,0.0,Y,7.638,319.0160469,Alex Song,2,5589.885254,Buttonwillow Union Elementary,4,11,4,6,0,6
ff3d06e6-c5ec-4c24-87dd-0dfc42864aa2,2-2,0,49817,36191,13626,166,1.0,1135,21.0,,0.0,,1.0,English,0.0,0.0,Y,7.638,275.2065431,Heinrich Schmidtgal,3,5064.615723,Lennox Elementary,3,1,3,5,0,5
ff3d06e6-c5ec-4c24-87dd-0dfc42864aa2,3-1,1,21136,16124,5012,106,1.0,1135,21.0,,0.0,,1.0,English,0.0,0.0,Y,11.081,394.4430662,Jonas Olsson,3,5433.593262,Lamont Elementary,4,1,3,5,1,5
ff3d06e6-c5ec-4c24-87dd-0dfc42864aa2,1-1,0,70060,53221,16839,324,1.0,1135,21.0,,0.0,,1.0,English,0.0,0.0,Y,9.6,365.2693486, Álvaro Vadillo,2,5725.563477,Westmorland Union Elementary,1,3,7,10,0,6
ff3d06e6-c5ec-4c24-87dd-0dfc42864aa2,3-2,0,23484,17138,6346,120,1.0,1135,21.0,,0.0,,1.0,English,0.0,0.0,Y,10.697,420.1190337,Jonny Howson,2,4542.10498,Pleasant View Elementary,4,4,7,10,0,1
ff3d06e6-c5ec-4c24-87dd-0dfc42864aa2,2-1,1,35944,29869,6075,145,0.6666666667,1135,21.0,,0.0,,1.0,English,0.0,0.0,Y,8.337,291.2718872, Míchel,4,5107.086426,Wasco Union Elementary,3,1,7,10,0,5
ff3d06e6-c5ec-4c24-87dd-0dfc42864aa2,1-2,1,89407,70182,19225,383,1.0,1135,21.0,,0.0,,1.0,English,0.0,0.0,Y,10.485,327.4343849, Omar Ramos,1,4659.661621,Alta Vista Elementary,4,1,3,5,0,5
ff595b52-47c0-48de-a732-ca6f366d3dfb,2-1,0,34113,33834,279,145,0.6666666667,1438,48.0,desktop,0.0,college,1.0,English,0.0,0.0,Y,8.337,257.1377904,Gonzalo Castro,2,4555.464355,Livingston Union Elementary,4,1,3,5,0,1
ff595b52-47c0-48de-a732-ca6f366d3dfb,3-1,1,25770,22740,3030,106,1.0,1438,48.0,desktop,0.0,college,1.0,English,0.0,0.0,Y,11.081,279.6833773,Frazer Richardson,5,5415.152832,Woodlake Union Elementary,1,2,7,10,0,6
ff595b52-47c0-48de-a732-ca6f366d3dfb,1-1,0,45223,38380,6843,324,0.6666666667,1438,48.0,desktop,0.0,college,1.0,English,0.0,0.0,Y,9.6,506.5138093, Óscar,5,4997.871582,Alisal Union Elementary,2,1,4,6,0,5
ff595b52-47c0-48de-a732-ca6f366d3dfb,3-2,0,27498,19670,7828,120,1.0,1438,48.0,desktop,0.0,college,1.0,English,0.0,0.0,Y,10.697,366.0396543, Jose Fonte,2,5223.912109,Arvin Union Elementary,1,4,7,10,0,5
ff595b52-47c0-48de-a732-ca6f366d3dfb,2-2,1,23011,21995,1016,166,1.0,1438,48.0,desktop,0.0,college,1.0,English,0.0,0.0,Y,7.638,452.8301887,Robert Hall,3,5139.164551,Terra Bella Union Elementary,2,1,7,10,0,6
ff595b52-47c0-48de-a732-ca6f366d3dfb,1-2,1,53279,37323,15956,383,1.0,1438,48.0,desktop,0.0,college,1.0,English,0.0,0.0,Y,10.485,615.7061329, Eduardo,1,4614.251953,Tipton Elementary,2,2,7,10,0,5
ff86ae10-c0aa-47ec-8b3d-4d48cafa9039,2-2,1,34747,34747,0,166,1.0,1438,50.0,desktop,0.0,college,0.0,English,0.0,0.0,Y,7.638,286.6434512,Toifilou Maoulida,4,5342.233398,San Ysidro Elementary,2,15,7,10,0,5
ff86ae10-c0aa-47ec-8b3d-4d48cafa9039,2-1,0,38061,36858,1203,145,1.0,1438,50.0,desktop,0.0,college,0.0,English,0.0,0.0,Y,8.337,236.0410223,Marc Albrighton,5,5347.458496,Soledad Unified,2,1,7,10,0,1
ff86ae10-c0aa-47ec-8b3d-4d48cafa9039,3-2,1,46921,44524,2397,120,1.0,1438,50.0,desktop,0.0,college,0.0,English,0.0,0.0,Y,10.697,161.7105381,Alan Tate,4,5036.458984,Mountain View Elementary,4,2,9,13,0,6
ff86ae10-c0aa-47ec-8b3d-4d48cafa9039,1-2,0,80172,75371,4801,383,1.0,1438,50.0,desktop,0.0,college,0.0,English,0.0,0.0,Y,10.485,304.8918019,Marc Lais,1,5117.141602,King City Union Elementary,2,1,9,13,0,5
ff86ae10-c0aa-47ec-8b3d-4d48cafa9039,1-1,1,68621,61416,7205,324,0.6666666667,1438,50.0,desktop,0.0,college,0.0,English,0.0,0.0,Y,9.6,316.5298945,Cheick Diabaté,4,5117.039551,Ontario-Montclair Elementary,3,2,4,6,0,6
ff86ae10-c0aa-47ec-8b3d-4d48cafa9039,3-1,0,44052,39497,4555,106,1.0,1438,50.0,desktop,0.0,college,0.0,English,0.0,0.0,Y,11.081,161.024888, Valerón,2,5272.191895,Los Nietos Elementary,1,5,7,10,0,4
ffecc92e-4523-43bc-881f-86a60ec0cb05,1-1,1,78226,75572,2654,324,1.0,1438,57.0,desktop,0.0,graduate school,1.0,English,0.0,0.0,Y,9.6,257.2381305, Sergio Ramos,2,5225.719238,Winton Elementary,1,1,3,5,1,5
ffecc92e-4523-43bc-881f-86a60ec0cb05,2-1,0,37661,36163,1498,145,1.0,1438,57.0,desktop,0.0,graduate school,1.0,English,0.0,0.0,Y,8.337,240.5773857,Artur Boruc,4,6516.533203,Raisin City Elementary,1,1,3,5,1,6
ffecc92e-4523-43bc-881f-86a60ec0cb05,3-2,0,34293,33242,1051,120,1.0,1438,57.0,desktop,0.0,graduate school,1.0,English,0.0,0.0,Y,10.697,216.5934661,Niko Gießelmann,2,4559.176758,Ravenswood City Elementary,4,2,3,5,0,4
ffecc92e-4523-43bc-881f-86a60ec0cb05,1-2,0,72999,70214,2785,383,1.0,1438,57.0,desktop,0.0,graduate school,1.0,English,0.0,0.0,Y,10.485,327.2851568,Gerald Asamoah,4,5119.158203,Richland-Lerdo Union Elementary,1,1,7,10,0,6
ffecc92e-4523-43bc-881f-86a60ec0cb05,2-2,1,41658,40928,730,166,1.0,1438,57.0,desktop,0.0,graduate school,1.0,English,0.0,0.0,Y,7.638,243.354183,Serdar Taşçı,5,5338.185547,Oxnard Elementary,2,1,4,6,0,1
ffecc92e-4523-43bc-881f-86a60ec0cb05,3-1,1,28090,26724,1366,106,1.0,1438,57.0,desktop,0.0,graduate school,1.0,English,0.0,0.0,Y,11.081,237.9883251, Marchena,4,5090.044922,El Nido Elementary,2,11,3,5,0,1
fff115a4-7e00-4376-888b-03c5bdee5f3a,2-2,1,35253,31138,4115,166,1.0,1265,38.0,laptop,0.0,college,1.0,Spanish,0.0,0.0,N,7.638,319.8664012, Salva Sevilla,4,5485.496094,Fairfax Elementary,2,10,3,5,0,5
fff115a4-7e00-4376-888b-03c5bdee5f3a,2-1,0,34462,29936,4526,145,1.0,1265,38.0,laptop,0.0,college,1.0,Spanish,0.0,0.0,N,8.337,290.6199893,Sven Schipplock,2,4793.370117,Delano Union Elementary,4,7,7,10,0,5
fff115a4-7e00-4376-888b-03c5bdee5f3a,3-2,1,31548,27702,3846,120,1.0,1265,38.0,laptop,0.0,college,1.0,Spanish,0.0,0.0,N,10.697,259.9090318,Jonathan Mensah,2,5092.91748,Perris Elementary,4,1,9,13,0,6
fff115a4-7e00-4376-888b-03c5bdee5f3a,1-1,1,80846,65260,15586,324,1.0,1265,38.0,laptop,0.0,college,1.0,Spanish,0.0,0.0,N,9.6,297.8853816,Johannes Flum,2,4359.520996,Valle Lindo Elementary,1,1,4,6,0,5
fff115a4-7e00-4376-888b-03c5bdee5f3a,3-1,0,29734,25297,4437,106,1.0,1265,38.0,laptop,0.0,college,1.0,Spanish,0.0,0.0,N,11.081,251.4132111, Ricardo Vaz Tê,5,5645.495605,Alum Rock Union Elementary,1,1,7,10,0,6
fff115a4-7e00-4376-888b-03c5bdee5f3a,1-2,0,80713,65240,15473,383,1.0,1265,38.0,laptop,0.0,college,1.0,Spanish,0.0,0.0,N,10.485,352.2378909,Mario Gómez,5,4518.016113,Edison Elementary,3,1,3,5,0,5
