tooth_class,specimen,num_amtl,sockets,age,stdev_age,prob_male,genus,pop
Anterior,NMNH225029,4,6,20.700572979650175,9.051266369302159,0.011670356541452764,Homo sapiens,Chucki
Posterior,IPHA.2,4,8,34.329630734537,15.991168509260024,-0.1421247605252287,Homo sapiens,Afalou
Anterior,NMNH380466,8,3,8.522027857897697,15.400836241077295,0.6395372859018472,Homo sapiens,Australian aboriginie
Posterior,NMNH225032,11,12,44.51607591064048,19.41323386368999,0.6741149377790072,Homo sapiens,Chucki
Premolar,MH4765,4,3,45.944704698808835,12.603510978712642,0.7089775664402849,Homo sapiens,Australian aboriginie
Premolar,MH22283,4,5,24.70493394897254,20.156880009479877,0.3412849302394161,Homo sapiens,Sami
Posterior,AMNH99.1/99,0,11,37.44708074804764,15.099424712801644,0.8885869451769361,Homo sapiens,Alaska
Posterior,BRK126107,8,3,15.473521484853643,14.174778602149432,0.44876369622966933,Homo sapiens,Native Californian
Posterior,NMNH344711,10,3,29.531933321219334,24.06052919838461,0.7024490051138934,Homo sapiens,Australian aboriginie
Anterior,BM1976.1426,8,3,23.039137936495848,19.040704208846595,0.4502989073634895,Pongo,Borneo
Anterior,AMNH99.1/86-D,4,9,16.808707014701127,15.002168222758108,0.5026464682482337,Homo sapiens,Alaska
Anterior,UVS38,3,3,41.71236592713787,11.484558786177644,0.6087867811770763,Homo sapiens,Khoi-San
Anterior,NMNH225028,12,12,41.53051893868887,15.884062016887757,0.21570618482417203,Homo sapiens,Chucki
Anterior,IPHA.29,5,8,5.342054341948799,12.154624235868488,0.6304369164385951,Homo sapiens,Afalou
Posterior,BM1884.10.30.2,1,7,18.876493228737623,14.914365943165382,0.4433299365153115,Pongo,Borneo
Premolar,UCD2(2)b,2,2,40.32608791626238,18.25970348954382,0.7934290299836497,Homo sapiens,Native Californian
Anterior,HTB2027,10,7,11.950979873466757,17.349504265077904,0.9760310288423268,Pan,Ebolwa
Posterior,BM1976.1430,8,13,31.64275430218106,17.588291950610426,0.17421032602183395,Pongo,Borneo
Premolar,UVS62,6,10,20.3528755107404,17.714709793552288,0.7301325268762537,Homo sapiens,Khoi-San or bushman half-caste
Anterior,HTB3412,3,6,27.30784531997944,10.916106680952328,0.6768557231816148,Pan,West Africa
Posterior,BRK125598,7,12,47.98657581239721,9.665699766261135,0.41213124900149295,Homo sapiens,Native Californian
Premolar,NMNH329778,1,6,21.02755019091524,10.85068572457547,0.7132519635245709,Homo sapiens,Australian aboriginie
Anterior,MH12328,0,7,26.26516900374765,14.225901970692574,0.31501725445529627,Homo sapiens,Chucki
Anterior,BM1939.1021,1,2,33.66916263105128,21.484319323537594,0.7564308967943907,Papio,West Africa
Posterior,NMNH278710,9,4,35.5052446231836,17.01890472741138,0.5432112664012232,Homo sapiens,Buriat
Anterior,BRK126100,4,2,38.39610661676282,17.372758041504696,0.7525866147885162,Homo sapiens,Native Californian
Posterior,UCD2(6)b,0,5,43.691318681923335,6.406374476444007,0.5654066722217369,Homo sapiens,Native Californian
Anterior,AMNH99.1/109,3,5,24.433477372310136,12.874675877853434,0.5160500542437909,Homo sapiens,Alaska
Anterior,BM1935.2.14.1,0,14,41.4950030137717,13.17166082632339,0.5042454346628598,Papio,East Africa
Premolar,HTB1890,1,14,38.18937489052598,19.49492261575142,1.1044662039067172,Pan,French Cameroons
Anterior,IPHA.15,7,11,31.884966385014554,16.928381072739224,0.8601411957513723,Homo sapiens,Afalou
Anterior,BRK126118,4,4,40.92711059102487,17.17049209795652,0.8003948672112553,Homo sapiens,Native Californian
Posterior,MH4459,8,3,42.60878839467438,7.800909140313378,0.17508981768954246,Homo sapiens,Australian aboriginie
Anterior,BRK126259,5,9,48.40993631634791,16.037245237504344,0.5651287515242157,Homo sapiens,Native Californian
Premolar,HTB1726,8,13,10.066836711407316,14.628328427412598,0.28790807191431944,Pan,Ebolwa
Premolar,MH1525,6,6,22.462526069914883,13.402155187509932,0.2591059909555519,Homo sapiens,Australian aboriginie
Anterior,BM1908.8.9.41,4,6,45.76428723380881,14.684046006589453,0.2921725100827828,Papio,East Africa
Premolar,MH12328,6,11,25.48633632277948,11.725143455462593,-0.08239723631620621,Homo sapiens,Chucki
Posterior,HTB1721,3,13,41.03390314037698,15.394611449712196,0.8811324075238428,Pan,Ebolwa
Premolar,MH12328,12,3,51.437368802692326,18.926543422683707,0.7173119159232042,Homo sapiens,Chucki
Anterior,BRK126768,12,14,42.38162044368114,16.477207606999997,0.3281657274870694,Homo sapiens,Native Californian
Anterior,NMNH380431,0,2,40.481033022113145,16.700960573929347,-0.03877152048454424,Homo sapiens,Australian aboriginie
Premolar,HTB3538,9,4,23.084996468572662,18.83596927855928,0.6079973068024948,Pan,West Africa
Posterior,NMNH258483,6,11,8.878548184111473,13.6291637905741,0.5487258006008493,Homo sapiens,Australian aboriginie
Anterior,HTB1226,12,6,29.84144601689006,8.77491013668278,0.4361682434442109,Papio,East Africa
Premolar,AMNH99.1/107,12,4,40.338420601059624,18.2115449683687,-0.001421694941221019,Homo sapiens,Alaska
Premolar,HTB3552,12,3,41.40941839261157,14.623612335706676,0.372484953444809,Pan,West Africa
Posterior,BM1902.9.9.3,11,6,36.52998612996616,22.3879123747923,0.7597190148564724,Papio,East Africa
Anterior,PMN1389,12,2,30.740409612762566,20.528337565378106,0.4890429842641214,Homo sapiens,Australian aboriginie
Anterior,BRK125610,8,12,40.555002670729856,10.333812607639594,0.6031495506889434,Homo sapiens,Native Californian
Premolar,HTB1151,8,11,31.776575728068735,19.651289456358043,0.11375414732182054,Papio,East Africa
Anterior,BM1976.1421,5,3,25.69063439163368,12.215519211842773,-0.30227662566164215,Pongo,Borneo
Posterior,AMNH99.1/104,4,2,20.182995568358454,14.749711570420123,-0.27433673363019306,Homo sapiens,Alaska
Posterior,BM1931.4.1.1,5,4,38.09300202323748,16.449947768185925,0.3205581708255064,Papio,East Africa
Posterior,HTB2033,9,6,15.867525065492842,13.682030716880709,0.9561240011949785,Pan,Ebolwa
Anterior,UVS125,2,7,35.49523190611208,17.85265847973516,0.29390646237672724,Homo sapiens,Khoi-San
Premolar,BRK126768,9,10,45.94774854171279,12.01048671571088,0.41693194386770654,Homo sapiens,Native Californian
Premolar,IPHA.48,4,11,24.450268520162833,13.799942864726026,0.332376342695549,Homo sapiens,Afalou
Anterior,UVS119,0,3,18.201050478811997,9.426591328990227,0.25923721252525717,Homo sapiens,Khoi-San
Posterior,AMNH99.1/87,12,11,17.933573345444604,16.70288186380353,1.1852884626696765,Homo sapiens,Alaska
Anterior,UVS3,6,7,20.4665254411841,16.02364319139365,0.44162163448702835,Homo sapiens,Khoi-San
Anterior,MH12328,7,4,39.14021095417027,19.61116680724031,0.1258377253811761,Homo sapiens,Chucki
Posterior,BRK126256,2,9,38.4752574778469,16.227229554569043,0.8441663067794547,Homo sapiens,Native Californian
Anterior,HTB2033,4,4,20.341788185120656,17.736249039196196,0.7542014477859831,Pan,Ebolwa
Posterior,AMNH99.1/160,7,9,45.16989714993551,12.419331301557577,0.936422663340874,Homo sapiens,Alaska
Posterior,BM1913.10.18.2,8,7,29.34141829793742,24.567467502790798,0.7032759541684814,Papio,East Africa
Premolar,MH5327,6,3,17.979748574582842,18.871855456687996,0.6562199164935912,Homo sapiens,Australian aboriginie
Anterior,UVS49,0,6,34.43644472416123,17.355024518689945,0.29540611173205306,Homo sapiens,Khoi-San or bushman half-caste
Posterior,MH20914,12,4,21.10907218429836,19.083729549514345,0.3125902518040023,Homo sapiens,Yaghan
Anterior,MH20913,0,7,57.35716394846423,7.778255773473906,0.10041829833057925,Homo sapiens,Yaghan
Premolar,UVS49,2,14,14.470513149986516,9.922479346842731,0.6474995006168544,Homo sapiens,Khoi-San or bushman half-caste
Anterior,BRK126773,8,2,27.14977746668275,14.320755797849923,0.1505536520072246,Homo sapiens,Native Californian
Anterior,NMNH225032,0,5,34.69406283659958,15.616166313587746,0.23135563621325195,Homo sapiens,Chucki
Premolar,HTB1735,8,12,21.449084729976818,11.725712600541614,0.6156149225791626,Pan,Ebolwa
Premolar,BRK125670,8,6,13.747516321084543,13.841613618708166,-0.41212567973965186,Homo sapiens,Native Californian
Premolar,HTB1768,10,11,32.10369206321169,14.582568890283433,0.2699676213034466,Pan,Ebolwa
Premolar,BM1902.11.22.1,5,13,15.050208083088584,14.729871413394491,0.4576594602082822,Papio,Arabia
Anterior,BM1911.12.1.1,12,5,6.950322537941322,12.899848071418793,0.17761532775328248,Papio,East Africa
Posterior,MH1861,4,4,19.325153695891544,12.22470078367887,0.9880256736408018,Homo sapiens,Sami
Premolar,BM1939.1006,4,10,36.735595274657946,20.30621959417469,0.2096201613375644,Pongo,Borneo
Posterior,HTB3434,4,8,40.253664492129786,13.847850880156468,0.3071269667474267,Pan,West Africa
Anterior,NMNH380466,8,2,37.81832349854532,5.735604855949228,0.47181346050985534,Homo sapiens,Australian aboriginie
Premolar,BRK126092,7,9,36.75610633477159,16.715562573497383,0.40519443294663376,Homo sapiens,Native Californian
Premolar,NMNH380448,2,4,29.397236936830435,15.948054334429795,1.1548361370876292,Homo sapiens,Australian aboriginie
Posterior,MH20326,4,12,16.43947738768786,19.018089408079895,0.8195774807227524,Homo sapiens,Australian aboriginie
Posterior,BM1976.1409,0,14,25.497509620471888,9.252816132613187,0.5726347987820235,Pongo,Borneo
Posterior,HTB1745,5,3,28.34537953453083,7.258134381650076,0.67012004334614,Pan,Ebolwa
Posterior,BM1976.1428,0,14,43.29502632992432,22.322537561785197,-0.22300263739474113,Pongo,Borneo
Posterior,IPHA.30,1,4,42.298293011831824,13.910351370161344,0.6290325949979062,Homo sapiens,Afalou
Posterior,MH3619,2,14,31.988415641833786,9.300238349003818,1.2094356628614356,Homo sapiens,Tasmanien
Posterior,HTB2756,0,9,25.170881758878892,18.19947223344032,0.03945704202398881,Pan,French Cameroons
Anterior,BM1922.12.19.6,4,10,23.914893659533515,8.57360115334518,0.09290889184575968,Papio,Central Africa
Anterior,HTB2001,3,9,21.749706613262326,14.27470711084139,0.6967986853155275,Pan,French Cameroons
Posterior,BM1908.7.17.1,2,6,30.370730830559097,10.839310366621323,0.1335224027718908,Pongo,Borneo
Posterior,BRK125458,3,2,55.051479128596306,11.153431560891674,0.4182831626096965,Homo sapiens,Native Californian
Anterior,BRK126247,10,8,37.50656726915702,13.593244701237364,1.0639907508360906,Homo sapiens,Native Californian
Posterior,MH24934C,2,5,25.509913638700255,15.10303308752973,0.1664199663499798,Homo sapiens,Buriat
Anterior,NMNH278709,6,12,43.40045633168954,10.340510149969255,0.5834794183966386,Homo sapiens,Buriat
Premolar,AMNH99.1/104,10,6,32.97528080390824,15.94324388655599,0.8265746247419967,Homo sapiens,Alaska
Posterior,AMNH99.1/80(a),7,7,41.52343521101311,13.983039021842142,0.7604617283994932,Homo sapiens,Alaska
Posterior,BRK126264,3,11,31.979092320279722,11.37071291923079,-0.20180615434193827,Homo sapiens,Native Californian
Posterior,UVS12,0,8,43.4304390657655,17.555020137478085,0.10813368144069702,Homo sapiens,Khoi-San or bushman half-caste
Premolar,NMNH227455,5,2,48.52294216643705,12.049365769951317,-0.32579170600977536,Homo sapiens,Australian aboriginie
Posterior,HTB1226,0,5,28.120803062200533,12.209504075474383,0.37997655677825937,Papio,East Africa
Premolar,MH4460,1,8,21.927954301760728,13.2402259754598,0.18606646554337092,Homo sapiens,Australian aboriginie
Anterior,NMNH278703,7,9,35.73794193076397,7.003115468116345,0.6286824766456987,Homo sapiens,Buriat
Anterior,HTB1028,11,11,21.193594411374043,19.962090499450824,0.8323145902103748,Papio,East Africa
Posterior,BRK125660,8,9,25.998166784865475,16.925148593714542,1.2245900976965403,Homo sapiens,Native Californian
Posterior,BRK125802,9,4,11.683644343459942,16.981487822016245,0.5561577555662666,Homo sapiens,Native Californian
Anterior,BM1971.2354,11,13,29.987761966978812,10.607241785770121,0.6611108704387272,Papio,West Africa
Anterior,BRK125458,6,13,28.940290350042055,10.695300002091361,0.6949654892626724,Homo sapiens,Native Californian
Premolar,BM1924.8.6.16,1,10,21.827608299605973,18.039724945574218,0.5822715370345368,Papio,West Africa
Premolar,MH20326,12,3,43.41120032465702,11.80530191786984,1.2450221671746924,Homo sapiens,Australian aboriginie
Posterior,AMNH99.1/59-B,0,3,44.14074937929595,18.949690113601598,0.5135031779276278,Homo sapiens,Alaska
Anterior,MH24893,5,6,25.66934577191004,15.660339063524537,0.46761441221830313,Homo sapiens,Khoi-San
Premolar,BM1886.12.20.10,6,6,28.471365721530674,10.673094425334522,0.47997807698636324,Pongo,Borneo
Premolar,BM1910.10.3.1,10,3,41.00535830995631,18.021112367534347,0.04812599977221427,Papio,East Africa
Posterior,HTB2034,9,3,19.34757849014074,23.665343344111022,0.9063092885952495,Pan,Ebolwa
Posterior,MH12318,5,11,34.48962216191344,12.646740031489703,1.1813978504919178,Homo sapiens,Chucki
Premolar,MH24894,5,9,45.954227838047544,21.120081101617636,0.02546943066908014,Homo sapiens,Sami
Premolar,MH3337,11,2,26.449956117215056,12.80199588944156,0.6922818046486193,Homo sapiens,Australian aboriginie
Posterior,BRK126251,3,8,45.08908469733534,14.139976694402039,0.443791896431304,Homo sapiens,Native Californian
Posterior,BRK125676,4,13,31.70369550534916,17.972205905387966,0.5736025297700647,Homo sapiens,Native Californian
Premolar,HTB3411,2,14,13.446645160429401,10.745517108087977,0.6373157124186785,Pan,West Africa
Premolar,AMNH99.1/89-B,12,8,37.7066769639635,13.732898519387948,-0.11163996764539086,Homo sapiens,Alaska
Posterior,HTB1720,2,12,35.40587691231759,15.807928316178913,0.47002211754717466,Pan,Ebolwa
Posterior,HTB1758,7,8,24.113256985874106,7.32114254655523,0.31628576240667383,Pan,Ebolwa
Premolar,MH1503,4,4,40.55770940456886,14.543954486494183,0.2811107060427988,Homo sapiens,Tasmanien
Premolar,HTB1212,12,2,34.57246814466132,18.820727422461037,0.6557419747686468,Papio,Central Africa
Premolar,HTB1223,2,12,24.62813844073186,20.08822751475417,0.6874118779467822,Papio,East Africa
Posterior,MH22277,9,8,31.362329859908932,13.921364893545238,0.5220786513249219,Homo sapiens,Sami
Posterior,NMNH344712,8,5,29.889764315987712,23.49136802922293,0.15633176447313563,Homo sapiens,Australian aboriginie
Posterior,BRK126251,5,2,23.016555621496398,18.737353623624248,0.6273980236369419,Homo sapiens,Native Californian
Anterior,HTB2026,8,10,33.255905718698095,10.541640246235126,0.3083825266151614,Pan,Ebolwa
Posterior,BRK125666,4,3,39.00680786166274,16.23132349204344,0.8298821506457528,Homo sapiens,Native Californian
Premolar,IPHA.28,9,6,36.461491501324275,19.39679522815344,0.30451975864069225,Homo sapiens,Afalou
Posterior,HTB2771,8,7,28.052557059691587,20.518990394140538,0.30464894251646385,Pan,French Cameroons
Premolar,BRK125660,1,5,20.87813425206668,8.327591550663545,0.08635122420652247,Homo sapiens,Native Californian
Premolar,BM1913.10.18.2,9,8,44.00823524938893,21.196291769493484,1.1482670055583153,Papio,East Africa
Premolar,MH22281,6,2,29.613671691517943,15.35580627927903,0.9544393150917692,Homo sapiens,Sami
Premolar,IPHA.46,2,14,55.62582355669315,7.3674734545605025,0.3523825856429003,Homo sapiens,Afalou
Posterior,IPHA.22,10,4,32.20963076919162,12.416568013166149,1.3478596985307378,Homo sapiens,Afalou
Anterior,HTB1889,10,2,50.312899299568,16.944465309414653,1.2723055321445254,Pan,French Cameroons
Anterior,NMNH380430,11,8,12.669092192916644,14.142619701852166,0.5716018381122657,Homo sapiens,Australian aboriginie
Posterior,BRK126768,12,13,53.35770332598179,18.71865540582755,0.8740462205467636,Homo sapiens,Native Californian
Premolar,MH20912,1,5,34.37924205762066,10.508995269283549,0.5809743273740768,Homo sapiens,Ona
Premolar,AMNH99.1/89-A,6,6,25.28236563463982,17.05260487674794,0.6138048779515337,Homo sapiens,Alaska
Posterior,BRK126125,3,2,10.256860411123181,12.16814495479376,0.1648300139560689,Homo sapiens,Native Californian
Posterior,UVS59,0,10,32.669226776543006,19.803839744517845,0.8721166968760954,Homo sapiens,Khoi-San or bushman half-caste
Premolar,BM1924.8.6.16,7,9,22.356697284210867,15.790054939034107,1.0274884300965166,Papio,West Africa
Anterior,HTB1903,1,13,34.41528825811692,15.908718821303673,0.638621831318813,Pan,French Cameroons
Premolar,NMNH278713,9,14,27.79094106227189,18.560472196870638,0.6095512386403155,Homo sapiens,(Buriat) Chinese?
Premolar,BRK126757,4,9,36.730788188105144,20.508926721939766,0.4375973915827369,Homo sapiens,Native Californian
Premolar,MH24934A,3,5,43.46245162579629,18.28399803422068,0.5258189885942646,Homo sapiens,Buriat
Premolar,BRK126266,6,9,37.9403657159594,7.619095433190554,0.6196228133051,Homo sapiens,Native Californian
Anterior,NMNH278710,12,11,28.20314518605525,11.75642885927589,0.5820749032193828,Homo sapiens,Buriat
Premolar,NMNH380430,8,2,26.164035244099924,13.563188567389806,0.2687134337459324,Homo sapiens,Australian aboriginie
Posterior,MH5329,7,8,15.009062370739482,17.841464697573876,0.25146120568761815,Homo sapiens,Australian aboriginie
Anterior,HTB0828,7,6,25.93160444315746,17.59392406906296,0.5529539560604377,Papio,South Africa
Premolar,HTB1719,5,8,51.56419231667488,13.890473861081086,0.682780495250451,Pan,Ebolwa
Anterior,BRK126766,11,3,28.650827161246095,15.319190964546921,0.09548699707833996,Homo sapiens,Native Californian
Anterior,MH20325,11,7,20.386490725753763,19.056461717986807,-0.015045125471338627,Homo sapiens,Australian aboriginie
Premolar,HTB1225,10,7,21.178988986902475,11.567198210635521,0.36893152719161215,Papio,East Africa
Premolar,HTB2771,11,12,47.15302189705155,15.559413995579812,0.5174672409415482,Pan,French Cameroons
Anterior,MH24893,9,12,28.32786327615125,11.61487257811136,0.802382059685681,Homo sapiens,Khoi-San
Anterior,UVS119,2,13,16.488324257859343,11.861429920581202,-0.13401247988308806,Homo sapiens,Khoi-San
Anterior,UVS102,2,6,11.548810113695584,14.892825820401145,0.5962055113247307,Homo sapiens,Khoi-San
Premolar,UVS125,7,8,31.984791014800564,22.079314798610238,1.0130225545366083,Homo sapiens,Khoi-San
Premolar,NMNH350096,11,2,23.025853058846636,8.213757982709557,0.8583986534394201,Homo sapiens,Australian aboriginie
Anterior,BM1908.8.9.41,0,14,32.04121924077376,18.56476507534471,1.0927941356316155,Papio,East Africa
Premolar,NMNH344714,4,3,9.342270180475332,19.016563617658914,0.7457732427081156,Homo sapiens,Australian aboriginie
Anterior,UVS46,12,3,33.864489213963424,19.549110298071934,0.15081986599700925,Homo sapiens,Khoi-San
Posterior,UVS40,3,7,20.0148118506724,15.85843362870758,0.4146207843204801,Homo sapiens,Khoi-San
Anterior,PMN1497,0,4,37.473690683038186,12.2524516158668,0.6718083176227971,Homo sapiens,Australian aboriginie
Posterior,HTB1220,8,13,24.63643400998042,17.460713241211362,0.3645140710018459,Papio,East Africa
Premolar,HTB1218,11,10,24.935508589376475,11.159708241466898,0.5739014737182667,Papio,East Africa
Premolar,MH1511,0,12,20.929977254594487,13.542723281896746,0.5998235200600694,Homo sapiens,Australian aboriginie
Anterior,NMNH380451,6,2,30.618809680614433,13.399870724494628,0.4270339999289582,Homo sapiens,Australian aboriginie
Posterior,UVS24,5,11,23.666429425436895,15.265526686635205,0.6241104217717841,Homo sapiens,Khoi-San
Anterior,HTB1739,9,13,25.62275020223074,16.535013587250845,1.1159232522237594,Pan,Ebolwa
Premolar,UVS60,5,4,26.612554488926534,9.4579881523679,0.6660741459061897,Homo sapiens,Khoi-San or bushman half-caste
Premolar,HTB1226,8,6,30.833694448140402,10.030732121492207,0.12974881906270835,Papio,East Africa
Premolar,BM1976.1421,12,8,37.39163043783918,8.340491470507331,-0.09289920915894057,Pongo,Borneo
Premolar,NMNH344714,11,6,41.50449673064185,13.22225568396475,0.7935923730102462,Homo sapiens,Australian aboriginie
Premolar,NMNH350097,10,11,24.458718751599864,20.765950000539796,-0.22587818416980066,Homo sapiens,Australian aboriginie
Posterior,HTB1720,0,7,33.709074696106214,18.269375410511294,0.278714798859723,Pan,Ebolwa
Premolar,HTB1703,1,9,27.107126706048867,6.085125878628531,0.4305341151680355,Pan,French Cameroons
Posterior,UVS38,3,7,50.07906542772885,10.698503100617607,0.7150295845339858,Homo sapiens,Khoi-San
Posterior,NMNH350097,11,14,24.547806471975896,20.946148972958714,0.6067559872428331,Homo sapiens,Australian aboriginie
Posterior,NMNH226087,4,8,31.76224258954486,16.22901299874444,0.03047193542334009,Homo sapiens,Australian aboriginie
Anterior,BRK126054,10,2,19.785330999110307,17.32838070478177,0.3599076875614475,Homo sapiens,Native Californian
Posterior,BRK126768,7,3,36.82318634039474,12.60492784952384,0.464259815728255,Homo sapiens,Native Californian
Anterior,NMNH380464,0,7,33.199028961108056,10.700568332701607,0.7815990491743455,Homo sapiens,Australian aboriginie
Posterior,UVS46,0,6,24.433470392740887,9.36157626396108,0.37353620984433084,Homo sapiens,Khoi-San
Premolar,UVS46,0,11,50.79394950743083,13.394713158055499,0.760154712050306,Homo sapiens,Khoi-San
Posterior,NMNH226087,0,13,43.59809686962516,19.944866234354855,0.577526500437668,Homo sapiens,Australian aboriginie
Premolar,MH12326,4,4,24.246227694899474,6.614741849136848,0.061946541015444945,Homo sapiens,Chucki
Premolar,MH5327,10,11,49.88895369048433,13.965533850009056,0.8969080730268237,Homo sapiens,Australian aboriginie
Posterior,HTB1726,2,14,43.91870047763373,21.38607837168804,0.24093024819800285,Pan,Ebolwa
Posterior,AMNH99.1/96-A,2,13,44.03940328518823,17.497626388073826,0.13591265831900312,Homo sapiens,Alaska
Posterior,AMNH99.1/100,6,5,44.79134618748005,13.051902294156971,0.1775313969540488,Homo sapiens,Alaska
Posterior,HTB1223,0,10,39.75351111962364,17.070060027494396,0.11054773969971254,Papio,East Africa
Anterior,BM1923.3.4.3,6,5,44.90238290468507,13.692544839830592,0.8728826555622211,Papio,East Africa
Posterior,IPHA.14,4,14,18.539512131223116,14.586042943234842,0.523988675582337,Homo sapiens,Afalou
Premolar,NMNH344714,4,8,25.48356321973469,14.869884600213682,-0.12462769635991311,Homo sapiens,Australian aboriginie
Anterior,BRK125598,12,13,20.47739931586026,11.601681789843656,0.37485755173664703,Homo sapiens,Native Californian
Anterior,UVS58,1,12,33.949347107253,18.43048678777871,-0.07463496701930972,Homo sapiens,Khoi-San or bushman half-caste
Anterior,NMNH258483,5,10,8.562599669943044,14.980728518974265,0.5327881824829187,Homo sapiens,Australian aboriginie
Posterior,MH3619,4,2,14.134065914635649,20.842001360713475,0.1393660105479248,Homo sapiens,Tasmanien
Premolar,HTB1768,11,3,24.56053118739232,17.845043368521097,0.749140726597597,Pan,Ebolwa
Posterior,UVS63,9,2,42.26630647355705,12.487534692150447,0.7346576927644205,Homo sapiens,Khoi-San or bushman half-caste
Anterior,BM1934.11.20.1,1,4,13.533445431848591,10.952322035651722,0.6522037812966155,Papio,East Africa
Anterior,HTB3551,2,11,37.69959097832698,14.923103486626589,1.3679852326049033,Pan,West Africa
Posterior,BM1911.12.1.1,4,12,18.099929094920057,18.71062750871046,0.6614282177627713,Papio,East Africa
Anterior,NMNH283613,8,2,23.868347826503065,12.92520347969104,0.21184623431464872,Homo sapiens,Buriat
Premolar,AMNH99.1/99,9,12,27.514287664226064,12.9473883456965,0.07736112499476211,Homo sapiens,Alaska
Posterior,BRK125670,7,3,34.09233086126628,17.27334837764706,0.4032127736445259,Homo sapiens,Native Californian
Anterior,HTB2026,8,2,43.66246848222392,20.01428837136369,0.40614649091780863,Pan,Ebolwa
Premolar,BM1976.1408,12,10,23.562877033908762,14.708304941834493,0.828669132992226,Pongo,Borneo
Anterior,BM1962.25,11,13,61.53613615513886,18.872968677853425,0.42636068202779603,Papio,East Africa
Anterior,IPHA.36,5,6,38.39507165720559,14.900583053468454,0.10301742765087013,Homo sapiens,Afalou
Premolar,BM1909.6.11,1,4,42.91636614847758,16.21465286461601,0.34829829512059624,Papio,East Africa
Premolar,MH1670,12,13,42.33728044333932,17.867199341097955,0.7594396952993818,Homo sapiens,Sami
Anterior,HTB1956,4,3,8.416241930912875,12.52419590097816,0.5696422749149159,Pan,French Cameroons
Premolar,BM1899.6.10.2,4,6,30.14793010640731,14.66087691126261,-0.020969255569387113,Papio,East Africa
Posterior,HTB1154,8,9,43.534422681437334,7.232330287989306,0.07006446053994358,Papio,East Africa
Premolar,NMNH330605,3,4,28.293584620786635,19.366041950373067,0.5708415840033844,Homo sapiens,Australian aboriginie
Anterior,NMNH226092,8,3,51.7887725831185,10.473341869309655,0.5848999998258373,Homo sapiens,Australian aboriginie
Anterior,BM1908.7.17.1,5,4,18.338922740536653,14.59245939252678,0.6679115539096014,Pongo,Borneo
Posterior,UVS10,12,6,32.794660558697544,13.113017678574726,-0.04736553683473088,Homo sapiens,Khoi-San
Posterior,BRK126104,2,11,24.013049297635696,15.678907693443449,1.082309136733663,Homo sapiens,Native Californian
Anterior,UVS142,0,11,30.803541381742406,19.899253734528635,0.42996825148439854,Homo sapiens,Khoi-San
Posterior,HTB1701,9,11,29.470207092697226,11.477984188283605,0.8858388694285779,Pan,French Cameroons
Anterior,HTB2001,4,9,47.84513849962347,16.689775475794292,0.6360002481134405,Pan,French Cameroons
Premolar,MH12327,11,13,25.134417081411595,14.429862162291226,0.006743739687025296,Homo sapiens,Chucki
Anterior,BRK125675,9,12,44.84283926125074,5.391131269764539,0.7330460073754108,Homo sapiens,Native Californian
Anterior,UVS125,6,9,36.61239819288142,12.708810535263728,0.9416675500664096,Homo sapiens,Khoi-San
Premolar,BM1899.7.8.1,0,14,46.75900263921186,16.979569095803992,-0.38456379557187026,Papio,East Africa
Anterior,NMNH278706,9,12,20.334725962487937,20.76461386347907,-0.055603742812775026,Homo sapiens,Buriat
Posterior,IPHA.22,10,13,16.76957972459566,17.44816807552302,0.5274815816790347,Homo sapiens,Afalou
Premolar,BRK126243,8,6,14.742725743551762,14.020983760880881,-0.1665486963931152,Homo sapiens,Native Californian
Anterior,MH12318,2,2,44.617430341507635,18.430454993113237,0.33005688784069737,Homo sapiens,Chucki
Anterior,BRK126764,12,3,35.117993575984684,17.878744709936182,0.4939844606199098,Homo sapiens,Native Californian
Posterior,BM1976.1428,6,11,50.28496353653097,18.72113029042882,0.9000064200810597,Pongo,Borneo
Anterior,IPHA.29,12,4,30.708501170577115,8.516845454390694,0.24286091889359035,Homo sapiens,Afalou
Anterior,HTB1223,5,7,34.100157503678005,10.976986497626449,1.06550794860585,Papio,East Africa
Posterior,BRK126117,0,7,34.13088233452296,12.09014499801212,0.8253839346586876,Homo sapiens,Native Californian
Anterior,BM1900.6.28.1,8,10,18.59910681004716,11.367072893476392,0.726761875710294,Papio,Arabia
Anterior,UVS63,9,14,15.64190579791255,10.287822221650408,0.7628029167014004,Homo sapiens,Khoi-San or bushman half-caste
Anterior,UCD2(1)b,12,7,34.865611514931494,16.106148388654617,0.21688147024082832,Homo sapiens,Native Californian
Posterior,BM1938.7.17.1,1,10,48.53516286854632,13.961967348044473,-0.07427948990160693,Papio,Central Africa
Premolar,BM1899.6.10.2,7,4,33.458486573716584,15.916844521443952,0.8167688208983873,Papio,East Africa
Anterior,BM1976.1431,10,14,30.779948515699022,0.7101986481013451,0.9941792395833975,Pongo,Borneo
Posterior,HTB1217,9,12,21.01190978680858,16.034180604493013,0.36192765001773985,Papio,East Africa
Posterior,MH20326,7,7,16.081326614717245,18.66387304397873,0.7541328388804502,Homo sapiens,Australian aboriginie
Anterior,IPHA.34,11,3,9.961155411160629,11.261177861201716,1.0115924183212333,Homo sapiens,Afalou
Posterior,AMNH99.1/100,7,11,36.942195952092796,10.488823121410055,-0.2279461191302088,Homo sapiens,Alaska
Posterior,IPHA.48,11,10,35.04242526069293,12.092034571037837,0.7333006609307001,Homo sapiens,Afalou
Anterior,UCD2(16)b,4,9,33.07093882637372,15.99163202543518,0.6330171901765203,Homo sapiens,Native Californian
Posterior,BM1935.2.14.1,11,7,25.75112656276921,9.558015846114817,1.0197714007916665,Papio,East Africa
Premolar,BRK126089,0,9,41.656638654075344,17.582224330270073,0.2600451606307215,Homo sapiens,Native Californian
Anterior,MH24934B,5,12,27.703364407051534,16.5277235272906,0.4306879345381741,Homo sapiens,Buriat
Anterior,NMNH278710,3,12,37.45722611908405,18.522370849547947,0.12552734667024162,Homo sapiens,Buriat
Premolar,MH20325,5,12,24.108561636695637,14.224429022405904,1.0590959291254278,Homo sapiens,Australian aboriginie
Premolar,AMNH99.1/102,12,14,24.800507436712763,10.761848466349317,0.49745756759202037,Homo sapiens,Alaska
Posterior,NMNH350097,5,9,51.18994168710044,5.050546331566439,0.4478098385528001,Homo sapiens,Australian aboriginie
Premolar,NMNH225025,9,14,25.736843649641187,19.32025044506312,0.7741960210288558,Homo sapiens,Chucki
Posterior,HTB3434,5,3,16.121033233966692,19.001710428149785,0.6116823809055435,Pan,West Africa
Anterior,BM1913.10.18.3,1,7,27.843158733659244,19.418902736638767,0.7559458404538698,Papio,East Africa
Posterior,NMNH258483,10,9,35.01082948482683,21.44207209151277,1.0730315870867548,Homo sapiens,Australian aboriginie
Posterior,BRK125675,4,6,25.06871474264206,12.836142513681875,0.4913312156938294,Homo sapiens,Native Californian
Posterior,BM1900.6.28.1,6,2,29.829389607341085,15.5205348118783,0.00744457121051828,Papio,Arabia
Premolar,AMNH99.1/72,4,10,31.70126868844202,15.275818285837722,0.39069165049115817,Homo sapiens,Alaska
Premolar,NMNH226089,9,5,33.2760491011718,17.310178958929033,0.6071600305950031,Homo sapiens,Australian aboriginie
Premolar,HTB1218,5,11,20.4196950617018,17.691344370212143,0.16092674530842271,Papio,East Africa
Anterior,HTB1025,8,7,2.2749912485133805,18.064232529975108,0.33290898375146605,Papio,East Africa
Premolar,UVS67,7,2,37.25696746331019,15.158807075774392,0.048115563831215014,Homo sapiens,Khoi-San or bushman half-caste
Posterior,UVS68,9,3,34.50101914584611,16.046977751669562,0.07906074283343012,Homo sapiens,Khoi-San or bushman half-caste
Posterior,AMNH99.1/91-A,3,14,4.350983118438489,20.32117268234734,0.2546172782769637,Homo sapiens,Alaska
Posterior,BM1935.2.14.1,10,3,25.817633057461222,11.286546739395595,0.12227199971406505,Papio,East Africa
Posterior,NMNH344715,6,5,24.619867761728138,12.071164638203655,0.443299252164861,Homo sapiens,Australian aboriginie
Anterior,NMNH226087,2,7,23.12581317283722,15.000140958335436,0.3976807468091302,Homo sapiens,Australian aboriginie
Premolar,BRK126256,8,13,19.439930546082998,10.78089004247667,0.18821774547532183,Homo sapiens,Native Californian
Premolar,AMNH99.1/89-B,7,14,22.981286735782213,12.942238411272516,0.5136880841213944,Homo sapiens,Alaska
Premolar,BM1900.6.28.1,3,8,30.355927400704317,20.710367914940566,-0.14639345704317408,Papio,Arabia
Anterior,MH10289,2,10,34.61440125876293,7.985102593977312,0.5541360296701492,Homo sapiens,Fuegian
Anterior,IPHA.30,4,6,36.84003345258664,16.4238425882015,0.397376535091885,Homo sapiens,Afalou
Posterior,BM1976.1428,5,10,27.580279280320994,16.537238777513902,0.11904459756496566,Pongo,Borneo
Posterior,HTB3437,11,7,29.3273060639779,11.015234060083738,-0.36130591449767524,Pan,West Africa
Anterior,NMNH278711,4,12,55.877286822561615,19.209760837924854,0.7315727494342049,Homo sapiens,Buriat
Posterior,MH12328,4,10,27.148941979465512,25.78795330384647,1.0137240173848128,Homo sapiens,Chucki
Posterior,BM1902.11.22.1,7,2,45.696238681653526,12.056504210369733,0.34672108799928336,Papio,Arabia
Posterior,HTB3398,6,11,46.143515277327886,17.831559382019464,0.7115998578082815,Pan,West Africa
Posterior,BRK125666,6,10,26.34168323972895,18.535813869134927,0.24640336950984915,Homo sapiens,Native Californian
Anterior,PMN1390,8,11,4.6815615232482095,16.182993836539673,0.865006320766061,Homo sapiens,Australian aboriginie
Posterior,HTB3434,3,13,16.54362675208165,14.355030823977177,0.5313729250399772,Pan,West Africa
Posterior,UVS52,5,14,18.98975670284002,19.375793174380995,0.20943330515766262,Homo sapiens,Khoi-San or bushman half-caste
Premolar,NMNH278701,8,10,20.77189632441164,13.641459944317159,0.2887061560217123,Homo sapiens,Buriat
Premolar,NMNH329779,12,11,17.942545877347236,12.081341971786003,0.7815868099697499,Homo sapiens,Australian aboriginie
Posterior,BRK125670,5,13,34.67065077376289,13.214525806530489,0.656178204270763,Homo sapiens,Native Californian
Premolar,HTB1222,12,7,29.034417058115682,13.239002315841702,1.0083096639024465,Papio,East Africa
Premolar,MH24894,5,4,33.824567561713046,10.167442373035538,0.14915623684795665,Homo sapiens,Sami
Premolar,HTB1721,10,5,38.55873500119835,14.313370885042335,-0.08519160193450814,Pan,Ebolwa
Anterior,BRK126100,12,3,31.73208400531176,17.969737135706456,0.09321979071162956,Homo sapiens,Native Californian
Premolar,MH12327,3,9,52.865444893677804,18.97528199475008,0.1516077449095941,Homo sapiens,Chucki
Posterior,BRK126113,7,14,22.86466155183402,17.653432456161145,0.5740236564197647,Homo sapiens,Native Californian
Premolar,UVS38,3,7,31.30754074146878,11.687974744648448,0.3332876747669664,Homo sapiens,Khoi-San
Anterior,MH2283,1,13,21.02414725160063,19.706369013705924,1.0460621565648724,Homo sapiens,Fuegian
Posterior,HTB1903,1,14,23.557090601331304,12.257485077204592,-0.11186555127354592,Pan,French Cameroons
Posterior,AMNH99.1/59,2,2,59.06081761257654,14.960841260634226,0.4476421444231855,Homo sapiens,Alaska
Posterior,BM1924.8.6.16,9,3,18.42265277184177,16.245055383037812,0.296386388421922,Papio,West Africa
Posterior,UVS29,11,14,44.644120476106764,16.477880611449628,0.17457187415691683,Homo sapiens,Khoi-San or bushman half-caste
Anterior,BRK126768,0,4,32.55385005014642,23.986971128978585,0.7302453583864723,Homo sapiens,Native Californian
Premolar,BRK125832,10,10,30.691452104846334,18.92401243931787,0.6039882240223435,Homo sapiens,Native Californian
Anterior,PMN1497,2,3,15.00011642695291,15.981226934049923,1.435913499337213,Homo sapiens,Australian aboriginie
Premolar,AMNH99.1/110,2,9,54.225425139343955,14.821198786398035,0.03364638277357607,Homo sapiens,Alaska
Anterior,BM1924.8.6.15,9,4,28.18452010252727,15.01417706721878,0.7611888517858172,Papio,West Africa
Anterior,PMN1390,8,10,21.281316962726137,21.152254520385878,-0.0052138723275955146,Homo sapiens,Australian aboriginie
Posterior,HTB2823,10,5,35.009945423991375,16.692480725481694,0.09614008473168523,Pan,French Cameroons
Posterior,BM1964.2174,10,4,46.963497100813704,18.07179977131035,0.5737554578205267,Papio,East Africa
Posterior,IPHA.30,0,8,12.655507534178852,19.06314826514143,-0.6235551079090158,Homo sapiens,Afalou
Posterior,MH1503,6,11,27.26990452807309,10.0415470073672,0.503565493659797,Homo sapiens,Tasmanien
Premolar,BRK126089,3,11,32.524742009163106,13.510647092885646,1.2021832176865446,Homo sapiens,Native Californian
Posterior,MH20912,6,14,39.06212666512981,14.914594291367164,1.1240343734341904,Homo sapiens,Ona
Posterior,HTB3434,1,2,34.2983836254931,11.772017120215681,0.2014788382195301,Pan,West Africa
Anterior,HTB1701,7,7,20.496602057846726,8.910853618816539,0.9179211597349978,Pan,French Cameroons
Premolar,BRK126760,3,9,24.69897992024105,22.075399619232527,0.5286564589061568,Homo sapiens,Native Californian
Premolar,NMNH329778,7,9,36.694079697947465,15.051974593295247,0.5897452029625126,Homo sapiens,Australian aboriginie
Anterior,MH3616,8,2,30.827949570165707,15.614623595634633,0.04757903171431743,Homo sapiens,Australian aboriginie
Posterior,AMNH99.1/105,7,2,15.51117106805339,18.783249206013743,0.5050357390294662,Homo sapiens,Alaska
Anterior,NMNH278716,12,10,29.661418713734392,14.450089348370298,0.3174650310170995,Homo sapiens,Buriat
Anterior,NMNH344713,12,10,24.188026818312547,26.468073473044967,0.05638202747747195,Homo sapiens,Australian aboriginie
Posterior,BM1901.8.9.23,12,3,27.779543467165283,14.187290905619147,0.8911937125970764,Papio,East Africa
Premolar,BRK126118,10,6,21.47430519489853,12.364944057056828,0.3510596700572872,Homo sapiens,Native Californian
Anterior,MH3337,12,5,18.364874263509833,20.95828856289979,0.4537951349725351,Homo sapiens,Australian aboriginie
Anterior,UVS38,12,6,20.376586071530532,22.18060106915009,1.0189670647051994,Homo sapiens,Khoi-San
Posterior,BRK126261,1,7,36.51706481407683,14.45167344324761,0.3363264078450863,Homo sapiens,Native Californian
Premolar,AMNH99.1/89-B,3,3,52.910318391354224,10.158813104427162,0.513763049779589,Homo sapiens,Alaska
Anterior,MH24934B,8,7,42.43861114298623,11.78838248241098,0.2514487825195396,Homo sapiens,Buriat
Anterior,BM1962.25,8,14,31.81140611397715,13.965283009001045,0.8577245738233119,Papio,East Africa
Anterior,UVS142,3,3,54.146047929982785,16.787461821403426,0.9596811884371393,Homo sapiens,Khoi-San
Posterior,BRK126248,10,11,22.097424586387042,3.4549738010922546,0.5085555238411495,Homo sapiens,Native Californian
Posterior,BM1976.1416,0,2,23.802738217142846,15.617998783696606,0.4119969962555181,Pongo,Borneo
Anterior,BM1906.11.1.6,6,6,24.70248125871203,17.023152837577456,0.595180167789036,Papio,East Africa
Premolar,HTB1153,2,8,38.880074888905256,23.006078994684266,0.7687157015141484,Papio,East Africa
Premolar,NMNH225025,11,10,31.0888869458375,13.577588140992939,0.490557963481515,Homo sapiens,Chucki
Premolar,HTB1726,5,11,42.57501388858863,18.290753645331307,0.5774416300412403,Pan,Ebolwa
Posterior,MH1860,6,9,11.429719626907897,17.434622149692036,0.3926369182959694,Homo sapiens,Sami
Posterior,NMNH226088,3,13,20.164983944543387,21.23188935176954,1.344603822382842,Homo sapiens,Australian aboriginie
Posterior,BM1908.8.9.41,12,3,39.86362530590226,24.532119969236213,0.7970468714742298,Papio,East Africa
Anterior,BM1935.2.14.1,1,12,27.257283955900938,19.063811598818074,0.3698425661021584,Papio,East Africa
Posterior,MH1670,12,3,33.436420630862436,16.52094983446186,0.3799644640814893,Homo sapiens,Sami
Premolar,MH12317,0,13,14.863031026140533,9.42180290761259,0.09191280776327215,Homo sapiens,Chucki
Posterior,NMNH278710,4,12,43.51542671039263,14.653061803805908,0.5856791149397768,Homo sapiens,Buriat
Anterior,NMNH380450,2,14,35.290416681254875,16.574761863816775,0.8997453253343594,Homo sapiens,Australian aboriginie
Posterior,UVS1,10,5,23.520535871408885,13.211765400479752,0.06734342302333707,Homo sapiens,Khoi-San
Posterior,BM1884.10.30.1,8,6,23.199595045210785,11.807913577445092,0.3157599090562956,Pongo,Borneo
Premolar,AMNH99.1/105,2,5,23.955269263690756,14.57379622515304,0.8773841605879398,Homo sapiens,Alaska
Anterior,BRK126773,3,3,47.070693238106905,16.579548192179736,0.2685164372402027,Homo sapiens,Native Californian
Posterior,BRK126774,6,11,35.62618335563988,17.187246437619503,0.3914485643908605,Homo sapiens,Native Californian
Posterior,UVS1,6,3,37.743592123682724,13.431859902084975,0.40850008087221384,Homo sapiens,Khoi-San
Anterior,HTB1721,3,8,43.719211528060924,13.973294871335892,0.20478293487271393,Pan,Ebolwa
Anterior,HTB1218,11,2,17.051340477848008,10.522340996033304,0.7286366862991526,Papio,East Africa
Premolar,PMN3064,1,14,44.69416188375906,12.929205868973986,0.17269408080755677,Homo sapiens,Australian aboriginie
Anterior,IPHA.14,1,10,18.252444829471845,19.3239628659092,0.38225314058397436,Homo sapiens,Afalou
Anterior,MH1505,1,8,26.52672340706621,12.469059079020758,0.9513159186578328,Homo sapiens,Tasmanien
Posterior,BM1901.2.13.1,1,12,22.18969770015968,14.584261710091512,-0.019114303033746838,Papio,West Africa
Anterior,BRK126244,6,4,40.97400300852297,16.974018935616538,1.1359601907094232,Homo sapiens,Native Californian
Posterior,UVS46,7,6,37.860857547625415,18.909467329811076,0.9983623223128542,Homo sapiens,Khoi-San
Anterior,HTB2748,10,9,60.26331517247718,24.455288596913448,-0.12472513971713362,Pan,French Cameroons
Posterior,NMNH225029,6,4,30.990426061249867,14.816756112598584,0.7925808806781426,Homo sapiens,Chucki
Premolar,UVS52,7,4,41.206877298758435,18.8556950417187,0.9189503407206427,Homo sapiens,Khoi-San or bushman half-caste
Premolar,BM1932.7.6.1,4,6,22.794550478786192,13.294430924014506,0.2714829974942585,Papio,East Africa
Posterior,NMNH283606,8,10,31.088276882880077,19.195935336895012,0.765695425107775,Homo sapiens,Buriat
Premolar,MH24934B,11,12,44.76415401942778,11.457100272661288,-0.23431219828887784,Homo sapiens,Buriat
Posterior,HTB1958,6,12,35.81709331151056,14.892763774655826,1.005721257101117,Pan,French Cameroons
Premolar,BRK126755,4,2,14.195943322507215,13.332248437175009,0.31721899714773477,Homo sapiens,Native Californian
Posterior,MH11150,10,6,39.015915846967616,19.219976306542158,0.582749367688925,Homo sapiens,Buriat
Premolar,BRK125676,3,14,53.06469737378381,17.487744916843244,0.2890303448493444,Homo sapiens,Native Californian
Premolar,BRK126266,12,8,25.995996415890964,13.688732242714245,0.5447758075546185,Homo sapiens,Native Californian
Posterior,HTB3537,2,8,33.38468219742881,5.621146138258499,0.31663801538864955,Pan,West Africa
Posterior,IPHA.5,11,8,24.268900598798595,15.868706299315138,0.8094076417465546,Homo sapiens,Afalou
Premolar,AMNH99.1/160,0,4,20.485195988506376,13.839308287953358,0.5062696306107547,Homo sapiens,Alaska
Premolar,HTB1720,8,4,12.625819474216161,15.124778433710672,0.9559497310144309,Pan,Ebolwa
Posterior,AMNH99.1/107,12,4,28.3739419268484,12.406511540009065,0.19864631231543273,Homo sapiens,Alaska
Premolar,BM1976.1422,7,2,43.845345582569124,5.361136462012542,0.13834495967002053,Pongo,Borneo
Posterior,BRK126259,2,10,55.828645627210335,11.560477585724566,0.3757323628003284,Homo sapiens,Native Californian
Anterior,BRK125670,5,4,49.73282166787112,19.167290228125523,-0.16804156554048177,Homo sapiens,Native Californian
Posterior,HTB1497,12,5,27.17429307942037,13.991226799437923,0.43457486918076027,Papio,East Africa
Posterior,MH1511,5,3,28.82847877034188,24.082932792890986,0.2832900930287877,Homo sapiens,Australian aboriginie
Premolar,BRK126113,9,13,16.29442927712809,24.241653022212176,1.1377639407808138,Homo sapiens,Native Californian
Posterior,NMNH278704,11,3,34.12341534107396,17.000275845610535,0.691003107532148,Homo sapiens,Buriat
Posterior,MH5563,12,3,35.35127092909164,18.092862862836725,0.5913247934368281,Homo sapiens,Khoi-San
Premolar,UVS2,4,13,43.57818888392999,15.174514701834534,0.189340290956512,Homo sapiens,Khoi-San
Posterior,HTB3539,1,13,32.61843143842438,17.026285800986262,0.5317550888958512,Pan,West Africa
Premolar,HTB1758,4,5,32.56189458925041,12.941417498248097,0.8527382686679272,Pan,Ebolwa
Anterior,IPHA.14,10,4,52.75143656365361,11.262659448322896,0.41265123450458235,Homo sapiens,Afalou
Premolar,AMNH99.1/64,8,5,24.24101804316696,16.92581357295349,0.44461588542279157,Homo sapiens,Alaska
Anterior,HTB0802,1,8,41.91311873388331,18.122930116298946,0.6829682437638698,Papio,East Africa
Anterior,NMNH329778,3,11,46.522225559641896,11.048822487839463,0.14596018798675203,Homo sapiens,Australian aboriginie
Posterior,NMNH226092,4,4,48.54910555963204,14.699513362525881,-0.29140001530691095,Homo sapiens,Australian aboriginie
Premolar,BM1900.3.18.1,6,4,13.721919241950843,14.80652223086106,0.907816154175772,Papio,East Africa
Posterior,BM1976.1420,8,9,32.482686108787824,19.82364076538529,1.0469306258688273,Pongo,Borneo
Posterior,BRK126774,1,11,24.569224527486853,15.379271358691593,0.1889158256481212,Homo sapiens,Native Californian
Premolar,UVS119,11,4,40.01383139684563,20.57500220440766,0.43346054035081427,Homo sapiens,Khoi-San
Posterior,BM1976.1417,8,4,29.723940013754454,15.439475567828485,1.360164149972741,Pongo,Borneo
Premolar,HTB1719,11,13,45.37406469926806,14.994362947473695,0.790563532375434,Pan,Ebolwa
Premolar,HTB3551,3,9,22.80543181521139,19.30797362049601,0.4860064782088467,Pan,West Africa
Premolar,MH3619,0,10,34.102624935195365,12.152626050740276,0.9501861297048315,Homo sapiens,Tasmanien
Premolar,MH19777,6,10,29.372968998186003,13.167874476596198,0.13019853455381108,Homo sapiens,Buriat
Premolar,BRK126054,0,2,34.21553364295807,16.345685100446527,-0.128135505676234,Homo sapiens,Native Californian
Premolar,HTB1212,6,3,27.68849100272231,19.005862032675168,0.25625759085559296,Papio,Central Africa
Posterior,MH1860,3,14,38.7438181925458,14.248363990049791,0.002609511847277979,Homo sapiens,Sami
Premolar,BM1938.7.17.1,4,13,37.85355514059457,14.065654780762944,0.7117625102688201,Papio,Central Africa
Posterior,MH3619,6,2,22.881921441752873,10.74073417366138,0.13604789291142483,Homo sapiens,Tasmanien
Anterior,MH19782,5,3,31.31866281217943,8.307796902857623,0.10824609846975553,Homo sapiens,Buriat
Posterior,AMNH99.1/101,3,6,30.33758902796675,11.191096704319424,1.0219533594041006,Homo sapiens,Alaska
Anterior,NMNH225029,0,2,37.921261095838055,20.055054435429106,0.5628862711129559,Homo sapiens,Chucki
Anterior,NMNH330604,10,14,49.54454264678774,9.275483967670386,0.11203640076609839,Homo sapiens,Australian aboriginie
Posterior,HTB2032,2,2,17.768045457082952,16.411409587455978,-0.25294986763460137,Pan,Ebolwa
Premolar,IPHA.3,7,10,31.794570815615273,19.22264018181086,0.41704427904351016,Homo sapiens,Afalou
Anterior,MH1860,0,2,39.01531659900927,16.578392520571022,0.46913251326724853,Homo sapiens,Sami
Anterior,IPHA.36,8,2,16.681490421576708,15.080659882896372,0.5238478252422347,Homo sapiens,Afalou
Posterior,UVS142,0,11,30.799725700669224,15.168460837178543,0.2719982807757206,Homo sapiens,Khoi-San
Posterior,AMNH99.1/61,9,13,29.90549414207699,13.502661357559187,0.7380696833181335,Homo sapiens,Alaska
Posterior,IPHA.25,8,6,44.8036667492077,8.032945688686818,0.8218271279985169,Homo sapiens,Afalou
Premolar,HTB3437,0,12,31.247803062299692,12.07500192909144,0.8833176098218118,Pan,West Africa
Posterior,MH12320,7,8,33.645547740859065,12.663478614671101,-0.11261766113432947,Homo sapiens,Chucki
Anterior,HTB1503,2,7,47.11438138368558,17.346992208350326,0.38191508079409364,Papio,East Africa
Posterior,BM1939.1006,5,8,15.015613150833413,14.674760176916045,0.14166637823921252,Pongo,Borneo
Anterior,BM1976.1442,8,13,31.380944956379263,15.853131284789658,0.015273065211929726,Pongo,Borneo
Posterior,HTB1221,4,10,38.39803227154839,19.11076010232528,0.4121905655222899,Papio,East Africa
Anterior,NMNH225032,11,10,56.33835975031484,21.808456649130747,0.5185946776953116,Homo sapiens,Chucki
Posterior,HTB1503,5,3,14.318913967071868,11.336624137762394,-0.025772251366707355,Papio,East Africa
Premolar,AMNH99.1/98,12,11,23.84584684878198,13.282849158563943,0.19959476690942074,Homo sapiens,Alaska
Posterior,HTB3538,12,8,40.042362612339865,8.196051102538654,0.5650370711239913,Pan,West Africa
Anterior,MH4459,3,10,39.856256873919364,19.11555153236445,-0.15375341040694024,Homo sapiens,Australian aboriginie
Anterior,UVS125,7,5,53.335394743206145,13.417531897261124,1.0034659618521884,Homo sapiens,Khoi-San
Posterior,HTB1888,12,2,30.241915257992417,5.144507462300453,-0.11608276516820448,Pan,French Cameroons
Premolar,AMNH99.1/97,6,12,31.739384320314972,13.45530095494456,0.47534180149250044,Homo sapiens,Alaska
Anterior,HTB2756,6,14,41.784783155685794,16.126965327359073,0.3833803654451961,Pan,French Cameroons
Anterior,NMNH227455,2,5,13.406788521341014,15.58325063877159,1.0334935100217189,Homo sapiens,Australian aboriginie
Premolar,UVS52,11,3,26.002643063553162,12.617196587060437,0.7496293569307799,Homo sapiens,Khoi-San or bushman half-caste
Anterior,MH20325,2,3,33.52953432441457,12.883784857613666,-0.0507871275539612,Homo sapiens,Australian aboriginie
Anterior,MH4459,4,9,22.011960221009602,14.906100855001629,0.444091031425052,Homo sapiens,Australian aboriginie
Premolar,HTB1220,2,5,29.319012034235563,16.38582651344313,0.010243773616946783,Papio,East Africa
Premolar,BRK126259,12,11,23.513782763465215,8.303156039303406,0.24694671461507123,Homo sapiens,Native Californian
Premolar,HTB3398,4,4,31.127655266222355,15.82553395163159,0.3320434293048192,Pan,West Africa
Premolar,MH8057,2,12,30.867306812262914,16.474332498725428,1.0051712023090063,Homo sapiens,Sami
Anterior,NMNH226089,6,6,27.085832823595034,10.1319865530201,0.5619897665564556,Homo sapiens,Australian aboriginie
Anterior,BRK126767,6,11,39.715761110625316,14.422535081299511,0.8718146591911828,Homo sapiens,Native Californian
Posterior,BRK126243,4,2,46.4764702605136,17.574515642347286,-0.07886090114267019,Homo sapiens,Native Californian
Premolar,NMNH350098,11,9,41.444139346025935,17.894627650350717,0.21980982329042104,Homo sapiens,Australian aboriginie
Posterior,IPHA.48,0,3,52.6564607712103,14.511680238989783,0.5898613721458087,Homo sapiens,Afalou
Posterior,NMNH380466,3,14,26.0832481086834,17.3534928052814,0.313064664864468,Homo sapiens,Australian aboriginie
Premolar,NMNH283615,3,2,43.938403248378854,11.455826540494913,1.4807829100016763,Homo sapiens,Buriat
Anterior,HTB1737,0,8,37.311163847464854,13.429524234281345,0.3137588901749609,Pan,Ebolwa
Anterior,HTB0890,4,8,43.61472636203582,19.097453389992808,0.29399286385310885,Papio,East Africa
Premolar,HTB2751,9,7,35.26904209326616,16.001427768302133,0.9145128007154194,Pan,French Cameroons
Posterior,IPHA.2,11,8,22.412343972508115,18.86451483536482,0.1789686573569887,Homo sapiens,Afalou
Anterior,BM1934.11.20.1,4,8,24.844690843858498,17.936301913702188,0.17670725585031627,Papio,East Africa
Anterior,MH5325,8,5,23.738614729264707,13.359058991467233,0.06830290429969099,Homo sapiens,Australian aboriginie
Anterior,BM1901.2.13.1,11,14,39.91444451086146,19.089716810679665,0.4110862156346948,Papio,West Africa
Premolar,MH1861,1,5,35.50612209534636,13.187369201464353,0.9935298732503183,Homo sapiens,Sami
Posterior,MH5329,6,11,36.64935513513727,21.337747752424725,0.3360166408791697,Homo sapiens,Australian aboriginie
Premolar,HTB1724,3,2,42.626513862491755,15.045683574100964,0.6271911666604928,Pan,Ebolwa
Premolar,PMN1497,4,7,45.83286038714478,19.46789176980778,0.20281424077278426,Homo sapiens,Australian aboriginie
Anterior,NMNH344713,9,4,16.63307197228326,12.680710159067292,0.7090690568965121,Homo sapiens,Australian aboriginie
Premolar,MH4763,4,3,24.088589296601047,5.94315218253651,0.43040647461321346,Homo sapiens,Australian aboriginie
Posterior,MH3337,3,12,15.155297182257982,23.02644342983834,0.4474546354072689,Homo sapiens,Australian aboriginie
Premolar,MH19784,12,12,18.307457937777386,10.727260359309685,0.30645575543951153,Homo sapiens,Buriat
Anterior,AMNH99.1/89-A,2,9,43.81193846818056,12.007660309338158,0.7536035789013229,Homo sapiens,Alaska
Premolar,MH12328,11,9,16.562815418588183,10.549394700264823,0.4026974072971206,Homo sapiens,Chucki
Premolar,MH19826,8,13,27.659274975134082,17.58754688755845,0.79331267255709,Homo sapiens,Yaghan
Premolar,BRK126089,10,5,11.316939962753395,15.535568963773416,0.25041537863168495,Homo sapiens,Native Californian
Premolar,NMNH330606,7,3,12.360425917131032,8.948992175906863,0.8245970413446521,Homo sapiens,Australian aboriginie
Posterior,MH10285,12,5,25.40778562991894,13.592828608118708,-0.20028931236811487,Homo sapiens,Ona
Posterior,BM1922.12.19.6,3,12,16.230015293814283,19.035608968356726,0.8642888646445009,Papio,Central Africa
Premolar,BRK126117,3,6,40.70292459824958,18.374240077357946,0.35000251002153804,Homo sapiens,Native Californian
Premolar,BRK125822,8,13,36.17031670686185,14.16310470445926,-0.3380706851240868,Homo sapiens,Native Californian
Posterior,BM1976.1429,4,10,31.864152248725915,16.89324596770031,0.859073135056999,Pongo,Borneo
Anterior,BRK126764,1,2,30.748338992149478,10.918984955905369,0.624140931770623,Homo sapiens,Native Californian
Anterior,PMN3064A,9,5,33.49145862020183,17.67497124664154,0.8253114963322701,Homo sapiens,Australian aboriginie
Posterior,NMNH380449,6,8,16.32229420704222,18.98671629715765,0.3468499509858761,Homo sapiens,Australian aboriginie
Premolar,BM1976.1436,2,9,35.73822451156837,22.0821640691825,0.9223350012534101,Pongo,Borneo
Posterior,AMNH99.1/109,8,9,23.93797405350022,12.716011497840515,0.6300978740523999,Homo sapiens,Alaska
Premolar,BRK126264,3,13,24.677194416763673,19.082197793930188,0.9651908084332341,Homo sapiens,Native Californian
Anterior,NMNH225028,12,14,33.06377814297146,18.44222479932367,0.3635660652993514,Homo sapiens,Chucki
Premolar,HTB3398,2,12,17.91129517234254,14.475389632385674,0.12548730303844147,Pan,West Africa
Premolar,NMNH283607,9,4,13.567016580302496,20.103546316272535,0.052685707469708576,Homo sapiens,Buriat
Anterior,NMNH344714,9,7,52.59520245298897,16.660164915688807,0.2385332895390161,Homo sapiens,Australian aboriginie
Posterior,HTB1959,0,2,35.241837561193094,12.329404692643916,0.4731878619120609,Pan,French Cameroons
Anterior,BRK126054,2,4,49.811394616793514,18.27333355410799,0.7471327475517715,Homo sapiens,Native Californian
Premolar,HTB2026,10,8,37.24555457631453,20.49374137392129,0.5739556400236212,Pan,Ebolwa
Anterior,MH20326,7,3,-2.979682441003451,-1.374242152952558,0.36557714398745733,Homo sapiens,Australian aboriginie
Anterior,UVS10,0,9,23.8564918598721,20.66372448176814,0.9851654421749525,Homo sapiens,Khoi-San
Premolar,BRK126260,2,5,66.6334525613864,21.164120924986506,0.3785927737526042,Homo sapiens,Native Californian
Anterior,MH22282,1,14,34.133975084872034,14.545560901526853,0.544243805064735,Homo sapiens,Sami
Posterior,HTB2756,6,13,33.15160554423214,10.050855464206283,0.5351517212058933,Pan,French Cameroons
Premolar,BM1976.1427,5,9,33.35127118662289,18.805363256456438,1.0035658670747514,Pongo,Borneo
Premolar,BM1936.12.28.1,6,4,35.56305531032591,14.581876414541204,0.3773100795533716,Papio,East Africa
Posterior,BRK126248,8,5,24.44973485293683,13.11500555668942,0.13594608902464744,Homo sapiens,Native Californian
Anterior,IPHA.48,7,4,28.64120167411762,12.496794363919472,0.6199067109159339,Homo sapiens,Afalou
Anterior,BM1902.11.22.1,2,14,16.46729163086442,18.427550815896893,0.4165966011653255,Papio,Arabia
Posterior,IPHA.13,3,10,51.52869735954807,12.615105116735243,1.1821671107062834,Homo sapiens,Afalou
Posterior,HTB1722,12,11,22.247846859664243,14.186437318427593,0.6818305842550174,Pan,Ebolwa
Posterior,BRK125458,10,2,36.11395334760543,13.512045680116762,1.0438909021424483,Homo sapiens,Native Californian
Posterior,MH12328,5,5,19.914234102582114,18.99464001915886,0.7996392671777517,Homo sapiens,Chucki
Premolar,HTB1722,12,12,14.677518234759845,18.115472111310112,0.4028007281559447,Pan,Ebolwa
Anterior,NMNH380464,2,5,45.64096694058235,10.5828907381248,0.4144273607221559,Homo sapiens,Australian aboriginie
Premolar,UVS63,8,2,44.84323138461138,17.185098101854653,0.9024735736001706,Homo sapiens,Khoi-San or bushman half-caste
Premolar,NMNH278712,2,3,23.688200756084264,15.205299978490777,0.1333723153936165,Homo sapiens,Buriat
Anterior,MH2896,2,13,37.17965347119188,17.631711443211323,0.2685843273021161,Homo sapiens,Khoi-San
Premolar,BM1964.2174,9,7,15.256092240878957,12.565407782956642,0.39027334936327107,Papio,East Africa
Anterior,BRK125666,2,3,25.11222725037053,20.5931487008372,-0.009737510531308002,Homo sapiens,Native Californian
Premolar,AMNH99.1/103,11,14,38.96956968924298,19.479546350526473,0.3018793449185452,Homo sapiens,Alaska
Posterior,UCD2(10.1)b,4,13,2.5303081245936667,16.403475804707355,0.6834017842809555,Homo sapiens,Native Californian
Anterior,NMNH380449,2,7,38.22449485630788,11.356599762008655,0.7219976060754119,Homo sapiens,Australian aboriginie
Anterior,BRK126250,11,3,37.70957045856398,15.038120489549717,0.20029962822673247,Homo sapiens,Native Californian
Premolar,HTB1956,3,4,24.659023755911214,15.02823540968152,0.10162489828121352,Pan,French Cameroons
Posterior,AMNH99.1/160,10,11,25.73283347562719,12.618279236333782,1.1488284292008242,Homo sapiens,Alaska
Premolar,HTB1758,5,9,33.011973408682785,16.3762187182255,0.7361865918935111,Pan,Ebolwa
Posterior,IPHA.12,1,2,7.583817242111653,15.362495211507664,-0.400495057336827,Homo sapiens,Afalou
Premolar,AMNH99.1/86-D,11,6,36.94719063743513,16.0210080678642,0.38353692468816547,Homo sapiens,Alaska
Anterior,HTB2033,8,2,25.572737332630354,15.756277882211336,0.2273648120643319,Pan,Ebolwa
Anterior,HTB1153,12,2,30.183891849195128,11.777990521181037,0.48226365222463313,Papio,East Africa
Premolar,MH1509,2,10,36.53768607778132,22.48644977393784,0.1645302603747819,Homo sapiens,Australian aboriginie
Anterior,MH20913,2,11,59.03919879526096,8.735172894337094,0.16272961406716663,Homo sapiens,Yaghan
Anterior,BRK125802,1,12,19.28706186934624,14.619657779755919,0.1061141385912785,Homo sapiens,Native Californian
Anterior,AMNH99.1/97,11,13,47.62287047201889,12.645299476955199,0.2672136652389648,Homo sapiens,Alaska
Anterior,HTB1215,0,8,29.284070808071206,16.497657793314694,1.2998908199926813,Papio,East Africa
Anterior,NMNH330604,3,6,33.374095419631146,16.6556282539437,0.8596548114921543,Homo sapiens,Australian aboriginie
Premolar,HTB3515,7,12,36.07292910134207,17.86130725515594,0.5884116984683491,Papio,East Africa
Premolar,MH4767,2,11,27.192322771793155,18.853253467137883,1.1766492508201534,Homo sapiens,Tasmanien
Posterior,BRK125679,11,13,42.17518957459325,12.98291906609819,0.19866166723405349,Homo sapiens,Native Californian
Anterior,UVS40,6,2,28.759359391564928,11.755970911399595,0.2883743678266104,Homo sapiens,Khoi-San
Premolar,UVS67,4,11,20.606903877092293,15.624217399925854,0.4379993113077702,Homo sapiens,Khoi-San or bushman half-caste
Posterior,HTB1768,10,6,26.403618938987435,7.124954443090042,0.450927811781375,Pan,Ebolwa
Anterior,PMN1390,11,2,35.52259566128279,17.91336050368666,0.3687782798630581,Homo sapiens,Australian aboriginie
Premolar,MH20912,9,3,15.491908508346842,16.299590492787054,0.48265012551832354,Homo sapiens,Ona
Anterior,HTB1959,4,13,23.532373862731223,7.9199947580012875,0.45435308568645283,Pan,French Cameroons
Premolar,HTB1713,10,6,37.04596712497195,10.903519283814203,0.6392492267905721,Pan,Ebolwa
Anterior,UVS55,0,13,40.961333905440725,18.228551124070446,0.7465303035802184,Homo sapiens,Khoi-San or bushman half-caste
Anterior,BRK126094,8,4,41.84769232813801,18.037931578927004,0.5797317607186525,Homo sapiens,Native Californian
Anterior,MH11150,10,9,32.8471582420243,15.936151329121204,0.05229322034547679,Homo sapiens,Buriat
Premolar,BM1908.8.9.41,4,3,27.058115264224153,9.453726005619057,1.3631277899040377,Papio,East Africa
Premolar,HTB1882,5,3,32.652162250856435,13.875849573744128,0.4922932047134244,Pan,Ebolwa
Premolar,NMNH225025,0,4,22.5376736399164,9.899349340359045,0.3430772212839982,Homo sapiens,Chucki
Posterior,MH1526,7,6,38.726210224418345,19.499741568637894,0.4265039638344672,Homo sapiens,Australian aboriginie
Premolar,MH19784,0,6,23.193348529150295,11.849814870040763,-0.3732036737428771,Homo sapiens,Buriat
Premolar,AMNH99.1/89-A,2,11,36.3556743923027,14.482294880894129,0.5455929329379083,Homo sapiens,Alaska
Posterior,HTB1703,7,2,19.12433081038705,20.88605124314301,0.5738676471044861,Pan,French Cameroons
Anterior,NMNH329778,8,12,29.934942439551843,17.70934674657085,0.35249493816806343,Homo sapiens,Australian aboriginie
Anterior,AMNH99.1/59,10,13,26.45361789777839,9.973677122753411,0.3887189405199232,Homo sapiens,Alaska
Premolar,UVS3,5,12,27.177135174718845,5.045018586891132,-0.39985138925137387,Homo sapiens,Khoi-San
Premolar,BM1939.1021,9,8,24.28801785629804,13.398165967416242,0.4631317156258631,Papio,West Africa
Anterior,BM1922.12.19.6,8,6,43.62669191988769,14.862546653517011,0.0031237159149767324,Papio,Central Africa
Posterior,IPHA.25,7,11,44.98997761570471,12.185662557816894,0.48885010741067464,Homo sapiens,Afalou
Posterior,IPHA.29,4,8,21.165115116083623,15.983646572826919,1.503714347192282,Homo sapiens,Afalou
Premolar,NMNH380466,10,3,25.73494966437158,16.024454277189804,0.37960445925499703,Homo sapiens,Australian aboriginie
Posterior,AMNH99.1/79,11,10,15.203840137463086,4.8977568668302744,0.8265255238649771,Homo sapiens,Alaska
Anterior,HTB1043,3,2,42.0960870588203,12.425057868417179,0.5909393624656399,Papio,East Africa
Posterior,HTB1768,1,7,35.428307405238215,16.43545797176917,0.3558468900654816,Pan,Ebolwa
Premolar,UVS119,1,12,32.08697737924253,21.003524239149797,0.5587115225654692,Homo sapiens,Khoi-San
Anterior,BRK125666,10,4,47.98182406710901,18.838507396160736,0.5261455120619067,Homo sapiens,Native Californian
Posterior,HTB1726,8,5,26.884852424597092,18.893817725583517,0.7140014014496713,Pan,Ebolwa
Anterior,MH22283,8,13,20.628712338242057,17.993083945231483,0.7127624942870565,Homo sapiens,Sami
Premolar,BM1904.8.2.3,7,14,29.270380386529897,14.432906936013294,0.022759358179758882,Papio,East Africa
Premolar,BRK125661,2,6,49.19186479307298,15.458524439704288,0.32899958958527703,Homo sapiens,Native Californian
Anterior,BRK126076,6,10,26.74176741271154,20.875191081430334,0.30730562820145235,Homo sapiens,Native Californian
Posterior,NMNH350097,3,6,27.800007022965946,15.64812764567288,0.8817819176749434,Homo sapiens,Australian aboriginie
Anterior,AMNH99.1/84-B,9,9,35.408300534558656,13.457006842825537,0.966805506651379,Homo sapiens,Alaska
Anterior,BM1939.1005,7,2,32.43654291693071,14.340497734515905,0.9739781327944561,Pongo,Borneo
Posterior,BRK126092,7,10,19.596617445883105,9.94239461713938,0.35696645359055734,Homo sapiens,Native Californian
Premolar,HTB1744,12,5,46.8808337331762,11.358901928617652,0.5796918586817228,Pan,Ebolwa
Posterior,HTB1791,8,3,44.088451224815074,15.844041590509752,0.5155703609228969,Pan,Ebolwa
Premolar,UVS45,4,8,53.446956306622056,11.264536168360426,1.1993608434196,Homo sapiens,Khoi-San
Anterior,IPHA.13,1,10,0.5094943105784857,10.150641057905686,0.4785979868651705,Homo sapiens,Afalou
Anterior,UVS3,0,2,40.20387604997954,19.083732091702522,0.3376462463327715,Homo sapiens,Khoi-San
Premolar,BM1899.6.10.2,3,14,27.64280300383117,17.66717359423861,0.44807424627930204,Papio,East Africa
Posterior,IPHA.36,8,5,45.431631151777616,11.400117757797947,0.3126221798504547,Homo sapiens,Afalou
Premolar,MH4763,11,14,23.099943833947663,11.49073476330748,0.47294489942056367,Homo sapiens,Australian aboriginie
Premolar,NMNH225025,4,5,14.62363378972309,24.07054189179504,0.22304460862014164,Homo sapiens,Chucki
Premolar,BRK125661,10,11,22.198049532107568,12.523863186459362,0.41389710908108013,Homo sapiens,Native Californian
Anterior,MH24592,7,4,23.92003279561174,15.713382520854532,0.3272808297347143,Homo sapiens,Ona
Posterior,MH12324,12,2,29.82945174671198,14.925967711828553,0.7818229416625215,Homo sapiens,Chucki
Posterior,IPHA.46,3,7,47.44449687638913,11.487408356943893,-0.19308857920638023,Homo sapiens,Afalou
Anterior,NMNH278707,12,8,24.324065775605177,15.398479633379361,-0.07549690362706818,Homo sapiens,Buriat
Premolar,NMNH278704,1,6,28.85016220847864,14.292494757847745,0.9064127813535687,Homo sapiens,Buriat
Anterior,BRK126774,11,5,44.80477954472585,12.031518455021013,1.1909708894924456,Homo sapiens,Native Californian
Premolar,MH24934B,10,2,29.052620229218725,17.586686245400767,0.3437468675880179,Homo sapiens,Buriat
Anterior,AMNH99.1/94,10,10,42.61716809454983,20.305627416539355,0.5086200224966364,Homo sapiens,Alaska
Premolar,MH24934C,5,14,46.32049822908054,12.508415050739266,0.5120520416677679,Homo sapiens,Buriat
Premolar,NMNH283613,7,9,27.782587984812665,19.667367109045575,0.009889649862596717,Homo sapiens,Buriat
Anterior,MH12320,7,11,34.531372901789986,21.746745409622534,0.19118471433938083,Homo sapiens,Chucki
Posterior,BRK125666,4,8,28.932706329580633,19.23347144338879,-0.04181539966275738,Homo sapiens,Native Californian
Anterior,NMNH344714,5,5,23.626096913488148,12.923771152381475,0.20686063735436844,Homo sapiens,Australian aboriginie
Premolar,HTB1220,7,2,38.80484684818307,15.470347990396718,1.0400519058961633,Papio,East Africa
Anterior,NMNH278701,8,2,24.340523860706085,14.243369401902992,0.7911786424809937,Homo sapiens,Buriat
Anterior,NMNH278711,8,8,49.92333844096535,11.869621487558561,0.3056673184863571,Homo sapiens,Buriat
Posterior,NMNH344711,10,7,34.58572290339003,16.604333045705946,0.5612732156173579,Homo sapiens,Australian aboriginie
Premolar,HTB1775,3,12,27.149029471732725,18.175075077078063,-0.4434910933231514,Pan,French Cameroons
Anterior,BM1927.8.14.1,10,7,25.30313243398324,16.934025220535485,0.5548656776907652,Papio,East Africa
Premolar,HTB1503,9,12,28.622077697787475,12.590398070112153,1.5052180980104444,Papio,East Africa
Premolar,HTB1903,6,7,38.95382487451858,13.226040970685592,0.07597332076054175,Pan,French Cameroons
Posterior,HTB1025,8,6,23.444205872709226,18.916868313260267,0.8921209558551852,Papio,East Africa
Premolar,MH22278,9,12,20.733356343421047,16.578695354878523,0.7680837708213852,Homo sapiens,Sami
Posterior,MH4767,7,13,42.49475205257667,12.399276019670546,0.5959173206985535,Homo sapiens,Tasmanien
Posterior,MH12327,3,14,35.95289262015547,20.234154264267488,-0.10897649217701277,Homo sapiens,Chucki
Premolar,BRK126244,1,9,24.057223606650407,15.176362080471375,0.5399435753395252,Homo sapiens,Native Californian
Premolar,MH10285,10,3,28.356458300668976,17.20345102608578,0.42429379054428856,Homo sapiens,Ona
Anterior,NMNH380449,0,12,33.897081794516275,14.265577063453824,0.19476618937129442,Homo sapiens,Australian aboriginie
Posterior,NMNH350096,9,2,37.95896410798534,11.951978002653684,0.7482394111713677,Homo sapiens,Australian aboriginie
Premolar,NMNH278716,8,2,31.014621394834816,10.805158202571143,0.37744697894284507,Homo sapiens,Buriat
Premolar,NMNH278712,4,10,33.858079411516954,13.729831612419039,-0.18546018188602564,Homo sapiens,Buriat
Posterior,BM1904.11.5.2,7,3,19.875937073757463,10.96810873750773,0.5260963153316298,Papio,East Africa
Premolar,UVS52,4,4,35.66747806164979,20.704673393994426,0.3212179491567674,Homo sapiens,Khoi-San or bushman half-caste
Premolar,MH12323,12,13,17.64722710212576,15.767070115263655,-0.06865851739252227,Homo sapiens,Chucki
Posterior,HTB2771,5,4,35.47690090719897,15.626537746425736,0.7456579860695935,Pan,French Cameroons
Premolar,HTB1220,12,9,42.42723505477192,10.991814452163053,0.6126055087098791,Papio,East Africa
Posterior,NMNH329779,7,7,30.312020950691508,19.074794551218027,0.9517272502257175,Homo sapiens,Australian aboriginie
Posterior,AMNH99.1/111,12,8,40.65004693718326,15.506576315739904,0.4133628900152218,Homo sapiens,Alaska
Premolar,NMNH278711,0,3,23.02721259494432,15.579911391976411,0.5316991809467169,Homo sapiens,Buriat
Posterior,UVS68,3,13,30.851867338392076,10.463661203554864,0.5211600875976765,Homo sapiens,Khoi-San or bushman half-caste
Premolar,BM1976.1428,3,2,41.341290233404564,5.104897758365656,0.4324031374078114,Pongo,Borneo
Posterior,UVS29,10,3,39.54201462196656,9.12040877659664,0.5489647934658844,Homo sapiens,Khoi-San or bushman half-caste
Premolar,UVS119,6,2,39.340005028369674,7.657660560570178,0.6085236116419117,Homo sapiens,Khoi-San
Posterior,BRK126250,9,7,23.65086022585914,17.02047536912687,0.6146880885062856,Homo sapiens,Native Californian
Anterior,BRK126259,4,11,37.29258365246244,18.438693513182745,0.3938942006679748,Homo sapiens,Native Californian
Premolar,UVS10,6,5,25.33343774379511,10.504857855311858,0.8631500253933888,Homo sapiens,Khoi-San
Anterior,BM1922.12.19.6,2,5,14.634968630211322,10.37399837030522,-0.0384930804441036,Papio,Central Africa
Anterior,UCD2(10.1)b,4,4,43.10594168318654,10.004788352175634,0.3082971228264147,Homo sapiens,Native Californian
Premolar,NMNH258483,5,9,33.588502671773746,17.084751431414013,0.2243399376190981,Homo sapiens,Australian aboriginie
Anterior,MH4765,10,2,34.70373314818146,17.621192818233634,0.6192522548771505,Homo sapiens,Australian aboriginie
Premolar,NMNH380448,5,9,19.42529007918509,15.714428651060711,0.5758422045441786,Homo sapiens,Australian aboriginie
Anterior,UVS63,1,6,29.64474241949359,12.276625942518827,0.989466364548276,Homo sapiens,Khoi-San or bushman half-caste
Anterior,BRK126076,11,3,22.32912061154579,9.678161845049651,0.8899959488799634,Homo sapiens,Native Californian
Posterior,IPHA.3,8,6,34.85549454116568,17.134259266456095,-0.2825854483129582,Homo sapiens,Afalou
Posterior,NMNH283609a,8,14,24.92516671957344,13.940745634144234,0.6586317387666722,Homo sapiens,Buriat
Posterior,BM1902.9.9.3,5,6,28.600211500076,13.18766259122193,0.5270892790477426,Papio,East Africa
Anterior,AMNH99.1/87,12,10,29.433085754595282,15.997935611044728,0.6197009617728376,Homo sapiens,Alaska
Posterior,HTB1741,3,4,23.124697602065794,10.917024998092568,-0.40526649147493354,Pan,Ebolwa
Premolar,AMNH99.1/59,10,8,40.272082866177655,18.094707576552505,0.31579298678637574,Homo sapiens,Alaska
Premolar,NMNH226092,12,6,42.380226752409556,9.930484287446005,0.4429613960044321,Homo sapiens,Australian aboriginie
Posterior,BM1904.8.2.1,2,3,32.445373636578196,14.32342119542349,0.44686498572231903,Papio,Arabia
Anterior,HTB1497,1,14,36.319012708466865,17.723824330661145,0.352380768754963,Papio,East Africa
Premolar,HTB1956,4,11,46.97842117653,6.484186829468806,0.1477407010960634,Pan,French Cameroons
Anterior,NMNH344713,7,8,46.25517065915894,16.422079013729356,0.12284835449535908,Homo sapiens,Australian aboriginie
Anterior,MH4459,11,12,28.61078312851303,10.691084909364424,0.565270543567812,Homo sapiens,Australian aboriginie
Posterior,BRK126118,7,9,42.06682344805269,12.404619318105773,1.3532786163784982,Homo sapiens,Native Californian
Premolar,BRK126092,12,10,51.00476009141469,9.84725663100113,1.336953447349667,Homo sapiens,Native Californian
Premolar,HTB3537,0,2,27.050125899542365,16.24154505742119,0.6381522071753281,Pan,West Africa
Premolar,IPHA.47,12,7,22.849872963274322,22.193616458479333,0.883312015957984,Homo sapiens,Afalou
Anterior,UVS28,12,12,33.57990219098681,15.029935896307514,0.7512486017829441,Homo sapiens,Khoi-San
Anterior,MH20914,3,13,27.14696443136372,12.846814186477024,0.4653489215388693,Homo sapiens,Yaghan
Premolar,BRK125598,0,8,27.219827701082608,13.52187235271115,0.7317890142177952,Homo sapiens,Native Californian
Premolar,BM1976.1431,3,4,24.34375712633369,18.858771520643035,0.5134827823819342,Pongo,Borneo
Anterior,BM1908.8.9.41,7,11,49.682994070726075,16.288542690584855,0.001267924788538266,Papio,East Africa
Anterior,BRK126252,8,3,37.70782510747811,9.690422510101502,0.1188636227283808,Homo sapiens,Native Californian
Posterior,NMNH329778,6,14,38.32206417097596,16.821095309022986,0.06806714877030662,Homo sapiens,Australian aboriginie
Premolar,UVS3,10,3,14.138181725450792,15.911180686984142,1.1979413220240707,Homo sapiens,Khoi-San
Anterior,UVS60,4,2,33.390695012462004,9.607387977377574,0.5249602017978828,Homo sapiens,Khoi-San or bushman half-caste
Anterior,HTB3515,0,4,31.68306073043736,12.559067822937166,0.5565450652783347,Papio,East Africa
Anterior,MH12318,0,7,25.084421378035046,10.778129466304176,0.8722509465815429,Homo sapiens,Chucki
Premolar,MH12319,9,8,34.515806691666775,18.78114518519745,0.333705879288444,Homo sapiens,Chucki
Premolar,NMNH226088,2,14,39.29570067386582,20.566485442010034,0.9412450945217252,Homo sapiens,Australian aboriginie
Posterior,BM1886.12.20.10,6,14,36.73894985151753,19.088424881775786,0.7179027666629767,Pongo,Borneo
Anterior,AMNH99.1/77,11,14,50.02508088318325,15.461801827001146,0.9178571784646532,Homo sapiens,Alaska
Premolar,HTB1720,7,4,55.705678506250095,14.029963414795878,0.5738307453912632,Pan,Ebolwa
Posterior,HTB1708,12,8,25.61014617169316,15.537664619874716,0.2581571436636376,Pan,Ebolwa
Posterior,BM1904.8.2.1,7,10,51.03727933820235,10.345484131040843,0.34957240452360855,Papio,Arabia
Anterior,HTB3434,3,8,33.290011115340434,10.295157045190429,0.8308385156134894,Pan,West Africa
Posterior,NMNH278706,8,9,19.44624274659927,25.39485426740562,0.4095681844764001,Homo sapiens,Buriat
Posterior,AMNH99.1/84-C,4,3,14.58345473523751,14.227830201111615,0.7502000162979705,Homo sapiens,Alaska
Premolar,IPHA.36,2,9,31.5947140928296,15.223307067625026,0.3479006440711041,Homo sapiens,Afalou
Premolar,NMNH331243,8,3,39.26800305725513,12.456181044028165,0.37444245277209676,Homo sapiens,Australian aboriginie
Posterior,BM1911.12.1.1,8,6,28.691663936672732,16.03263900783064,0.7723265288899035,Papio,East Africa
Anterior,HTB2001,6,14,46.79918803835098,6.097638919323579,0.9366884886892164,Pan,French Cameroons
Anterior,NMNH350096,10,6,30.866210080416884,19.484693626076073,-0.0720730858453088,Homo sapiens,Australian aboriginie
Posterior,NMNH344715,10,9,60.981069526420804,14.731001028524444,1.4703606056723895,Homo sapiens,Australian aboriginie
Premolar,UVS57,2,4,36.98500108596737,6.904154460451727,0.619907094789298,Homo sapiens,Khoi-San or bushman half-caste
Posterior,AMNH99.1/61,8,4,28.292981361243445,15.192607932290997,0.8211859306620004,Homo sapiens,Alaska
Posterior,NMNH350097,1,11,30.348285261206392,10.571851392740772,0.04095919900504447,Homo sapiens,Australian aboriginie
Posterior,UCD2(16)b,6,14,41.460466987188255,11.355104046914553,0.3194771793888854,Homo sapiens,Native Californian
Posterior,NMNH278704,0,7,30.26469804218452,16.47425575485499,0.4908398247443376,Homo sapiens,Buriat
Anterior,UVS63,1,14,22.554244570770607,10.877954767781688,0.29685361081062406,Homo sapiens,Khoi-San or bushman half-caste
Anterior,UVS38,3,9,21.88256953935625,11.450123531386716,0.28861051860589904,Homo sapiens,Khoi-San
Anterior,NMNH380451,6,2,25.165236198282976,19.404185090197288,1.4020325087843688,Homo sapiens,Australian aboriginie
Anterior,HTB1503,6,4,23.431373739963416,13.795334806044616,0.37290636175390246,Papio,East Africa
Premolar,BRK126113,0,6,19.813603357971743,15.627364356217695,0.5862520604552676,Homo sapiens,Native Californian
Anterior,MH1511,6,6,26.463884337854793,15.64622103128831,0.5077552125332327,Homo sapiens,Australian aboriginie
Premolar,MH22280,2,2,28.220169958588652,13.20484948626052,0.6765264891994888,Homo sapiens,Sami
Premolar,UVS101,3,10,50.16497881473171,4.950918493759485,0.7910389510338531,Homo sapiens,Khoi-San
Premolar,HTB1791,12,10,17.688369888843944,21.16161693156092,0.30878400911840453,Pan,Ebolwa
Premolar,HTB2747,11,13,29.949648276809278,19.08653625547283,0.23981115806330672,Pan,French Cameroons
Anterior,MH1509,8,12,28.528331521621592,18.365403640779224,0.04693653199309511,Homo sapiens,Australian aboriginie
Anterior,BM1976.1437,5,12,31.07747134418934,15.695862062010855,0.05184607706689126,Pongo,Borneo
Posterior,MH1511,3,10,28.94490101968975,21.69590149447341,0.43562497002122946,Homo sapiens,Australian aboriginie
Premolar,UVS59,3,5,23.82984691997553,16.30673938830462,0.2909424698745485,Homo sapiens,Khoi-San or bushman half-caste
Anterior,HTB1707,2,2,46.35704112192635,12.817014356704524,1.0567304803476334,Pan,Ebolwa
Anterior,BM1976.1443,2,12,46.380382855708675,8.786508557350212,0.5465728960241315,Pongo,Borneo
Posterior,MH22278,1,14,24.910316347622892,19.807047980665242,1.0120718301754454,Homo sapiens,Sami
Posterior,NMNH226090,4,13,20.42822436481614,24.429800653872157,0.6776307837185442,Homo sapiens,Australian aboriginie
Premolar,UVS125,3,13,22.538008326484672,12.244440901748273,0.8206507679930737,Homo sapiens,Khoi-San
Premolar,HTB1713,12,8,28.501054426922664,9.004462878499815,0.5389995680823868,Pan,Ebolwa
Premolar,AMNH99.1/86-D,5,14,26.895314362634153,12.95478597000294,0.21605712871800992,Homo sapiens,Alaska
Anterior,HTB1726,3,13,26.474459919780912,23.414935020345375,0.7139175493268574,Pan,Ebolwa
Anterior,UCD2(8)b,1,6,25.18773293279585,16.600232686670672,0.7208979539305136,Homo sapiens,Native Californian
Anterior,NMNH283607,8,2,31.719637635643277,20.495159203620375,-0.38936952697927296,Homo sapiens,Buriat
Posterior,BRK126757,0,12,41.95444852663029,13.833193673147807,0.2132749092438898,Homo sapiens,Native Californian
Posterior,HTB1775,6,11,45.682884937349485,18.795872375687505,0.16392151571209634,Pan,French Cameroons
Anterior,IPHA.28,10,14,29.391477240893018,8.560537586089264,0.9303484753545903,Homo sapiens,Afalou
Posterior,AMNH99.1/59-B,0,6,26.432873491440333,10.137130874944285,0.652341837703263,Homo sapiens,Alaska
Anterior,HTB1888,1,7,21.110682908171555,11.057323694516704,0.32102631484057176,Pan,French Cameroons
Anterior,BRK126251,10,14,16.290937281543684,17.84398087356886,0.30116081914266957,Homo sapiens,Native Californian
Anterior,MH1503,3,11,28.46915269183326,17.557401268799886,0.21240219510562924,Homo sapiens,Tasmanien
Anterior,NMNH278705,2,5,27.069703764163492,17.685103757645905,0.49376114652047914,Homo sapiens,Buriat
Premolar,NMNH330605,11,11,36.873764173779534,14.808287023509102,0.07077785921007529,Homo sapiens,Australian aboriginie
Anterior,MH12318,12,12,27.915011102701943,16.266362438817687,0.8011121926187492,Homo sapiens,Chucki
Posterior,BRK126100,5,11,38.86227503208835,10.960505642589254,1.196003727624534,Homo sapiens,Native Californian
Posterior,HTB1775,8,12,43.09314919236212,11.806320379896068,-0.024849545536204,Pan,French Cameroons
Anterior,HTB1956,7,6,19.330544784539065,5.959337929259943,0.4911225639264798,Pan,French Cameroons
Premolar,MH12316,10,11,22.584916378271434,15.827976058017722,0.4338697821047228,Homo sapiens,Chucki
Posterior,IPHA.9,9,10,6.787350988863043,20.282799413543835,0.7577468035290131,Homo sapiens,Afalou
Anterior,NMNH380449,10,4,57.25808654858109,12.63261959546871,0.13015909458812286,Homo sapiens,Australian aboriginie
Premolar,BRK125610,4,14,39.725797519449976,23.070758393641718,0.8370587800344493,Homo sapiens,Native Californian
Premolar,IPHA.34,12,4,37.66132060271797,10.433080600500517,0.3490633822616277,Homo sapiens,Afalou
Anterior,BM1936.12.28.1,10,10,13.818574160195947,11.984470450818687,0.24967374529214242,Papio,East Africa
Premolar,HTB1738,1,8,15.916034287396394,13.496032883097051,1.0138157487857304,Pan,Ebolwa
Premolar,BRK126087,3,12,34.93359620870641,21.876558562381454,0.8044409408030891,Homo sapiens,Native Californian
Anterior,AMNH99.1/103,10,13,37.210737012246554,19.795138359292245,0.6720622495780804,Homo sapiens,Alaska
Anterior,HTB3515,6,14,25.672931684212095,15.12966196499464,0.6395018273115632,Papio,East Africa
Posterior,HTB2823,2,3,23.346350909524638,13.019498607442209,-0.12593947331125033,Pan,French Cameroons
Posterior,NMNH380430,10,11,31.81167276681684,18.24354033085453,0.29525827474093,Homo sapiens,Australian aboriginie
Posterior,NMNH380448,11,6,27.811209781992606,13.10507326384866,0.2971976359105174,Homo sapiens,Australian aboriginie
Premolar,IPHA.3,1,11,35.54517704926869,13.137943451643375,1.0428285407456146,Homo sapiens,Afalou
Posterior,MH22277,7,5,40.096440753634035,15.346887110706659,0.15977444428193044,Homo sapiens,Sami
Posterior,NMNH226089,4,3,39.51728881343008,8.16382935607272,0.012739656512536224,Homo sapiens,Australian aboriginie
Anterior,MH20326,10,14,12.454722010009544,8.870986551174074,0.436412014476412,Homo sapiens,Australian aboriginie
Posterior,BM1976.1443,11,3,34.20411578673393,10.472154798019854,0.430514660631866,Pongo,Borneo
Posterior,MH4665,9,4,41.77841587803487,15.25637984673524,0.8325068515464302,Homo sapiens,Australian aboriginie
Posterior,BM1899.7.8.1,1,8,14.066801895061491,11.44048943399827,-0.08331314865303308,Papio,East Africa
Posterior,BM1924.2.25.1,4,9,37.945979228088405,13.564914813368476,0.7371011287017725,Papio,East Africa
Posterior,NMNH380429,11,7,23.449505398378577,10.021221427411001,0.8379461443259939,Homo sapiens,Australian aboriginie
Premolar,BM1904.8.2.3,0,9,36.77709177169146,15.324901190660668,0.744562444978223,Papio,East Africa
Premolar,IPHA.13,7,12,22.59845644522682,17.547239067586705,0.16553887076349072,Homo sapiens,Afalou
Premolar,PMN1496,8,6,11.809613281488769,15.450230664626924,0.425888642449743,Homo sapiens,Australian aboriginie
Premolar,AMNH99.1/79,5,6,25.31669848535908,15.844965569668961,0.47582026950109807,Homo sapiens,Alaska
Anterior,NMNH344712,4,12,31.610450817072387,13.685917423253155,1.2133138324357247,Homo sapiens,Australian aboriginie
Anterior,HTB3537,10,11,24.179519690627156,11.080946612839568,0.15095640677995975,Pan,West Africa
Posterior,HTB2771,1,6,24.45901553541042,14.3120178034341,-0.12351274558164682,Pan,French Cameroons
Anterior,HTB1722,2,11,22.827554649958486,12.447203818863166,0.46736793664536974,Pan,Ebolwa
Premolar,AMNH99.1/91-A,7,11,34.59369517502081,8.649684738264803,0.25916092364508286,Homo sapiens,Alaska
Premolar,NMNH225025,12,3,26.30147212205425,14.73295683288786,0.829907556421527,Homo sapiens,Chucki
Anterior,BRK126259,4,7,42.627832260850056,7.500049205989868,0.41164750894052826,Homo sapiens,Native Californian
Anterior,BRK125598,4,2,31.329206758971953,11.485009704310398,0.364803740687372,Homo sapiens,Native Californian
Premolar,BRK125675,7,4,23.844701295929905,10.184976215771577,0.27493142254631797,Homo sapiens,Native Californian
Premolar,HTB3437,5,12,21.36964610985141,17.18578778609897,0.7339686469900467,Pan,West Africa
Posterior,BRK126261,4,12,21.810950532614875,19.858030881533715,0.24272877279308142,Homo sapiens,Native Californian
Posterior,BRK126118,2,13,35.70651063955045,12.76682251779853,0.6790200839584184,Homo sapiens,Native Californian
Premolar,HTB1738,5,12,23.010772605860367,17.486604100644783,0.7841656108858298,Pan,Ebolwa
Posterior,HTB2027,12,6,20.35307666754229,12.627285764344723,0.6165715407203562,Pan,Ebolwa
Posterior,MH2283,3,9,27.465487643018943,13.455214687336122,0.6416268566595112,Homo sapiens,Fuegian
Premolar,MH1861,4,6,39.06853683209767,17.328065310259046,0.6498498777169242,Homo sapiens,Sami
Anterior,HTB1718,5,12,25.436722084290572,18.542126089860716,0.5071987174868768,Pan,Ebolwa
Posterior,HTB1741,11,9,30.639447970445133,24.841901371413176,0.5027894384283437,Pan,Ebolwa
Posterior,AMNH99.1/84-D,11,12,35.20506003252892,10.09264110651656,0.8979972801611723,Homo sapiens,Alaska
Anterior,NMNH278705,5,5,26.547661535527816,17.914307941848826,0.7655678900088825,Homo sapiens,Buriat
Anterior,MH5329,1,11,48.78536928107515,17.12194499557481,0.30581236223738667,Homo sapiens,Australian aboriginie
Premolar,MH5325,1,7,41.82224720160272,14.114802580749432,0.5216460990232615,Homo sapiens,Australian aboriginie
Anterior,BRK126094,9,5,28.329590965669734,15.900406386457144,0.25655991334598527,Homo sapiens,Native Californian
Anterior,AMNH99.1/100,0,14,32.6766229829934,13.272321795912793,0.9864976074717176,Homo sapiens,Alaska
Premolar,AMNH99.1/64,2,7,35.563858774829704,12.076500038427447,0.32864145144582246,Homo sapiens,Alaska
Premolar,HTB1720,1,12,26.687808662438155,16.44340543105488,0.6428213003536272,Pan,Ebolwa
Posterior,HTB1744,7,9,54.12230704534948,9.19815239318794,0.3002137207183509,Pan,Ebolwa
Posterior,BRK126087,9,4,48.496939766553204,21.7802514305525,0.6635474532065946,Homo sapiens,Native Californian
Anterior,IPHA.34,4,2,19.465473716439412,16.712843952388102,0.4780374788290924,Homo sapiens,Afalou
Posterior,BRK126243,0,9,26.739032155932144,15.898545979093736,0.7270933629072988,Homo sapiens,Native Californian
Anterior,AMNH99.1/160,4,13,24.047995254753395,13.302916765223717,0.1517924342654149,Homo sapiens,Alaska
Premolar,UVS125,1,10,32.33318596752245,18.910039635490065,0.196106424065293,Homo sapiens,Khoi-San
Posterior,AMNH99.1/89-A,5,14,35.98547501226602,11.3188492777997,0.5796563870836589,Homo sapiens,Alaska
Premolar,MH4765,6,9,21.092648851135618,17.531820244850053,0.8639452447356886,Homo sapiens,Australian aboriginie
Anterior,BM1901.2.13.1,1,8,39.33962208985812,18.383918813868608,0.9510758004511346,Papio,West Africa
Anterior,BM1935.10.22.24,3,12,38.40499826371387,15.145223004175016,0.2966129936287769,Papio,West Africa
Anterior,HTB1713,1,11,17.4629623099837,16.365247718773205,0.813160717307039,Pan,Ebolwa
Premolar,BRK125832,6,8,19.475578008537262,15.91685482451591,0.591544866853441,Homo sapiens,Native Californian
Anterior,AMNH99.1/98,4,10,21.369128331884767,17.834830835016717,0.18989529738084737,Homo sapiens,Alaska
Posterior,HTB2027,4,14,32.3269378889442,13.760691139265907,0.19427862592191292,Pan,Ebolwa
Premolar,UCD2(16)b,8,2,52.42260875948233,18.87044521955692,0.61481414346388,Homo sapiens,Native Californian
Anterior,BM1939.1006,8,14,35.706796852225594,13.355252929213195,-0.02839004312688609,Pongo,Borneo
Premolar,MH3619,11,11,29.401878795045814,7.881276490834532,0.10398176279995436,Homo sapiens,Tasmanien
Posterior,BM1927.8.14.1,10,14,36.27199207778046,9.182725687161003,0.3260263392490124,Papio,East Africa
Posterior,BRK125610,5,9,35.167087452092595,17.400830127905675,0.8025090841976831,Homo sapiens,Native Californian
Posterior,MH17264,9,5,35.84738451300951,19.336977990058045,0.32811494893169263,Homo sapiens,Australian aboriginie
Premolar,HTB1959,8,8,31.497032190027735,12.297165400312167,0.4621819673640469,Pan,French Cameroons
Posterior,BRK125670,9,12,15.874104505404837,15.902766939107751,0.8674932195332133,Homo sapiens,Native Californian
Posterior,HTB1217,4,10,27.789110110182207,8.761577569447347,0.10839463230621038,Papio,East Africa
Anterior,HTB2026,10,10,27.740141912162613,13.529857681035773,0.9628298020700244,Pan,Ebolwa
Premolar,UCD2(10.1)b,8,13,72.16765621162885,19.55707239462878,0.11133446905791222,Homo sapiens,Native Californian
Premolar,MH10291,1,9,27.61697401303547,10.10042156192409,0.8732807837710069,Homo sapiens,Yaghan
Premolar,NMNH330607,7,12,35.92633417838961,10.0358063133841,1.0514873888098717,Homo sapiens,Australian aboriginie
Anterior,NMNH350096,1,10,24.736259237238983,21.9019241841214,0.6906520598103415,Homo sapiens,Australian aboriginie
Premolar,IPHA.13,0,13,37.01456398523413,19.49599437793699,0.32299840311089056,Homo sapiens,Afalou
Anterior,HTB0828,1,14,44.696995474616855,9.051624566819246,0.5168574108881453,Papio,South Africa
Premolar,AMNH99.1/84-A,6,10,29.292070166101958,12.34895793841581,0.5317536037643051,Homo sapiens,Alaska
Premolar,BRK125827,4,3,46.068174514755924,16.468525478508155,1.3236907983814268,Homo sapiens,Native Californian
Anterior,AMNH99.1/91-A,12,5,35.579792098768834,8.19074887756344,0.7082008773616709,Homo sapiens,Alaska
Posterior,UVS68,7,3,38.09955566123534,18.02628000473193,0.496694257555949,Homo sapiens,Khoi-San or bushman half-caste
Anterior,HTB2001,1,11,12.670836538794692,12.624946619050595,0.7097462058877584,Pan,French Cameroons
Posterior,HTB1882,4,2,23.345177219983256,8.405417476210193,0.33725316083113194,Pan,Ebolwa
Anterior,HTB3412,1,13,37.21479909114759,19.820550796746993,0.6412628754479117,Pan,West Africa
Premolar,UCD2(16)b,5,2,38.43135514161777,15.824365180987146,0.5400120736021861,Homo sapiens,Native Californian
Posterior,AMNH99.1/89-B,4,5,29.281389899066035,12.326788351971654,0.5855759784174726,Homo sapiens,Alaska
Posterior,HTB2823,4,13,16.689586234120164,13.773196178741557,0.4938547642969481,Pan,French Cameroons
Posterior,UVS104,7,6,46.39351321010526,12.98149201934657,0.6340216196458732,Homo sapiens,Khoi-San
Premolar,IPHA.15,5,6,49.28970279437327,15.181362479686596,0.7805473151467142,Homo sapiens,Afalou
Premolar,BRK125827,12,14,12.599805112278403,15.951947009395344,0.030523117607824723,Homo sapiens,Native Californian
Premolar,BRK126076,3,12,34.895413724667115,7.652337447589535,0.7522786997170421,Homo sapiens,Native Californian
Posterior,UCD2(2)b,10,10,21.53982659024683,14.094095232088023,0.8142965266615002,Homo sapiens,Native Californian
Premolar,BM1934.11.20.1,5,7,35.90321939258281,12.90359510714163,0.9693461260482499,Papio,East Africa
Anterior,BM1902.9.9.3,2,4,74.22333784001302,16.958716912703405,0.706326084710712,Papio,East Africa
Posterior,MH1701,6,12,36.48532275079912,10.469384117050875,0.6001661697476882,Homo sapiens,Sami
Posterior,UVS104,11,7,27.870141209457167,8.293572665993462,0.38735139963978704,Homo sapiens,Khoi-San
Posterior,MH20912,2,9,14.136687728834683,16.24313499829679,0.4707157047610336,Homo sapiens,Ona
Anterior,BRK126758,9,4,13.484720001548723,12.722875904251701,0.10817949261440163,Homo sapiens,Native Californian
Posterior,HTB1958,1,12,29.11283362256286,19.483086109312676,0.24652150266958356,Pan,French Cameroons
Anterior,NMNH225032,11,6,47.61840782585696,12.582711680058129,-0.07791945493712182,Homo sapiens,Chucki
Premolar,AMNH99.1/84-C,1,8,39.61171969533178,15.429416349030141,0.09198052784055305,Homo sapiens,Alaska
Anterior,BM1886.12.20.10,5,10,16.40697886897283,10.656832471808933,0.6808741216324039,Pongo,Borneo
Anterior,HTB2823,1,5,38.36367379874135,14.814352623526851,-0.11067028875691198,Pan,French Cameroons
Posterior,IPHA.49,10,7,14.575635821907944,11.953774239836896,0.915192943818605,Homo sapiens,Afalou
Premolar,BM1898.2.28.11,12,8,22.003879418561276,18.19767541661791,0.3602702846667799,Pongo,Borneo
Anterior,BM1907.7.8.11,1,10,45.846792694209974,15.448036328726241,0.9016013779726211,Papio,Central Africa
Posterior,UVS57,9,4,51.4397197926763,13.80795188214339,0.6485544676829431,Homo sapiens,Khoi-San or bushman half-caste
Premolar,UVS101,9,10,44.16687496754358,12.7210956610476,1.0989860417754311,Homo sapiens,Khoi-San
Anterior,HTB2748,6,3,19.33659548703792,14.795290187113036,0.2370810077311563,Pan,French Cameroons
Posterior,MH1701,9,14,42.18705599351359,12.304638539411949,0.45554995172557106,Homo sapiens,Sami
Premolar,AMNH99.1/80(b),0,4,23.59258936948709,15.351041530423643,0.7175101909128567,Homo sapiens,Alaska
Posterior,BRK126760,9,14,22.85779564215425,20.412055394645314,0.4318174550012321,Homo sapiens,Native Californian
Posterior,AMNH99.1/72,1,2,36.51149129743798,18.56715282348061,0.1603055890743469,Homo sapiens,Alaska
Anterior,BM1913.10.18.2,11,2,29.731967890060233,16.889708386788936,0.4753284558630085,Papio,East Africa
Premolar,BM1868.4.16.2,1,12,49.094270317525144,18.986509485104072,0.7893555193189279,Pongo,Borneo
Anterior,AMNH99.1/60,4,4,43.76060932809841,18.136629557487073,0.6169236919302366,Homo sapiens,Alaska
Premolar,AMNH99.1/94,0,4,33.571038989508494,12.537578430909546,0.9538401911951389,Homo sapiens,Alaska
Anterior,HTB1959,9,6,29.706607480495702,14.113110002049543,0.5067752066634535,Pan,French Cameroons
Premolar,NMNH283609a,7,8,21.60920945932349,16.70546658880677,0.730562541928318,Homo sapiens,Buriat
Anterior,IPHA.12,8,8,39.23273222268855,15.869448685973456,0.6724033500711227,Homo sapiens,Afalou
Posterior,AMNH99.1/89-A,3,5,31.26879674593817,17.260940150209223,0.8856629152931254,Homo sapiens,Alaska
Posterior,UVS38,4,9,33.393756513763854,12.418356990018586,-0.12539457228080853,Homo sapiens,Khoi-San
Posterior,IPHA.49,12,12,32.21852633617246,17.45039379519644,1.1139462691129232,Homo sapiens,Afalou
Premolar,BM1976.1437,9,7,39.837201300151875,16.04451914374834,0.40964696332586475,Pongo,Borneo
Posterior,IPHA.49,4,8,20.046331526156965,11.024097771592277,0.7144256075626232,Homo sapiens,Afalou
Posterior,BM1962.25,5,5,43.83955105613753,17.935518421781428,0.8034597405373147,Papio,East Africa
Premolar,NMNH329779,11,4,-5.924168766266813,13.136882711087638,0.1469526101578083,Homo sapiens,Australian aboriginie
Premolar,NMNH329779,11,9,53.31731660472508,9.7062505358514,0.36390144149872916,Homo sapiens,Australian aboriginie
Premolar,HTB1706,5,11,18.025216010432153,18.303639892561378,0.4324167812143101,Pan,Ebolwa
Premolar,AMNH99.1/87,0,10,31.973846561225905,16.934235866004705,0.21925304901938847,Homo sapiens,Alaska
Posterior,HTB1708,5,11,36.6437268399084,23.774882534392365,0.255854019229556,Pan,Ebolwa
Anterior,AMNH99.1/79,8,6,38.92797050406896,10.941206358530467,1.0583615301254026,Homo sapiens,Alaska
Premolar,HTB1220,4,3,24.401559748818997,11.666768543905306,0.06729934658586739,Papio,East Africa
Premolar,MH3616,4,6,44.4331862839998,16.187814673628925,0.40660539011358876,Homo sapiens,Australian aboriginie
Anterior,UVS58,6,2,41.12301907441828,16.382396515022307,0.8944589038971968,Homo sapiens,Khoi-San or bushman half-caste
Posterior,MH22277,1,6,46.094919575836286,14.728915339837279,0.4514467364940243,Homo sapiens,Sami
Premolar,HTB1152,5,8,36.18782059103582,14.44058769380735,0.4768681473860789,Papio,East Africa
Premolar,HTB1719,4,3,56.417899036484556,18.478832542773652,1.067379393444401,Pan,Ebolwa
Posterior,BRK126472,11,2,38.884295263595185,13.601082289287797,0.6799533692418946,Homo sapiens,Native Californian
Premolar,UVS58,11,9,26.600250055824393,19.3236985730787,0.4178835137668133,Homo sapiens,Khoi-San or bushman half-caste
Premolar,HTB3551,7,12,49.508648626652004,21.80320440746066,0.3357114312001087,Pan,West Africa
Posterior,HTB1225,5,4,19.165119554911954,20.20352308298438,0.509006208643175,Papio,East Africa
Posterior,BM1925.5.12.1,10,8,30.667750463507073,14.419545848256652,0.2620670167219552,Papio,West Africa
Posterior,BRK126266,7,4,29.585991240922684,15.480847175072137,0.023469936886582554,Homo sapiens,Native Californian
Anterior,BM1976.1431,9,11,27.73421934653091,13.276763389192917,0.8022214561793624,Pongo,Borneo
Anterior,MH3337,5,7,17.324243692742364,13.80286377181889,0.6790120715533339,Homo sapiens,Australian aboriginie
Posterior,BRK126760,4,2,10.067715368548988,12.50297567046182,0.5006849805981668,Homo sapiens,Native Californian
Premolar,MH5325,10,3,24.798760699225788,23.709689937651646,0.7582187786212589,Homo sapiens,Australian aboriginie
Anterior,MH4767,12,2,40.9835940188158,18.633604627647856,0.9521226140247763,Homo sapiens,Tasmanien
Anterior,HTB2771,7,10,26.39828416953403,14.999051893507705,0.8702560924454548,Pan,French Cameroons
Premolar,BM1934.11.20.1,0,14,11.760351717903983,15.398304952256167,0.4952024797309092,Papio,East Africa
Posterior,AMNH99.1/61,9,6,27.823970460066274,12.862369914463825,0.6780430479390649,Homo sapiens,Alaska
Anterior,NMNH226090,3,9,8.259120875771462,17.082818031331822,0.078382606534589,Homo sapiens,Australian aboriginie
Anterior,BM1918.11.8.1,10,11,29.862071643930648,16.77726317496034,0.805165587189367,Papio,East Africa
Posterior,BM1930.12.1.2,9,4,38.01374646886671,10.872825456690006,0.6817857140173094,Papio,East Africa
Posterior,MH3638,12,6,21.53890118796041,22.002345203228934,0.3361736686720249,Homo sapiens,Tasmanien
Posterior,BM1976.1434,6,10,39.02444625924642,13.447990677214701,0.3193991553457413,Pongo,Borneo
Posterior,AMNH99.1/91-B,6,13,44.783454028493225,14.77193700127813,0.5027670142981296,Homo sapiens,Alaska
Posterior,HTB3538,1,11,55.62503724570801,14.331085705295106,0.4405698754456151,Pan,West Africa
Premolar,AMNH99.1/61,7,10,35.577863160156355,19.75946139523227,1.230667468750922,Homo sapiens,Alaska
Anterior,BM1976.1428,7,6,27.484670366319182,17.526445277393186,0.6158272455338094,Pongo,Borneo
Posterior,MH24592,2,14,52.371930545915575,22.64970783758038,0.2447093540345896,Homo sapiens,Ona
Posterior,HTB3411,7,13,39.673700050845966,16.881961879078784,0.9102475443155044,Pan,West Africa
Posterior,NMNH380450,11,11,51.598780844444065,21.239847537881243,0.6906990761037536,Homo sapiens,Australian aboriginie
Posterior,AMNH99.1/102,7,13,32.09839055451145,20.050407759402173,1.0013754956978653,Homo sapiens,Alaska
Premolar,HTB1217,12,2,52.57577300674829,21.74272962900772,0.8341620984527498,Papio,East Africa
Anterior,NMNH380449,4,4,34.411096065940576,19.837247401508552,0.7767507613367337,Homo sapiens,Australian aboriginie
Anterior,HTB1745,6,9,26.833891094906118,21.22049797939738,0.4930840437826912,Pan,Ebolwa
Premolar,BM1976.1416,3,13,5.88046953443698,12.60292897924812,0.36485207572253925,Pongo,Borneo
Posterior,HTB1222,3,7,35.14274918782779,21.930586337846563,0.9758014943887239,Papio,East Africa
Posterior,AMNH99.1/75-A,8,8,42.760811007134365,17.0851854142815,0.19845486574302246,Homo sapiens,Alaska
Posterior,HTB1758,4,13,47.08767689634579,8.285507986713139,0.2291187702940451,Pan,Ebolwa
Anterior,BRK126271,5,2,26.246210310007697,16.584440807911054,0.34224735247812255,Homo sapiens,Native Californian
Premolar,BRK126117,9,7,58.82736258131453,17.628912056993915,0.2601059841152994,Homo sapiens,Native Californian
Anterior,AMNH99.1/111,1,14,42.26005904432747,9.74081881141953,0.7286066337474877,Homo sapiens,Alaska
Premolar,AMNH99.1/84-B,5,2,12.584300374106967,15.356271071476431,0.5998834957083853,Homo sapiens,Alaska
Premolar,NMNH344711,4,9,16.022237956732255,17.68002726927186,0.2958279666874818,Homo sapiens,Australian aboriginie
Posterior,UVS46,12,12,43.39505581559284,14.05181520956587,0.6000556900472569,Homo sapiens,Khoi-San
Posterior,BM1976.1439,4,4,41.74475029426651,11.590721290493066,-0.14573008269875476,Pongo,Borneo
Posterior,HTB1706,8,11,20.52839042988119,15.118437945495305,1.2936037452712479,Pan,Ebolwa
Anterior,BRK126271,0,8,33.759720197062435,10.21141757633585,0.43064133475843347,Homo sapiens,Native Californian
Posterior,HTB1726,2,14,18.396416074055715,14.399124704243876,0.8991336303414514,Pan,Ebolwa
Premolar,UCD2(3a)b,4,14,26.034482860982553,12.331633293091173,0.5579283069369495,Homo sapiens,Native Californian
Premolar,IPHA.34,9,11,20.414957925289926,16.72371821399948,0.7106210819822603,Homo sapiens,Afalou
Anterior,MH22278,2,4,26.903866492178786,14.098691575715433,0.7808764904577546,Homo sapiens,Sami
Premolar,MH20914,1,14,21.00016533151893,14.85937117075222,0.3793434178574116,Homo sapiens,Yaghan
Premolar,MH10291,0,3,33.978587057650635,13.783614931630147,0.25761332910726076,Homo sapiens,Yaghan
Posterior,HTB1903,8,14,28.027087008419624,13.566165614525802,0.8045288140919874,Pan,French Cameroons
Premolar,BM1976.1438,2,8,35.92406760904871,12.60264540471874,0.10656354742199031,Pongo,Borneo
Anterior,PMN1389,1,5,39.227567879639835,16.008175435140647,-0.37352851595238856,Homo sapiens,Australian aboriginie
Anterior,HTB3412,6,13,28.515559820977934,15.254650548124744,0.6463772877247838,Pan,West Africa
Premolar,HTB1882,6,6,49.22398102977078,22.919906605731153,0.6555803656741663,Pan,Ebolwa
Premolar,MH22281,7,8,28.241073573688432,16.59960426148138,1.0224093249232291,Homo sapiens,Sami
Premolar,NMNH329778,12,12,28.745288824000433,13.045468210381934,0.9575308567186417,Homo sapiens,Australian aboriginie
Posterior,BRK126125,3,4,22.478812620690885,15.69060144036855,0.3274326965620111,Homo sapiens,Native Californian
Anterior,AMNH99.1/111,5,11,25.640856842706064,18.4963292017555,0.5907149965675557,Homo sapiens,Alaska
Posterior,HTB1741,6,5,45.85950617315038,19.736947779257335,0.9831018973053218,Pan,Ebolwa
Premolar,MH24934B,6,9,32.829038678266436,13.527871204214286,0.6836744749962128,Homo sapiens,Buriat
Premolar,NMNH380466,10,8,30.894125679079643,16.44548079742504,0.43586802815281345,Homo sapiens,Australian aboriginie
Premolar,NMNH350096,2,6,17.895095596460774,10.084507415613206,0.5437946272206672,Homo sapiens,Australian aboriginie
Posterior,AMNH99.1/86-C,7,3,41.400951881537765,10.669085260573997,0.5008345147640173,Homo sapiens,Alaska
Premolar,BM1868.4.16.2,2,4,29.410514275729422,18.565042674058425,0.17797884885799103,Pongo,Borneo
Anterior,HTB3418,4,6,30.65323447759206,8.330874752820423,0.8123138901233355,Pan,West Africa
Posterior,BRK126755,6,11,23.50578801866156,8.612483907859074,-0.027066384733578808,Homo sapiens,Native Californian
Anterior,BM1899.7.8.1,10,3,19.540342758535903,14.565269933388459,1.144497697436527,Papio,East Africa
Posterior,NMNH331243,9,5,13.969557542626195,16.091673118470812,0.8072840963739873,Homo sapiens,Australian aboriginie
Anterior,AMNH99.1/110,11,14,21.145946816462647,15.982172713631966,0.5000926301446116,Homo sapiens,Alaska
Anterior,UVS55,6,6,51.18838341460817,16.052503328168047,0.05455061319192933,Homo sapiens,Khoi-San or bushman half-caste
Anterior,AMNH99.1/80(b),2,6,27.566566271927,15.25819867297993,0.4810184684287558,Homo sapiens,Alaska
Posterior,BM1925.5.12.1,7,2,19.071509178239666,9.715622622114575,0.4225841880017951,Papio,West Africa
Anterior,AMNH99.1/94,6,13,30.96121239597607,21.052765378899565,0.4545657535407898,Homo sapiens,Alaska
Posterior,NMNH278705,5,13,27.59111621079592,12.629375713225283,0.6705004084460638,Homo sapiens,Buriat
Premolar,AMNH99.1/94,8,6,35.900779354939644,16.41085275742256,0.6320950927684816,Homo sapiens,Alaska
Premolar,BM1924.8.6.15,12,5,25.726403117332605,15.816629669699504,0.24251862127857476,Papio,West Africa
Premolar,AMNH99.1/94,9,5,32.71239597020743,9.958945961840701,0.5362166413935973,Homo sapiens,Alaska
Anterior,AMNH99.1/160,6,5,27.67843664051922,20.395921273177883,0.6895136858819026,Homo sapiens,Alaska
Anterior,HTB1217,7,13,22.785281886641215,18.270297291869372,0.7718745988967666,Papio,East Africa
Premolar,UVS3,5,2,17.484338831386196,17.031305431856442,0.34680360461556126,Homo sapiens,Khoi-San
Premolar,HTB1890,5,7,41.17133180750597,9.94918410307805,1.2671435607025732,Pan,French Cameroons
Premolar,HTB1028,2,8,21.596135017595966,19.21939368404065,0.45704368036254406,Papio,East Africa
Posterior,BRK125811,2,3,34.078392559980365,19.796070313174734,0.5379179798322857,Homo sapiens,Native Californian
Premolar,HTB1212,8,5,24.089449265088795,15.338773611593712,1.0439411236479978,Papio,Central Africa
Anterior,HTB1723,2,12,-0.4143173418288022,15.219123951767,1.197312464115734,Pan,Ebolwa
Premolar,PMN1496,6,14,31.184712902512672,15.666508687950499,-0.1708229864297185,Homo sapiens,Australian aboriginie
Posterior,UCD2(L-23-1)b,12,12,28.37140195638942,14.611396112257594,0.36751178555393715,Homo sapiens,Native Californian
Premolar,BM1976.1420,1,13,24.581086342056302,12.19755239898236,0.1696557128996352,Pongo,Borneo
Premolar,IPHA.3,4,5,18.22553050357331,13.170376918733993,0.8128924483065044,Homo sapiens,Afalou
Posterior,UVS40,4,14,6.180301676732391,15.703648962970718,0.36140889593224756,Homo sapiens,Khoi-San
Anterior,PMN3064A,9,5,19.5145928633025,15.674683417695105,0.6493933661018861,Homo sapiens,Australian aboriginie
Anterior,HTB1703,1,5,28.859216594993693,14.463013520828616,0.705337943063076,Pan,French Cameroons
Anterior,BM1939.1021,1,8,5.874329679236382,11.853635770619377,0.39308152482815484,Papio,West Africa
Posterior,HTB1217,10,5,33.213430665694396,12.279132911277408,0.37877747530841954,Papio,East Africa
Premolar,BRK126260,12,7,32.30544022846128,18.14778175655816,-0.20488359339023043,Homo sapiens,Native Californian
Posterior,UVS142,8,2,39.83854301695703,11.408312092229298,0.6386732616356154,Homo sapiens,Khoi-San
Posterior,IPHA.1,9,13,41.73803874004669,7.846481152766368,0.46907275488440775,Homo sapiens,Afalou
Posterior,BM1976.1434,0,10,44.316629219425366,10.860887689485033,0.6414093796687095,Pongo,Borneo
Premolar,HTB3437,6,7,31.83667028046649,8.416728072717756,0.25617201756808106,Pan,West Africa
Posterior,NMNH278702,9,4,22.35428955267155,19.415045742956178,0.9737945713312357,Homo sapiens,Buriat
Posterior,HTB1958,8,2,27.11712957560617,11.252182816795363,0.25166247989867946,Pan,French Cameroons
Anterior,IPHA.49,0,5,29.665400493351076,13.727774933631228,0.2266570611857076,Homo sapiens,Afalou
Premolar,BM1931.4.1.1,3,5,39.14672530943409,13.841694242291807,0.276120827469629,Papio,East Africa
Posterior,BRK126758,0,11,20.76273238585766,18.19764702194824,0.6663769388959438,Homo sapiens,Native Californian
Anterior,MH24934C,3,12,14.425530510673997,16.284000770625315,0.3302668120433477,Homo sapiens,Buriat
Anterior,BM1924.8.6.16,0,6,23.57833188382942,15.715514347441522,0.4777059877028951,Papio,West Africa
Anterior,BRK126761,2,8,36.634731666189595,11.030332423130968,0.009418434321829205,Homo sapiens,Native Californian
Anterior,MH11150,11,8,15.84419610624894,16.172910185652356,1.295454300274007,Homo sapiens,Buriat
Anterior,NMNH344714,7,12,52.74935556861192,8.919035338999844,0.5092047669921695,Homo sapiens,Australian aboriginie
Premolar,AMNH99.1/101,1,4,33.065726822285754,14.034736459320898,0.5960771682381819,Homo sapiens,Alaska
Anterior,UVS1,2,9,44.79868375859195,6.858561595576223,0.9516479275738878,Homo sapiens,Khoi-San
Premolar,BRK126107,4,2,39.15503077720593,23.531838034999627,0.604254677402703,Homo sapiens,Native Californian
Premolar,AMNH99.1/84-A,1,9,35.51782440270705,20.125343661584537,0.08202522599240625,Homo sapiens,Alaska
Anterior,AMNH99.1/101,0,10,34.71686922149176,12.357631077645365,0.3386280313650182,Homo sapiens,Alaska
Premolar,HTB1225,6,14,36.57477860351997,9.906566211560143,0.18950808223809745,Papio,East Africa
Anterior,AMNH99.1/98,1,10,44.685671638748204,15.826083441752528,0.48014074330946566,Homo sapiens,Alaska
Anterior,IPHA.34,2,8,29.31643877865605,16.02125150541571,-0.0769281756588337,Homo sapiens,Afalou
Premolar,BRK126251,12,4,17.589298749215388,16.789319881678527,0.3929433346243239,Homo sapiens,Native Californian
Anterior,MH12324,12,13,23.369427667126537,13.218641983474203,0.5219591999871365,Homo sapiens,Chucki
Premolar,BRK126776,8,14,28.908861617033246,18.485041957531905,0.6837420511344073,Homo sapiens,Native Californian
Posterior,BM1908.8.9.42,6,9,35.23696097968736,12.343297462974455,0.6147807684670704,Papio,East Africa
Premolar,IPHA.10b,2,14,34.48514325075321,23.307063079745348,0.5095863581904827,Homo sapiens,Afalou
Premolar,HTB1741,8,8,41.043817989535206,12.600943610591566,0.4848919829726456,Pan,Ebolwa
Posterior,UVS52,6,6,32.312712275327684,15.261344061891585,0.6320306134988634,Homo sapiens,Khoi-San or bushman half-caste
Posterior,MH24592,8,14,14.341977282473103,12.259057215305768,0.2549964434540914,Homo sapiens,Ona
Posterior,BM1904.8.2.1,12,5,40.134195335887924,20.15279227457434,0.6375444050533677,Papio,Arabia
Premolar,UCD2(1)b,12,8,20.40213980844715,7.664455585379511,0.7540516883507169,Homo sapiens,Native Californian
Posterior,BM1976.1424,2,13,10.11722887685885,9.484821444011683,0.8734641095310345,Pongo,Borneo
Posterior,UVS60,1,4,32.36048628413049,18.142816191446624,0.3170128511751381,Homo sapiens,Khoi-San or bushman half-caste
Anterior,NMNH226089,2,12,41.02550655482449,16.941287511798922,0.3420533449111183,Homo sapiens,Australian aboriginie
Anterior,HTB3551,2,12,12.07783432841385,14.206938180285153,0.8686041265077744,Pan,West Africa
Premolar,HTB1748,12,6,35.403808562371076,8.147796278750025,0.7168509585693317,Pan,Ebolwa
Premolar,BM1924.2.25.1,7,8,41.51974025781092,16.177703735204055,0.7339688358461388,Papio,East Africa
Premolar,BRK126292,6,13,27.972958520572682,15.845531566001508,1.275291370734855,Homo sapiens,Native Californian
Posterior,AMNH99.1/96-A,5,3,28.204001929532836,14.73353268588844,0.2759934907059247,Homo sapiens,Alaska
Posterior,BM1899.11.6.1,1,6,20.804627479433318,12.127975072668114,0.6752973244987345,Papio,Arabia
Premolar,BRK126766,0,2,34.36266831392861,15.332214574695582,0.19973686907011978,Homo sapiens,Native Californian
Anterior,AMNH99.1/100,8,7,44.552129986864585,17.517524835037484,0.1304974195748243,Homo sapiens,Alaska
Premolar,AMNH99.1/86-D,5,10,36.47531228564049,20.963793834101853,0.637249282593074,Homo sapiens,Alaska
Posterior,HTB1497,12,14,46.24436682787436,16.74904517655711,0.24982968874614908,Papio,East Africa
Posterior,BM1976.1422,12,14,28.98271790830971,10.251299645574065,0.6363898536699804,Pongo,Borneo
Anterior,BM1899.11.6.1,5,2,39.094530230695135,19.962721546091196,0.1747937556272055,Papio,Arabia
Anterior,IPHA.10b,4,4,25.487720209812274,14.180129912391536,-0.004766776783733162,Homo sapiens,Afalou
Anterior,BM1936.12.28.2,12,5,13.783176289707104,18.91943224940889,0.5986660843576956,Papio,East Africa
Anterior,IPHA.5,10,7,38.41239881189691,14.800339464155225,0.49712771216466867,Homo sapiens,Afalou
Posterior,HTB1722,3,4,36.22335582358996,14.410472908897443,0.27883986307219344,Pan,Ebolwa
Anterior,AMNH99.1/103,2,12,29.589447347750276,10.906195575133687,-0.09592600077031654,Homo sapiens,Alaska
Premolar,BM1936.12.28.2,8,3,34.075841759817166,6.859600562099896,0.7196665945179764,Papio,East Africa
Anterior,BM1904.8.2.1,3,3,33.59778077447334,17.772776214364775,0.5601893005717066,Papio,Arabia
Premolar,IPHA.48,6,9,32.48192317005137,15.093808078246923,0.4567555304563841,Homo sapiens,Afalou
Anterior,AMNH99.1/104,6,7,16.335414358361902,13.884645015320073,0.5178400830733962,Homo sapiens,Alaska
Premolar,NMNH278712,3,13,14.929794551027687,18.0067054005823,0.36928247692597216,Homo sapiens,Buriat
Premolar,BM1976.1422,4,3,45.19189213859,17.18069958879299,0.38129787442018576,Pongo,Borneo
Anterior,UCD2(L-23-1)b,8,10,29.39490867689759,12.39564751331794,0.20456973354196833,Homo sapiens,Native Californian
Posterior,BM1976.1425,1,2,37.429107130064146,15.432910824049143,0.7406598043852028,Pongo,Borneo
Anterior,HTB2748,9,8,18.71002574705669,15.669854946410794,0.40016874368123373,Pan,French Cameroons
Posterior,HTB2033,7,4,15.892196822936592,12.337587593472573,0.8472334616552388,Pan,Ebolwa
Anterior,MH10285,12,5,35.92226403500025,14.255184456461507,0.07703592027621647,Homo sapiens,Ona
Posterior,UVS67,10,9,26.62926117527639,16.25224668620492,0.8696044114261764,Homo sapiens,Khoi-San or bushman half-caste
Posterior,MH8057,0,12,16.988714931360406,17.017318021763526,0.23943639314545,Homo sapiens,Sami
Premolar,BM1976.1421,8,6,33.16211814635091,12.185085147544935,0.8932791732980562,Pongo,Borneo
Posterior,BM1927.8.14.1,6,11,36.40012015002253,16.898126815582664,0.5879396227229461,Papio,East Africa
Anterior,BM1976.1427,9,8,20.853812402870513,20.211139074026086,0.01505785213395644,Pongo,Borneo
Anterior,BM50a,10,2,25.437029882366616,13.36508820322364,0.5591365978329034,Papio,East Africa
Posterior,NMNH278702,12,8,27.42691445580899,19.138275413306822,0.570969084653873,Homo sapiens,Buriat
Posterior,HTB1025,7,14,31.533731408242613,17.281090992302374,0.3914652006387205,Papio,East Africa
Premolar,BRK126259,2,12,28.095336653983907,26.484124272664015,-0.05585680029670259,Homo sapiens,Native Californian
Posterior,PMN7459,7,2,22.942357856536184,11.85866406198152,0.411779149427729,Homo sapiens,Australian aboriginie
Posterior,UCD2(L-23-1)b,4,12,45.73494870439648,17.827455099331534,-0.3622876232414187,Homo sapiens,Native Californian
Posterior,MH10291,1,5,28.525048089879554,16.730222656538622,0.21398090565954692,Homo sapiens,Yaghan
Anterior,UVS142,1,12,17.04618656478674,18.973859853989634,0.5774782928156862,Homo sapiens,Khoi-San
Posterior,IPHA.29,10,6,18.35367252115936,23.20540124345988,0.961044926217967,Homo sapiens,Afalou
Anterior,NMNH350096,12,8,35.11939705950445,11.305112292828918,0.02109877574147717,Homo sapiens,Australian aboriginie
Premolar,BM1939.1006,2,8,26.563340392126428,11.778561645066775,0.349872701170445,Pongo,Borneo
Posterior,HTB2823,9,9,21.88327215431029,11.592479046845089,0.6045530455385402,Pan,French Cameroons
Premolar,PMN3064A,2,10,28.284860982790015,15.907237084185438,0.5210217851385138,Homo sapiens,Australian aboriginie
Anterior,HTB1758,10,14,34.29773553180363,13.039921036153128,0.4778064575226959,Pan,Ebolwa
Premolar,NMNH278711,12,2,30.575450030242614,9.573271553414425,0.6725050284866363,Homo sapiens,Buriat
Posterior,AMNH99.1/101,5,10,36.32552562810345,13.399344517623847,0.01348314271328166,Homo sapiens,Alaska
Anterior,IPHA.13,11,3,35.702936067863774,15.4024128806057,0.48980234326029487,Homo sapiens,Afalou
Anterior,UVS42,3,10,40.812882355573024,15.920753094142368,0.03642634389781496,Homo sapiens,Khoi-San
Premolar,AMNH99.1/84-B,11,10,28.732803274302388,10.738009738697432,0.38197316255842945,Homo sapiens,Alaska
Posterior,UVS60,4,8,27.000877147399677,9.246111976314811,0.7354404105214709,Homo sapiens,Khoi-San or bushman half-caste
Premolar,BRK126776,9,9,35.707407407345194,18.67297787742477,0.8965366135393862,Homo sapiens,Native Californian
Premolar,BM1884.10.30.2,10,4,16.546372917507895,18.03699226350984,0.552648437874968,Pongo,Borneo
Premolar,HTB1151,7,7,35.05538575621823,13.615795330185172,0.20693072943929053,Papio,East Africa
Premolar,MH24934C,11,12,46.905074007330285,13.29667830112699,0.042683486065743625,Homo sapiens,Buriat
Posterior,AMNH99.1/86-D,8,3,23.83931777250438,17.130005717409695,0.11500935712795446,Homo sapiens,Alaska
Premolar,BRK125670,9,5,41.41649714671111,15.350198754875093,0.5237815501527121,Homo sapiens,Native Californian
Posterior,BM1976.1409,8,8,37.30408035470033,21.145199458885358,0.30444872219656316,Pongo,Borneo
Anterior,PMN7459,0,13,36.738325852228094,18.83656111939954,0.9309492635849961,Homo sapiens,Australian aboriginie
Premolar,HTB1214,7,10,14.98216008181842,17.69678944205792,1.2100598369350015,Papio,East Africa
Anterior,HTB3398,5,2,43.00014555065214,14.517642463953564,0.5575652794543412,Pan,West Africa
Posterior,BRK125810,3,10,7.302625596704473,9.117175306785654,0.39064328960423045,Homo sapiens,Native Californian
Posterior,MH2283,12,6,19.042245190832883,15.313623581349049,0.4663079254333457,Homo sapiens,Fuegian
Anterior,HTB0802,5,4,37.12187984929077,11.978497201582758,0.03677221053004509,Papio,East Africa
Posterior,BM1899.6.10.2,11,8,15.76034433325857,13.505654342236959,0.34910702753831324,Papio,East Africa
Posterior,MH1860,1,10,43.19123294142142,12.355183580811492,0.07172177483328213,Homo sapiens,Sami
Anterior,HTB1706,1,11,15.179449281510696,10.729871195747812,0.27569677599641906,Pan,Ebolwa
Anterior,BM1899.7.8.1,0,9,18.712812224319023,15.519283930324793,0.4142159928260434,Papio,East Africa
Premolar,NMNH344714,7,13,21.417336689529307,22.128963909827252,0.24186023421047576,Homo sapiens,Australian aboriginie
Anterior,MH19784,10,11,25.217987004272377,16.992210287758482,0.42740928977023623,Homo sapiens,Buriat
Posterior,BRK126251,8,9,28.20086095365339,13.375341802075138,-0.05495654749325152,Homo sapiens,Native Californian
Anterior,HTB3437,2,3,30.457200673509327,13.594801341419462,0.07210527759358121,Pan,West Africa
Posterior,AMNH99.1/91-A,12,11,20.18340100216539,14.361719435591494,0.7447441441687671,Homo sapiens,Alaska
Premolar,MH24934B,1,11,33.96954450151806,11.865918913449601,0.3736307988479259,Homo sapiens,Buriat
Premolar,BM1909.6.11,2,14,44.650714451112435,10.267149942218666,0.7368629849999301,Papio,East Africa
Posterior,HTB0828,5,10,29.471703607950207,14.697160207743087,0.39931577580166333,Papio,South Africa
Anterior,BRK125660,9,10,42.897490623404586,18.70795343102302,0.23571253418676297,Homo sapiens,Native Californian
Posterior,NMNH283607,1,8,27.56909825592634,3.5932348061861887,0.5237644224646385,Homo sapiens,Buriat
Anterior,BRK126765,1,9,12.537005336757623,9.280624672133035,-0.23741847861903442,Homo sapiens,Native Californian
Premolar,MH22281,2,10,24.92251381916185,16.876225877748233,0.4646182488874708,Homo sapiens,Sami
Anterior,PMN3064A,8,12,41.25351575105962,11.684563574916387,0.40196840586729476,Homo sapiens,Australian aboriginie
Anterior,BRK126121,1,2,37.81403478982997,19.046462695769893,1.128194591606518,Homo sapiens,Native Californian
Premolar,NMNH350096,6,3,13.979899394853685,10.687099500556949,0.9337340844781861,Homo sapiens,Australian aboriginie
Anterior,MH12316,0,13,23.969288424127082,12.779705801417638,0.4210243995498232,Homo sapiens,Chucki
Premolar,BRK125802,11,13,34.639088065138495,11.319425872503293,0.5361431428828576,Homo sapiens,Native Californian
Anterior,BM1901.8.9.23,2,6,21.117192714238705,14.63708394218993,0.5267468507240922,Papio,East Africa
Premolar,BRK126761,3,7,28.635986352026176,17.814251745593012,0.20904204526316805,Homo sapiens,Native Californian
Anterior,NMNH225025,5,9,46.89769172200721,16.84625340306695,0.31930811838757645,Homo sapiens,Chucki
Premolar,MH20912,9,10,30.520685897054584,19.559680950248172,0.18935429592268044,Homo sapiens,Ona
Premolar,MH1861,4,7,23.897628937281084,11.703892963695994,0.8209455462795368,Homo sapiens,Sami
Premolar,UVS60,11,11,34.262971107758325,20.084165204430754,0.8584146285788496,Homo sapiens,Khoi-San or bushman half-caste
Posterior,MH12326,7,7,35.03827447258309,13.76029598457332,0.5306174249444247,Homo sapiens,Chucki
Anterior,BM1971.2354,12,2,9.092342024320025,10.933745940754854,0.4364964373093674,Papio,West Africa
Posterior,NMNH380449,5,7,24.018336622846196,21.9620234485345,0.6629924344259719,Homo sapiens,Australian aboriginie
Anterior,BM1909.6.11,7,3,28.991759096879555,18.5641818450209,0.5193926550080326,Papio,East Africa
Premolar,HTB1043,4,5,24.165807971954802,16.40434158349112,0.32138468054859415,Papio,East Africa
Anterior,BRK126261,10,13,33.84567188162725,14.910111429939457,0.8288236885418548,Homo sapiens,Native Californian
Premolar,IPHA.22,9,5,32.91101744191604,11.89287581147246,0.46059924727017754,Homo sapiens,Afalou
Anterior,NMNH226089,2,11,27.0203655293559,7.738440300709923,1.1686704225024025,Homo sapiens,Australian aboriginie
Anterior,HTB3412,3,8,25.779400469266456,18.26455533760083,0.25792828265674755,Pan,West Africa
Premolar,NMNH278709,3,14,20.523831601047153,15.243736413712421,0.4108866543597444,Homo sapiens,Buriat
Anterior,HTB3434,6,8,37.33598066636182,11.884675606082537,0.7295026421923049,Pan,West Africa
Premolar,BM1924.8.6.15,12,12,28.821718707648394,17.620348195478922,0.4250727808648525,Papio,West Africa
Premolar,BM1918.11.8.1,4,9,14.403705160219562,14.434230904072557,0.547626236560832,Papio,East Africa
Posterior,MH12324,8,8,2.9781779739270497,17.80883560846436,0.6264761344826135,Homo sapiens,Chucki
Premolar,AMNH99.1/104,3,11,39.78998334113096,25.69359021549009,0.1836034518188856,Homo sapiens,Alaska
Anterior,NMNH278709,11,11,34.189061606764284,13.032467512680777,0.42489959067406413,Homo sapiens,Buriat
Premolar,NMNH380451,7,13,29.052276717199188,13.728512147492468,0.13585696077876813,Homo sapiens,Australian aboriginie
Anterior,NMNH278709,0,13,42.09161411316973,13.790836866865732,0.892715592394861,Homo sapiens,Buriat
Posterior,AMNH99.1/61,1,5,32.31426240488012,15.044930931997193,0.3172532009241644,Homo sapiens,Alaska
Premolar,BM1976.1423,10,12,40.28336188812216,13.583309566929174,0.7499280078174984,Pongo,Borneo
Premolar,IPHA.1,8,9,7.340421101021203,17.058090762935976,0.6605245051837693,Homo sapiens,Afalou
Anterior,BM1884.10.30.2,3,8,39.40124957716267,10.978356346313355,0.34152874484421847,Pongo,Borneo
Premolar,UVS60,4,10,50.06759285115076,14.844551464135485,0.20514006526632012,Homo sapiens,Khoi-San or bushman half-caste
Posterior,AMNH99.1/89-A,11,11,35.89851708261948,18.075854820259348,0.96735881119607,Homo sapiens,Alaska
Posterior,HTB1218,9,2,36.01424479308315,18.582487451291023,0.6106960114663323,Papio,East Africa
Anterior,HTB1957,8,13,44.13160364070288,15.657314595731078,0.782862620717416,Pan,French Cameroons
Anterior,PMN3065,12,5,50.48816258977873,14.624473632465024,0.8985905123400317,Homo sapiens,Australian aboriginie
Anterior,HTB2771,1,5,26.098637963326752,11.678383931802546,0.37370818640213876,Pan,French Cameroons
Anterior,PMN1497,5,10,34.53727030768565,15.327601411750113,0.266913393469285,Homo sapiens,Australian aboriginie
Premolar,AMNH99.1/80(b),10,12,48.24900058081858,14.073431488613766,0.4168765791113348,Homo sapiens,Alaska
Posterior,AMNH99.1/103,7,10,9.900189684544635,4.718358819436007,0.47851057317876006,Homo sapiens,Alaska
Posterior,NMNH380449,4,4,21.958016576124308,16.862144115794468,0.6824041533108186,Homo sapiens,Australian aboriginie
Anterior,IPHA.29,11,4,42.59629969745702,18.95610142123133,0.3919639510130821,Homo sapiens,Afalou
Premolar,BRK126761,10,4,33.128900469444524,17.156779502224857,0.05882065622975213,Homo sapiens,Native Californian
Posterior,NMNH278701,9,2,21.546988077818035,12.489245703549035,0.6184602377077955,Homo sapiens,Buriat
Premolar,HTB1739,4,12,26.434701886589643,22.372100240191088,0.5722305803672759,Pan,Ebolwa
Posterior,AMNH99.1/109,1,8,16.682954806970347,14.693704611229952,0.5668666364967584,Homo sapiens,Alaska
Anterior,HTB3434,8,2,41.62624432967665,10.203078156207162,0.10694218138082257,Pan,West Africa
Anterior,BM1976.1431,12,8,28.05784897256705,14.968483025416814,0.5796598988569232,Pongo,Borneo
Posterior,BM1976.1416,12,11,38.21424751869748,10.414058596676684,0.3800403088672147,Pongo,Borneo
Premolar,BM1976.1438,7,11,49.64950513118139,23.663782697084343,1.2131021237794908,Pongo,Borneo
Premolar,BRK125661,11,3,7.615553112549492,11.149006666800409,0.027565433435909115,Homo sapiens,Native Californian
Posterior,BM1922.12.19.6,12,9,28.27601771459016,15.184068655778523,1.0389747034131198,Papio,Central Africa
Premolar,BM1899.11.6.1,10,10,45.43097462144173,15.037490866462072,-0.4283385426700197,Papio,Arabia
Premolar,MH12328,12,6,31.979529495981204,9.594747488117651,-0.20230152171945537,Homo sapiens,Chucki
Premolar,NMNH331242,5,5,23.71254792964461,19.54867983897518,1.1182664015446444,Homo sapiens,Australian aboriginie
Premolar,MH1701,11,9,37.12545701318602,8.405107028436408,0.805299175764848,Homo sapiens,Sami
Posterior,MH1860,7,5,40.183461958183386,11.336754280996995,0.7662970745892981,Homo sapiens,Sami
Posterior,HTB3537,8,12,28.92784742414429,12.140867583610707,0.3094252222445705,Pan,West Africa
Anterior,HTB1720,11,14,26.91032463085132,14.9591371710713,0.4035014621929407,Pan,Ebolwa
Anterior,MH19782,2,2,46.74960573288429,13.496983256496947,0.5713980272928965,Homo sapiens,Buriat
Posterior,BM1976.1436,9,14,31.63209393195239,18.703494228249866,1.2007331339527614,Pongo,Borneo
Posterior,MH19784,2,13,35.44070301528804,13.695267188260454,0.9464975235787918,Homo sapiens,Buriat
Premolar,UVS1,12,5,19.782484661225407,21.378593325990085,0.7426795851736013,Homo sapiens,Khoi-San
Anterior,NMNH278701,9,8,37.1116053500791,9.24818847170793,-0.26419047475270296,Homo sapiens,Buriat
Posterior,IPHA.45,12,8,23.60325915298572,16.52180521086524,1.101266834807531,Homo sapiens,Afalou
Anterior,BM1884.10.30.1,3,2,42.125591551052835,16.898546301850725,0.2751513423534714,Pongo,Borneo
Anterior,NMNH225032,11,7,6.1158562592815215,20.026874090903323,0.4566144491997619,Homo sapiens,Chucki
Premolar,MH19784,9,7,24.657842456400004,11.635348318244803,0.5860771704652195,Homo sapiens,Buriat
Premolar,HTB1152,10,7,23.348694396779273,13.528636504331608,0.3006142621753818,Papio,East Africa
Premolar,UVS40,9,8,34.00938478954883,20.212562598590345,-0.19866904991071888,Homo sapiens,Khoi-San
Posterior,MH20325,3,4,19.367993288590597,10.77620436811375,0.9716266019768391,Homo sapiens,Australian aboriginie
Premolar,AMNH99.1/64,7,6,24.803971776351585,17.752112941229647,0.9318754844897625,Homo sapiens,Alaska
Posterior,MH24893,0,7,34.110198944113385,21.938545409925094,1.1320866149492141,Homo sapiens,Khoi-San
Posterior,PMN7459,1,3,36.95654064483327,16.682247462057678,0.36103143128315507,Homo sapiens,Australian aboriginie
Premolar,PMN7459,10,7,47.5614117387666,12.356538611788622,0.5521357321778687,Homo sapiens,Australian aboriginie
Anterior,HTB2034,4,8,31.963837699254597,12.049101034629194,0.6029014775902114,Pan,Ebolwa
Posterior,UVS59,9,6,30.76488742939887,6.255081815507852,0.5848038654733321,Homo sapiens,Khoi-San or bushman half-caste
Premolar,HTB3418,2,9,20.560956837673636,14.06457506709843,-0.1724940615172591,Pan,West Africa
Premolar,UVS58,3,5,24.22799929931501,14.065384400899642,1.0983598660787082,Homo sapiens,Khoi-San or bushman half-caste
Anterior,UVS125,10,13,38.5507786487491,14.286461274394856,0.17612208030146698,Homo sapiens,Khoi-San
Premolar,BRK125802,2,12,26.14081765979776,18.320167863222796,0.4451422467969422,Homo sapiens,Native Californian
Posterior,NMNH283609a,8,4,38.595200298161984,12.811621985770014,0.26141354449108684,Homo sapiens,Buriat
Anterior,MH1701,7,12,19.57588012324672,16.18033220274874,1.0452849583139199,Homo sapiens,Sami
Posterior,HTB3515,1,10,57.652963522071104,14.061016986105873,0.2848626373493839,Papio,East Africa
Anterior,MH20914,2,12,31.935427538482088,6.540860447691443,0.9051107503124498,Homo sapiens,Yaghan
Posterior,BRK126773,0,14,41.86595789832505,10.7220878773064,0.219936070031219,Homo sapiens,Native Californian
Posterior,BM1976.1442,1,5,40.53317429072264,15.079895172849179,0.9510608035550404,Pongo,Borneo
Posterior,MH12320,0,8,49.62961115275475,12.734442739263136,0.20323173937659822,Homo sapiens,Chucki
Premolar,HTB1701,8,2,17.384539541503997,14.014623106306118,0.1491405289953398,Pan,French Cameroons
Posterior,MH1509,10,3,18.8919177002928,15.848070469183979,0.29567418464805134,Homo sapiens,Australian aboriginie
Premolar,UCD2(2)b,0,7,46.567910062888195,15.456761854476827,0.18498366750855266,Homo sapiens,Native Californian
Posterior,NMNH278702,9,10,22.096285296223154,9.648991496094876,0.8297930805320035,Homo sapiens,Buriat
Anterior,BM1911.12.1.1,11,5,14.202378884306516,14.380380201327691,1.0301727776899103,Papio,East Africa
Anterior,BM1976.1420,0,11,19.184367193542265,16.73992550405957,0.3662184887214992,Pongo,Borneo
Premolar,AMNH99.1/97,11,8,22.49092179417537,18.716980841782654,0.38650179517401595,Homo sapiens,Alaska
Premolar,MH12320,8,12,19.70285441838569,17.760993539317344,0.04858002781339282,Homo sapiens,Chucki
Anterior,HTB0802,3,10,36.266482926303134,14.222419583005554,0.9558587171232248,Papio,East Africa
Anterior,BM1932.7.6.1,0,13,50.9084301945433,24.891936688297278,0.6084971687640411,Papio,East Africa
Posterior,BRK126755,11,9,32.116947624508725,15.445985342122535,0.493608742441152,Homo sapiens,Native Californian
Premolar,AMNH99.1/84-A,12,3,30.958886563999325,18.63229225611906,0.6439378259250443,Homo sapiens,Alaska
Posterior,BRK125598,1,13,41.390900793821324,17.68513110431862,0.2121295490741768,Homo sapiens,Native Californian
Premolar,NMNH331242,7,3,19.146988030569737,20.101495439914856,-0.42242019663822405,Homo sapiens,Australian aboriginie
Anterior,BRK126118,4,10,24.884735965709837,16.144482451015772,0.3451825214177544,Homo sapiens,Native Californian
Anterior,BRK125802,0,5,35.91579161346771,20.960001152693057,0.003977492381330383,Homo sapiens,Native Californian
Posterior,BM1976.1431,5,4,44.499071189223564,17.946452525679586,0.00927501661778285,Pongo,Borneo
Premolar,HTB1222,9,10,30.354367580093275,14.009306760668128,-0.09072643125092439,Papio,East Africa
Posterior,MH12321,1,10,20.48009031228205,12.093854606014201,-0.2051889534794672,Homo sapiens,Chucki
Premolar,MH12327,9,13,43.932392345975465,7.328383673096836,0.8256243141006965,Homo sapiens,Chucki
Posterior,IPHA.3,7,13,16.5885344443313,15.357460317439,0.8311614980456914,Homo sapiens,Afalou
Premolar,HTB1959,6,13,38.13984152916977,17.866008946673215,1.0759823108132647,Pan,French Cameroons
Posterior,NMNH283607,5,14,32.25950058215397,18.358737792692736,0.7215597501239195,Homo sapiens,Buriat
Posterior,NMNH283609a,9,11,35.67146647598764,17.808119189527368,0.5580436953279124,Homo sapiens,Buriat
Premolar,HTB1703,12,8,37.44501217377543,14.352292785347927,-0.232630747724486,Pan,French Cameroons
Anterior,AMNH99.1/110,9,11,15.153702589850134,7.799301453310256,0.500378002978655,Homo sapiens,Alaska
Premolar,NMNH283607,2,11,28.00417385204499,9.335366742632448,-0.014027149242866965,Homo sapiens,Buriat
Anterior,HTB1739,8,7,28.463432798780367,7.887350835155317,0.5800689138726113,Pan,Ebolwa
Posterior,NMNH278710,1,10,26.418784005136896,10.932610070364325,1.0803677700815795,Homo sapiens,Buriat
Premolar,BM1904.8.2.3,10,7,26.280849753117643,14.79211377229454,0.9793470053930877,Papio,East Africa
Premolar,BM1964.2174,9,8,25.089272493000088,16.440855313318117,0.5308415225115226,Papio,East Africa
Premolar,AMNH99.1/79,4,12,26.38609724489234,10.555039764364984,0.3761212454925019,Homo sapiens,Alaska
Premolar,MH19777,1,5,50.109185058277156,21.448285461394004,0.23140460009044744,Homo sapiens,Buriat
Anterior,HTB1703,11,4,44.556300319436176,11.207133512218238,0.5297896019152443,Pan,French Cameroons
Posterior,HTB1706,0,14,40.532757523320306,11.68302014703604,0.3839890447043504,Pan,Ebolwa
Premolar,BM1901.2.13.1,7,4,21.061018498055056,11.463480560464198,0.41404537449262657,Papio,West Africa
Anterior,MH3616,0,3,46.33819416687032,9.95798833643726,0.07727110675090543,Homo sapiens,Australian aboriginie
Premolar,MH1507,9,12,54.91854451834516,5.403309428990125,0.4928555203188625,Homo sapiens,Australian aboriginie
Posterior,IPHA.12,3,3,22.286659187270935,19.521495471881064,0.8126389354035903,Homo sapiens,Afalou
Premolar,MH5328,9,4,46.41776222004622,19.077740387253925,0.06428642671249618,Homo sapiens,Australian aboriginie
Anterior,UVS28,7,5,35.535608434299746,15.003959903620238,0.015613363349996578,Homo sapiens,Khoi-San
Anterior,HTB1722,0,9,9.623136584290226,18.30458088235978,0.3993211315683108,Pan,Ebolwa
Anterior,BM1900.3.18.1,2,7,43.974880563203214,18.511941313281692,0.8303753421882625,Papio,East Africa
Premolar,BM1976.1429,3,12,35.98153140099854,11.323544265351028,0.832279983814554,Pongo,Borneo
Posterior,BRK126118,5,11,23.156928351306092,13.72986681422781,0.5567499158502833,Homo sapiens,Native Californian
Premolar,MH4460,3,9,27.917199415926312,15.028647527489827,-0.08817350740560892,Homo sapiens,Australian aboriginie
Premolar,UVS24,9,7,64.0575702523931,20.554435991467273,0.34225789255871786,Homo sapiens,Khoi-San
Posterior,BRK126767,7,8,27.34008364201806,9.527905165721833,0.170774661777076,Homo sapiens,Native Californian
Premolar,BM1976.1424,6,9,30.51207052817216,8.25235800647388,0.9624376757392354,Pongo,Borneo
Premolar,NMNH278703,3,10,27.68016053238578,7.960442087358593,0.41651863198335815,Homo sapiens,Buriat
Posterior,MH17264,7,14,26.76283529752666,13.580084235212466,-0.38257818347864614,Homo sapiens,Australian aboriginie
Posterior,BM1918.11.8.1,9,11,41.55094566504684,15.842516576423224,0.9314568370811791,Papio,East Africa
Premolar,BRK125827,12,11,24.348209546452463,12.39279179440012,0.1760249284021697,Homo sapiens,Native Californian
Premolar,MH12326,2,7,33.09232505910319,20.957185675583673,0.15988797903619267,Homo sapiens,Chucki
Posterior,HTB1748,8,10,55.577340528860006,16.071672623054212,0.5080883894344701,Pan,Ebolwa
Premolar,UCD2(8)b,8,10,41.058629983498875,11.541711186192236,0.06369848840893616,Homo sapiens,Native Californian
Posterior,AMNH99.1/112,9,3,39.195667556020354,17.97744195879731,0.3377837352500309,Homo sapiens,Alaska
Premolar,HTB1707,11,14,37.04781422460498,19.362917044948738,-0.2897953598849239,Pan,Ebolwa
Premolar,BM1964.2174,1,12,26.686356312296233,16.326258116220668,0.789978309316576,Papio,East Africa
Posterior,UCD2(16)b,10,3,40.88676218064779,23.99730798679056,0.5300698228247482,Homo sapiens,Native Californian
Premolar,BRK125821,9,12,50.39874741002408,9.584113646395245,0.5353979063362169,Homo sapiens,Native Californian
Anterior,BM1971.2353,8,3,28.45430276511101,12.592007081637924,-0.019114157806179977,Papio,West Africa
Premolar,NMNH278704,9,14,41.721489737417244,20.878755036237607,0.4852263616550077,Homo sapiens,Buriat
Anterior,UVS76,10,10,34.20684969110075,20.28953850008852,0.5060233833104989,Homo sapiens,Khoi-San or bushman half-caste
Anterior,MH22283,10,12,22.829584903795237,12.255776131399674,0.23888139815543025,Homo sapiens,Sami
Premolar,AMNH99.1/105,11,6,55.093968262069936,16.732664720133997,0.3755355278702225,Homo sapiens,Alaska
Premolar,HTB2026,3,6,35.31477864420576,15.648599593693408,0.5153305818007626,Pan,Ebolwa
Anterior,HTB1027,10,13,33.763796055599336,17.78508101165762,0.8882372420953312,Papio,East Africa
Posterior,UVS34,8,5,34.25938844475099,10.43887445807312,1.648570545975579,Homo sapiens,Khoi-San or bushman half-caste
Anterior,NMNH283606,8,12,34.078019640920694,18.664811577347855,0.2365586660854248,Homo sapiens,Buriat
Anterior,MH19826,11,6,35.631220204356545,17.459330756774335,0.5637244039492669,Homo sapiens,Yaghan
Posterior,BM1908.8.9.42,10,6,54.90212556034949,12.108780560968649,0.6976329919097017,Papio,East Africa
Anterior,BRK126251,3,10,18.95798811443973,16.43871406156912,0.5092336483933481,Homo sapiens,Native Californian
Premolar,MH1702,4,3,34.586011923782095,17.959341165978255,0.23722486863393566,Homo sapiens,Sami
Posterior,NMNH226087,8,4,26.41514378513927,18.906817668651133,0.6028919118094035,Homo sapiens,Australian aboriginie
Premolar,AMNH99.1/96-A,8,12,28.971429951367305,14.497185265639862,0.4032956597644102,Homo sapiens,Alaska
Premolar,NMNH344713,5,11,32.13458964041771,7.0466994471803215,0.09054818552172877,Homo sapiens,Australian aboriginie
Anterior,MH12324,11,9,19.611639587873558,18.391860472921284,0.05360894123418353,Homo sapiens,Chucki
Posterior,HTB3538,10,12,28.82294133936202,17.540267449068807,-0.24915819138721784,Pan,West Africa
Premolar,NMNH380452,10,14,29.832929768764252,14.692002995522598,0.20786575541263802,Homo sapiens,Australian aboriginie
Premolar,MH12316,6,6,44.28412469847272,15.539044922334673,0.5564015857392116,Homo sapiens,Chucki
Anterior,AMNH99.1/75-A,10,8,43.275638008940945,13.288118999632427,0.4633355080766012,Homo sapiens,Alaska
Anterior,HTB3398,5,2,34.70004019490926,12.367775406947917,0.7806787501086256,Pan,West Africa
Premolar,HTB2033,11,5,31.048124435289058,16.573317622051274,0.5362767948512428,Pan,Ebolwa
Premolar,BM1902.11.22.1,12,11,4.61649848457855,16.09547608636717,0.34276957277974157,Papio,Arabia
Posterior,UVS42,9,10,35.139547252439435,19.4132797650468,0.5285687652756321,Homo sapiens,Khoi-San
Premolar,AMNH99.1/86-C,7,4,35.4016321684924,18.040962533309074,0.7591014739814408,Homo sapiens,Alaska
Anterior,AMNH99.1/75-A,0,12,38.490459111135095,12.235460759656997,0.4586186979685224,Homo sapiens,Alaska
Anterior,NMNH283607,11,14,42.9477888039474,13.200656542165321,0.9522887877092701,Homo sapiens,Buriat
Anterior,UVS52,11,14,35.29735520692401,14.0396126138133,0.413983779896762,Homo sapiens,Khoi-San or bushman half-caste
Anterior,UVS142,10,2,31.053529998549674,14.70392587239606,0.6113756051681526,Homo sapiens,Khoi-San
Posterior,MH22278,0,3,14.868176524421344,16.388369066446845,0.16245321668174117,Homo sapiens,Sami
Anterior,HTB3539,7,8,37.06896739292633,13.250644540954776,-0.26643548536142203,Pan,West Africa
Anterior,BM1976.1420,0,3,29.11663413372547,17.23114879618326,-0.06437663932215698,Pongo,Borneo
Posterior,HTB1958,12,3,24.69578757379714,21.503749005802653,1.2921725960718615,Pan,French Cameroons
Posterior,BRK126054,7,8,15.382036957820674,21.305792946625697,0.23311346708678898,Homo sapiens,Native Californian
Anterior,BM1976.1425,3,10,28.407321454250834,18.274604056715706,0.1724545757909524,Pongo,Borneo
Premolar,MH3619,7,12,32.73302446242228,9.660734913059951,0.16936688129220562,Homo sapiens,Tasmanien
Anterior,HTB1959,8,6,40.69539147779833,10.556702820913575,0.7522292257406542,Pan,French Cameroons
Posterior,NMNH380429,6,2,13.654189261536867,12.601344100379858,0.5174424239390896,Homo sapiens,Australian aboriginie
Anterior,NMNH350096,1,11,53.62664564783019,18.935544751958844,0.506688598269014,Homo sapiens,Australian aboriginie
Posterior,HTB0828,9,4,6.711833439078408,10.739352334524877,0.5197913497155459,Papio,South Africa
Premolar,MH3616,3,12,13.484507423937792,12.844305956332102,0.1953068362409648,Homo sapiens,Australian aboriginie
Anterior,MH19784,9,8,34.72528214093098,22.145488120642455,0.7938602929417125,Homo sapiens,Buriat
Premolar,NMNH380452,4,6,38.22988992483096,21.47017104308728,0.6050224657645735,Homo sapiens,Australian aboriginie
Anterior,UVS67,4,8,27.84243851710177,14.651070930364805,0.5027203380005748,Homo sapiens,Khoi-San or bushman half-caste
Premolar,AMNH99.1/89-A,10,12,48.91081754223555,15.634080577161853,-0.2469463630165062,Homo sapiens,Alaska
Anterior,MH5330,11,6,24.30360721937852,15.413242342961839,0.2393324695331735,Homo sapiens,Australian aboriginie
Premolar,MH5325,9,9,20.166552607572967,12.054177840554543,-0.25403502068488437,Homo sapiens,Australian aboriginie
Premolar,PMN3064,2,7,16.287207548151212,10.336146584133889,0.48094865023493494,Homo sapiens,Australian aboriginie
Premolar,NMNH226089,1,8,32.38467992145963,10.79365027759125,0.22189981313950258,Homo sapiens,Australian aboriginie
Premolar,HTB3418,8,13,26.046578056123767,18.176292982210104,0.6270186534908364,Pan,West Africa
Posterior,BRK126244,10,8,49.13500214989455,19.963374462134755,0.5972152042948524,Homo sapiens,Native Californian
Posterior,BRK126089,3,10,48.63958342878841,17.802817457261014,0.37904360558658123,Homo sapiens,Native Californian
Premolar,BM1902.9.2.1,2,9,25.398753278347193,22.06649265585435,0.6615115101852034,Papio,East Africa
Posterior,BM1906.11.1.6,8,8,18.68072541981458,7.693010902095072,0.8634095999224958,Papio,East Africa
Anterior,BRK126113,1,5,34.49378308002397,12.547790222209285,-0.15434742352537523,Homo sapiens,Native Californian
Premolar,IPHA.9,10,12,32.11484343835244,13.746489324700125,0.14367213669551893,Homo sapiens,Afalou
Posterior,HTB1791,12,10,37.02252907303365,14.181774452858676,0.2102336264909242,Pan,Ebolwa
Premolar,HTB3437,5,3,21.45531064496014,14.544029843469511,1.1482439301726695,Pan,West Africa
Anterior,MH12323,11,11,40.006907385442915,13.69172973163185,0.7335957963319908,Homo sapiens,Chucki
Anterior,AMNH99.1/102,6,12,50.219359581389526,11.007157081667419,0.7774654122774722,Homo sapiens,Alaska
Premolar,BM1976.1425,9,14,20.343223809755997,20.300627475099823,0.12755959434563335,Pongo,Borneo
Premolar,HTB2032,4,3,29.0313164721796,15.160539783639598,0.24553850665234445,Pan,Ebolwa
Anterior,BM1900.6.28.1,7,14,17.536593214499497,16.18376725634756,1.1621755955376747,Papio,Arabia
Anterior,MH5329,8,10,6.947819890680449,18.000105646235944,0.87271271201332,Homo sapiens,Australian aboriginie
Premolar,BM1899.7.8.1,4,6,13.653612379006972,12.703112220361927,0.042161108453525276,Papio,East Africa
Premolar,UVS42,12,3,30.244314395097444,18.542589805291282,0.24764435046304345,Homo sapiens,Khoi-San
Posterior,MH10289,11,14,47.530372047318906,16.210721451619648,0.5553468167378536,Homo sapiens,Fuegian
Premolar,PMN1497,11,12,33.38455517437018,12.851326738333949,0.6230147376411721,Homo sapiens,Australian aboriginie
Premolar,HTB1726,10,4,25.43360742381677,14.668351188436018,-0.14256487132277695,Pan,Ebolwa
Anterior,AMNH99.1/84-D,9,11,29.85052734129421,13.253736278220057,0.21049073974511656,Homo sapiens,Alaska
Anterior,BRK126260,2,14,43.45724544904352,15.553815172189296,0.7609555132881772,Homo sapiens,Native Californian
Anterior,HTB3434,4,3,21.085699484094828,17.906622904254558,0.45741009746344485,Pan,West Africa
Premolar,HTB1738,8,6,33.59866533653812,18.788308784454735,0.12376664073020949,Pan,Ebolwa
Anterior,HTB1890,10,13,29.25778043992763,15.522020310658453,0.08703478238414636,Pan,French Cameroons
Posterior,MH20913,6,12,15.796238688818406,17.294463083784894,0.548799257107025,Homo sapiens,Yaghan
Posterior,UVS46,8,8,25.626829433905485,17.609776683702083,0.5455864130175321,Homo sapiens,Khoi-San
Anterior,HTB1738,1,13,28.1974137929615,22.80971548691443,0.1704206095562854,Pan,Ebolwa
Premolar,BRK126113,10,3,21.491994759269282,15.237404810633752,0.6571857841181326,Homo sapiens,Native Californian
Posterior,NMNH226089,9,7,24.695775301644694,15.64219108424556,0.12293437621797221,Homo sapiens,Australian aboriginie
Premolar,BRK125661,4,7,44.17159299895114,11.732979162906046,0.08928905685318311,Homo sapiens,Native Californian
Premolar,BM1936.12.28.2,0,14,36.693606292518545,9.611618059363366,0.46286012262368037,Papio,East Africa
Premolar,HTB3411,11,13,48.78101414756331,19.801551358342124,0.9853529944860637,Pan,West Africa
Premolar,MH12319,10,10,27.13844039595546,15.81026117903345,-0.0304201186659655,Homo sapiens,Chucki
Anterior,NMNH380450,9,4,21.042366364618246,10.949321329555744,0.687371475665701,Homo sapiens,Australian aboriginie
Anterior,IPHA.7,4,12,24.996341845910756,13.190529125130167,0.8788926797179077,Homo sapiens,Afalou
Anterior,NMNH344715,4,4,28.541384068140417,10.722564559414842,0.3753659174468531,Homo sapiens,Australian aboriginie
Posterior,MH3619,2,10,14.17633437973521,17.45457562075831,0.862574162886186,Homo sapiens,Tasmanien
Premolar,MH12321,3,8,46.93261270130533,16.936150258833077,0.533627071173086,Homo sapiens,Chucki
Anterior,IPHA.14,12,3,20.53296043367283,13.908827471863653,0.8812147532145496,Homo sapiens,Afalou
Anterior,UVS29,1,10,22.56515162076984,11.11846173105187,0.36023728340141303,Homo sapiens,Khoi-San or bushman half-caste
Anterior,PMN1496,8,12,29.834926026962492,10.137123827289674,0.9857424792440599,Homo sapiens,Australian aboriginie
Anterior,HTB1028,11,3,25.534086138685254,13.430847383047738,0.5169851274054142,Papio,East Africa
Posterior,HTB1741,11,9,44.86092780299065,23.31695587690681,-6.179168669318003e-05,Pan,Ebolwa
Posterior,NMNH278709,10,3,26.455263405599553,17.978256665413767,-0.023824496185096633,Homo sapiens,Buriat
Anterior,HTB1220,0,14,37.657204770391175,19.273918404204977,0.4254219159811592,Papio,East Africa
Posterior,AMNH99.1/77,1,9,47.84123997459018,7.622603025021633,0.7460108040516227,Homo sapiens,Alaska
Posterior,BM1884.10.30.1,9,10,27.321845100944536,17.384488897497985,1.064932288679888,Pongo,Borneo
Premolar,HTB1791,10,2,38.23170136205248,9.156230245253035,0.09638062799504171,Pan,Ebolwa
Premolar,HTB1745,2,2,25.48312897076555,16.329326782656686,0.4983894928459276,Pan,Ebolwa
Anterior,NMNH226088,0,7,25.952398962348134,20.62079355173328,0.29035517660277643,Homo sapiens,Australian aboriginie
Posterior,NMNH331242,5,3,36.1541573588702,13.515285216683782,0.6938394937663019,Homo sapiens,Australian aboriginie
Anterior,BRK126271,2,4,40.20988537861502,15.708463383553225,0.5582030331559145,Homo sapiens,Native Californian
Posterior,BRK126264,7,12,40.9680670687446,13.064094064064957,0.6675464767142155,Homo sapiens,Native Californian
Posterior,BRK126764,0,7,19.048246309181245,11.541467545169231,0.5390016595100834,Homo sapiens,Native Californian
Premolar,BM1927.8.14.1,1,9,21.30417967155846,21.960603738679502,-0.3532473884067845,Papio,East Africa
Posterior,PMN1496,3,10,48.51233390679952,14.967282400658927,0.205576118785268,Homo sapiens,Australian aboriginie
Posterior,UVS24,4,11,44.796040263322354,17.399998939352194,0.25505650938490154,Homo sapiens,Khoi-San
Premolar,NMNH330605,3,13,42.546465385836974,20.673911923232936,0.5086649744950941,Homo sapiens,Australian aboriginie
Posterior,PMN1390,11,2,30.728092774611003,10.951807257550177,0.23896931442339403,Homo sapiens,Australian aboriginie
Anterior,NMNH350098,5,2,33.59875408496461,10.608424485478462,1.1735234108094703,Homo sapiens,Australian aboriginie
Posterior,BRK126247,8,13,21.569577527583952,12.938721760791008,0.28322995402312934,Homo sapiens,Native Californian
Anterior,AMNH99.1/101,12,7,29.606759321490404,8.890788085823743,0.577162405087862,Homo sapiens,Alaska
Posterior,HTB1706,11,14,28.06638127339838,15.243927204037595,-0.03448994255976989,Pan,Ebolwa
Anterior,BRK126054,7,3,27.440757376636192,9.257281127304033,0.6575386832672379,Homo sapiens,Native Californian
Posterior,AMNH99.1/111,11,9,38.35541452743305,12.412083013754899,-0.1830082571565439,Homo sapiens,Alaska
Anterior,NMNH226086,4,9,16.99337439202806,14.862326762680054,0.4559091347751101,Homo sapiens,Australian aboriginie
Premolar,HTB1154,2,12,33.18669898531478,18.322400134945884,0.4948816991284281,Papio,East Africa
Premolar,HTB3411,1,14,46.72757008535228,14.590264858472239,0.47789741816785636,Pan,West Africa
Premolar,AMNH99.1/84-A,9,3,15.36302259756797,11.372915528422745,0.44721499844854185,Homo sapiens,Alaska
Premolar,HTB3551,8,14,38.67153161256134,24.493275609270647,1.0014320910941636,Pan,West Africa
Posterior,NMNH278705,1,7,21.237749132446485,18.396411383348802,0.8160157799547048,Homo sapiens,Buriat
Posterior,BM1884.10.30.1,11,7,21.07200590130911,13.013797893717369,0.036897099031939995,Pongo,Borneo
Premolar,AMNH99.1/59-B,8,3,21.237670135005757,14.851891090810145,0.9705448261178578,Homo sapiens,Alaska
Posterior,UVS22,3,8,13.24500085240815,10.796028816949025,-0.09716429377071645,Homo sapiens,Khoi-San
Posterior,AMNH99.1/59-B,1,4,27.997743574228714,20.263210812596146,0.3884231944380371,Homo sapiens,Alaska
Premolar,MH12319,2,11,36.021825086423036,15.260644511330602,0.02772013192313927,Homo sapiens,Chucki
Anterior,AMNH99.1/160,4,6,38.25759763844233,12.95250167009374,0.6458286205940261,Homo sapiens,Alaska
Posterior,MH22282,6,13,33.17736081285319,14.237643172045345,0.09297069965725696,Homo sapiens,Sami
Premolar,NMNH278707,0,6,35.39081862349732,18.727946720045086,0.14683035983142895,Homo sapiens,Buriat
Anterior,MH19776,11,3,34.526015992259744,11.575963483320455,1.0663616840571262,Homo sapiens,Buriat
Premolar,UVS40,1,5,30.4472052248018,13.097259534174098,0.26304553262014635,Homo sapiens,Khoi-San
Posterior,HTB1025,12,2,45.546926258693965,20.314729088570008,0.2807571534722535,Papio,East Africa
Premolar,BM1976.1429,2,10,44.79058187409387,13.778020073555092,-0.015504338927888939,Pongo,Borneo
Premolar,AMNH99.1/110,7,13,38.79346344096384,16.510850749657326,0.6456369265090056,Homo sapiens,Alaska
Posterior,PMN3064,7,4,45.91755677266506,19.055097014530467,0.7380770044406784,Homo sapiens,Australian aboriginie
Premolar,HTB1225,10,10,38.762510310799044,17.206795812771066,0.3907355663534029,Papio,East Africa
Anterior,HTB1775,4,8,26.6422728882757,15.407755532341698,0.799841256686699,Pan,French Cameroons
Premolar,BM1902.9.9.3,3,7,49.7432835382899,11.107802874892187,0.4234725882802078,Papio,East Africa
Premolar,HTB1154,11,5,25.764658799604618,14.722530005745993,0.14653745750604902,Papio,East Africa
Anterior,BM1939.1006,3,11,30.926756568061617,16.129679622535534,0.015454729947520729,Pongo,Borneo
Anterior,HTB3437,6,2,22.456684148830128,17.841681009870204,0.5635493814300246,Pan,West Africa
Posterior,BRK126092,9,13,7.702924561231896,19.46212781643222,0.10217382734403496,Homo sapiens,Native Californian
Posterior,IPHA.7,10,4,53.53624980567718,9.377421890297093,0.6852198088193988,Homo sapiens,Afalou
Posterior,UVS57,8,2,23.87901681980459,12.233956104501175,0.3312209046971886,Homo sapiens,Khoi-San or bushman half-caste
Premolar,MH11150,0,14,47.84295865900766,15.313784831854095,0.24603786951480588,Homo sapiens,Buriat
Posterior,MH1670,4,14,17.95331248058301,15.300835387427542,0.496197047553757,Homo sapiens,Sami
Posterior,HTB1735,0,6,45.16845861830884,12.529618887261863,0.670119132466025,Pan,Ebolwa
Premolar,HTB1220,8,2,15.098858787586174,9.974962298747299,0.17881296632844357,Papio,East Africa
Anterior,BM1884.10.30.2,6,6,34.845513466429374,13.849078896045208,0.21687311090590355,Pongo,Borneo
Posterior,MH20912,12,5,22.06280195341172,18.082766773208515,-0.05345627371160311,Homo sapiens,Ona
Premolar,UVS28,5,11,42.14279517269691,19.640760216842253,1.0378848207944704,Homo sapiens,Khoi-San
Posterior,HTB3436,7,11,31.974535293258064,13.988537135236347,0.17281979563565197,Pan,West Africa
Posterior,HTB1723,5,6,30.83254305647626,16.467732650268342,0.3798821638325746,Pan,Ebolwa
Anterior,PMN3065,6,4,43.93830763909313,20.50382930888109,0.5064199590167955,Homo sapiens,Australian aboriginie
Posterior,UVS34,3,6,24.51610083369976,17.197221202004332,0.7623821874846346,Homo sapiens,Khoi-San or bushman half-caste
Anterior,HTB2771,12,13,13.329075734721208,20.125396398021778,0.7625844941528799,Pan,French Cameroons
Posterior,AMNH99.1/111,9,4,28.633297320056165,13.807819340364349,0.6047787872694733,Homo sapiens,Alaska
Posterior,BM1900.3.18.1,3,4,37.06112516838733,14.475976098773026,0.5419396528462042,Papio,East Africa
Posterior,PMN7459,10,9,45.30759186725333,18.609072769494936,0.37771866216056754,Homo sapiens,Australian aboriginie
Posterior,AMNH99.1/103,11,9,25.43711384919998,15.661246792922068,1.0997795591536863,Homo sapiens,Alaska
Premolar,HTB1713,3,5,25.462075500784344,13.204628084769025,0.5761247233759755,Pan,Ebolwa
Posterior,NMNH226087,10,11,45.595881859687346,16.978082008219875,0.6539864283486032,Homo sapiens,Australian aboriginie
Anterior,BM1908.7.17.1,9,10,34.02038654379419,14.821922042435814,1.6242558026603557,Pongo,Borneo
Posterior,HTB3412,4,14,54.1055868819512,9.652664690392454,0.544712995200608,Pan,West Africa
Posterior,HTB1889,0,14,18.15228122013471,14.802647800667021,0.711711839381687,Pan,French Cameroons
Posterior,NMNH344715,3,10,34.927920669383944,10.31943004034881,1.1191948632316033,Homo sapiens,Australian aboriginie
Anterior,UCD2(3a)b,6,4,34.9214608393326,13.535895355440195,0.6940442171250231,Homo sapiens,Native Californian
Posterior,AMNH99.1/89-B,1,9,29.48153627429141,11.711058563785691,0.895702633253846,Homo sapiens,Alaska
Anterior,AMNH99.1/75-A,5,3,35.56772659031675,13.235946546323405,1.0686862075988208,Homo sapiens,Alaska
Anterior,HTB1217,4,5,31.031362522274872,18.31150208801428,-0.0885498308186955,Papio,East Africa
Premolar,HTB1703,10,2,14.322066504562414,16.635550025879354,1.1141861150622272,Pan,French Cameroons
Anterior,HTB1958,2,8,27.271204570258103,5.715764634501511,0.335314173030107,Pan,French Cameroons
Anterior,BRK125676,5,9,28.741701790864216,12.888870707647945,0.1537076854191347,Homo sapiens,Native Californian
Premolar,AMNH99.1/80(b),2,8,30.80839075342566,15.550603462889761,0.4471560569937284,Homo sapiens,Alaska
Premolar,UCD2(3a)b,8,8,8.308374165465732,12.498158994197958,0.4758514039815635,Homo sapiens,Native Californian
Anterior,PMN3064A,5,10,26.446642353107016,16.19353210794551,0.570281849710097,Homo sapiens,Australian aboriginie
Premolar,HTB1903,2,2,33.55244536217013,13.535923649252489,0.7884305615362526,Pan,French Cameroons
Anterior,NMNH278706,2,10,42.14776939287737,16.695516767099317,0.3391093107202279,Homo sapiens,Buriat
Anterior,NMNH380431,7,13,37.06911105246757,17.596680468792634,1.1549895510466945,Homo sapiens,Australian aboriginie
Premolar,MH12328,7,7,43.49268116456396,11.12222211225496,0.1267766569043413,Homo sapiens,Chucki
Posterior,BM1976.1439,1,7,22.78438430147436,17.001673846070958,1.1940470495082378,Pongo,Borneo
Posterior,BRK126124,5,10,30.682066523101422,14.897264364414097,0.4371343344214422,Homo sapiens,Native Californian
Premolar,BM1910.10.3.1,10,2,23.211072323305018,16.18819461118989,0.0256569501570042,Papio,East Africa
Anterior,BM1901.2.13.1,5,13,28.632284963224176,13.344509408079107,0.022122865459112906,Papio,West Africa
Anterior,AMNH99.1/84-A,10,3,38.081468955590736,15.825034772455727,0.912271425390444,Homo sapiens,Alaska
Anterior,HTB1741,8,4,29.600875146532037,10.384887006516717,0.44745985913876357,Pan,Ebolwa
Posterior,BM1976.1409,0,2,5.48809600673788,19.167201298795845,-0.15462095796466502,Pongo,Borneo
Posterior,MH22282,3,10,39.654314945976125,13.529747811661485,-0.08392032624923362,Homo sapiens,Sami
Anterior,NMNH344712,1,13,21.499308553501933,17.61463561201343,0.4012680075818082,Homo sapiens,Australian aboriginie
Anterior,AMNH99.1/79,10,10,39.12361653427047,18.629071542689623,0.4977265764966692,Homo sapiens,Alaska
Posterior,MH12321,12,8,39.93918453550953,13.587858448438652,0.42880083574892974,Homo sapiens,Chucki
Premolar,AMNH99.1/59-B,6,12,9.5485055874306,11.439656888169946,-0.15762130695412013,Homo sapiens,Alaska
Anterior,AMNH99.1/110,8,5,43.833894076212246,14.109751986902717,0.16118366393804034,Homo sapiens,Alaska
Premolar,MH24934B,9,11,42.58717058057534,19.261123816113564,0.9177829536173563,Homo sapiens,Buriat
Posterior,BM1884.10.30.2,2,13,39.869497068556846,15.965177638529278,0.3852575675451441,Pongo,Borneo
Anterior,NMNH350096,0,10,38.221645669508014,19.08922676098689,0.60095168341495,Homo sapiens,Australian aboriginie
Premolar,AMNH99.1/91-B,12,13,26.035989199899515,12.161378551204026,0.03296701362394433,Homo sapiens,Alaska
Anterior,BM1904.8.2.1,1,14,41.95003275885201,16.80842305897297,-0.004472452284959516,Papio,Arabia
Premolar,AMNH99.1/90,4,3,35.03295900624053,20.407539419795107,0.5908986638811607,Homo sapiens,Alaska
Anterior,IPHA.25,1,3,22.616587403787918,12.14967869086292,0.43631731650754335,Homo sapiens,Afalou
Posterior,BRK126266,4,5,37.350160397263,11.827485191448517,0.5993515635186106,Homo sapiens,Native Californian
Posterior,BM1939.1008,11,14,21.819863580548372,20.12726455631671,0.8097123269323014,Pongo,Borneo
Posterior,MH2896,11,3,35.442025331565006,16.897477584566566,0.44931847655032187,Homo sapiens,Khoi-San
Premolar,HTB3434,1,9,13.140920158375977,7.543334596456448,0.38501331111907033,Pan,West Africa
Posterior,MH12328,1,2,24.65772182922005,10.075953392475128,0.35668280227498933,Homo sapiens,Chucki
Posterior,MH22282,4,9,37.511967497050094,15.984116109014725,0.4353971258640525,Homo sapiens,Sami
Premolar,BM1976.1425,11,10,47.49486127595847,20.46777280066211,0.2191202360781515,Pongo,Borneo
Premolar,AMNH99.1/103,9,7,26.180098487011666,15.84574587050629,0.6663354092888045,Homo sapiens,Alaska
Premolar,UCD2(8)b,3,9,27.87600333931044,14.845238414614075,-0.11515743886550212,Homo sapiens,Native Californian
Premolar,BM1918.11.8.1,3,12,21.78673657417496,20.04016802665248,0.47708174101367756,Papio,East Africa
Premolar,BM1976.1428,11,10,30.17144929242076,16.3950689651744,0.4425388377561214,Pongo,Borneo
Premolar,HTB1701,2,11,29.272144039531415,15.440519993123338,0.40749898009566454,Pan,French Cameroons
Premolar,MH5327,10,13,5.123193751326603,16.297550012359064,0.32545785508740904,Homo sapiens,Australian aboriginie
Posterior,BM1976.1443,6,3,34.20901743215447,18.52325476943788,0.2863130901649136,Pongo,Borneo
Premolar,MH1525,7,14,44.55435627407673,16.579795711347554,0.7469356669469474,Homo sapiens,Australian aboriginie
Anterior,HTB1739,2,7,25.027575025655338,8.773136263040012,0.651383849790323,Pan,Ebolwa
Posterior,NMNH330605,4,8,37.791725875175096,11.620619227218072,0.5694090469206539,Homo sapiens,Australian aboriginie
Anterior,BRK126107,9,7,17.272053689620748,15.013168503243508,1.1114241448531004,Homo sapiens,Native Californian
Posterior,MH5330,11,3,46.2398358696682,17.67790487581028,0.6098736090510007,Homo sapiens,Australian aboriginie
Anterior,NMNH380464,9,3,48.03409859682935,14.27096540497039,0.8759836802529097,Homo sapiens,Australian aboriginie
Premolar,BRK126243,6,8,35.754231473631826,16.148677589922816,1.054266695488899,Homo sapiens,Native Californian
