feature1,feature2,feature3,feature4,feature5,feature6,feature7,feature8,feature9
Anterior,AMNH99.1/100,1.047127937659947,12,37.5591283,6.89761633,0.5,Homo sapiens,Alaska
Posterior,AMNH99.1/100,0.4064193308076884,12,37.5591283,6.89761633,0.5,Homo sapiens,Alaska
Premolar,AMNH99.1/100,1.2595064850254087,8,37.5591283,6.89761633,0.5,Homo sapiens,Alaska
Anterior,AMNH99.1/101,1.3500897091545032,9,39.0329661,7.2151844,0.25,Homo sapiens,Alaska
Posterior,AMNH99.1/101,-0.02766838761163337,7,39.0329661,7.2151844,0.25,Homo sapiens,Alaska
Premolar,AMNH99.1/101,0.28149131586644816,6,39.0329661,7.2151844,0.25,Homo sapiens,Alaska
Anterior,AMNH99.1/102,0.9628516611004382,12,34.8934044,5.70308472,0.25,Homo sapiens,Alaska
Posterior,AMNH99.1/102,0.7512598217060025,12,34.8934044,5.70308472,0.25,Homo sapiens,Alaska
Premolar,AMNH99.1/102,0.8939344222402277,8,34.8934044,5.70308472,0.25,Homo sapiens,Alaska
Anterior,AMNH99.1/103,0.4954905554677398,12,29.6004044,5.18766442,0.5,Homo sapiens,Alaska
Posterior,AMNH99.1/103,1.3209456449129389,12,29.6004044,5.18766442,0.5,Homo sapiens,Alaska
Premolar,AMNH99.1/103,1.2725335035008003,8,29.6004044,5.18766442,0.5,Homo sapiens,Alaska
Anterior,AMNH99.1/104,0.9334012443228907,12,44.0440145,8.29624584,0.25,Homo sapiens,Alaska
Posterior,AMNH99.1/104,1.4390352945791551,12,44.0440145,8.29624584,0.25,Homo sapiens,Alaska
Premolar,AMNH99.1/104,1.124693425663887,8,44.0440145,8.29624584,0.25,Homo sapiens,Alaska
Anterior,AMNH99.1/105,0.4925133212726527,12,32.5480799,5.81978104,0.75,Homo sapiens,Alaska
Posterior,AMNH99.1/105,1.0776380211780707,12,32.5480799,5.81978104,0.75,Homo sapiens,Alaska
Premolar,AMNH99.1/105,0.4450616946926987,8,32.5480799,5.81978104,0.75,Homo sapiens,Alaska
Anterior,AMNH99.1/107,1.3204941077165306,8,56.1166683,10.2682079,0.5,Homo sapiens,Alaska
Posterior,AMNH99.1/107,0.8781514997019012,10,56.1166683,10.2682079,0.5,Homo sapiens,Alaska
Premolar,AMNH99.1/107,0.8138584452797764,7,56.1166683,10.2682079,0.5,Homo sapiens,Alaska
Anterior,AMNH99.1/109,0.5774977462164144,12,43.749247,8.23260632,0.75,Homo sapiens,Alaska
Posterior,AMNH99.1/109,1.4844428656098962,10,43.749247,8.23260632,0.75,Homo sapiens,Alaska
Premolar,AMNH99.1/109,0.8283111269870636,8,43.749247,8.23260632,0.75,Homo sapiens,Alaska
Anterior,AMNH99.1/110,0.6978546695470499,5,41.9806416,7.85088419,0.75,Homo sapiens,Alaska
Posterior,AMNH99.1/110,0.7341588880331914,6,41.9806416,7.85088419,0.75,Homo sapiens,Alaska
Premolar,AMNH99.1/110,1.1555685507535582,4,41.9806416,7.85088419,0.75,Homo sapiens,Alaska
Anterior,AMNH99.1/111,1.0760624713041615,12,42.2754092,7.9144902,0.5,Homo sapiens,Alaska
Posterior,AMNH99.1/111,1.0985940043559503,12,42.2754092,7.9144902,0.5,Homo sapiens,Alaska
Premolar,AMNH99.1/111,1.1072125645107391,8,42.2754092,7.9144902,0.5,Homo sapiens,Alaska
Anterior,AMNH99.1/112,1.9223686285483426,12,43.749247,8.23260632,0.25,Homo sapiens,Alaska
Posterior,AMNH99.1/112,0.7082954450953913,11,43.749247,8.23260632,0.25,Homo sapiens,Alaska
Premolar,AMNH99.1/112,0.6578718066929079,8,43.749247,8.23260632,0.25,Homo sapiens,Alaska
Anterior,AMNH99.1/160,0.514202069721943,4,55.0,15.0,0.25,Homo sapiens,Alaska
Posterior,AMNH99.1/160,1.1954348359593632,5,55.0,15.0,0.25,Homo sapiens,Alaska
Premolar,AMNH99.1/160,1.4398601035051883,4,55.0,15.0,0.25,Homo sapiens,Alaska
Anterior,AMNH99.1/59,0.84764720893322,12,48.8,10.5,0.25,Homo sapiens,Alaska
Posterior,AMNH99.1/59,0.5016310278737153,6,48.8,10.5,0.25,Homo sapiens,Alaska
Premolar,AMNH99.1/59,0.5090998060050751,8,48.8,10.5,0.25,Homo sapiens,Alaska
Anterior,AMNH99.1/59-B,1.21192703605427,6,40.0,10.0,0.25,Homo sapiens,Alaska
Posterior,AMNH99.1/59-B,1.2560773249600317,6,40.0,10.0,0.25,Homo sapiens,Alaska
Premolar,AMNH99.1/59-B,1.1607358979184912,4,40.0,10.0,0.25,Homo sapiens,Alaska
Anterior,AMNH99.1/60,0.5848448226218605,6,37.8538959,6.96111299,0.5,Homo sapiens,Alaska
Posterior,AMNH99.1/60,1.0125573592514063,6,37.8538959,6.96111299,0.5,Homo sapiens,Alaska
Premolar,AMNH99.1/60,0.9575368413671083,4,37.8538959,6.96111299,0.5,Homo sapiens,Alaska
Anterior,AMNH99.1/61,1.0061380210279876,12,34.3166852,6.19980411,0.75,Homo sapiens,Alaska
Posterior,AMNH99.1/61,1.3171485685765099,12,34.3166852,6.19980411,0.75,Homo sapiens,Alaska
Premolar,AMNH99.1/61,1.008476032209814,8,34.3166852,6.19980411,0.75,Homo sapiens,Alaska
Anterior,AMNH99.1/64,1.2254210112530648,12,43.1468959,7.47240717,0.25,Homo sapiens,Alaska
Posterior,AMNH99.1/64,0.9341389957512396,10,43.1468959,7.47240717,0.25,Homo sapiens,Alaska
Premolar,AMNH99.1/64,1.039696124102399,8,43.1468959,7.47240717,0.25,Homo sapiens,Alaska
Anterior,AMNH99.1/72,1.202729008161631,12,46.1073874,8.74186019,0.75,Homo sapiens,Alaska
Posterior,AMNH99.1/72,0.20764988653833982,11,46.1073874,8.74186019,0.75,Homo sapiens,Alaska
Premolar,AMNH99.1/72,0.7496261881983286,8,46.1073874,8.74186019,0.75,Homo sapiens,Alaska
Anterior,AMNH99.1/75-A,0.6778216048783234,12,31.3690097,5.56672472,0.75,Homo sapiens,Alaska
Posterior,AMNH99.1/75-A,0.5975340813839911,12,31.3690097,5.56672472,0.75,Homo sapiens,Alaska
Premolar,AMNH99.1/75-A,0.7708428655617101,8,31.3690097,5.56672472,0.75,Homo sapiens,Alaska
Anterior,AMNH99.1/77,1.6142330440848363,12,45.2,12.6,0.75,Homo sapiens,Alaska
Posterior,AMNH99.1/77,0.4893978550440056,11,45.2,12.6,0.75,Homo sapiens,Alaska
Premolar,AMNH99.1/77,1.363294402291561,8,45.2,12.6,0.75,Homo sapiens,Alaska
Anterior,AMNH99.1/79,0.10010415586929455,6,39.4,9.1,0.25,Homo sapiens,Alaska
Posterior,AMNH99.1/79,0.7423772756247913,6,39.4,9.1,0.25,Homo sapiens,Alaska
Premolar,AMNH99.1/79,0.9794864668287236,4,39.4,9.1,0.25,Homo sapiens,Alaska
Anterior,AMNH99.1/80(a),1.1812565005375708,6,46.1073874,8.74186019,0.75,Homo sapiens,Alaska
Posterior,AMNH99.1/80(a),1.2408171662814862,6,46.1073874,8.74186019,0.75,Homo sapiens,Alaska
Premolar,AMNH99.1/80(a),1.2799451236802364,4,46.1073874,8.74186019,0.75,Homo sapiens,Alaska
Anterior,AMNH99.1/80(b),0.7357829227014494,6,43.749247,8.23260632,0.75,Homo sapiens,Alaska
Posterior,AMNH99.1/80(b),0.6816432978559901,5,43.749247,8.23260632,0.75,Homo sapiens,Alaska
Premolar,AMNH99.1/80(b),1.3107386785676276,4,43.749247,8.23260632,0.75,Homo sapiens,Alaska
Anterior,AMNH99.1/83-A,0.8107890495536486,12,32.0178426,3.7220627,0.25,Homo sapiens,Alaska
Posterior,AMNH99.1/83-A,0.29411450002348294,10,32.0178426,3.7220627,0.25,Homo sapiens,Alaska
Premolar,AMNH99.1/83-A,0.36196328004160105,8,32.0178426,3.7220627,0.25,Homo sapiens,Alaska
Anterior,AMNH99.1/84-A,0.46384902257187316,12,30.7794746,5.44029653,0.25,Homo sapiens,Alaska
Posterior,AMNH99.1/84-A,1.1388214033420947,12,30.7794746,5.44029653,0.25,Homo sapiens,Alaska
Premolar,AMNH99.1/84-A,0.9698011220083815,8,30.7794746,5.44029653,0.25,Homo sapiens,Alaska
Anterior,AMNH99.1/84-B,1.230934612464226,12,48.8,10.5,0.25,Homo sapiens,Alaska
Posterior,AMNH99.1/84-B,0.698366957639854,8,48.8,10.5,0.25,Homo sapiens,Alaska
Premolar,AMNH99.1/84-B,0.9774789241627917,8,48.8,10.5,0.25,Homo sapiens,Alaska
Anterior,AMNH99.1/84-C,1.2000141671558382,6,46.1073874,8.74186019,0.25,Homo sapiens,Alaska
Posterior,AMNH99.1/84-C,0.754545577913478,6,46.1073874,8.74186019,0.25,Homo sapiens,Alaska
Premolar,AMNH99.1/84-C,1.1195789561175418,4,46.1073874,8.74186019,0.25,Homo sapiens,Alaska
Anterior,AMNH99.1/84-D,0.5865523766028667,6,33.137615,5.94640065,0.25,Homo sapiens,Alaska
Posterior,AMNH99.1/84-D,0.728955704040585,6,33.137615,5.94640065,0.25,Homo sapiens,Alaska
Premolar,AMNH99.1/84-D,0.7200533321783436,4,33.137615,5.94640065,0.25,Homo sapiens,Alaska
Anterior,AMNH99.1/86-C,0.3321589772613134,12,47.2736416,8.3605854,0.25,Homo sapiens,Alaska
Posterior,AMNH99.1/86-C,1.1339670103864052,11,47.2736416,8.3605854,0.25,Homo sapiens,Alaska
Premolar,AMNH99.1/86-C,0.6782839295905596,8,47.2736416,8.3605854,0.25,Homo sapiens,Alaska
Anterior,AMNH99.1/86-D,0.9078927170773473,12,50.8236683,9.7611705,0.25,Homo sapiens,Alaska
Posterior,AMNH99.1/86-D,1.1310005984395872,8,50.8236683,9.7611705,0.25,Homo sapiens,Alaska
Premolar,AMNH99.1/86-D,1.1146979770136851,8,50.8236683,9.7611705,0.25,Homo sapiens,Alaska
Anterior,AMNH99.1/87,1.2189751204715442,12,45.2,12.6,0.75,Homo sapiens,Alaska
Posterior,AMNH99.1/87,0.8550143618564022,9,45.2,12.6,0.75,Homo sapiens,Alaska
Premolar,AMNH99.1/87,0.7002510758676703,8,45.2,12.6,0.75,Homo sapiens,Alaska
Anterior,AMNH99.1/89-A,0.86395638841951,12,43.749247,8.23260632,0.75,Homo sapiens,Alaska
Posterior,AMNH99.1/89-A,0.09797688207854804,12,43.749247,8.23260632,0.75,Homo sapiens,Alaska
Premolar,AMNH99.1/89-A,0.21243523157163058,8,43.749247,8.23260632,0.75,Homo sapiens,Alaska
Anterior,AMNH99.1/89-B,0.2717141190146679,12,28.4213341,4.93536963,0.75,Homo sapiens,Alaska
Posterior,AMNH99.1/89-B,0.42678232486365003,12,28.4213341,4.93536963,0.75,Homo sapiens,Alaska
Premolar,AMNH99.1/89-B,1.092419733963971,8,28.4213341,4.93536963,0.75,Homo sapiens,Alaska
Anterior,AMNH99.1/90,0.4705068356464925,12,55.0,15.0,0.75,Homo sapiens,Alaska
Posterior,AMNH99.1/90,0.721756871305083,10,55.0,15.0,0.75,Homo sapiens,Alaska
Premolar,AMNH99.1/90,1.5209818344515535,8,55.0,15.0,0.75,Homo sapiens,Alaska
Anterior,AMNH99.1/91-A,0.7321908701280027,12,31.9585448,5.69322104,0.75,Homo sapiens,Alaska
Posterior,AMNH99.1/91-A,1.25334305789551,12,31.9585448,5.69322104,0.75,Homo sapiens,Alaska
Premolar,AMNH99.1/91-A,0.4570996495847183,8,31.9585448,5.69322104,0.75,Homo sapiens,Alaska
Anterior,AMNH99.1/91-B,0.8040550003008489,12,50.8236683,9.7611705,0.5,Homo sapiens,Alaska
Posterior,AMNH99.1/91-B,0.44928347131524216,10,50.8236683,9.7611705,0.5,Homo sapiens,Alaska
Premolar,AMNH99.1/91-B,0.7404008597883939,8,50.8236683,9.7611705,0.5,Homo sapiens,Alaska
Anterior,AMNH99.1/94,1.302320544015459,12,34.3166852,6.19980411,0.25,Homo sapiens,Alaska
Posterior,AMNH99.1/94,0.0789247924970442,12,34.3166852,6.19980411,0.25,Homo sapiens,Alaska
Premolar,AMNH99.1/94,1.1089291115206739,8,34.3166852,6.19980411,0.25,Homo sapiens,Alaska
Anterior,AMNH99.1/96-A,1.0152133312544345,12,37.8538959,6.96111299,0.75,Homo sapiens,Alaska
Posterior,AMNH99.1/96-A,0.618845541520566,12,37.8538959,6.96111299,0.75,Homo sapiens,Alaska
Premolar,AMNH99.1/96-A,0.21293772451115367,8,37.8538959,6.96111299,0.75,Homo sapiens,Alaska
Anterior,AMNH99.1/97,0.9363071391023855,12,36.6748257,6.70718105,0.75,Homo sapiens,Alaska
Posterior,AMNH99.1/97,0.6496527236994649,10,36.6748257,6.70718105,0.75,Homo sapiens,Alaska
Premolar,AMNH99.1/97,1.0128026876270444,8,36.6748257,6.70718105,0.75,Homo sapiens,Alaska
Anterior,AMNH99.1/98,0.9123515279816884,12,30.7794746,5.44029653,0.75,Homo sapiens,Alaska
Posterior,AMNH99.1/98,1.6651378531306125,12,30.7794746,5.44029653,0.75,Homo sapiens,Alaska
Premolar,AMNH99.1/98,0.7878940871178124,8,30.7794746,5.44029653,0.75,Homo sapiens,Alaska
Anterior,AMNH99.1/99,0.41427469328770933,12,31.9585448,5.69322104,0.25,Homo sapiens,Alaska
Posterior,AMNH99.1/99,0.9873589613437186,12,31.9585448,5.69322104,0.25,Homo sapiens,Alaska
Premolar,AMNH99.1/99,1.006761284221085,8,31.9585448,5.69322104,0.25,Homo sapiens,Alaska
Anterior,BM1868.4.16.2,0.6651547838105918,12,12.47378,3.29146087,1.0,Pongo,Borneo
Posterior,BM1868.4.16.2,0.4154485900898087,12,12.47378,3.29146087,1.0,Pongo,Borneo
Premolar,BM1868.4.16.2,0.1875819034278938,8,12.47378,3.29146087,1.0,Pongo,Borneo
Anterior,BM1884.10.30.1,0.7147625180401203,6,13.686453,3.71761878,1.0,Pongo,Borneo
Posterior,BM1884.10.30.1,-0.548865040964061,6,13.686453,3.71761878,1.0,Pongo,Borneo
Premolar,BM1884.10.30.1,-0.2872779978376867,4,13.686453,3.71761878,1.0,Pongo,Borneo
Anterior,BM1884.10.30.2,-0.42394097485818827,12,13.686453,3.71761878,1.0,Pongo,Borneo
Posterior,BM1884.10.30.2,-0.1681884788945489,12,13.686453,3.71761878,1.0,Pongo,Borneo
Premolar,BM1884.10.30.2,-0.6384045940744352,8,13.686453,3.71761878,1.0,Pongo,Borneo
Anterior,BM1886.12.20.10,0.3201736799487561,12,14.1715222,3.88831042,1.0,Pongo,Borneo
Posterior,BM1886.12.20.10,-0.08833839594193094,12,14.1715222,3.88831042,1.0,Pongo,Borneo
Premolar,BM1886.12.20.10,-0.6832499387910068,8,14.1715222,3.88831042,1.0,Pongo,Borneo
Anterior,BM1898.2.28.11,-0.466348223622407,12,13.9289876,3.80295048,1.0,Pongo,Borneo
Posterior,BM1898.2.28.11,0.16692353040481034,12,13.9289876,3.80295048,1.0,Pongo,Borneo
Premolar,BM1898.2.28.11,0.4168852979361403,8,13.9289876,3.80295048,1.0,Pongo,Borneo
Anterior,BM1899.11.6.1,0.991380634745374,12,17.1217143,3.06608828,0.0,Papio,Arabia
Posterior,BM1899.11.6.1,1.4283655198632985,12,17.1217143,3.06608828,0.0,Papio,Arabia
Premolar,BM1899.11.6.1,0.2374533029538784,8,17.1217143,3.06608828,0.0,Papio,Arabia
Anterior,BM1899.6.10.2,-0.4314843691044475,12,18.5922731,3.4773143,1.0,Papio,East Africa
Posterior,BM1899.6.10.2,-0.9758542407034447,12,18.5922731,3.4773143,1.0,Papio,East Africa
Premolar,BM1899.6.10.2,0.1675562480818287,8,18.5922731,3.4773143,1.0,Papio,East Africa
Anterior,BM1899.7.8.1,-0.3473413380265992,12,23.0253446,4.35428022,1.0,Papio,East Africa
Posterior,BM1899.7.8.1,-0.15790491321594105,12,23.0253446,4.35428022,1.0,Papio,East Africa
Premolar,BM1899.7.8.1,-0.2516452305306569,8,23.0253446,4.35428022,1.0,Papio,East Africa
Anterior,BM1900.3.18.1,-0.027082511440336327,12,18.5922731,3.4773143,1.0,Papio,East Africa
Posterior,BM1900.3.18.1,0.5479066752623323,12,18.5922731,3.4773143,1.0,Papio,East Africa
Premolar,BM1900.3.18.1,0.11482879460807405,8,18.5922731,3.4773143,1.0,Papio,East Africa
Anterior,BM1900.6.28.1,-0.03558460310429014,12,11.454619,2.00186723,1.0,Papio,Arabia
Posterior,BM1900.6.28.1,-0.45345704463210323,12,11.454619,2.00186723,1.0,Papio,Arabia
Premolar,BM1900.6.28.1,-0.7579347289910222,8,11.454619,2.00186723,1.0,Papio,Arabia
Anterior,BM1901.2.13.1,-0.19171070730712203,12,18.9952796,3.55691242,1.0,Papio,West Africa
Posterior,BM1901.2.13.1,0.014374274696372088,12,18.9952796,3.55691242,1.0,Papio,West Africa
Premolar,BM1901.2.13.1,0.8823640313101295,8,18.9952796,3.55691242,1.0,Papio,West Africa
Anterior,BM1901.8.9.23,0.10207178816420742,12,18.5922731,3.4773143,0.0,Papio,East Africa
Posterior,BM1901.8.9.23,0.5082450417714042,12,18.5922731,3.4773143,0.0,Papio,East Africa
Premolar,BM1901.8.9.23,-0.1978989404332193,8,18.5922731,3.4773143,0.0,Papio,East Africa
Anterior,BM1902.11.22.1,-0.5245891278199452,12,12.485,2.19399907,1.0,Papio,Arabia
Posterior,BM1902.11.22.1,-0.41984834595215414,12,12.485,2.19399907,1.0,Papio,Arabia
Premolar,BM1902.11.22.1,-0.30554783345257147,8,12.485,2.19399907,1.0,Papio,Arabia
Anterior,BM1902.9.2.1,1.0541501258413235,12,19.8012926,3.71619727,1.0,Papio,East Africa
Posterior,BM1902.9.2.1,-0.3513653980631252,12,19.8012926,3.71619727,1.0,Papio,East Africa
Premolar,BM1902.9.2.1,0.4395142230718596,8,19.8012926,3.71619727,1.0,Papio,East Africa
Anterior,BM1902.9.9.3,-0.3902169287767432,12,22.6223381,4.27445115,1.0,Papio,East Africa
Posterior,BM1902.9.9.3,0.48386578481240966,9,22.6223381,4.27445115,1.0,Papio,East Africa
Premolar,BM1902.9.9.3,0.22341725267210952,8,22.6223381,4.27445115,1.0,Papio,East Africa
Anterior,BM1904.11.5.2,-0.034633123131016644,12,21.4133186,4.03507241,1.0,Papio,East Africa
Posterior,BM1904.11.5.2,0.020577914555276532,12,21.4133186,4.03507241,1.0,Papio,East Africa
Premolar,BM1904.11.5.2,-0.2719861248669637,8,21.4133186,4.03507241,1.0,Papio,East Africa
Anterior,BM1904.8.2.1,0.25253963463685103,12,12.485,2.19399907,1.0,Papio,Arabia
Posterior,BM1904.8.2.1,-0.17678558393941554,12,12.485,2.19399907,1.0,Papio,Arabia
Premolar,BM1904.8.2.1,-0.5439633144016399,8,12.485,2.19399907,1.0,Papio,Arabia
Anterior,BM1904.8.2.3,-0.5688978067500333,12,17.1217143,3.06608828,1.0,Papio,East Africa
Posterior,BM1904.8.2.3,0.12223281534585248,12,17.1217143,3.06608828,1.0,Papio,East Africa
Premolar,BM1904.8.2.3,0.7923882402459096,8,17.1217143,3.06608828,1.0,Papio,East Africa
Anterior,BM1905.5.10.1,0.11623106524207936,12,21.8163251,4.1148462,1.0,Papio,West Africa
Posterior,BM1905.5.10.1,-0.016527500260147238,12,21.8163251,4.1148462,1.0,Papio,West Africa
Premolar,BM1905.5.10.1,0.17618733263123154,8,21.8163251,4.1148462,1.0,Papio,West Africa
Anterior,BM1906.11.1.6,0.6622695162245198,12,20.2042991,3.79588028,1.0,Papio,East Africa
Posterior,BM1906.11.1.6,0.14452898999460587,12,20.2042991,3.79588028,1.0,Papio,East Africa
Premolar,BM1906.11.1.6,-0.15579414097886815,8,20.2042991,3.79588028,1.0,Papio,East Africa
Anterior,BM1907.7.8.11,0.5671124213922765,12,19.8012926,3.71619727,1.0,Papio,Central Africa
Posterior,BM1907.7.8.11,0.24428920806106222,12,19.8012926,3.71619727,1.0,Papio,Central Africa
Premolar,BM1907.7.8.11,0.7717403244265978,8,19.8012926,3.71619727,1.0,Papio,Central Africa
Anterior,BM1908.7.17.1,0.10484941289955817,6,16.5968682,4.74312763,1.0,Pongo,Borneo
Posterior,BM1908.7.17.1,-0.5658778370209185,6,16.5968682,4.74312763,1.0,Pongo,Borneo
Premolar,BM1908.7.17.1,-0.6343417664144956,4,16.5968682,4.74312763,1.0,Pongo,Borneo
Anterior,BM1908.8.9.41,0.8266161988179823,6,19.3982861,3.63654073,1.0,Papio,East Africa
Posterior,BM1908.8.9.41,0.8612735097909142,6,19.3982861,3.63654073,1.0,Papio,East Africa
Premolar,BM1908.8.9.41,-0.045535363724996517,4,19.3982861,3.63654073,1.0,Papio,East Africa
Anterior,BM1908.8.9.42,-0.1425769302842094,12,23.8313576,4.51398683,0.0,Papio,East Africa
Posterior,BM1908.8.9.42,0.7363330933495712,12,23.8313576,4.51398683,0.0,Papio,East Africa
Premolar,BM1908.8.9.42,-0.4874730951762314,8,23.8313576,4.51398683,0.0,Papio,East Africa
Anterior,BM1909.6.11,-0.3863098060734709,12,14.0305714,2.48359763,1.0,Papio,East Africa
Posterior,BM1909.6.11,0.34652535943959517,12,14.0305714,2.48359763,1.0,Papio,East Africa
Premolar,BM1909.6.11,-0.14801716036047843,8,14.0305714,2.48359763,1.0,Papio,East Africa
Anterior,BM1910.10.3.1,0.037559588609811824,12,13.0001905,2.29036872,1.0,Papio,East Africa
Posterior,BM1910.10.3.1,-0.037875495986907176,9,13.0001905,2.29036872,1.0,Papio,East Africa
Premolar,BM1910.10.3.1,0.20084385224194984,7,13.0001905,2.29036872,1.0,Papio,East Africa
Anterior,BM1911.12.1.1,0.7106216607259954,12,18.1892666,3.39774848,1.0,Papio,East Africa
Posterior,BM1911.12.1.1,0.08316091196120663,12,18.1892666,3.39774848,1.0,Papio,East Africa
Premolar,BM1911.12.1.1,0.3468169578754985,8,18.1892666,3.39774848,1.0,Papio,East Africa
Anterior,BM1913.10.18.2,-0.9368437213707579,12,19.3982861,3.63654073,1.0,Papio,East Africa
Posterior,BM1913.10.18.2,0.016787185321309177,12,19.3982861,3.63654073,1.0,Papio,East Africa
Premolar,BM1913.10.18.2,-0.36177319493867005,8,19.3982861,3.63654073,1.0,Papio,East Africa
Anterior,BM1913.10.18.3,-0.5407268009357643,6,24.2343641,4.59386268,1.0,Papio,East Africa
Posterior,BM1913.10.18.3,-0.3784124960093979,6,24.2343641,4.59386268,1.0,Papio,East Africa
Premolar,BM1913.10.18.3,-0.11919950576210014,4,24.2343641,4.59386268,1.0,Papio,East Africa
Anterior,BM1914.3.8.2,0.4763992893270007,12,26.6524031,5.07338879,0.0,Papio,East Africa
Posterior,BM1914.3.8.2,-0.5919851868748964,12,26.6524031,5.07338879,0.0,Papio,East Africa
Premolar,BM1914.3.8.2,0.05459496068745698,8,26.6524031,5.07338879,0.0,Papio,East Africa
Anterior,BM1918.11.8.1,-0.19069178962765979,6,22.6223381,4.27445115,1.0,Papio,East Africa
Posterior,BM1918.11.8.1,-0.11612611484111116,6,22.6223381,4.27445115,1.0,Papio,East Africa
Premolar,BM1918.11.8.1,0.5177831506006685,4,22.6223381,4.27445115,1.0,Papio,East Africa
Anterior,BM1922.12.19.6,0.29639539516980745,12,18.1892666,3.39774848,1.0,Papio,Central Africa
Posterior,BM1922.12.19.6,0.6772289153537777,12,18.1892666,3.39774848,1.0,Papio,Central Africa
Premolar,BM1922.12.19.6,-0.0336171868768924,8,18.1892666,3.39774848,1.0,Papio,Central Africa
Anterior,BM1923.3.4.3,-0.2915951720848281,12,28.2644291,5.39328887,0.0,Papio,East Africa
Posterior,BM1923.3.4.3,-0.06666181616325469,12,28.2644291,5.39328887,0.0,Papio,East Africa
Premolar,BM1923.3.4.3,0.1555422356429094,8,28.2644291,5.39328887,0.0,Papio,East Africa
Anterior,BM1924.2.25.1,0.12413175483175838,12,20.6073056,3.87558812,1.0,Papio,East Africa
Posterior,BM1924.2.25.1,-0.47667744349745034,12,20.6073056,3.87558812,1.0,Papio,East Africa
Premolar,BM1924.2.25.1,0.08311558770453659,8,20.6073056,3.87558812,1.0,Papio,East Africa
Anterior,BM1924.8.6.15,0.14874375435262327,12,19.3982861,3.63654073,1.0,Papio,West Africa
Posterior,BM1924.8.6.15,1.2394986694249648,12,19.3982861,3.63654073,1.0,Papio,West Africa
Premolar,BM1924.8.6.15,0.9342585227830553,8,19.3982861,3.63654073,1.0,Papio,West Africa
Anterior,BM1924.8.6.16,-0.3665441186013493,12,24.2343641,4.59386268,0.0,Papio,West Africa
Posterior,BM1924.8.6.16,-0.09692930082043369,12,24.2343641,4.59386268,0.0,Papio,West Africa
Premolar,BM1924.8.6.16,-0.65728494030614,8,24.2343641,4.59386268,0.0,Papio,West Africa
Anterior,BM1925.5.12.1,-0.24145365819275227,12,21.8163251,4.1148462,1.0,Papio,West Africa
Posterior,BM1925.5.12.1,0.19037604210659947,12,21.8163251,4.1148462,1.0,Papio,West Africa
Premolar,BM1925.5.12.1,0.6145520280294932,8,21.8163251,4.1148462,1.0,Papio,West Africa
Anterior,BM1927.8.14.1,-0.3073859433042618,6,16.0913333,2.87155209,0.0,Papio,East Africa
Posterior,BM1927.8.14.1,-0.2716805864814529,6,16.0913333,2.87155209,0.0,Papio,East Africa
Premolar,BM1927.8.14.1,-0.9831169400918367,4,16.0913333,2.87155209,0.0,Papio,East Africa
Anterior,BM1930.12.1.2,-0.03750528996340374,12,20.2042991,3.79588028,0.0,Papio,East Africa
Posterior,BM1930.12.1.2,-0.4662076726129043,12,20.2042991,3.79588028,0.0,Papio,East Africa
Premolar,BM1930.12.1.2,-0.21226154438868483,8,20.2042991,3.79588028,0.0,Papio,East Africa
Anterior,BM1931.4.1.1,-0.37779709383350246,12,19.3982861,3.63654073,1.0,Papio,East Africa
Posterior,BM1931.4.1.1,-0.004913197402148212,12,19.3982861,3.63654073,1.0,Papio,East Africa
Premolar,BM1931.4.1.1,-0.7975033208716298,8,19.3982861,3.63654073,1.0,Papio,East Africa
Anterior,BM1932.7.6.1,-0.659001774634591,12,13.515381,2.38690817,1.0,Papio,East Africa
Posterior,BM1932.7.6.1,1.0545205232212762,12,13.515381,2.38690817,1.0,Papio,East Africa
Premolar,BM1932.7.6.1,-0.5734171197803469,8,13.515381,2.38690817,1.0,Papio,East Africa
Anterior,BM1934.11.20.1,-0.48258447252531356,12,18.5922731,3.4773143,1.0,Papio,East Africa
Posterior,BM1934.11.20.1,0.9152325943462463,12,18.5922731,3.4773143,1.0,Papio,East Africa
Premolar,BM1934.11.20.1,1.4241748324473298,8,18.5922731,3.4773143,1.0,Papio,East Africa
Anterior,BM1935.10.22.24,-0.5182153346833706,6,21.0103121,3.95531929,0.0,Papio,West Africa
Posterior,BM1935.10.22.24,-0.13545926079026188,6,21.0103121,3.95531929,0.0,Papio,West Africa
Premolar,BM1935.10.22.24,0.20274067687672387,4,21.0103121,3.95531929,0.0,Papio,West Africa
Anterior,BM1935.2.14.1,0.8636710660713769,12,19.3982861,3.63654073,1.0,Papio,East Africa
Posterior,BM1935.2.14.1,-0.4302069355387876,12,19.3982861,3.63654073,1.0,Papio,East Africa
Premolar,BM1935.2.14.1,-0.07686732234791578,8,19.3982861,3.63654073,1.0,Papio,East Africa
Anterior,BM1936.12.28.1,0.41037736011508863,12,18.5922731,3.4773143,1.0,Papio,East Africa
Posterior,BM1936.12.28.1,0.24715261411183262,12,18.5922731,3.4773143,1.0,Papio,East Africa
Premolar,BM1936.12.28.1,-0.13922675674487492,8,18.5922731,3.4773143,1.0,Papio,East Africa
Anterior,BM1936.12.28.2,-0.023762511740833075,12,18.5922731,3.4773143,1.0,Papio,East Africa
Posterior,BM1936.12.28.2,-0.6150954123655141,12,18.5922731,3.4773143,1.0,Papio,East Africa
Premolar,BM1936.12.28.2,-0.07348243705004937,8,18.5922731,3.4773143,1.0,Papio,East Africa
Anterior,BM1938.7.17.1,-0.08692541613267621,12,32.6684551,6.16831052,1.0,Papio,Central Africa
Posterior,BM1938.7.17.1,0.15062178578017593,12,32.6684551,6.16831052,1.0,Papio,Central Africa
Premolar,BM1938.7.17.1,-0.22459627791093145,8,32.6684551,6.16831052,1.0,Papio,Central Africa
Anterior,BM1939.1005,0.24221741017740106,6,14.1715222,3.88831042,1.0,Pongo,Borneo
Posterior,BM1939.1005,0.5000716862997008,6,14.1715222,3.88831042,1.0,Pongo,Borneo
Premolar,BM1939.1005,0.09160113648625379,4,14.1715222,3.88831042,1.0,Pongo,Borneo
Anterior,BM1939.1006,0.18514493022455739,6,11.2611071,2.86641,1.0,Pongo,Borneo
Posterior,BM1939.1006,0.042870741969199856,6,11.2611071,2.86641,1.0,Pongo,Borneo
Premolar,BM1939.1006,0.01758407035213227,4,11.2611071,2.86641,1.0,Pongo,Borneo
Anterior,BM1939.1007,-0.3262562702602135,12,9.80589949,2.35865298,0.0,Pongo,Borneo
Posterior,BM1939.1007,0.16834360578261282,12,9.80589949,2.35865298,0.0,Pongo,Borneo
Premolar,BM1939.1007,-0.028810201449428613,8,9.80589949,2.35865298,0.0,Pongo,Borneo
Anterior,BM1939.1008,1.0148739468758603,12,11.2611071,2.86641,0.0,Pongo,Borneo
Posterior,BM1939.1008,0.7671989043148493,12,11.2611071,2.86641,0.0,Pongo,Borneo
Premolar,BM1939.1008,0.20138783161997345,8,11.2611071,2.86641,0.0,Pongo,Borneo
Anterior,BM1939.1021,-0.3235732063479807,12,20.6073056,3.87558812,1.0,Papio,West Africa
Posterior,BM1939.1021,-0.49002972845125203,12,20.6073056,3.87558812,1.0,Papio,West Africa
Premolar,BM1939.1021,0.6075428489124046,8,20.6073056,3.87558812,1.0,Papio,West Africa
Anterior,BM1962.25,0.16519189523208086,12,19.8012926,3.71619727,0.0,Papio,East Africa
Posterior,BM1962.25,0.2687735106359159,12,19.8012926,3.71619727,0.0,Papio,East Africa
Premolar,BM1962.25,-0.7912413708635088,8,19.8012926,3.71619727,0.0,Papio,East Africa
Anterior,BM1964.2174,0.48189580826513534,12,19.3982861,3.63654073,0.0,Papio,East Africa
Posterior,BM1964.2174,0.25651726409926234,12,19.3982861,3.63654073,0.0,Papio,East Africa
Premolar,BM1964.2174,-0.48908594431765895,8,19.3982861,3.63654073,0.0,Papio,East Africa
Anterior,BM1971.2353,-0.1846670157087805,6,22.6223381,4.27445115,1.0,Papio,West Africa
Posterior,BM1971.2353,0.16565310744574127,6,22.6223381,4.27445115,1.0,Papio,West Africa
Premolar,BM1971.2353,0.06499880987012999,4,22.6223381,4.27445115,1.0,Papio,West Africa
Anterior,BM1971.2354,-0.09921055128695044,7,21.0103121,3.95531929,1.0,Papio,West Africa
Posterior,BM1971.2354,-0.009308965254639666,6,21.0103121,3.95531929,1.0,Papio,West Africa
Premolar,BM1971.2354,-0.08005944267072952,4,21.0103121,3.95531929,1.0,Papio,West Africa
Anterior,BM1976.1408,0.09023518736200015,12,16.3543336,4.65756455,0.0,Pongo,Borneo
Posterior,BM1976.1408,0.71866436272443,13,16.3543336,4.65756455,0.0,Pongo,Borneo
Premolar,BM1976.1408,-1.2053896597691363,8,16.3543336,4.65756455,0.0,Pongo,Borneo
Anterior,BM1976.1409,-0.09530798028906451,12,13.9289876,3.80295048,0.0,Pongo,Borneo
Posterior,BM1976.1409,0.10164657984266666,12,13.9289876,3.80295048,0.0,Pongo,Borneo
Premolar,BM1976.1409,0.1585758589841612,8,13.9289876,3.80295048,0.0,Pongo,Borneo
Anterior,BM1976.1415,-0.1596619580806349,12,12.2312454,3.20634803,0.0,Pongo,Borneo
Posterior,BM1976.1415,-0.8194798431641479,12,12.2312454,3.20634803,0.0,Pongo,Borneo
Premolar,BM1976.1415,0.17382358306500684,8,12.2312454,3.20634803,0.0,Pongo,Borneo
Anterior,BM1976.1416,0.8405729168029843,12,11.5036417,2.95130863,0.0,Pongo,Borneo
Posterior,BM1976.1416,-0.7132937525160944,11,11.5036417,2.95130863,0.0,Pongo,Borneo
Premolar,BM1976.1416,0.42913124350869686,8,11.5036417,2.95130863,0.0,Pongo,Borneo
Anterior,BM1976.1417,-0.13898826824303795,6,11.2611071,2.86641,0.0,Pongo,Borneo
Posterior,BM1976.1417,-0.011675298176678735,7,11.2611071,2.86641,0.0,Pongo,Borneo
Premolar,BM1976.1417,-0.48412977980023764,3,11.2611071,2.86641,0.0,Pongo,Borneo
Anterior,BM1976.1418,-0.1418141824758452,12,11.2611071,2.86641,0.0,Pongo,Borneo
Posterior,BM1976.1418,0.6369749792097772,12,11.2611071,2.86641,0.0,Pongo,Borneo
Premolar,BM1976.1418,0.2951610970377394,8,11.2611071,2.86641,0.0,Pongo,Borneo
Anterior,BM1976.1419,0.8429368665832229,12,11.2611071,2.86641,0.0,Pongo,Borneo
Posterior,BM1976.1419,0.5785442803634308,12,11.2611071,2.86641,0.0,Pongo,Borneo
Premolar,BM1976.1419,0.22675510841901392,8,11.2611071,2.86641,0.0,Pongo,Borneo
Anterior,BM1976.1420,0.84847482954769,10,11.0185725,2.78157736,0.0,Pongo,Borneo
Posterior,BM1976.1420,0.22671054893465414,12,11.0185725,2.78157736,0.0,Pongo,Borneo
Premolar,BM1976.1420,0.4120546675304101,8,11.0185725,2.78157736,0.0,Pongo,Borneo
Anterior,BM1976.1421,-0.12376304514956693,12,10.7760379,2.69681693,0.0,Pongo,Borneo
Posterior,BM1976.1421,0.0492508867679027,12,10.7760379,2.69681693,0.0,Pongo,Borneo
Premolar,BM1976.1421,-0.31475706405511444,8,10.7760379,2.69681693,0.0,Pongo,Borneo
Anterior,BM1976.1422,0.48905005797862694,12,11.7461763,3.03626772,0.0,Pongo,Borneo
Posterior,BM1976.1422,-0.543881444855475,12,11.7461763,3.03626772,0.0,Pongo,Borneo
Premolar,BM1976.1422,0.3903096481985923,8,11.7461763,3.03626772,0.0,Pongo,Borneo
Anterior,BM1976.1423,-0.07329548422983975,12,11.2611071,2.86641,0.0,Pongo,Borneo
Posterior,BM1976.1423,0.5756069455978199,12,11.2611071,2.86641,0.0,Pongo,Borneo
Premolar,BM1976.1423,0.37530975493433993,8,11.2611071,2.86641,0.0,Pongo,Borneo
Anterior,BM1976.1424,0.8850255540106232,12,13.686453,3.71761878,1.0,Pongo,Borneo
Posterior,BM1976.1424,0.3657354424028065,12,13.686453,3.71761878,1.0,Pongo,Borneo
Premolar,BM1976.1424,-0.7314847963864772,8,13.686453,3.71761878,1.0,Pongo,Borneo
Anterior,BM1976.1425,-0.014357260524432175,12,11.5036417,2.95130863,1.0,Pongo,Borneo
Posterior,BM1976.1425,-0.5408813900710671,13,11.5036417,2.95130863,1.0,Pongo,Borneo
Premolar,BM1976.1425,-0.22940048696154358,8,11.5036417,2.95130863,1.0,Pongo,Borneo
Anterior,BM1976.1426,0.7375975594633662,12,11.9887109,3.12128232,1.0,Pongo,Borneo
Posterior,BM1976.1426,0.32130904113012854,12,11.9887109,3.12128232,1.0,Pongo,Borneo
Premolar,BM1976.1426,-0.3154749149643707,8,11.9887109,3.12128232,1.0,Pongo,Borneo
Anterior,BM1976.1427,-0.46546117400332776,12,14.4140568,3.97369678,0.0,Pongo,Borneo
Posterior,BM1976.1427,0.033163514986087925,12,14.4140568,3.97369678,0.0,Pongo,Borneo
Premolar,BM1976.1427,-0.5621094987178118,8,14.4140568,3.97369678,0.0,Pongo,Borneo
Anterior,BM1976.1428,-0.30223376575324334,12,12.7163146,3.37661729,1.0,Pongo,Borneo
Posterior,BM1976.1428,0.16620674172607786,12,12.7163146,3.37661729,1.0,Pongo,Borneo
Premolar,BM1976.1428,0.5680143826492853,8,12.7163146,3.37661729,1.0,Pongo,Borneo
Anterior,BM1976.1429,0.30759990989768765,12,9.80589949,2.35865298,0.5,Pongo,Borneo
Posterior,BM1976.1429,-1.0741848636083762,12,9.80589949,2.35865298,0.5,Pongo,Borneo
Premolar,BM1976.1429,0.16256521083122172,8,9.80589949,2.35865298,0.5,Pongo,Borneo
Anterior,BM1976.1430,0.05186563376006483,12,10.5335033,2.61213574,0.0,Pongo,Borneo
Posterior,BM1976.1430,0.2147498046521496,12,10.5335033,2.61213574,0.0,Pongo,Borneo
Premolar,BM1976.1430,0.7876178837496581,8,10.5335033,2.61213574,0.0,Pongo,Borneo
Anterior,BM1976.1431,-0.9655254911507284,12,12.47378,3.29146087,1.0,Pongo,Borneo
Posterior,BM1976.1431,-0.2640986762571568,12,12.47378,3.29146087,1.0,Pongo,Borneo
Premolar,BM1976.1431,0.29909248234703434,8,12.47378,3.29146087,1.0,Pongo,Borneo
Anterior,BM1976.1434,-0.73603705098993,12,11.5036417,2.95130863,1.0,Pongo,Borneo
Posterior,BM1976.1434,0.7207880214095684,12,11.5036417,2.95130863,1.0,Pongo,Borneo
Premolar,BM1976.1434,0.19305441515862376,8,11.5036417,2.95130863,1.0,Pongo,Borneo
Anterior,BM1976.1435,0.4209149965250328,12,9.0782957,2.10624751,1.0,Pongo,Borneo
Posterior,BM1976.1435,-0.2544931711608864,12,9.0782957,2.10624751,1.0,Pongo,Borneo
Premolar,BM1976.1435,0.40527713863737347,8,9.0782957,2.10624751,1.0,Pongo,Borneo
Anterior,BM1976.1436,0.5266375744676229,12,10.7760379,2.69681693,1.0,Pongo,Borneo
Posterior,BM1976.1436,0.12850304775915605,12,10.7760379,2.69681693,1.0,Pongo,Borneo
Premolar,BM1976.1436,0.12922864952665059,8,10.7760379,2.69681693,1.0,Pongo,Borneo
Anterior,BM1976.1437,0.14635406820409125,6,11.2611071,2.86641,1.0,Pongo,Borneo
Posterior,BM1976.1437,-0.39381350923309055,6,11.2611071,2.86641,1.0,Pongo,Borneo
Premolar,BM1976.1437,-0.05274900256592313,4,11.2611071,2.86641,1.0,Pongo,Borneo
Anterior,BM1976.1438,-0.05512841899457231,6,8.83576111,2.02242151,1.0,Pongo,Borneo
Posterior,BM1976.1438,0.2002192014008902,6,8.83576111,2.02242151,1.0,Pongo,Borneo
Premolar,BM1976.1438,0.493929250698684,4,8.83576111,2.02242151,1.0,Pongo,Borneo
Anterior,BM1976.1439,-0.4868159084918081,12,8.59322651,1.93878354,1.0,Pongo,Borneo
Posterior,BM1976.1439,-0.04201908451586577,12,8.59322651,1.93878354,1.0,Pongo,Borneo
Premolar,BM1976.1439,0.7234116984967863,8,8.59322651,1.93878354,1.0,Pongo,Borneo
Anterior,BM1976.1440,-0.33675297827754147,12,12.2312454,3.20634803,1.0,Pongo,Borneo
Posterior,BM1976.1440,-0.37423289235287593,12,12.2312454,3.20634803,1.0,Pongo,Borneo
Premolar,BM1976.1440,0.11393651526342179,8,12.2312454,3.20634803,1.0,Pongo,Borneo
Anterior,BM1976.1442,0.41986733840938323,12,10.7760379,2.69681693,1.0,Pongo,Borneo
Posterior,BM1976.1442,0.02298802242396901,12,10.7760379,2.69681693,1.0,Pongo,Borneo
Premolar,BM1976.1442,0.6507525585991728,8,10.7760379,2.69681693,1.0,Pongo,Borneo
Anterior,BM1976.1443,0.42577974480113256,12,11.7461763,3.03626772,1.0,Pongo,Borneo
Posterior,BM1976.1443,0.4186451361965505,14,11.7461763,3.03626772,1.0,Pongo,Borneo
Premolar,BM1976.1443,0.2815632680461832,8,11.7461763,3.03626772,1.0,Pongo,Borneo
Anterior,BM50a,1.1490548522530306,12,13.0001905,2.29036872,1.0,Papio,East Africa
Posterior,BM50a,-0.057753211807844235,12,13.0001905,2.29036872,1.0,Papio,East Africa
Premolar,BM50a,-0.9146165273867949,8,13.0001905,2.29036872,1.0,Papio,East Africa
Anterior,BRK125458,1.66631733826623,6,29.1041325,3.72712188,0.25,Homo sapiens,Native Californian
Posterior,BRK125458,0.6838600046004959,12,29.1041325,3.72712188,0.25,Homo sapiens,Native Californian
Premolar,BRK125458,0.9533413568452567,6,29.1041325,3.72712188,0.25,Homo sapiens,Native Californian
Anterior,BRK125462,1.5259001332607975,12,48.4791205,5.71046472,0.25,Homo sapiens,Native Californian
Posterior,BRK125462,0.138512442450766,12,48.4791205,5.71046472,0.25,Homo sapiens,Native Californian
Premolar,BRK125462,0.3055683935325221,8,48.4791205,5.71046472,0.25,Homo sapiens,Native Californian
Anterior,BRK125598,0.1389801464280318,11,27.6373976,3.70258313,0.75,Homo sapiens,Native Californian
Posterior,BRK125598,0.5235582263968106,9,27.6373976,3.70258313,0.75,Homo sapiens,Native Californian
Premolar,BRK125598,1.111412927224297,5,27.6373976,3.70258313,0.75,Homo sapiens,Native Californian
Anterior,BRK125610,1.151698981627511,12,23.0458795,2.9625106,0.5,Homo sapiens,Native Californian
Posterior,BRK125610,1.0335757735832727,11,23.0458795,2.9625106,0.5,Homo sapiens,Native Californian
Premolar,BRK125610,0.22880032079505075,8,23.0458795,2.9625106,0.5,Homo sapiens,Native Californian
Anterior,BRK125660,-0.19875332404467905,12,51.5,12.6,0.75,Homo sapiens,Native Californian
Posterior,BRK125660,0.927837460822918,11,51.5,12.6,0.75,Homo sapiens,Native Californian
Premolar,BRK125660,0.6771529379397269,8,51.5,12.6,0.75,Homo sapiens,Native Californian
Anterior,BRK125661,1.1208227950623584,12,32.3564578,4.25426601,0.75,Homo sapiens,Native Californian
Posterior,BRK125661,1.2363988901424197,12,32.3564578,4.25426601,0.75,Homo sapiens,Native Californian
Premolar,BRK125661,0.967807430307934,8,32.3564578,4.25426601,0.75,Homo sapiens,Native Californian
Anterior,BRK125666,1.2641196065443845,6,36.5653494,4.94131337,0.25,Homo sapiens,Native Californian
Posterior,BRK125666,1.0111517996350523,6,36.5653494,4.94131337,0.25,Homo sapiens,Native Californian
Premolar,BRK125666,1.1544991253391572,4,36.5653494,4.94131337,0.25,Homo sapiens,Native Californian
Anterior,BRK125670,0.5661845972891681,10,35.8000964,4.81608016,0.5,Homo sapiens,Native Californian
Posterior,BRK125670,0.8163603607319384,7,35.8000964,4.81608016,0.5,Homo sapiens,Native Californian
Premolar,BRK125670,0.9956973911393263,6,35.8000964,4.81608016,0.5,Homo sapiens,Native Californian
Anterior,BRK125675,1.2928961456125787,12,36.9479759,5.00397466,0.5,Homo sapiens,Native Californian
Posterior,BRK125675,0.7143341406210713,12,36.9479759,5.00397466,0.5,Homo sapiens,Native Californian
Premolar,BRK125675,1.1502597651231448,9,36.9479759,5.00397466,0.5,Homo sapiens,Native Californian
Anterior,BRK125676,0.775275676744101,9,36.7566627,4.97264041,0.75,Homo sapiens,Native Californian
Posterior,BRK125676,0.8459344407355139,12,36.7566627,4.97264041,0.75,Homo sapiens,Native Californian
Premolar,BRK125676,1.2971798730795845,8,36.7566627,4.97264041,0.75,Homo sapiens,Native Californian
Anterior,BRK125678,-0.047692089790864034,12,39.6263614,5.44334199,0.75,Homo sapiens,Native Californian
Posterior,BRK125678,0.28421061038936246,11,39.6263614,5.44334199,0.75,Homo sapiens,Native Californian
Premolar,BRK125678,0.19572406543177123,8,39.6263614,5.44334199,0.75,Homo sapiens,Native Californian
Anterior,BRK125679,-0.20995639180676928,12,32.7390843,4.31652929,0.75,Homo sapiens,Native Californian
Posterior,BRK125679,0.5787675861244372,12,32.7390843,4.31652929,0.75,Homo sapiens,Native Californian
Premolar,BRK125679,1.2590217748458246,8,32.7390843,4.31652929,0.75,Homo sapiens,Native Californian
Anterior,BRK125800,0.7662011913505544,10,28.5301928,3.63455838,0.75,Homo sapiens,Native Californian
Posterior,BRK125800,0.9961805238278522,12,28.5301928,3.63455838,0.75,Homo sapiens,Native Californian
Premolar,BRK125800,1.4209181703585463,7,28.5301928,3.63455838,0.75,Homo sapiens,Native Californian
Anterior,BRK125802,1.5345411141448069,7,36.7566627,4.97264041,0.75,Homo sapiens,Native Californian
Posterior,BRK125802,0.8689975634271385,11,36.7566627,4.97264041,0.75,Homo sapiens,Native Californian
Premolar,BRK125802,1.546881549024627,8,36.7566627,4.97264041,0.75,Homo sapiens,Native Californian
Anterior,BRK125810,0.9458351641479644,12,30.5070964,4.16980327,0.75,Homo sapiens,Native Californian
Posterior,BRK125810,0.5029452503507383,12,30.5070964,4.16980327,0.75,Homo sapiens,Native Californian
Premolar,BRK125810,0.6187262353166376,8,30.5070964,4.16980327,0.75,Homo sapiens,Native Californian
Anterior,BRK125811,0.1965097081782199,10,34.6522169,4.62847197,0.75,Homo sapiens,Native Californian
Posterior,BRK125811,0.47877128880930064,11,34.6522169,4.62847197,0.75,Homo sapiens,Native Californian
Premolar,BRK125811,0.7313557545742251,7,34.6522169,4.62847197,0.75,Homo sapiens,Native Californian
Anterior,BRK125821,1.2848231118211635,12,37.1392892,5.035316,0.75,Homo sapiens,Native Californian
Posterior,BRK125821,1.7218333629510838,12,37.1392892,5.035316,0.75,Homo sapiens,Native Californian
Premolar,BRK125821,0.24337282831344953,8,37.1392892,5.035316,0.75,Homo sapiens,Native Californian
Anterior,BRK125822,1.0891098179888419,12,30.3157831,4.13857528,0.25,Homo sapiens,Native Californian
Posterior,BRK125822,0.4061525877036577,12,30.3157831,4.13857528,0.25,Homo sapiens,Native Californian
Premolar,BRK125822,1.1281181648619492,8,30.3157831,4.13857528,0.25,Homo sapiens,Native Californian
Anterior,BRK125827,0.8394809125061625,12,27.5736265,3.48066219,0.75,Homo sapiens,Native Californian
Posterior,BRK125827,0.029569545608995385,12,27.5736265,3.48066219,0.75,Homo sapiens,Native Californian
Premolar,BRK125827,1.3442445169569501,8,27.5736265,3.48066219,0.75,Homo sapiens,Native Californian
Anterior,BRK125832,0.6136754906982063,6,45.6,10.4,0.75,Homo sapiens,Native Californian
Posterior,BRK125832,0.6475526720351077,6,45.6,10.4,0.75,Homo sapiens,Native Californian
Premolar,BRK125832,0.3922356523406313,4,45.6,10.4,0.75,Homo sapiens,Native Californian
Anterior,BRK126049,0.5901938702655252,12,29.2954458,3.75801123,0.5,Homo sapiens,Native Californian
Posterior,BRK126049,1.1058162420292916,11,29.2954458,3.75801123,0.5,Homo sapiens,Native Californian
Premolar,BRK126049,0.8117705683158981,8,29.2954458,3.75801123,0.5,Homo sapiens,Native Californian
Anterior,BRK126054,1.0585369541120153,6,23.6198193,3.05433283,0.25,Homo sapiens,Native Californian
Posterior,BRK126054,1.0743842467554636,5,23.6198193,3.05433283,0.25,Homo sapiens,Native Californian
Premolar,BRK126054,1.5311941678101704,4,23.6198193,3.05433283,0.25,Homo sapiens,Native Californian
Anterior,BRK126076,0.7386126354181595,6,35.8000964,4.81608016,0.5,Homo sapiens,Native Californian
Posterior,BRK126076,0.19826249313437516,6,35.8000964,4.81608016,0.5,Homo sapiens,Native Californian
Premolar,BRK126076,1.4104381936171606,4,35.8000964,4.81608016,0.5,Homo sapiens,Native Californian
Anterior,BRK126087,0.7439957735543655,12,20.1761807,2.50774612,0.5,Homo sapiens,Native Californian
Posterior,BRK126087,1.4330085497423637,12,20.1761807,2.50774612,0.5,Homo sapiens,Native Californian
Premolar,BRK126087,1.084607015508266,8,20.1761807,2.50774612,0.5,Homo sapiens,Native Californian
Anterior,BRK126089,0.8394566699875208,12,26.6808313,3.54750963,0.75,Homo sapiens,Native Californian
Posterior,BRK126089,1.0681206026612915,12,26.6808313,3.54750963,0.75,Homo sapiens,Native Californian
Premolar,BRK126089,1.8315369161615904,8,26.6808313,3.54750963,0.75,Homo sapiens,Native Californian
Anterior,BRK126092,1.891556764972687,12,37.5219157,5.09801939,0.75,Homo sapiens,Native Californian
Posterior,BRK126092,0.9349976244043384,12,37.5219157,5.09801939,0.75,Homo sapiens,Native Californian
Premolar,BRK126092,0.9782655281202266,8,37.5219157,5.09801939,0.75,Homo sapiens,Native Californian
Anterior,BRK126094,1.4147348687934618,12,25.9155783,3.42374303,0.75,Homo sapiens,Native Californian
Posterior,BRK126094,0.4990082769475036,12,25.9155783,3.42374303,0.75,Homo sapiens,Native Californian
Premolar,BRK126094,1.0606374064993112,8,25.9155783,3.42374303,0.75,Homo sapiens,Native Californian
Anterior,BRK126100,0.8896168064575264,12,25.0865542,3.08319431,0.25,Homo sapiens,Native Californian
Posterior,BRK126100,1.0515072282043707,12,25.0865542,3.08319431,0.25,Homo sapiens,Native Californian
Premolar,BRK126100,0.5048651435894469,8,25.0865542,3.08319431,0.25,Homo sapiens,Native Californian
Anterior,BRK126104,0.1445598114251304,12,23.6198193,3.05433283,0.75,Homo sapiens,Native Californian
Posterior,BRK126104,-0.08577296316597549,12,23.6198193,3.05433283,0.75,Homo sapiens,Native Californian
Premolar,BRK126104,0.3695406167773385,8,23.6198193,3.05433283,0.75,Homo sapiens,Native Californian
Anterior,BRK126107,0.6833950403005195,12,23.6198193,3.05433283,0.25,Homo sapiens,Native Californian
Posterior,BRK126107,0.7622429143804873,12,23.6198193,3.05433283,0.25,Homo sapiens,Native Californian
Premolar,BRK126107,1.8249705055636483,8,23.6198193,3.05433283,0.25,Homo sapiens,Native Californian
Anterior,BRK126113,1.4289113560985518,12,32.9941687,4.35806278,0.75,Homo sapiens,Native Californian
Posterior,BRK126113,0.4435329360914791,12,32.9941687,4.35806278,0.75,Homo sapiens,Native Californian
Premolar,BRK126113,1.0676119996909303,8,32.9941687,4.35806278,0.75,Homo sapiens,Native Californian
Anterior,BRK126117,0.7079794412540235,12,26.2982048,3.48559185,0.25,Homo sapiens,Native Californian
Posterior,BRK126117,0.7664490640973227,12,26.2982048,3.48559185,0.25,Homo sapiens,Native Californian
Premolar,BRK126117,0.9902416064814457,8,26.2982048,3.48559185,0.25,Homo sapiens,Native Californian
Anterior,BRK126118,1.1969555798196012,12,26.6808313,3.54750963,0.25,Homo sapiens,Native Californian
Posterior,BRK126118,0.7402934598421785,12,26.6808313,3.54750963,0.25,Homo sapiens,Native Californian
Premolar,BRK126118,1.4088320715210703,8,26.6808313,3.54750963,0.25,Homo sapiens,Native Californian
Anterior,BRK126121,0.357841339797092,12,36.5653494,4.94131337,0.25,Homo sapiens,Native Californian
Posterior,BRK126121,0.9049600227136795,12,36.5653494,4.94131337,0.25,Homo sapiens,Native Californian
Premolar,BRK126121,2.139651000829107,8,36.5653494,4.94131337,0.25,Homo sapiens,Native Californian
Anterior,BRK126124,1.0082302665015404,12,22.0893133,2.81004779,0.75,Homo sapiens,Native Californian
Posterior,BRK126124,1.584822127064243,12,22.0893133,2.81004779,0.75,Homo sapiens,Native Californian
Premolar,BRK126124,0.945546195024495,8,22.0893133,2.81004779,0.75,Homo sapiens,Native Californian
Anterior,BRK126125,1.1786620136532229,5,41.1,10.0,0.25,Homo sapiens,Native Californian
Posterior,BRK126125,0.8748842158295518,6,41.1,10.0,0.25,Homo sapiens,Native Californian
Premolar,BRK126125,0.8207457028937173,4,41.1,10.0,0.25,Homo sapiens,Native Californian
Anterior,BRK126243,0.5305403542174689,10,25.5967229,3.16436617,0.75,Homo sapiens,Native Californian
Posterior,BRK126243,1.1069649701611444,12,25.5967229,3.16436617,0.75,Homo sapiens,Native Californian
Premolar,BRK126243,0.496208469799489,8,25.5967229,3.16436617,0.75,Homo sapiens,Native Californian
Anterior,BRK126244,1.219070474971824,11,26.1068916,3.45465859,0.75,Homo sapiens,Native Californian
Posterior,BRK126244,1.4190454121208762,12,26.1068916,3.45465859,0.75,Homo sapiens,Native Californian
Premolar,BRK126244,1.0765805566190876,8,26.1068916,3.45465859,0.75,Homo sapiens,Native Californian
Anterior,BRK126247,0.7655509695671491,12,39.6263614,5.44334199,0.25,Homo sapiens,Native Californian
Posterior,BRK126247,1.1182402406906395,12,39.6263614,5.44334199,0.25,Homo sapiens,Native Californian
Premolar,BRK126247,0.7548664723331775,8,39.6263614,5.44334199,0.25,Homo sapiens,Native Californian
Anterior,BRK126248,1.3476989819613725,12,28.5939639,3.85801676,0.25,Homo sapiens,Native Californian
Posterior,BRK126248,0.02933118793882661,12,28.5939639,3.85801676,0.25,Homo sapiens,Native Californian
Premolar,BRK126248,0.742033103801632,8,28.5939639,3.85801676,0.25,Homo sapiens,Native Californian
Anterior,BRK126250,-0.04662080806307567,12,26.2982048,3.48559185,0.25,Homo sapiens,Native Californian
Posterior,BRK126250,0.18958931914923627,11,26.2982048,3.48559185,0.25,Homo sapiens,Native Californian
Premolar,BRK126250,1.5517779079407752,7,26.2982048,3.48559185,0.25,Homo sapiens,Native Californian
Anterior,BRK126251,1.3284676664865265,12,29.9331566,4.07615043,0.75,Homo sapiens,Native Californian
Posterior,BRK126251,0.5591295329484469,12,29.9331566,4.07615043,0.75,Homo sapiens,Native Californian
Premolar,BRK126251,0.18604313768819658,8,29.9331566,4.07615043,0.75,Homo sapiens,Native Californian
Anterior,BRK126252,-0.510566826898937,12,22.4719398,2.87094128,0.25,Homo sapiens,Native Californian
Posterior,BRK126252,0.6429808222772588,12,22.4719398,2.87094128,0.25,Homo sapiens,Native Californian
Premolar,BRK126252,2.055192695069099,8,22.4719398,2.87094128,0.25,Homo sapiens,Native Californian
Anterior,BRK126256,1.1091485865048252,12,32.0376024,4.41997173,0.25,Homo sapiens,Native Californian
Posterior,BRK126256,0.63532073376302,12,32.0376024,4.41997173,0.25,Homo sapiens,Native Californian
Premolar,BRK126256,1.123536018890222,8,32.0376024,4.41997173,0.25,Homo sapiens,Native Californian
Anterior,BRK126259,0.15819118367724805,12,32.1651446,4.22315152,0.25,Homo sapiens,Native Californian
Posterior,BRK126259,0.7602742506329792,11,32.1651446,4.22315152,0.25,Homo sapiens,Native Californian
Premolar,BRK126259,0.9493376003909579,8,32.1651446,4.22315152,0.25,Homo sapiens,Native Californian
Anterior,BRK126260,0.8609153523370465,12,36.3740361,4.90999368,0.25,Homo sapiens,Native Californian
Posterior,BRK126260,1.2787343615319593,12,36.3740361,4.90999368,0.25,Homo sapiens,Native Californian
Premolar,BRK126260,1.066152466955282,8,36.3740361,4.90999368,0.25,Homo sapiens,Native Californian
Anterior,BRK126261,1.2203763728944055,12,32.3564578,4.25426601,0.25,Homo sapiens,Native Californian
Posterior,BRK126261,0.5739515113845779,12,32.3564578,4.25426601,0.25,Homo sapiens,Native Californian
Premolar,BRK126261,1.3297209834885666,8,32.3564578,4.25426601,0.25,Homo sapiens,Native Californian
Anterior,BRK126264,1.6780778286433766,12,37.1392892,5.035316,0.25,Homo sapiens,Native Californian
Posterior,BRK126264,0.4396933556613881,9,37.1392892,5.035316,0.25,Homo sapiens,Native Californian
Premolar,BRK126264,0.47898007663908937,8,37.1392892,5.035316,0.25,Homo sapiens,Native Californian
Anterior,BRK126266,1.5383996584002506,12,36.5653494,4.94131337,0.5,Homo sapiens,Native Californian
Posterior,BRK126266,0.8107701519238238,12,36.5653494,4.94131337,0.5,Homo sapiens,Native Californian
Premolar,BRK126266,1.5708172152936086,8,36.5653494,4.94131337,0.5,Homo sapiens,Native Californian
Anterior,BRK126271,0.6910850486606878,11,25.8518072,3.20502776,0.5,Homo sapiens,Native Californian
Posterior,BRK126271,1.5952239578773184,12,25.8518072,3.20502776,0.5,Homo sapiens,Native Californian
Premolar,BRK126271,0.9645885881722932,8,25.8518072,3.20502776,0.5,Homo sapiens,Native Californian
Posterior,BRK126291,1.0249777184710418,7,22.0893133,2.81004779,0.5,Homo sapiens,Native Californian
Anterior,BRK126292,1.6474794927378806,12,36.5653494,4.94131337,0.5,Homo sapiens,Native Californian
Posterior,BRK126292,0.7295671898116196,11,36.5653494,4.94131337,0.5,Homo sapiens,Native Californian
Premolar,BRK126292,0.4535240270477052,8,36.5653494,4.94131337,0.5,Homo sapiens,Native Californian
Anterior,BRK126472,0.6882126563395922,12,28.5939639,3.85801676,0.25,Homo sapiens,Native Californian
Posterior,BRK126472,1.1174628199966612,12,28.5939639,3.85801676,0.25,Homo sapiens,Native Californian
Premolar,BRK126472,0.15590378917382086,8,28.5939639,3.85801676,0.25,Homo sapiens,Native Californian
Anterior,BRK126755,1.205674862815783,7,26.1068916,3.45465859,0.75,Homo sapiens,Native Californian
Posterior,BRK126755,0.645231753135864,9,26.1068916,3.45465859,0.75,Homo sapiens,Native Californian
Premolar,BRK126755,1.4488369572982127,6,26.1068916,3.45465859,0.75,Homo sapiens,Native Californian
Anterior,BRK126757,-0.23885147401770368,12,31.6549759,4.14023787,0.75,Homo sapiens,Native Californian
Posterior,BRK126757,0.5271653430699196,12,31.6549759,4.14023787,0.75,Homo sapiens,Native Californian
Premolar,BRK126757,0.09838963905606002,8,31.6549759,4.14023787,0.75,Homo sapiens,Native Californian
Anterior,BRK126758,0.5082668185245787,12,23.6198193,3.05433283,0.25,Homo sapiens,Native Californian
Posterior,BRK126758,1.0199448120927712,12,23.6198193,3.05433283,0.25,Homo sapiens,Native Californian
Premolar,BRK126758,0.8165437005181615,8,23.6198193,3.05433283,0.25,Homo sapiens,Native Californian
Anterior,BRK126760,0.7812130648346662,10,26.2982048,3.48559185,0.75,Homo sapiens,Native Californian
Posterior,BRK126760,0.8260929776829381,12,26.2982048,3.48559185,0.75,Homo sapiens,Native Californian
Premolar,BRK126760,0.9988478736338419,8,26.2982048,3.48559185,0.75,Homo sapiens,Native Californian
Anterior,BRK126761,0.42140336270565354,12,35.8000964,4.81608016,0.75,Homo sapiens,Native Californian
Posterior,BRK126761,1.2387316900060625,12,35.8000964,4.81608016,0.75,Homo sapiens,Native Californian
Premolar,BRK126761,1.2176795348691416,8,35.8000964,4.81608016,0.75,Homo sapiens,Native Californian
Anterior,BRK126764,1.0853983471035742,12,23.2371928,2.99309106,0.75,Homo sapiens,Native Californian
Posterior,BRK126764,1.1671106615533067,12,23.2371928,2.99309106,0.75,Homo sapiens,Native Californian
Premolar,BRK126764,1.0431736827184908,8,23.2371928,2.99309106,0.75,Homo sapiens,Native Californian
Anterior,BRK126765,1.8715892652233772,11,29.7418434,4.04495405,0.5,Homo sapiens,Native Californian
Posterior,BRK126765,0.860441971091235,11,29.7418434,4.04495405,0.5,Homo sapiens,Native Californian
Premolar,BRK126765,0.7556239806894771,8,29.7418434,4.04495405,0.5,Homo sapiens,Native Californian
Anterior,BRK126766,0.5429070230428334,12,26.6808313,3.54750963,0.75,Homo sapiens,Native Californian
Posterior,BRK126766,0.41009835655545035,12,26.6808313,3.54750963,0.75,Homo sapiens,Native Californian
Premolar,BRK126766,0.30898726277091637,8,26.6808313,3.54750963,0.75,Homo sapiens,Native Californian
Anterior,BRK126767,0.4784551708385399,12,31.2085783,4.06776118,0.75,Homo sapiens,Native Californian
Posterior,BRK126767,0.8682626350792275,12,31.2085783,4.06776118,0.75,Homo sapiens,Native Californian
Premolar,BRK126767,1.0612209648700743,8,31.2085783,4.06776118,0.75,Homo sapiens,Native Californian
Anterior,BRK126768,0.9263072674180074,11,37.3306024,5.06666429,0.25,Homo sapiens,Native Californian
Posterior,BRK126768,0.5371857260417994,10,37.3306024,5.06666429,0.25,Homo sapiens,Native Californian
Premolar,BRK126768,1.3308498130052904,7,37.3306024,5.06666429,0.25,Homo sapiens,Native Californian
Anterior,BRK126773,1.25424696931249,12,39.6263614,5.44334199,0.75,Homo sapiens,Native Californian
Posterior,BRK126773,0.8258721647143028,12,39.6263614,5.44334199,0.75,Homo sapiens,Native Californian
Premolar,BRK126773,0.59084526647374,8,39.6263614,5.44334199,0.75,Homo sapiens,Native Californian
Anterior,BRK126774,1.1632486305592096,12,22.8545663,2.93195822,0.25,Homo sapiens,Native Californian
Posterior,BRK126774,0.9915032672355175,12,22.8545663,2.93195822,0.25,Homo sapiens,Native Californian
Premolar,BRK126774,0.21195171689443515,8,22.8545663,2.93195822,0.25,Homo sapiens,Native Californian
Anterior,BRK126776,0.8695491616123149,12,38.8611084,5.31768598,0.5,Homo sapiens,Native Californian
Posterior,BRK126776,1.0267916310969833,12,38.8611084,5.31768598,0.5,Homo sapiens,Native Californian
Premolar,BRK126776,0.47326286121517125,8,38.8611084,5.31768598,0.5,Homo sapiens,Native Californian
Anterior,HTB0802,0.13045451659580917,12,14.23,6.474995012,1.0,Papio,East Africa
Posterior,HTB0802,-0.6531780067236267,12,14.23,6.474995012,1.0,Papio,East Africa
Premolar,HTB0802,0.6766514312253894,8,14.23,6.474995012,1.0,Papio,East Africa
Anterior,HTB0828,0.6346096461253067,12,9.18292308,2.429595478,1.0,Papio,South Africa
Posterior,HTB0828,-0.08031671508313126,12,9.18292308,2.429595478,1.0,Papio,South Africa
Premolar,HTB0828,0.21317477286151473,8,9.18292308,2.429595478,1.0,Papio,South Africa
Anterior,HTB0890,-1.1082534271640934,12,17.8945,3.21217946,1.0,Papio,East Africa
Posterior,HTB0890,-0.5109639659440792,12,17.8945,3.21217946,1.0,Papio,East Africa
Premolar,HTB0890,-0.09997658707645687,8,17.8945,3.21217946,1.0,Papio,East Africa
Anterior,HTB0900,-0.4708382900774053,12,15.3185476,2.72587272,1.0,Papio,East Africa
Posterior,HTB0900,0.3803878719626326,12,15.3185476,2.72587272,1.0,Papio,East Africa
Premolar,HTB0900,0.9916501442954944,8,15.3185476,2.72587272,1.0,Papio,East Africa
Anterior,HTB1025,-0.5206205940315538,12,18.6672857,3.35840919,1.0,Papio,East Africa
Posterior,HTB1025,-0.35902546120250084,12,18.6672857,3.35840919,1.0,Papio,East Africa
Premolar,HTB1025,0.15218387967277386,8,18.6672857,3.35840919,1.0,Papio,East Africa
Anterior,HTB1027,0.8076471127811299,12,18.6672857,3.35840919,0.0,Papio,East Africa
Posterior,HTB1027,-0.5424236276403381,12,18.6672857,3.35840919,0.0,Papio,East Africa
Premolar,HTB1027,0.1586580250251744,8,18.6672857,3.35840919,0.0,Papio,East Africa
Anterior,HTB1028,0.9077926825078944,12,13.7729762,2.43523526,0.0,Papio,East Africa
Posterior,HTB1028,-0.7470122475592179,12,13.7729762,2.43523526,0.0,Papio,East Africa
Premolar,HTB1028,-0.5703899329814521,8,13.7729762,2.43523526,0.0,Papio,East Africa
Anterior,HTB1043,-0.1618354720778556,12,16.0913333,2.87155209,1.0,Papio,East Africa
Posterior,HTB1043,-0.20804430918772082,12,16.0913333,2.87155209,1.0,Papio,East Africa
Premolar,HTB1043,0.4271794302150272,8,16.0913333,2.87155209,1.0,Papio,East Africa
Anterior,HTB1151,0.1551433969355469,12,13.515381,2.38690817,1.0,Papio,East Africa
Posterior,HTB1151,-0.805714631840308,12,13.515381,2.38690817,1.0,Papio,East Africa
Premolar,HTB1151,0.2855771472793093,8,13.515381,2.38690817,1.0,Papio,East Africa
Anterior,HTB1152,-0.23517945233822385,12,13.2577857,2.33861853,1.0,Papio,East Africa
Posterior,HTB1152,0.6472347591996831,12,13.2577857,2.33861853,1.0,Papio,East Africa
Premolar,HTB1152,-0.25902608872233013,8,13.2577857,2.33861853,1.0,Papio,East Africa
Anterior,HTB1153,-0.2633275313396133,6,13.0001905,2.29036872,1.0,Papio,East Africa
Posterior,HTB1153,0.29783250888245755,6,13.0001905,2.29036872,1.0,Papio,East Africa
Premolar,HTB1153,0.40351091879726747,4,13.0001905,2.29036872,1.0,Papio,East Africa
Anterior,HTB1154,0.25350551497173257,12,15.0609524,2.67736152,1.0,Papio,East Africa
Posterior,HTB1154,-0.763135090668092,12,15.0609524,2.67736152,1.0,Papio,East Africa
Premolar,HTB1154,0.2963568025634683,8,15.0609524,2.67736152,1.0,Papio,East Africa
Anterior,HTB1212,-0.4528158595725964,12,11.167,4.778975048,1.0,Papio,Central Africa
Posterior,HTB1212,0.15210180466212497,12,11.167,4.778975048,1.0,Papio,Central Africa
Premolar,HTB1212,-0.6383655105927466,8,11.167,4.778975048,1.0,Papio,Central Africa
Anterior,HTB1214,0.2526587262195674,12,14.8033571,2.62887685,1.0,Papio,East Africa
Posterior,HTB1214,-0.34431947978462357,12,14.8033571,2.62887685,1.0,Papio,East Africa
Premolar,HTB1214,-0.5711358184464,8,14.8033571,2.62887685,1.0,Papio,East Africa
Anterior,HTB1215,0.38011326081365626,12,12.7010476,2.18171291,1.0,Papio,East Africa
Posterior,HTB1215,0.1551361554890263,12,12.7010476,2.18171291,1.0,Papio,East Africa
Premolar,HTB1215,-0.25254099361040855,8,12.7010476,2.18171291,1.0,Papio,East Africa
Anterior,HTB1216,0.7314419265286913,12,17.6369048,3.16346606,1.0,Papio,East Africa
Posterior,HTB1216,-0.1699572768065445,12,17.6369048,3.16346606,1.0,Papio,East Africa
Premolar,HTB1216,0.05529831554655886,8,17.6369048,3.16346606,1.0,Papio,East Africa
Anterior,HTB1217,0.1681289569909269,11,16.6065238,2.96878123,1.0,Papio,East Africa
Posterior,HTB1217,-0.2552516897466669,12,16.6065238,2.96878123,1.0,Papio,East Africa
Premolar,HTB1217,0.26448190075660627,8,16.6065238,2.96878123,1.0,Papio,East Africa
Anterior,HTB1218,-0.2141735768018198,12,13.7729762,2.43523526,1.0,Papio,East Africa
Posterior,HTB1218,-0.15613295407262714,12,13.7729762,2.43523526,1.0,Papio,East Africa
Premolar,HTB1218,0.6892571557746618,8,13.7729762,2.43523526,1.0,Papio,East Africa
Anterior,HTB1219,-0.45580713318241184,12,15.7921905,2.76002868,1.0,Papio,East Africa
Posterior,HTB1219,-1.1096153499162593,12,15.7921905,2.76002868,1.0,Papio,East Africa
Premolar,HTB1219,0.8075617516743432,8,15.7921905,2.76002868,1.0,Papio,East Africa
Anterior,HTB1220,1.2546760766897351,12,15.5761429,2.77440906,1.0,Papio,East Africa
Posterior,HTB1220,-0.1530982951234349,12,15.5761429,2.77440906,1.0,Papio,East Africa
Premolar,HTB1220,-0.882843539983983,8,15.5761429,2.77440906,1.0,Papio,East Africa
Anterior,HTB1221,-0.10793603062919077,12,17.6369048,3.16346606,1.0,Papio,East Africa
Posterior,HTB1221,-0.09637640046095164,12,17.6369048,3.16346606,1.0,Papio,East Africa
Premolar,HTB1221,-0.0504928476725988,8,17.6369048,3.16346606,1.0,Papio,East Africa
Anterior,HTB1222,-0.49049503388212556,12,14.8033571,2.62887685,0.0,Papio,East Africa
Posterior,HTB1222,0.31614299448026684,12,14.8033571,2.62887685,0.0,Papio,East Africa
Premolar,HTB1222,0.28991157381529153,8,14.8033571,2.62887685,0.0,Papio,East Africa
Anterior,HTB1223,-0.6720381484888701,12,16.0913333,2.87155209,1.0,Papio,East Africa
Posterior,HTB1223,0.37314565982808046,12,16.0913333,2.87155209,1.0,Papio,East Africa
Premolar,HTB1223,1.0180410315590107,8,16.0913333,2.87155209,1.0,Papio,East Africa
Anterior,HTB1225,0.12193379032984193,12,16.307381,2.85690736,1.0,Papio,East Africa
Posterior,HTB1225,-0.12072502716298039,12,16.307381,2.85690736,1.0,Papio,East Africa
Premolar,HTB1225,-0.027660148305937868,8,16.307381,2.85690736,1.0,Papio,East Africa
Anterior,HTB1226,0.3331508576971962,12,14.2881667,2.53199324,1.0,Papio,East Africa
Posterior,HTB1226,-0.784611597604017,12,14.2881667,2.53199324,1.0,Papio,East Africa
Premolar,HTB1226,0.11832709555180415,8,14.2881667,2.53199324,1.0,Papio,East Africa
Anterior,HTB1426,0.037999696780223496,12,17.204185,3.2920468,0.0,Pan,Ebolwa
Posterior,HTB1426,1.1044752958056732,12,17.204185,3.2920468,0.0,Pan,Ebolwa
Premolar,HTB1426,0.1410557845578145,8,17.204185,3.2920468,0.0,Pan,Ebolwa
Anterior,HTB1497,0.8346969622963945,11,11.454619,2.00186723,1.0,Papio,East Africa
Posterior,HTB1497,-0.4858983721939837,12,11.454619,2.00186723,1.0,Papio,East Africa
Premolar,HTB1497,0.3198108654489228,8,11.454619,2.00186723,1.0,Papio,East Africa
Anterior,HTB1503,0.1921843664401233,12,11.9698095,2.09782262,0.0,Papio,East Africa
Posterior,HTB1503,-0.3740741878324903,12,11.9698095,2.09782262,0.0,Papio,East Africa
Premolar,HTB1503,0.124523772756206,8,11.9698095,2.09782262,0.0,Papio,East Africa
Anterior,HTB1701,0.8017715135314271,12,26.2620552,5.35897499,0.0,Pan,French Cameroons
Posterior,HTB1701,0.0697669635659334,12,26.2620552,5.35897499,0.0,Pan,French Cameroons
Premolar,HTB1701,-0.5821242589313869,8,26.2620552,5.35897499,0.0,Pan,French Cameroons
Anterior,HTB1703,0.21567557116031555,12,20.5137914,4.0457765,0.0,Pan,French Cameroons
Posterior,HTB1703,-0.2059330327999705,12,20.5137914,4.0457765,0.0,Pan,French Cameroons
Premolar,HTB1703,0.0609288259634512,8,20.5137914,4.0457765,0.0,Pan,French Cameroons
Anterior,HTB1706,0.18516966204562008,12,17.3783748,3.33164782,0.0,Pan,Ebolwa
Posterior,HTB1706,-0.5886469149634511,12,17.3783748,3.33164782,0.0,Pan,Ebolwa
Premolar,HTB1706,-0.5457676106518969,7,17.3783748,3.33164782,0.0,Pan,Ebolwa
Anterior,HTB1707,0.45373368252216284,12,17.3783748,3.33164782,0.0,Pan,Ebolwa
Posterior,HTB1707,-0.025015607582330124,9,17.3783748,3.33164782,0.0,Pan,Ebolwa
Premolar,HTB1707,-0.9979777944294677,7,17.3783748,3.33164782,0.0,Pan,Ebolwa
Anterior,HTB1708,0.5979976727028014,12,21.5589303,4.28424336,0.0,Pan,Ebolwa
Posterior,HTB1708,0.3538194967178423,12,21.5589303,4.28424336,0.0,Pan,Ebolwa
Premolar,HTB1708,-0.11609560189808882,8,21.5589303,4.28424336,0.0,Pan,Ebolwa
Anterior,HTB1713,-0.4033852317699792,12,20.5137914,4.0457765,0.0,Pan,Ebolwa
Posterior,HTB1713,0.6222803786989407,12,20.5137914,4.0457765,0.0,Pan,Ebolwa
Premolar,HTB1713,0.39049850373211836,8,20.5137914,4.0457765,0.0,Pan,Ebolwa
Anterior,HTB1718,1.3592801573111584,12,18.075134,3.49014071,0.0,Pan,Ebolwa
Posterior,HTB1718,0.4242506127458502,12,18.075134,3.49014071,0.0,Pan,Ebolwa
Premolar,HTB1718,0.40877229502678936,8,18.075134,3.49014071,0.0,Pan,Ebolwa
Anterior,HTB1719,0.14450770988633982,11,24.9556316,5.06022442,0.0,Pan,Ebolwa
Posterior,HTB1719,0.6132122043075501,11,24.9556316,5.06022442,0.0,Pan,Ebolwa
Premolar,HTB1719,0.5218775190940284,8,24.9556316,5.06022442,0.0,Pan,Ebolwa
Anterior,HTB1720,0.8204520441452645,12,11.630111,2.03288089,0.0,Pan,Ebolwa
Posterior,HTB1720,-0.024350562673044057,12,11.630111,2.03288089,0.0,Pan,Ebolwa
Premolar,HTB1720,0.016585495159411184,8,11.630111,2.03288089,0.0,Pan,Ebolwa
Anterior,HTB1721,-0.004234156122305877,12,18.4235137,3.56943631,0.0,Pan,Ebolwa
Posterior,HTB1721,0.6008363254988371,12,18.4235137,3.56943631,0.0,Pan,Ebolwa
Premolar,HTB1721,0.9379728847836921,8,18.4235137,3.56943631,0.0,Pan,Ebolwa
Anterior,HTB1722,0.005420384362699371,12,20.6879812,4.08550898,0.0,Pan,Ebolwa
Posterior,HTB1722,0.02165214648105454,12,20.6879812,4.08550898,0.0,Pan,Ebolwa
Premolar,HTB1722,0.3736918180763036,8,20.6879812,4.08550898,0.0,Pan,Ebolwa
Anterior,HTB1723,0.10694594726379386,12,24.6943469,5.00049123,0.0,Pan,Ebolwa
Posterior,HTB1723,0.6776678935489999,12,24.6943469,5.00049123,0.0,Pan,Ebolwa
Premolar,HTB1723,-0.8488586552077504,8,24.6943469,5.00049123,0.0,Pan,Ebolwa
Anterior,HTB1724,-0.16985572025408652,12,18.4235137,3.56943631,0.0,Pan,Ebolwa
Posterior,HTB1724,-0.14875351563606204,12,18.4235137,3.56943631,0.0,Pan,Ebolwa
Premolar,HTB1724,-0.8815342992398454,8,18.4235137,3.56943631,0.0,Pan,Ebolwa
Anterior,HTB1726,-0.23510025727592754,12,25.6120692,4.90072026,0.0,Pan,Ebolwa
Posterior,HTB1726,-0.21199992428866726,12,25.6120692,4.90072026,0.0,Pan,Ebolwa
Premolar,HTB1726,0.12822355567294624,8,25.6120692,4.90072026,0.0,Pan,Ebolwa
Anterior,HTB1735,0.7543376081604184,12,18.9460831,3.68843519,0.0,Pan,Ebolwa
Posterior,HTB1735,0.1072798800937504,12,18.9460831,3.68843519,0.0,Pan,Ebolwa
Premolar,HTB1735,-0.2671072026750766,8,18.9460831,3.68843519,0.0,Pan,Ebolwa
Anterior,HTB1737,0.196906635033139,12,27.8297635,5.71763847,0.0,Pan,Ebolwa
Posterior,HTB1737,0.723942560542711,9,27.8297635,5.71763847,0.0,Pan,Ebolwa
Premolar,HTB1737,-0.2409705341073603,7,27.8297635,5.71763847,0.0,Pan,Ebolwa
Anterior,HTB1738,-0.2098171086902506,12,19.4686525,3.80749511,0.0,Pan,Ebolwa
Posterior,HTB1738,0.4901750536360538,12,19.4686525,3.80749511,0.0,Pan,Ebolwa
Premolar,HTB1738,0.11848859508436625,8,19.4686525,3.80749511,0.0,Pan,Ebolwa
Anterior,HTB1739,0.5325501843942722,12,21.0363609,4.16498874,0.0,Pan,Ebolwa
Posterior,HTB1739,0.21754144080609006,12,21.0363609,4.16498874,0.0,Pan,Ebolwa
Premolar,HTB1739,0.5583647851882942,8,21.0363609,4.16498874,0.0,Pan,Ebolwa
Anterior,HTB1741,-0.2691390546728094,12,28.352333,5.83722718,0.0,Pan,Ebolwa
Posterior,HTB1741,0.21828575277572665,12,28.352333,5.83722718,0.0,Pan,Ebolwa
Premolar,HTB1741,0.12365642758828405,8,28.352333,5.83722718,0.0,Pan,Ebolwa
Anterior,HTB1744,-0.3552907773331162,12,19.991222,3.92661051,0.0,Pan,Ebolwa
Posterior,HTB1744,-0.5209052648308262,12,19.991222,3.92661051,0.0,Pan,Ebolwa
Premolar,HTB1744,0.5507819634347113,8,19.991222,3.92661051,0.0,Pan,Ebolwa
Anterior,HTB1745,0.0568257389282083,12,18.9460831,3.68843519,0.0,Pan,Ebolwa
Posterior,HTB1745,-0.26304128258124965,12,18.9460831,3.68843519,0.0,Pan,Ebolwa
Premolar,HTB1745,0.17821742125717627,8,18.9460831,3.68843519,0.0,Pan,Ebolwa
Anterior,HTB1748,0.761509881655874,12,33.5780273,7.03383117,0.0,Pan,Ebolwa
Posterior,HTB1748,-0.862657465592271,11,33.5780273,7.03383117,0.0,Pan,Ebolwa
Premolar,HTB1748,-0.48905842160644064,8,33.5780273,7.03383117,0.0,Pan,Ebolwa
Anterior,HTB1758,-0.21568318603125486,12,19.991222,3.92661051,0.0,Pan,Ebolwa
Posterior,HTB1758,0.9202503421285555,12,19.991222,3.92661051,0.0,Pan,Ebolwa
Premolar,HTB1758,0.3586876903050393,8,19.991222,3.92661051,0.0,Pan,Ebolwa
Anterior,HTB1768,0.5896466953564399,12,19.991222,3.92661051,0.0,Pan,Ebolwa
Posterior,HTB1768,-0.319207767597087,12,19.991222,3.92661051,0.0,Pan,Ebolwa
Premolar,HTB1768,-0.3093805708542823,8,19.991222,3.92661051,0.0,Pan,Ebolwa
Anterior,HTB1775,0.4374131287388637,11,26.1346386,5.01978364,0.0,Pan,French Cameroons
Posterior,HTB1775,0.2518096357240342,12,26.1346386,5.01978364,0.0,Pan,French Cameroons
Premolar,HTB1775,0.4855008245503349,7,26.1346386,5.01978364,0.0,Pan,French Cameroons
Anterior,HTB1791,0.134624281703053,12,21.5589303,4.28424336,0.0,Pan,Ebolwa
Posterior,HTB1791,0.3565706157541907,12,21.5589303,4.28424336,0.0,Pan,Ebolwa
Premolar,HTB1791,0.29938257897988285,8,21.5589303,4.28424336,0.0,Pan,Ebolwa
Anterior,HTB1882,0.5946258686001482,12,17.3783748,3.33164782,0.0,Pan,Ebolwa
Posterior,HTB1882,0.608558251439012,12,17.3783748,3.33164782,0.0,Pan,Ebolwa
Premolar,HTB1882,-0.5477752872260481,8,17.3783748,3.33164782,0.0,Pan,Ebolwa
Anterior,HTB1888,-0.8467103820234607,12,28.352333,5.83722718,0.0,Pan,French Cameroons
Posterior,HTB1888,0.7013444759226075,12,28.352333,5.83722718,0.0,Pan,French Cameroons
Premolar,HTB1888,0.7899580600544616,8,28.352333,5.83722718,0.0,Pan,French Cameroons
Anterior,HTB1889,-0.26225164833081693,12,29.1361871,6.01663882,0.0,Pan,French Cameroons
Posterior,HTB1889,-0.6621104459199537,12,29.1361871,6.01663882,0.0,Pan,French Cameroons
Premolar,HTB1889,0.2712307510472623,8,29.1361871,6.01663882,0.0,Pan,French Cameroons
Anterior,HTB1890,0.6675593975622651,12,20.5137914,4.0457765,0.0,Pan,French Cameroons
Posterior,HTB1890,1.0805420175882734,12,20.5137914,4.0457765,0.0,Pan,French Cameroons
Premolar,HTB1890,0.4700435718652446,8,20.5137914,4.0457765,0.0,Pan,French Cameroons
Anterior,HTB1903,0.046932184085435674,12,22.0814997,4.40353691,0.0,Pan,French Cameroons
Posterior,HTB1903,-0.20150545615685167,12,22.0814997,4.40353691,0.0,Pan,French Cameroons
Premolar,HTB1903,0.22949990284926397,8,22.0814997,4.40353691,0.0,Pan,French Cameroons
Anterior,HTB1956,0.08145332215703038,12,29.9200413,6.19608209,0.0,Pan,French Cameroons
Posterior,HTB1956,-0.25960480808790226,12,29.9200413,6.19608209,0.0,Pan,French Cameroons
Premolar,HTB1956,1.2002125424358474,8,29.9200413,6.19608209,0.0,Pan,French Cameroons
Anterior,HTB1957,1.0746213548055286,12,23.5217914,4.42495725,0.0,Pan,French Cameroons
Posterior,HTB1957,0.7653358459781899,12,23.5217914,4.42495725,0.0,Pan,French Cameroons
Premolar,HTB1957,-0.2147130738728757,8,23.5217914,4.42495725,0.0,Pan,French Cameroons
Anterior,HTB1958,0.6314340311139088,12,32.010319,6.67473274,0.0,Pan,French Cameroons
Posterior,HTB1958,0.528805955966605,12,32.010319,6.67473274,0.0,Pan,French Cameroons
Premolar,HTB1958,0.4349030452693526,8,32.010319,6.67473274,0.0,Pan,French Cameroons
Anterior,HTB1959,0.8194706408904686,12,28.352333,5.83722718,0.0,Pan,French Cameroons
Posterior,HTB1959,0.5267784527659446,12,28.352333,5.83722718,0.0,Pan,French Cameroons
Premolar,HTB1959,0.5766376566655873,8,28.352333,5.83722718,0.0,Pan,French Cameroons
Anterior,HTB2001,0.5275098998326433,12,17.9009442,3.45050478,0.0,Pan,French Cameroons
Posterior,HTB2001,0.3864203022011547,12,17.9009442,3.45050478,0.0,Pan,French Cameroons
Premolar,HTB2001,-0.6257919309029079,8,17.9009442,3.45050478,0.0,Pan,French Cameroons
Anterior,HTB2026,0.2638865780153358,12,19.991222,3.92661051,0.0,Pan,Ebolwa
Posterior,HTB2026,-0.04096458399546443,12,19.991222,3.92661051,0.0,Pan,Ebolwa
Premolar,HTB2026,-0.3857609943015199,8,19.991222,3.92661051,0.0,Pan,Ebolwa
Anterior,HTB2027,1.0253774205807609,12,18.9460831,3.68843519,0.0,Pan,Ebolwa
Posterior,HTB2027,1.0478566251018409,12,18.9460831,3.68843519,0.0,Pan,Ebolwa
Premolar,HTB2027,0.8716703754278358,8,18.9460831,3.68843519,0.0,Pan,Ebolwa
Anterior,HTB2032,0.3456450310438319,12,17.6396595,3.39106649,0.0,Pan,Ebolwa
Posterior,HTB2032,0.8675748948464176,12,17.6396595,3.39106649,0.0,Pan,Ebolwa
Premolar,HTB2032,0.22978668434584243,8,17.6396595,3.39106649,0.0,Pan,Ebolwa
Anterior,HTB2033,0.32067035833669344,12,18.9460831,3.68843519,0.0,Pan,Ebolwa
Posterior,HTB2033,-0.2969616388728846,12,18.9460831,3.68843519,0.0,Pan,Ebolwa
Premolar,HTB2033,0.4131978181018505,8,18.9460831,3.68843519,0.0,Pan,Ebolwa
Anterior,HTB2034,0.25281574674667756,12,19.4686525,3.80749511,0.0,Pan,Ebolwa
Posterior,HTB2034,-0.3966298075221639,12,19.4686525,3.80749511,0.0,Pan,Ebolwa
Premolar,HTB2034,0.1996498724202833,8,19.4686525,3.80749511,0.0,Pan,Ebolwa
Anterior,HTB2747,0.18605503976366078,12,43.6407147,9.02231946,0.0,Pan,French Cameroons
Posterior,HTB2747,1.0805261245841211,12,43.6407147,9.02231946,0.0,Pan,French Cameroons
Premolar,HTB2747,0.6501087642812621,8,43.6407147,9.02231946,0.0,Pan,French Cameroons
Anterior,HTB2748,0.22949711427593827,12,17.3783748,3.33164782,0.0,Pan,French Cameroons
Posterior,HTB2748,0.34258318939347837,12,17.3783748,3.33164782,0.0,Pan,French Cameroons
Premolar,HTB2748,0.24510954926470288,8,17.3783748,3.33164782,0.0,Pan,French Cameroons
Anterior,HTB2751,0.12736146564654865,12,32.5328885,6.79442263,0.0,Pan,French Cameroons
Posterior,HTB2751,-0.2916994313151159,10,32.5328885,6.79442263,0.0,Pan,French Cameroons
Premolar,HTB2751,0.15207215884093067,8,32.5328885,6.79442263,0.0,Pan,French Cameroons
Anterior,HTB2756,-0.1314490728657955,12,19.991222,3.92661051,0.0,Pan,French Cameroons
Posterior,HTB2756,-0.37169304367439127,12,19.991222,3.92661051,0.0,Pan,French Cameroons
Premolar,HTB2756,0.4676251300694315,8,19.991222,3.92661051,0.0,Pan,French Cameroons
Anterior,HTB2771,0.4104692487365664,12,16.8558054,3.2128737,0.0,Pan,French Cameroons
Posterior,HTB2771,-0.6272672611817919,12,16.8558054,3.2128737,0.0,Pan,French Cameroons
Premolar,HTB2771,0.16558827311343252,8,16.8558054,3.2128737,0.0,Pan,French Cameroons
Anterior,HTB2823,0.698464690889704,12,28.352333,5.83722718,0.0,Pan,French Cameroons
Posterior,HTB2823,0.7287311312826945,12,28.352333,5.83722718,0.0,Pan,French Cameroons
Premolar,HTB2823,0.7128233059210662,8,28.352333,5.83722718,0.0,Pan,French Cameroons
Anterior,HTB3398,0.242584657761565,12,18.4235137,3.56943631,0.0,Pan,West Africa
Posterior,HTB3398,-0.17859429804717136,12,18.4235137,3.56943631,0.0,Pan,West Africa
Premolar,HTB3398,-0.2923053237430031,8,18.4235137,3.56943631,0.0,Pan,West Africa
Anterior,HTB3411,0.3882373156865709,6,32.5328885,6.79442263,0.0,Pan,West Africa
Posterior,HTB3411,0.4047589445951419,6,32.5328885,6.79442263,0.0,Pan,West Africa
Premolar,HTB3411,0.837417253153565,4,32.5328885,6.79442263,0.0,Pan,West Africa
Anterior,HTB3412,0.7481500650319707,12,15.8106665,2.97561367,0.0,Pan,West Africa
Posterior,HTB3412,0.16104084264780727,12,15.8106665,2.97561367,0.0,Pan,West Africa
Premolar,HTB3412,-0.36878197924787626,8,15.8106665,2.97561367,0.0,Pan,West Africa
Anterior,HTB3413,0.07199927256278163,12,17.3783748,3.33164782,0.0,Pan,West Africa
Posterior,HTB3413,0.3275476746755293,12,17.3783748,3.33164782,0.0,Pan,West Africa
Premolar,HTB3413,0.12775728733028857,8,17.3783748,3.33164782,0.0,Pan,West Africa
Anterior,HTB3418,-0.05130498820030177,12,24.9556316,5.06022442,0.0,Pan,West Africa
Posterior,HTB3418,0.34453552412451344,12,24.9556316,5.06022442,0.0,Pan,West Africa
Premolar,HTB3418,-0.016076591753316577,8,24.9556316,5.06022442,0.0,Pan,West Africa
Anterior,HTB3434,-0.07521038588647305,12,15.8106665,2.97561367,0.0,Pan,West Africa
Posterior,HTB3434,0.3724413774576647,12,15.8106665,2.97561367,0.0,Pan,West Africa
Premolar,HTB3434,0.032506660133784615,8,15.8106665,2.97561367,0.0,Pan,West Africa
Anterior,HTB3436,0.3403519221739798,12,31.4877496,6.55505315,0.0,Pan,West Africa
Posterior,HTB3436,0.35421699946650825,12,31.4877496,6.55505315,0.0,Pan,West Africa
Premolar,HTB3436,-0.3188590312464401,8,31.4877496,6.55505315,0.0,Pan,West Africa
Anterior,HTB3437,-0.005252824710223897,12,14.2429582,2.62063975,0.0,Pan,West Africa
Posterior,HTB3437,0.9091000463778529,12,14.2429582,2.62063975,0.0,Pan,West Africa
Premolar,HTB3437,-0.32965130086755723,8,14.2429582,2.62063975,0.0,Pan,West Africa
Anterior,HTB3515,-0.968520507984933,12,14.5622081,2.68358343,0.0,Papio,East Africa
Posterior,HTB3515,-0.8471117440310947,12,14.5622081,2.68358343,0.0,Papio,East Africa
Premolar,HTB3515,0.05386999097712554,8,14.5622081,2.68358343,0.0,Papio,East Africa
Anterior,HTB3537,0.2387748444741594,12,17.9009442,3.45050478,0.0,Pan,West Africa
Posterior,HTB3537,0.16800577365214175,12,17.9009442,3.45050478,0.0,Pan,West Africa
Premolar,HTB3537,0.8025676896853691,8,17.9009442,3.45050478,0.0,Pan,West Africa
Anterior,HTB3538,-1.0494793863975158,12,19.4686525,3.80749511,0.0,Pan,West Africa
Posterior,HTB3538,0.412693985315222,12,19.4686525,3.80749511,0.0,Pan,West Africa
Premolar,HTB3538,0.9680208204877243,8,19.4686525,3.80749511,0.0,Pan,West Africa
Anterior,HTB3539,-0.3133090062552917,12,17.9009442,3.45050478,0.0,Pan,West Africa
Posterior,HTB3539,0.04307763685727933,9,17.9009442,3.45050478,0.0,Pan,West Africa
Premolar,HTB3539,-0.13468604242340354,8,17.9009442,3.45050478,0.0,Pan,West Africa
Anterior,HTB3551,-0.20208456840984934,12,19.991222,3.92661051,0.0,Pan,West Africa
Posterior,HTB3551,0.06858994151833323,12,19.991222,3.92661051,0.0,Pan,West Africa
Premolar,HTB3551,0.9041963898664613,8,19.991222,3.92661051,0.0,Pan,West Africa
Anterior,HTB3552,1.0995017502128177,12,21.0363609,4.16498874,0.0,Pan,West Africa
Posterior,HTB3552,0.06397904489688316,12,21.0363609,4.16498874,0.0,Pan,West Africa
Premolar,HTB3552,1.1317461023960274,8,21.0363609,4.16498874,0.0,Pan,West Africa
Anterior,IPHA.1,0.918890748279889,9,17.6784056,2.24541074,0.75,Homo sapiens,Afalou
Posterior,IPHA.1,1.7375192964111608,11,17.6784056,2.24541074,0.75,Homo sapiens,Afalou
Premolar,IPHA.1,0.8574857285578884,8,17.6784056,2.24541074,0.75,Homo sapiens,Afalou
Anterior,IPHA.10b,0.9643846637867138,12,26.0065524,3.66420581,0.5,Homo sapiens,Afalou
Posterior,IPHA.10b,1.0760769599103452,11,26.0065524,3.66420581,0.5,Homo sapiens,Afalou
Premolar,IPHA.10b,2.416565308445568,8,26.0065524,3.66420581,0.5,Homo sapiens,Afalou
Anterior,IPHA.12,1.3075509540787036,12,25.9695385,3.35489121,0.75,Homo sapiens,Afalou
Posterior,IPHA.12,0.5649499385121004,12,25.9695385,3.35489121,0.75,Homo sapiens,Afalou
Premolar,IPHA.12,1.3636372293051362,8,25.9695385,3.35489121,0.75,Homo sapiens,Afalou
Anterior,IPHA.13,0.7295376203087371,12,25.6734266,3.6064238,0.75,Homo sapiens,Afalou
Posterior,IPHA.13,0.6685888106425166,12,25.6734266,3.6064238,0.75,Homo sapiens,Afalou
Premolar,IPHA.13,1.3348601564284752,8,25.6734266,3.6064238,0.75,Homo sapiens,Afalou
Anterior,IPHA.14,0.9167509781945651,12,22.6752937,3.08917899,0.5,Homo sapiens,Afalou
Posterior,IPHA.14,1.0346724793480657,12,22.6752937,3.08917899,0.5,Homo sapiens,Afalou
Premolar,IPHA.14,0.9086031816950022,8,22.6752937,3.08917899,0.5,Homo sapiens,Afalou
Anterior,IPHA.15,1.0623111253424127,6,26.6357902,3.46891175,0.75,Homo sapiens,Afalou
Posterior,IPHA.15,1.1044227874413728,5,26.6357902,3.46891175,0.75,Homo sapiens,Afalou
Premolar,IPHA.15,-0.02096529791153412,2,26.6357902,3.46891175,0.75,Homo sapiens,Afalou
Anterior,IPHA.2,1.2195409559808297,12,20.0102867,2.63528098,0.75,Homo sapiens,Afalou
Posterior,IPHA.2,0.43403771462656315,12,20.0102867,2.63528098,0.75,Homo sapiens,Afalou
Premolar,IPHA.2,0.21472863800895348,8,20.0102867,2.63528098,0.75,Homo sapiens,Afalou
Anterior,IPHA.22,0.8741085005136842,10,17.3452797,2.19049743,0.25,Homo sapiens,Afalou
Posterior,IPHA.22,0.941954010923762,10,17.3452797,2.19049743,0.25,Homo sapiens,Afalou
Premolar,IPHA.22,0.5715053749216685,7,17.3452797,2.19049743,0.25,Homo sapiens,Afalou
Anterior,IPHA.25,1.2979006830362674,6,29.3007972,3.92784897,0.75,Homo sapiens,Afalou
Posterior,IPHA.25,0.26243461869775686,10,29.3007972,3.92784897,0.75,Homo sapiens,Afalou
Premolar,IPHA.25,0.7080435204334626,8,29.3007972,3.92784897,0.75,Homo sapiens,Afalou
Anterior,IPHA.28,0.6232651837882155,12,27.3390559,3.89582582,0.75,Homo sapiens,Afalou
Posterior,IPHA.28,0.8797422589129014,12,27.3390559,3.89582582,0.75,Homo sapiens,Afalou
Premolar,IPHA.28,1.0348098788161817,8,27.3390559,3.89582582,0.75,Homo sapiens,Afalou
Anterior,IPHA.29,0.4217097763449334,12,18.6777832,2.41143228,0.25,Homo sapiens,Afalou
Posterior,IPHA.29,1.2470379938020908,12,18.6777832,2.41143228,0.25,Homo sapiens,Afalou
Premolar,IPHA.29,0.9319583389250081,8,18.6777832,2.41143228,0.25,Homo sapiens,Afalou
Anterior,IPHA.3,0.0004856661198633372,6,27.3390559,3.89582582,0.25,Homo sapiens,Afalou
Posterior,IPHA.3,-0.031268708320672634,6,27.3390559,3.89582582,0.25,Homo sapiens,Afalou
Premolar,IPHA.3,0.8960698923638818,4,27.3390559,3.89582582,0.25,Homo sapiens,Afalou
Anterior,IPHA.30,0.7966555490726461,12,21.6759161,2.91816725,0.5,Homo sapiens,Afalou
Posterior,IPHA.30,0.8526631634290996,12,21.6759161,2.91816725,0.5,Homo sapiens,Afalou
Premolar,IPHA.30,0.8886068783990277,8,21.6759161,2.91816725,0.5,Homo sapiens,Afalou
Anterior,IPHA.34,1.009411956111497,12,21.0096643,2.80466038,0.25,Homo sapiens,Afalou
Posterior,IPHA.34,1.3534654421901127,10,21.0096643,2.80466038,0.25,Homo sapiens,Afalou
Premolar,IPHA.34,0.372532467502774,8,21.0096643,2.80466038,0.25,Homo sapiens,Afalou
Anterior,IPHA.36,0.3435313676075351,12,48.8,10.5,0.75,Homo sapiens,Afalou
Posterior,IPHA.36,0.38100458564091244,5,48.8,10.5,0.75,Homo sapiens,Afalou
Premolar,IPHA.36,1.0395995287904327,7,48.8,10.5,0.75,Homo sapiens,Afalou
Anterior,IPHA.45,1.4951186520264752,6,18.0115315,2.30054789,0.5,Homo sapiens,Afalou
Posterior,IPHA.45,0.6964197274492941,6,18.0115315,2.30054789,0.5,Homo sapiens,Afalou
Premolar,IPHA.45,-0.29004309802796113,4,18.0115315,2.30054789,0.5,Homo sapiens,Afalou
Anterior,IPHA.46,0.09003965503855316,12,20.0102867,2.63528098,0.5,Homo sapiens,Afalou
Posterior,IPHA.46,0.505023370961287,7,20.0102867,2.63528098,0.5,Homo sapiens,Afalou
Premolar,IPHA.46,0.6361990562720532,6,20.0102867,2.63528098,0.5,Homo sapiens,Afalou
Anterior,IPHA.47,0.7073550804372598,9,26.6728042,3.77992193,0.75,Homo sapiens,Afalou
Posterior,IPHA.47,0.9203223693496245,12,26.6728042,3.77992193,0.75,Homo sapiens,Afalou
Premolar,IPHA.47,0.7534021515300953,8,26.6728042,3.77992193,0.75,Homo sapiens,Afalou
Anterior,IPHA.48,1.4019175885515076,11,18.3446573,2.35589319,0.75,Homo sapiens,Afalou
Posterior,IPHA.48,0.5798382763365961,11,18.3446573,2.35589319,0.75,Homo sapiens,Afalou
Premolar,IPHA.48,0.49107176553753407,8,18.3446573,2.35589319,0.75,Homo sapiens,Afalou
Anterior,IPHA.49,1.1301090673337186,12,27.3390559,3.89582582,0.75,Homo sapiens,Afalou
Posterior,IPHA.49,0.1702536110955608,12,27.3390559,3.89582582,0.75,Homo sapiens,Afalou
Premolar,IPHA.49,1.0876157237427908,8,27.3390559,3.89582582,0.75,Homo sapiens,Afalou
Anterior,IPHA.5,0.9508030816033993,12,26.0065524,3.66420581,0.75,Homo sapiens,Afalou
Posterior,IPHA.5,0.8316878599853664,10,26.0065524,3.66420581,0.75,Homo sapiens,Afalou
Premolar,IPHA.5,1.6587041932771445,8,26.0065524,3.66420581,0.75,Homo sapiens,Afalou
Anterior,IPHA.7,0.6054770138065397,4,26.6728042,3.77992193,0.25,Homo sapiens,Afalou
Posterior,IPHA.7,1.883608136084813,9,26.6728042,3.77992193,0.25,Homo sapiens,Afalou
Premolar,IPHA.7,0.7945285282395904,6,26.6728042,3.77992193,0.25,Homo sapiens,Afalou
Anterior,IPHA.9,0.2934807381239213,6,26.6357902,3.46891175,0.75,Homo sapiens,Afalou
Posterior,IPHA.9,0.9352541772368416,5,26.6357902,3.46891175,0.75,Homo sapiens,Afalou
Premolar,IPHA.9,0.38914203878787124,4,26.6357902,3.46891175,0.75,Homo sapiens,Afalou
Anterior,MH10285,0.5437511989101008,12,38.2372609,8.82500633,0.75,Homo sapiens,Ona
Posterior,MH10285,1.0911137669946382,12,38.2372609,8.82500633,0.75,Homo sapiens,Ona
Premolar,MH10285,1.1666573706905397,8,38.2372609,8.82500633,0.75,Homo sapiens,Ona
Anterior,MH10289,0.6054959510914677,12,28.0348116,6.06203036,0.75,Homo sapiens,Fuegian
Posterior,MH10289,1.3724077275370203,12,28.0348116,6.06203036,0.75,Homo sapiens,Fuegian
Premolar,MH10289,1.453456371887202,8,28.0348116,6.06203036,0.75,Homo sapiens,Fuegian
Anterior,MH10291,1.5862931063714907,12,36.6263478,8.38792417,0.75,Homo sapiens,Yaghan
Posterior,MH10291,1.1541888017197648,12,36.6263478,8.38792417,0.75,Homo sapiens,Yaghan
Premolar,MH10291,1.5515713501251205,8,36.6263478,8.38792417,0.75,Homo sapiens,Yaghan
Anterior,MH11150,0.005797260781961744,6,17.1850548,2.392161,0.25,Homo sapiens,Buriat
Posterior,MH11150,0.7504669978993068,6,17.1850548,2.392161,0.25,Homo sapiens,Buriat
Premolar,MH11150,0.4888384132771296,4,17.1850548,2.392161,0.25,Homo sapiens,Buriat
Anterior,MH12316,0.9587470977323569,12,47.0491348,18.8440476,0.75,Homo sapiens,Chucki
Posterior,MH12316,0.6296617417358655,12,47.0491348,18.8440476,0.75,Homo sapiens,Chucki
Premolar,MH12316,0.8227705724483427,8,47.0491348,18.8440476,0.75,Homo sapiens,Chucki
Anterior,MH12317,1.7987378865620935,12,41.1,10.0,0.25,Homo sapiens,Chucki
Posterior,MH12317,0.8210734110935916,11,41.1,10.0,0.25,Homo sapiens,Chucki
Premolar,MH12317,1.0990989213605764,8,41.1,10.0,0.25,Homo sapiens,Chucki
Anterior,MH12318,0.7912704891597768,6,37.551766,16.4384771,0.25,Homo sapiens,Chucki
Posterior,MH12318,0.9380146997639278,6,37.551766,16.4384771,0.25,Homo sapiens,Chucki
Premolar,MH12318,0.9048064176771411,4,37.551766,16.4384771,0.25,Homo sapiens,Chucki
Anterior,MH12319,1.1155522337286499,6,51.7415106,23.8192059,0.5,Homo sapiens,Chucki
Posterior,MH12319,1.4571727251146078,6,51.7415106,23.8192059,0.5,Homo sapiens,Chucki
Premolar,MH12319,1.6868720432257893,4,51.7415106,23.8192059,0.5,Homo sapiens,Chucki
Anterior,MH12320,1.049464066840669,12,40.7050426,18.0781611,0.75,Homo sapiens,Chucki
Posterior,MH12320,1.1828405482183912,12,40.7050426,18.0781611,0.75,Homo sapiens,Chucki
Premolar,MH12320,0.35358824146378276,8,40.7050426,18.0781611,0.75,Homo sapiens,Chucki
Anterior,MH12321,0.8600690999931477,6,71.2242553,31.4169538,0.75,Homo sapiens,Chucki
Posterior,MH12321,1.3499585603075914,6,71.2242553,31.4169538,0.75,Homo sapiens,Chucki
Premolar,MH12321,1.3145469806337127,4,71.2242553,31.4169538,0.75,Homo sapiens,Chucki
Anterior,MH12322,1.002765160874027,6,59.6247021,27.9211585,0.75,Homo sapiens,Chucki
Posterior,MH12322,1.3242790156726763,6,59.6247021,27.9211585,0.75,Homo sapiens,Chucki
Premolar,MH12322,1.1357748430072863,4,59.6247021,27.9211585,0.75,Homo sapiens,Chucki
Anterior,MH12323,1.47384853614538,6,51.9,12.5,0.25,Homo sapiens,Chucki
Posterior,MH12323,1.03981036151582,6,51.9,12.5,0.25,Homo sapiens,Chucki
Premolar,MH12323,0.7324603875085044,4,51.9,12.5,0.25,Homo sapiens,Chucki
Anterior,MH12324,1.0619576473435628,11,39.1284043,17.258272,0.5,Homo sapiens,Chucki
Posterior,MH12324,-0.4943981032511724,12,39.1284043,17.258272,0.5,Homo sapiens,Chucki
Premolar,MH12324,1.0843728896321279,8,39.1284043,17.258272,0.5,Homo sapiens,Chucki
Anterior,MH12326,-0.836416436731928,6,50.1648723,22.9989102,0.75,Homo sapiens,Chucki
Posterior,MH12326,0.080762541461044,6,50.1648723,22.9989102,0.75,Homo sapiens,Chucki
Premolar,MH12326,1.1171934483148152,4,50.1648723,22.9989102,0.75,Homo sapiens,Chucki
Anterior,MH12327,1.129467643990925,6,28.0919362,11.5228136,0.75,Homo sapiens,Chucki
Posterior,MH12327,0.34807822332027216,6,28.0919362,11.5228136,0.75,Homo sapiens,Chucki
Premolar,MH12327,0.5626450134031138,4,28.0919362,11.5228136,0.75,Homo sapiens,Chucki
Anterior,MH12328,1.5549601303489653,5,35.9751277,15.6187914,0.25,Homo sapiens,Chucki
Posterior,MH12328,0.671314238533856,6,35.9751277,15.6187914,0.25,Homo sapiens,Chucki
Premolar,MH12328,1.97062194950466,4,35.9751277,15.6187914,0.25,Homo sapiens,Chucki
Anterior,MH1503,0.9010249043959686,12,15.567015,1.80774282,0.25,Homo sapiens,Tasmanien
Posterior,MH1503,1.0963562981840653,12,15.567015,1.80774282,0.25,Homo sapiens,Tasmanien
Premolar,MH1503,1.6723303963322396,8,15.567015,1.80774282,0.25,Homo sapiens,Tasmanien
Anterior,MH1505,0.9643700314898431,12,25.9830314,3.44508735,0.75,Homo sapiens,Tasmanien
Posterior,MH1505,0.4243536887556554,12,25.9830314,3.44508735,0.75,Homo sapiens,Tasmanien
Premolar,MH1505,0.8496579115101751,8,25.9830314,3.44508735,0.75,Homo sapiens,Tasmanien
Anterior,MH1507,0.884972238611051,12,27.7190342,3.7272427,0.5,Homo sapiens,Australian aboriginie
Posterior,MH1507,0.25168238478237237,12,27.7190342,3.7272427,0.5,Homo sapiens,Australian aboriginie
Premolar,MH1507,0.7800435702101425,8,27.7190342,3.7272427,0.5,Homo sapiens,Australian aboriginie
Anterior,MH1509,0.5483080323892313,12,19.9070219,2.47259539,0.25,Homo sapiens,Australian aboriginie
Posterior,MH1509,1.3423675933707782,12,19.9070219,2.47259539,0.25,Homo sapiens,Australian aboriginie
Premolar,MH1509,0.9184311448213761,8,19.9070219,2.47259539,0.25,Homo sapiens,Australian aboriginie
Anterior,MH1511,0.7671962100507985,6,21.6430246,2.74721254,0.75,Homo sapiens,Australian aboriginie
Posterior,MH1511,0.8513472428576018,6,21.6430246,2.74721254,0.75,Homo sapiens,Australian aboriginie
Premolar,MH1511,1.008250409606165,4,21.6430246,2.74721254,0.75,Homo sapiens,Australian aboriginie
Anterior,MH1525,1.1958325814863962,12,42.5600492,5.94066321,0.25,Homo sapiens,Australian aboriginie
Posterior,MH1525,0.4256076373568659,11,42.5600492,5.94066321,0.25,Homo sapiens,Australian aboriginie
Premolar,MH1525,0.4056552999849462,8,42.5600492,5.94066321,0.25,Homo sapiens,Australian aboriginie
Anterior,MH1526,1.4282852020423882,6,39.4,9.1,0.5,Homo sapiens,Australian aboriginie
Posterior,MH1526,0.7054738635931198,5,39.4,9.1,0.5,Homo sapiens,Australian aboriginie
Premolar,MH1526,0.22685813317187864,4,39.4,9.1,0.5,Homo sapiens,Australian aboriginie
Anterior,MH1670,1.1134027115701717,6,24.2408033,7.76244648,0.75,Homo sapiens,Sami
Posterior,MH1670,1.122721064434684,6,24.2408033,7.76244648,0.75,Homo sapiens,Sami
Premolar,MH1670,0.17260108525154294,4,24.2408033,7.76244648,0.75,Homo sapiens,Sami
Anterior,MH1701,1.0112806089427262,12,27.8851639,9.29798279,0.5,Homo sapiens,Sami
Posterior,MH1701,1.2524222927147886,12,27.8851639,9.29798279,0.5,Homo sapiens,Sami
Premolar,MH1701,1.0803232428388465,8,27.8851639,9.29798279,0.5,Homo sapiens,Sami
Anterior,MH1702,1.2030593241623662,12,46.1069672,16.9965704,0.25,Homo sapiens,Sami
Posterior,MH1702,0.23284877695049644,12,46.1069672,16.9965704,0.25,Homo sapiens,Sami
Premolar,MH1702,1.0596700704712148,8,46.1069672,16.9965704,0.25,Homo sapiens,Sami
Anterior,MH17264,0.7577506810600604,11,27.804026,3.52464829,0.25,Homo sapiens,Australian aboriginie
Posterior,MH17264,0.671905047320426,12,27.804026,3.52464829,0.25,Homo sapiens,Australian aboriginie
Premolar,MH17264,1.3167325307256879,8,27.804026,3.52464829,0.25,Homo sapiens,Australian aboriginie
Anterior,MH1860,1.6067682972211612,6,38.6447049,11.8783346,0.25,Homo sapiens,Sami
Posterior,MH1860,1.7569015975237803,6,38.6447049,11.8783346,0.25,Homo sapiens,Sami
Premolar,MH1860,1.528405020418334,4,38.6447049,11.8783346,0.25,Homo sapiens,Sami
Anterior,MH1861,0.8496547049034616,6,22.418623,6.99594743,0.5,Homo sapiens,Sami
Posterior,MH1861,1.0699999250784777,6,22.418623,6.99594743,0.5,Homo sapiens,Sami
Premolar,MH1861,1.267307083267466,4,22.418623,6.99594743,0.5,Homo sapiens,Sami
Anterior,MH19776,0.9596772074892351,12,38.5020685,6.56320224,0.5,Homo sapiens,Buriat
Posterior,MH19776,0.9642447542796072,12,38.5020685,6.56320224,0.5,Homo sapiens,Buriat
Premolar,MH19776,1.2944325948763924,8,38.5020685,6.56320224,0.5,Homo sapiens,Buriat
Anterior,MH19777,0.8736933042794565,6,21.2454384,3.1661365,0.25,Homo sapiens,Buriat
Posterior,MH19777,0.5544569416401888,6,21.2454384,3.1661365,0.25,Homo sapiens,Buriat
Premolar,MH19777,0.7044560332679729,4,21.2454384,3.1661365,0.25,Homo sapiens,Buriat
Anterior,MH19782,1.2039783825990358,6,27.3360137,4.35423659,0.25,Homo sapiens,Buriat
Posterior,MH19782,0.9033658660321966,6,27.3360137,4.35423659,0.25,Homo sapiens,Buriat
Premolar,MH19782,1.0640392075389693,4,27.3360137,4.35423659,0.25,Homo sapiens,Buriat
Anterior,MH19784,1.2212117300567173,12,23.5294041,3.60915514,0.25,Homo sapiens,Buriat
Posterior,MH19784,0.7233392687186057,13,23.5294041,3.60915514,0.25,Homo sapiens,Buriat
Premolar,MH19784,1.2622685612522675,8,23.5294041,3.60915514,0.25,Homo sapiens,Buriat
Anterior,MH19826,1.0824464615961185,6,25.3499565,5.33816474,0.25,Homo sapiens,Yaghan
Posterior,MH19826,0.31358933550446255,6,25.3499565,5.33816474,0.25,Homo sapiens,Yaghan
Premolar,MH19826,1.589153367067485,4,25.3499565,5.33816474,0.25,Homo sapiens,Yaghan
Anterior,MH20325,0.6633502417751884,12,26.8510328,3.58600079,0.75,Homo sapiens,Australian aboriginie
Posterior,MH20325,0.11333781367464146,12,26.8510328,3.58600079,0.75,Homo sapiens,Australian aboriginie
Premolar,MH20325,0.4040085859933909,8,26.8510328,3.58600079,0.75,Homo sapiens,Australian aboriginie
Anterior,MH20326,0.41544315376015567,6,32.059041,4.43727895,0.5,Homo sapiens,Australian aboriginie
Posterior,MH20326,0.9267986310252508,6,32.059041,4.43727895,0.5,Homo sapiens,Australian aboriginie
Premolar,MH20326,0.7714583425048006,4,32.059041,4.43727895,0.5,Homo sapiens,Australian aboriginie
Anterior,MH20912,0.7414496199303973,6,26.4238986,5.62745765,0.5,Homo sapiens,Ona
Posterior,MH20912,1.1972085127469807,6,26.4238986,5.62745765,0.5,Homo sapiens,Ona
Premolar,MH20912,1.0638797734984557,4,26.4238986,5.62745765,0.5,Homo sapiens,Ona
Anterior,MH20913,1.0525267097597883,6,32.8675507,7.36905252,0.75,Homo sapiens,Yaghan
Posterior,MH20913,1.0972102644931,6,32.8675507,7.36905252,0.75,Homo sapiens,Yaghan
Premolar,MH20913,1.1955088056130858,4,32.8675507,7.36905252,0.75,Homo sapiens,Yaghan
Anterior,MH20914,-0.10243504382103352,6,24.2760145,5.04927738,0.25,Homo sapiens,Yaghan
Posterior,MH20914,0.7282960774587002,6,24.2760145,5.04927738,0.25,Homo sapiens,Yaghan
Premolar,MH20914,-0.13686314177075154,4,24.2760145,5.04927738,0.25,Homo sapiens,Yaghan
Anterior,MH22277,0.9191210971927223,6,32.0,8.3,0.5,Homo sapiens,Sami
Posterior,MH22277,0.8997321869182326,5,32.0,8.3,0.5,Homo sapiens,Sami
Premolar,MH22277,1.4001035105898048,4,32.0,8.3,0.5,Homo sapiens,Sami
Anterior,MH22278,1.4678107833719318,6,38.8182459,13.9148037,0.5,Homo sapiens,Sami
Posterior,MH22278,0.9985557063987313,6,38.8182459,13.9148037,0.5,Homo sapiens,Sami
Premolar,MH22278,0.6635330469527121,4,38.8182459,13.9148037,0.5,Homo sapiens,Sami
Anterior,MH22280,1.1331039493334856,6,37.603459,13.4013855,0.75,Homo sapiens,Sami
Posterior,MH22280,0.6504031967639723,6,37.603459,13.4013855,0.75,Homo sapiens,Sami
Premolar,MH22280,0.9012760997480638,4,37.603459,13.4013855,0.75,Homo sapiens,Sami
Anterior,MH22281,1.3718031701204376,6,40.6404262,14.6850608,0.25,Homo sapiens,Sami
Posterior,MH22281,0.6361788261101726,6,40.6404262,14.6850608,0.25,Homo sapiens,Sami
Premolar,MH22281,1.2858206570603943,4,40.6404262,14.6850608,0.25,Homo sapiens,Sami
Anterior,MH22282,1.224700497309648,6,35.1738852,12.374796,0.25,Homo sapiens,Sami
Posterior,MH22282,0.44701082685045307,6,35.1738852,12.374796,0.25,Homo sapiens,Sami
Premolar,MH22282,1.3659701450764525,4,35.1738852,12.374796,0.25,Homo sapiens,Sami
Anterior,MH22283,1.234784955376188,6,46.1069672,16.9965704,0.25,Homo sapiens,Sami
Posterior,MH22283,0.9505041942543061,6,46.1069672,16.9965704,0.25,Homo sapiens,Sami
Premolar,MH22283,0.538716058844349,4,46.1069672,16.9965704,0.25,Homo sapiens,Sami
Anterior,MH2283,0.49255450931689126,6,18.9063043,3.6143239,0.25,Homo sapiens,Fuegian
Posterior,MH2283,0.6457600338617886,6,18.9063043,3.6143239,0.25,Homo sapiens,Fuegian
Premolar,MH2283,1.1604691681097616,4,18.9063043,3.6143239,0.25,Homo sapiens,Fuegian
Anterior,MH24592,0.4466137611704032,9,44.680913,10.5751031,0.25,Homo sapiens,Ona
Posterior,MH24592,1.1104007364992918,9,44.680913,10.5751031,0.25,Homo sapiens,Ona
Premolar,MH24592,0.3102814762067235,6,44.680913,10.5751031,0.25,Homo sapiens,Ona
Anterior,MH24893,0.8047072738821524,4,24.0333178,2.92732743,0.25,Homo sapiens,Khoi-San
Posterior,MH24893,0.9541834256169343,3,24.0333178,2.92732743,0.25,Homo sapiens,Khoi-San
Premolar,MH24893,2.0669686929463653,2,24.0333178,2.92732743,0.25,Homo sapiens,Khoi-San
Anterior,MH24894,0.24569126033565414,6,58.6886885,20.3446194,0.75,Homo sapiens,Sami
Posterior,MH24894,1.603309157917602,4,58.6886885,20.3446194,0.75,Homo sapiens,Sami
Premolar,MH24894,0.973334940097472,4,58.6886885,20.3446194,0.75,Homo sapiens,Sami
Anterior,MH24934A,1.097850382040602,6,30.3813014,4.9541643,0.25,Homo sapiens,Buriat
Posterior,MH24934A,0.9583287827351498,6,30.3813014,4.9541643,0.25,Homo sapiens,Buriat
Premolar,MH24934A,1.1138382562024143,4,30.3813014,4.9541643,0.25,Homo sapiens,Buriat
Anterior,MH24934B,0.8287134469000714,6,40.0,10.0,0.75,Homo sapiens,Buriat
Posterior,MH24934B,1.5947496829746786,6,40.0,10.0,0.75,Homo sapiens,Buriat
Premolar,MH24934B,0.6844452453135534,4,40.0,10.0,0.75,Homo sapiens,Buriat
Anterior,MH24934C,1.4414144789669603,6,55.0,15.0,0.75,Homo sapiens,Buriat
Posterior,MH24934C,0.5949186127334408,6,55.0,15.0,0.75,Homo sapiens,Buriat
Premolar,MH24934C,0.8732315102179046,4,55.0,15.0,0.75,Homo sapiens,Buriat
Anterior,MH2896,0.39118258837657416,12,22.1568264,2.64926405,0.5,Homo sapiens,Khoi-San
Posterior,MH2896,1.1187444122329113,12,22.1568264,2.64926405,0.5,Homo sapiens,Khoi-San
Premolar,MH2896,1.5904975654589089,8,22.1568264,2.64926405,0.5,Homo sapiens,Khoi-San
Anterior,MH3337,0.8650818233205296,6,33.4930246,3.38309356,0.75,Homo sapiens,Australian aboriginie
Posterior,MH3337,0.8081296972133306,6,33.4930246,3.38309356,0.75,Homo sapiens,Australian aboriginie
Premolar,MH3337,0.37085907829855735,4,33.4930246,3.38309356,0.75,Homo sapiens,Australian aboriginie
Anterior,MH3616,0.7926887835668694,12,33.7950437,4.72264949,0.75,Homo sapiens,Australian aboriginie
Posterior,MH3616,0.14302235683346332,12,33.7950437,4.72264949,0.75,Homo sapiens,Australian aboriginie
Premolar,MH3616,0.46698147324446315,8,33.7950437,4.72264949,0.75,Homo sapiens,Australian aboriginie
Anterior,MH3619,1.009996205705319,12,22.0770253,2.81636112,0.75,Homo sapiens,Tasmanien
Posterior,MH3619,1.530408728559416,12,22.0770253,2.81636112,0.75,Homo sapiens,Tasmanien
Premolar,MH3619,2.2404419157477835,8,22.0770253,2.81636112,0.75,Homo sapiens,Tasmanien
Anterior,MH3638,0.6224499688611635,12,26.8510328,3.58600079,0.25,Homo sapiens,Tasmanien
Posterior,MH3638,1.5858158749280493,12,26.8510328,3.58600079,0.25,Homo sapiens,Tasmanien
Premolar,MH3638,1.0180801879253265,8,26.8510328,3.58600079,0.25,Homo sapiens,Tasmanien
Anterior,MH4459,0.8298748202144139,12,36.0500389,4.86831607,0.75,Homo sapiens,Australian aboriginie
Posterior,MH4459,1.1080575580821292,12,36.0500389,4.86831607,0.75,Homo sapiens,Australian aboriginie
Premolar,MH4459,0.9314409484061426,8,36.0500389,4.86831607,0.75,Homo sapiens,Australian aboriginie
Anterior,MH4460,0.9545398107282501,12,32.059041,4.43727895,0.25,Homo sapiens,Australian aboriginie
Posterior,MH4460,0.7073815075251515,12,32.059041,4.43727895,0.25,Homo sapiens,Australian aboriginie
Premolar,MH4460,0.23578355916687022,8,32.059041,4.43727895,0.25,Homo sapiens,Australian aboriginie
Anterior,MH4665,0.16644989483714812,12,23.813028,3.09453499,0.25,Homo sapiens,Australian aboriginie
Posterior,MH4665,1.2131906776743469,12,23.813028,3.09453499,0.25,Homo sapiens,Australian aboriginie
Premolar,MH4665,0.7701006034327965,8,23.813028,3.09453499,0.25,Homo sapiens,Australian aboriginie
Anterior,MH4763,0.6179216945753023,12,22.0770253,2.81636112,0.25,Homo sapiens,Australian aboriginie
Posterior,MH4763,0.9059923237540711,13,22.0770253,2.81636112,0.25,Homo sapiens,Australian aboriginie
Premolar,MH4763,1.2807003356953968,8,22.0770253,2.81636112,0.25,Homo sapiens,Australian aboriginie
Anterior,MH4765,0.9878775065451884,6,25.2000219,3.10683206,0.25,Homo sapiens,Australian aboriginie
Posterior,MH4765,0.5893497289853741,5,25.2000219,3.10683206,0.25,Homo sapiens,Australian aboriginie
Premolar,MH4765,1.4862303952934262,4,25.2000219,3.10683206,0.25,Homo sapiens,Australian aboriginie
Anterior,MH4767,1.6543728010002958,12,15.567015,1.80774282,0.25,Homo sapiens,Tasmanien
Posterior,MH4767,1.1375806354449005,12,15.567015,1.80774282,0.25,Homo sapiens,Tasmanien
Premolar,MH4767,1.365860263255008,8,15.567015,1.80774282,0.25,Homo sapiens,Tasmanien
Anterior,MH5325,1.493695256797812,6,23.3790273,3.02477635,0.75,Homo sapiens,Australian aboriginie
Posterior,MH5325,1.4403970955014351,6,23.3790273,3.02477635,0.75,Homo sapiens,Australian aboriginie
Premolar,MH5325,1.194538957035775,4,23.3790273,3.02477635,0.75,Homo sapiens,Australian aboriginie
Anterior,MH5327,1.187033553309988,6,25.9830314,3.44508735,0.25,Homo sapiens,Australian aboriginie
Posterior,MH5327,1.1495418774747161,6,25.9830314,3.44508735,0.25,Homo sapiens,Australian aboriginie
Premolar,MH5327,0.37909212590119035,4,25.9830314,3.44508735,0.25,Homo sapiens,Australian aboriginie
Anterior,MH5328,1.2358126094737403,6,29.4550369,4.01057301,0.25,Homo sapiens,Australian aboriginie
Posterior,MH5328,0.25593614923470287,6,29.4550369,4.01057301,0.25,Homo sapiens,Australian aboriginie
Premolar,MH5328,0.5233375425238299,4,29.4550369,4.01057301,0.25,Homo sapiens,Australian aboriginie
Anterior,MH5329,1.523048171499507,12,24.2470287,3.16442127,0.25,Homo sapiens,Australian aboriginie
Posterior,MH5329,1.3022786267564026,12,24.2470287,3.16442127,0.25,Homo sapiens,Australian aboriginie
Premolar,MH5329,1.6106390271551634,8,24.2470287,3.16442127,0.25,Homo sapiens,Australian aboriginie
Anterior,MH5330,0.7724951973979967,12,17.3030178,2.06875973,0.25,Homo sapiens,Australian aboriginie
Posterior,MH5330,0.3529286499539279,12,17.3030178,2.06875973,0.25,Homo sapiens,Australian aboriginie
Premolar,MH5330,0.7873787525906111,8,17.3030178,2.06875973,0.25,Homo sapiens,Australian aboriginie
Anterior,MH5563,0.9505544188025736,6,51.9,12.5,0.25,Homo sapiens,Khoi-San
Posterior,MH5563,0.939575340282495,6,51.9,12.5,0.25,Homo sapiens,Khoi-San
Premolar,MH5563,1.4421034088188316,4,51.9,12.5,0.25,Homo sapiens,Khoi-San
Anterior,MH8057,0.7298054493639925,12,53.3956885,20.0797763,0.25,Homo sapiens,Sami
Posterior,MH8057,1.069673214376455,12,53.3956885,20.0797763,0.25,Homo sapiens,Sami
Premolar,MH8057,0.4308893354376963,8,53.3956885,20.0797763,0.25,Homo sapiens,Sami
Anterior,NMNH225025,1.1165019377537895,6,37.551766,16.4384771,0.5,Homo sapiens,Chucki
Posterior,NMNH225025,0.9034207833810559,6,37.551766,16.4384771,0.5,Homo sapiens,Chucki
Premolar,NMNH225025,0.5446767447392219,4,37.551766,16.4384771,0.5,Homo sapiens,Chucki
Anterior,NMNH225028,0.789574243683534,6,38.3400851,16.8483619,0.75,Homo sapiens,Chucki
Posterior,NMNH225028,0.814185597100076,6,38.3400851,16.8483619,0.75,Homo sapiens,Chucki
Premolar,NMNH225028,0.7732190751994787,4,38.3400851,16.8483619,0.75,Homo sapiens,Chucki
Anterior,NMNH225029,1.7459290793012925,6,47.0115957,21.3584428,0.25,Homo sapiens,Chucki
Posterior,NMNH225029,0.8550331739067003,6,47.0115957,21.3584428,0.25,Homo sapiens,Chucki
Premolar,NMNH225029,0.7857306872649559,4,47.0115957,21.3584428,0.25,Homo sapiens,Chucki
Anterior,NMNH225032,-0.09743098195320654,6,55.0,15.0,0.75,Homo sapiens,Chucki
Posterior,NMNH225032,0.47587745437208107,4,55.0,15.0,0.75,Homo sapiens,Chucki
Premolar,NMNH225032,0.776593288976886,4,55.0,15.0,0.75,Homo sapiens,Chucki
Anterior,NMNH226086,0.5751520258940933,12,34.6630451,4.86555727,0.75,Homo sapiens,Australian aboriginie
Posterior,NMNH226086,1.5602806728277794,11,34.6630451,4.86555727,0.75,Homo sapiens,Australian aboriginie
Premolar,NMNH226086,0.823351896500043,8,34.6630451,4.86555727,0.75,Homo sapiens,Australian aboriginie
Anterior,NMNH226087,1.5158435682389544,6,21.6430246,2.74721254,0.5,Homo sapiens,Australian aboriginie
Posterior,NMNH226087,0.9313400085970228,6,21.6430246,2.74721254,0.5,Homo sapiens,Australian aboriginie
Premolar,NMNH226087,0.9196775700773867,4,21.6430246,2.74721254,0.5,Homo sapiens,Australian aboriginie
Anterior,NMNH226088,0.8596308888086734,6,41.1,10.0,0.5,Homo sapiens,Australian aboriginie
Posterior,NMNH226088,0.9037484518872378,2,41.1,10.0,0.5,Homo sapiens,Australian aboriginie
Premolar,NMNH226088,1.7208924183128007,4,41.1,10.0,0.5,Homo sapiens,Australian aboriginie
Anterior,NMNH226089,-0.20328325431487881,12,16.4350164,1.93720666,0.5,Homo sapiens,Australian aboriginie
Posterior,NMNH226089,-0.051735108281843134,12,16.4350164,1.93720666,0.5,Homo sapiens,Australian aboriginie
Premolar,NMNH226089,0.6431355207867859,8,16.4350164,1.93720666,0.5,Homo sapiens,Australian aboriginie
Anterior,NMNH226090,0.9088617424685954,12,19.0390205,2.33671692,0.25,Homo sapiens,Australian aboriginie
Posterior,NMNH226090,1.230753111409523,12,19.0390205,2.33671692,0.25,Homo sapiens,Australian aboriginie
Premolar,NMNH226090,1.127351101763469,7,19.0390205,2.33671692,0.25,Homo sapiens,Australian aboriginie
Anterior,NMNH226092,0.7188583385985536,6,55.0,15.0,0.25,Homo sapiens,Australian aboriginie
Posterior,NMNH226092,1.3874825191325078,6,55.0,15.0,0.25,Homo sapiens,Australian aboriginie
Premolar,NMNH226092,1.3927959646737866,4,55.0,15.0,0.25,Homo sapiens,Australian aboriginie
Anterior,NMNH227455,0.9896375302709635,12,11.6610089,1.26803942,0.5,Homo sapiens,Australian aboriginie
Posterior,NMNH227455,1.3606162731211615,12,11.6610089,1.26803942,0.5,Homo sapiens,Australian aboriginie
Premolar,NMNH227455,1.031846707176105,8,11.6610089,1.26803942,0.5,Homo sapiens,Australian aboriginie
Anterior,NMNH258483,0.6344103247843569,12,25.3320304,3.33964284,0.25,Homo sapiens,Australian aboriginie
Posterior,NMNH258483,1.234427838725952,12,25.3320304,3.33964284,0.25,Homo sapiens,Australian aboriginie
Premolar,NMNH258483,0.9546433936721521,8,25.3320304,3.33964284,0.25,Homo sapiens,Australian aboriginie
Anterior,NMNH278701,0.9025780507925006,12,28.3511096,4.55391036,0.25,Homo sapiens,Buriat
Posterior,NMNH278701,1.6037565651481311,12,28.3511096,4.55391036,0.25,Homo sapiens,Buriat
Premolar,NMNH278701,-0.2658252604866036,8,28.3511096,4.55391036,0.25,Homo sapiens,Buriat
Anterior,NMNH278702,0.22645690920652828,12,22.2605342,3.36255085,0.25,Homo sapiens,Buriat
Posterior,NMNH278702,0.33633723952859607,11,22.2605342,3.36255085,0.25,Homo sapiens,Buriat
Premolar,NMNH278702,0.728857169745845,8,22.2605342,3.36255085,0.25,Homo sapiens,Buriat
Anterior,NMNH278703,0.780626721531103,12,40.0,10.0,0.25,Homo sapiens,Buriat
Posterior,NMNH278703,0.18374551217937796,9,40.0,10.0,0.25,Homo sapiens,Buriat
Premolar,NMNH278703,0.43254226266237167,8,40.0,10.0,0.25,Homo sapiens,Buriat
Anterior,NMNH278704,0.49177516784126685,12,17.4388288,2.43978021,0.25,Homo sapiens,Buriat
Posterior,NMNH278704,2.072826379210049,12,17.4388288,2.43978021,0.25,Homo sapiens,Buriat
Premolar,NMNH278704,1.7604140770524181,8,17.4388288,2.43978021,0.25,Homo sapiens,Buriat
Anterior,NMNH278705,0.7057537675383758,12,55.0,15.0,0.25,Homo sapiens,Buriat
Posterior,NMNH278705,0.7287034404405364,12,55.0,15.0,0.25,Homo sapiens,Buriat
Premolar,NMNH278705,0.3543794241737519,8,55.0,15.0,0.25,Homo sapiens,Buriat
Anterior,NMNH278706,-0.007225586505744008,12,30.1275274,4.90407388,0.5,Homo sapiens,Buriat
Posterior,NMNH278706,0.8462498542096605,12,30.1275274,4.90407388,0.5,Homo sapiens,Buriat
Premolar,NMNH278706,0.4264939868799394,8,30.1275274,4.90407388,0.5,Homo sapiens,Buriat
Anterior,NMNH278707,0.861510996004084,12,27.8435616,4.45403148,0.75,Homo sapiens,Buriat
Posterior,NMNH278707,0.1394909633027035,12,27.8435616,4.45403148,0.75,Homo sapiens,Buriat
Premolar,NMNH278707,0.5388823464367543,8,27.8435616,4.45403148,0.75,Homo sapiens,Buriat
Anterior,NMNH278708,0.9727558782588236,12,20.2303425,2.97066069,0.25,Homo sapiens,Buriat
Posterior,NMNH278708,1.0764272243482171,12,20.2303425,2.97066069,0.25,Homo sapiens,Buriat
Premolar,NMNH278708,1.1008521569767298,8,20.2303425,2.97066069,0.25,Homo sapiens,Buriat
Anterior,NMNH278709,0.27276741511297853,12,17.1850548,2.392161,0.25,Homo sapiens,Buriat
Posterior,NMNH278709,1.309171023118667,10,17.1850548,2.392161,0.25,Homo sapiens,Buriat
Premolar,NMNH278709,0.5206634826989658,8,17.1850548,2.392161,0.25,Homo sapiens,Buriat
Anterior,NMNH278710,1.2034769164067507,12,20.9916644,3.11717264,0.5,Homo sapiens,Buriat
Posterior,NMNH278710,0.8968706541588176,12,20.9916644,3.11717264,0.5,Homo sapiens,Buriat
Premolar,NMNH278710,0.24613349823010766,8,20.9916644,3.11717264,0.5,Homo sapiens,Buriat
Anterior,NMNH278711,0.7512812093391866,12,33.426589,5.55632114,0.5,Homo sapiens,Buriat
Posterior,NMNH278711,1.0760242002074545,11,33.426589,5.55632114,0.5,Homo sapiens,Buriat
Premolar,NMNH278711,1.193998737935823,8,33.426589,5.55632114,0.5,Homo sapiens,Buriat
Anterior,NMNH278712,0.8347632740585643,11,31.6139178,4.709013,0.25,Homo sapiens,Buriat
Posterior,NMNH278712,1.6317850135496044,11,31.6139178,4.709013,0.25,Homo sapiens,Buriat
Premolar,NMNH278712,1.3819874376764745,8,31.6139178,4.709013,0.25,Homo sapiens,Buriat
Anterior,NMNH278713,0.7796518911144728,12,17.1850548,2.392161,0.25,Homo sapiens,(Buriat) Chinese?
Posterior,NMNH278713,1.2593495438743105,11,17.1850548,2.392161,0.25,Homo sapiens,(Buriat) Chinese?
Premolar,NMNH278713,1.823332558472473,8,17.1850548,2.392161,0.25,Homo sapiens,(Buriat) Chinese?
Anterior,NMNH278716,1.8360500511513016,12,18.7076986,2.67965585,0.5,Homo sapiens,Buriat
Posterior,NMNH278716,0.3168356178956234,12,18.7076986,2.67965585,0.5,Homo sapiens,Buriat
Premolar,NMNH278716,0.46047522795637025,8,18.7076986,2.67965585,0.5,Homo sapiens,Buriat
Anterior,NMNH283606,1.609457620535897,12,27.5897877,4.40412318,0.75,Homo sapiens,Buriat
Posterior,NMNH283606,0.3977014014977548,12,27.5897877,4.40412318,0.75,Homo sapiens,Buriat
Premolar,NMNH283606,0.2717896293961194,8,27.5897877,4.40412318,0.75,Homo sapiens,Buriat
Anterior,NMNH283607,0.6702831597485268,12,55.0,15.0,0.75,Homo sapiens,Buriat
Posterior,NMNH283607,1.1021647106670762,8,55.0,15.0,0.75,Homo sapiens,Buriat
Premolar,NMNH283607,0.8531507852566699,8,55.0,15.0,0.75,Homo sapiens,Buriat
Anterior,NMNH283609a,0.5919661716654252,12,29.8737534,4.85399919,0.75,Homo sapiens,Buriat
Posterior,NMNH283609a,0.5806982287700655,12,29.8737534,4.85399919,0.75,Homo sapiens,Buriat
Premolar,NMNH283609a,0.5625330324204547,8,29.8737534,4.85399919,0.75,Homo sapiens,Buriat
Anterior,NMNH283613,0.48288046584457583,12,25.3058219,3.95602419,0.75,Homo sapiens,Buriat
Posterior,NMNH283613,1.9890672916861312,12,25.3058219,3.95602419,0.75,Homo sapiens,Buriat
Premolar,NMNH283613,1.043694497012154,8,25.3058219,3.95602419,0.75,Homo sapiens,Buriat
Anterior,NMNH283615,1.3244529720926472,12,40.0,10.0,0.75,Homo sapiens,Buriat
Posterior,NMNH283615,0.6689093384708966,12,40.0,10.0,0.75,Homo sapiens,Buriat
Premolar,NMNH283615,0.8133370386092452,8,40.0,10.0,0.75,Homo sapiens,Buriat
Anterior,NMNH329778,0.5619532090539634,12,18.6050198,2.26921034,0.25,Homo sapiens,Australian aboriginie
Posterior,NMNH329778,-0.3615175134085409,13,18.6050198,2.26921034,0.25,Homo sapiens,Australian aboriginie
Premolar,NMNH329778,0.2453607711838237,8,18.6050198,2.26921034,0.25,Homo sapiens,Australian aboriginie
Anterior,NMNH329779,0.03923574439049182,12,40.1730454,5.5467185,0.75,Homo sapiens,Australian aboriginie
Posterior,NMNH329779,-0.17001286863209897,12,40.1730454,5.5467185,0.75,Homo sapiens,Australian aboriginie
Premolar,NMNH329779,0.33238800229406973,8,40.1730454,5.5467185,0.75,Homo sapiens,Australian aboriginie
Anterior,NMNH330604,1.533240137628296,12,21.4260243,2.71270581,0.75,Homo sapiens,Australian aboriginie
Posterior,NMNH330604,0.8807671929181746,12,21.4260243,2.71270581,0.75,Homo sapiens,Australian aboriginie
Premolar,NMNH330604,1.5168534507596592,8,21.4260243,2.71270581,0.75,Homo sapiens,Australian aboriginie
Anterior,NMNH330605,1.0977601668438495,6,40.0,10.0,0.75,Homo sapiens,Australian aboriginie
Posterior,NMNH330605,1.2748047795776754,3,40.0,10.0,0.75,Homo sapiens,Australian aboriginie
Premolar,NMNH330605,0.4726900458237717,4,40.0,10.0,0.75,Homo sapiens,Australian aboriginie
Anterior,NMNH330606,1.1515861115123178,6,40.0,10.0,0.25,Homo sapiens,Australian aboriginie
Posterior,NMNH330606,1.2491494937372085,4,40.0,10.0,0.25,Homo sapiens,Australian aboriginie
Premolar,NMNH330606,0.627185020388022,4,40.0,10.0,0.25,Homo sapiens,Australian aboriginie
Anterior,NMNH330607,1.1685433698629986,3,34.7480369,4.65477138,0.5,Homo sapiens,Australian aboriginie
Posterior,NMNH330607,1.171710645033543,3,34.7480369,4.65477138,0.5,Homo sapiens,Australian aboriginie
Premolar,NMNH330607,0.6400947948098166,2,34.7480369,4.65477138,0.5,Homo sapiens,Australian aboriginie
Anterior,NMNH331242,0.36697515484307774,12,31.40804,4.33043687,0.75,Homo sapiens,Australian aboriginie
Posterior,NMNH331242,0.3377390567298011,12,31.40804,4.33043687,0.75,Homo sapiens,Australian aboriginie
Premolar,NMNH331242,0.9431568756424719,8,31.40804,4.33043687,0.75,Homo sapiens,Australian aboriginie
Anterior,NMNH331243,1.057749763500625,12,39.0880437,5.3679133,0.75,Homo sapiens,Australian aboriginie
Posterior,NMNH331243,0.5243255606690174,12,39.0880437,5.3679133,0.75,Homo sapiens,Australian aboriginie
Premolar,NMNH331243,0.9146067496772317,8,39.0880437,5.3679133,0.75,Homo sapiens,Australian aboriginie
Anterior,NMNH344711,1.1737829415390004,12,33.1440427,4.61556224,0.75,Homo sapiens,Australian aboriginie
Posterior,NMNH344711,1.1964884483819285,12,33.1440427,4.61556224,0.75,Homo sapiens,Australian aboriginie
Premolar,NMNH344711,1.6413626289312457,8,33.1440427,4.61556224,0.75,Homo sapiens,Australian aboriginie
Anterior,NMNH344712,1.5103816038342592,11,24.0300284,3.12946271,0.5,Homo sapiens,Australian aboriginie
Posterior,NMNH344712,0.4248551953562494,12,24.0300284,3.12946271,0.5,Homo sapiens,Australian aboriginie
Premolar,NMNH344712,1.7041165150304467,7,24.0300284,3.12946271,0.5,Homo sapiens,Australian aboriginie
Anterior,NMNH344713,0.64894574094941,6,33.7950437,4.72264949,0.25,Homo sapiens,Australian aboriginie
Posterior,NMNH344713,1.3997892971433588,6,33.7950437,4.72264949,0.25,Homo sapiens,Australian aboriginie
Premolar,NMNH344713,0.9343331838726591,4,33.7950437,4.72264949,0.25,Homo sapiens,Australian aboriginie
Anterior,NMNH344714,0.7055631985763666,12,29.8890376,4.08156052,0.25,Homo sapiens,Australian aboriginie
Posterior,NMNH344714,0.04062790152756557,12,29.8890376,4.08156052,0.25,Homo sapiens,Australian aboriginie
Premolar,NMNH344714,0.8201944619124896,8,29.8890376,4.08156052,0.25,Homo sapiens,Australian aboriginie
Anterior,NMNH344715,0.15894167863519992,12,32.4930417,4.50856156,0.25,Homo sapiens,Australian aboriginie
Posterior,NMNH344715,1.3628278824312667,12,32.4930417,4.50856156,0.25,Homo sapiens,Australian aboriginie
Premolar,NMNH344715,1.6246445359005337,8,32.4930417,4.50856156,0.25,Homo sapiens,Australian aboriginie
Anterior,NMNH350096,0.522236167843548,12,36.3990478,5.1517561,0.75,Homo sapiens,Australian aboriginie
Posterior,NMNH350096,1.0458193927414086,12,36.3990478,5.1517561,0.75,Homo sapiens,Australian aboriginie
Premolar,NMNH350096,0.5563129863416771,8,36.3990478,5.1517561,0.75,Homo sapiens,Australian aboriginie
Anterior,NMNH350097,0.602486081346699,12,26.8510328,3.58600079,0.75,Homo sapiens,Australian aboriginie
Posterior,NMNH350097,1.2709624744397932,12,26.8510328,3.58600079,0.75,Homo sapiens,Australian aboriginie
Premolar,NMNH350097,0.8835773630041881,8,26.8510328,3.58600079,0.75,Homo sapiens,Australian aboriginie
Anterior,NMNH350098,1.7308282476474746,12,24.6086959,3.22275136,0.75,Homo sapiens,Australian aboriginie
Posterior,NMNH350098,0.6721707646362947,12,24.6086959,3.22275136,0.75,Homo sapiens,Australian aboriginie
Premolar,NMNH350098,1.3780925700542728,8,24.6086959,3.22275136,0.75,Homo sapiens,Australian aboriginie
Anterior,NMNH380429,0.948354139486806,12,27.417015,2.52520843,0.75,Homo sapiens,Australian aboriginie
Posterior,NMNH380429,1.2811033127173816,11,27.417015,2.52520843,0.75,Homo sapiens,Australian aboriginie
Premolar,NMNH380429,0.6888828343299366,8,27.417015,2.52520843,0.75,Homo sapiens,Australian aboriginie
Anterior,NMNH380430,0.8783263988626884,12,29.8890376,4.08156052,0.25,Homo sapiens,Australian aboriginie
Posterior,NMNH380430,0.8469080044091528,12,29.8890376,4.08156052,0.25,Homo sapiens,Australian aboriginie
Premolar,NMNH380430,0.5035842473831164,8,29.8890376,4.08156052,0.25,Homo sapiens,Australian aboriginie
Anterior,NMNH380431,1.2174010692490445,12,51.9,12.5,0.75,Homo sapiens,Australian aboriginie
Posterior,NMNH380431,1.2117632344257707,12,51.9,12.5,0.75,Homo sapiens,Australian aboriginie
Premolar,NMNH380431,1.1847501454317715,8,51.9,12.5,0.75,Homo sapiens,Australian aboriginie
Anterior,NMNH380447,1.6342563461648032,12,23.3790273,3.02477635,0.75,Homo sapiens,Australian aboriginie
Posterior,NMNH380447,1.5925077145451083,12,23.3790273,3.02477635,0.75,Homo sapiens,Australian aboriginie
Premolar,NMNH380447,0.7232900842626161,8,23.3790273,3.02477635,0.75,Homo sapiens,Australian aboriginie
Anterior,NMNH380448,1.0796875695167618,12,15.7840154,1.83988868,0.25,Homo sapiens,Australian aboriginie
Posterior,NMNH380448,0.6048131760646286,12,15.7840154,1.83988868,0.25,Homo sapiens,Australian aboriginie
Premolar,NMNH380448,0.9130677423684411,8,15.7840154,1.83988868,0.25,Homo sapiens,Australian aboriginie
Anterior,NMNH380449,0.6161775557502711,6,25.259697,3.32794049,0.75,Homo sapiens,Australian aboriginie
Posterior,NMNH380449,1.673853149099521,6,25.259697,3.32794049,0.75,Homo sapiens,Australian aboriginie
Premolar,NMNH380449,1.0752305971660234,4,25.259697,3.32794049,0.75,Homo sapiens,Australian aboriginie
Anterior,NMNH380450,0.7980555057599643,6,28.5870355,3.86877709,0.75,Homo sapiens,Australian aboriginie
Posterior,NMNH380450,1.4706620600100704,6,28.5870355,3.86877709,0.75,Homo sapiens,Australian aboriginie
Premolar,NMNH380450,-0.1322915849771038,4,28.5870355,3.86877709,0.75,Homo sapiens,Australian aboriginie
Anterior,NMNH380451,-0.0577180599049083,6,38.2200424,5.22500246,0.75,Homo sapiens,Australian aboriginie
Posterior,NMNH380451,1.2811322084144705,7,38.2200424,5.22500246,0.75,Homo sapiens,Australian aboriginie
Premolar,NMNH380451,0.9307510041585707,4,38.2200424,5.22500246,0.75,Homo sapiens,Australian aboriginie
Anterior,NMNH380452,1.0212695864631725,6,31.1910396,4.29484575,0.75,Homo sapiens,Australian aboriginie
Posterior,NMNH380452,0.26995285517364,6,31.1910396,4.29484575,0.75,Homo sapiens,Australian aboriginie
Premolar,NMNH380452,0.8908695091310609,4,31.1910396,4.29484575,0.75,Homo sapiens,Australian aboriginie
Anterior,NMNH380453,1.856550044843386,12,32.2760413,4.47291497,0.75,Homo sapiens,Australian aboriginie
Posterior,NMNH380453,1.2946453325879186,12,32.2760413,4.47291497,0.75,Homo sapiens,Australian aboriginie
Premolar,NMNH380453,0.9827995854265195,8,32.2760413,4.47291497,0.75,Homo sapiens,Australian aboriginie
Anterior,NMNH380464,0.6927440197359543,12,33.7950437,4.72264949,0.75,Homo sapiens,Australian aboriginie
Posterior,NMNH380464,0.7139378709426245,12,33.7950437,4.72264949,0.75,Homo sapiens,Australian aboriginie
Premolar,NMNH380464,-0.11255741489059834,8,33.7950437,4.72264949,0.75,Homo sapiens,Australian aboriginie
Anterior,NMNH380466,1.0246973628895326,9,37.2670492,5.29502645,0.25,Homo sapiens,Australian aboriginie
Posterior,NMNH380466,1.3047862579674612,9,37.2670492,5.29502645,0.25,Homo sapiens,Australian aboriginie
Premolar,NMNH380466,0.15120568203766838,6,37.2670492,5.29502645,0.25,Homo sapiens,Australian aboriginie
Anterior,PMN1389,0.5867949226235967,6,28.5870355,3.86877709,0.75,Homo sapiens,Australian aboriginie
Posterior,PMN1389,0.35044348656426516,6,28.5870355,3.86877709,0.75,Homo sapiens,Australian aboriginie
Premolar,PMN1389,0.44197960933408315,4,28.5870355,3.86877709,0.75,Homo sapiens,Australian aboriginie
Anterior,PMN1390,0.927421999480678,12,23.3790273,3.02477635,0.25,Homo sapiens,Australian aboriginie
Posterior,PMN1390,-0.09121363029479135,12,23.3790273,3.02477635,0.25,Homo sapiens,Australian aboriginie
Premolar,PMN1390,1.1946205577322537,8,23.3790273,3.02477635,0.25,Homo sapiens,Australian aboriginie
Anterior,PMN1496,1.2611283259761485,6,25.9830314,3.44508735,0.75,Homo sapiens,Australian aboriginie
Posterior,PMN1496,0.7822970230146313,6,25.9830314,3.44508735,0.75,Homo sapiens,Australian aboriginie
Premolar,PMN1496,-0.28004137525461825,4,25.9830314,3.44508735,0.75,Homo sapiens,Australian aboriginie
Anterior,PMN1497,0.42717693736066703,6,25.1150301,3.30454439,0.75,Homo sapiens,Australian aboriginie
Posterior,PMN1497,1.4893793695205022,6,25.1150301,3.30454439,0.75,Homo sapiens,Australian aboriginie
Premolar,PMN1497,-0.42168886838855113,4,25.1150301,3.30454439,0.75,Homo sapiens,Australian aboriginie
Anterior,PMN3064,0.7363554766247413,6,23.3790273,3.02477635,0.75,Homo sapiens,Australian aboriginie
Posterior,PMN3064,0.3397057085302425,5,23.3790273,3.02477635,0.75,Homo sapiens,Australian aboriginie
Premolar,PMN3064,1.2852925683787153,4,23.3790273,3.02477635,0.75,Homo sapiens,Australian aboriginie
Anterior,PMN3064A,0.5802686964126664,12,37.7860417,5.15359486,0.75,Homo sapiens,Australian aboriginie
Posterior,PMN3064A,1.0944112767887721,12,37.7860417,5.15359486,0.75,Homo sapiens,Australian aboriginie
Premolar,PMN3064A,1.1713640902582414,8,37.7860417,5.15359486,0.75,Homo sapiens,Australian aboriginie
Anterior,PMN3065,1.7768445871325023,6,28.2850164,2.64088713,0.5,Homo sapiens,Australian aboriginie
Posterior,PMN3065,0.805244083428771,6,28.2850164,2.64088713,0.5,Homo sapiens,Australian aboriginie
Premolar,PMN3065,1.0811131895493293,4,28.2850164,2.64088713,0.5,Homo sapiens,Australian aboriginie
Anterior,PMN7459,0.19435656010281488,12,25.5490307,3.37476666,0.75,Homo sapiens,Australian aboriginie
Posterior,PMN7459,1.4691349723622709,12,25.5490307,3.37476666,0.75,Homo sapiens,Australian aboriginie
Premolar,PMN7459,0.5395806644750885,8,25.5490307,3.37476666,0.75,Homo sapiens,Australian aboriginie
Anterior,UCD2(1)b,0.6347576053600359,8,37.7132289,5.1293812,0.5,Homo sapiens,Native Californian
Posterior,UCD2(1)b,0.8913392676723283,9,37.7132289,5.1293812,0.5,Homo sapiens,Native Californian
Premolar,UCD2(1)b,0.15727350777624804,6,37.7132289,5.1293812,0.5,Homo sapiens,Native Californian
Anterior,UCD2(10.1)b,1.0109415122773169,12,37.3306024,5.06666429,0.5,Homo sapiens,Native Californian
Posterior,UCD2(10.1)b,1.3629074704448478,11,37.3306024,5.06666429,0.5,Homo sapiens,Native Californian
Premolar,UCD2(10.1)b,1.0415135797793078,8,37.3306024,5.06666429,0.5,Homo sapiens,Native Californian
Anterior,UCD2(16)b,0.14487901197630026,12,36.9479759,5.00397466,0.5,Homo sapiens,Native Californian
Posterior,UCD2(16)b,0.8429483481731391,12,36.9479759,5.00397466,0.5,Homo sapiens,Native Californian
Premolar,UCD2(16)b,1.2554935224729329,8,36.9479759,5.00397466,0.5,Homo sapiens,Native Californian
Anterior,UCD2(2)b,0.00713597800011867,11,25.9155783,3.42374303,0.5,Homo sapiens,Native Californian
Posterior,UCD2(2)b,0.38984682549605276,11,25.9155783,3.42374303,0.5,Homo sapiens,Native Californian
Premolar,UCD2(2)b,1.3195856253444436,8,25.9155783,3.42374303,0.5,Homo sapiens,Native Californian
Anterior,UCD2(3a)b,1.0306317922539039,12,40.3916145,5.56908606,0.5,Homo sapiens,Native Californian
Posterior,UCD2(3a)b,1.0982313973053393,10,40.3916145,5.56908606,0.5,Homo sapiens,Native Californian
Premolar,UCD2(3a)b,1.7879315320664952,8,40.3916145,5.56908606,0.5,Homo sapiens,Native Californian
Anterior,UCD2(6)b,1.125190590830173,12,36.1827229,4.87868148,0.5,Homo sapiens,Native Californian
Posterior,UCD2(6)b,1.2154029844380716,12,36.1827229,4.87868148,0.5,Homo sapiens,Native Californian
Premolar,UCD2(6)b,2.193526223522179,8,36.1827229,4.87868148,0.5,Homo sapiens,Native Californian
Anterior,UCD2(8)b,0.8000683829674557,12,40.3916145,5.56908606,0.5,Homo sapiens,Native Californian
Posterior,UCD2(8)b,0.5217731473759653,12,40.3916145,5.56908606,0.5,Homo sapiens,Native Californian
Premolar,UCD2(8)b,1.1057714337058273,8,40.3916145,5.56908606,0.5,Homo sapiens,Native Californian
Anterior,UCD2(L-23-1)b,1.1111053298886855,13,33.8869639,4.50357659,0.5,Homo sapiens,Native Californian
Posterior,UCD2(L-23-1)b,0.6509760295756951,12,33.8869639,4.50357659,0.5,Homo sapiens,Native Californian
Premolar,UCD2(L-23-1)b,0.4100343434149928,8,33.8869639,4.50357659,0.5,Homo sapiens,Native Californian
Anterior,UVS1,2.002509221955245,12,22.1568264,2.64926405,0.75,Homo sapiens,Khoi-San
Posterior,UVS1,1.0576704797988001,12,22.1568264,2.64926405,0.75,Homo sapiens,Khoi-San
Premolar,UVS1,0.5530282751402356,8,22.1568264,2.64926405,0.75,Homo sapiens,Khoi-San
Anterior,UVS10,1.3383521712461117,12,24.7839144,3.03927918,0.75,Homo sapiens,Khoi-San
Posterior,UVS10,0.8499353595490714,12,24.7839144,3.03927918,0.75,Homo sapiens,Khoi-San
Premolar,UVS10,0.7814494519536214,8,24.7839144,3.03927918,0.75,Homo sapiens,Khoi-San
Anterior,UVS101,1.1698453223847238,12,21.7815281,2.59401611,0.25,Homo sapiens,Khoi-San
Posterior,UVS101,0.28639763221848846,12,21.7815281,2.59401611,0.25,Homo sapiens,Khoi-San
Premolar,UVS101,1.0699556329324222,8,21.7815281,2.59401611,0.25,Homo sapiens,Khoi-San
Anterior,UVS102,1.8134035719133683,12,27.0357042,3.37708808,0.25,Homo sapiens,Khoi-San
Posterior,UVS102,1.1240589212241436,12,27.0357042,3.37708808,0.25,Homo sapiens,Khoi-San
Premolar,UVS102,0.7226862006454775,8,27.0357042,3.37708808,0.25,Homo sapiens,Khoi-San
Anterior,UVS104,0.6603196423885278,12,21.7815281,2.59401611,0.75,Homo sapiens,Khoi-San
Posterior,UVS104,0.7064253242593987,12,21.7815281,2.59401611,0.75,Homo sapiens,Khoi-San
Premolar,UVS104,0.780934278409792,8,21.7815281,2.59401611,0.75,Homo sapiens,Khoi-San
Anterior,UVS105,0.7219265044558606,9,41.1374939,4.32538295,0.25,Homo sapiens,Khoi-San
Posterior,UVS105,1.3385337721169108,10,41.1374939,4.32538295,0.25,Homo sapiens,Khoi-San
Premolar,UVS105,0.0761190182410596,8,41.1374939,4.32538295,0.25,Homo sapiens,Khoi-San
Anterior,UVS119,1.312656070951808,6,21.7815281,2.59401611,0.75,Homo sapiens,Khoi-San
Posterior,UVS119,0.7210307461164049,6,21.7815281,2.59401611,0.75,Homo sapiens,Khoi-San
Premolar,UVS119,1.081543639421327,4,21.7815281,2.59401611,0.75,Homo sapiens,Khoi-San
Anterior,UVS12,0.3649647038564596,6,28.5368973,3.60361662,0.75,Homo sapiens,Khoi-San or bushman half-caste
Posterior,UVS12,1.5349913463047407,6,28.5368973,3.60361662,0.75,Homo sapiens,Khoi-San or bushman half-caste
Premolar,UVS12,1.4954462633990553,4,28.5368973,3.60361662,0.75,Homo sapiens,Khoi-San or bushman half-caste
Anterior,UVS125,1.3591549200247774,12,34.7,7.8,0.25,Homo sapiens,Khoi-San
Posterior,UVS125,0.18020576200014793,12,34.7,7.8,0.25,Homo sapiens,Khoi-San
Premolar,UVS125,1.2969902522026668,8,34.7,7.8,0.25,Homo sapiens,Khoi-San
Anterior,UVS142,1.09484060735251,12,17.6532469,1.99807578,0.25,Homo sapiens,Khoi-San
Posterior,UVS142,0.13707745747210387,12,17.6532469,1.99807578,0.25,Homo sapiens,Khoi-San
Premolar,UVS142,0.8903627018179526,8,17.6532469,1.99807578,0.25,Homo sapiens,Khoi-San
Anterior,UVS2,1.075629086735825,12,28.5368973,3.60361662,0.25,Homo sapiens,Khoi-San
Posterior,UVS2,1.1668923582018325,12,28.5368973,3.60361662,0.25,Homo sapiens,Khoi-San
Premolar,UVS2,0.9863992248146456,8,28.5368973,3.60361662,0.25,Homo sapiens,Khoi-San
Anterior,UVS22,1.0407024355605616,12,24.4086161,2.98325724,0.75,Homo sapiens,Khoi-San
Posterior,UVS22,1.6040699961027904,12,24.4086161,2.98325724,0.75,Homo sapiens,Khoi-San
Premolar,UVS22,1.4861069679953718,8,24.4086161,2.98325724,0.75,Homo sapiens,Khoi-San
Anterior,UVS24,-0.46412352997148343,9,28.161599,3.54689952,0.75,Homo sapiens,Khoi-San
Posterior,UVS24,0.7506899824945681,12,28.161599,3.54689952,0.75,Homo sapiens,Khoi-San
Premolar,UVS24,0.8234885230003076,8,28.161599,3.54689952,0.75,Homo sapiens,Khoi-San
Anterior,UVS28,0.06711876909641878,6,34.7,7.8,0.25,Homo sapiens,Khoi-San
Posterior,UVS28,0.946814975174801,5,34.7,7.8,0.25,Homo sapiens,Khoi-San
Premolar,UVS28,1.4969341870357074,4,34.7,7.8,0.25,Homo sapiens,Khoi-San
Anterior,UVS29,0.38422361028498697,12,19.5297384,2.26582834,0.75,Homo sapiens,Khoi-San or bushman half-caste
Posterior,UVS29,1.0622243184244289,12,19.5297384,2.26582834,0.75,Homo sapiens,Khoi-San or bushman half-caste
Premolar,UVS29,0.4655780379057184,8,19.5297384,2.26582834,0.75,Homo sapiens,Khoi-San or bushman half-caste
Anterior,UVS3,0.5817943164884412,12,26.6604059,3.32060722,0.75,Homo sapiens,Khoi-San
Posterior,UVS3,1.6058721176258615,12,26.6604059,3.32060722,0.75,Homo sapiens,Khoi-San
Premolar,UVS3,0.6434276015793003,8,26.6604059,3.32060722,0.75,Homo sapiens,Khoi-San
Anterior,UVS34,1.122169638597766,6,27.0357042,3.37708808,0.5,Homo sapiens,Khoi-San or bushman half-caste
Posterior,UVS34,0.010361983683200182,6,27.0357042,3.37708808,0.5,Homo sapiens,Khoi-San or bushman half-caste
Premolar,UVS34,1.7892764871058042,4,27.0357042,3.37708808,0.5,Homo sapiens,Khoi-San or bushman half-caste
Anterior,UVS38,1.1890849431446675,12,23.2827213,2.81576611,0.25,Homo sapiens,Khoi-San
Posterior,UVS38,0.8149841135598813,12,23.2827213,2.81576611,0.25,Homo sapiens,Khoi-San
Premolar,UVS38,1.1761698012013808,8,23.2827213,2.81576611,0.25,Homo sapiens,Khoi-San
Anterior,UVS40,0.23020421562487703,12,28.5757213,3.49137561,0.25,Homo sapiens,Khoi-San
Posterior,UVS40,1.4653790512251017,12,28.5757213,3.49137561,0.25,Homo sapiens,Khoi-San
Premolar,UVS40,0.7475709104195994,8,28.5757213,3.49137561,0.25,Homo sapiens,Khoi-San
Anterior,UVS42,0.8047068304754109,6,23.2827213,2.81576611,0.75,Homo sapiens,Khoi-San
Posterior,UVS42,0.6676809310808204,6,23.2827213,2.81576611,0.75,Homo sapiens,Khoi-San
Premolar,UVS42,0.6252771853281023,4,23.2827213,2.81576611,0.75,Homo sapiens,Khoi-San
Anterior,UVS45,1.232928758501222,12,39.4,9.1,0.25,Homo sapiens,Khoi-San
Posterior,UVS45,1.0238713699071749,8,39.4,9.1,0.25,Homo sapiens,Khoi-San
Premolar,UVS45,1.2124775263708614,8,39.4,9.1,0.25,Homo sapiens,Khoi-San
Anterior,UVS46,0.8977492571072648,12,16.9026504,1.89297439,0.25,Homo sapiens,Khoi-San
Posterior,UVS46,1.1464635236843774,12,16.9026504,1.89297439,0.25,Homo sapiens,Khoi-San
Premolar,UVS46,0.702371157727034,8,16.9026504,1.89297439,0.25,Homo sapiens,Khoi-San
Anterior,UVS49,1.9643380501783838,13,27.4110024,3.43363244,0.25,Homo sapiens,Khoi-San or bushman half-caste
Posterior,UVS49,0.1548692106638192,12,27.4110024,3.43363244,0.25,Homo sapiens,Khoi-San or bushman half-caste
Premolar,UVS49,1.5027373672011328,8,27.4110024,3.43363244,0.25,Homo sapiens,Khoi-San or bushman half-caste
Anterior,UVS52,1.5537053308349962,12,31.1639853,4.00197497,0.25,Homo sapiens,Khoi-San or bushman half-caste
Posterior,UVS52,0.4959122885919863,12,31.1639853,4.00197497,0.25,Homo sapiens,Khoi-San or bushman half-caste
Premolar,UVS52,1.9641197173213383,8,31.1639853,4.00197497,0.25,Homo sapiens,Khoi-San or bushman half-caste
Anterior,UVS55,1.3762600461735888,11,30.5,9.6,0.25,Homo sapiens,Khoi-San or bushman half-caste
Posterior,UVS55,1.3646574147771435,8,30.5,9.6,0.25,Homo sapiens,Khoi-San or bushman half-caste
Premolar,UVS55,0.9152913623005821,8,30.5,9.6,0.25,Homo sapiens,Khoi-San or bushman half-caste
Anterior,UVS56,0.798438096124425,12,41.1,10.0,0.25,Homo sapiens,Khoi-San or bushman half-caste
Posterior,UVS56,0.8021628131256506,10,41.1,10.0,0.25,Homo sapiens,Khoi-San or bushman half-caste
Premolar,UVS56,1.0880154294091486,8,41.1,10.0,0.25,Homo sapiens,Khoi-San or bushman half-caste
Anterior,UVS57,1.5695616633684133,12,22.1568264,2.64926405,0.25,Homo sapiens,Khoi-San or bushman half-caste
Posterior,UVS57,0.9883302831709655,12,22.1568264,2.64926405,0.25,Homo sapiens,Khoi-San or bushman half-caste
Premolar,UVS57,0.4676649032150898,8,22.1568264,2.64926405,0.25,Homo sapiens,Khoi-San or bushman half-caste
Anterior,UVS58,1.2947537019609285,6,24.0333178,2.92732743,0.25,Homo sapiens,Khoi-San or bushman half-caste
Posterior,UVS58,1.3408395517221845,6,24.0333178,2.92732743,0.25,Homo sapiens,Khoi-San or bushman half-caste
Premolar,UVS58,1.2138647124289053,4,24.0333178,2.92732743,0.25,Homo sapiens,Khoi-San or bushman half-caste
Anterior,UVS59,1.2571468720501922,12,18.7791418,2.1579761,0.25,Homo sapiens,Khoi-San or bushman half-caste
Posterior,UVS59,0.7728507641694207,12,18.7791418,2.1579761,0.25,Homo sapiens,Khoi-San or bushman half-caste
Premolar,UVS59,0.4593049930986368,8,18.7791418,2.1579761,0.25,Homo sapiens,Khoi-San or bushman half-caste
Anterior,UVS60,0.4882722848915092,6,21.7815281,2.59401611,0.25,Homo sapiens,Khoi-San or bushman half-caste
Posterior,UVS60,0.12269190080815573,6,21.7815281,2.59401611,0.25,Homo sapiens,Khoi-San or bushman half-caste
Premolar,UVS60,1.014838354437603,4,21.7815281,2.59401611,0.25,Homo sapiens,Khoi-San or bushman half-caste
Anterior,UVS62,0.8621788858643493,6,19.5297384,2.26582834,0.25,Homo sapiens,Khoi-San or bushman half-caste
Posterior,UVS62,0.6922990955169437,6,19.5297384,2.26582834,0.25,Homo sapiens,Khoi-San or bushman half-caste
Premolar,UVS62,-0.5063214805023653,4,19.5297384,2.26582834,0.25,Homo sapiens,Khoi-San or bushman half-caste
Anterior,UVS63,0.30763138309415283,12,28.9121956,3.66038599,0.25,Homo sapiens,Khoi-San or bushman half-caste
Posterior,UVS63,1.4359856274250271,12,28.9121956,3.66038599,0.25,Homo sapiens,Khoi-San or bushman half-caste
Premolar,UVS63,0.5852658818365417,8,28.9121956,3.66038599,0.25,Homo sapiens,Khoi-San or bushman half-caste
Anterior,UVS67,1.0737504588217734,12,25.1592127,3.09538823,0.75,Homo sapiens,Khoi-San or bushman half-caste
Posterior,UVS67,0.23932097550647635,12,25.1592127,3.09538823,0.75,Homo sapiens,Khoi-San or bushman half-caste
Premolar,UVS67,1.58743840751498,8,25.1592127,3.09538823,0.75,Homo sapiens,Khoi-San or bushman half-caste
Anterior,UVS68,0.8333149210062549,12,17.6532469,1.99807578,0.75,Homo sapiens,Khoi-San or bushman half-caste
Posterior,UVS68,1.04013495112164,12,17.6532469,1.99807578,0.75,Homo sapiens,Khoi-San or bushman half-caste
Premolar,UVS68,2.0101019337674995,8,17.6532469,1.99807578,0.75,Homo sapiens,Khoi-San or bushman half-caste
Anterior,UVS76,1.6244765535872583,12,22.1568264,2.64926405,0.75,Homo sapiens,Khoi-San or bushman half-caste
Posterior,UVS76,0.7558705997054196,12,22.1568264,2.64926405,0.75,Homo sapiens,Khoi-San or bushman half-caste
Premolar,UVS76,0.6192885486191702,8,22.1568264,2.64926405,0.75,Homo sapiens,Khoi-San or bushman half-caste
