Unnamed: 0,female,black,housing_expense_ratio,self_employed,married,mortgage_credit,consumer_credit,bad_history,PI_ratio,deny,loan_to_value,denied_PMI,accept
960,0.5745916539987008,1,1.3737396230426235,1,1.7433042809204635,2,1,1,0.42437126574458683,0,1.16657609522508,1,0
1969,1.0644329692647796,0,1.5098168221560733,1,-0.5657098060851393,2,4,1,0.60867652600069,1,1.0004879891671965,0,1
1007,0.9401206235954276,0,1.43115846158576,1,0.1716676215896304,3,2,0,0.4538147443833683,1,0.8165672093339071,0,0
1818,1.025916544915798,0,1.4214042022753015,0,-0.728477634417154,2,2,1,0.4483972063322741,0,0.7870081153678372,1,1
1790,0.6107270513229827,0,1.4104884457660005,0,-0.3028631453844255,3,3,1,0.46118761635550787,0,0.9008638488221004,0,1
2340,0.9686628692790454,0,1.4004331958808949,0,0.7826183564908309,3,1,0,0.5030561815018446,0,1.1805080452426557,1,0
1881,-0.496229358346706,0,1.4538247348887858,0,0.8540643798017677,1,3,0,0.30667866395499377,1,0.8453158471550779,0,0
1667,-0.5329197258602514,1,1.503456116438815,1,0.7141362553367274,1,2,0,0.5758946393242944,0,0.9337693828421717,0,1
1461,-0.2864167752155269,0,1.4613901569590915,1,1.437918027816868,1,4,1,0.4121758783357382,0,1.2165978625079552,1,0
563,0.36026237889096446,1,1.4751788748914674,0,0.27211503765826417,3,3,0,0.4854580046116538,0,0.9203569921565237,1,1
1827,0.5216473429463399,1,1.4634559196554804,1,1.7158969791677523,1,2,0,0.48137191517634886,1,0.8541103958586612,1,0
331,0.8190247174465082,0,1.506446594687685,0,0.20813538803365556,2,5,1,0.4238881918042583,1,0.820201114412066,1,1
1833,0.7182468117927636,1,1.4332854560011736,1,-0.020105295982021154,4,5,0,0.5025297486318395,0,0.9926602129978997,1,1
505,0.21766901226513058,1,1.4080966193157978,1,1.0642826666053358,3,6,1,0.5333660072993829,1,0.5991036862118657,0,1
808,0.5075085116765162,1,1.4629551150664066,1,0.867095296323608,3,1,0,0.5596621827560647,1,0.7846729596059953,0,1
717,0.20750595638370078,1,1.6390645181713583,1,-0.10302863654332772,2,4,0,0.5015967465337209,1,0.6326075773294635,0,1
176,0.2215160271434553,0,1.61828865541617,0,1.1512969743991286,3,6,0,0.5285151772837015,1,0.9001283487700306,1,0
1977,0.5121858255667837,1,1.4586596591197913,0,0.8412370812090343,1,6,0,0.37659941331835645,0,1.1507196961071202,1,0
1574,0.6448321205135674,1,1.6342889385642545,1,0.6381712953798752,1,3,0,0.5070776792696472,1,0.9009527506471634,0,1
1654,0.20703868585067897,0,1.6209667490191275,0,1.1809527833486502,4,6,0,0.4602589260520259,0,0.9430394693730918,1,1
277,0.24141255090859792,1,1.3108181651111654,1,0.45704699183673153,3,2,0,0.5201075364787352,0,1.316128732629975,1,1
1483,0.19362081770618106,1,1.4671706756747567,0,1.1027416640087457,2,2,0,0.31830377807733345,1,0.9143300027259759,1,1
1321,0.8891634867960179,0,1.333508789287643,0,0.36111389979231434,3,6,0,0.4532997093967667,0,1.3851862666694275,1,1
1230,0.27032521993133335,1,1.4656095717469277,1,-0.45171926085318226,4,1,0,0.5759535728133709,0,0.9069542426546011,0,0
2355,0.4450323593141248,0,1.486602516025105,1,0.404429519914064,1,2,1,0.4980095270563324,1,1.128168025050532,0,1
993,1.0087343680199845,0,1.6907970397644372,1,1.1689779013972186,1,5,0,0.3056027084841362,1,0.9552179359586014,1,1
1817,0.5849933336405385,1,1.4682194633838963,1,-0.14294613339984974,2,2,0,0.48062563523581375,0,0.8083156704712509,1,0
1602,0.1708535901208008,0,1.4877592390644734,0,0.7845233586389908,3,3,1,0.46017589916065654,1,0.7567982270769763,1,0
2238,0.5321210362657178,0,1.600205511372617,0,0.3217765537196731,2,2,1,0.4727609529581209,0,0.8047879007250522,1,1
607,0.7205648753449055,1,1.4200478556548999,0,0.30462006003240777,3,3,0,0.5814042422097301,0,0.7422775450279543,1,1
859,0.6319522112587863,0,1.47375504951018,0,0.8038601089931998,3,6,1,0.5018690299689305,1,0.9526627164185679,0,0
732,0.3927204647764404,1,1.4153249818662546,1,0.3819972347674562,4,1,0,0.3843960257976275,1,0.9244906820653497,1,0
794,0.38622410784613537,0,1.3257822896445641,0,-0.06401202631476066,4,3,1,0.36383032705159446,0,1.1060946550721138,1,0
1273,-0.03133833801946695,0,1.5895217904109111,1,0.6912457898542926,4,4,0,0.5437314177821633,0,0.9250557685721394,0,0
1078,-0.20983443834852678,0,1.6308780151075721,0,0.3442362746310877,4,6,1,0.5401857901857146,1,1.0141808862922426,0,1
465,0.1709494097574638,1,1.3756418836505488,1,-0.4320868460584447,3,6,0,0.5524099778086909,1,0.7826441334802948,0,0
2266,0.12292831484141764,0,1.4880784926061856,0,0.23301042725240267,2,3,0,0.33831488750322136,1,1.180155494806952,0,1
1570,0.10989934890934072,1,1.3703001551852982,0,1.3879791642210941,1,2,0,0.5261871617584302,1,1.183195085156735,0,1
1350,-0.10412741696396255,1,1.445460264157971,1,0.8057604546182263,2,1,0,0.5809280003238747,0,1.1098957535571872,1,0
1241,0.31150419958344544,1,1.456870795180141,0,1.0121693118803525,1,6,1,0.46031997337620206,0,0.8413164169315969,1,0
2072,0.5794256330409725,0,1.4913852287720508,1,0.026257837200336642,2,6,0,0.5562700075141183,1,0.9173438045979428,1,0
849,0.681973720451897,1,1.5256023693128022,1,0.44904097180594227,1,2,1,0.5906952419943718,1,1.1932371230698258,0,0
2097,0.3512943021486294,1,1.6878424325384496,1,0.1597915851622857,4,4,0,0.5457085217286909,1,0.8379388497312904,0,0
2054,-0.10547473728850232,0,1.4741907953687508,0,0.8526577753749589,1,6,1,0.2894231709168377,0,1.0772813781776007,1,0
2344,0.9253561107739958,0,1.5737908354551498,0,-0.2451969407555401,4,5,1,0.3823204864458768,0,1.162924746631531,1,0
2093,0.46712487748567616,1,1.5695421152291344,1,0.7823308030103971,4,6,0,0.3684334002487525,1,1.0138316654073825,1,1
281,0.8806260329922384,0,1.5090688508766987,0,-0.3135300610974999,1,5,1,0.44275079553525604,0,1.0727665929961976,1,1
1043,0.15548734663375768,1,1.5841791069527063,0,-0.2784654890477384,1,2,1,0.5416433002916836,1,0.8784002589634694,1,0
334,0.5535011116259312,0,1.5580434500744202,1,-0.41442780083205744,3,6,0,0.3986279298567398,1,0.9285188627612274,1,0
1837,0.6393130748484853,1,1.4302014466055142,1,0.31752814123696316,2,4,0,0.28827213370565036,1,0.7538581890111276,1,1
1882,-0.4692157497871008,1,1.4168809069959405,1,1.0677241225836025,2,6,1,0.6017262837220223,0,1.343296669661842,0,0
600,0.03419160527026027,0,1.5079102570956788,0,0.163806429732486,3,5,1,0.516235267971542,0,0.7235461156207338,0,0
1472,0.26653595228645516,1,1.434180050469191,0,0.3112310208118374,1,2,1,0.4897210491969981,1,0.7222182289116809,0,1
510,0.5392019978891114,0,1.386470731657866,0,1.0513175312147447,2,3,0,0.4015544274760469,1,1.427474639112878,1,1
1025,0.5421251120300057,0,1.6058475084755028,1,0.7493693738625491,2,6,0,0.4706243968884344,1,1.0697789665447086,0,1
1216,0.19236717039610668,1,1.487949994464222,1,0.5221174177619009,1,5,0,0.3699993661081424,1,0.6979927344812678,1,1
1575,0.2640970034124981,1,1.601150771643645,0,-0.1631544058073724,4,1,1,0.4631357489989816,0,1.1123727956797267,1,0
1986,1.2887959997911165,1,1.4873510003181927,1,0.32987002704374513,2,3,1,0.4655227883052579,0,1.0590892551059599,1,0
1822,0.11975983060790357,0,1.512673098014826,1,0.6088169506054572,3,3,0,0.4519963871752469,1,0.8989432055381263,0,0
389,0.5662062765773423,0,1.5841392931542468,0,1.0123116416266353,3,2,0,0.5478470415679931,0,1.1824607266999771,1,1
1599,1.0485299754089512,0,1.3576293478292523,0,0.5288823698557495,1,5,0,0.42063675117198535,0,1.0830185073510943,0,1
1740,0.06894288874686055,1,1.6014602158426239,0,0.4637421083849522,2,3,0,0.42899552955070425,1,1.157457915342353,0,1
1434,0.6964400423962249,1,1.4893309088244222,1,0.7994748552878473,3,3,1,0.363911067608481,1,0.6852751797567347,0,0
1441,-0.17778237326632118,0,1.6803907995710616,0,0.3778374164617617,2,4,1,0.4658826412196492,0,1.1434773357386872,1,1
1937,-0.23754631652030145,0,1.496754736047699,0,0.22032366261240266,3,4,0,0.3423512318856605,1,1.1736795809825809,0,0
50,-0.06776807261619955,1,1.3372275468586914,1,0.9112934106552761,4,5,1,0.4492185087140868,0,1.0448156766479881,1,0
893,0.7547209828536068,1,1.6444242375184486,1,0.5360969850685917,2,4,1,0.46479129097639865,1,1.1168506321197984,1,0
284,0.22626473084316795,1,1.4598387647619289,0,0.9614310980271203,4,6,1,0.43457496116270855,0,1.0026658665133519,0,0
2272,1.0370388922119453,1,1.4625492523504082,0,0.3264250957858674,3,5,0,0.4480543442282855,0,0.9997553017144633,0,1
2200,0.726029423557944,1,1.606474480832599,0,0.16597559978911036,1,4,0,0.4123996015282896,1,1.0148475972295816,1,1
579,0.4523684360163398,1,1.6477595839816042,1,0.38451392810789276,2,1,0,0.470990275134943,0,1.203648549764859,0,1
2166,0.30003842982667306,0,1.6488458224719642,0,0.5072115651826573,2,1,0,0.434208670812939,0,0.9700368634845181,0,1
1804,0.4110651787542669,1,1.6389300746579312,1,1.3420945071443882,1,6,0,0.580150840791167,0,0.9616408911261362,0,0
1657,-0.3656504870590144,0,1.5350957887525227,1,0.29840257560664296,4,1,0,0.5308202857193369,0,0.975594009844891,0,0
1370,0.503149595890329,0,1.5511478081724341,0,1.2063362226840975,1,2,0,0.4984930566770547,0,0.8201969183004116,1,0
2255,0.8992622807498012,1,1.5908365040243795,1,0.9315833806069476,1,1,1,0.5672346770499914,1,0.9387059364881953,1,0
53,0.9404638969352621,1,1.4504768041249585,0,0.8804148520014097,3,1,1,0.5700073159456318,1,1.0386469746514126,0,1
651,0.6269835484281157,1,1.6316126859140654,0,-0.07815702382534673,1,2,0,0.4422800622082902,0,0.9584485435825794,1,0
425,0.5124214014796759,1,1.4319027716826958,0,0.44574106588177675,4,5,1,0.5671689915761986,1,1.2061810447357546,1,0
1876,0.6772619981404436,0,1.3624974392362426,1,1.0384777518215569,1,2,0,0.4228742427096509,1,0.747729146193767,0,1
2112,-0.3781131970558025,1,1.4381780166973264,1,-0.6191534192986956,3,1,0,0.520204882816421,0,0.8520407921276122,1,1
138,0.8407219673327967,0,1.4836058696498227,1,0.3225783228642795,4,4,1,0.6628515827960146,1,1.0777724290816457,1,1
2288,0.3128573528050292,1,1.518724611446553,1,0.955573697918936,4,3,1,0.542851982859562,1,0.7536857440382059,0,0
171,0.8338859911062326,0,1.496448099371543,0,0.6865046161617117,3,1,1,0.47002674605997175,1,0.8424061528386105,1,1
1155,0.6160696148089506,1,1.5568642724282815,0,-0.5271247049237773,2,6,1,0.5199119335051328,1,0.787455788910877,0,1
1428,1.0112552858910924,0,1.394139877621461,1,0.7596952241815025,1,1,0,0.5222183848272172,1,0.893965969479986,1,1
138,-0.3070982715995558,0,1.4533081312677953,0,0.2817278333014329,3,6,0,0.4371544455693536,0,1.0820040056962306,0,0
2225,0.6224761069100313,0,1.544832038378672,1,1.0913615212856635,3,4,0,0.6417017116950373,0,0.9889981655052823,1,0
205,0.4192638999620889,1,1.4981236905800026,0,0.7928692355067848,1,5,1,0.39744918329326145,0,0.7368041104099816,0,0
1746,-0.17498277942021678,0,1.5226919307437403,0,0.19425486137009706,2,6,1,0.483147799859042,1,1.0349384881696213,0,0
1122,0.21936273940317214,1,1.478970634015574,1,0.3328738170864104,4,4,0,0.40514590822075014,1,0.91986990852733,0,0
431,0.5354420827841557,0,1.5578965178764754,1,-0.045547962635061445,4,1,0,0.43128154558836806,1,0.7246335602701564,0,1
2370,0.04771720949180974,1,1.3577512090607948,0,-0.024182557347738998,4,6,1,0.46429533204807893,1,0.7638678491386939,0,0
1565,0.5754384219966086,0,1.4744445209695418,1,0.5646165229022443,3,3,0,0.46515795628364487,0,1.1065285705133852,0,0
707,1.325899398319625,1,1.5055298261747003,1,0.5807177987926577,4,2,0,0.35670783852428867,1,1.0443264221733997,1,0
344,0.34010439554068794,1,1.4619742651209093,1,0.3774526293018531,1,2,1,0.4743081482826849,1,1.0102385667076708,0,1
707,-0.2565959954115832,0,1.4667578654958016,0,1.6165086420173087,1,1,0,0.42257889185355063,0,1.1193082220855717,1,0
253,0.8003206572827203,0,1.6092174697252628,1,0.6868746207712648,2,5,0,0.4333946288352672,1,0.8588452322461583,1,0
193,0.06689990667420798,1,1.527577470143344,0,-0.03156708074895209,4,6,1,0.44468785708240083,1,0.9492326935345938,1,1
1602,0.31981825082657395,1,1.509964811974571,0,1.2551243714423879,3,6,1,0.5674468733801583,1,0.8975173194027567,1,0
949,0.4288420697883433,1,1.4492276741241805,0,1.3284293132662488,1,2,0,0.5279124586436643,1,0.9478229678541784,0,0
760,0.803174033256393,1,1.6501083664989111,0,-0.5093827758711886,1,4,1,0.4743995730459981,0,0.6446324710870317,1,1
1671,0.34080215196876174,0,1.7766892830321357,1,0.5920435450833624,1,4,0,0.40799135676801646,0,0.7590277391985403,1,0
1792,0.4116169039884019,0,1.5767452703923814,0,0.39991625161030175,3,6,1,0.4602371946580739,1,1.0040200253688376,1,1
562,0.5688692455598559,0,1.7703402760515938,1,0.39267871215858924,1,3,1,0.4673302608210105,0,1.1700878387582847,1,0
2026,0.7575697747417811,1,1.374787789014362,0,0.3437644302599092,4,6,0,0.508487579670033,0,1.104556725209243,0,1
2331,0.34803455499180636,0,1.4511035041914369,0,0.3445139977045945,4,3,1,0.49184497759462065,0,1.293986548879627,1,1
1489,0.6906831589082159,1,1.3048042953720909,0,0.9192392525448657,4,6,1,0.4242080499090366,0,1.187487182208015,0,0
2340,0.8644349884976632,1,1.4082730491056852,1,1.1389002669429162,3,3,1,0.45765701125750663,0,1.070808192318908,1,1
953,0.6354557196732571,1,1.5282097946523225,1,0.029371552994515326,3,4,1,0.45148686179420205,1,1.0323337984638374,1,1
624,0.3946064260106926,0,1.6789703703915726,1,0.6328753472045541,1,4,1,0.4480181900699601,1,0.7000948099086737,0,0
559,0.05906695043909643,0,1.378297169203648,1,0.5203407810030672,3,3,0,0.3959153397153457,0,0.7937374470935812,0,1
55,0.44466644638936437,1,1.3503734699162255,0,0.8300034319603145,3,2,0,0.36906362451597313,1,0.9126315687764848,1,0
2143,0.4751445403043767,1,1.3859006733462673,0,0.9207678090882361,4,1,1,0.6038521910399935,0,0.9763618279779539,0,1
1697,0.4227130925455849,0,1.545683965286765,0,1.2114807578954787,1,6,0,0.6113957990026373,0,1.2400090537598323,0,0
1564,-0.12378079404621645,1,1.4384939151136327,1,0.16491662773126348,2,2,1,0.46969461730443485,1,0.6685905269532255,0,1
1035,0.14728343262971239,0,1.398562820219762,0,0.5587364750712083,3,2,0,0.38459092897490854,1,1.0597316727228294,1,1
690,0.5420355137592646,0,1.4478304852718238,1,0.4658572351020724,3,5,0,0.44190697216852104,0,1.1981398738830764,1,0
1665,1.387754653095155,0,1.6149924390490908,0,0.8666963727053325,4,5,0,0.4224847498995792,1,1.0862915905020822,0,1
54,0.278015443944044,1,1.5114683259744468,1,1.3492801906840655,2,4,0,0.6111763015954148,1,1.2232247409959456,1,0
1242,0.4227244600473939,0,1.5055091068130506,0,0.08675588348759072,2,4,0,0.30905910189588903,1,0.7925350386136443,1,1
1432,0.410191998166295,1,1.4036810706218181,1,0.7981069897672679,3,1,0,0.46543022431117964,0,0.8404223956771254,0,1
1045,0.05492783658319095,0,1.4346891874029997,0,0.13438935059490775,1,4,1,0.5083939142320074,0,1.0656218407723343,0,1
1860,0.5007797746687805,1,1.476123821153785,0,0.5249721478815018,4,5,1,0.5539652070979045,1,0.9324927782692,1,0
2207,0.7115046564744303,1,1.4189266893276575,0,1.0151104594579132,3,4,0,0.534957203913361,1,1.1696062859560215,0,1
1181,0.9507493809554731,0,1.4977979178415233,1,0.8531429675779425,4,1,1,0.5613166358373306,0,1.2534232061287691,0,0
202,0.18292671239837677,1,1.5373645917382803,0,1.383698977615062,1,3,0,0.5726497966306004,1,1.1650329640910324,1,1
834,0.03604295150490544,0,1.4288212851532298,1,-0.20106840224371358,1,2,1,0.37661004453076846,0,0.9663527238471327,1,1
2320,0.7598709410040918,0,1.351363785582236,1,0.7874280844711468,4,2,0,0.5088943869791522,1,0.8178351180675334,0,0
1371,-0.5057404278183548,1,1.479727223726225,0,0.16891651886259196,3,5,0,0.3694452827305511,1,0.9122621784067668,1,1
1439,0.2875128797618234,0,1.6235476482047941,1,-0.07088753825534289,1,1,0,0.46354299395227455,0,1.007295209495987,0,0
150,0.37764772150088227,1,1.5811255811859177,1,0.31092310521411404,1,1,1,0.33591920464323355,0,1.1344827142835927,1,1
928,0.9190710148098646,0,1.5285303618652946,1,0.5526420533817378,2,5,0,0.5015927029409676,1,1.1440124874154702,0,0
1893,0.47290580792843906,0,1.5832923855924705,0,1.4413998691125705,3,2,1,0.5994265947445543,1,0.987340423332007,1,1
2356,0.6126781101650077,0,1.4151283217081054,0,-0.44546695553255655,3,1,0,0.34657390383230546,1,0.8603647989992589,1,0
619,0.31069472234614526,1,1.5723406783333136,1,-0.5563002110747468,2,1,1,0.6128909923121822,0,0.8493541908350116,0,1
1647,0.14441929840925838,1,1.4787594260295596,0,0.62120189498728,4,6,0,0.3895225784566235,0,0.6480795363952425,0,0
1947,0.3687709035754343,1,1.6209997794590394,0,0.41511582793684443,2,4,0,0.43676022701064543,0,1.0692648739238875,1,0
1755,0.8700436204280563,1,1.4590614931050305,1,1.1915733467629317,2,3,1,0.48038890719068983,1,0.9085599655931349,0,0
1080,0.3104328552958997,1,1.540915973126611,0,1.059742123890638,4,5,0,0.3752676155460357,0,0.903354154876727,0,1
1370,1.368975043450696,1,1.3877584336977458,1,-0.10319403086303258,3,4,1,0.4542042670579834,1,0.6383282012141808,1,1
627,0.3055534239981291,0,1.6076489764265562,0,0.7266488367782089,2,5,0,0.3823327208143038,0,0.8782427381628515,0,0
673,0.6205362017168556,1,1.4846775611544907,1,0.7941316963235623,2,2,0,0.6131867984837659,0,1.03633495668365,0,1
1118,0.43181081920191655,1,1.4576136065824539,1,-0.4188983851444098,1,5,1,0.46975288389815417,0,0.7214155933510078,0,0
1889,-0.638411785609112,0,1.7248541248038727,0,0.6822310534206848,3,6,1,0.44713697144406606,0,1.001094758370441,0,1
344,-0.26853712639644345,0,1.5701440704011238,1,0.09312019843852731,4,2,0,0.4819191790073146,1,1.3022815041244467,0,0
1568,0.15467853586946506,0,1.214040577657372,1,0.6153391573978158,4,3,1,0.398320346870062,1,0.786708678610483,1,0
2306,0.684448925362878,0,1.5208570967702393,0,0.6234436502187419,2,5,1,0.5188476140003954,0,0.9124019562763206,0,1
1107,0.8783494403150325,1,1.6408880010416627,0,1.0304707944831546,2,6,0,0.5092929777867534,0,0.7392014377629745,0,0
791,-0.06203407245335435,0,1.2940373402496008,0,1.1399418453195787,2,1,0,0.35975394316165576,1,0.8108182206257606,0,1
1485,0.5798496952358831,1,1.2727662506791966,0,0.41006775599783385,3,6,0,0.45862718480511727,1,0.6090615466536515,0,1
529,0.24198901707433246,0,1.4365007300218802,1,-0.05428341077120402,2,4,1,0.493639696185996,0,0.8120644895155137,1,1
2223,0.8031058931613688,1,1.3223637532600034,1,0.6275995846160919,4,4,1,0.5020049115505428,1,0.9269005246804362,0,1
1844,-0.1932226872560534,1,1.20449553987312,1,0.7013935173155061,2,4,0,0.3186168431747536,1,0.8790377080026466,0,1
5,1.0994887237680075,1,1.3945107202122486,1,0.6057535973268398,2,4,1,0.5192887552231247,1,0.822875881612716,0,0
2062,0.8271798087778925,0,1.3699329059851757,1,-0.13367793221146085,2,6,1,0.48753410144052267,1,1.1009197713467573,0,0
781,0.36828354917278205,0,1.5159457836794974,0,0.17666409423144197,3,2,1,0.47319934581208245,1,1.0673308415745302,1,0
195,0.5517845787419026,0,1.4299934707757915,0,0.667905399629891,1,3,1,0.5829755939784741,1,1.0203715254954575,1,0
1297,0.34609075504467496,1,1.437285409165096,0,1.0973351715705038,3,3,1,0.47574473525896993,0,1.2238482479975004,0,1
2013,0.23774393370180003,0,1.4709606516563372,0,0.588249236488792,1,3,0,0.4387504383710675,0,1.1988300977476303,0,0
1602,0.7486426951043528,0,1.659922113163528,0,0.9419830006348897,4,2,0,0.4721842610142995,0,1.0095842202923355,0,1
6,0.029258035070129196,1,1.410524832938814,1,1.157421637426451,4,3,1,0.5143686228733106,1,0.8702304962353198,1,0
1969,0.7304598151556686,0,1.4757432007327806,1,-0.09027716747064407,2,1,1,0.5509989388067229,0,1.0026177879221911,0,1
1391,0.9878182505772208,1,1.482899956780954,0,0.6556857333629481,4,6,1,0.6122363077661496,0,1.1494424080543415,1,1
1648,1.3602250617436566,0,1.5809609045228201,1,0.39667956767970125,1,3,1,0.5633754715019736,0,0.9506980876842192,1,1
1747,1.066943847047514,0,1.4676735606874072,1,0.7874547304098412,3,2,1,0.5787949657510952,1,1.106076988685163,1,1
1076,0.4298634174909822,0,1.4497595421046712,0,0.1195646042846068,4,4,1,0.4818361374126816,0,0.9861475498279181,0,0
1020,0.9739972901394194,1,1.5069423960034956,1,-0.20562923293427415,2,5,0,0.5316618857588382,0,0.9472219393278721,1,1
2233,1.2038396890188872,0,1.6417906618248503,1,-0.449951884394463,4,6,0,0.6120312767508129,1,1.134407109007005,0,1
1684,0.2176644893782071,1,1.5719533433003636,0,0.5380649898905896,3,5,1,0.34610753109173564,0,1.0674051367730184,0,0
2152,0.4747761853148597,0,1.5908975951325732,0,1.3266741142241534,4,1,0,0.4601635277233527,1,1.2396310905408967,0,0
2045,0.5267702310488156,1,1.5804290786339354,1,0.45866227841591484,1,5,0,0.5316145056206724,1,0.9455737873387803,1,0
1586,0.4699968649635606,1,1.528567417588458,1,0.9106732192539218,2,2,1,0.40080203670080194,1,0.9414080511621337,0,1
1669,0.7607303289110432,0,1.5133288389964035,1,0.3477359212531893,3,3,1,0.5031196859082313,0,1.0431880565145453,0,0
1633,0.7300224121057544,1,1.6504197483830685,0,-0.3881417012942985,1,5,0,0.45146144101933233,0,0.9057608871172382,0,0
539,0.3639741655181204,1,1.4178109681097535,1,0.7745526069865428,1,6,0,0.46389759779160517,0,0.989120089846144,0,0
2026,1.0358645124892634,0,1.602149360376705,1,1.5543374290531302,2,6,1,0.5353090445439622,1,1.1580543228092308,1,1
1450,-0.1033393714319204,0,1.6079572058791638,1,0.03559654951443825,3,5,0,0.6321400734658207,1,0.8645741366659548,0,0
272,0.35485940658056003,1,1.5263473385234119,1,-0.19175050928008008,4,6,1,0.5405331310267123,0,1.128978597783067,0,1
625,0.3504431975729556,0,1.517214850536747,0,0.3982182414970057,4,2,1,0.453614028288703,0,0.9543781709853992,1,0
933,0.3150323284444815,0,1.5024210340713582,1,0.7373271676170365,2,6,1,0.4124143228452907,0,0.9437935544588212,0,0
1463,0.7394059575681611,0,1.3569651227004804,0,0.5239568432461696,2,3,0,0.6333146145490289,1,1.2171310476745192,1,1
2100,-0.20583803827290592,1,1.7894331502666192,1,1.9009818955350453,2,3,1,0.5015729464848173,0,0.6865323012775556,0,1
620,0.701546322024629,1,1.5077222407580848,1,0.4683769825704168,1,6,0,0.5216625487176039,0,1.0922800596605613,1,1
1435,1.0616377046086058,1,1.640555889130421,0,0.44221217959669024,4,1,1,0.4477741865072526,1,1.1312163829634776,0,0
0,-0.13690049478254085,0,1.4315422579217598,1,0.5023344465548215,1,5,1,0.46656885057170355,1,0.8348790991388949,1,1
1100,0.03567153807264467,0,1.2687148473315317,1,0.8471322209481016,4,5,1,0.505315596908648,1,0.8870650778606332,0,0
465,0.8028562247039545,0,1.657082043729294,0,-0.006061520896427863,2,2,1,0.39179993704651894,1,1.2957104324159512,1,0
714,0.4656309774654067,1,1.4695378038133748,0,0.23288879734581353,2,4,0,0.41714365514531515,0,0.9821998144251226,1,0
1333,0.3570691975148199,1,1.4329759455244762,1,0.6041326210598912,2,3,1,0.46717935523798637,1,0.9444995400347005,0,1
1242,0.07220112454239008,0,1.500747439395213,0,-0.1269349454784635,3,1,0,0.6442542461975977,1,0.9618781443581211,0,0
1427,0.25059352985259975,0,1.4652587735895883,0,1.0567476501905602,2,1,1,0.4901227483006763,0,0.9087184964789561,1,1
1409,0.7123267372476674,0,1.573160082923124,1,-0.12553325207261734,4,2,1,0.6614680215803654,1,0.9176459318499931,1,0
680,-0.2530886944201701,1,1.3663399181334674,0,0.21554033129103434,1,3,1,0.47167075509445594,1,0.7652909621531484,0,0
14,0.4083886684209003,1,1.502101356675225,1,1.0012277203473192,3,2,0,0.6358086065782552,0,0.9803711265144964,0,1
717,0.4006565825352581,1,1.3439135911131923,1,0.5373866661074651,4,1,1,0.5881186572772715,1,1.0681094380669642,1,0
1805,1.3942384987936505,0,1.5966275355256345,1,1.2028344161505133,4,6,0,0.5579020098864148,1,1.0186649035240274,1,0
1747,0.9555337745673597,1,1.4839856748036448,0,0.7387543792547404,3,2,1,0.4329739035672047,1,0.9281081664189187,0,0
531,0.8572592864702824,0,1.4579109545220574,1,0.15484673341800365,2,3,0,0.43815346509940606,0,0.956349495493686,0,1
922,0.737386828338392,1,1.3941970015147673,1,0.45254399565970055,1,2,0,0.5474920135389871,0,1.1498084911816935,1,1
815,-0.15389070923179127,1,1.4144343824362966,1,0.27801714280814105,1,5,0,0.4673941596402255,1,0.7440767771731981,0,1
2000,0.1351051713431679,1,1.5107273658986509,1,1.3285790200929255,1,2,1,0.36234701925944995,1,1.0003487898147894,1,1
1942,0.24739894899476478,0,1.4510899774703647,0,-0.009452046369305744,4,3,0,0.41706309323980595,0,0.6471012764082638,1,1
40,0.9045113332291785,0,1.673817688297437,0,1.3271154222527153,3,2,1,0.47865865175960975,0,1.0595871370563257,1,1
1283,0.40575509503260715,0,1.4614696265330804,0,0.4149550973472448,2,6,0,0.5519937433156429,1,1.0930843050590364,1,0
964,0.33934901438117526,0,1.45181498555151,0,0.2392955754763691,3,2,0,0.48730315373079697,1,0.7694216063299038,0,1
1909,0.6609170234275457,1,1.4243905862107165,1,0.5063464569822423,1,2,1,0.38638456946152583,0,0.9966586396484529,1,0
1513,0.9403835447563941,0,1.6248324532947445,1,0.30415245091830967,2,2,1,0.43091922310606423,0,0.8009550979393472,1,1
1400,1.4264498975577093,1,1.402211964017841,1,0.940605483987943,3,4,0,0.48348228661022075,0,0.7114294588076555,0,0
1873,0.5806572059042686,1,1.2360698546014166,1,0.21374363969426857,4,2,1,0.43224674128726165,0,1.3112611398891183,1,1
2283,0.21848152332208925,1,1.4541619189846509,0,1.1443964577282268,3,1,0,0.4731547185929194,1,0.9300236426643258,0,0
1515,1.112059213349058,1,1.5359033958442965,0,0.6484564644824078,3,1,1,0.406020389826726,0,1.1232724930565379,1,0
2325,0.5764355511415833,0,1.363297677922839,1,0.31391450287151407,2,4,1,0.48252380884619334,0,1.0310163340187484,0,0
309,0.5990643665732713,1,1.543751411921603,1,0.5270729431121985,1,2,0,0.7273579175112763,1,0.9385526288068642,0,1
1594,0.864738709704647,1,1.3564258122204094,0,0.11248056595962241,1,6,0,0.5238996554782623,1,0.8664651538879233,0,0
958,-0.3534931144887419,0,1.2370914740415517,1,0.5301726091796297,3,1,0,0.46138039604657294,1,0.6580869687592006,1,1
1548,0.9536147718540496,1,1.388849502237711,0,-0.532270624471191,1,2,0,0.4376314499996672,1,0.6787471955996911,1,0
714,0.7693499555920449,0,1.4147877033056764,1,0.09714230064561102,1,3,1,0.5498944457871068,0,0.9125148850057169,0,1
2252,0.590438870875956,0,1.428339492738914,0,1.0124673321680229,3,6,1,0.4112645671185762,0,1.0711195333385377,1,0
1450,0.6925536771480816,1,1.6400118288373706,1,1.5068090933694582,4,4,0,0.3718828506728807,0,1.261826810993453,1,0
1300,0.11519493708190509,1,1.586320874527185,0,0.28008420735479556,1,2,0,0.5313325161262874,0,0.9726434984168832,0,1
502,0.1487420042137942,0,1.7517636169042736,0,0.5307490140111113,3,5,0,0.6237416538630011,0,1.2246336430546498,1,0
92,0.366121118334788,1,1.60924178332348,0,0.18335287805958334,4,5,1,0.4879360181577358,0,0.9809379000690098,1,1
1588,0.760344854752416,0,1.473875838834096,1,0.9165823689795851,2,4,1,0.4001961666277289,1,1.0183985660938375,1,1
525,0.3501717163295254,1,1.431029337053408,0,-0.3082099032528468,1,2,1,0.5294959910534293,0,1.189770421684925,0,0
1703,0.41458512763685595,0,1.2719736919293267,0,0.578885048771047,4,6,1,0.5078951704912988,1,0.9778660681006193,0,1
2208,0.14699177401177427,0,1.443069284995039,0,0.3254484006864048,2,4,1,0.5080895474844167,1,1.3381134666459649,0,1
1719,1.27040285588287,1,1.5617503896897538,0,0.683825839480426,3,1,1,0.436905905532882,1,1.0580853033929687,0,0
1032,0.8268536399701996,1,1.5034368182584072,0,0.691562284163421,3,1,0,0.6027642922669207,1,1.0770356177265912,0,1
1355,0.16919498421580337,1,1.3633122075892752,0,0.26622751106403164,3,4,0,0.48508015611216815,1,0.9342276586665113,1,1
223,0.9823814508391837,1,1.5266284890682011,1,0.7401278633268171,1,3,1,0.6361558822679796,1,1.3447152652953505,0,1
1527,0.5198143847080402,1,1.4719500609994547,1,0.06693727153911411,3,1,1,0.4897187408898579,1,1.0290164855539312,0,1
906,0.7044451189983657,0,1.5450006048707468,1,0.29169540195637433,1,6,0,0.5540967160421889,1,0.9501788626850451,0,0
1241,0.886486104634542,0,1.4558066429544396,0,0.24327234600527375,1,1,1,0.6471105171514383,0,1.1618115529731945,0,1
125,0.6317279489938328,0,1.568179057513848,1,1.3965252844531164,4,3,0,0.6098010748105389,0,1.0221917220572916,1,1
123,0.2918435483636095,1,1.410314022296138,0,0.35407651677290425,2,6,1,0.45055567981235684,1,0.7287996590284178,1,1
1198,0.2916317196364717,1,1.5752769423328712,0,0.8015376302349657,4,3,1,0.4225828991565217,0,1.1249706203634722,1,1
945,-0.11853325510735424,1,1.580214545383621,1,-0.44209373511442107,3,3,1,0.49463350299796777,1,0.7883798130595608,0,0
748,0.30993329859744456,1,1.4448938268622937,0,-0.3931513685137382,3,4,1,0.5284963343799375,0,0.7983004222610965,1,1
1275,0.6908958539068636,1,1.4235382710145545,1,-0.41543146262346053,2,5,1,0.38743668560580435,0,0.9981475900856807,0,1
1361,0.5500469809256688,0,1.4965316903871946,1,0.9978341296261143,3,1,1,0.43966404968360095,1,0.8209866934875621,1,1
23,0.5759654519889137,1,1.5446760958961165,0,-0.06832221533000127,4,5,0,0.5272972024431511,1,0.7085983221906542,0,0
1370,0.1380047340041482,0,1.5461273929986534,0,-0.7648396477646286,3,4,1,0.5519958093199616,1,1.1358441691608363,0,1
281,0.5728990045820632,1,1.4895386582882257,1,-0.04959585067249728,2,6,0,0.47132186509176227,0,0.963965972441054,1,1
2056,0.5360333408539165,0,1.2982420446092473,1,0.39543628683642446,4,1,0,0.5218923922631477,1,0.8447040557278936,1,0
1933,1.4398893058937605,1,1.5312507360610865,0,0.9331350720936127,2,5,1,0.5130775168441146,1,1.060172773171248,0,1
357,0.9800643724094276,1,1.5435671210719164,1,1.0303907826921053,4,6,0,0.46780962646580854,0,0.9612629765455014,1,0
1601,0.4711416198691506,0,1.4830784622474817,1,0.9735664306695763,2,1,1,0.5693434844093683,1,0.9886192608249199,0,0
873,0.017558223443143783,0,1.7100419376951879,0,-0.3003287474650387,4,6,1,0.3754813535014749,0,1.066890538024554,1,0
1233,0.3208237434774821,0,1.531208993849816,0,0.7950800216903728,1,1,1,0.4264607239165829,0,1.2058944600083397,1,0
964,-0.090280291575495,0,1.4648608060726114,0,0.05083503151277663,1,1,0,0.5239477708656616,0,1.1684225639066095,0,1
925,-0.045805148754065605,0,1.6897703650654372,1,0.8103710955559515,3,5,1,0.5530596937467416,0,0.9740920469816325,0,1
330,0.5625614386799814,0,1.6355983299530408,0,0.7471523250313963,1,2,0,0.3602626543638663,1,1.1703939442859244,0,1
882,0.36223324291514203,0,1.591349009862238,0,-0.2608554513483785,1,3,1,0.5254608999034021,0,0.6637930745606684,1,1
1877,0.8929558876971234,0,1.5108406059081239,1,-0.08501509017574449,3,1,0,0.49848713755465834,1,0.7308964616581047,1,1
2113,0.6714730181534313,1,1.4216656754604984,1,0.7619603697873443,2,6,0,0.6238184591543167,1,0.8348971976482028,0,0
1834,0.3889345275247799,0,1.5998421657509327,0,2.2081425304346225,1,3,0,0.4694347103440195,0,0.8201213338093657,1,1
1693,0.16156296743829351,0,1.6321030996980963,1,0.6030175617091821,1,5,1,0.510933561803047,1,1.2252085872986598,0,1
38,0.6515270785110316,0,1.601996196797432,0,0.984629615069031,3,1,1,0.4957163195886495,1,1.2060948291664777,0,0
1256,0.8616759727573997,0,1.5130000128449035,0,0.8795497973349287,2,4,1,0.4306364245746749,1,1.100713724945585,0,1
362,0.7300911893290034,0,1.4458710395634138,1,0.9712389386165454,3,2,1,0.5076392426338644,1,1.2805453927362702,0,0
1728,0.4673648785051821,1,1.2584337730924862,1,0.41495141726780477,1,1,1,0.5365880709136618,0,0.7423709151895903,0,1
1774,0.7287811121450778,1,1.5076617881000713,0,1.4326479321578103,1,3,0,0.5272522996043182,0,0.8522680766745068,1,1
2005,0.5306281093003645,0,1.5887555681400722,0,0.12219192547751373,3,1,0,0.368213861311885,1,0.7070860495257905,1,1
2274,0.07505894043459188,1,1.6003081576469695,0,0.7821633271389097,4,6,0,0.4726660977996211,0,1.1028113215205382,1,1
1256,0.8857427914636461,0,1.5510222203322808,1,0.4329677734765592,1,6,0,0.48169022581800125,1,1.2778930315048598,0,1
1338,0.03868109299607514,1,1.5349866825701215,1,0.6101571317204456,2,1,0,0.46043203324699106,1,0.8413934799809148,1,0
363,1.0362020965174445,0,1.4563191396086534,0,0.5405758035203521,2,4,0,0.640068957331331,1,0.8805630652629437,1,1
882,0.7384604807161548,1,1.567411882685469,0,0.9809818219633945,2,2,0,0.626798963400082,1,1.0016423624103925,1,1
615,0.5453241855796956,0,1.4887192112598053,0,0.616128201497293,2,4,0,0.4036507044031423,1,0.7820183183375538,1,1
251,0.7282069052521816,1,1.5133541010625617,0,0.024793574629427995,4,2,0,0.3919625488979318,1,0.657213637248072,1,1
752,1.0708529316919138,0,1.4899811579515794,1,-0.016859231564207655,3,2,1,0.4527222976287608,0,1.2595585352372658,0,1
1465,1.0200603934087407,1,1.5290118977274347,1,0.9989710782181496,3,5,0,0.2967033283775327,1,0.9663138575299,0,0
1644,0.4187572001465141,0,1.565330505952719,0,0.8969412393497845,2,4,1,0.5870661771822493,1,1.0021781583471954,0,0
709,0.7450004398906923,1,1.538533966120913,1,0.3605654429952763,4,1,1,0.4193991975331118,1,0.9245517634111015,1,0
979,0.17882041512337365,0,1.5191399552821874,1,0.5004657338040315,4,4,1,0.46644087991873984,1,0.940854473367217,0,0
1253,0.3401044236292736,0,1.6284114223033166,0,1.505371121495717,1,4,0,0.4618025619374783,0,1.169115905116045,0,1
1238,0.7261163957937293,1,1.4649151507612168,1,0.3440473668874007,3,3,1,0.45107375373477937,0,0.8128454826555033,1,1
614,0.5176378658210314,0,1.4707930849659658,1,0.14732819828996369,2,3,1,0.28591067001472315,1,0.7269046535805077,1,0
797,0.8265265301636091,1,1.3855668278581064,0,0.15654424091673502,2,1,1,0.4114161288966913,1,0.881211028363017,0,0
236,-0.16099833372144623,1,1.485308749451087,0,0.17979425374809738,2,1,0,0.4886185890833933,1,1.2373952171963238,0,0
1803,1.1439165642707056,0,1.5957035067497038,1,-0.36287193344805024,4,5,1,0.413470228270536,1,0.9898139606199279,0,1
1853,1.349696094677749,0,1.596239755079201,0,0.14896271117237325,4,1,0,0.42645451033372367,0,1.0034282295310557,1,1
944,0.334653678975953,0,1.6466248906849568,0,1.1165510291467187,3,5,1,0.6091689359390009,0,1.2193947884453702,0,0
1480,-0.3235587805163255,1,1.4869983012485932,0,0.4366716535944696,1,2,1,0.4905874728096244,0,1.166143086517843,0,0
1502,0.6554345292187587,1,1.6144015060281391,0,0.7167245774001116,1,1,0,0.5308059644860459,1,1.0661021072971477,1,0
1788,1.0204092389633286,1,1.562564812095495,0,0.3771313240486721,4,6,1,0.45886039675704304,0,0.8639464475374755,1,0
1415,0.6597173278357104,1,1.5327903582243174,1,-0.6397173779482543,1,4,1,0.4316215487008154,0,0.8809559634217519,0,1
1442,0.3535223398826575,0,1.5264543849506242,1,0.21527009189463714,1,6,1,0.43468909021241026,0,0.9439785120954286,0,1
2100,0.482236309902199,1,1.4688427435135893,1,0.48390703589483447,3,4,1,0.5199152661062388,0,1.0596612044093427,0,0
1878,0.6963057934397776,1,1.5322139528918153,1,0.2076584996694692,1,3,1,0.47031399114532646,0,0.7247449279809898,1,0
1387,0.7597438654647273,0,1.4848663688104946,1,1.067768593993209,4,2,1,0.43897634988567724,0,0.9299596928193761,0,1
2325,0.6349968182555545,0,1.4987056901867528,1,1.0832134189351703,4,6,0,0.41860554278165685,0,0.9105872613792514,1,1
2193,0.3693193446519347,1,1.4979818145509964,0,0.4367810003882177,3,4,1,0.5783071720270128,0,1.105594649438029,1,0
71,0.0876271919449726,1,1.414677727754867,0,-0.44338686810431915,4,2,1,0.41201287969240613,0,0.9223743206815445,0,1
2108,0.3242986652695612,1,1.4385774035553462,0,-0.08999823925013395,2,4,0,0.5112131350782628,0,0.925434525534717,0,0
1326,0.9544825272746965,1,1.588106341361244,0,0.7047314340047977,2,1,1,0.2987230636338194,0,1.0250252097503767,1,0
479,-0.3370475223019912,0,1.5021679936508219,1,0.07509178524258814,2,6,0,0.48418113351952685,0,0.6905441294080114,1,0
2030,0.23263189816505153,1,1.5490724128438216,1,0.3568769817104574,1,1,0,0.5060429172020605,1,0.9235505997794927,0,0
2141,0.14132642746659946,0,1.5487467716052086,0,0.8643572590480484,1,6,1,0.5382937663796251,0,0.9189521229008616,0,1
14,1.002110397639611,0,1.3601649435677265,0,1.7566148404768442,3,6,0,0.36917658715736695,1,0.9659822936826303,0,1
1490,0.5447086844693748,0,1.41030991423652,1,0.17900734753609215,2,6,0,0.34903003171632857,1,0.8782360838242201,0,1
566,0.337904689072968,0,1.5487914374238376,0,0.23425491728286385,2,2,0,0.40320264783035176,1,0.7577553024104201,0,1
61,0.1772516190379379,1,1.3969048182942565,0,0.17040224711779278,3,4,1,0.24760364424649517,1,1.2014757267519143,0,0
209,0.4858503828446355,1,1.4710779735258337,1,0.2287830622662918,1,1,0,0.5170996270843685,1,0.9022935339393808,1,0
1937,0.31462166051161133,1,1.5171550262748645,0,0.8943410907024165,4,4,0,0.48912026300962996,1,1.1829119785108506,1,1
697,1.3284854140409283,1,1.5391789648740186,1,0.24030252148552955,1,1,0,0.6637282002079768,1,0.9696563645831772,1,0
1967,0.5664060517500068,1,1.4993579014451643,1,1.011298326574833,4,3,1,0.5698031917302118,0,0.9556225699886083,0,1
2032,0.7888066287428626,0,1.4871349949663677,1,0.40176375850499746,4,4,1,0.49674220359353527,0,0.841156095632826,0,0
1183,0.8907269382105518,1,1.5607333533738064,1,0.6087339966617854,1,3,1,0.41966940013700016,0,1.1244807856171715,1,0
1673,0.44270541071925035,0,1.4860272530899084,1,0.6276101821109381,4,6,0,0.47712790784844566,1,0.8861498614018968,1,0
804,0.5544804644165507,0,1.5993348412874855,0,0.23823259360003085,1,5,1,0.5615585675754683,1,1.0901842763582068,0,1
1990,0.8185156630832348,0,1.425900408417664,1,0.8335748620396641,4,3,0,0.2973535154043757,1,1.0755588097192914,1,0
1639,1.3792762372761675,0,1.4756853364995293,1,1.8421979096136663,3,3,1,0.48997360992265937,0,0.8446963952537299,0,1
1564,-0.2271842762706595,0,1.488110361735403,0,0.03396128513021435,3,2,0,0.4239731431312426,1,1.16165481336754,1,0
2231,-0.053159152090172856,1,1.6535778347201306,1,0.6091240334550192,1,5,0,0.4704250560832392,1,0.992253819749225,1,1
1787,0.7545379657458805,1,1.376415255863721,1,0.742701150544694,4,2,1,0.4132018542941595,0,0.998507632137373,0,1
50,0.0708189975699261,0,1.4618441756045404,0,0.14258795859799073,2,3,1,0.39314773098763106,0,0.7276267907327421,0,1
1055,-0.06189786615880999,0,1.419389126698511,1,-0.2897487904165629,4,6,1,0.433297697387384,1,0.9244214237091373,0,1
1616,1.5090077113540212,1,1.7587810841482738,0,-0.06277556879503032,4,2,0,0.4486264877343007,0,0.9365976787287612,0,0
618,0.5902189208685832,1,1.5423851153452088,0,0.6727868998671077,3,3,1,0.41255902679224304,0,1.208988376981793,0,0
1582,0.38418273179572016,1,1.4487188245921043,0,0.2626006416368504,4,2,0,0.6479676099616304,1,0.7532068694992546,0,1
2100,0.685873489826825,0,1.5125317988019726,1,0.03536091688657339,2,6,1,0.4408439609403202,0,1.1741917720120996,0,0
231,0.11509493479319055,0,1.479218711911774,0,0.3253924895252492,2,4,0,0.5026223882057111,0,0.8068074744973868,1,1
144,0.380803826902618,0,1.5488883638341497,1,0.4289024094487845,3,2,0,0.43547840041988206,1,1.2454950739713024,1,1
675,-0.012658079483638063,1,1.3200763314797699,0,0.41797743766164996,2,6,1,0.49439211316463866,1,1.1068092427761083,0,0
1993,0.2788166970685115,1,1.2937585340159177,0,0.6745105864019936,2,4,0,0.6813913914821927,1,0.795224877818227,0,0
754,0.6426347885694255,0,1.4965245241602787,0,1.0418404423385401,2,5,1,0.42984100948980297,1,0.5675744053677907,1,0
291,0.6701116610044552,1,1.412700525981743,0,1.0025965842883329,2,1,0,0.40563810573096404,0,0.9664042961865271,1,1
1024,-0.0008765083512359828,1,1.3908415776084526,1,0.718249334338221,4,6,0,0.46092403252678843,1,1.1988544706770112,1,0
2371,0.37072501988213047,0,1.468630027276422,1,0.9395350739125334,1,3,0,0.42093398699752277,1,1.1502015664841767,0,1
722,0.1989540102980707,1,1.5810576598110786,1,1.0141397965104526,2,3,0,0.5106699756659795,1,0.9682181303387631,1,1
524,0.45709799664803025,0,1.5042070311743003,0,0.5461514276578228,3,3,0,0.48058945353246263,0,1.022323770974291,1,0
454,0.34453049049445583,0,1.5026975207538473,0,0.07854572067560672,3,1,1,0.40833634812213776,1,0.9836282646045178,1,1
1152,0.5701524923828761,1,1.4859093953760782,0,-0.26826525965606274,4,6,1,0.4271586447824883,0,0.7817468477647568,0,0
450,1.088637232086099,1,1.5542001016774316,1,0.20587538693924823,1,3,1,0.4152048629856058,1,0.8244609861040173,0,0
2047,0.8499254650408711,1,1.7157590687447621,1,0.724338232140014,1,6,1,0.35588542949036417,1,0.8051878036638103,1,0
1435,0.13459768542222839,0,1.532446401138204,0,0.14812728743550313,3,4,1,0.41986763562560264,0,0.4799497360757242,0,1
674,0.6800003376903676,0,1.4394324026871528,1,0.5919201952363882,4,4,1,0.5788881695835039,1,0.7454497663687958,1,0
659,0.3880448279753689,1,1.6513462450172578,0,0.5108298909654464,4,4,0,0.4863712293417898,0,0.9509155410447173,1,1
806,0.055453112931177495,1,1.4607659416679561,1,1.0220944893959474,3,3,1,0.5286870911842593,0,0.8629017349129652,1,1
2291,0.4265767193439041,0,1.5662078257483825,1,0.9623686577757388,2,5,0,0.4775765616185803,0,1.1711605771559317,1,0
494,-0.26121969754229224,1,1.5405269936465045,0,0.6476486941142591,2,3,0,0.387841828604756,1,1.0021088479772893,1,0
1615,0.7662105787758894,1,1.5789509287103396,1,0.13991091813190865,3,3,0,0.5654502386277203,0,0.7132520869743666,0,1
1804,0.06938670447093442,0,1.4421794834831223,1,-0.42261529265359776,1,1,1,0.32666181419998097,1,1.1096506256686407,1,1
1622,1.6329183415761515,0,1.581270027376944,1,0.9274145436104277,3,2,1,0.6622873489309227,1,1.2145291098936366,1,1
211,0.752121889390422,1,1.3628828029509654,1,1.2372151699637086,1,6,1,0.4439160675270017,0,0.8188068012442554,0,1
1791,0.6599087047557718,0,1.6823042887360278,1,0.22582424295585035,1,3,1,0.544249473695676,1,0.868853749583052,1,0
2205,0.9927925087372779,1,1.6087984131586446,0,0.8408431546170143,1,6,0,0.4669866820961301,0,0.9095937350964106,0,0
521,0.10507770168796504,0,1.660482569438523,1,0.5595452737283141,3,3,0,0.4405624393880091,0,1.252282965553759,1,0
1564,0.7267449402569643,0,1.6360946371857268,0,-0.17865103744551614,2,4,0,0.3133635304065083,0,0.8659331508985648,0,0
183,0.5013146292237223,1,1.4614869741306806,0,-0.1637181048862626,1,2,1,0.4471138258286155,0,1.1183467793303847,0,0
993,0.6013560423191154,1,1.408721207984931,0,-0.2511126051905789,4,4,0,0.5222056435278043,0,1.023946887166609,1,0
2353,0.8031107376932409,1,1.5026934101744667,0,-0.20112261466958103,4,1,0,0.5603282125267507,0,0.7443004909620392,1,0
2289,0.890163684503744,0,1.436459337580624,1,0.2568044644828527,4,2,0,0.2979176758856034,0,0.5364063591069244,0,0
1419,0.8710123777529759,1,1.3864524578759114,1,0.6759945733366731,1,6,1,0.3709762680638855,1,1.2067571389001361,1,0
1025,0.33376602872177064,0,1.373115603478398,0,0.5513235774857481,1,4,1,0.3700853700550715,1,1.2712391392607327,0,1
293,0.6064040529269689,0,1.381097104300981,1,0.32336835075397835,1,3,0,0.382164652809663,0,1.0620111768782168,1,0
1974,-0.21428757406867127,1,1.6144782526487347,0,0.73515415353793,1,4,0,0.5442767505777426,0,0.9950482479208539,0,1
2164,0.2483823514739168,0,1.578815500600641,1,-0.0027328348888077114,4,2,1,0.6098974104360021,0,1.1663765956967274,0,0
1303,0.46151966225828167,0,1.5310916287694734,0,1.3519848125019007,1,3,0,0.520873580271144,0,1.1457386763013606,0,0
1659,1.4770204367462911,1,1.4348373272944561,0,0.50218031986382,2,4,1,0.45447049852631327,1,1.012759784782278,0,1
1112,0.9068052796227016,0,1.3927171978407076,0,1.0768347554846356,3,6,0,0.44784705624607085,0,1.0230604927887355,0,0
874,0.08962716337628068,0,1.607949120557143,0,0.8696716794326088,4,6,0,0.4236864641264683,1,1.0768787615339797,1,1
1228,1.4731499575791895,1,1.470061976008482,0,0.4022847795754371,4,4,1,0.44538742466685544,1,1.4042169586793338,1,0
1334,0.08596135922148118,1,1.482226842377391,1,0.16283067480252733,1,3,1,0.4376634665873862,0,0.7836154704708213,1,0
1341,1.181496836313345,1,1.3227890763273669,0,1.0317039641711894,4,4,0,0.5151386184074448,1,0.9470709391372398,1,1
2040,0.2875474899982209,0,1.5485160319930524,0,-0.4529137528350141,2,2,1,0.4286110079442733,0,0.5305096610093833,1,1
1902,0.9980016790041908,1,1.5514929117585412,0,0.29627589623659345,1,6,1,0.5133747554170789,1,0.6328765545595455,1,1
575,0.4286648177801015,0,1.5240148969412652,0,0.6019204477548581,4,4,1,0.6061265797338758,0,0.862522192372653,1,1
1670,1.014994040519483,0,1.3422096328717446,1,0.6742876372653568,3,4,0,0.39145832780857864,1,0.5976073313350581,1,1
1677,0.2789385854129893,0,1.4823342965249822,0,0.7372784570300086,2,5,1,0.42906555030911153,0,0.8658106176453961,0,1
876,-0.2744329306213983,0,1.520525224091035,1,0.4061194185611225,2,5,1,0.41695859252742434,0,0.9108595872119427,0,0
2000,0.3065612754589605,1,1.4779358520340617,1,0.0660179219560732,1,2,0,0.5448374781926458,1,0.7787544999118119,1,0
1809,0.5523357523682578,0,1.3279040720705941,1,0.436473303024116,4,6,1,0.3474210571442988,1,0.9900757156328971,1,0
359,0.33971543440900026,1,1.4586198489401068,1,0.859167652116031,4,1,1,0.4275685368066719,1,1.1290223300809414,0,0
1515,1.0909849090400539,1,1.4748282950797904,0,0.23563502255382512,4,3,0,0.46079940018735427,0,1.2452809506017064,0,0
965,0.5252187617464494,0,1.4676810216180698,1,0.17404345240078656,3,5,1,0.48325024718564336,1,1.3791801552222158,0,0
1666,0.18175648443689102,1,1.3893034515434644,1,0.9387693457661287,4,5,1,0.5475970261194532,0,1.0152655724591617,0,1
861,0.4163790773786899,0,1.4317667346075111,0,1.2626269561960441,1,3,1,0.4152311316124882,1,0.7354027998153081,0,1
1546,0.617297500534106,0,1.5862297746921703,0,1.3282748601205743,3,4,1,0.48255317609140236,0,0.8727045182361486,0,1
164,0.43673648468911297,0,1.4145027493785254,0,0.48405345565505986,4,4,1,0.43147503393668674,1,1.179125264888596,1,0
906,0.242875835857718,1,1.6395391906851977,1,0.5742108607148443,2,4,1,0.5239193664512168,1,0.9600031655777675,0,1
560,0.4471412061845662,1,1.4613483463305055,0,0.6624681972971617,4,4,0,0.4116961238630822,1,1.124389666129171,1,1
959,0.5976745168464704,0,1.5446320014473864,0,0.46300925851314295,4,4,0,0.5333261361470749,1,1.2095923676974143,1,1
249,0.34374168027246343,0,1.5450724205825674,0,-0.029887158640442446,3,6,1,0.4425770087686216,1,0.6898675717668543,0,1
677,0.4775691136142144,1,1.3624335654775073,1,0.25761653474218393,4,1,1,0.5409283706505043,1,0.7153550915836044,1,0
292,0.5892444388226152,1,1.4539469582412932,0,-0.18406399106671611,4,2,0,0.5232511228921854,1,0.9228157461053853,0,1
1142,0.4893853892276575,0,1.581190867588135,1,1.082007863419589,4,6,0,0.40452733140107294,1,0.7717397337563463,1,1
413,0.10422540353197957,0,1.5763010947223417,1,0.7474257411996612,2,1,0,0.4500942385491181,1,1.0876238929131545,0,1
603,0.9847758926301218,0,1.4688335251525075,0,0.5001434142410411,3,6,0,0.42372056681813824,0,0.8347052213991921,1,0
517,0.7857853376793293,0,1.4402353204144436,1,-0.16676889705911102,4,1,0,0.4487811135256054,1,1.2988574064469507,1,0
2177,0.7613102110784751,1,1.4663110355032332,0,0.3833808971350357,1,5,0,0.46573467578428934,0,0.7517753676975731,1,0
1739,0.3130783558212842,0,1.4160723825957342,1,0.43599791786469605,2,3,0,0.4864966613832943,1,0.9865072860578397,1,1
2209,0.8394309141881398,1,1.2756425871130261,0,0.8784128973966243,1,6,1,0.48839094965065466,1,1.2013414824361437,1,1
96,0.8193848502933283,1,1.390626261910904,0,0.42215226159321856,3,3,0,0.4070258638218795,0,1.2079297143722982,0,0
665,0.7301886747984245,0,1.665692725296043,1,0.4140111835678972,2,4,1,0.5897264536830471,1,0.4753653264285405,0,0
1180,0.7796424810030149,0,1.4005758642581188,1,0.6898056145416789,3,2,0,0.5008127779182194,1,0.9558218633097183,0,1
258,0.14430717265187032,1,1.5891324947723233,0,0.03270575978097662,2,3,0,0.44576020678698824,1,0.6625813631807871,0,1
2048,0.7106963217155001,1,1.4907209702021784,1,1.0985450912121846,4,4,0,0.46631805320929665,1,1.304819431355823,0,1
353,1.121353160708627,0,1.5924722319799682,0,1.112575551617204,4,6,1,0.4611817999972529,1,0.863024167111385,1,1
1480,-0.06519977241491925,1,1.617437758077975,0,0.21321564631162382,4,2,1,0.49483292658052314,0,0.7714160660021783,0,1
1969,0.8226385079641128,0,1.5015027639044765,0,0.1426319328280638,3,1,0,0.44071139041586305,0,1.0015640194404782,0,0
155,0.7172041700628546,1,1.6411324042890807,0,0.20575424336971299,4,1,0,0.5314323296670878,0,0.8099131283978867,0,0
1627,-0.24046041283240893,1,1.547607059674868,0,0.14395389100186134,1,3,1,0.6010480017072308,1,1.0746716573558035,1,0
714,0.04936933914824809,1,1.6498426963914004,0,0.8801175994383343,4,6,0,0.3919149289931604,0,0.8654415241766119,0,1
1275,1.115130695438856,0,1.536777259905263,0,0.7394126047719594,4,2,1,0.44188477638551804,1,0.8171257619925374,0,0
311,0.44610439823898734,0,1.5407167672303457,0,0.928468301739406,2,5,1,0.44854880398979785,1,0.6100664474909718,0,1
2087,0.8270649974707014,1,1.4923212948983484,1,1.00505750469812,4,4,0,0.5801243933615111,0,1.1012169057330556,1,1
1674,0.0312597449561961,0,1.550135468784306,0,0.3823373730892126,1,6,0,0.5184884905968539,0,1.1349968854260841,0,0
2001,0.14301214468560447,1,1.5373276312359971,1,1.0088363612461038,2,4,1,0.5735746265000808,1,0.8449026166404658,1,1
87,1.0499725752403304,1,1.6145116957245305,1,1.2506830771363795,3,1,0,0.5437387494065387,0,1.0118154309790204,1,0
1940,0.6978022616604209,1,1.5343857360096047,1,0.4879169908924622,1,5,0,0.4123678616476371,0,1.0771843889932031,0,0
1996,0.15600994661543555,1,1.5164108174902673,0,-0.1337675029575751,2,4,0,0.4721860298782596,1,1.2085068347545986,0,1
925,-0.27311604941555034,0,1.4872485258969623,1,0.569728083378302,1,4,0,0.40579201232582995,0,0.746396056335773,1,0
2165,1.000786822990296,0,1.5445401669813532,1,-0.12319547296319466,1,5,1,0.3955818912784007,0,1.0424455506179595,0,0
1866,0.1288030388884595,0,1.489252357831295,1,0.5489098395741656,4,2,0,0.5184090274091976,1,0.9547267576171347,0,0
782,-0.23814836200223122,1,1.3483909642713938,1,0.33943508589729426,2,4,0,0.6420279933635855,1,1.0717008504754708,0,0
1881,0.1073497437619596,0,1.4316847384793494,0,-0.18118150329627714,1,6,1,0.5241994869161699,0,0.9796466153968179,0,0
1255,0.6819981136600972,1,1.4748156373242525,1,1.0994333384680615,1,3,1,0.5731564200351836,1,0.9980907956138513,1,1
2023,1.2992162414791157,1,1.7358690024014094,0,-0.5917395360476221,2,6,1,0.6020907147741204,1,0.9938954719702003,1,1
73,0.9350509975020107,0,1.665726897365914,1,1.0026177755379264,2,2,1,0.3502311808426386,1,0.5887224012383696,1,0
2019,-0.7552347752637378,1,1.5779817381695025,0,0.483706831905936,4,2,0,0.47577119924493494,0,0.7589135556828344,1,1
1787,0.1080603845704452,1,1.398672992766349,1,0.6565380129285725,3,5,0,0.47354658572134406,1,0.8729004680460576,1,1
922,0.7462059035459649,1,1.5449967559778073,1,0.30671229262882493,2,2,0,0.5389370843495405,1,1.3453294882961904,1,0
975,0.14331573759663824,0,1.4163592740341409,0,0.4582072414673858,2,3,0,0.4070967676225147,0,0.9308518849169817,0,1
391,1.2161121923744433,1,1.54105768483137,0,-0.14039528011285018,4,3,1,0.3930227865854255,1,0.9329587487252728,0,1
1808,0.6986088814434138,1,1.44850012679535,1,0.0009677770663688579,1,3,0,0.46777620510704815,0,1.0297749105308045,1,0
615,0.14822396685125827,1,1.2783518944513474,0,0.47094198956553124,3,6,1,0.5750020945837612,1,1.0877654472018623,1,1
1587,1.0518730507281093,1,1.709600962467011,1,-0.008018086903538002,4,3,1,0.5340783703203822,1,0.9409987511109368,1,0
348,0.009690722879511171,0,1.4375169271757342,0,1.2209445641351837,2,4,0,0.5470666649558931,1,0.9628571801899843,0,1
1788,0.2768528183325773,1,1.2515215647836595,0,1.2112686922564122,2,5,1,0.46387885098428816,1,0.8999436329595164,1,1
413,1.1838386353539945,0,1.4448901349258143,0,1.2426239690993544,2,3,0,0.4873800704224452,1,1.0248860155450759,0,0
1691,0.005426959537723708,0,1.585612222575826,0,0.6273466313889715,3,1,1,0.4623760217294371,1,1.1437100734661805,0,0
297,0.4060169112443087,1,1.5436826341555783,1,0.21820914862112983,2,3,0,0.45055384801628295,0,0.48243375488653256,0,0
2042,0.6085450807051599,0,1.5443613365322395,1,0.5895973050792904,2,3,1,0.5843956624965523,0,0.6790963496792957,0,1
727,1.3005115734858324,1,1.527006401703627,0,0.32555396618846766,3,2,0,0.4804801584836615,1,0.6209391951002776,0,0
302,0.19412628055439451,1,1.6258751331804357,1,0.9678918195039612,4,5,0,0.47627499560279896,0,0.948849239006024,1,1
1890,0.4394099109790593,0,1.5185672877833858,1,-0.20148772287209127,3,2,0,0.43049545875358597,0,0.9473957675966982,0,1
1736,-0.15994790455321328,0,1.4672969675000571,0,0.5164759018193685,4,1,0,0.5337472497064981,0,1.3827861835459128,0,0
186,0.24823327885110613,1,1.4808872290393282,1,0.8135511165399626,3,5,1,0.45715657081890126,0,1.1656096496130135,1,0
1909,0.8773585851512999,0,1.4400715239350357,1,0.8171860220392012,4,2,1,0.46828481382077136,1,0.9535758792904808,1,1
738,0.4091525723951638,1,1.5954910794852932,0,0.6119444415558617,1,1,0,0.4056000589666644,0,1.0232092669160626,1,1
2354,0.3490025696445298,0,1.4101792271444475,0,0.4875117138057752,2,5,0,0.5278321608779257,0,1.0000914305175062,0,1
920,0.3093289468464614,1,1.4982780121199057,0,0.0854316049582064,4,4,1,0.4690196404977365,1,0.6788584246368623,1,1
1933,1.2857029735029855,0,1.5464650734640148,0,0.5360011812680274,4,1,0,0.5477249922891767,1,0.7681701751255311,0,1
285,-0.12792987077199525,1,1.708325974559496,1,0.24375834354960535,2,1,1,0.5643106467973655,0,0.8898174354044178,1,1
365,0.7662312822644889,0,1.459682167520138,1,0.22068215378033312,2,5,0,0.5958254498984675,0,0.8003473095656308,1,1
681,0.5150262599840505,0,1.3489153908991365,0,0.7095607382872434,4,2,0,0.4625586586945252,0,1.1479805038550406,0,0
2193,0.86880035702592,0,1.5868822328984094,0,-0.21039721855703886,3,2,0,0.48743602825093685,1,0.9126905150133886,1,1
610,0.2734341902262511,1,1.3998209881151273,0,-0.4653328444620338,4,1,1,0.4973020477666935,1,1.1151324554038267,1,0
142,0.8373024159775024,0,1.4100799456494248,0,0.08813855261135778,4,5,1,0.4873821887571856,1,0.9675158754696355,0,0
688,0.7972289118723304,1,1.4296219872110167,0,0.36361238071354907,1,2,1,0.5012359995236773,1,1.0973707014971266,0,1
2243,0.6491140981796671,0,1.4645998460998861,0,0.5127900255891245,1,6,0,0.4997625817903516,0,1.0114357853127898,1,0
1037,0.6064194073698839,0,1.4843514620636964,1,0.3710519387318996,1,4,0,0.43460313523976374,0,1.0093316239936838,1,0
1034,0.8167964907156207,0,1.6063959505164647,1,0.7492767236576556,4,6,1,0.5669537023366397,0,0.8663859808402207,1,1
1067,1.2333009972074476,1,1.659324899043101,0,0.8102420637553533,4,2,1,0.4089010810850091,1,0.9068790222521086,0,0
1683,0.5146915968004706,0,1.3682102857392233,0,0.6077511472532204,1,1,1,0.45223438090837376,1,0.9723383770200781,1,1
2372,0.2468526764817756,1,1.5095650436424928,1,0.4361780096313624,2,3,1,0.6009306128556529,0,1.0413135484346063,1,1
2303,0.060232663314363666,1,1.5761612943377474,1,1.1937926561277727,1,4,0,0.39036074298197615,1,1.283166226997897,0,0
1630,0.2935803664212778,1,1.5099221580089737,0,0.9474807663881316,2,2,0,0.3981076778168412,1,1.0619077397646877,1,0
1026,0.06043405103636795,1,1.32996447469033,0,0.3020628527237512,2,2,1,0.4623674740109521,0,1.031994462632097,1,0
1000,0.34571544221488243,1,1.4172701100000074,0,0.6985818612227456,2,3,0,0.38683846395313504,1,0.9986304375293071,1,1
1660,0.6870735904782971,0,1.5235744281270458,1,0.934576213716745,2,4,0,0.3580949752901009,1,1.035686212766554,0,0
757,0.6929545469902263,1,1.5356192179762205,0,1.189873847138012,1,2,0,0.550784566673353,0,0.89655586465772,0,0
1599,0.9550062615407067,0,1.2933696744375698,0,0.3732611180566829,3,1,0,0.4342993584622945,0,0.8440062024543475,1,1
1608,0.2192684870212122,1,1.4339705519457726,0,0.3685031609783523,2,3,0,0.37591082663835257,1,0.864819477889019,0,0
323,0.32889611664194657,0,1.5049816343857199,0,1.128906174313894,3,5,0,0.4633880339682166,1,0.8622084051254537,0,0
1802,0.5955079961497151,0,1.4927469935329218,1,0.4987088688856727,1,3,0,0.32365526559062474,1,0.6933630476583132,1,1
1853,-0.1372944150633031,0,1.5927334768136392,1,0.5595333214377128,3,2,0,0.4588769781188649,0,0.8684881196289937,0,1
1190,0.035205959651189556,0,1.4659867460778064,0,0.46207549912444407,3,1,0,0.47538593477110536,1,1.140546373620938,0,0
690,1.0110781167574787,0,1.633787514539712,1,0.2941084923675233,2,4,0,0.34239134016483996,1,0.7701053863618811,1,1
1640,0.7231749131769122,1,1.5433469395367025,0,0.22540807178454642,3,6,1,0.5589491750347247,1,0.8645769923337182,0,0
1727,0.19364776813611484,0,1.5368129850586152,1,1.630145601368106,1,5,1,0.4525964883512748,1,1.1671139162173834,1,1
1406,1.172334124841159,1,1.4044751542503344,0,0.27099710010926326,4,3,0,0.4841793453077743,1,1.1018686274007006,0,1
1779,0.5146829891846588,1,1.3421997008250304,1,0.3732582914052255,1,5,0,0.43142643664958746,1,1.0359765873710605,1,0
1268,0.30887068369290405,0,1.5227537333886167,1,0.6425469359500318,1,6,1,0.4597511734751103,1,0.8618308536487389,1,1
1599,0.27908120105921075,0,1.457752654020347,0,0.25063549802770496,2,1,1,0.40288560465118434,0,0.7262921584794529,1,0
1536,0.3159702525621828,0,1.3915981254206886,0,0.334487094175649,2,2,1,0.4810717768314719,0,0.919228453284737,0,1
535,0.22847560763946367,1,1.4287023266549868,1,0.2158721894466341,2,2,0,0.46548608795280866,0,0.5138727834273811,0,1
1570,1.0257424001397832,0,1.4310876561563186,1,0.3875672012986767,2,3,1,0.40349861696315165,0,1.04481734971576,1,0
2258,0.4963547962103431,0,1.5097949711071508,1,0.5225858927364826,4,2,1,0.3734878472623569,1,0.8054414622770386,1,0
1390,0.3584027394169988,0,1.531891005346093,1,1.5152804174747228,3,2,1,0.5523345144592182,0,1.241897684378125,1,1
554,1.4324081965272046,1,1.6003008261790876,0,-0.339073116301954,3,3,0,0.5131373261462823,1,0.8094691031896619,0,0
1435,0.06030478956969454,1,1.453889653356015,1,0.13586294340281468,3,2,0,0.5063722302813541,0,0.9334861634026529,1,1
355,1.1385637721924604,0,1.4454226095237994,1,0.3801071714515679,1,1,0,0.48947576765245493,0,0.7839138982835874,1,1
1755,0.6856279500576967,1,1.5207242492675515,1,-0.24208938615728792,3,1,1,0.5076461244369397,0,0.7550266213696687,0,1
132,0.8318034176127197,0,1.3174712084765925,1,-0.040784813618010674,3,4,0,0.31411005771973316,1,0.8221740275823948,1,1
224,1.0252773445348249,0,1.545341382565797,1,0.10210218151401407,3,1,0,0.4895898676487589,1,1.1367785334851952,1,1
1504,0.7755162779980477,1,1.4639935476144865,1,0.2593016622485894,4,3,0,0.3731488226155816,0,0.995142343448974,1,1
1183,1.0531202107479247,0,1.6273556980388746,0,0.268127127903905,2,6,1,0.35674194703028106,0,1.0299868898422218,0,0
948,0.6101636255644634,1,1.7911433744630252,1,0.9086606469482887,1,5,1,0.5487423965572623,0,0.9281465501935906,1,0
758,0.811416082349435,1,1.5200150217148896,1,0.7385944565206553,2,2,0,0.6486613197704888,0,1.0292529573995477,1,1
1651,0.11031149544839952,0,1.4283462950945944,1,-0.1272189507827688,2,5,0,0.4359054060389651,1,0.9476357451848714,0,0
203,0.9095815563389309,0,1.4881720299185817,0,0.40415619284099175,1,5,1,0.4335361415375958,0,1.1856745694437185,1,0
877,0.35458289995888437,1,1.4549720044391612,0,0.38632357134397755,4,3,1,0.5211854524177392,1,1.0277615876458193,0,0
755,0.4675886636365482,0,1.4530541736291676,0,1.509863457122563,1,5,1,0.5178941747803376,1,1.0714193978546283,0,0
1737,-0.15042178297587994,0,1.4985426004608562,1,-0.012929713014252942,1,6,0,0.3596340530272012,1,1.0307506706619178,0,0
2077,-0.041770402979792176,0,1.507344234644881,1,0.880573580081454,3,6,0,0.46981299074704663,0,0.7842371017970142,1,0
1629,-0.5710974262863504,0,1.4216123145439241,0,0.9664228991663777,3,1,0,0.41504531847339765,0,0.5243698614470826,1,0
612,0.6994918630410176,1,1.3779967104387882,1,1.5040791888030944,1,5,0,0.4793297234266255,0,0.9390027684489053,0,1
151,0.427427051693615,1,1.4081336409852894,0,0.9837052902435506,1,6,0,0.5057764509721738,0,1.2400086158779777,1,0
1631,0.128870756654815,0,1.5463752631308587,1,0.9302940971740538,1,1,1,0.544188342090802,1,1.0059584199671248,1,1
751,0.5876900736917492,1,1.358118384461899,1,-0.0446671283020883,3,2,0,0.34950709078517295,0,0.7720694203417717,1,1
223,-0.18233283923874655,0,1.430945143454384,1,1.3173027562215922,1,3,1,0.3768494332572532,0,0.9309749307142401,0,0
457,0.6110524625321326,1,1.5843396926644266,1,0.9255314566729358,3,4,0,0.4463614480893059,0,1.168160370222508,0,1
1653,0.20180404791760176,0,1.3048289758808882,1,0.44098556616414525,2,3,0,0.4805407925277921,0,0.7298099281570655,0,0
30,0.8163718794695509,1,1.5661595391051928,1,0.3301711826403054,2,5,0,0.4331098284659718,1,0.834897742088947,0,1
1723,0.28527633766263727,1,1.4353988581430535,1,0.5116177280743909,2,2,0,0.4318762598231944,0,0.5581293915558448,1,0
26,-0.010508266771531938,0,1.572310865631107,0,0.11685865537730078,4,1,1,0.4551243580178896,0,0.9801068660389453,0,1
1766,0.08072508224772035,1,1.4697670144199835,1,0.19259271287947088,2,3,1,0.5805288529015803,0,1.0666685800854396,0,1
1159,0.585006384872541,0,1.482197708733149,1,-0.2731365874233279,3,4,1,0.2679978224750831,0,1.1404133556385458,0,1
1807,0.5713076805496464,0,1.3009154941705379,0,-0.07934113894762818,4,4,1,0.38534097774699005,1,0.8779286959441065,1,1
933,0.8047564030415362,1,1.409494536772698,0,0.7143460445789015,3,4,1,0.3581287696661923,1,0.9971497722169648,1,0
2359,0.302430283300715,1,1.4162434980186889,0,0.6613827488717053,4,3,1,0.4574449865771826,0,0.9274060040548516,1,0
64,0.33425409972107145,0,1.4517277565084825,1,0.68958051857398,3,5,0,0.6184682770467809,1,0.99663841045343,1,0
1500,0.9567404288151662,1,1.3965675455104571,1,1.295215502958645,3,5,1,0.47442302586608776,1,0.7981217569761304,0,0
1953,0.7511810927406268,1,1.526855231532737,0,0.12325039327077536,4,5,0,0.4191858169723287,1,1.1079503992853283,1,1
2312,1.3469578429521358,1,1.460808429887026,1,0.8264409532569269,4,6,0,0.5576417652016422,0,0.8279924750979483,1,1
2342,0.8085106530316858,0,1.3893803651958136,0,1.0620681016400364,1,3,0,0.43714183767384146,0,0.8534774344998636,0,0
1485,0.19209585719353522,1,1.4998886234331101,1,0.23649270352557933,4,3,1,0.3902486709264156,0,0.7253262873486109,1,1
102,0.25951266382560617,1,1.4874323869011836,0,0.48508217286297084,4,5,0,0.5936973460897472,0,0.9126040966814251,1,1
1974,0.6736587311163802,1,1.5022746495065062,1,0.32817742363019886,2,5,0,0.5360913710677163,1,1.0295766026407809,1,1
2233,0.1925595569995215,0,1.7329143107236413,0,-0.06896174220545426,2,3,0,0.42393763833374004,0,0.8112277345318522,0,0
1449,1.238013319351074,1,1.4273196388343146,0,-0.026496294990385527,1,3,0,0.46918931815801934,1,0.7854125566667683,0,1
1106,0.664903463337094,0,1.448406363783153,0,0.23253562280571288,3,3,1,0.41837038245878316,1,1.0391341478432428,1,1
477,0.49808469231514624,1,1.45045177607099,1,0.6732040996539974,1,2,0,0.45759099650768215,0,0.9754159218634831,0,1
2036,0.585805116972013,1,1.7339721568168591,0,-0.005114733029715102,3,1,0,0.405005402265588,0,0.9014031580734042,0,1
335,-0.038948993474147264,0,1.3374618130262665,0,-0.08720060242317629,3,1,0,0.5011215529959518,1,0.9506072542944486,1,0
791,0.8758475630498448,0,1.3321353288486166,1,1.474369383181136,4,5,1,0.439456182906947,0,1.0421718216171159,1,0
1723,0.22715511628641832,1,1.4320582176635188,1,0.7113367367351259,1,5,1,0.4801083117789897,1,0.7944317034201025,1,0
618,0.9384157260083819,0,1.4651500993488893,0,-0.010360034192433143,1,1,0,0.49883355241308436,1,0.9181129423504448,1,0
2055,0.6331748293161952,1,1.5354476332354665,0,0.02584247348500407,3,5,0,0.46486503201305135,1,0.9346795397970566,0,1
859,0.37421855720296093,1,1.5622855178828587,0,0.8313002387127981,2,3,0,0.38021415310087936,1,1.4128101979093397,0,0
865,0.4272003952196898,1,1.7226947261202152,1,0.6722716947028528,4,4,0,0.5897196076995532,0,0.8645785193701442,0,0
953,0.7310889276064488,0,1.5189081612097497,1,0.47167916170896157,1,3,0,0.5169278910194974,1,1.0182466237648873,0,1
2002,0.45370308868049747,1,1.4623426229020453,0,0.8190637223870804,1,4,1,0.3935301350523575,1,1.2549662871552678,0,0
675,0.3877987344304592,0,1.448599489823321,0,0.1597868568074941,1,4,0,0.590512302951291,0,0.9157626145380285,1,1
27,0.8375248935111359,0,1.4959319831184872,0,0.4025926129406792,2,2,0,0.4668351514321847,1,0.6354659205267141,0,0
1432,0.3712292970873595,0,1.578362961382397,1,0.3327791466574189,1,3,1,0.4585968439590303,0,1.2553309425142096,0,0
2226,0.812059279707896,0,1.5456481451799164,0,0.30328420797888556,4,6,1,0.5696955626068363,0,0.8697463633888645,0,0
1313,0.42497334986328733,1,1.3385123384955893,0,0.003646086731343312,4,1,1,0.5656610827382146,0,1.1777458960776557,0,1
2373,0.7063524665062804,0,1.4692718728168415,1,-0.13576289610535974,1,4,1,0.5695951949236215,0,1.2205400321605684,1,1
2054,0.9731571111914548,0,1.5209988877010463,0,-0.21703827147448218,1,6,1,0.5993987398302704,0,0.6976617536720024,0,0
1512,0.18438447458960422,1,1.4125158365990627,0,0.8764724980253893,1,5,1,0.5195744967860207,0,0.9223110423329134,0,0
1818,0.03271919036978638,0,1.4970599743022202,0,0.5942057399353522,2,3,0,0.49103742698132796,0,1.174434024811324,1,1
803,0.8563848712962583,1,1.4656978627588375,0,-0.0031901488058533323,2,5,1,0.3795983281239103,1,0.8346862841522664,0,0
947,0.11788140960760418,1,1.6043608507569027,1,0.5869429145024951,2,5,1,0.4053281179672343,0,0.9283852276555818,1,1
1027,0.8108909324698454,0,1.5049956751368652,1,1.4956446953166354,2,3,1,0.51916837837096,1,1.009385042936062,0,0
1588,-0.040918290740133756,1,1.522507725216263,0,-0.21934868299888055,1,2,1,0.5447797501957445,1,1.006416925241337,1,1
1784,1.5028271125021386,1,1.4317845606983302,0,0.556969061924463,1,3,0,0.6414690923050684,1,0.7868392016788921,0,0
1178,0.9597340820451917,1,1.493251296736557,1,0.4456130672848645,1,4,1,0.40809228063565595,0,1.1107079729577556,1,1
1980,0.6323751881636059,0,1.3745763991100506,1,0.6681792227718428,4,5,0,0.4701333819331411,0,0.8542503223040114,1,0
845,0.736526393471943,1,1.5291560565963127,1,-0.4515802096984348,1,5,0,0.42977809171527803,1,1.0125234170749255,1,1
2236,0.30331715910623935,0,1.5550328258034063,0,1.246395347582239,2,5,1,0.42388472878121375,0,0.9426962219193445,1,1
695,0.16411232723720492,1,1.7401462461778765,1,0.7629584688048208,1,2,0,0.4108762680996473,0,1.1468051798393968,0,0
1809,0.041193446555809254,0,1.4093800980397229,1,-0.1514132658851507,4,3,1,0.5175723741798556,1,0.9339085496357333,1,0
636,0.6684810521795909,0,1.4896391562010856,1,0.5291710521047139,2,1,0,0.5716512945117062,0,1.0006074716061508,1,0
431,0.2674943628138783,0,1.6203021682522696,1,0.9097121978172351,1,4,1,0.5832947683431565,1,0.7608849472655254,0,0
2194,0.2470106008109259,0,1.4385048588589333,0,0.20001169247882655,2,5,0,0.5000279179457471,1,0.7981540896536221,1,0
1268,0.010566265950524234,0,1.4300073052179556,1,0.704605750317828,4,5,0,0.6179171862598882,1,1.153131010936975,0,0
920,1.2852249966584264,1,1.4997635584178675,1,0.30644330165396166,3,4,1,0.5378764391659828,0,0.6833643979800064,0,1
955,0.913636182774332,0,1.5177201403465506,0,0.6553491954776012,2,6,1,0.540184734884338,0,0.9114082537717612,0,0
1034,0.445200431224569,0,1.4959103466588806,1,0.04643355982692615,1,5,1,0.4715518886810056,0,1.049666595912992,0,1
750,0.38506493477523407,1,1.5769190625818366,1,-0.16646013633037127,1,4,1,0.46489357795535724,1,0.6853034159999349,0,0
1834,0.5479040891482355,0,1.4713192129135477,0,0.6825974628083006,1,3,0,0.49002713142885007,0,1.1315423638688231,0,1
1343,1.059316455971428,0,1.4391763196940273,0,-0.15853036318553482,4,4,1,0.4195440255719891,1,0.8326605493143213,1,1
241,1.0220433944335685,0,1.4919447969298112,0,1.8603272312093844,1,2,0,0.5914559959544199,0,0.7037157103772682,0,1
1647,0.9172723348995833,1,1.474249288008113,1,0.9417076609888726,3,5,0,0.4079946120721537,1,0.9440816401911521,0,1
1522,0.49988744515116884,0,1.4522705645697584,0,0.8618869998045584,2,5,0,0.4784628047670821,0,0.7952288827641061,0,0
1199,0.06950742939668642,1,1.5971759450541683,1,0.38327332513759893,1,6,0,0.40196608957508034,1,0.7553178822447898,1,0
757,0.5159713143136373,0,1.4131029032265279,0,0.6921620794159624,2,5,0,0.406993021049427,0,1.1421433395622858,0,1
1293,0.3226847601995775,0,1.4936580677733564,1,0.5186766142805432,1,3,0,0.34338720673356316,1,1.0055899360342195,1,1
759,0.6513719073222616,1,1.4625765549808571,1,0.1502818574739166,4,3,0,0.5845627897521348,1,0.6022682796444538,1,1
24,0.4064642242736,1,1.5702986037495235,1,0.6847873373177048,3,4,1,0.4540854656798405,0,1.209583546817015,0,1
1294,1.166008269888772,1,1.5067077494979404,1,-0.0012889596571683537,1,2,0,0.476785833204525,0,1.0010653997773906,0,1
1645,0.586365474622595,0,1.5306928078932076,0,0.4680763346572046,1,2,0,0.40943024095050284,1,1.1022498479681873,0,0
2149,0.7292052863078726,0,1.5258657038041719,0,0.32392806872080115,1,4,0,0.38048689104989397,0,0.7574713826652725,1,0
1722,0.057843301410990255,0,1.685934369657141,0,0.3233869576279511,2,4,0,0.43222038950858516,0,1.0613330805339305,1,0
1893,0.9322088037732257,1,1.5196496582230816,1,-0.38086545261233073,1,4,0,0.45488995211162014,1,0.7194941578849599,1,1
1068,0.8739556024086249,0,1.485184379161334,1,0.4594218211259407,2,4,1,0.3392706350773693,1,0.952581276651132,1,0
1578,0.93318842070344,1,1.5982918135475739,1,1.101619013986915,3,5,1,0.5936620415449679,0,0.9165366421086386,1,0
1670,0.7201873396441787,1,1.54986903829398,0,0.2975568975836118,2,2,0,0.38270529661991964,0,0.6891285163232672,1,0
852,0.753112979052025,1,1.4757524142661576,1,1.2164968577118123,1,4,0,0.45279191964149224,1,0.7962671847598538,0,0
1555,-0.1029528737866875,0,1.337287045504528,1,-0.08850723547547834,4,2,0,0.47987517558482257,1,0.9957888620555945,1,0
2200,0.855380202701798,0,1.4743832054771246,1,0.16123564229312876,2,6,1,0.5373487779238727,0,1.0032269517019887,0,1
1145,0.9571056070784246,1,1.2477271251618332,0,-0.19568583559090136,1,6,1,0.47207898969958867,0,0.859786186146164,1,0
1100,0.08438521040941044,0,1.487958171381889,0,-0.006129379958307757,4,5,0,0.3978542639084629,1,1.0068411704558238,0,0
1477,0.5941261564055942,1,1.5538950693549023,0,0.15341718028451817,4,4,1,0.41696742361553946,0,0.5202568141469679,1,0
2102,0.9453188487488358,1,1.322137983296364,0,0.6429984016000143,4,5,1,0.3181792655910103,0,1.0018223462984281,0,1
845,0.44263136403443065,1,1.4874931317334725,1,0.33936551388200503,3,2,0,0.505098440596056,1,0.830937880126576,0,1
1360,0.7398071968946531,1,1.45900748737588,0,0.4655864513305671,4,3,0,0.4591111338409356,0,0.7696788148371104,1,1
1261,-0.03212475751695232,1,1.5264394991647083,1,1.5057947895203352,2,3,0,0.48953329073610735,1,1.1043321627786793,1,0
302,0.17978457776058676,0,1.2904193134394704,1,0.16294207064760174,1,1,0,0.5031544256273109,1,1.0436676349034832,0,0
2111,1.0084953362601299,1,1.490743939871655,1,-0.49104427038855936,2,5,0,0.2406921219941255,0,0.87293395783488,0,1
150,-0.3696982871582918,0,1.495155566134522,1,0.31466875234818575,2,3,0,0.4673258744619638,1,1.0484412926006583,1,1
496,0.7007567955404463,0,1.456457871756678,0,0.5884411813149553,2,5,1,0.5073298135041,1,1.4422425047357161,0,1
2334,0.6953290785582107,0,1.5405770095227733,1,0.44524972214251246,3,4,0,0.4667425431813731,1,1.0067778976429815,1,1
396,0.450918691619106,0,1.5211115614049049,0,0.20002391779097073,3,6,1,0.47496274173205694,1,1.0066060889557613,1,0
139,-0.24244081415781926,0,1.4562744285227618,0,1.281368141794514,4,2,0,0.5503143573619553,0,1.0852622926085986,0,0
1664,1.01830669916915,0,1.4474168075550724,1,0.6465070784516831,2,2,0,0.3922557613593435,1,0.6280971368816454,0,0
1841,0.21554920293705454,0,1.2817382227565288,0,0.641768844007766,4,5,0,0.4052721044065444,0,1.1656179133293412,1,0
790,0.66472841973138,0,1.4136586469164827,0,-0.28902610895920566,1,4,0,0.4369104038746384,0,1.3986182412228254,1,1
1469,0.6160722297188276,1,1.4397522362736948,1,0.7973322340738482,1,3,0,0.6636050797258952,1,1.0586273079830621,1,1
1242,0.4688420268855809,0,1.476160308526243,0,0.5672884707296832,2,1,0,0.40157097621370075,1,0.9719820527899384,1,0
1832,0.5518936112192945,1,1.610975517968258,1,0.8541883401687447,3,6,1,0.3296550570268025,1,1.010111708497853,1,1
1439,-0.07464651858263105,1,1.390048042174015,0,0.5824346579105395,2,1,0,0.46803919943870903,0,1.1363575050749102,1,1
1048,-0.04022713550631851,0,1.5408996576676834,0,0.2348221171138022,4,5,0,0.3872134334747375,1,0.9637033018990304,0,0
2377,-0.02230221182396319,1,1.5658425507624825,0,0.34308810491563485,3,1,0,0.39780036000945607,0,0.8913403048214282,0,0
1911,0.941811184101478,0,1.4823486747548968,0,0.585672562145497,3,6,0,0.40439720961682973,1,0.7521947804139449,1,0
996,0.32531315028053176,1,1.4015878695035577,1,1.3095564723470332,1,6,1,0.45635241044059105,1,0.6798607013391189,0,0
715,0.39555744144863925,1,1.4297177825632879,0,0.1347909048974147,2,2,0,0.40705821348205395,0,1.1804301669484119,1,0
175,0.01619132420360536,1,1.4371180904359384,0,0.5272158804076614,3,6,0,0.35832857577377053,1,1.1009255598103693,0,1
2319,0.44644688696510965,1,1.4499260696854637,1,1.1927189757470633,4,4,1,0.608085033030007,0,1.0969906799617521,0,1
1559,0.49278543525724733,0,1.3766312135261245,1,1.3303129781752139,4,4,0,0.7062039521861517,1,1.1696516297973718,0,0
2341,0.5040851910256824,1,1.4998331022201552,1,0.9318372156439063,2,1,1,0.3888297194506827,1,0.789225086354012,1,1
1228,0.48396263983962495,1,1.6159592376149188,1,1.1995496045529963,4,1,0,0.4963649785661298,1,0.913132072754798,0,1
388,0.4801150068443306,1,1.5934597671650086,0,1.2016605089149244,3,3,0,0.49773018933587904,1,0.8198674786683727,1,0
2043,0.426947428384851,1,1.484502419636091,1,0.7144672078133997,4,5,0,0.5024565234526526,0,0.8750672900863289,1,0
720,1.0267440220135393,1,1.559364457806218,0,0.9031274411532402,3,6,1,0.4156445429652961,1,0.7283156312113473,1,1
1927,0.3150799878702688,0,1.4991541936311132,1,0.48966970846127117,4,5,0,0.6015975039542751,0,0.9449444706804049,1,1
477,0.9098342638768144,1,1.518732675778207,0,1.3889099004636356,2,1,0,0.4189419073359371,0,0.8118846283149582,1,0
1759,0.9139244780590157,0,1.6514782738811524,0,0.7379167448108164,2,4,1,0.5168121111532943,0,0.7374686678231498,1,0
1250,-0.20973250891042727,1,1.5893309944902327,0,0.02510683623187876,2,4,1,0.5014688892135988,1,1.1036446293122109,0,0
1959,1.1915783676518883,0,1.5769873656760578,0,1.887555423367794,4,2,1,0.473232579613717,1,0.6419919239869976,1,0
1977,0.8123273013432796,1,1.511083005448692,0,0.34825589025491155,4,1,1,0.34289597756055945,0,1.039736670466157,0,1
681,0.5505386190012923,0,1.4526625001812954,0,1.0550220391543463,4,6,0,0.5326671405821409,1,1.0709647888933203,0,1
780,0.6687384373024408,1,1.4676152888254683,1,0.7111440531680235,4,2,1,0.27969182883006294,1,0.8556855485775339,1,1
641,0.19623643065369506,1,1.4894026287692825,1,-0.2341495234195674,3,3,0,0.45954448651206575,0,0.8502278973716126,1,1
436,1.6983399101647596,0,1.389417301077917,0,0.9382788230501549,3,3,1,0.364815572895521,0,0.9400696527747386,1,1
1486,0.24219487722077426,0,1.5674625475462847,1,0.799302249414819,3,3,1,0.38301151108903164,1,1.1915091026900881,1,0
1131,0.9009803024023237,1,1.5010819047260209,1,1.0395975479379533,2,3,0,0.34487258579787994,1,1.2346986491921976,1,1
707,1.128992295582337,1,1.6839604347855308,1,0.262739730655925,4,4,0,0.47040773020311366,1,0.8592947679959921,1,0
2059,0.5704283443610447,1,1.460582393795524,0,-0.6707211511511884,2,3,1,0.6225893498405386,1,0.8834771584242304,0,1
1736,-0.026094878762653817,1,1.345533604163365,0,0.8224710531706161,3,1,0,0.6045930441871668,1,1.115444352484438,0,1
166,0.03440125393754023,0,1.379759431985828,0,0.09099583288842938,2,2,0,0.5261021997696778,0,0.8419560088011423,1,0
1854,0.6163724076352235,1,1.3454464921872924,0,0.09006751484007902,2,3,1,0.5051701012588921,0,0.8475676850175514,1,1
1775,0.17939357024747876,1,1.485326381138734,1,0.38056334610561127,2,2,0,0.3835952806097579,1,1.3891999157293424,1,1
1601,0.9662115859940098,0,1.6534362898392574,1,1.1293889905903678,1,3,0,0.4545190660855475,1,0.9962102590204922,0,1
635,0.5945361515301744,1,1.5289491637105492,0,0.7414738896540202,3,2,0,0.473188554975343,1,1.1641780376648856,1,1
474,-0.057317635840859804,1,1.5388620167827485,1,0.915516581520574,1,5,1,0.512903032183389,1,0.8314055879831134,1,0
24,0.8698141259808478,1,1.369049318610688,1,0.42223642905415154,4,6,0,0.4212776425980147,0,0.7536437816202128,0,1
1356,1.4402675558833118,1,1.710357759339228,0,0.5156133244493016,1,5,0,0.3187075046029975,0,1.039874353051448,0,1
2185,0.5636932852772925,0,1.4421907586411282,1,0.008185654270871978,3,5,1,0.5903795862576449,0,1.0875015280324287,0,1
0,1.26182089648208,0,1.4308022177352047,1,0.922944649512055,2,3,1,0.4416676760758102,1,1.1906840872249156,0,1
283,0.3331187603256246,1,1.6155885400121186,0,-0.09499695937186814,1,3,0,0.4158419180067744,0,0.8601231016811735,0,1
344,0.6794100657525436,1,1.5345555454215947,1,0.753489284143481,1,5,0,0.45029309888018754,0,0.48837375204387046,1,1
2119,0.6013679700509196,0,1.5973910093351766,1,0.6986689741288947,2,4,1,0.4359403355271804,1,0.8551268678419777,0,1
1214,0.3018100566756989,1,1.6524263436720747,0,0.2830176826278413,4,5,0,0.46274242046311026,1,0.7595711002880373,1,1
1423,0.4394733340000453,1,1.4148289071171416,0,-0.4736812756336588,3,4,0,0.4063898961417732,1,1.0273052207114484,1,1
961,0.29101086533349085,0,1.396332549971331,0,0.14882202619649615,3,5,0,0.6152051486803134,1,0.8797566737152616,1,1
201,0.5684218876610617,0,1.4671753543309811,0,0.6071143680686967,2,2,0,0.503871027290677,1,1.0842517969582117,0,1
320,1.0210756021649998,0,1.556272663250677,0,0.629558820126459,4,4,0,0.5329428704719102,0,0.9531714119418423,0,0
1776,0.23561000312041497,0,1.471388266172049,1,0.011426479593572292,2,3,0,0.5684154010915594,1,0.8600416331737083,1,1
437,0.6663994248046631,1,1.4838370295362808,1,-0.23463813074102435,1,2,1,0.5119177140773739,1,0.7058757214570562,1,0
124,0.7006810218986063,1,1.6219427956819006,1,0.8768970087149048,3,1,1,0.4285788326064376,1,1.2219580370955794,1,1
1478,1.0758534713089862,0,1.4771277110981507,0,0.4259490383185437,1,1,1,0.43471256901636285,1,0.8433992527889749,1,0
788,0.5260182799634622,0,1.3771884699081451,1,0.287481553193347,1,6,1,0.40939892216554197,0,1.1632510640091749,0,1
223,0.4517373743498898,1,1.3897531157595633,1,0.6421642880631244,2,1,1,0.4325582135320832,0,0.6947257984558394,1,1
48,0.6763190151337835,0,1.564508516891529,1,-0.2486153156792812,1,4,1,0.44487381881655463,1,1.1221107723980153,0,1
1134,0.44978643060218515,1,1.5351969976599367,1,1.295721110562306,3,1,1,0.6122273796782587,0,1.2161067916424515,0,0
711,0.05884435431018875,1,1.3484220375652107,1,0.6749131318131153,1,3,0,0.4207142395685023,0,1.1640155755744708,0,1
1274,0.5919041846147284,0,1.5032285208603646,0,1.0248139274095174,4,6,0,0.430431062576096,1,0.8183824040631755,1,0
273,0.47761838321113254,1,1.3959269670052763,0,-0.2561392110254729,4,5,0,0.5415645642730197,1,0.9144350325323999,1,0
249,0.4218045548524501,1,1.5662373557430207,1,-0.04218418981969052,3,5,1,0.5352777190034022,1,0.9484350678131057,0,0
610,0.2893497195220816,0,1.5447018272899449,1,0.5268892633579081,1,1,0,0.46449944812882216,1,0.9826368410580542,1,1
947,0.7545687073084552,0,1.6356003340876448,0,0.8686148351581444,2,4,1,0.3813907643989014,0,1.023400920746207,0,1
1837,0.2628346816499977,0,1.6290766667374945,0,-0.06341887668543489,2,3,0,0.23229153475063535,1,0.8641191492825935,1,0
1484,0.5920075153005467,1,1.4654171719050475,1,1.1104049417396378,1,1,0,0.33566348389065065,0,1.049669761310367,0,0
2021,0.6240928533433081,1,1.5746455825702834,0,0.6530490243051507,3,2,1,0.559499451337704,1,0.8572774227666721,1,1
1333,1.4102709488699037,0,1.4275716836955243,0,0.3759326483067658,3,3,0,0.5293504635203189,0,0.8714040336779175,1,0
556,1.3061828090479062,0,1.638479764331723,1,0.45241841050540627,1,4,0,0.4629423505221222,0,0.8779198622838833,0,0
1044,0.8123759526146308,1,1.3033400123307524,0,0.5490500398222439,4,6,1,0.4938176866161253,1,0.7862055294992534,0,1
1249,0.5859800346495121,0,1.591786896820609,0,0.7123798682516109,4,6,0,0.39661515744128384,1,0.7927776409113015,1,0
2152,0.4590642541417358,1,1.4856165055773072,1,0.24411703512276367,1,3,0,0.3461106819339218,0,0.9227006549085093,1,0
1628,0.7851982137562665,0,1.5846127578858273,0,0.3226282718200314,3,6,0,0.3806726832489503,1,0.9457217578621787,1,0
1173,0.8047469326004554,0,1.415894870323077,0,0.45294552100374796,3,1,1,0.4811101392543765,1,0.9385520658723782,0,1
787,0.3734817820835615,1,1.6766537626270306,1,0.25475914925288556,2,5,1,0.5215496111304442,0,1.3442882732633663,0,1
574,-0.2404429571420399,0,1.507699196569091,1,0.36064822984725614,1,5,1,0.4352577706296106,0,0.6392742208147802,1,1
795,0.23843024664653623,1,1.5209158684890298,0,0.6907465733507465,4,1,0,0.6071023901385921,0,0.9349349933240951,0,1
2199,-0.18719131849324122,0,1.67840412727405,1,-0.15032530262390864,2,2,0,0.4597874441816121,1,0.9919678341532313,1,0
141,0.8516417119633608,0,1.6081618946376295,1,0.21951203756536614,1,3,1,0.5804414964190782,1,0.8373221974144789,0,1
2242,0.6136485103118429,1,1.7140461305208345,1,0.41621765401067323,4,2,1,0.38642749923339026,1,0.6516095969057534,0,0
1682,0.7245453428737478,1,1.4902346721739825,1,0.9369582020369804,3,1,1,0.39487841381379674,1,0.8269931996486563,1,1
447,-0.1463421630765026,0,1.3763488114198645,1,1.1009360117332325,3,1,0,0.47099369731013524,1,0.7983799633311355,0,0
1470,1.3365087298418628,0,1.3604244293617156,0,0.3178945329139733,4,3,1,0.38592726723610044,0,0.8391345308659732,0,1
2152,0.8452205787884355,1,1.248013552048984,1,1.261679563700072,1,6,1,0.4009263085876333,1,0.8074602752160396,1,1
535,0.05320651490274214,0,1.4121597595009463,1,-0.3868443981387797,2,2,1,0.48113652553995956,0,0.8622011632220558,1,0
1496,0.6192307697694039,1,1.4805087953172584,1,0.7303026547549001,2,6,1,0.555976450538731,0,1.2013914899946183,0,1
1005,0.5610435817646025,0,1.3424558309998418,1,0.6920600223173917,3,2,1,0.5234950947320767,0,1.129952057454226,1,0
765,1.0692771197341577,0,1.6232998227151108,1,0.31483061062677664,4,6,1,0.47408441876640695,1,0.8331680945273995,1,0
21,0.5555814702351021,1,1.436297383044846,1,-0.3885958969304303,3,2,1,0.4797572904451667,1,0.9612279912623661,1,1
2192,0.016459423462292955,0,1.571144113837657,1,0.7903626102536214,4,6,1,0.5311231981862061,0,0.8656071421137478,1,1
206,0.26627885083470454,0,1.528308616741912,0,0.9363630408317603,2,1,1,0.5185001837091234,0,1.141108667306598,1,1
947,0.7900556111544232,1,1.4521518702103235,0,0.5981695946137047,3,1,1,0.5444847096956748,1,0.7529412458367231,1,0
1930,0.5606591958393162,0,1.5230389365562207,0,-0.6260562334849238,2,4,1,0.40226329821972084,1,1.0032837791270452,1,1
1324,-0.6091541930800606,0,1.4273985940084744,1,0.14456098809611817,1,1,1,0.30764372148099506,0,1.0704962939710847,1,0
1003,0.1671053366635693,1,1.6617615741307883,1,0.1677250598582229,2,2,0,0.4561046128141536,0,0.9921815232336937,0,1
455,0.010024064095943419,1,1.5280620171933907,1,-0.4509458080089621,4,4,1,0.36835926472937763,1,0.6226360155802746,1,1
2282,0.21664904343146207,1,1.4945027295991522,1,-0.015399165783425706,1,3,0,0.47527534145366934,1,1.2476202441081299,0,0
144,0.31689697657504334,0,1.4618332781375671,1,0.5233302795425977,3,5,0,0.45435156224659806,0,0.8234520246980958,1,0
833,0.020571253400750555,1,1.4607757118788618,0,-0.003953462066293212,2,5,1,0.5240567377870285,1,0.8675805948750183,0,1
1259,0.8398786392963582,0,1.6110347181276246,0,0.7014654242684674,4,4,0,0.4911538197887041,1,1.2693268303843075,1,0
2349,0.33363556861502985,0,1.3985046924055389,0,0.8414275895986797,4,4,0,0.427948743509257,0,0.9737627728495577,0,0
726,0.4334237979968596,0,1.6064078247569336,1,0.7815748535371585,1,1,1,0.47629670323842577,1,0.7108957889650822,0,0
1172,0.8475027530533278,1,1.3643481630157341,1,0.4018560071705458,1,6,0,0.49153045208949964,1,0.8691211568607452,0,0
2328,0.3077131531463211,1,1.5172646393570393,0,0.00934458421276485,4,1,1,0.42667465205156324,1,0.8976963801204765,0,0
1786,0.7255217951223761,1,1.6785716618149449,1,0.5890413395128025,1,1,1,0.5046028046971507,0,1.2625075593484718,1,0
1757,0.01809583732761777,0,1.3564058518948292,0,0.38921322908199624,4,3,1,0.4139188712600912,0,0.8718130037910328,0,0
676,0.7205366786873219,1,1.5003822179881472,1,0.32558055485006376,3,3,0,0.4433019550587649,1,1.0072279433894697,0,0
1872,-0.17358620628117571,1,1.4385308156303416,1,0.7674130096416609,1,6,0,0.5945642811696981,0,0.9980714941575739,1,0
2231,0.28306260587655235,1,1.6152509892812603,1,0.23392935731447118,2,4,0,0.3282712809167153,1,1.104058713467058,0,0
1610,0.5710784521609064,1,1.5242063135339952,0,0.7753226595906875,4,3,0,0.6049840943846614,0,0.9582104594995067,0,0
726,0.7691070554675344,1,1.6170671091135815,0,-0.5083059755167478,4,5,0,0.5074716015638291,1,0.967466477648011,0,0
198,1.4635301704652184,0,1.663288498714034,0,0.056505809021212494,4,2,1,0.4446702240540582,0,1.174326790551178,0,1
1320,0.788394336944654,0,1.488773959485806,0,0.698061959860655,1,5,1,0.5112281476830282,1,1.3554008334028145,1,1
87,0.5719459670842243,0,1.5298829742929954,1,0.6220346384291155,1,6,0,0.44127673606453516,1,0.7463205506249327,0,0
1761,0.3854382472705392,0,1.326784623785318,0,0.6922171928235384,3,3,0,0.38910281590416856,0,1.0988060857318709,0,1
476,0.1431522001153686,0,1.5189884999488734,1,-0.04582382123509876,3,5,1,0.5503354395728605,0,1.1857549759609205,1,1
2222,-0.10906684314756232,1,1.4261913420236514,1,0.3746456900713454,4,6,1,0.5221878932587726,1,1.0389755591507788,1,0
673,0.6244831306504905,1,1.5615382393742323,0,0.8350733216953795,3,3,0,0.45917367891028843,1,0.6774855513956448,0,1
1870,0.12892796249785893,0,1.4328804356621614,1,0.6663647909893794,1,5,1,0.5725527931433554,1,0.8321605123623818,0,0
1352,1.0010000292231385,1,1.4651664222450007,1,0.4817183186996672,1,6,0,0.5650817159244516,0,1.18266727080555,0,1
1428,0.8198288277808384,1,1.4699808693428777,1,0.23324208712179378,3,1,0,0.6856307965371295,0,0.9639581473389501,1,0
243,0.4652048535181712,0,1.4359867849668322,0,1.1595690085855797,4,6,0,0.4313403909239257,1,0.7510077205970305,1,0
1856,0.5171442249847007,0,1.4710068696279228,0,-0.07077512122913687,1,4,0,0.556674102458904,0,1.0349349772855432,0,0
797,1.0885985223156986,0,1.3950155258053063,1,0.09998784113296139,1,2,1,0.5315660807141929,0,0.7989404401139635,1,0
627,1.341349279929008,1,1.380527021393678,0,0.30455401489166734,2,1,0,0.5159105074719564,1,1.0477970033479085,0,1
80,0.25594877242531194,0,1.3321323021708524,0,2.134138740097799,3,5,0,0.5117780138077233,0,0.9078127297054028,1,0
1571,0.6990918072499099,1,1.4146594137742383,0,0.3254885446215174,3,2,0,0.44301018043117346,1,0.9436046590979662,0,0
247,0.03702697355437001,0,1.5694649201236652,1,0.8216351631122204,3,6,0,0.4346301568186113,1,0.5865315481258508,0,1
705,-0.041779475131598964,1,1.4910209448524492,0,0.4932888517344755,3,5,1,0.4722700287414154,1,0.8587926967651542,1,0
798,0.3082119028111404,1,1.5230088988495483,1,-0.03524341875735404,1,2,0,0.5389106391483828,1,0.9017989704514526,1,1
931,1.1902922402544271,1,1.3508324687959246,0,-0.4302013153615539,4,2,1,0.3551861441781828,0,1.2316752542602376,1,0
1301,1.0500302840074112,0,1.6433795289221196,1,0.3275215807765737,3,3,0,0.34707188646808695,0,0.7693398762050712,1,1
2257,0.9308307803165666,1,1.4728513360170794,1,0.7745093586072472,2,4,1,0.39578190552972603,0,0.9679370314148581,0,1
2152,0.006754674389610915,1,1.477579917002864,1,0.7065393435447498,1,1,1,0.4874573206988996,1,1.2118443958621548,0,1
1338,0.6584842527691465,1,1.2288723354555975,1,-0.3156541163121457,2,5,0,0.5207605951906531,0,1.1382381652342313,0,0
1881,0.5830940588665255,0,1.5488688779200155,0,0.6096116101136084,4,4,1,0.5466406508896501,1,1.061175849736,0,0
651,1.1524575583616639,0,1.5105200868337982,1,0.4818874804825234,1,3,1,0.5583042435758986,0,0.9587291779063546,0,1
191,-0.0008394621132179481,0,1.5673288200986222,1,0.4629121262395547,2,2,1,0.4947694644278249,1,1.2824177077893846,1,0
1697,0.17743510181001404,1,1.570275185532277,1,0.5844494721701393,4,1,1,0.3761794142005368,0,0.8538138629754571,0,1
277,0.53698883382552,0,1.392699575294795,0,0.22627588682359517,4,5,0,0.3798282054616074,0,0.6040223849742918,0,0
2369,0.928489097324659,0,1.4338952910333234,1,0.24204040762082574,2,1,1,0.48204639840583197,1,1.0282153452191227,0,0
319,-0.33441507404855464,1,1.594971602762124,1,0.4781153249048211,4,3,1,0.3804700509796936,0,1.2418145254830248,1,1
1142,0.29027806130367395,0,1.4336940583289255,0,0.5106903709317799,4,4,0,0.5651811788795773,0,1.0772827214609038,1,0
1889,0.011743696075012855,0,1.517785360743812,0,0.8562809129798767,1,6,0,0.46298949135478146,1,0.9833824352575685,0,1
691,1.3029627525073975,1,1.4187208787393628,1,0.9329020281149247,1,2,1,0.5427551393710371,1,0.8425952368315011,1,0
2282,-0.308632863085873,1,1.6060306682907102,1,0.043327104887940227,4,4,1,0.3173793900180142,1,1.381619897258971,1,1
1597,0.32447938517403363,0,1.6988674336822054,0,0.4380952528799776,3,2,1,0.45660124411028846,1,0.9130157075476211,0,0
1044,0.6991658000731239,1,1.596800343986283,0,0.9941430090358778,3,3,0,0.3003322185317095,0,0.9794540463194613,1,1
940,0.39349648812199634,1,1.703177871383141,0,0.30540840929028623,1,4,1,0.5131216678397827,1,1.2308994166363147,0,1
2339,0.17699754309307802,0,1.4018875196197567,0,0.9526657791291424,3,4,1,0.5469828135696939,1,1.10127669238127,1,0
2119,1.0957502007485354,0,1.4650661392988265,0,0.7841692145509533,4,4,1,0.37342497883564985,1,1.1132533708111214,0,1
1986,0.2833839236765324,0,1.41194242923676,0,0.8604001649008807,2,5,0,0.5584123512232584,1,1.298783683046717,0,1
238,1.0183591351738452,1,1.596456573680533,0,0.4551247212978367,1,3,0,0.37148498279684894,1,0.719889193784637,1,0
1962,0.14741940128017084,1,1.4427723385818425,0,-0.14183134238161077,1,4,1,0.45353403754700716,1,1.1157065259138568,1,0
249,1.4692218499760843,1,1.332948642028472,0,-0.03810384598095928,3,2,0,0.4200005825697506,1,1.1139105048305538,1,0
642,0.871792787796869,1,1.498264204263809,0,0.7326150881274048,3,4,1,0.6039992722168045,0,0.891560197107806,1,1
1223,0.4154221988917105,1,1.4694550911813047,0,0.05836089289476598,3,3,0,0.32762033922107153,0,1.2293219444279888,0,1
88,0.29254413588173145,0,1.6129537554386446,1,0.35843696539232767,3,4,0,0.5284691519273869,1,0.7045318536527874,0,1
1032,-0.08888144275739696,1,1.4174770046443652,0,1.1638383832955421,1,4,1,0.47094003427643866,1,0.890123936295644,0,0
1701,1.1234870628724891,1,1.4286356848820094,1,-0.7574300422112006,4,3,1,0.4400909464038529,0,0.9273012613169711,0,1
1014,0.814206028216091,0,1.5825785573291078,1,0.2609723432967693,3,6,0,0.5236438197979627,0,1.0335401562092827,1,0
445,1.1932563080367335,1,1.490780800034194,0,-0.019166245566427542,4,2,0,0.5012596384494057,0,0.9261677398959626,0,0
2196,0.5160074198300956,0,1.6058555142432553,0,0.9303322625068511,3,2,1,0.4114740820189444,1,1.165048114633159,0,0
1147,0.1670590508938733,1,1.5220476418204099,1,0.3570011933228421,3,1,0,0.37839279314338575,0,1.2817455344326927,1,0
1269,0.5124501995823104,1,1.67234953040025,1,0.21839534140724542,3,6,1,0.4179058439612549,0,0.859656373088896,1,1
1326,0.833908357650835,0,1.7700081129481975,1,1.4370371703347287,2,4,1,0.523058255552487,1,0.8823343654146679,1,0
265,1.4608376124418725,1,1.5067052264802185,0,0.44773369985563993,1,3,1,0.5308568639684678,1,1.060749586040859,1,0
1866,0.014283684249575768,1,1.4919014508408233,1,0.7408369780584597,1,6,0,0.41834670281194425,1,0.8653161499445332,1,0
2041,0.4018692259544529,1,1.5293979529226676,1,0.5240695846557416,2,4,1,0.6387807488804265,1,1.1774091620161053,0,0
787,0.5634831160062619,0,1.592198365629346,0,0.07131035439795103,4,2,1,0.5626280787357096,0,0.9089285567294464,1,0
1595,0.9859842982270404,1,1.5063235774008374,1,0.5911730769478142,1,6,1,0.34514364633396744,1,0.7347165503533369,1,0
333,0.03362762398117697,1,1.7547816626827943,1,0.5556637601798188,4,1,1,0.36579789081302266,0,1.1237858847762574,0,1
1980,1.3968075375275915,1,1.5167981132238124,1,0.08188480008235888,3,2,0,0.5036733422007779,1,1.1670615293893587,0,0
156,0.9336404104077519,1,1.3633317671809237,0,-0.36174952885718403,3,5,1,0.44564617942451823,1,0.9741059916809521,0,1
1427,0.5738336525256383,1,1.5123334548793939,0,0.06768181454380129,1,2,1,0.4668213435812617,0,0.6926264768713939,0,0
579,0.3851444012429817,0,1.4368998145895862,1,-0.12636728334014147,4,6,1,0.4909165916662762,0,1.1689082012816374,0,0
1857,0.6496496342029339,1,1.4678137357421823,1,0.9790414028763437,1,1,1,0.4641351896264553,0,0.7779540154211995,0,0
1576,0.1981205765379191,0,1.5236700533090306,1,0.4540519375625897,4,6,1,0.4943158685038761,1,1.0579787492141575,0,0
2033,0.23148592626309927,1,1.3526406844782388,1,0.820742613011956,1,4,1,0.5454043160079789,1,0.8919451616369171,1,0
1420,1.1012690555209357,1,1.438307903745954,1,0.6595853216835299,3,5,0,0.5422477994297764,1,1.1948622374776843,0,0
1940,0.9710430581134911,1,1.5553688280996767,1,0.42661515857548904,1,4,0,0.4233911225521113,1,1.0844687753967617,1,0
113,1.1028549849872866,0,1.4742161756379397,1,0.1282182088495067,4,2,1,0.512417310181363,1,1.178579981412088,0,0
1033,0.11806226339400999,0,1.56584876187434,1,0.33243515357321574,1,5,1,0.4010865543288581,0,0.8678238098546134,1,0
2179,-0.2032855548499244,0,1.5670956227141581,1,0.44788532783284896,2,1,1,0.4758419387527063,0,0.8801776900581605,1,0
595,0.4626898746170345,0,1.529155587947601,0,0.5442663278415403,1,5,0,0.42945851548410774,1,0.8028992539075286,1,0
2326,0.31593483384636817,1,1.3584833556599607,1,-0.22581413970474484,3,5,1,0.5301096597177328,0,0.828916409397058,0,0
667,0.23126277178237026,0,1.6888234165197953,1,0.35977259943648504,1,1,0,0.399984532849065,0,0.8027892030303738,1,0
1763,0.721620162662996,0,1.4888694027283258,1,0.754517015160618,2,2,0,0.5040099471845274,1,0.5751031363321724,1,1
1723,0.039444227578315394,0,1.4912173038287972,1,0.5553827165019458,1,1,0,0.43975382306979793,0,0.6802380395168627,0,1
1824,0.19248403981107198,0,1.6326193558207451,0,1.0598061021442373,2,2,0,0.48782757396610915,1,0.9010677676043045,1,0
1502,0.8982103914243538,1,1.4290626234561685,0,0.28630777992871254,1,1,0,0.36699326176853647,1,0.7075808753796242,0,1
871,-0.3008389523584153,0,1.5881098390143014,0,0.543023971327875,3,5,0,0.4389033304761074,1,0.9788095078519066,1,1
1741,0.7793381610311978,0,1.4598235088209315,1,-0.6420075716878291,4,6,0,0.3294878645747913,0,0.8969282585806957,1,1
1700,1.0163870960428203,1,1.5777036531400679,0,-0.4432892266094872,2,1,1,0.4566200143520954,1,1.2206946509661156,1,1
2061,0.4499283499272371,1,1.5474923679404347,1,0.331832225481706,1,5,0,0.5397468687335197,0,0.6933554482262306,0,0
1186,0.9790081364434606,1,1.4091547212949656,1,0.20520367665146327,2,2,1,0.5342050134801762,0,0.6003510466853774,1,1
2009,0.5541659373936711,1,1.6210133619728673,0,-0.09592961166965386,2,4,0,0.4726061265937074,0,0.8504873455105624,1,0
258,0.5860963047997947,1,1.610152444151299,0,0.07373243169746202,1,2,1,0.4742494749595372,1,1.0007254676965307,0,0
199,0.6082847425341716,0,1.8049885894837658,1,0.39194993988499693,3,5,1,0.4336540454200368,0,1.0814150495722343,0,0
198,0.1624330133063316,0,1.4072858251650602,1,1.8000444773273445,1,4,0,0.4815204855754804,0,1.0951792618483034,0,1
1118,0.01064440806175021,1,1.529966676324006,0,0.3410973075607876,4,2,0,0.4724828617907741,0,0.9639018229673658,1,1
1674,0.16938375827104507,0,1.490077572237191,1,0.8251533843710331,3,6,1,0.5031381960197157,0,1.029918209597184,0,1
925,0.2369616781127104,1,1.5018307065085208,1,0.8230885529825971,2,6,0,0.657972093051889,1,0.605843081883422,1,1
963,0.6012616463029308,1,1.6398676722782108,1,0.8687643768738086,4,4,0,0.6070252031136123,0,1.096661203071523,0,0
1451,0.22566256171214727,1,1.575596054069621,1,1.58976585763077,4,2,0,0.4370876245703806,0,1.0346257101399243,0,0
155,0.45365021372200387,1,1.4655171368557343,1,-0.5531423884266853,2,6,1,0.4217602868186261,1,1.1923696982229615,0,0
2101,0.22613686321063659,0,1.656616098283458,1,0.6393672178961562,4,3,0,0.5482689562227476,0,1.1206046682016362,1,0
1190,1.0309884515919618,0,1.5266669848547163,1,0.8408432213062698,4,1,0,0.5869813252920829,1,0.7471657325568422,0,1
2224,1.1857106872007634,0,1.339812131506696,1,0.21208566346740654,2,4,0,0.3582403448698104,0,0.6757691207220621,0,0
805,0.5385872831304378,0,1.5270375098187279,1,0.5692552055516127,2,3,1,0.5503664153985635,1,0.9238676132221721,1,0
1949,0.43411200425007845,0,1.5568153507939286,1,0.6522675267173323,4,4,0,0.6145119245209237,0,0.7900909697492208,1,0
2082,0.2979187032497015,0,1.4767234415622186,0,0.2882098873194612,3,6,1,0.5748785803086827,0,0.9578560599032457,0,1
818,0.7894698322349996,0,1.60878611333065,1,0.2386549044230487,2,2,0,0.38518245876098806,1,1.2151717881966315,1,1
1340,0.18022315781902448,1,1.4787532841942026,1,1.0227440072328515,3,3,0,0.42978954756798965,0,0.9975547152877442,0,0
1556,0.259765273747611,1,1.7837564180934644,1,0.05265093410337102,2,2,1,0.3355038042768412,0,1.029722880856439,0,0
226,0.4291185906063394,0,1.505689469320867,1,0.47479226787327,4,1,0,0.48137711875297934,0,0.7205698104337983,0,0
1571,0.7733824038862804,1,1.4759479202240267,1,0.6485535419341961,1,2,0,0.4549068709498622,0,0.8609276889674833,0,1
2304,0.5589187676723892,0,1.2455725529811306,1,0.051286672632523345,4,4,1,0.5947048246834369,0,1.2297504272770055,1,0
1007,0.8730573576210421,0,1.4796331749981635,0,0.926031029326567,3,6,1,0.4284642712016879,0,0.8478355816789409,0,1
1931,0.7424011318033724,0,1.3841574296829293,1,0.06749679288934718,3,3,0,0.672301570177479,1,0.8584326759941201,1,0
1455,0.2311917688862587,0,1.5559141383028317,0,-0.6583765810274276,4,1,1,0.5200743523122713,1,1.1512550834527724,0,0
2,0.10465206070227856,1,1.435146367502422,1,1.165186032031519,3,5,0,0.46804804202068195,1,0.7375897320542144,1,1
1494,1.4638914424629046,0,1.484778117923662,0,0.9437264660034981,1,2,0,0.2794775667783336,0,1.125140955763791,1,1
255,0.08610640754807891,0,1.4704832411880737,0,0.23803447491319923,4,2,1,0.3608269121871647,1,1.2043754673187375,1,1
1060,0.1761127037326316,1,1.6380232733518663,1,0.367027457691794,3,2,0,0.44236273706049256,0,0.7418283911754223,1,0
209,0.37491218076543875,0,1.5928671762955908,0,-0.15753299913539154,3,2,0,0.6866208564467285,0,1.0661607770596904,1,1
1180,0.31583366412152497,1,1.4472683320773176,0,0.006790382600682321,1,6,0,0.31765570124133513,0,1.093058333149035,1,0
1368,0.568382629783325,1,1.4575908020795811,0,0.4143037525147091,2,4,0,0.5377296841972764,1,0.9484350384325428,1,0
1722,0.7309806451151952,0,1.4061442157516142,0,0.4807325171683445,3,1,0,0.4525084182678521,0,0.9736222018168117,1,1
2133,-0.19408234086653153,1,1.3474945966144252,1,0.675069709942953,3,5,0,0.476642054682733,0,0.6567362358656573,1,0
484,0.42598697614339504,0,1.5428800187579492,1,-0.018875348909558554,4,5,0,0.528757039023617,0,1.0594035442940914,0,0
332,0.3078666711079595,1,1.5723565310181296,1,0.547903703431771,2,1,1,0.48306526587695686,1,0.7342272873072608,0,1
31,-0.44315181135242954,1,1.712344149686736,0,0.749856401848221,2,1,1,0.5327285985626343,0,1.123982439655237,1,0
1699,0.6854216603330835,1,1.498319943746959,0,1.0284561203971303,1,5,0,0.5019257964783717,0,0.9704274502987305,1,1
83,0.9194411209530302,1,1.538191041745268,1,0.5202933272018774,1,5,0,0.6838890584814326,0,1.1117975047838384,1,0
79,-0.4151287823223616,1,1.41463417877286,1,0.6812113460015773,3,4,1,0.5508401003683101,0,1.1990335596913055,0,0
730,0.5344682395933639,0,1.4694516672677804,1,0.6823644115593129,3,5,0,0.42447837716091474,0,0.8513966884877197,1,0
1759,0.1374460806607729,1,1.5065611206820362,0,-0.38646205772993747,1,2,1,0.37390815198221455,1,0.9075369692504759,0,0
1991,0.4353768178289482,0,1.568596094916253,0,1.1374979265759686,3,4,1,0.6914065947996881,1,1.0147836915705275,0,0
1885,0.891025901689666,1,1.453573880339063,1,0.8293500075676046,2,3,1,0.4691885443110238,1,0.9583963105142007,0,1
1277,0.6362849897798604,1,1.5268103309348187,0,0.33217565097617296,2,2,1,0.6297005997474197,1,1.1201154671001228,0,0
1808,-0.26276267014703936,1,1.4454702754649318,1,0.9160622398560225,2,5,1,0.3873460517959082,0,1.0393535447195745,0,1
1482,0.5741517304791204,0,1.6083092853424186,1,0.3056591940957108,1,3,0,0.4642991741587024,0,1.0892965942365394,0,0
1875,0.9648879986697405,1,1.5450171149683485,1,0.1865226450052217,1,1,0,0.5397044242781998,0,1.0621519815742337,0,0
107,0.024773358034255233,0,1.4302191778863722,0,0.26425622087808026,3,1,1,0.4755979563781744,0,1.1405365877081184,0,0
495,0.5124225875149965,1,1.5146198549072254,0,0.7738276558412888,2,6,0,0.4981769952346658,0,1.0458530077366621,0,0
271,0.5990916167822181,0,1.4897843730279634,1,-0.7390545194248055,3,1,0,0.35554105519373974,0,1.1180718518882409,0,0
355,0.5563735169966478,1,1.5295430336365876,1,0.34808096158652724,3,6,1,0.39149742876449684,0,1.1247296174582422,0,0
1371,0.5581623468910955,1,1.4560442708605412,0,0.6990368048282931,1,1,1,0.4268591724781068,0,0.9218347452515915,0,1
1648,0.4687113185857319,1,1.340139400981645,1,-0.2105752675826048,2,6,0,0.6279117485174706,0,0.6569176526957636,0,1
2374,0.1591561975166343,0,1.6255763317617578,1,0.49003474855352674,2,4,1,0.5868234057969579,0,0.8785760610455897,1,0
1195,0.860688047702699,0,1.3690793555337144,1,0.8389781097855036,1,3,0,0.39635196977409815,1,0.8901040021447681,0,0
349,0.26750524736331405,1,1.5267729544357795,0,0.42212176546798996,4,4,1,0.4582289760764652,0,0.693183106715429,1,0
8,0.11146089970969009,0,1.506225583423477,1,0.8980031394388852,2,3,1,0.5332690915906185,0,0.996876503032961,0,1
394,0.029923430164994103,1,1.5911827774956675,1,-0.5108388589310013,2,5,0,0.5760343979588024,0,0.8386151613917683,0,0
1765,0.48404568970609396,0,1.5320529955945899,1,0.9717169904539205,3,4,1,0.5739622016760915,0,0.9175617992133077,1,1
1353,0.39707642175594415,0,1.6132026769232588,0,0.686468782902778,1,6,1,0.4982687941779397,1,0.6936383878598694,1,0
1093,-0.18044722417333092,1,1.6022744160201523,0,0.7948119832664913,1,6,0,0.4954245423239334,0,1.02906247356099,1,0
368,-0.22942227490467526,1,1.435833008043722,1,-0.7080497447035832,4,2,0,0.47856145473214406,0,0.9890308186662911,1,1
697,0.9510546818486438,1,1.3825461623164768,1,0.31313442043446704,4,4,0,0.5540203918496005,1,1.0232052035228825,0,1
1610,0.6770366015882398,0,1.6559730722930484,1,-0.4424641669218423,1,4,1,0.5376105929706252,0,0.9510806390542583,0,0
1868,0.09683289890636326,0,1.4937556231993683,0,1.1478977548952412,2,2,1,0.6005230537065576,1,1.1512534457569665,1,1
1595,0.712407988404073,0,1.626853924462594,0,0.3032923305384525,3,1,0,0.5854622388087013,0,0.8254334767360583,0,1
1455,0.1205022941099233,0,1.6719781352327128,0,0.3416620976735984,2,5,0,0.5233509649464585,0,1.052807251728861,0,1
220,0.06889316702126103,1,1.3826472244549008,0,1.1066395543598222,4,2,0,0.3393566901945536,0,0.7845951702645941,0,0
498,0.9660675248349246,0,1.4261818413674625,1,0.46520256334109295,3,6,0,0.4807968264868857,1,1.2585071938524248,1,1
830,0.9072806569960719,1,1.4952022200800128,1,0.7508331541601634,3,6,0,0.5348983655763564,1,1.1765044791303365,0,1
1173,0.8374744469594727,1,1.493210346254108,1,0.8765624830223431,4,3,0,0.4388457970857205,0,1.1651845642491234,1,1
1186,0.6559358261351667,1,1.3022503470963207,0,-0.015091225021279575,3,1,1,0.48827240161919977,1,0.8607734583865734,0,1
1874,0.39376633457901217,0,1.271163744494503,1,0.5125751769661778,4,3,1,0.4143238854640283,1,0.8717811400576083,0,1
464,0.6973755356737286,1,1.4628031016928198,0,0.8513522360558208,1,1,1,0.3351188154952105,1,0.840522224857077,1,0
486,0.683537293170175,0,1.6693215678461835,1,0.7013676868476335,2,2,1,0.3908658169688637,1,0.7498658492604937,0,1
1985,0.1628155346209279,0,1.5541242202234797,1,0.20739766186527653,3,3,0,0.48000843017595163,0,1.203810780038228,0,1
2209,-0.018702175786876385,1,1.3877801960093366,1,0.7777268622488184,1,1,1,0.46664447971110784,1,1.0327879960861404,1,0
216,0.11218378724422173,1,1.3874846263706704,0,0.26605559388019273,4,4,1,0.3907919637002746,1,1.0424591830139842,1,0
194,0.5827400672774075,1,1.6148071521996872,0,0.5388379852436475,2,4,1,0.5722905838422601,1,1.0304614156014855,1,0
611,0.5518970527831868,0,1.522843779938952,1,1.2244950589628523,3,5,1,0.41766733291713204,1,1.0071695662102171,1,1
1272,0.5678398962236698,0,1.6065825986042275,1,0.20149738708035597,1,6,1,0.5483805697259528,0,0.8878018971030207,0,0
1933,0.5330544403466764,0,1.514689645887455,1,0.04897831768479349,2,6,0,0.609051108421938,1,0.8881165701600277,1,0
2072,1.0753064418579916,1,1.5247997631906374,0,0.3881665147361598,2,3,0,0.32330400457624764,1,0.6209513904156482,1,0
2329,0.49390049281037524,0,1.5037516276058398,1,0.14634160881492358,1,5,0,0.6283911121189367,1,0.6518222883203579,1,0
1208,0.7169902953327347,0,1.4527925817965643,1,-0.14321752687349332,4,2,1,0.5127063628487474,0,0.7208765497102692,0,0
1125,0.5315588657374566,0,1.4582922997967225,0,0.8270863200018168,1,3,0,0.6242938602068153,1,1.3174317743376287,0,0
862,0.7969884166059684,1,1.5575580012187724,1,0.09616219656287356,3,3,0,0.484314321964294,0,0.6431435586998873,0,1
1389,0.4317416980748878,1,1.4485300103859315,1,0.2917057740964526,4,4,0,0.5344471576899921,0,1.0816085375110005,1,0
1018,0.2192689536039737,1,1.488569642160515,1,0.06089021735813055,3,3,1,0.7205556812211635,0,1.0564791479430036,0,1
1622,0.3250253684149573,0,1.689562724924233,1,0.8387799226269024,3,3,0,0.5443150128677015,1,1.1068819290262133,1,1
1043,0.364226482122348,0,1.3957448392070688,1,0.9816626338178425,3,3,1,0.4463712987223635,1,0.9130004388587417,1,1
590,0.32207767666452336,0,1.5853821998207032,0,-0.10155256233745247,1,1,0,0.5157115432319095,0,0.990170359867698,0,1
1010,0.7027313378729613,1,1.5187779803705521,1,0.9325024681155247,2,6,1,0.3698172907532822,0,0.7645468556031572,1,0
1779,0.9457945106697192,1,1.4448027295091292,1,0.545883471428245,4,2,1,0.38904882346307595,0,0.9887440455134789,0,1
1821,0.8158689706676483,0,1.5239777249347586,0,0.6345924282853284,3,5,0,0.5494801458735389,1,0.9601597456575619,0,0
596,0.9293563066818327,0,1.5775715071295389,0,-0.0973791323918407,1,6,0,0.3981727331371063,1,1.2904787202975934,0,0
1223,-0.23138040512256275,0,1.3391747552177067,1,0.9009650677615033,2,4,0,0.4230489312273008,1,1.2065269800572709,0,0
1830,0.07753070407069251,0,1.2807452510718373,1,0.8870913100895781,4,5,0,0.3790574173091093,0,0.81682583947739,0,0
1297,0.5596447961976434,1,1.5146559740366659,1,0.06353868594077078,3,4,0,0.4081744535504743,1,0.9837027157956598,0,0
824,0.7093994279448479,1,1.4426407287603262,0,0.9722514874764334,1,5,1,0.4588545629195715,1,1.0774419261179777,0,0
1648,0.8077478128374646,1,1.6938833328031713,1,0.5024623202572793,1,2,1,0.39847481967655973,0,0.9495966235936805,1,0
1082,0.5414815300506289,1,1.438093193253214,0,0.5377898452415263,3,2,0,0.5270210801492693,0,1.0571953970231467,0,1
496,0.8325482065040378,0,1.3914894019403639,1,0.31091815836316006,4,5,1,0.5156162523940107,0,0.9238655733078536,0,1
2365,0.8701022646157467,0,1.547807918311702,0,0.2555100372501903,1,6,0,0.5845219349711422,0,0.7266489583928267,0,1
794,0.06523312116335006,1,1.638329060106775,1,0.6351817067683512,3,5,0,0.6250456623131511,1,0.8967934501942669,1,1
629,0.6561549167544322,0,1.4669093946990515,1,1.0788373053542104,1,6,1,0.4379269544947657,1,0.9698895574476518,1,0
353,0.6936165704555644,0,1.585903829849435,0,0.3296153716856335,1,2,0,0.5717314576473487,1,1.003251473952206,1,0
1604,0.4320613552816401,0,1.4906247665814971,1,0.785431109540687,4,3,1,0.43900317623706175,0,1.1503775886046828,0,1
1534,1.0715573158374634,1,1.5263669856502842,0,0.9042786298994105,3,2,0,0.5267618282578606,0,1.25863572421594,0,1
1719,0.8548420980187011,1,1.6275765217420892,0,0.12597339976885846,3,3,1,0.6291768934292946,1,1.4260382210927456,0,1
508,1.0375077792339238,0,1.6996419871774298,0,0.617596309253622,4,3,0,0.5137180487790554,1,0.7980863853275522,0,0
190,0.1257680820431611,0,1.448770194922844,1,0.3273645512673816,2,1,0,0.6157284751893861,0,0.8106260203229183,1,1
531,-0.16762700000922814,1,1.5017766198990423,1,-0.11690765058358898,1,4,0,0.4975006571170199,0,0.8996752923173884,1,0
2013,0.02391378736008226,1,1.4509303670842528,0,0.1081031576787087,4,2,0,0.5375399994592228,0,1.006632800031609,1,1
1440,0.11683319500107764,1,1.362763603067309,0,1.0104602034276495,1,4,0,0.3526643290254984,1,1.0625452658154688,1,0
2348,0.471614953515331,0,1.4032414958663517,0,-0.0004588367915792091,2,6,0,0.4419432532865077,0,1.0102997019812512,0,0
266,1.1868692800525178,1,1.642020187707535,1,0.5103801417792139,4,1,1,0.37100601618356804,1,1.062531111615982,0,1
1403,0.6608974636962779,0,1.5974622242867689,0,-0.78010735170688,3,1,1,0.49693761977357215,0,0.730448713850295,1,1
352,0.7996325498711183,1,1.614700992993816,0,-0.08347068081060904,1,4,1,0.4466900221296055,1,0.6999144275344094,0,1
2283,0.1290315327623967,1,1.4499287871019848,1,0.43873467331918176,3,4,0,0.48161549471788884,1,1.1432759022704078,0,1
2248,0.7986052611802639,0,1.4922768766572545,0,0.6330942862126918,3,6,0,0.6127837424582537,0,1.2435504874916963,1,0
614,0.3706004019101654,0,1.5196147431364044,0,-0.07188132361418753,4,5,1,0.6018703092713517,1,1.1471155468860181,1,1
1719,0.9420079294776446,1,1.5565497443905745,1,0.9906738015104588,2,3,0,0.5215250014216007,0,1.0186620569737168,1,0
49,1.2900118492203356,0,1.4400222150840694,0,-0.345163557147559,1,4,0,0.4738676216394803,0,0.8273948832133465,1,0
1824,0.5407559981554673,1,1.3346397736753919,1,0.04271774352581681,3,2,0,0.515794948198364,0,1.0106720190451999,1,1
301,0.8277272905804165,1,1.5646008615616598,0,0.05961213334894089,1,4,0,0.5438695820697922,1,1.0206735679426886,0,1
286,-0.20344664534359858,0,1.732428346931472,1,0.4906440944985555,3,1,1,0.5256472788183498,0,0.9853008132975642,1,1
617,0.4420134354416002,1,1.5175964185101392,1,0.24748910443131067,3,1,0,0.42164474838421223,0,1.0365437165549982,0,0
613,1.0541633946655335,0,1.7203305938493616,0,0.0016888071789644687,1,2,0,0.5441159428475421,0,1.017467646164,1,0
309,0.10591687745668299,1,1.3640165150315182,1,0.07648603062402642,4,2,1,0.5416655432897163,0,1.038923358118804,1,1
2348,0.5739561442221902,1,1.3026080137128455,1,0.013066010935066708,3,6,0,0.49389549848299913,0,0.9525542882269735,1,1
439,0.6151127083087071,1,1.37285583474538,0,0.4998891665498708,3,5,1,0.5053681597943309,1,0.8526902445663077,0,0
703,-0.28334951980041734,1,1.4236528409836735,0,0.06743517580053932,3,2,1,0.48939054931302856,0,0.9487958927919553,1,0
2157,0.47094681744109534,0,1.5173441496396316,1,1.2514502011261759,1,2,1,0.5894557082437923,0,0.6705052724139525,1,1
2284,0.24325064242468653,1,1.516983486419713,1,0.5823959652626859,2,2,1,0.5883103972064592,1,0.9463192435561089,1,0
2310,-0.15975821858914674,1,1.588489398559869,1,0.4653621999524657,2,5,1,0.4374303505135018,0,0.7093464651281004,1,0
543,1.0060167590765259,0,1.385351288576424,1,1.0160369766608683,1,1,0,0.5391825892086665,0,1.2584862928698004,0,0
1912,0.1829069959002782,0,1.4765626554131932,0,0.14929608006827,2,4,0,0.4716658343463945,1,0.8044421203932823,0,1
1362,0.12699255924000352,0,1.6341061783227107,0,0.29884601663168614,4,6,1,0.26893099801414677,1,0.8713822932609925,1,0
1509,1.3207585388134229,0,1.507054531626937,1,-0.014282952286895467,4,2,0,0.49650918643571035,1,0.9451178196136529,1,1
1248,0.8184011072350782,1,1.590654328769827,0,0.12874459152012036,4,2,1,0.40693182794733723,1,0.9861382971313578,0,0
1463,-0.0020003647024261495,1,1.5415650462737813,0,0.8982518918608557,2,5,1,0.2903228952432412,0,0.5662512651493861,1,0
1626,0.33060804766606033,1,1.4920824632543073,1,0.6412253165432872,3,4,0,0.5017745733068758,1,1.0744722544279746,1,0
18,1.0482561175631746,0,1.401210337960343,1,0.3184124700430548,4,6,0,0.45308860641553783,0,1.168995851048894,1,1
1882,0.6033092877536133,0,1.466065527870506,1,0.9524907659192898,2,4,1,0.4548193235437896,0,0.8498407597304711,0,1
1154,1.013745459187372,1,1.4127092296631802,1,0.47471360262723145,2,3,1,0.44087183124270046,0,1.1277559266936208,1,1
189,0.4861701959909823,1,1.6129568505541092,1,-0.1626080882127805,1,6,0,0.5314450624467894,1,0.8728372466510529,1,0
1296,1.245298307880134,1,1.5512606415285048,1,0.7247031397400818,2,5,1,0.4400524253471607,1,1.0249115308076882,0,1
1545,0.9817503730118491,1,1.6117241965242328,0,-0.29294949122546343,3,5,0,0.38758713360290004,1,0.9858264459379467,0,0
1947,0.6112716661876803,1,1.4749772009896758,0,0.45304799719699324,2,3,1,0.4603641622013807,1,1.0083035340477882,1,0
399,-0.0748964824030357,0,1.631224244299069,0,1.151598925628063,4,6,0,0.5231105064779379,1,1.2314204575968721,1,1
153,-0.49833542974914236,0,1.529131830686726,0,0.24434683718897549,3,4,0,0.4740409258514792,1,0.8794383578090985,0,0
340,0.37110395088940507,0,1.5092195527955625,0,0.26801068411567797,1,5,1,0.36974935194522945,1,1.2410946209182785,1,0
1154,0.2818126992123561,0,1.5776608425039715,0,-0.28971753857013305,2,1,1,0.628241242611604,1,1.2108814221965418,1,1
54,0.6505791163232643,0,1.3114410652857749,0,0.49064203751555996,4,1,0,0.3992534855271577,1,0.8573871112915749,1,0
470,0.3867139714236234,1,1.3935717102732734,1,0.7458473373616435,1,3,0,0.4216387232213027,1,1.0253448428109733,1,0
1069,0.8079003549463359,0,1.524632433457536,0,0.03370423303377501,3,2,1,0.5008271410011869,0,0.9918978317232929,0,1
896,1.6004684060183574,0,1.4745924492356188,1,-0.6450273924738363,1,3,0,0.5077085932838761,0,1.0551289862546849,0,0
1410,0.3771999313842418,1,1.3580098956343842,1,1.0312292371642864,1,6,0,0.5160580586294959,0,1.0731053530119012,0,1
1460,0.5011902586674561,1,1.587734139502595,0,0.6356032686171538,2,1,0,0.4213801512985031,1,0.7825766108759322,0,0
321,0.8182313541301485,1,1.421876853305799,0,0.6624106109362646,1,1,1,0.34596124486161095,0,1.3699586134241704,1,0
1539,1.0829173713749338,0,1.332099544884664,0,0.8014259565015116,2,6,1,0.5094217764140292,0,0.7988565182259333,1,1
985,0.37868782316082583,1,1.5981956038195297,1,0.8366753501616219,4,4,1,0.5546860001053507,1,0.683629271278358,0,1
1024,0.11022598275805823,1,1.410416555248381,1,0.26804608789703877,4,1,1,0.428508744026197,0,0.7598619856973889,1,0
2042,0.24054784460101664,0,1.3237265554003264,1,1.0865547645895823,1,2,0,0.4444769773612299,0,1.1519258699155464,1,1
2288,0.8051096672278406,1,1.5026980417102782,1,0.46421722685954747,4,2,1,0.41339429771395364,1,1.1858723304220289,0,0
1708,0.14060294775538873,0,1.528298152297316,0,0.6073236925801173,2,4,1,0.4046697960901897,0,0.7308748237760967,1,0
2131,0.5483675685272436,0,1.3698121027964558,1,0.6231325498007443,2,4,0,0.4018254389649312,1,0.9505604667177111,1,1
2264,0.28936417079416343,1,1.3878234829356069,1,0.5912543507333001,3,5,0,0.44941050474364236,1,0.9798990764862734,1,1
2263,1.0869170214804846,1,1.3885583438617808,0,0.26908838250777256,2,1,1,0.47182325675807324,1,1.271168437720787,0,1
2230,0.42223513511455957,1,1.5003874033792404,1,1.7160071981989253,4,3,1,0.4170516030632896,1,0.8986290663212371,1,1
2188,0.36414421515962314,0,1.4672854808762095,0,0.1338417976323581,3,4,0,0.49629525674566266,1,0.8626612715357208,1,1
109,0.7715952010609071,1,1.547101675025054,1,-0.20152016514874183,2,5,1,0.4389717942644406,0,0.743306262219086,1,1
2313,0.7251669988276503,1,1.5334767876601316,0,0.44539220938100355,1,1,0,0.42943921345390235,0,1.0540444928973003,0,0
1984,1.3137192671744762,1,1.5492348878171494,0,0.7414976281744028,4,3,1,0.3244957773952429,1,0.6856785829351117,0,1
1349,0.895080637446121,0,1.4270303108426527,0,1.4671071647093525,3,2,0,0.4739620077955132,1,0.6813262838150363,0,1
14,0.6748697339429013,0,1.4896591307396418,1,-0.5719014680425021,4,6,0,0.40287916307458294,1,1.2574726852526286,0,1
17,1.0637570926931657,1,1.493344610478999,0,-0.02377736457851609,2,1,1,0.3919361392445185,1,1.1294642659831133,0,0
1530,0.5285549457604638,0,1.4681727701354932,0,0.04902526321714984,4,2,1,0.46901659900966025,0,0.9941396369316464,0,0
2270,0.988143928745489,0,1.4907281239843262,0,-0.05941790721560003,2,3,1,0.5814441755851162,0,1.0710428490813622,0,1
477,0.6500103423005881,0,1.5834493716465712,1,-0.42271371275215053,3,1,0,0.5369466496944453,1,1.043455148208097,1,0
2282,0.9394526028370371,1,1.3528533720231175,0,0.17733054388065467,2,6,1,0.5065351629098628,0,0.9134018161764863,0,0
1195,0.19583489642709379,0,1.5775027528427226,1,0.6287284583419754,4,6,0,0.6163083293670876,1,0.7614307092617972,0,0
1390,0.5164162231158725,1,1.4637709879720928,0,-0.00028715863488570914,1,6,0,0.5709055937786685,0,0.9847915813734125,1,0
639,0.630248652591034,1,1.6073302259444857,0,0.8421830691574755,1,1,1,0.4567079609129427,0,0.6321502945157342,1,0
1541,0.8376942507535943,0,1.5922648227586513,1,0.5061290603171281,1,5,0,0.42310756363925706,0,1.0577381945271604,1,0
174,0.3468803368030614,1,1.5004330477615697,0,0.30372030094607616,4,3,0,0.5223692496363197,0,0.9752013258900986,0,0
1655,0.4662257941480476,0,1.4164535107083662,1,-0.2131071295547906,3,6,0,0.5347991551661339,1,0.6149578275315672,0,1
21,1.0584027551143635,0,1.6340064202784443,1,0.11873142417725485,4,6,1,0.4977354535944764,0,0.8040524117778178,1,0
290,0.11683057336933766,0,1.265804961212953,0,-0.5971084888703593,1,4,0,0.39162760610416997,0,0.8750865854198613,0,1
1338,0.04892683913975665,1,1.3761049131571663,0,0.850311460684458,4,2,0,0.48866793317090473,0,0.972754432932994,1,1
522,0.6676603880074333,1,1.5455144695201435,1,1.034083417729454,4,3,1,0.4815154164456101,1,1.018514198723638,1,0
697,0.6849449342416333,1,1.4237829651470484,1,0.32525143445437565,1,1,0,0.34842863304584626,1,1.0533091755678998,0,0
888,0.13160043734080878,1,1.363079938173898,1,0.388685112946528,2,2,0,0.5059917298378696,0,0.7386053765443079,0,1
1515,0.45782370635802866,1,1.5593938027741692,1,-0.3069509849955332,4,6,0,0.46155938570197336,0,0.872532836073577,1,1
1478,0.8062643030490393,0,1.6746953536097786,1,0.8476866697951491,3,1,0,0.4667065164305723,0,0.8081168016828142,1,0
1301,-0.23797729563309555,1,1.560244727173308,1,0.7299555666709118,1,4,1,0.47324905349731095,0,1.0219459188661573,0,1
2223,0.31025318140541713,1,1.614246129587317,0,1.2782868983397848,4,3,1,0.46787660898474936,0,1.0349009758188856,0,1
1789,0.3535916767780832,0,1.3636063253111814,1,0.8438673993374609,3,2,1,0.4422648666883208,0,1.0833894350574929,1,1
228,0.5208052700232493,0,1.639540608980772,1,1.1592497569587241,2,5,1,0.4364889303041855,1,0.7578045595903911,0,1
1031,0.5167722275318808,1,1.4696823000295423,1,0.5551193895821716,3,2,1,0.6011579260300166,1,1.0256253392402161,1,0
907,-0.03513230702865133,1,1.4821111726942653,0,-0.707744702794769,1,4,1,0.3578231579633837,0,1.055649022982019,0,1
1378,0.6884620448187504,1,1.3972583201182727,0,1.5784238804894912,3,5,0,0.6535409139628525,1,1.2014567143630923,1,1
1320,1.076429269898339,0,1.4432833476997806,0,0.20435019862540543,1,5,1,0.46461650451057535,1,1.1199174454207883,0,1
1726,0.6762714089297693,1,1.5469952924318602,1,0.7814939699713391,2,2,0,0.4747780139885304,0,1.1183660704569047,1,1
1983,0.2717170117180163,1,1.5722264582613363,1,0.5335928245565111,1,6,1,0.32904997279839954,1,0.7578563237275353,0,1
1527,-0.110903035550591,0,1.5317769271678428,0,0.39308014129065044,3,1,0,0.4591100693373188,0,0.8099141383513915,0,0
1424,0.43929096352777075,0,1.4492246415543237,1,0.3962190120047435,4,3,0,0.5578298307276752,0,0.7778343883097175,1,1
1197,0.054526862002332754,1,1.4595901697547862,1,0.0975777544357998,2,2,1,0.4056740247012649,0,0.8574558199932601,1,1
1356,0.48152875645347704,0,1.3678829166182727,1,0.453932399535741,2,3,1,0.3093856125092517,0,1.0913139535836471,0,0
833,0.6506950798038497,0,1.4945558604347728,1,0.5614995299167859,4,1,0,0.5542700209322151,0,1.0603775920890879,0,1
1043,0.4676840330230692,1,1.5511941920889505,0,0.048014874186505074,2,6,0,0.5152227731482002,0,1.0028420838843637,1,0
941,0.13744681651333795,1,1.4548831230589663,0,0.6775587930152134,1,6,0,0.3515116416771033,1,1.0577547987957794,0,0
956,0.33488850241754714,0,1.4747145315627326,0,1.0891751681306194,2,5,0,0.45511169648612965,0,0.8523079298364218,0,1
999,0.9078214645360212,1,1.5206964397997578,1,-0.022700675267020576,3,1,0,0.4644156930337874,0,1.106806079716135,1,1
1901,0.5459645974566787,1,1.359801890515809,0,0.5273337157108104,3,3,0,0.38085380395180973,1,0.7830100979543718,1,0
2169,0.9573624695630175,1,1.3849064288139394,1,1.0930086353693529,4,2,0,0.4285999592389053,0,0.945317503852544,1,0
515,0.189147321218804,1,1.584566487078657,0,0.3928594693317221,2,2,1,0.44274689600027634,1,0.9693355070852352,0,0
1775,0.011408656392728977,0,1.5552472647053326,1,1.270514222650712,2,6,0,0.5212187349532218,0,0.9958824787489742,0,1
1450,0.9733344439569849,1,1.479266743696709,0,1.4802380727104447,4,5,1,0.4645654841513325,0,1.1469981206973427,1,1
2067,0.5671576877680313,0,1.638264555805407,1,0.48380536518399975,4,6,0,0.4265882896117082,1,0.9321104160396168,1,0
1783,0.516876742801819,0,1.4841736638497083,0,0.30081652531493835,2,5,1,0.49025878589631894,0,0.983765168885637,1,0
1552,0.1525189052202371,0,1.542437870895762,1,0.7963682567494854,2,5,1,0.5006654358834981,1,0.8050218223114224,1,0
1236,0.44066863039693555,1,1.5471647759978884,1,-0.041054611512686856,2,6,1,0.47723456614527476,0,1.1034047083103382,0,0
2240,0.36664927938412983,0,1.4761140325089734,0,0.0020492446476929604,2,1,1,0.6087611400462316,0,1.0415079502742592,0,0
369,0.479910691791596,1,1.466864483110562,1,0.2578007169639224,1,3,0,0.7564094201142706,1,0.9447394848138511,1,0
1968,0.8958914540506628,0,1.444875079553276,1,0.6041422767129008,1,4,1,0.46538350789760047,0,1.152414827799099,1,1
1243,0.29273902476950076,1,1.6313664798189311,1,0.2953071402580226,2,5,1,0.4990318265548314,0,0.7531705434472385,1,0
2097,0.03897145367020605,1,1.5582358822199076,0,0.48180471398773356,2,6,0,0.4053407144977641,1,1.125509565889751,0,0
1261,0.8553970997380661,1,1.5408438775529385,0,0.08933643598823515,4,1,1,0.4480015795895218,1,0.6043784624779502,1,0
943,0.6958869604247104,0,1.6749146929011665,0,-0.20210956594973706,2,3,0,0.32643499956944066,1,0.6683373661038388,0,0
248,-0.05570562529892875,1,1.4668396778647725,1,-0.15694225625774627,3,5,0,0.4330365343444084,0,1.1106876890711452,1,1
833,0.20827858290477308,0,1.4561031709960444,0,-0.036382641562158646,4,2,1,0.4444771557885132,1,1.00172027183899,1,0
1532,0.3246350055814694,0,1.3531970663752133,0,0.7697304465092736,1,1,1,0.495279278630095,0,0.9349144880723566,1,1
604,0.18632274891158318,0,1.4571979071715142,0,-0.24790805158399598,3,6,1,0.48827780863560316,0,1.2076073155424365,0,0
38,-0.1224262907611875,0,1.4410807268774626,1,0.8749459507102074,4,5,1,0.4144719835904803,1,0.9358572643909547,0,0
999,0.21562311852713112,0,1.5149299176571014,1,0.43167385471920666,3,5,1,0.44263982034868665,1,1.0850118800034663,0,1
1562,0.38553059468695405,1,1.461666827060538,1,0.4834935753085223,4,2,0,0.5075284767251569,1,0.8810163149908036,1,0
1220,0.8105081257304996,1,1.515668672552811,0,0.5522265722141323,1,1,0,0.4600308629573112,1,0.9988116000259843,1,0
1084,0.4550548876474838,1,1.5274715608400369,1,0.4518986808422288,2,5,0,0.5177771132645037,1,1.2438632108108818,0,0
1963,0.2884654361423589,1,1.4799766472338733,0,-0.03967091814687296,3,1,1,0.6229184373811647,1,0.9395119895686018,1,1
329,-0.12491941193968026,0,1.5380505545554664,1,0.4590955677164956,1,1,0,0.4602619586263169,1,0.9682685046046495,0,0
2158,0.004675929583104754,1,1.493957268870668,1,1.0154298752978863,2,2,1,0.581346294712964,1,0.8557621142923637,1,0
955,0.7903723307983761,0,1.4982089522327038,1,0.6351069292061507,2,3,1,0.4808429031435942,0,0.8461228543189052,1,0
1214,0.5426752972445092,1,1.3698075429237901,1,1.2725031174608006,3,3,1,0.48568410191635447,1,1.1101001172311753,0,1
1690,0.5378495435458919,0,1.448592932992479,0,0.6806841644171382,4,2,0,0.4934918743514211,1,1.0984846471255936,1,0
2065,1.0612708996449705,1,1.4022065950120917,0,0.21860795453464965,2,5,1,0.44254683620862656,1,1.1564622818521468,0,1
22,0.5998247643689617,1,1.3418905963290417,1,0.6277558469166333,2,4,0,0.4904297141205788,0,1.0269311736618763,0,1
1888,0.34644279134467215,0,1.407232792729393,0,0.5092914694430734,4,3,1,0.41263017366693433,0,0.7949749890328364,0,1
782,-0.24731639294029184,0,1.3926055599971776,0,0.11879159550543927,2,2,0,0.5697604014649327,0,1.0988965231036592,1,1
1879,0.32764004835819305,0,1.4582925140338467,0,0.7580345007569771,1,3,1,0.45593568315957234,0,1.079630390585716,1,1
1121,0.5945742859800083,1,1.5847846933273937,1,0.6125776751081986,3,4,1,0.4695719303452048,1,1.0948215154504113,1,0
54,1.0536458149323757,1,1.4180454279178694,0,0.4106457245520589,4,5,0,0.5055676994796323,1,1.256953994649816,0,0
54,0.01072869794088388,1,1.5160393003567707,1,1.18518703920871,3,4,0,0.4991157323907495,1,1.2107669631064966,1,0
1572,0.39386343929713524,1,1.3923343471699636,1,0.011546988066721164,1,6,1,0.5736482308754137,0,1.1975467061346414,1,1
1337,0.811925513641273,1,1.4563844881394545,0,0.6300927012977923,1,3,1,0.4705599827953795,0,0.8162507735786287,0,0
1259,0.5237852097766983,0,1.4847440070022735,0,0.930770610868066,3,5,0,0.49425849281551887,0,0.9557114035476071,0,0
1539,0.11907357568938853,1,1.4979982707175543,1,-0.016767885286259054,1,2,0,0.5824139652287295,1,0.6629250921639338,0,0
2370,0.8173871137446526,1,1.5932190410507048,0,1.0602770682124885,1,1,0,0.4911367852713478,0,1.0716927610903562,0,0
30,0.8699305767556667,1,1.540131202248049,0,-0.0998577235174245,3,2,0,0.40350627242244524,1,0.9439660761730438,0,1
1975,0.6925688773151684,0,1.3850088161713865,0,0.5541808298824542,3,2,0,0.5207011006377751,0,1.0376166916596627,0,0
1755,0.31749018368701354,1,1.4925795663047836,1,1.2205727465326142,4,6,0,0.40956824817229714,1,0.9011477116112511,0,0
1850,0.6460236113627672,1,1.5659784577433118,1,0.49755123109919663,2,1,1,0.3717267819874936,0,0.8827530035586723,0,1
1372,1.0459126762634503,0,1.2572117628968456,1,0.2520580974537078,1,4,1,0.44480848082778907,0,1.0363457827881344,1,1
1367,0.501056940206513,0,1.3726785744872974,0,0.4312355778062864,1,6,0,0.5215753017706809,0,1.0304081601859962,1,0
668,0.6169072132768623,1,1.6447102805925637,1,0.41646684600004275,4,6,1,0.43210435427613103,1,0.9920748805076687,1,0
1833,1.2289060950961699,0,1.304173181466394,0,0.5598676196142753,1,2,1,0.42285334729802126,1,1.0300202956907343,0,1
1560,0.06686953430606452,1,1.5536215589050577,1,-0.30146800527030804,2,5,1,0.5541523934802328,1,0.815221030527514,1,1
155,0.4366478521914363,0,1.4438527310515794,1,0.9128192304325935,2,1,0,0.4670292189091683,1,0.5241152925838319,1,0
1212,-0.07265271059482437,0,1.5454261047382292,1,0.7211942354618837,3,1,0,0.5347453624128956,0,1.0283635812704652,1,1
2069,0.9281747075585027,1,1.475539770006964,1,0.858322946044479,2,4,1,0.3957471414366822,1,1.0221320722972749,1,0
752,0.5168489386673029,1,1.5341048453947903,1,0.4776126241210707,1,6,0,0.3896126556998025,0,1.0188143921439805,0,1
1822,0.38262659160814505,1,1.4546917905281533,1,0.9773502036209261,1,6,0,0.44644180178119897,1,1.0044045202012863,1,1
1957,0.38106103708038624,0,1.5062473483880685,0,0.3998683294223842,2,2,1,0.5959878574478171,1,1.0511092713340118,0,0
1819,0.12648841481901513,1,1.6059123524919605,0,1.5187051071663644,2,1,0,0.3458118940340861,1,1.3061417271895237,1,0
2154,0.1803398384978674,1,1.6791628242846686,0,-0.03355071566812906,2,2,1,0.44302457172128845,1,1.081805447680297,0,1
1804,0.18273882012546272,0,1.440961073658028,1,1.2139909157158655,2,1,0,0.4887612808937353,1,1.0074007817601531,1,0
1771,1.0719611648554541,1,1.583026537967285,0,1.2677003366834312,2,3,0,0.3968739042390831,1,1.2660155178232242,0,0
204,0.7684341233621761,0,1.5029396794831218,1,0.8110762833533401,2,5,1,0.519781784854325,1,1.1343696624652293,0,1
2078,0.8730917481253369,1,1.5319043021477758,1,0.767151041618182,1,3,0,0.49286489746198514,1,0.9673388441442891,1,1
937,0.3209667325906941,1,1.562485651239604,0,0.3732412124395393,4,5,1,0.3578561753112422,1,0.6150496755770423,0,0
2192,0.1640556222116934,1,1.5511041146532054,0,0.3016488188938136,4,3,1,0.4158914806455937,1,0.8035518964608099,1,1
2243,0.625370976472573,1,1.5439268826514998,1,1.0508029213814907,4,4,0,0.4036478015182567,0,1.0515083474251923,0,0
10,-0.2835700995915814,1,1.4997004847112645,0,-0.6478659521063586,3,2,1,0.5112563300627274,1,1.1284448479350453,1,0
1695,0.5456534072074772,0,1.2717332284647396,1,0.801446820842466,3,3,1,0.4134476293023731,0,1.0084311571919955,1,0
1888,0.41985995067859605,1,1.5172118081221286,0,0.6620631223491977,1,1,0,0.3894990691319646,1,0.7818412323784754,1,0
2313,0.45557729756109316,1,1.4587901579425393,1,1.0427077355145895,4,3,0,0.41665017870722143,0,0.7717633943094324,1,0
1101,-0.10252692255376994,0,1.4407832691250875,1,0.2999646784457267,1,1,1,0.5850134062005108,0,1.0344713548950626,1,1
747,-0.12301600129734358,1,1.339227546221469,0,0.8484934179637383,2,2,0,0.5781290521201096,0,0.9448079616335322,1,1
2362,0.6362657127955502,1,1.634124344586002,0,0.3396301220885842,2,1,0,0.3893736334559657,1,1.020206626520045,0,0
1580,0.657050993764897,0,1.4205359484427023,0,0.5544751503482319,3,4,1,0.5039950060836739,0,0.9545470184642129,1,1
173,0.019468101684047112,1,1.5711078161493774,1,0.14578408082481015,2,6,0,0.5479420646326612,1,0.9151955050365876,1,1
214,-0.09471909673826695,0,1.6122351854259096,1,0.4416335927619257,3,1,1,0.5491472215239529,1,1.1483805232500723,1,0
1214,0.07018103819817573,1,1.4658081724856478,0,0.889247039913185,2,4,0,0.4906425531582824,1,0.8882962836248737,0,0
1675,-0.24762258756676825,0,1.5509597643563249,1,-0.012505938002489891,4,2,1,0.5490451043792943,0,1.0094436552936157,1,0
1274,0.4205656351198102,0,1.431829725896901,1,0.30937632046516905,1,2,1,0.3481144397627257,1,0.9950660614920415,0,1
2117,0.3811623619038682,1,1.5407872716460163,1,1.0345612216596747,4,1,1,0.2931561140341098,0,1.0903403369123874,1,0
170,0.47253372063156246,0,1.5710315951105047,0,0.3741500409366235,2,3,0,0.39551964278110413,0,1.2735858567374723,1,0
1969,0.33180413882346993,1,1.5234464357451902,1,0.37043988176744336,1,3,0,0.5001082092595043,0,1.0785334522279972,0,0
2031,0.664813909523956,1,1.6547248645552959,0,1.5278024452754562,3,2,1,0.5190344570579558,1,0.58628782680864,1,1
1093,0.5087999314959708,1,1.6332101556798777,1,0.1712749222521458,3,1,0,0.4385732719653232,1,0.9854021576926415,1,1
1244,0.4221943045142748,0,1.4300308981213186,1,0.01795924969660001,3,5,1,0.5670219118160543,1,1.008817804984915,1,1
562,0.20614130408934705,1,1.510653787048966,1,0.17415445530880275,4,5,1,0.4707497401104159,0,1.1746227016107662,0,1
234,0.8825801076915752,1,1.466736119429649,1,0.7336942009320349,2,5,0,0.5606643057697447,0,1.058542590782712,0,0
1876,0.8516330255830928,1,1.4674799256830282,0,0.6616629100762716,3,4,0,0.5704095419080905,0,0.9260140266623386,0,0
1889,0.9614126761208206,0,1.4538168464091892,1,0.7049177499707215,2,6,0,0.36566656407587617,0,0.9711058135212665,1,0
241,1.144513247365325,1,1.4554170274365814,1,0.8488472201923106,1,3,0,0.37790702970938433,1,1.1640463423000047,0,0
2246,0.07457437782805693,1,1.5252127051769904,0,0.31341449614545847,2,6,0,0.3528132690447788,1,0.7101358003838902,1,1
541,0.41920361611354473,1,1.4571605029281673,1,1.2582043009865294,2,1,0,0.35932089373113446,0,1.048208136925549,0,1
1729,0.6884438574996151,0,1.5300436833152513,0,0.431757740272349,1,6,1,0.5417452698061237,1,1.0742506553000062,0,1
1456,1.4252390307022482,0,1.3599599858629352,1,0.44625264647416907,4,4,0,0.5679934336066839,0,1.0338652060784264,0,0
231,0.245968530496182,1,1.6161618487618798,0,0.6989894630569464,3,2,1,0.3779604233174193,1,1.1263558842604846,1,1
1002,0.7641089471281861,0,1.3005046877446065,1,0.34036222440863956,2,5,0,0.39625739265816906,0,0.6712585167077331,1,1
228,-0.4326647718877572,0,1.4673497953441268,0,0.016340226346403697,4,2,1,0.5621641187372909,1,1.076925014367139,0,1
1139,0.8907170150854086,0,1.4605989741199001,0,0.6420536234250205,2,2,1,0.346687243548669,1,0.9135971486991673,1,0
538,0.3690117292320845,0,1.5343697802365899,1,0.12594689199923936,2,5,1,0.3145496576384718,0,0.9830180971601883,1,0
545,0.879412384984013,0,1.467246788420943,1,0.4262234897211553,3,2,1,0.4141832923234624,0,0.6835659341243288,0,1
952,1.2101698904890341,0,1.5069193304474708,1,0.7121260346341672,2,6,0,0.4776636415017264,1,0.65212578290856,0,0
1389,0.23898035778184673,0,1.7220776301599565,1,0.4577038827454073,2,5,0,0.32249357861494865,0,0.8522286508283906,0,0
944,0.6475023391186964,1,1.4764128614795722,1,0.8999911956765732,1,4,0,0.5076833940076253,1,1.084630238323686,1,0
1835,1.5464926281395368,1,1.4932859574370276,0,1.2492808493785215,2,2,0,0.5980460855665682,0,1.0055508262912825,0,0
1491,0.16887228083584038,0,1.697136412587621,0,0.04605757642783809,3,1,0,0.6017064509573875,1,1.221862315991625,1,1
902,0.5258822615084051,1,1.4272337184847597,0,-0.33730087977724543,1,1,1,0.38469295683518095,0,0.8877669093828416,1,0
788,0.28003744005714515,0,1.4634551968284246,0,0.518875250618887,2,5,1,0.6082123531218576,1,1.1490299488486153,0,1
358,0.4157581784854794,1,1.6595049078422996,1,1.082191054699467,2,5,1,0.49278382221788103,0,0.9386743225946645,0,1
739,0.9923415746373103,0,1.4783491385567875,1,1.6684116893222471,2,5,0,0.4658500175919994,0,0.8693335679576372,1,1
1951,0.5553930692070307,1,1.6144114786186055,1,-0.14327826628351026,1,6,0,0.36866430867768707,0,0.8969530310632592,0,0
145,-0.17144889510038008,1,1.6943079745353697,1,0.37247812777895206,4,6,0,0.3292539490311266,0,1.2193338250690942,0,1
3,0.5578427775437842,0,1.629440399107453,0,0.1434848560165447,1,4,1,0.470179767395217,0,1.055072941171539,0,1
1137,-0.30430332145276273,1,1.460187415898141,1,-0.13664118616821685,1,6,0,0.360650290798482,0,0.8585468985574443,1,1
911,0.34597813927593724,1,1.519100367694987,0,0.6419531803855085,4,6,0,0.528109575179562,0,0.9762031685084949,1,1
1430,0.41791597578981493,1,1.5348844705897664,1,0.5632996820092607,3,6,1,0.5021466464763744,1,0.9483551800907064,0,0
879,0.22044959302715333,0,1.5233914105770496,1,0.49741089772293695,2,2,0,0.5845124821334402,0,1.0516028176064005,0,1
928,1.215219985418396,0,1.4339276599563833,1,0.5903239741946514,1,4,1,0.5196992478093362,0,0.9071722524659692,1,0
2309,0.3654703981395533,0,1.5245027884886007,0,0.1613283542306415,4,4,0,0.5233111311862658,1,0.7878861422027763,1,0
1715,0.6435741372537922,1,1.4339983735942416,0,1.3158733297750835,4,6,1,0.6168276503905411,0,0.8898087624685226,1,1
686,0.772360011180258,0,1.4689084980243667,0,0.8175427788478252,2,2,0,0.37053797100085184,0,0.5802074640461031,1,1
2038,0.2000639969088045,0,1.5269414140701283,0,0.8820830134851709,4,4,1,0.40040400922347325,0,0.8953446577609355,0,1
1637,0.0823547236550064,1,1.570266872015414,0,0.7954115314139732,3,6,0,0.45079618506699165,1,0.903365806392406,0,1
944,0.30773998839689226,1,1.4033699774087438,1,0.3595962997464923,4,6,0,0.6236706119020157,1,0.7886508292035583,0,1
2328,0.769790099408697,1,1.6335384045707182,0,0.45930737534638333,1,6,1,0.48523475419423723,1,0.7665145012824531,0,0
48,1.035625983954962,0,1.6182304719471463,0,-0.2212309061719454,2,2,1,0.5059620295700735,0,0.9601692386894995,0,1
1709,0.1445045690827893,0,1.4553549792748746,0,0.5416707843669135,2,2,1,0.5192187808110464,0,1.0231441833278425,1,0
590,0.1836262175321437,0,1.5882814526953344,1,0.45793838171880125,2,3,1,0.36011587477480467,1,1.1227066399043986,0,1
472,0.2928304356094317,1,1.6531683226767588,0,0.7392467277372248,4,4,1,0.5830902247904874,0,0.6902328898342835,0,1
1534,0.2503981130636427,1,1.5629245658854627,0,0.28112002253625595,4,5,1,0.5898197547131604,0,0.9300689992533644,1,1
1342,1.207396935876322,0,1.4364512711459947,1,1.0974598543513538,1,2,0,0.5193511984877573,0,1.1671628246225951,1,0
1488,0.7405621306547803,0,1.5637874575184594,1,0.6444346845673155,3,3,1,0.5394519976781366,1,1.193103194319596,1,0
1620,0.4343821626879031,0,1.575273638844491,1,0.149479176791259,2,3,1,0.4996001060812259,0,1.2722961499668997,1,1
127,0.2500146301323254,0,1.620365174410193,1,1.2493599950828789,1,6,1,0.46597617592067886,1,0.8042794328826924,0,0
1925,1.1058034840476239,1,1.6220096863132505,0,1.618613739469667,1,3,0,0.4394235977463097,0,0.999198416538257,0,0
2216,0.440410376783855,1,1.4421986018317243,0,0.9180314464697055,2,1,0,0.42495453376499653,0,1.0885333712905427,1,0
1951,0.7328687870693866,0,1.490990429775734,1,0.6141351306742773,1,6,1,0.4737412830152804,1,0.767115473169535,0,0
1351,0.460868968448209,0,1.3312395421806809,0,0.3296006062365374,3,3,0,0.38393442026628755,0,0.6604078058589644,0,1
613,0.22433269297784086,0,1.5249209742554377,0,0.8718609990842305,2,4,1,0.4669180726675477,1,0.8582934281821577,1,1
1970,0.5343793302766706,1,1.5512559554244496,0,1.3154328587660227,1,3,1,0.46882028329745834,1,0.921928724107542,0,0
533,1.0194761086403166,1,1.4748819312659642,0,0.7769450689949611,1,6,0,0.3849297263500562,1,0.8545035120784856,1,0
626,0.47850182028053073,1,1.478838600068963,0,0.3090801925610658,1,6,1,0.4851681647016427,1,0.7670194676137798,1,0
1429,0.1455602602126283,0,1.5879759784632141,0,-0.23984356544283214,4,4,1,0.4158789880880488,1,0.6758784388473378,0,1
1036,0.3084659910407795,0,1.4910114212456154,1,0.8958346561811982,3,6,1,0.3811816885216285,0,1.0613223725013174,1,0
9,0.8366743112174584,1,1.5515355504903259,0,1.0112760056263084,3,5,0,0.4385070660598934,1,0.9997764366941058,1,1
121,0.460417129618844,0,1.630507372626738,1,1.1089945562101295,1,2,1,0.3789196337294606,0,0.8658800733983274,0,1
1837,-0.2403089002554103,1,1.420141779326953,0,-0.4384742188466735,2,3,0,0.46171177803850977,0,0.9658329969804105,1,0
1132,0.5047406214175343,1,1.5347597008680351,0,0.321049324799671,2,2,1,0.47288348782882317,1,1.0389178191964121,1,1
1281,0.799744243323185,0,1.6122666088591482,1,0.27577468357257884,4,6,1,0.5575450160809228,1,1.0282517906171518,1,1
1294,0.3631986340163119,0,1.555116979582365,1,0.6995152392051578,2,6,1,0.44212588384270823,1,1.0726850549080045,1,1
670,0.6750433043270304,1,1.524109108592427,1,0.6082322923058264,3,1,1,0.4568000113632532,1,0.9201006050594386,0,0
150,1.255077243902685,0,1.5415978880062569,1,0.7573976694710869,1,6,1,0.39582252934764495,0,0.6729880203074514,0,0
1305,1.000461482529876,1,1.3890521824512407,0,0.10673465628226908,1,1,1,0.3932462389689826,1,1.033365015084584,0,0
761,-0.3782269182949536,1,1.4673838813289666,0,-0.06644293155818792,3,3,1,0.38818331300925724,0,0.7838760379663469,1,1
1748,0.7463574175897303,0,1.466174550786364,1,0.8759240479779606,4,4,0,0.4259178455841045,0,0.884296777028834,0,0
1956,0.0298108621877482,1,1.4661020181238589,0,0.7342254489614345,3,2,0,0.4024853499707266,0,0.7870876132767812,0,1
790,0.5763375627191949,1,1.539811896959912,0,0.34174714752985325,2,5,0,0.45755795059040805,1,0.8839261426559892,0,1
1339,0.9044722923145754,1,1.4837189084785554,1,1.0168065260174703,4,6,1,0.5128007510012378,0,1.015605956485717,0,1
1017,0.5123390663993646,0,1.3650768847474641,1,0.39598263239081993,3,3,0,0.2942236790944759,1,0.9193150268047404,0,0
1860,-0.6213963485885565,0,1.3190855323361939,0,0.13595319699165115,4,3,0,0.4974460803482362,0,0.9027336407262503,0,0
425,1.005479646871565,0,1.4712854502839963,1,-0.22354162611742034,1,6,0,0.34660197903206735,0,1.1303739010777107,0,0
20,0.09477153966355328,1,1.418521419321716,0,0.067881255224019,3,3,0,0.5427429459781783,1,1.0810167765081413,1,0
1932,0.7623797235574306,1,1.5494393814306067,1,0.6911112734337619,1,5,1,0.48282506311180995,1,0.8449941950826404,0,1
1903,0.48772947710157794,0,1.4806445892064914,0,1.1107113566953313,2,3,0,0.4158121630260916,0,0.8540268596181565,0,0
1315,0.8842864556752175,0,1.576287033008857,1,0.5884079802299579,4,2,1,0.4172785303159693,1,1.0491386962164948,0,0
1726,-0.16364799284876053,0,1.5551165779048906,0,0.9768739973280454,3,1,1,0.36596765294030364,0,1.1304704994908015,1,1
186,0.5497953261950737,0,1.225545259674986,0,0.42899244271621606,3,5,1,0.4342912951269652,1,1.1857524951416587,0,1
1148,0.6051642851382146,1,1.4502777621490892,0,0.7294257702113358,3,6,1,0.37774052329813784,0,1.0286166461958144,1,0
340,0.1973874353685186,0,1.5543514876844713,0,0.8589240614580096,2,3,1,0.44133102776732497,1,1.0425922529500842,1,0
545,0.09520743525923886,0,1.4875498132790312,0,-0.46564923186218254,1,5,1,0.6360028735554688,0,0.9688028532914372,0,0
1336,0.7780420799216137,0,1.4655591093240319,0,-0.004776202722525658,1,2,0,0.5287043437116932,0,0.63282050548387,1,1
2154,1.0028469848166481,0,1.4389799862543806,0,1.4129902363361133,4,6,0,0.3708239988879244,0,0.8980141637392832,1,1
2063,0.10541925808209862,1,1.4017420294715242,0,-0.1262846282587735,1,2,0,0.38485715649271035,0,1.406832333597637,1,1
1054,0.5597025246470057,0,1.6001183532093823,0,0.5319391835590711,4,3,1,0.5280230978299669,0,1.0344561876525178,1,0
334,0.8410640664600482,0,1.6980596392556206,0,-0.3326063123656119,2,4,1,0.29891880054383857,0,0.7331456793204997,1,1
1498,0.28743123014400546,1,1.5121557681172542,0,0.22943895643750267,3,3,1,0.5169611971354954,1,1.045574995489252,1,1
1929,0.17295095042305497,1,1.5054455550767645,0,0.7569868813110376,3,4,1,0.5416519934356641,1,1.0264796928958826,1,0
632,0.2606779724641066,1,1.4920750746878721,0,0.6087047266417942,2,2,0,0.48044080085609225,1,1.2194393729326047,1,0
175,0.7144350248301714,1,1.3949550405915168,1,-0.18676633110836016,2,6,1,0.49659514102506164,0,0.9110006783415125,0,1
537,0.7725117475967583,1,1.5724737200137648,0,0.0900533469702906,3,4,1,0.5533643897441132,1,0.9945324887534241,0,1
666,1.0922572803429316,0,1.3199791008473045,0,0.720381415547231,3,4,1,0.3929014420570103,1,1.1452373552135307,0,1
2260,-0.08440299934687634,0,1.488046406413742,1,-0.24371858451287753,4,5,1,0.5174415820981692,1,0.6384608881910208,0,0
1234,0.10238128177277156,1,1.463425902302756,0,0.4026185562494336,2,1,1,0.536708977117994,0,0.6565069128993802,1,1
1285,-0.2968981013784987,0,1.6527787895097572,0,1.206658826595814,4,4,0,0.5467468847822048,0,0.8694888840251485,0,1
937,0.03630033813687,1,1.5002821457050397,1,1.181465362618553,1,6,0,0.39878236502162323,0,0.47953080399415554,0,1
261,0.3987200885933704,1,1.3787725744599477,0,0.5744443128871569,4,5,0,0.4157714139130213,0,0.9681463696225451,0,0
676,0.2627911033173042,1,1.4315861497157911,1,-0.06650427819004989,1,1,0,0.5903522785006727,1,0.9466023452040458,1,0
323,0.476547558185181,1,1.4585527427991476,0,-0.17828393509089902,3,6,1,0.44634110243393155,0,1.2965323146434742,0,1
2212,0.7424771541748356,1,1.5960467503402729,1,0.03485821154662683,2,1,0,0.4010187174403389,0,1.3548745046758635,1,1
2043,-0.005721026137636143,1,1.5131971606712815,1,-0.060744796342414475,1,3,0,0.4918336463132645,1,0.8463085935333691,0,0
1906,0.26457689372073867,1,1.39825292188195,0,0.3304686079554371,4,4,1,0.447518851069133,0,1.0062320616100051,1,0
827,0.25891264157322114,1,1.5735777313247457,0,-0.05744089191752688,4,1,0,0.5073615406223617,0,0.8952558392667757,0,0
1049,0.003200407844290376,0,1.7247179469414453,1,1.0825794056594558,2,2,1,0.500232090640054,0,0.7312850122049148,0,1
701,0.6891784500797751,1,1.5526480887220224,0,0.5543778133444306,1,2,0,0.6141615393929825,0,1.0729296492033162,0,0
329,0.4896859969846424,1,1.3715719633991994,0,0.26440247179035137,3,4,1,0.6501336414428438,0,1.0297701323072197,0,0
966,0.18132957857712373,0,1.5311113611510876,0,1.0472081965287616,2,4,0,0.47965765642174296,0,1.1881436931539273,1,0
364,0.38779881258435595,1,1.5535135724426117,0,1.6400835852495588,2,6,0,0.6174097347905114,1,1.054442863574347,0,1
744,0.5777224459334533,0,1.436419912189972,0,0.8749654273938914,3,5,0,0.23053113060541608,1,0.9543987908181533,1,0
87,0.8277044441610735,0,1.531514363569117,1,0.23271985290600883,1,3,1,0.33200034066257156,1,0.996531281425338,0,1
428,0.6086286268183536,1,1.2800781172728461,1,0.7398430736437411,2,1,1,0.4781270370050398,0,0.9586573758571625,1,1
1665,0.8835433642267615,1,1.234369897803536,0,-0.017484316840944425,3,2,1,0.47657710777919093,1,1.07494500558008,0,0
2259,0.1365476776077364,0,1.508546968141824,0,1.0161508690339058,2,4,1,0.5210171049527661,0,0.5475876006824035,1,1
818,0.9218191326653438,1,1.5321813098759673,0,-0.6433226811766908,1,5,1,0.5685010533345377,0,0.7776560926369771,0,1
32,0.1847939952481678,1,1.410237894153554,1,0.7168441086822355,1,2,1,0.4959961369820913,0,0.7082852345554245,0,0
1617,1.2962487453336093,0,1.540643853392706,0,0.646494727676768,4,1,0,0.5884590940564584,1,1.059216477959619,0,1
20,-0.07994702518486041,1,1.318612660073668,0,-0.8617738793911689,4,3,0,0.3172949592632516,0,0.7877833022745797,1,0
1550,0.2339151437135487,1,1.5870223782736617,0,0.4112321102846789,3,5,1,0.5581894492909782,1,1.073253402082911,1,0
2026,1.2984564664611016,1,1.3460195469856178,1,0.8952886020561892,1,3,1,0.6463541188112922,1,0.7231503942287786,1,1
2322,0.5772588522324963,0,1.6395415753761178,1,0.6794242346107084,4,1,1,0.5872503425999975,1,0.7121253953728375,1,0
2161,0.5976992661705604,1,1.559837967845287,1,1.149259029270247,2,6,1,0.48067926989760734,0,0.9772884682586371,0,0
1147,1.1530996673093339,1,1.4402159121447498,1,0.1591127527182642,4,5,0,0.5274822813234447,0,0.8257117165155061,0,1
1664,0.9437150822959338,1,1.3775795544492184,0,0.8001145584099152,2,1,0,0.5876524841236762,0,1.1416043664083078,0,1
1217,0.602186011821338,1,1.5232547734734103,0,0.727508780532808,1,3,0,0.4540927981306586,1,0.6227781503561913,0,0
782,-0.0895395771144939,1,1.4414054511785737,0,0.10377062017678806,3,4,0,0.44437254002615434,0,1.071756143717333,0,0
1782,0.6357669382525086,0,1.581781459137778,0,0.9838830112758011,1,2,1,0.4852161949953375,1,1.0860520725380907,1,0
1848,0.30581096980163647,1,1.4497942352925335,0,-0.3769546693412994,2,3,1,0.7149654336351495,0,0.974762490459302,1,0
1426,0.5680479728298735,0,1.5226926076318419,1,0.2465708064597435,3,3,1,0.45650184301984875,1,0.8933132917404872,1,0
1864,0.3698894877731089,0,1.564033236539469,1,1.8579793946473238,3,4,1,0.38855523203900727,1,0.9603177357591215,0,1
213,0.22393762151385976,1,1.6313476167505743,1,-0.7020663278940154,1,6,1,0.4571121200536575,0,1.0206380045778922,0,0
138,0.27471538505497406,1,1.534533252965911,1,0.43555052340667205,4,1,0,0.4994719094864253,1,0.6849972622106268,1,1
1384,0.5114868245984219,0,1.4425573199156263,0,0.7938395736661947,3,4,0,0.49969480684144024,1,1.2055552775250937,1,1
940,1.0488463569561957,0,1.4936167593962184,1,0.5840791464252745,1,1,1,0.40568137724640585,0,0.9354126582442109,0,0
1637,0.003801901071405045,1,1.565869254121284,0,1.1506820932367812,2,1,1,0.4691928438551431,1,0.9279667499370847,1,0
908,0.5820814088692446,0,1.4424179135764128,0,0.8831213989680333,3,6,1,0.5733810562345774,0,0.859775555729664,1,0
1671,-0.16911256493309368,0,1.4704954427383479,0,0.09644572583388272,1,3,1,0.5934097298523151,0,0.7990534497110225,1,0
438,0.540997391967818,1,1.5742470405209084,0,-0.029265443662322088,2,2,1,0.4958559494313015,1,0.736476672348594,1,1
215,1.5647444703779603,1,1.636446209528009,1,-0.4100682149548436,4,6,0,0.5970988051724341,1,1.175048237440857,1,1
757,0.37729641315043416,0,1.5068612553197673,1,0.1771686116034164,2,2,1,0.48089474822431677,0,1.1981046395018218,0,0
1446,-0.2937106848486791,0,1.413026660174369,0,0.33851223246861584,3,5,0,0.3068937372424665,1,1.1075164261366837,0,1
663,0.21851827607656038,0,1.579772264327532,1,0.5118577448902948,4,3,1,0.5673585562937161,1,0.9629074638681967,1,0
1969,0.0324802263747197,0,1.2776834111820943,0,1.769207156771202,3,3,0,0.524884921306758,0,0.9771263493024339,1,0
2184,0.4337320368697096,0,1.501462292720879,0,0.863529160833409,2,5,1,0.5135025302450726,1,0.9165836677657856,0,1
2156,0.283255708079586,1,1.486761703609913,0,1.5169075190359553,1,5,0,0.5256438737907952,0,0.7334495933186471,1,0
1465,-0.3328609115280672,0,1.414862543699048,0,0.3906127001777653,1,4,1,0.4195081220229221,0,0.7297134387425047,1,1
28,0.3505211929484938,0,1.5792521346464767,1,0.2746784554863089,1,1,0,0.5150213020329876,0,1.1285256822133578,0,1
1013,0.8182265832976922,0,1.4912419975214775,1,0.3024150097141395,3,5,1,0.5453761318694582,0,1.3261991139160296,1,0
866,-0.6398932912066055,0,1.5268346560898736,1,0.5354685979838786,3,2,1,0.5589559253837615,1,0.8265692881427928,1,1
759,-0.743282295337157,0,1.3951098681836953,0,0.3962674980973927,3,3,1,0.5932981650203426,1,1.1595547127790646,1,0
398,1.1311601918193674,1,1.5673742052766535,1,0.7008843960141141,3,6,1,0.447872227033387,1,0.7225343237943768,0,0
518,0.25629411679134306,1,1.4843851337561973,1,0.8140513494390771,2,3,0,0.5410343133304353,0,0.8843741801329947,0,1
362,0.4751420250324099,0,1.287192318973095,1,1.1895289027787006,2,5,1,0.33151367537664533,1,1.044348724492936,1,0
1991,0.46696485917441527,0,1.670222270741614,1,1.0124566057294992,3,2,1,0.4515827396362362,1,1.0270872418952632,1,1
1175,1.0355532792109279,0,1.5241904504745645,0,0.6238672633734411,2,2,1,0.472810312168011,1,0.8543815528514884,0,0
788,0.3298682678532455,0,1.5276480250884985,0,0.18303112968212165,4,1,0,0.37159546736848653,0,1.0607162547425104,0,0
1440,0.48283524406301986,0,1.4688038230595206,1,0.874149809597978,1,3,1,0.3940773368920255,1,1.1436903099701679,0,0
993,1.2431382115264107,0,1.5892080670472215,0,0.5417362085449676,4,2,0,0.5046065396635117,0,0.6712008904476305,0,0
892,-0.41306282087787494,1,1.4976899266194883,1,0.015038259415527389,3,4,1,0.468443365104382,0,0.9951040198928652,0,0
1598,0.15456818730650373,1,1.5228876248153256,0,0.6506897778796461,4,4,0,0.40007738187572994,1,0.7873900304227079,1,0
970,1.3029415578592958,0,1.4620937432927137,1,0.972952494656419,3,6,0,0.6047063695118772,0,0.7934213281292728,0,1
1309,0.1448255491956743,0,1.361034490645233,0,1.4081391302387565,4,4,0,0.4022851703990025,1,1.190145429138023,0,1
1510,0.3945693566008831,0,1.500808022838622,0,1.1832941106409602,3,1,1,0.4358939014944985,1,0.9856165005990164,1,1
673,0.3920959268679153,0,1.549970698178295,1,0.4044165537196071,1,4,0,0.4779179636388403,0,1.156353316349998,0,1
1747,0.14306472464272035,1,1.4555842596355268,0,-0.33055597261730585,1,1,0,0.4582603469168526,1,1.0320065694606424,1,1
1781,0.6514835511023788,0,1.5303133210949749,1,0.4759906077526564,3,1,0,0.558788275072842,0,0.6938135589697176,1,0
117,0.5112236978900622,0,1.5639808662571806,1,0.1999318969700486,3,5,0,0.5532138532473151,0,0.649187706395802,1,1
2233,0.4456237605978952,0,1.472494234888169,0,0.844873288588821,1,5,1,0.496670535066502,0,1.405874782243691,0,0
1814,0.46616495361941146,0,1.5013033197169134,1,0.5312510116680694,4,4,0,0.40815561731167377,0,0.9723485787854657,0,0
1832,0.22589351383189504,1,1.6034707230533067,1,1.1216058681777819,2,1,0,0.6091685133008491,0,0.8053404746825905,1,1
595,-0.01698277947715765,0,1.447160340110837,1,0.19902156083425498,2,2,1,0.5437069816974596,0,1.0255041128166684,1,1
641,0.7648199154271277,0,1.491615096302728,0,0.9308557406568149,2,2,0,0.49933848882635157,1,0.5271647842326528,0,0
2359,0.5314527375804113,0,1.4534714499143642,1,0.37085257191365145,4,2,1,0.578648441585815,0,1.073078606194967,0,0
1061,0.4235864442442458,1,1.5504172283966149,0,1.445290940368828,4,2,0,0.4261983720827426,1,0.5470193653280183,1,1
2379,1.073801326498801,0,1.4154497258511705,1,0.3858535851745102,1,2,0,0.46570245331755544,0,0.7858693777508885,1,1
1099,0.8844763395733122,0,1.4883171927450565,1,0.06811098401442095,4,4,0,0.3926411724086531,0,1.1148458896324316,1,0
1496,0.4852765882509284,1,1.4411458880535823,1,0.05489380047051201,3,5,1,0.41664354328601144,1,0.7141432597780804,0,0
799,0.30283154280234725,1,1.4843220529639303,0,1.144208932997496,2,5,0,0.36784108582665287,0,1.2755792495531428,0,1
802,0.15610205228253782,1,1.4150643945970864,0,0.9588745928933411,4,4,0,0.4416332414865978,0,0.9091295293611181,1,1
1851,1.146522634161553,1,1.419507519274661,1,-0.1260366711749038,4,3,1,0.5208996781143627,0,0.6991268771411123,0,1
2301,0.7197384483928225,1,1.4966586684469059,1,1.485019133378088,2,6,0,0.4474237126919427,0,0.6512891294150498,1,0
2055,1.0322751212429697,0,1.6188855898421284,1,0.22971458802689454,3,5,1,0.36011279074157665,1,0.7388216265827355,1,0
1504,0.3396329549800429,1,1.1925673301554247,1,0.7578222694031103,1,5,0,0.3625518382328876,0,0.9448168773451269,1,1
2149,0.6921616683116758,1,1.5021088214679819,1,1.220911617731445,2,6,1,0.48728229523341643,1,0.7334440149948434,1,0
1719,-0.006531434590765883,1,1.4790994145696001,1,0.8639389130965647,4,5,1,0.41024244180820135,1,0.7733294761031846,0,1
1581,0.5039430620549022,0,1.5352089482327669,1,1.3292428246268508,1,5,0,0.420758282770018,1,0.7841067862734274,1,0
1112,0.20200884325671842,1,1.4929396079242787,0,-0.1417598782962216,4,5,1,0.5031145045750393,0,0.8404396685303472,0,0
1540,0.6219607203564665,0,1.5827092259719602,0,0.15766668640095,2,6,1,0.45923662492934497,0,1.0005773192181904,0,0
149,0.7417908055371305,1,1.5774454314247446,1,0.5925058296384808,3,5,0,0.437378300695931,1,0.9217777210834355,0,0
1540,0.7696444961029353,1,1.4625315761265867,0,0.5070162328173855,3,2,0,0.28825326988778655,0,0.9042364532614326,0,0
1451,0.4181431559865765,1,1.5317567172114193,0,-0.4518113902585992,1,6,1,0.5089927063642368,1,0.8823009535207496,1,1
530,0.7532180342764673,0,1.4563126769900994,1,0.5106147634437308,3,4,1,0.4828679062152086,0,0.97905428683479,1,1
1598,0.43291405251756526,1,1.5286581687085339,1,1.1771605300100056,3,6,1,0.48986888681839125,0,0.9208616118474786,1,1
1847,0.7586865665215718,1,1.6306623429122657,0,-0.010664720433973152,4,2,1,0.5133201832693642,1,1.0713423393223214,1,1
2192,1.0183064325343447,1,1.2784833905871174,0,0.5475351914291778,1,5,0,0.620522566924046,0,0.8116667902627135,1,0
801,0.3595986005641651,0,1.3750364081277013,1,1.0884648547157925,1,4,1,0.5219438563621431,0,0.9199859838730494,0,0
514,0.13813647989581446,0,1.1989746665681584,0,0.9443338524088574,1,5,0,0.40224540718255225,1,0.858863857083269,1,0
1026,0.8966819333124444,0,1.404948109293476,0,0.5182532762113444,3,3,0,0.466855072640872,0,1.342984033066177,1,0
2017,1.1277194429893336,0,1.442665594534315,0,-0.18542383229627057,2,2,1,0.531507767098011,0,0.8682995203889141,1,0
1339,0.680199022734013,1,1.4890072977131323,0,0.9350837036120179,1,3,1,0.40580974693912475,1,1.241905611991922,1,0
107,0.6962100672047945,0,1.500668898259519,0,-0.000602965961954971,2,5,0,0.44476604698839917,0,0.9376477607925271,0,0
3,0.027319968030345587,1,1.5201741136767455,0,0.6278725826947367,4,6,1,0.5171324311773526,0,1.1630454192198159,1,1
423,0.7083030961312636,0,1.6528332436953617,0,-0.11894672312041632,4,4,1,0.4975489181512323,0,0.7410357411788056,1,1
1643,1.093923211175284,1,1.3835162667158847,0,0.5944406690680285,2,6,1,0.5026248806866832,0,0.8993760761717207,0,1
840,0.6612168635520628,0,1.5551370497818064,0,1.3296177870565749,2,4,0,0.4747367452371764,0,1.0073888551820571,0,1
208,0.8753607962773942,1,1.4256628092295263,1,0.38629128427079407,3,4,1,0.5943879227592072,1,0.713111986767549,0,1
625,0.5123866318333886,1,1.405704897884441,1,0.1408790202040775,4,1,0,0.3599029941188617,1,1.0097920137596557,1,1
1639,0.5117940481356317,0,1.3797409696726257,1,1.0361948683249267,1,3,1,0.5269412287969946,0,0.9347830685782186,0,1
522,-0.4580089457079928,0,1.4451537405273758,0,-0.7618841177966831,3,5,0,0.4750421988262698,1,0.6529721936811854,0,0
641,0.13214659480012814,1,1.33196625456718,0,0.3999089197086036,3,5,1,0.4016809160972128,1,1.167641568712426,1,1
2137,0.13775089762386722,0,1.3636835198564174,1,-0.14360551694494383,4,4,1,0.5723267576077009,1,0.9222574253695185,1,1
580,0.6890104293015211,0,1.3960351885076965,0,1.3259807211066597,3,3,1,0.5002061217228242,0,0.8301740119935225,1,0
657,-0.07041966664449018,0,1.5670846793226534,1,0.9155801349778969,2,6,1,0.5220884519182181,0,1.0535238366390138,0,0
1416,0.31994104581710037,0,1.484537200942995,1,0.8662455481934628,2,3,0,0.36910752595586804,1,0.99613350803739,1,1
2103,0.4564333509445068,0,1.5493312668139063,0,0.6573413944911055,4,6,1,0.5451649101386403,1,1.0689212260186067,1,0
1746,0.4436974797637741,0,1.5496656822249202,1,0.38397711305789195,2,4,1,0.5270211779222534,1,1.2387683401121565,0,1
1896,1.119832296842373,1,1.421578329935004,1,0.6977336865305884,4,3,0,0.500603261192976,0,0.8307565715500207,0,0
349,0.46519721433387606,0,1.3452713086664305,0,0.8380752421552089,2,6,0,0.5349771083054408,0,1.0422803378354921,1,0
1255,0.1731307501749177,1,1.5784137133591136,1,1.1514405553822211,2,5,0,0.3408451199291863,1,1.4603482219928403,1,1
1818,0.6055866942490284,0,1.4506944287131327,0,-0.02357430794410098,1,4,1,0.29865397647361847,0,0.9809119013962548,0,0
2,0.03404106213597813,0,1.6209103015324515,0,0.654587320478162,4,6,1,0.3357459341837946,0,0.907208072687763,1,0
219,1.2676905744503362,0,1.5202450838936017,0,0.6387407427892977,4,6,0,0.42048772547783636,1,0.9177428922083136,0,1
801,1.0805961668264514,1,1.3925425881188291,1,0.12372759477905915,1,6,0,0.6066008378983452,0,1.240670893176874,0,0
1159,1.1010942032071314,1,1.4864015197254847,1,0.3343502717810427,2,5,1,0.5399050579163513,1,1.1033950282694744,1,1
9,1.0037493781296762,0,1.2929327105681687,1,1.3305120113941706,3,3,1,0.42500687438971013,1,0.8805816434463002,1,1
856,1.0933124948984188,0,1.582831453791972,1,1.0473326767720108,3,6,1,0.42380889277756284,0,0.7511376142160475,0,0
1520,0.8820036658471546,1,1.6486010515334295,1,-0.04260389404086051,1,1,1,0.3232387254014384,1,0.8178232481587592,1,1
1988,-0.09250439139207456,0,1.534486083985605,1,0.808577250933903,4,5,0,0.5722468189990828,1,0.9239771215845877,1,0
631,0.15510292677637888,0,1.366938680969949,0,0.04226788164849854,2,5,0,0.49918896988632816,1,0.8516372357263131,1,0
1837,0.5801989733453637,1,1.4828523562349005,0,1.5263999014168248,2,3,0,0.4534193457655732,1,0.6974722158097109,0,0
1726,0.006822544020372079,0,1.5110469389466545,0,0.4559858627195896,4,4,0,0.3486978021646093,0,1.0540387713031205,1,1
1564,0.2611318246040355,0,1.588126054640106,1,1.6831182121501882,3,6,0,0.39783626574587927,0,0.8863888321989467,0,1
2134,0.8358488901090168,1,1.618349531868834,0,0.20257203639903298,4,3,0,0.37621656874694775,0,0.7458635691483273,1,0
1379,0.25050328795241483,1,1.4021704032499716,0,1.252876268121081,4,6,1,0.43410576586423927,0,1.0993681303426275,1,1
375,0.43661565379730155,0,1.4370488596748496,1,1.146695638622289,4,4,0,0.6836641140968549,1,0.9438092673681036,0,0
1775,1.297173151238436,1,1.6909974315157248,0,1.8900036765067523,1,1,0,0.27697057608723497,1,0.8739097853645746,0,1
2071,0.11263232446635796,1,1.524282248511737,1,0.18856065911021197,1,5,1,0.6891662870613897,1,1.0757296280479662,0,0
2121,0.8265396777638176,0,1.5132411505206895,0,0.6727676197252046,3,3,1,0.2995819390572668,1,0.8621644129864794,1,1
1499,0.3437203680669394,0,1.4125398135633103,1,0.07122927634975473,2,6,0,0.30696839556241845,1,1.1974875091809556,1,0
908,1.105306522681713,1,1.5232319679006552,0,-0.16188565312420156,3,4,1,0.4347843968058285,0,1.0223819541084425,0,0
309,0.8473829426894922,1,1.5625437669330964,0,0.5823625180144854,4,4,0,0.5462140433879661,0,0.8131403938490098,1,1
245,-0.3230206556110755,0,1.4042027322059847,0,0.3949389949486912,2,2,0,0.4837143844588387,0,1.0658041651549044,0,0
2258,-0.4736932805864845,0,1.5616759287224067,1,0.6948428233746181,4,1,1,0.5734453595637083,1,0.7971427715792807,0,0
720,0.11225804181847188,0,1.4685593374482353,0,0.2635765488058165,2,4,0,0.4726378496671956,0,0.6258717326595187,0,1
182,0.4075206528788967,0,1.5373749276162458,1,0.13865419206111596,1,6,1,0.49997825756674097,0,0.8833009865312521,1,0
1408,0.7050452128353706,0,1.3399044208036193,1,1.4114411258607586,4,4,0,0.4861189150708124,0,0.8597046639569733,1,0
1526,-0.012816888039843932,0,1.5853341844999467,0,0.5250630735390126,2,6,1,0.412576116799676,0,1.0538536481313718,0,0
1852,0.8568571823847195,0,1.518407710922124,0,0.5614077375065739,4,4,1,0.5027104325337649,1,0.6075203184488767,0,0
1339,0.7758765957935345,1,1.5556438892984212,0,0.9814502532703706,1,1,0,0.4707258143154161,1,1.2047068489619117,1,0
1190,0.6996546102138347,1,1.419204276011759,0,0.878004588355783,4,2,1,0.4260678368158047,1,0.9158288065679712,1,1
692,0.6297163641324397,1,1.4799540680231908,1,0.24153082679597443,3,2,1,0.5627450625279359,1,1.2404343578844026,0,1
1809,0.052906168906577566,1,1.5868805371423143,0,0.3251416199369079,3,5,1,0.507628874223934,1,0.7933867876021293,0,0
1921,1.2162116816450808,0,1.593902307661521,1,0.46015246130693704,2,4,0,0.38715975578454187,1,0.7754612517967551,1,0
1090,0.8110958022324464,0,1.5346794127824102,1,-0.48283513678270606,2,1,0,0.6389384983925095,1,0.8766643240825165,0,1
2158,-0.1951971603238345,1,1.3825631386594521,1,0.35498278579922316,4,3,1,0.4861944821802562,0,1.0583034146380492,1,1
2251,1.1403251140833799,0,1.4927682753619076,1,0.7850931467938036,3,1,1,0.5663197461045087,1,0.6782897137981648,0,1
292,0.6515692212826079,0,1.4170649281215466,1,0.16431827360445517,1,5,1,0.4882334346203186,0,1.1020029144759975,1,1
1126,-0.00679348035223859,1,1.476977188572043,1,0.09483380518984552,3,5,0,0.3822969757786454,0,1.0830486547447145,1,1
1935,0.20155150665237903,1,1.5560168330166884,1,0.21795935430729696,3,5,1,0.42920085211156817,0,0.7639607999502515,1,1
1978,0.6248208193717784,1,1.3842663495026029,0,0.3190972627627184,4,1,1,0.4965883271070746,0,0.49954360870152736,0,0
1836,-0.013487911221553794,1,1.6386021935057749,0,0.22435618220082482,2,6,1,0.6273030315338805,0,1.0561538027109285,0,0
1674,0.8719124037691843,1,1.3326241590520105,0,-0.16628075341290882,2,5,0,0.6654426078998857,1,1.4395361166270857,1,1
574,0.3498954280910792,1,1.4200491677485905,1,0.17773419444138094,1,6,0,0.4273078835714308,1,1.1623813042361981,1,1
1704,0.09216745563063261,1,1.634011171879145,1,0.7273855837007561,2,6,1,0.5465262447562188,0,0.9757415899560461,1,0
400,0.17588890882787245,0,1.570330567775829,0,0.4941392285828653,3,5,1,0.36979961457727173,0,1.0984922442875371,1,0
38,0.1312445716238706,1,1.4146028273254185,0,1.2926897347993802,4,5,0,0.4891827631973801,0,0.8596870758218469,0,1
1346,0.43217323829198634,0,1.4380631627368652,1,0.6159698441861485,3,3,0,0.43699795080546866,1,1.0317560374051744,0,1
985,0.4433484810511523,0,1.4659709164055224,1,0.3324189817328533,1,1,0,0.4359972044774011,1,1.2749266194272684,0,0
529,0.13144358985147958,0,1.4668970596081479,1,0.5955632285978332,3,1,0,0.4206946529088544,0,1.2430500306402856,1,0
277,0.38759246308428896,0,1.4005477251980838,1,0.9987055727357141,2,5,0,0.4022620652667453,0,0.7575693247986874,1,0
1500,0.5365154319583608,1,1.5224943827920385,1,0.2362972259245123,4,4,1,0.4171211945969951,0,0.8879237005822455,1,0
357,0.12206000041261972,0,1.569842313530536,0,0.3584171138706126,2,6,1,0.37977786094817395,1,0.879603695767851,0,0
1741,0.6561720528162003,1,1.533849230967558,0,0.4559887428728553,3,5,0,0.4266898880770612,1,0.829893968899964,1,0
1180,0.7735851293788589,1,1.4936441482109277,0,1.2088676585153804,2,6,0,0.5319199867769147,0,0.7088872501253954,0,0
915,0.6987280774746312,0,1.4288534433362003,1,0.24937482127431743,1,5,0,0.30637970829171257,1,1.0526256578819901,0,1
918,0.7924517405797842,0,1.440256310108173,0,1.624620867295407,4,1,0,0.4290165819223917,0,1.0917955751438522,1,0
1303,0.2685112767842127,1,1.5334209335267865,0,0.9747036555696746,1,2,0,0.39659049992426193,1,1.0116014204451818,0,0
1739,0.18804790476221023,0,1.4144267040648948,0,0.477005617450593,2,3,1,0.4914423918829538,0,0.9564931413224257,1,1
2099,-0.27230446259822505,0,1.468093596880825,1,0.24181170235288646,1,4,1,0.5791084451953064,1,1.3033202436810554,0,0
1141,0.39330776476418516,0,1.2432608747107592,1,0.6649631264651158,4,3,0,0.45948961047266096,1,0.8118150518721436,1,0
2015,1.047927011526189,1,1.4073577348261428,1,0.29437843000812214,2,6,0,0.33209850976090083,1,0.963103535077317,1,0
1054,0.026831707335313426,0,1.423481954192774,1,1.0636308962504206,3,3,0,0.46184380503598155,1,1.2487947426595043,0,1
1426,0.5904907909788273,1,1.545533553264352,1,-0.3403540998883209,3,2,1,0.5415384531711063,1,1.0145836158325217,1,0
2019,1.011439555853204,0,1.6009117925814085,1,0.895595536959739,3,3,0,0.3631522111246145,1,1.0324292511864273,1,0
1561,0.7316737850145438,1,1.7201641435534485,0,0.5426307332222464,2,5,0,0.4241643774391423,0,1.1819985320484423,0,0
7,0.5422300629548784,0,1.486471901928903,0,0.4194548694154165,1,1,0,0.5415871184696927,0,0.7414994449131147,1,0
1363,0.44673893521026786,1,1.6202299730280232,0,0.41437530814348517,2,2,1,0.43897846737614804,0,1.0368603873957665,0,0
877,0.41866287727449103,1,1.5436430223654884,0,1.1857053042594707,3,1,0,0.6249387362181663,0,0.7718119692711112,0,1
2202,-0.010495205887079528,1,1.4127028691350447,1,0.016451630485411983,1,6,1,0.5917064317901223,0,0.9298212035107067,1,0
587,0.8077907003313529,0,1.5834031591748292,1,0.8931683066595844,2,6,0,0.4341293704249525,0,0.8543297345332523,0,1
732,0.15397982225013057,0,1.499517532979581,1,0.8832086064838478,2,6,1,0.37514674847975515,1,1.0854891496680954,0,0
514,1.3940471932616005,1,1.522670687864144,0,1.071864224676272,1,6,0,0.4902710612266556,0,0.9507913332826248,0,0
1659,0.9309845027757152,0,1.5138165701643813,1,-0.05351057013341931,1,6,0,0.5004296330888092,1,1.1541598191919915,0,1
635,0.30964710294660625,0,1.582427057811035,0,-0.19369667706667393,4,5,0,0.4357179513848329,0,1.1210281342721946,0,1
1185,-0.3733718519597573,0,1.5017875633070512,0,1.383812485062537,3,6,1,0.5630171259928254,1,1.2234602849410297,0,0
1757,-0.21215655753438467,0,1.4268744097885768,1,-0.13322228790974333,3,2,1,0.41280681359618177,1,1.0022773804920695,0,0
873,0.36974869727957316,0,1.5102371508778298,1,0.9025300151988819,4,6,1,0.42597094291833,1,0.8347185113583089,1,0
1842,0.7156830681399936,0,1.5834125453268622,1,0.5295172939225627,1,4,0,0.44136376981258063,0,0.9980898850280605,0,1
704,0.8505510659470932,0,1.539192327788489,0,1.3774157352358356,4,6,1,0.5284163453386039,1,0.9300733185104892,0,1
1151,0.09445269362851366,0,1.7247826152704626,0,1.6177395129793382,4,2,0,0.5571668861375936,1,1.322620161531247,0,1
788,-0.4982034144404971,0,1.3563656370046562,0,0.20517689190437288,3,3,1,0.42185047980198553,0,0.9856438179893893,1,1
2216,1.0878441002548778,1,1.5821374720484636,0,0.5060787845233528,2,1,1,0.4184676773304397,0,1.0695198029826363,0,1
407,0.4641693200177099,0,1.5096226775301704,1,0.6804047138920222,4,1,1,0.44602599947883087,1,0.8806402923287012,0,1
135,0.12826536191479138,0,1.4889795307107625,0,0.23643393964516407,4,2,0,0.5127080466600529,1,0.5195155300873143,0,1
271,1.1602329689762656,0,1.498849345804125,1,0.7292851810041657,4,1,1,0.4947789011375044,1,0.76443526130114,1,1
2311,1.017167255491093,0,1.4433893021283017,0,0.5987111404445531,2,3,0,0.4785485205706554,0,0.7167634878083746,0,0
1235,0.66340431905296,1,1.5787239802264066,1,0.6699361708150364,3,6,0,0.4618255601292822,1,0.6115089842613446,1,1
313,0.6667068945482197,0,1.711961818789244,1,0.40002353182380346,1,2,1,0.5432003202118443,1,0.48933123309405574,1,0
588,0.12084010798728245,1,1.4627081898625844,1,0.4078371900907695,3,6,1,0.3388232728426972,0,1.006196098703314,1,1
553,-0.1509551867211727,0,1.477080805020323,1,0.8742908727926191,2,5,1,0.5429466135775647,0,0.8409620489316207,1,1
604,0.42528339425066025,1,1.5478591995161586,1,1.030004473212876,4,5,1,0.5021050179291362,0,1.0903733324314833,1,1
1712,0.3067099313544422,1,1.6333231145795308,0,0.8050138481135959,1,4,1,0.5566210337432962,1,0.871093235050648,1,1
230,0.5386827546150659,0,1.4976195598176747,1,0.46158012082727706,3,4,0,0.5748425494300337,0,1.0628770335627735,1,1
1001,0.518689250909005,1,1.3770744624681244,1,0.24814862218514167,2,6,0,0.2681065115564698,1,1.1074277098287868,0,0
2309,0.2292165126920127,1,1.5295021367911033,1,0.3573627482027896,4,5,0,0.42716308449831136,0,1.001729329601085,0,0
2026,0.5181472213899925,1,1.4442207389910213,1,0.40820060088165827,4,1,1,0.3778188757946009,1,0.9949446361755538,0,1
1042,0.4616453559835956,1,1.4211976502979724,0,0.22663866349700423,3,1,1,0.6012140952234375,0,0.9799065526197216,1,1
1847,1.0705923606474221,1,1.539335100429474,1,0.5295810124176794,3,2,0,0.5285515702955687,0,0.7887263550691734,0,0
2293,0.16589230407068517,1,1.4621301863664802,1,1.1577995410235726,4,3,0,0.5172618329653066,0,0.9486425905163723,0,1
422,0.0360231984033097,0,1.474348936965326,0,0.3855863496563119,1,5,0,0.4564786174308887,1,0.9697826900761548,1,0
920,0.2924118137293248,0,1.552650684137662,1,0.11012106540188576,2,6,0,0.3913120407061132,1,1.0714439832736748,0,1
1856,-0.20951255212190945,1,1.5659324260558507,0,-0.42725898554667063,1,2,0,0.5004233163497066,0,0.9979344377963923,0,1
1041,0.44344548838089753,0,1.4419648101889941,1,1.104442003043464,1,3,1,0.3667988551215023,0,0.9535133784288742,0,1
1880,0.9382315625845143,1,1.3412660729527957,1,-0.03491333162081145,2,1,1,0.43630038903069185,0,0.9334932202692862,0,0
1031,-0.014693359817078422,0,1.5607764405162565,1,0.9321153123317547,3,3,1,0.5644958424471153,0,0.9742611092958657,0,0
69,-0.17156128875655174,0,1.5929786933133105,0,0.2875464026794445,1,3,1,0.5299446024535409,1,0.7245294529252249,0,1
1861,1.008571376428491,1,1.4881667033095747,1,0.5203809288612389,2,1,0,0.5271456380310904,0,0.7632662349673324,1,1
1759,0.7006839902228261,1,1.2900112739109881,0,0.6204546982058236,3,6,1,0.5547134785177366,0,0.9541605932628565,0,0
1321,0.49447760880619884,0,1.4616222445032154,1,1.1003161722015955,4,1,0,0.38687984086536553,0,0.9185980252424051,0,0
2012,0.6867787272695709,0,1.6666044103082258,0,0.37242547733019093,1,6,1,0.49032301661724237,1,0.9910930150933024,0,1
0,0.9374201316725803,1,1.4829140453370895,0,1.3061239323805947,1,2,0,0.6333000320560065,1,0.8858919962260875,0,1
515,1.046038798367781,0,1.311454067400138,0,0.0012707454854885558,1,4,0,0.5006937624759372,0,1.0492905938403958,0,1
1778,0.33311449099495094,0,1.4703010779369572,1,1.2705579743390498,4,5,0,0.5116443030787716,0,1.1270763913622488,1,0
751,0.5529462405324866,1,1.5575329715023867,0,0.47784761923614594,4,3,0,0.5542918617723981,0,1.020797479405064,0,1
1552,1.0240113017988905,0,1.5437219975912861,0,-0.14974144561151936,2,5,0,0.39033718384634464,1,1.0207726879420072,0,1
982,-0.03540677505199308,0,1.4148999996692126,1,0.700212566953935,4,2,0,0.5349197361872333,1,0.8792673027839857,0,1
342,0.9698468745496345,1,1.4514284400417845,1,0.9465075200976588,4,1,0,0.41349734278674544,1,0.6325837495789407,1,0
101,0.15367327959901383,1,1.4846466359044967,1,0.4103573021401469,1,3,1,0.6071627483222752,0,0.7724293648410616,1,0
2035,0.8703412316270592,1,1.5828013992107426,0,0.004124798979286304,3,4,0,0.541781003919993,1,1.1231868406438945,1,1
1244,0.5053588478670095,1,1.407548859807004,0,0.8665136036727781,3,2,0,0.6300386305080771,1,1.059746187749686,1,0
66,0.25279536955165083,0,1.5053385130850692,0,0.7997883539681907,3,2,1,0.509962466709791,1,0.8625519662318275,1,0
1229,-0.23349229579416064,0,1.2713370289512023,0,0.21019983037558093,4,3,1,0.45328883856705504,0,1.1173838954433597,1,1
2107,-0.528074801576816,0,1.557690070670483,0,1.2330366739615872,3,1,1,0.46750749616386894,0,0.9919441512446063,1,0
2275,0.3959439383251629,1,1.6294751512774548,0,0.4934236730823083,2,2,0,0.4753918959754787,1,0.9421362465122292,0,0
541,0.8641920966615902,0,1.6437230565754544,0,0.4017737315763281,2,3,0,0.40773294729812515,0,1.1646178851866273,1,0
1278,0.36524255118548754,0,1.5109248489029308,1,-0.28957440415717195,4,1,1,0.43653667019753806,0,0.7853567673045257,1,0
255,0.20591232712826357,0,1.7831241813248693,0,0.9478677435081584,3,2,1,0.4320616846047509,0,0.7977885041059669,0,1
625,0.5515288755964873,0,1.5084587107770286,1,1.1001533040404876,4,6,1,0.6813266390295033,1,1.0219862508351758,0,0
455,0.8642589455772567,1,1.6114874682105387,0,0.3432074106619707,4,3,1,0.5188730979238493,1,0.9124162710377796,0,0
2008,0.652602869264517,1,1.4620785696873042,1,1.5842829023862885,2,4,1,0.49154648334533685,0,1.2876904030654899,1,0
913,0.7739258430174552,1,1.5275778866097143,1,0.21415425693738882,2,3,0,0.42473121821346477,1,0.8659158233012825,1,1
2350,0.45209875915166164,0,1.6515925667009217,1,1.1649004664272211,3,3,0,0.6536553363413666,0,1.101119686651768,0,1
1949,0.8944291804278965,1,1.61254988443468,1,-0.035381094607310426,2,1,0,0.5227953242450983,1,1.159960488726088,0,0
653,0.18027035447727285,1,1.5390647107678368,0,1.0232778892914203,3,2,0,0.5250664820799661,0,0.800798739422488,0,1
859,0.6426690695362571,0,1.560352392620926,1,0.42336252862020796,3,1,0,0.52755700357909,0,0.5822512910298049,0,1
1814,1.1685762018190688,0,1.6969355936104278,1,0.7181483454768954,1,5,0,0.6079231500027816,0,0.75708493715304,1,1
504,0.13022471518350653,1,1.5990084028789393,1,0.6677821892719767,3,6,0,0.46825659520498364,0,1.0318139393317005,1,1
202,-0.245140245011487,1,1.6250630413954494,0,0.42983959387150084,2,2,0,0.44841364407883066,0,0.7864491195080225,0,0
2192,0.5705821586676588,0,1.2060596321127957,1,-0.3484038941136204,3,2,1,0.3847023825428786,1,1.0136365682372517,1,1
1550,0.5216386481320738,0,1.4752572071290757,1,0.6312234696116952,1,4,0,0.6424948218137405,0,0.8640850743628734,1,1
625,0.5617546854708214,0,1.60745360242433,0,0.5609886571984861,1,3,1,0.3909300554508754,1,0.88553073523353,0,1
408,0.25227063589330045,0,1.4603829312004315,0,0.9011842251872404,1,1,1,0.6141740957787302,0,0.8266122982867851,0,1
1072,0.5072751266428801,1,1.5222908065405425,1,0.06361940684741019,3,4,0,0.4175322900210259,0,0.8388551704315343,0,0
606,0.40341773260997615,0,1.3800465245253275,0,0.6358737512486603,1,2,1,0.41605918157596783,1,0.8367227508197459,1,1
1513,0.4292897333539316,0,1.296612735030319,1,0.717444886955201,3,4,1,0.491434309721676,1,1.007741193043124,0,1
664,0.14640988436215413,0,1.4498716481799425,0,0.29323583560205735,1,6,0,0.5490134370512713,1,0.817184459201943,0,1
1626,0.17582027612910256,0,1.357738157764552,1,0.6550442711422247,1,4,0,0.32815784065005926,1,1.325745443969137,0,1
1777,1.2592031731429865,1,1.5337386051750506,0,0.16817503289970137,3,6,1,0.4222445909003175,1,1.1658587006393528,0,0
2324,0.3919072555591975,1,1.5254611143993566,0,1.020434346203919,2,4,0,0.5056984154310231,0,0.9115141588996889,0,0
233,0.5305085443653192,1,1.527132139458772,0,-0.011490855691309365,3,3,1,0.4753303517871609,0,0.9739262410155501,0,0
948,0.5815121208366019,1,1.6911424971374036,1,0.26127149215260015,1,6,1,0.469193626487368,0,1.039499020882247,1,1
2270,0.5668089050573095,1,1.4130847731122718,0,0.011909369630469291,1,1,0,0.47963017204948505,1,1.1479542253871473,0,1
885,-0.0012813809443477098,1,1.6588125415668724,1,0.8290948399150451,2,5,1,0.539098575820465,0,0.815231340211271,1,1
1662,1.2186766651607943,0,1.4979827042838878,0,0.7729451895113411,3,4,1,0.35217705304900027,1,0.8343458400303048,1,1
2237,0.42887937394786846,0,1.5585451051282786,0,0.6337664707578874,3,1,1,0.34718317929891507,1,0.9447338274349995,0,1
2281,0.5876108773546135,1,1.4416367446048863,0,0.4463910274665994,4,4,0,0.5875088535848654,1,0.8452888832194609,0,0
1398,0.6130558569647315,0,1.5638323928397841,1,-0.07381391287022021,1,6,0,0.3951915341488952,1,1.0558736485804285,0,1
2238,-0.6441236944645152,1,1.5422141062410226,0,-0.07277084990896954,1,4,0,0.612178319035791,1,1.108212076746778,0,1
1894,0.35275462968632365,0,1.525737800509374,0,1.5687356547641682,1,5,1,0.371233018441527,1,0.7289615162301981,1,0
1394,0.9100383686503044,1,1.517783780553104,0,1.2656461320184085,3,6,0,0.4934863631119504,0,1.1006082106360713,1,0
1585,0.9821991865877004,0,1.423181552931608,1,1.0374236257981528,3,1,1,0.4372551502858125,1,0.9979282349525875,1,0
340,-0.014123411469889713,1,1.5576507710635525,0,0.7323271914325434,2,3,1,0.5319595407649707,1,1.057091113559157,1,0
1741,0.47627618770374947,0,1.6536766974961292,1,1.3830411815470218,3,1,0,0.3872323556428407,0,1.2820871937166363,0,0
1917,0.6059520306408409,1,1.4933443921829377,0,-0.3062190924567667,4,3,0,0.3707965019281903,1,0.9048254227748358,1,1
880,0.6790237524281004,1,1.6643873961595113,1,0.8666662877501867,1,4,0,0.6883466615619409,0,0.9274236072792983,0,0
896,-0.1557248438185409,0,1.5716897364861973,0,-0.014179752895237652,1,2,1,0.4028764657152369,0,0.8657904067550657,1,0
1629,0.5096644391172166,1,1.496238694822064,0,1.0049585662958693,2,1,0,0.6114166736326538,1,0.9391661731717093,1,1
817,-0.5841182656845418,0,1.5161675997118942,0,0.8629451556293221,1,2,1,0.5915489545364726,0,0.9617063745501389,1,0
1986,-0.09595290731781991,0,1.3337081943174123,1,1.0973177281981599,2,5,0,0.5230541997119751,1,1.0982123274421578,0,0
307,0.4677384090584453,1,1.5341709979476694,1,0.4651595689749121,2,3,1,0.47118144555119157,0,0.9967812559034563,0,0
302,1.020848498321846,0,1.5572078559210356,1,0.23161803770099687,3,1,0,0.5800023059890506,1,0.9372096245671085,1,0
1832,0.2512996960942947,0,1.562748404578241,0,0.9546539235939895,1,2,1,0.5087290005671307,1,0.8532596268455396,1,1
130,0.35081726418895304,1,1.6930532905386435,0,0.5507956623378294,3,2,0,0.4059174950796444,0,1.314520070364327,0,0
2077,0.5239120978837559,0,1.5683320459338843,0,0.464721965598605,4,5,1,0.3774858067593989,0,0.9718463034388338,1,0
2173,0.2628253564874336,0,1.5247767082692485,1,0.5062924255526571,1,3,1,0.6860050256746,0,0.9420808530507024,0,0
1290,0.465867522596612,0,1.638615051390485,0,-0.18808727806248104,1,2,1,0.44257487402713985,0,1.0133538765678558,0,1
1589,0.8119118716901497,1,1.298898211687527,1,-0.5460645511586095,4,4,0,0.6060208228247252,0,0.9906446115690377,0,0
605,0.722026732053795,0,1.4340591118840929,0,0.20893327181544186,4,6,1,0.5752864722595294,0,1.0935447718591702,0,1
356,0.5757228024121773,0,1.4588190012604252,0,0.4178492033835789,2,3,0,0.40898218637198874,1,1.084500847580473,1,1
2042,0.1316597721035201,0,1.6057953056600345,0,1.1146143289660757,2,6,0,0.40113170875422005,0,1.28156267461081,0,0
937,0.9992992415926942,0,1.5262328417756883,1,0.6236863790951118,2,6,1,0.46107770558663835,0,1.0168053034232212,0,1
1388,0.6800268699054132,0,1.5907130092304622,1,0.8196833918993027,1,6,1,0.46714669660285063,0,0.8995113852520062,0,0
1950,0.04433678332008012,1,1.5042485768526295,0,0.4715504891878813,1,3,1,0.48982512740640916,0,1.1705668745601938,1,0
1128,0.7795457517240276,0,1.611349333335589,0,0.911925078526474,4,4,0,0.5624168180301133,0,0.9468820275567543,0,0
256,0.3007876139488327,0,1.4548852474321559,1,0.5492993796114627,2,5,0,0.37121463469199945,1,1.0805937593155421,0,1
73,0.9843694338237414,1,1.5533274560449448,0,0.49358023816502866,1,6,1,0.614728767811974,1,0.9424080273250527,1,0
464,0.21739808967926322,0,1.7211441503060128,1,0.8534395470939906,2,1,1,0.5190899670989619,1,0.9332459383597057,1,1
1151,0.346782413416706,1,1.3989093959632206,1,0.21916329450015049,3,3,1,0.42162902984031453,0,0.987698575706865,1,1
213,0.35691179259056033,0,1.5305146582491904,0,1.1190517762421055,3,3,1,0.2878346981998357,0,0.8964290397443045,1,0
400,0.8510663982589801,1,1.5796019942109778,1,0.2600173017246548,4,3,1,0.44582238867060264,0,1.1107427707465385,0,1
2151,0.6258358530587457,0,1.6441472036126665,0,-0.01683778593311902,4,1,1,0.5266047164067466,1,1.0433988559585152,0,1
534,0.8162120905244032,0,1.4718645999197648,0,-0.33319481421237085,4,2,0,0.5340413348300901,0,1.2278283483535308,1,1
1002,0.962245841759463,1,1.4736931277624028,1,0.6929878644868881,4,1,1,0.5314763906787172,1,0.9308600056720108,1,1
478,0.2754308186832974,1,1.737577834901262,0,0.14558809301878506,4,4,1,0.4853957005973222,0,1.0450835940883219,0,1
1838,0.07979516666499148,1,1.564992411253847,1,-0.49437464571293466,4,3,0,0.5066544805727782,1,0.9676869289391211,0,1
1308,0.45000499743130845,0,1.330821432885935,0,0.19886416074397106,2,1,0,0.4780764588537377,0,0.9681572425728925,0,1
352,0.3230236905824616,0,1.590676179573691,0,0.12393330401766561,2,1,1,0.4848148091118539,1,0.7883400301522313,0,0
809,0.7144460643438065,0,1.3426305674402204,1,0.7477185790623102,4,3,0,0.46549138401991463,1,0.6331321820638487,1,0
721,0.4030449962271108,0,1.3769023310879975,0,-0.03415434047761612,2,3,0,0.5458089853061666,0,1.039690703097641,1,1
1739,0.9112492812743871,0,1.4554568732303732,0,0.2503854649487699,4,4,0,0.5670933011443621,0,1.088689273866053,0,0
1602,0.7523494767931369,0,1.4978399843811878,0,0.6771604550664347,4,4,0,0.39000742463737426,0,0.8063257653784202,0,1
251,0.44708841199419935,0,1.6514586171151342,1,0.7751266551085156,3,6,1,0.5472613542990572,0,0.9815014359968318,1,1
1083,0.6140701463004371,0,1.5906864075762608,0,0.20628661079509897,3,1,1,0.45676939410143236,1,0.774051032634221,1,1
2267,0.4138682387538974,1,1.5358375105468354,0,1.3250551190049698,4,1,1,0.5963101764062285,1,1.1308647976998971,0,1
74,0.8266131607287541,0,1.5321728880682721,1,0.15469670814119463,3,1,1,0.4367384992652651,1,1.087530569280739,0,1
989,-0.17002209591466877,0,1.450273080365024,0,-0.17603535062669085,1,5,0,0.595880797538797,0,1.3230557075895937,0,0
1671,0.2631104175675761,1,1.427874042960031,0,0.03870140665099825,2,2,1,0.7232023676142179,1,1.0784820138083635,1,1
1491,0.6808643640776149,0,1.2382593244357492,1,0.8340659564802255,1,1,0,0.474593925896584,1,0.6282988982088786,0,0
940,-0.12730247217853496,0,1.4109303103583026,0,0.20143718066352123,3,1,0,0.5688963879417155,1,0.8770371113935488,1,1
2266,0.9119098762189224,0,1.5965759767291987,1,0.5786719985495937,1,2,0,0.4985185951138184,0,1.0449298194802399,1,0
1890,0.32535186561886553,0,1.4089863849039534,1,0.14481573834028877,3,3,0,0.45374401772152967,0,0.9958785014437839,1,1
1131,0.24189899353399974,0,1.3908912255236827,1,1.3717004783228917,4,6,1,0.38535627425743574,0,1.0812126789447374,0,0
311,0.6337518250866991,1,1.5084057085196616,1,0.08711242889540172,1,5,1,0.49872946196909373,0,1.2318726792927905,1,0
241,-0.3662734943558662,1,1.7189122987269378,0,0.6188811454081291,4,1,1,0.6192061467316254,0,1.192351416276538,0,0
1658,0.1814915803553156,1,1.4580255715128168,1,1.3538636852187915,1,5,1,0.43143581159851524,1,0.8873046830167973,1,1
2275,0.052832675791898764,1,1.5697077167426385,0,0.3204182534848289,4,1,1,0.4741155616589311,0,0.9177616072250863,1,0
1233,-0.39137260436069743,0,1.398851921359541,0,-0.41553364588834896,2,5,1,0.5542664372804735,0,0.6495042372849613,1,1
715,0.3918158245942358,1,1.525011916460686,1,0.5746433266286638,3,5,1,0.3867490967737022,1,1.02598522139593,0,0
1522,0.15402215569878608,1,1.4653205769209838,0,-0.3494198117646238,3,3,0,0.5273347080504678,1,0.8843374210577709,0,1
72,0.5349124297175302,0,1.425276197579987,0,0.6295608250558875,2,5,0,0.4495354826192211,0,1.017928208468088,0,0
1313,0.6583731654142533,0,1.5212907943315104,0,0.44078811297846554,2,4,0,0.5242890023381568,0,1.1958524430377697,0,1
1168,1.1683712091138294,0,1.52396585456076,0,0.329570864887206,4,4,0,0.4193155901588345,1,0.9770871356246601,0,0
2327,0.7244446629098975,0,1.4642529753802713,1,-0.11961812693951224,4,4,1,0.5362303169735837,1,1.091600305413664,0,0
967,0.49629600860199274,0,1.5841967033538156,0,-0.18896342685154766,3,2,0,0.37586140979634247,0,0.8702950327772552,0,1
591,0.5075763767064659,0,1.5174751065786085,0,0.47809055323783134,3,5,1,0.30990102869853303,0,0.9662591066824173,1,1
58,0.5700599137122463,0,1.3609380703829714,0,0.3986238196622319,3,2,0,0.5852089401281382,0,0.6705673734372066,0,0
2359,0.4672471561604102,0,1.6478332225853645,1,0.7162895752572196,1,5,1,0.5119493222123265,0,0.93132453767823,0,1
178,-0.015173896993468272,0,1.5171519131113764,1,1.0442685617521899,4,5,0,0.39414835204067805,1,0.9428847316518612,0,0
2233,0.6115655367225705,0,1.560532901602319,1,0.5165997932875344,2,5,0,0.3841035736904258,0,0.8059567720511501,0,0
2355,0.4599672674132761,1,1.4619113845317848,0,0.13967378906987243,3,5,0,0.40322341031263753,1,0.6581954610548941,1,0
654,0.44433002848915026,1,1.7105460363329947,1,0.7024918715197982,3,6,1,0.46762246131675633,1,0.8813100533685106,0,0
1772,0.8844526061555957,0,1.6100073394016554,0,0.3526179823459179,2,3,1,0.5137630800258538,1,0.9601325270478349,0,0
2127,0.43912292877577275,1,1.5203002863907285,0,0.05712872109332351,2,5,1,0.3655933225423966,0,0.6496170740197669,0,0
1543,0.6579989336053831,1,1.5408756734636098,1,0.07602299163760434,3,4,1,0.42712256594835746,0,1.2127080961663583,0,0
391,-0.3854308585280437,1,1.5494959635222159,1,0.666078281260135,4,3,1,0.47156036269554974,1,0.7913641502277462,0,0
1617,0.8526953657741606,1,1.5472979466910834,1,0.5288943274430937,2,5,1,0.5360347757526637,1,0.7603941937249632,0,1
1668,0.8769661226644252,0,1.482112887824615,1,1.2686969182553232,3,5,0,0.4722365606204965,1,1.2806702939951695,0,1
2077,-0.07821941002910904,0,1.607382074841854,0,-0.09844930593293322,2,4,0,0.514527054860802,1,1.2230595556447135,1,1
1315,0.5227992287619072,0,1.4847730852234335,1,0.17949336270565874,3,4,1,0.390023258227557,1,0.986931513871249,1,0
721,0.2038959753986469,0,1.4103265953126378,0,1.6552002882666002,4,2,0,0.5322458902615874,1,0.9296246927820816,0,1
724,1.079489602810244,1,1.44448684947113,0,0.4518502333193221,2,4,1,0.5325195004900871,0,0.8804572910386157,0,0
2088,0.23746417715483376,1,1.4096355985372524,1,0.001274199126315101,1,5,0,0.45101268989979487,0,1.0580723893045614,1,0
2186,0.36451798987345696,1,1.5793382645414495,0,0.143258998225273,1,2,1,0.34667888019046433,1,1.0053128204857795,1,1
2144,0.6867166312781254,1,1.807396511746064,0,-0.2801297356400462,1,3,1,0.323726436156249,0,0.8886801472432774,0,1
1622,1.2016729316410726,0,1.3967530774373489,1,1.076106321329247,1,4,1,0.512237969408386,0,0.9831317325188353,1,0
1199,0.5966644084150207,1,1.400364862602281,1,1.4197674966046179,4,5,0,0.4794363819417937,1,0.8864562718672242,0,0
243,0.9538157509166998,1,1.588191670689664,0,0.7922867954377926,1,2,1,0.484194496191352,0,0.9031053004871755,0,0
2107,-0.1704188434236087,1,1.6106233677783,1,0.5755149127513625,2,2,0,0.3908935022955809,1,1.3626435199575957,1,1
1224,-0.20538196334502046,0,1.3980515110600737,0,0.8212417234157168,2,3,1,0.5987135150097721,1,1.1077497292502811,1,1
2052,0.5691475609324412,0,1.512098210364471,1,-0.040616829531946896,1,6,1,0.5442052313931574,0,0.7203241175892213,0,1
2099,1.199979060807903,0,1.4508162391305004,0,-0.10951822111860154,1,6,0,0.5332773237164874,1,0.8353937793758156,1,1
496,0.3944911453542975,1,1.506186590911613,0,0.3018380805352417,3,2,0,0.4013950582388658,1,0.7762648385031745,0,1
1142,0.19351614388622435,1,1.3483326839070386,0,0.6742768957065163,1,6,0,0.5020055809782242,1,0.9189963051427554,1,0
59,0.6271554148043064,0,1.2784123246636108,0,-0.20427818996082125,2,5,1,0.38877984714716785,1,1.1393853747486449,0,0
1631,0.6879696079054571,1,1.5093768583019826,0,0.9566326220405941,4,3,1,0.5211549240246055,0,1.1794341185886634,1,0
1406,-0.06905614134445981,1,1.569120609416144,0,0.3302302144651873,4,1,0,0.47963841373660326,1,1.1629156663156794,0,0
329,0.6085266988440087,1,1.5383616974567123,1,0.7220851615436389,1,6,1,0.39223496404027414,1,0.9023534334707333,1,0
1429,0.3988759846886736,0,1.4078849734682568,1,0.5956685031120011,3,3,0,0.5199526213223095,0,0.9838584267075611,1,1
2009,0.26175871839776715,0,1.5479037831269113,0,0.7774617017958394,1,1,1,0.4741264907775924,1,0.9759286604406351,1,1
2157,0.13185866726917456,1,1.4381502816058167,1,0.6519067163340779,4,5,1,0.4443229914916433,0,1.224611409875936,1,0
938,0.3834688514262683,0,1.3742697426280324,0,0.9167165812383165,1,6,1,0.5152325681930745,0,0.7071457112909556,0,1
1527,0.5751535060997074,0,1.4116972206262826,0,-0.45235076479573244,2,3,0,0.6171662547720637,0,0.5277155430226514,0,0
2096,0.555202584993466,0,1.460206047046599,0,0.28829988055340705,2,5,0,0.3679970750123569,0,0.855161821239768,1,1
1950,0.141459414425242,1,1.488084403149521,1,-0.48232276745663183,4,1,0,0.49219670346552624,1,0.9548155572328924,1,0
720,0.40040888040076617,0,1.4710618030303855,1,0.4924738529098223,3,1,0,0.5596407225098836,0,1.2480685288692075,0,0
1953,0.699436978869048,1,1.3338272927842694,1,0.23917534277602115,2,6,0,0.5182870944332431,0,1.308968670356554,1,0
606,0.24766283025114777,0,1.4824812642872336,1,1.155935830651455,1,4,1,0.4620574787864092,1,0.8671767581699303,0,0
1789,0.1838687723307949,0,1.4615433711532366,1,0.5099565060909762,1,1,1,0.40528382100526206,0,0.6449558211121889,0,0
2373,0.6488889595175164,0,1.563728653928591,0,-0.148739174954994,4,2,1,0.5115639260990956,1,0.8494767243921084,1,1
1829,1.3077884290246409,1,1.4401233814341254,1,0.8470093001245644,4,3,1,0.4192200889413824,0,0.9583330855878675,1,0
1609,0.840625873615748,0,1.4100615861947043,1,0.6542381957808246,1,1,1,0.5287397276595761,0,1.3512529571917156,0,1
1935,0.2927882987773746,0,1.5051014526572701,0,0.04761565286836039,3,5,0,0.45631326876817996,1,0.986962085514439,0,1
1595,-0.3624304815945629,1,1.557106607275939,0,0.8020745255343713,3,6,0,0.5362978893829659,0,1.0130392598414626,0,0
2142,0.8606829679462789,1,1.643928396666811,0,0.8304936599928483,4,4,1,0.5691878112766737,1,0.9253271018956032,0,0
372,0.0815375581665298,1,1.6301730656069526,0,-0.5132792876841374,3,1,1,0.49792779384768027,0,0.6424289949221265,0,1
658,-0.011799737899661156,1,1.4522944860884657,1,0.2541536052870397,4,6,1,0.5794798321594288,0,1.3770343243672223,1,1
995,0.6633219951009616,0,1.496724868012441,0,-0.25479432974257177,3,3,0,0.43353692359428064,0,0.960876168168949,1,1
2026,1.0252127603890422,1,1.4326565593269107,0,1.486492781439058,4,5,0,0.4890118449016523,0,0.8238222509626729,0,1
958,0.7422001087730885,0,1.560298232928242,1,1.1114651295625744,3,6,1,0.49152536128476326,1,1.403660063763902,0,1
2204,0.9677109868250554,1,1.6790956011449603,1,0.9920319927063466,3,3,1,0.5613472271233075,1,1.080647569963691,1,1
231,0.395180218342635,1,1.4414188585077814,1,-0.2767199883503645,4,6,0,0.44198086249062585,0,0.754375225668798,0,0
1801,0.4803437953171608,1,1.5651911142897166,0,0.6950129929080944,1,2,1,0.5782379228273516,1,1.1427680605401298,1,0
1271,0.9078779858285512,1,1.6936577716710626,0,0.6358073020309842,1,1,0,0.5498332436114197,0,1.0785244279529824,1,0
2208,0.48623878753521327,1,1.525068183068524,1,0.06528606268633236,4,4,0,0.3946733818770922,1,0.9992478365139092,0,0
1772,1.0709277607930225,1,1.4606545349260898,1,0.7725515941248335,3,1,1,0.5341777179399135,0,0.9441833124580489,0,0
435,0.42483002596181935,1,1.3326401357054416,0,0.4319992881465596,3,4,1,0.4344109180903978,1,0.9844370650532297,0,1
169,0.7392301806966943,0,1.6908973598505386,0,0.46127493503578687,1,5,0,0.4060397839823125,0,0.8158059438924621,1,1
1493,-0.36133405160023224,0,1.524218242531064,0,-0.006090419930831481,2,2,0,0.4204134045068867,1,1.134912649205492,0,0
1992,0.6286461229466745,0,1.4486873455091147,0,0.2939656306762477,2,5,0,0.5690828445342482,1,1.3211893413895213,0,0
337,-0.7017552877109303,0,1.513426045287759,0,1.521136930676329,1,6,1,0.5347430374562554,1,0.72722638088378,1,0
1633,0.4425342299063978,1,1.3532127667862186,1,0.8397224030554356,1,1,1,0.5459539389247229,1,0.841091507732654,0,0
956,0.6112023632992689,1,1.4465868267765818,1,0.4603269676155891,4,4,1,0.6500500934159372,1,1.014044991688864,1,0
608,0.040031418541842945,1,1.6079662120219518,0,0.23840727347509372,1,1,0,0.46485291853525657,0,0.6527896477805447,1,0
1000,0.06950149805663097,1,1.496923567263179,1,0.34661042688343796,3,1,0,0.38825209658718185,1,1.0496646487716987,1,1
1095,0.569301775490643,0,1.463511814701124,1,0.7640914594275923,3,4,1,0.4483420060893818,0,0.8909952960217679,1,1
1506,1.075615295067814,1,1.6628645860599145,1,0.37632079273916097,3,5,0,0.5079007577996132,1,1.369311611142517,1,0
1463,0.4131207972667507,0,1.5688067869995277,1,-0.2572103220909753,1,6,1,0.4467364373720957,0,0.9002187727020519,1,1
1251,0.7976841073004752,1,1.4976111688213387,0,0.6421875942432813,4,6,1,0.5440216750483521,1,1.124335638627598,0,1
1504,0.8772492242392915,0,1.4838994121717333,1,-0.028148365580989432,1,2,1,0.5501206026021693,1,0.9066134772066374,0,0
677,0.5533308622418674,1,1.4721954626252782,0,1.155839245849259,1,5,1,0.44651875709888583,0,0.9078491752690504,0,0
2033,-0.3650587568070318,0,1.3332183475988126,1,1.2456773966297305,2,2,0,0.39570703023094667,1,1.1846181399359665,1,0
1726,0.4483449495515742,1,1.5479347075273446,1,0.2750855232426743,1,2,0,0.5003541808905806,1,0.8710559318070952,0,1
1081,0.34118999617314494,1,1.4436193309420873,0,0.6763903461947832,3,2,1,0.4763964193723897,0,0.7228193997176023,0,0
874,0.8400746784714789,0,1.6678876082308107,0,0.06859780442476737,2,3,1,0.40010919691962976,0,0.9796436575238073,1,0
969,1.0857136573152366,1,1.5894019308979352,1,-0.47926458808657924,1,6,1,0.44670285478505467,1,1.124761548118535,0,1
1356,0.7667332706901948,0,1.3757830899760493,0,0.26265584592612823,2,3,0,0.6640841471396264,1,1.355416592831491,1,1
2375,0.2914368205452696,0,1.357886811493583,1,1.3466121446614874,1,2,1,0.3357941767482863,1,0.9172268522822183,0,0
2306,0.9538973374700226,1,1.6024302626130476,0,0.7899137068710029,4,2,0,0.5251888346818838,1,0.7849536782028567,0,1
864,-0.33819473034875647,1,1.4897638900666226,0,1.1782991148218835,4,3,0,0.3173815850895668,1,1.0634187768330001,0,0
2183,0.3245010377851397,1,1.4783381893078944,1,0.13714454060706105,1,6,0,0.4143768629674134,1,0.8502722095188713,0,0
776,0.7191051893856562,1,1.5820736197847014,1,0.38659153805489105,4,4,1,0.6375118593728784,0,1.0772616503741712,1,1
2054,-0.18258616865173138,1,1.6019592233242477,0,0.8425538548422054,4,3,1,0.5855139747845975,0,1.4122083323435324,0,1
1771,0.6988225521618318,0,1.6284346783143744,0,0.46808525759340575,4,2,0,0.3445041808585317,1,1.0403410623972493,1,1
2050,0.23784952377373314,0,1.5382866958371442,1,1.77641092712098,4,6,1,0.5558818426627179,1,1.1509056235301944,0,0
764,0.23499063198445286,0,1.5062000437111627,1,0.8392139199966011,1,2,0,0.490272510494091,1,0.8096329689717645,1,0
2124,0.2957077316880629,1,1.5649343199772134,0,0.5178711595922841,2,4,1,0.46580629814542285,0,1.184503892099207,0,0
557,0.5245543695488305,1,1.4024363919552483,0,0.6486308439632484,2,2,1,0.28183149407633556,0,0.7771535059824423,1,0
875,0.3950938266822238,1,1.4954386208092785,0,1.1180773445322674,3,3,0,0.5790635138723219,1,0.7796453356892881,1,1
331,0.16402811213758434,1,1.448040373244349,0,0.17178593108373047,1,4,0,0.577285121099963,1,0.5095413823743788,0,0
843,0.6241068645911816,0,1.4406552490204902,1,-0.8019325363030678,4,5,0,0.5623670735663499,1,0.8586507517391745,1,1
1506,0.5383681711229029,0,1.585399256438275,0,1.2729887520450336,1,3,0,0.5630912176716572,1,1.0290976901404048,1,0
1807,0.5118906021317732,0,1.509759282330402,1,1.0072550618855685,3,1,1,0.554731714144876,0,0.9795774809490676,0,1
1600,0.5164812466384395,1,1.3863557919816076,1,0.19533425051971048,1,5,1,0.44805514891890086,1,0.7027561006064019,0,1
2217,1.4593831150465655,0,1.44067406440533,0,1.7605738344246693,2,1,0,0.5470563220838792,1,0.7837686959736203,0,0
175,0.36568539491491614,0,1.67744947361184,0,1.2745648301604278,2,6,0,0.5892848557439921,0,0.7950232153189769,0,0
1911,0.7829308680713887,1,1.3715347633052903,1,0.5899071635034752,4,1,1,0.4563959490213579,0,0.8488249332044119,0,0
1301,-0.17537055424306236,0,1.4281267426582749,1,0.6617149387578835,2,6,0,0.3593814904045843,0,0.7886398738514977,0,1
687,0.46009439516084105,1,1.4268616220552415,1,0.18637810662661392,2,3,0,0.509329252823978,0,0.9487711280642183,1,1
1812,0.09640504179605147,0,1.629440401709063,1,0.4270707198562554,4,3,0,0.3481168870213086,0,0.8415866959142134,1,1
1411,-0.038720734622328834,1,1.5445793549041515,1,0.8230742246344422,4,6,1,0.5026212925293435,1,0.9751073331357849,1,0
1140,0.40796413418423827,0,1.5397414900942363,0,0.09042016545599929,2,2,1,0.5521932033729376,0,1.0587844698877682,0,0
485,0.04011475519296115,0,1.470672654356559,1,-0.7556371903989383,3,1,1,0.4535656255934451,0,0.857146598522082,0,0
1428,-0.2417404539343706,0,1.7512540615099734,0,-0.21084613734060065,4,5,1,0.5643577311979376,1,1.2444354002151157,0,1
206,0.22911295156827505,1,1.6117042150511993,1,0.6508987255123739,4,5,0,0.3925738686995237,0,0.9710552607364679,1,0
2115,0.6090571605209348,0,1.3733686842471875,1,0.1851708237350213,4,6,1,0.4660267578033876,1,1.2682776526568986,0,0
1648,0.9109674914073536,0,1.405638020415593,1,0.07107966216109862,2,1,1,0.416626646685968,0,1.2483656151533475,1,1
1067,0.4242532627063973,0,1.2677326638280848,0,0.6164845686733358,1,2,0,0.6054301962833732,0,0.8429170561601841,1,1
520,0.5485727291421979,0,1.6319389413926582,0,-0.2690767349727481,3,2,0,0.5619878671538794,0,0.9768256669301357,0,0
1792,0.9048943035429622,0,1.4364133988250054,0,0.24996217782406338,2,2,1,0.4021305904651108,1,0.9701200675180368,0,1
2007,0.8329472576140803,1,1.5461957403364455,1,0.6569525721171112,1,6,0,0.5616608039020694,1,1.0771918237242721,0,1
891,0.09931369713211319,0,1.4558379251865528,1,0.47370188326160445,3,4,0,0.4294665606344782,1,1.256216179907688,1,1
246,0.950867598225909,0,1.4095757952592258,1,1.0212863767286962,2,6,0,0.5946679174591991,1,0.9538963486278023,1,1
113,-0.18691733377070396,0,1.5109176031776457,0,0.6364549840343764,3,6,0,0.4763057738650071,0,0.8924165432307413,0,1
922,-0.24617484065510042,1,1.5186059583945102,0,0.7913674823663528,4,5,0,0.37943836703325173,0,1.2342138010578996,1,1
1320,1.218916036865413,1,1.3450148214488715,0,0.5531153514398797,3,1,1,0.5046658324993687,1,0.9861172613345168,0,0
1247,0.6915694556443213,1,1.418587688429299,1,0.1743104362918449,4,1,0,0.562778563105332,1,0.8484221441482656,1,0
1395,0.2816827514898216,1,1.370360877070747,0,0.1600263436429788,1,4,1,0.415731523547655,1,0.9954432198924388,0,0
514,0.48424189027242515,1,1.443033298315011,1,0.29590237557388543,2,1,1,0.49624115299939986,0,0.8447033896715754,1,1
53,0.8519598408238045,0,1.554197909442231,0,-0.26749330532705096,4,1,0,0.6558551023250763,1,1.1571946234840875,1,0
889,-0.47041755691788634,1,1.5588318598012523,0,1.1226904728182716,3,4,0,0.34262729820168886,1,1.0349641207944995,1,0
1410,-0.2516738449423269,1,1.5992594414641903,0,0.2721227658336385,2,6,0,0.5248785454072445,0,1.0445976503574854,0,1
1797,0.7026570796349697,0,1.456413475602919,0,0.7071350034980023,1,3,1,0.4559349427910546,0,0.8507757859110875,0,1
994,-0.005420723868808541,0,1.5012392695976247,0,0.25024647625253427,2,4,1,0.43788906921922277,1,0.6212574278966403,1,1
2128,0.0023266310290689374,0,1.3991232831783604,0,0.2897048780798789,4,2,1,0.6260877311871085,1,1.1272050544935266,0,1
728,-0.08148235097896273,1,1.514346336581295,1,0.46720724136605973,3,6,0,0.3872315581664123,1,0.9764437721299022,1,0
2226,1.8141236691623126,0,1.50606703526474,1,0.6519685824269551,1,2,0,0.35053044605958233,0,0.902189331419574,1,0
350,0.16436972104585168,0,1.5269089754449245,1,0.8351742945334182,2,5,1,0.3723102350489052,0,1.1145129941420355,0,1
2315,0.4609136628470877,0,1.3950156568387042,0,0.4454351869299002,2,4,1,0.4911426694540665,0,0.8849740048812584,1,1
1060,-0.04621291956381346,0,1.5721431586981265,1,0.2715622725928636,1,6,0,0.3831602700880797,0,1.0095119833093973,1,1
870,0.6293326634351037,1,1.4880772138266116,0,0.8501421582061548,2,5,1,0.4224074187901842,1,0.938512789229384,1,1
1421,0.22204517005582652,1,1.4866448173834217,0,0.10781350612898138,1,3,0,0.4737135967747275,0,0.7893623941142278,0,1
1591,0.6826825548377339,0,1.5508150566605818,1,0.19112433703539794,3,2,1,0.5578975609616449,0,1.133454043450786,1,1
1212,0.374011953626655,1,1.594612695772081,0,0.7937149843088459,3,3,1,0.5194575997954417,1,0.8221128966943135,1,0
2187,0.8112288397100348,1,1.509083619219067,0,0.6780476902977787,4,6,0,0.4288923835332857,1,0.9142261501554664,0,1
1296,0.8072067871356168,1,1.4385367979869923,0,0.5996984883540539,2,6,1,0.5750617541559802,0,1.244189195530414,1,1
1739,0.6555396715665456,1,1.6004465989738812,1,-1.0159585133014826,4,1,1,0.4535767724337108,0,0.8628452493533342,0,0
1498,0.6170445379312203,0,1.3584050437942292,0,0.49237245700133336,1,2,0,0.4201173357057343,1,1.2596276533253405,1,1
1950,0.6068236402504702,1,1.5131316672694595,1,1.065812022889724,3,3,1,0.3289353908919755,0,1.1120330061863208,0,1
1616,0.6530855699967681,1,1.475331323269918,0,0.933680246281679,2,2,0,0.4998200927119188,0,1.0919735248102067,1,1
1178,0.5897882321331722,0,1.5739066079991841,0,0.5780335977383121,3,5,1,0.4372696074817456,1,1.1226893902280275,0,0
251,0.955290448458447,1,1.4310320572930975,0,-0.22263222992440368,4,4,0,0.5284299447515143,0,0.9123224786566,1,0
2261,0.8657787655248008,1,1.6650388692320073,0,0.849012227582236,1,2,1,0.41547672988951695,1,0.7709627139402809,1,1
750,1.160932291994845,0,1.5563781615769998,0,-0.1666215515202507,1,3,0,0.401876314524842,1,1.009429088249563,1,0
114,0.6679262642523617,0,1.5440723845653217,1,0.31968750065015933,2,1,0,0.5092080958033726,1,0.32929522407920686,1,1
2218,0.3120692684820795,0,1.6592006361282463,1,1.1478877534692307,1,4,1,0.46125986995755386,1,0.7953707222458665,1,1
1779,0.19399691138557407,1,1.6143739975314262,0,0.1561096759159754,1,6,1,0.42718234059474486,0,0.9271131822190707,0,1
882,0.5955406101394094,0,1.5035899863839375,1,0.3127902083059507,4,3,1,0.7397719471258044,1,1.0663461695604448,0,1
1289,0.1112789097598259,1,1.5319697819612812,0,0.35854250866737614,3,6,0,0.3570293040931726,1,1.1058210432309141,1,0
1043,-0.11384928225080904,0,1.3546596209423587,1,0.6026220147323362,1,2,0,0.5066831489183186,1,0.8117162627564082,0,1
327,0.7025573561676736,1,1.3209023934508253,1,0.1164960328581065,2,1,1,0.42392114654460294,1,1.033889892422412,1,0
1920,0.2359232287622715,1,1.3737642561381422,1,1.0048604545256852,3,4,1,0.4465309676480624,0,1.0187376664926826,0,0
2294,0.46508857929222946,1,1.4652243841199053,0,0.5549963450042079,3,5,0,0.5139070129210495,1,0.973833866676102,0,0
894,1.0005708841640015,0,1.4267753037284205,1,0.8310405951380508,3,6,0,0.4536851518675507,1,1.0012866359589192,1,1
457,-0.5626810225673518,0,1.6271219211358885,1,1.3053620686238026,3,3,1,0.3816824086968771,1,1.1502900871946815,1,1
459,0.2674183322254784,1,1.4298468008097867,1,0.19492993497547295,2,2,0,0.46344299173085013,1,1.2448314104716698,0,1
497,1.2010572641712312,1,1.5444607896883789,0,0.6360618186037033,2,1,0,0.5729997756881218,1,1.1372496169715562,1,0
1609,0.3343880401223819,1,1.6445056002225091,0,1.0978614872633925,1,2,1,0.5013796087582791,0,0.5683287437994254,0,1
1316,-0.19143340351168658,1,1.411178025773183,1,0.3587966903890737,3,6,0,0.5099250355331342,0,1.0625598040525437,1,0
567,0.279644711028721,1,1.5950963181841518,1,1.2598058889546355,2,5,1,0.48526638453175763,1,1.03523448666047,0,0
753,1.4463854457483598,0,1.6256882450017587,0,0.00875993985041762,3,2,0,0.4350614181884096,1,0.6522980717546581,1,1
690,0.46068145608545646,1,1.3612523485380634,1,0.21720938856100208,4,2,0,0.5315505265096498,1,0.9685163688130155,0,0
1251,0.4824945084773762,1,1.5999751877666422,0,0.9583588639857514,3,1,0,0.42140778605918194,1,1.1393633691369895,0,1
857,0.32263414479247654,0,1.4735703232174369,1,-0.08707611829988593,3,1,0,0.5138585264498902,1,1.0716218357457687,1,1
2293,0.8321337786531546,1,1.5261957671520443,1,0.09460244364541331,2,1,0,0.47450315594579245,1,0.879621981889545,1,0
921,1.0484212649894602,1,1.4925976078064684,0,0.9123533446098866,2,6,0,0.3845964993398332,1,0.9852929287967306,1,1
926,1.0282917832941378,1,1.4926121262354557,1,0.477691714740653,1,4,0,0.5681496780264432,1,1.0286979634234314,0,1
1512,0.3083074033898001,0,1.4415717935783148,0,0.5934412294536745,3,6,0,0.4411627935338196,1,0.8921593137687527,0,0
1294,0.5275095075369739,0,1.3685760179958304,1,0.16824403022075218,4,2,1,0.40296905498342583,1,0.9560831194751087,1,1
659,0.5490990124595089,1,1.5796085710945713,0,0.48861211305002444,2,6,0,0.44468294453026735,0,1.0093106925598685,1,1
156,0.7404343091701435,1,1.5196955393640812,0,0.357158321390581,3,2,0,0.5366111585177626,1,0.8448837366935582,1,1
2213,0.8526798402555059,0,1.449695314000324,0,0.5242296934784859,4,4,0,0.45632886060764727,0,1.3142996140205132,0,0
844,0.8010091825234569,0,1.5636531312226463,1,0.39221019439125504,1,5,1,0.48566459850741145,0,1.2092596717156927,1,0
969,0.5133817699467824,0,1.478735328617174,0,0.9322029382154777,1,6,1,0.41473198562278846,1,1.1688481671119622,1,1
73,-0.5447310357730808,1,1.5242968833028032,1,0.09681097051338028,2,2,1,0.44087663424011037,1,0.9261671804372908,1,1
1961,-0.036617416905538214,1,1.6544790156612967,1,-0.1353120336758864,3,1,0,0.4439541181690699,0,0.9086562739367241,0,0
88,0.7081116828167362,0,1.4859110375761209,1,0.3607396376548971,4,4,1,0.3614173104518831,0,0.9451622670919255,0,0
2287,0.4915093488097573,0,1.3693535349919002,0,0.10031917022442355,3,3,0,0.4756243568568552,0,0.7834762318270303,0,1
2315,1.0391168420798436,0,1.4063885161543035,0,1.1108973469362091,1,3,0,0.4422657150377772,1,0.899107453557774,1,0
509,-0.26601499060698586,0,1.5461766600581426,1,1.1818001690870863,1,1,1,0.40043161263684324,1,0.4582336682615249,0,1
2050,0.8134982336442121,1,1.6090411638537658,1,0.7159844356223013,1,1,1,0.3634197237500188,0,0.9242002635728414,1,1
1233,0.41750536657982446,0,1.5071396795874548,0,0.8338941406713676,4,3,1,0.4856664355235137,0,0.908606281145449,1,1
74,-0.36223299642918727,0,1.5430671630639994,0,0.6476820824547831,1,4,1,0.39353627799481494,1,1.017081838131974,1,1
1680,0.6610369955571738,0,1.505261965463199,1,0.9620940079264224,3,2,0,0.44526057225683,0,0.9527044222638629,1,1
188,0.7076897170229225,0,1.4468224184337326,1,0.7998734462309677,1,1,0,0.48755020548853006,0,1.036169254628417,0,0
2276,0.5683676729355152,0,1.4362805318070082,1,-0.5906599862564421,2,4,1,0.4323536257965905,1,0.9757712338957318,0,0
2220,0.8264790296717747,1,1.495482013992408,1,0.0454048727311816,4,1,0,0.3938556692960375,0,0.6890533590572007,1,0
1993,0.6912130704049458,1,1.693284294422301,0,1.0532766929831867,2,1,0,0.6295427462677142,1,1.0967277984005992,0,1
2195,1.132126587940558,1,1.3735811644691136,1,-0.5453330892526769,1,2,1,0.5366631202605414,0,1.1435187950177639,1,0
1263,0.7198931713880594,0,1.582757943448882,1,-0.003520634228703967,2,3,0,0.5112378490546382,1,0.9884062501758182,1,1
1800,-0.09802862084211084,0,1.6220106002835726,1,0.3093623692935652,3,2,1,0.44841006170842107,1,0.9526329063962728,0,1
1014,0.834706849150223,1,1.45729463823655,1,0.6403860533075114,3,2,1,0.44927558772131515,1,0.960130364848943,0,0
1274,0.721437423259105,1,1.470643470149604,0,0.8243787336923077,3,5,0,0.502156644076088,1,1.0972478492175086,1,1
864,1.052105234728434,1,1.3885057173120237,1,0.7613936034880214,1,2,1,0.32898083186161386,0,0.9834002905003356,1,1
1665,0.445733031353936,1,1.5992847603148004,0,0.371169675044027,2,4,1,0.5305069414284386,1,0.8866731398214159,1,1
1811,0.6815892550631217,0,1.5576651510106199,0,0.5236166500545093,4,5,1,0.594535827044403,1,1.029308622067451,1,0
991,-0.02079831809512489,0,1.5669029898393927,1,0.3320127190919525,4,5,1,0.5748977510639689,0,0.7948448596387759,1,1
1846,0.024097497726224715,0,1.423096096631047,1,1.1556892740242388,3,1,1,0.4690559470254745,1,0.46022391461576984,0,0
383,0.3496336265071792,1,1.4062058206004477,0,0.7813902497688366,3,1,1,0.42561759172687275,1,1.0303598412105794,0,1
887,0.730386681969341,1,1.520786951411299,0,0.6027792467724814,2,5,0,0.48155486523655683,1,1.107678633655878,0,0
439,0.5845758966423076,0,1.317780107565953,1,0.16668858613558624,1,4,0,0.4645005561284116,1,0.9813560049756087,0,1
804,0.7208486244600264,1,1.4904115472663617,1,0.5192117458527818,1,1,0,0.5234530478652099,1,0.9888451145831642,1,1
1899,0.7164847873234751,1,1.5509826074009896,0,-0.019949555193432333,3,6,0,0.5177091114429426,0,1.2208771092360444,1,0
811,0.5466694641553769,0,1.5401026986187722,0,-0.28002342465763064,3,2,0,0.5303008955517499,0,0.7148347442479981,0,1
14,0.3684495704349134,1,1.593431867477157,0,0.6112497851513268,1,4,1,0.3663572118459917,1,0.8685894504057539,1,0
1503,0.45380181518240326,1,1.4425925916889983,1,-0.42104611546428417,4,3,0,0.45311673302779026,1,0.9897779093779794,0,1
2280,0.45331726377410175,1,1.4443295287492164,0,1.3494407111488127,2,4,0,0.4277419728044162,1,0.817725958786082,0,0
1637,0.7589192840839927,1,1.4265582946898545,0,0.5741294757675321,3,3,1,0.5673680912527821,0,0.9351402579381587,1,1
2162,0.45881494986808274,1,1.5632162311804356,1,0.6620024194774617,1,2,1,0.31310711105175,0,0.9839745875227006,1,0
1957,1.0212849347855801,0,1.404798778645116,1,0.8766380012493753,2,6,1,0.516809703776998,1,1.182525291297066,1,0
243,0.6222949705767634,0,1.3868365301957277,1,-0.040896317705726326,2,5,1,0.4530340641051593,0,0.9655029694876831,1,0
949,0.6181279146745008,1,1.5973471732620856,0,0.6339997154677967,2,5,0,0.5267148625067631,0,0.7381836981039172,0,1
1462,0.3663561138973405,0,1.4901892507570875,1,0.5605360407107463,3,3,1,0.4418060623566856,1,0.8981720173757028,1,0
1417,0.6592856420251503,1,1.6389994863619375,0,0.3172514023052684,3,3,1,0.39267201866592205,0,0.9205613210915584,1,0
1018,1.0187344090477357,1,1.5022575747893985,0,0.591435417665322,1,3,1,0.45010095531820915,0,1.1255996008577396,1,1
419,0.3919964969300464,1,1.463515821926413,0,0.1267078574580609,4,2,1,0.47597407753613097,0,0.8417686017768276,0,1
1914,0.7341909410036813,1,1.4053417485683113,1,0.3155268009375052,2,6,1,0.4516267907876564,1,0.8795844737701524,1,0
849,0.7346583050488005,0,1.6342374787807397,1,0.6261715975948976,1,1,1,0.5004016251944169,0,1.0480706338281554,0,1
2011,0.8190972947231724,1,1.4495582780337344,0,0.2656849576508189,2,3,1,0.39831404914346846,0,1.0810338335120824,1,0
165,0.8436698038842978,1,1.5880113674353407,1,0.46615574159225126,3,3,1,0.4138480321877077,0,1.0591379671416181,1,1
1507,0.7136299603092803,1,1.5661410804486684,0,0.9008124397948052,1,4,1,0.6822944777377824,1,1.141429098814201,1,0
110,0.5949595855538374,0,1.4247575546569764,0,0.7185896663831761,4,6,1,0.3981733836019987,1,0.956516202133741,1,0
54,0.18706926269734453,0,1.567879894764927,0,0.1912084512493426,3,2,0,0.5508061523520299,1,0.6060843864953356,0,0
2048,0.5841550393512955,1,1.5597622148185968,1,0.9741474333981313,3,5,1,0.5009421148062547,0,1.0382532315251933,0,0
237,-0.003842547061263746,1,1.6937327269909392,1,0.05472356520186211,2,5,1,0.5393003731412378,1,1.0040701526828435,0,1
1764,0.15827117426814435,0,1.4663301771667134,1,0.6392447883326418,1,3,1,0.3437455342597944,1,0.7891434322983861,0,0
2157,0.9474662628557978,1,1.5808182762741219,1,1.5614423139205664,4,6,1,0.4583600504082033,0,1.0446569433482131,1,0
593,0.43766118372259427,0,1.2034316531594518,1,-0.36291655544511014,3,6,1,0.5641253702103701,1,0.9612402751584566,0,1
1162,0.2600983352231101,0,1.6381780097805336,1,0.03107165485369029,4,2,0,0.6147584092674933,0,0.7710891667912899,1,1
308,0.5238750748727469,0,1.47544205794654,0,0.5150050106650182,1,6,0,0.6285379709363978,0,1.0050090505687086,0,0
524,0.37160007394510575,1,1.47472456527923,0,0.044188715021169944,1,1,0,0.4939242659581583,0,0.8331845926767412,0,0
460,0.6378428474810556,0,1.3686027765203828,1,-0.3873478829701421,1,4,1,0.5622587531480522,1,0.7952312060066751,1,1
922,1.1522419143170053,1,1.416427288311617,0,0.7882656792314008,4,5,0,0.5735048607286891,1,1.0194363106445428,1,1
793,0.6003150674785204,1,1.521414088569431,0,0.8709336548864335,1,4,0,0.48579142217709487,1,0.9862932482889772,0,0
525,0.0685735488201944,1,1.6635335443221166,0,0.6120741671574971,4,5,1,0.42332130848319016,0,0.9791327799690928,0,0
561,0.6753233537084948,1,1.357162780989884,1,0.5698889104467835,3,6,0,0.5549598551813831,0,1.2863454532481955,1,1
582,0.83575339355974,0,1.7218744472629104,1,0.5067961096805582,1,5,1,0.4523301604508999,1,0.825025754380423,0,1
336,0.7419639306150123,1,1.4891651546077893,0,0.08665817337746723,1,6,0,0.5611427802450041,0,1.1029094890376172,1,0
2163,0.27965883824029486,0,1.5593244930707972,1,0.162989920843576,2,2,1,0.5960925609471801,1,0.8948060205876067,0,0
706,0.6193526376512979,0,1.6573975524788545,0,0.8210783714588067,3,4,0,0.4488762355844302,1,0.995535931960633,0,1
1011,1.3276723351444146,1,1.433247813184851,1,0.3002170599725663,3,6,1,0.32936564667983226,1,0.9645747403496859,1,0
651,0.691269140110103,0,1.6112957102702754,1,1.221863875954515,4,6,1,0.4568054915507137,0,1.0886268215550894,1,1
1059,-0.5666554142268505,1,1.50580659277291,0,0.4170191890958636,3,2,0,0.6248284094571499,1,1.1511519356823763,1,1
1227,0.6651549342312054,0,1.4544809051508016,0,0.755691636025642,4,4,0,0.4550569608203354,1,0.534607270864291,0,1
1787,0.17439887119995523,0,1.622544909329267,0,0.2373782343618105,1,6,0,0.46055545163799444,1,0.9891312345754638,0,0
1667,0.8020095859181182,1,1.407647896774323,0,1.5786926573639604,4,1,1,0.5504584975022383,1,1.161010385752627,1,1
63,0.5074168107515471,0,1.4236245741820663,0,-0.28061527660948005,2,3,0,0.4267419203709951,1,0.5805197321854335,1,0
1136,0.6541168069965905,0,1.5351090916328576,0,1.3990534088918074,3,6,1,0.40196024183286977,1,1.0831033909841006,1,0
539,0.11446972710105568,1,1.418945763771361,1,0.6455499092235657,3,5,1,0.43641535223054506,0,1.0459630795133144,0,1
1124,0.4995521464515163,0,1.3867047581501375,0,0.05497617634515306,2,1,0,0.4394845278879951,0,0.8938662391064444,0,0
553,0.31304947160009444,0,1.564573902670428,0,0.8860311173408857,2,6,0,0.45380960601397285,0,1.2757643270967114,0,1
1551,0.8330830756873107,1,1.4325582382674682,0,0.9093379426895685,4,1,0,0.5917257230963833,0,0.9482315337108869,1,1
65,1.0989543328564673,0,1.6443990901493644,0,0.04248005896948798,3,5,1,0.46059404044480556,0,0.9049557112890537,1,0
479,0.29024491941169206,1,1.4400897681074554,0,-0.05454576275262668,4,3,1,0.42636618889373157,1,1.1000182373785954,1,0
19,-0.09861680861645761,1,1.6896564262248055,0,0.5490606325827915,3,6,0,0.49816760165336155,1,0.7928149356888591,0,1
1692,0.2716710085715168,1,1.6135514700005265,1,0.5217771341633785,1,2,0,0.5763249981745188,1,0.8857115869989723,1,0
2315,0.638800725276101,1,1.391503324754696,1,0.24588836355594224,3,1,1,0.5350140156431764,0,1.069196249532673,1,1
2281,0.45076711898550254,0,1.4749366252715626,1,0.5667228129636747,2,4,1,0.47108904752972913,1,0.8842821205528373,0,1
2038,0.13694023378618153,1,1.5727785999723696,0,0.8510217686672621,2,1,1,0.2886243668719737,1,1.0899995904304713,0,0
1713,0.40699333972075363,1,1.36017724890048,1,1.0736502829448864,3,1,1,0.5705963448470932,1,0.860417266937985,0,0
181,0.46172264847372535,0,1.4786601518542126,0,0.4588777711439245,2,4,0,0.4352055637270688,0,1.0902669035512351,1,0
556,1.1227859260698314,1,1.4309629061573506,0,0.8975985441652492,4,1,1,0.4345934843209425,1,0.8647378164513505,0,0
1992,0.5208338516636947,0,1.4510749183868503,1,-0.15763699426465316,3,6,1,0.5890094375605658,0,0.7055651486681178,0,1
405,-0.0055261293542082646,0,1.5559464898231046,1,0.8026715288046347,1,6,0,0.5349140688433197,0,0.934562179389431,1,0
197,-0.13122925323174928,0,1.586263935298638,1,0.5951609724022974,1,1,0,0.5502557388803,0,1.0876610822803576,1,0
742,0.7381226276085481,0,1.476448472661837,1,0.840630537875231,3,4,0,0.4801917796459306,1,1.0271034675424788,0,1
1621,0.6833484739313205,1,1.4315911652093147,0,0.5376168201640656,3,6,0,0.3892496484732606,0,0.8941944545032259,1,1
1673,0.4078467139973541,0,1.577418305315618,0,-0.104536853614556,1,2,1,0.44899587098598615,1,1.0806748689295957,0,1
2320,0.045353859001943775,0,1.5954671299048702,1,1.2638532231580455,4,6,1,0.4874534433131231,1,0.8569146064713448,1,0
2212,0.2185490363606724,0,1.5365871089711207,1,0.516383618501961,2,1,1,0.4630950101851049,1,1.1184178939166187,0,0
1774,-0.1572674640460342,0,1.5604968639095411,1,1.3328482856405035,2,2,1,0.4234915738716765,1,1.0698797799057476,0,0
332,1.2337098001447133,0,1.414576850400553,0,0.45697037158821824,1,1,1,0.5376666139169721,1,1.1500386429300675,1,0
739,0.20992733595758722,1,1.5182533121570891,1,-0.456403519243632,3,5,0,0.4384383330186858,0,0.9101587409932465,1,1
1407,1.223079736029983,1,1.436158266903937,1,0.02758982871015564,4,5,0,0.5217851526805932,1,1.100336208069021,0,0
577,0.5342861870069155,1,1.5397317777660455,0,0.9602299715154339,4,4,0,0.3647315688304864,0,0.7562075385666592,1,1
365,1.0552966616483999,0,1.3721804450631678,1,-0.02308687212423144,4,6,0,0.33581697809986755,0,0.8039726001212838,0,0
1011,0.7977497481457183,1,1.468290426950012,0,0.20499023017567147,4,1,0,0.5109857492369805,0,0.8172021194590994,1,1
2247,-0.06086278363848785,0,1.448118347811915,0,0.8416358299771853,4,3,0,0.5504997461150349,1,1.0018499617166912,1,0
1879,1.149731261058283,1,1.5836383854774994,1,-0.2034885354349819,2,5,1,0.5184930847903676,1,1.2412064011661088,0,0
1819,0.19851845804844065,0,1.5584713475535243,0,0.015885211593311577,4,2,1,0.46577861623536027,1,0.9673791409546953,1,1
2070,0.789071312918711,0,1.4404121586331913,1,0.07015170559154388,1,4,1,0.664063491651233,0,1.136609952727349,0,1
2272,-0.1834499025227163,0,1.6250446457860295,1,0.725510590459903,1,2,1,0.5495674314541403,1,0.8438313354773543,1,0
117,0.4411484792398064,0,1.4841587341215878,0,-0.12568003364076286,2,2,0,0.38671545612158686,0,0.9785307116559869,1,0
1444,0.4948045126029831,0,1.6401661566220056,1,-0.08463413395830444,1,2,1,0.44334933198568843,1,0.8614631367594623,1,1
2212,0.7560003774437114,1,1.4047919835174802,1,0.09137822608860474,2,4,0,0.40031897511603337,0,1.3460243202541666,0,0
16,0.7910956557381995,0,1.428960110038668,1,-0.06825039862185078,3,1,0,0.5908381785564698,0,0.878266580879141,1,0
600,0.5677665237540195,1,1.451242157523459,0,0.8804928396353591,4,1,1,0.5595166521194241,0,1.1797965242222153,1,1
806,0.5147965659021059,1,1.5386116962764222,0,0.8954881430560251,2,3,1,0.6156651797784746,1,0.9824318422957596,0,0
41,0.8660012305953022,1,1.5616150721461368,0,0.5888515638639091,2,5,0,0.5705659584949865,1,0.6540009758707994,0,1
2341,0.595150475490165,0,1.5156043638795482,1,0.6591601684311233,3,2,1,0.39301207035874974,1,1.40113815050411,1,1
1972,0.8404293092065214,1,1.3932245516287032,1,0.2337874961143237,1,5,1,0.4101639355546247,0,1.2104191912296849,1,1
1703,0.036658597166069506,1,1.4824677920576501,1,1.3147375319297927,4,1,1,0.5354261632379428,1,1.1608710710766963,1,1
1208,-0.11160273305121216,1,1.4750380118594806,0,0.8625360174972624,2,4,1,0.3485808733957909,1,1.2266168495824832,1,0
2120,0.6967151573752899,1,1.4837279967638024,0,0.860074440559614,1,2,0,0.5346899304297382,1,1.125450957556789,0,1
2005,0.4017780987113292,0,1.3818444162760017,0,1.0876007805887795,3,6,1,0.43491080123996984,1,1.0086587936180313,0,0
521,0.6461937322035953,0,1.5690496756193313,0,0.027883037124846966,4,6,0,0.4330770781566229,0,0.6761024803501685,1,1
869,0.776828995835524,1,1.4018827085335193,1,0.7330985115128079,1,4,0,0.5527528785647859,0,0.8470704601395452,0,1
544,0.30929607885884614,0,1.7222274648937377,0,0.5970520362061563,3,4,1,0.42303087073772594,0,0.8355474761597389,0,1
2200,0.2827365908032373,1,1.4903248979542236,0,-0.09282284294997678,1,6,0,0.5318185174328952,1,0.9373081659554566,1,1
1537,0.42560314126375914,1,1.539329924533067,1,0.8037450378723088,1,2,1,0.5064821024148176,1,0.48060749243986295,1,1
1352,0.3556951134146251,1,1.408436131781062,1,0.43025338341873753,3,3,1,0.4863190905110693,0,1.1889303842433478,0,0
442,0.08223219017105621,1,1.6410581531256057,1,0.48621603981476696,1,5,1,0.5678647130001157,0,1.0331395247584838,0,1
351,-0.05933419933688766,1,1.7620084503554805,1,0.3343296691366955,3,3,1,0.5304692801110973,0,1.036459489520424,0,1
7,1.1583420273348826,0,1.5944629086799822,0,0.06140594229255236,2,3,0,0.6203130249444618,0,0.9118223851396888,1,0
1529,-0.022587088675958156,0,1.4072109966850395,1,0.30706064156596424,2,4,1,0.47834695596126336,1,0.9102632243954227,1,0
1185,0.3285641189082087,1,1.5411868495297942,0,0.27322447354101725,2,1,1,0.5611283910409833,1,1.1560964705134302,0,0
178,-0.03352670498033672,1,1.4787874459338124,1,0.19975753774001337,4,1,1,0.41757757955869634,0,1.1147546611077428,0,0
1575,0.8843097667941,0,1.630640334973872,1,-0.09102137404575894,2,1,1,0.530742916208228,1,1.2573984239538216,0,0
1390,-0.06934354733979431,0,1.5498402205311523,0,-0.17435845811636286,1,3,0,0.4886154323835537,1,0.8888851749903264,0,0
2084,1.063444817022952,0,1.4735519518137843,0,1.340634400363868,1,1,0,0.5564897533601151,0,0.9635694978754772,0,0
1468,0.2114958015422997,1,1.5201053949577652,1,0.5863595663254618,1,4,0,0.5058040584359715,1,0.8511133154144807,1,0
1469,0.7697738070508489,1,1.3136163934305582,1,-0.6695068327485345,2,1,1,0.4651230229448013,1,1.0783332976263367,1,0
431,0.30536779310898887,0,1.4410741505620597,1,-0.18511584164559503,2,5,0,0.5219814089597946,0,1.4349964492446687,0,0
31,0.14443043325287186,0,1.4408343127571932,1,0.8704323261064237,3,1,1,0.4668097388451839,1,0.8583690750687606,1,1
2336,1.3451225332925159,0,1.4606303539045014,1,0.7082798429073678,3,4,0,0.37663464738731006,0,0.9524873408842757,0,0
120,1.169457127404054,0,1.6590281267959528,0,0.7141836568537825,3,6,0,0.4889279258976336,1,0.7830836287335957,0,1
2360,-0.11502415146771228,0,1.475369247654026,1,1.0557667381387534,3,3,1,0.4920711454436065,1,0.9205750352139164,0,1
850,0.14629508463397445,1,1.498839905184957,0,0.8018952313405564,2,2,0,0.5618381192257269,0,1.0767892188992803,1,0
1416,1.5370164487901703,0,1.5879141468851217,1,0.5640145861281127,4,6,1,0.553830677810681,0,1.2151329895294443,1,0
535,1.1062886666720235,0,1.6667685633665807,0,-0.08963476159035,4,3,1,0.503283606814218,0,1.0584527135157926,1,0
62,0.6200719193452038,0,1.562499965553331,0,0.1657115826707221,2,2,1,0.3840290716286218,0,1.0727670416172248,1,1
203,0.39323379240240963,1,1.4335085881264025,0,0.22204931882611761,2,6,1,0.46167683660919207,0,0.8644910239782574,1,1
1146,0.9845813547723139,0,1.433933641754615,0,-0.2176802021090447,1,5,1,0.46368453930178977,1,0.8332838788636231,1,0
350,0.6468215091133817,0,1.3859450870495402,0,1.3923824607807604,2,2,1,0.45461284163290844,0,0.8998695619221724,0,0
34,0.8925152266532109,1,1.3893824333656586,1,1.1071975963905278,1,5,0,0.49224934252401553,1,1.264323369243664,1,1
1287,0.5126722692370308,1,1.5178436039891807,1,1.0460260309380724,1,6,1,0.5511817338237647,1,1.0835769786355491,1,0
144,0.5820017274465336,0,1.3702413724778997,1,-0.21474427564117393,1,1,1,0.5730734235979844,0,0.9201633316569188,0,1
1071,0.7357892199432693,0,1.4802573273679152,0,0.058789736044969454,3,6,0,0.4053557615891354,1,0.7273171263033432,1,0
341,0.34597164258504043,0,1.491459018854496,1,0.20904063889633184,2,6,0,0.41408766236329075,1,1.0339732007595064,0,0
1447,1.0420226212371997,0,1.4761780232070694,1,-0.24308066693779495,3,5,0,0.48507760391292654,0,0.9865172883458434,1,0
76,0.7726341892440003,0,1.5320026347372704,1,0.6810037163193758,1,3,0,0.33293683795762086,0,0.9561789718790992,1,0
1372,0.05666474013522915,0,1.6073517147746619,1,0.5242112238520348,4,3,0,0.2891051709777678,0,1.0545545107574537,0,0
2045,0.6122503732305483,0,1.414798021175059,1,-0.19259319456062218,1,3,0,0.5774881668150866,0,0.7983656058542479,1,1
724,0.7522830930045781,0,1.402146827180896,1,0.5577168737087199,4,2,0,0.48416347625235323,1,0.8404397577636655,1,0
550,1.5010579446866399,0,1.4182904155182061,1,0.10476496356228954,4,1,0,0.5144970611015417,1,0.956885423409071,0,0
1493,-0.033873321528210654,1,1.4663090653958286,1,0.9165651346483685,3,3,0,0.5183138540099985,0,1.0601169416966563,0,1
837,0.8104547504670478,1,1.461578299440241,1,0.6178024850923258,3,2,1,0.6944097829902081,1,1.0535462017504993,0,0
1724,0.7228808712529903,0,1.4901554690700511,1,0.1542301003760112,1,1,1,0.5802110487772568,0,1.1158663401998552,1,0
577,1.1330083681165117,1,1.4871618108059366,0,0.21056219339329335,3,4,0,0.3676092098530395,0,0.7523522086675567,1,1
202,0.7092626331620125,1,1.448728784984225,1,0.6184721353939806,2,3,0,0.5166928748593982,1,0.7891890236835275,0,1
1201,0.05612547811722901,1,1.4553811134710581,1,-0.0797698825403863,4,6,0,0.49618991073340935,1,0.9659978666168545,0,1
1137,0.3984040528522218,1,1.4009065265505538,0,0.5783913637544131,3,2,0,0.433781077629821,1,1.1070626664521956,1,1
1986,0.7183287897361859,0,1.5838539048744766,0,0.28717624328121233,2,3,0,0.4516370331303029,1,1.0282576768362646,0,0
1548,0.1539533501882645,0,1.5017355936428054,1,0.04714589709213052,2,5,1,0.2509287450303592,0,0.9493017798902815,1,1
759,0.8256779048363629,1,1.57350415748966,1,0.491843826974446,2,5,0,0.5719153237148221,0,0.6358424788861132,0,0
673,0.19955344326958369,1,1.4188938720242794,0,0.20041549976011652,4,3,1,0.44569623290131466,0,0.970092135720256,1,0
957,0.6387015865996057,0,1.5901469813773628,1,1.2504969031924291,4,1,0,0.35072853133132725,1,0.6892620763059377,0,1
906,1.2572457062497104,0,1.4717215973677145,0,-0.2456227541289473,2,5,1,0.4519167713980196,1,0.8635138293410811,1,1
1303,1.2200901799314625,1,1.480645830290129,0,0.7913171061074726,1,1,0,0.49044446629523136,1,1.1658437038231477,1,0
1010,0.7052177693829284,1,1.4286163835937444,1,0.36676536691899864,1,4,1,0.5099888130648822,0,1.30558045984439,1,0
196,0.098660783948187,0,1.6165690106189727,1,0.5998237379423671,3,3,1,0.4749006875269122,0,0.9594205944029588,0,1
263,0.29813869973510876,1,1.544644880132209,1,0.2061810706842359,2,6,1,0.5793177369296201,0,1.1647511181636165,0,1
2021,0.6372627698305446,1,1.3507067715426735,0,0.5161276347559702,4,1,0,0.48911298435323547,0,0.5618850417300839,1,1
909,0.9838261160097311,1,1.3956597967696245,1,0.14319648773385107,3,6,0,0.4694052974728893,1,0.9264575935402436,0,1
1901,0.705114667513209,1,1.3787494031569822,0,0.23330420550997477,1,5,0,0.4141608653088025,0,0.9727218046255172,0,0
394,1.7294234207307306,0,1.283483390153152,1,0.9097809599490723,4,6,0,0.46620747468271023,0,1.098503985686112,0,1
801,0.25335905228218364,0,1.4822081152371347,1,-0.8535960608240822,1,4,1,0.6671196184356681,0,1.1178993391897827,0,0
354,0.8743205625675514,0,1.3966727738529254,0,0.489020473995018,1,2,0,0.5819376310158065,0,1.0098257484235267,1,1
2009,-0.01922858248641446,1,1.6394971294120824,0,0.28887231893202464,4,4,0,0.5891882223941176,1,1.0429738155722346,0,0
969,1.1746729412491979,1,1.5038306218744801,0,1.135874191022889,4,6,0,0.5694434134499717,0,1.0551004785835847,1,0
1351,1.2405686820710233,0,1.3012515582581092,0,1.2474069658525526,3,6,0,0.5262088900362251,0,0.8954402208291252,1,0
386,0.20432489971590184,0,1.4356001135783476,0,1.1110423396635087,4,5,0,0.45895029752935174,1,0.9558016321992414,1,1
1893,0.7219414437065346,0,1.4389920019765752,1,0.9406357800835454,4,2,1,0.5365070676683968,1,0.9036302342820983,1,1
1393,0.49097641081877985,1,1.479528985035257,1,0.6587953971372523,2,6,0,0.4920241071255711,1,1.0423935136611635,1,1
754,0.9098057883985406,0,1.4198307029281745,1,0.5426465377091094,2,3,1,0.39972469218147844,0,0.8126479533384516,0,0
42,0.454976103969397,0,1.4662296213389703,1,0.8563560293793153,4,3,0,0.5387413168712974,1,0.8016141323833141,0,1
2254,0.11785851802155434,0,1.628922371873897,0,0.3680485509573359,2,1,1,0.43184400165585507,1,0.9920406011202756,1,1
1686,0.2051996493606702,1,1.3855705853757543,1,0.8389287799869434,2,6,0,0.5153719394071591,0,1.128891966868301,1,0
899,1.1679119283945145,1,1.3007242412121425,0,0.5184065997803304,4,3,1,0.6925098576270097,1,0.7087271711845226,0,1
1184,-0.7002490050595893,0,1.6088241451049234,1,0.30020132002040845,4,6,1,0.4400625588990226,1,1.0352133077448582,0,0
1265,0.47474683685751856,0,1.520671201477432,0,0.636599989536285,3,6,0,0.5232602977566767,1,0.9886152356967881,0,0
470,0.5739062745731115,0,1.485536979351057,0,0.49236311028738383,1,4,0,0.5606343744206117,0,0.9865242303033241,1,1
1226,1.2312081277932705,1,1.45650162955547,0,0.31470824979030365,3,6,0,0.39630326043735364,1,1.0570582194870854,0,1
1447,0.07241389937286341,0,1.59307347762756,0,0.11293399006485494,3,2,1,0.5028050486019631,0,0.903651385884114,1,1
1769,0.7807937326177339,1,1.312312559473701,0,0.6938921221601824,2,1,1,0.4416355361848644,1,0.8214122652027563,1,1
582,0.9790574759769216,1,1.5185480174263406,1,1.1675436368983623,3,2,0,0.4172030228650084,0,0.5850774077579175,1,0
534,0.5610228375695135,1,1.438861005098369,1,0.34917273853584874,2,4,0,0.41541957161932336,0,0.9424740076687371,1,1
248,0.37533523250327183,1,1.6398504926231094,0,0.8270917172674406,1,6,0,0.42850252344129985,1,0.8864557291490794,0,0
1661,0.1954673365617518,1,1.2707635499635457,1,0.5794128240895461,2,4,0,0.4630250245486989,0,0.558784407929446,1,1
984,0.5930262492574291,0,1.6190917724513594,1,1.1070122891620406,2,2,1,0.5127718064778408,0,1.2400280508664112,0,0
1931,0.7249828793268176,0,1.568880758921756,0,0.7927208760532529,4,5,0,0.4748905008819424,1,1.0225426405341134,1,1
395,-0.07337958380686571,0,1.5771403043673902,0,1.004901242222847,2,3,0,0.5798245599396945,0,0.930146444880089,1,1
1795,0.2465591809512726,0,1.3721081504342156,0,0.13506604415164575,4,6,1,0.47935778376577143,1,0.807797705897395,1,0
1824,0.6956258684450112,1,1.5675693289781836,0,1.0549783967132305,4,5,0,0.2727876261668628,1,0.7563262724890666,0,1
1249,0.5615755097864689,1,1.5004352593939974,0,0.48321695021490063,3,2,1,0.4109148635791693,0,0.8421670591744853,1,1
2092,0.7144724498273615,0,1.3841601647831066,0,0.9695127249496043,1,4,0,0.5625007677722814,1,1.1246671994922344,1,0
1646,0.8878596349928731,0,1.4611721468181134,1,0.49750796196591224,4,3,0,0.6129697601215611,1,0.9192508170634497,1,1
1392,0.9731770657877621,1,1.5178313019268725,0,0.9801393746836593,3,2,0,0.3792700716972042,1,0.7952485079054508,0,1
403,0.9674947120671442,0,1.4805721759409838,1,0.0844764647127933,4,6,0,0.425065854403629,0,0.9237481878271047,0,1
1987,1.0987669253606764,0,1.2971470827775917,1,0.0070386759449828085,1,1,1,0.528453834541401,0,1.127481272403792,1,1
1452,0.6298313388911863,0,1.3818794752173422,1,0.46168448123544226,1,4,0,0.6145687574335237,1,0.8213968075380409,0,0
1051,0.10657647814478566,0,1.3517432511752645,0,-0.10872127979350765,3,5,1,0.363605450107414,0,1.3103398192226778,0,0
714,0.05795133351726034,0,1.5783075883259492,0,0.04643708704170951,2,5,1,0.6492210244393072,0,1.0248520134942751,0,1
238,0.33317232987164525,1,1.3223431125209133,0,0.13121413939299797,1,4,0,0.46010594315050907,1,0.7550964074958879,1,1
831,0.2668195614357956,0,1.4707328968966156,0,0.5184705545438727,2,4,1,0.5203273980299818,0,1.1412344362104434,1,1
1843,0.687859005889486,0,1.455261070066386,0,1.1119693534560382,2,4,1,0.44065676255425346,1,0.9919416944604921,0,1
2062,0.3954839738975961,1,1.5578851330645864,0,-0.23064337019411885,4,5,0,0.5627041978324328,0,1.0219383628124985,0,0
1264,0.7298603006969906,1,1.4157331855438675,0,0.5775299337613928,1,5,0,0.42445246712083706,1,1.1173021333215012,1,0
1798,0.7883759292885237,0,1.4184160560663608,1,-0.19558169865731878,1,4,1,0.4699447688062766,1,1.288824656465721,0,0
2298,0.960173360039813,0,1.4477939223497822,0,0.7758116185918702,4,6,1,0.3424838506102824,0,1.446265348877062,0,1
296,0.23310332961542768,0,1.4500916464121054,0,0.9426340526190463,2,6,1,0.4406673255529747,0,0.843604106360797,1,1
2364,1.0281170671604767,1,1.5344571499039423,1,-0.14262314050167302,3,4,1,0.6198087147958102,0,0.7454615740608246,1,0
30,-0.021380363456214524,1,1.4665062265643098,0,0.319925084560593,3,6,1,0.4297276376567704,0,0.8348288313643456,0,1
1564,0.4748416976857584,1,1.3464100755933275,0,-0.004552848121842423,4,3,1,0.39602769264641946,0,1.051136419409875,1,1
2316,0.3970237155788399,1,1.5391439600076038,1,0.4955716150759346,4,4,1,0.4091104554456534,1,1.0749087248616012,0,0
1027,0.9850872246658064,0,1.6849238764892454,0,0.2857225737779757,2,5,1,0.5318642292089164,1,0.9833943588553206,1,1
140,0.8525430039981431,1,1.4112375108898882,0,0.39232333623930216,3,5,0,0.7569351111255294,1,1.1067469378904242,1,0
460,0.6404208838155229,1,1.589109180373393,1,0.25421589123935784,1,6,1,0.5245414558176572,1,0.8133690673242286,1,1
2008,0.12447870827058244,1,1.542267768806295,0,0.4188683119470332,1,2,1,0.5710467999804028,1,0.741027910681459,0,0
1121,-0.1416196921336147,1,1.4579628722579343,1,0.5480923073769915,4,5,0,0.3532766325497482,0,1.1278491450771633,1,1
844,0.2995144179568586,1,1.3508312156021633,1,0.6364518150955856,4,5,0,0.3525831801844069,0,1.2256599658246525,1,0
244,1.0976634910844858,0,1.5463440339078678,0,-0.37060230052761844,3,3,1,0.6057337568934089,0,0.9034932759344688,1,1
1805,-0.09162160358321192,0,1.5986428612728987,0,1.299022756446576,1,2,0,0.46241697300866913,1,0.9481214629364789,0,0
1043,0.3283054612203666,1,1.6647753795375297,0,-0.2287105157218844,3,1,1,0.44154869575139316,1,1.0182291726513226,0,1
559,0.6322939502174254,1,1.5038289383192351,0,0.6089852329987561,3,2,0,0.3765473610457774,0,0.8018824828621458,0,1
2189,0.6248847555234077,1,1.5323887638461033,1,0.8150879704704683,2,5,1,0.4499506034634132,0,1.0318948901004426,0,0
342,0.29317301160063125,0,1.498785753952719,0,0.650920591913624,2,5,0,0.41117174450148697,0,0.90137814912678,1,1
443,0.7604666416571771,1,1.5711707424740895,0,0.31944698597784593,3,5,1,0.5200030319347131,0,0.7419341628386444,1,0
337,-0.23956182275458804,0,1.3981446595328126,0,0.5537227263166186,4,1,1,0.30192999825662364,1,0.8269130046247335,0,1
1439,0.7414838138463296,1,1.470845748143434,0,0.681176104522533,1,5,0,0.45036197009078416,1,1.048768537625788,1,1
1086,0.24102156392166357,1,1.541978002559699,0,2.094105518981909,2,6,1,0.493755372482472,0,0.8829694240378975,1,0
535,0.7573322118377122,1,1.5583630761768348,0,0.601478709763311,3,5,0,0.2656039224068879,0,0.8389108825800891,0,1
1967,-0.019372759571985698,0,1.6370750117518351,1,-0.11812175927025004,4,5,1,0.5890365781054944,1,0.8652604756574498,1,1
1925,0.3723788000662732,0,1.3822938250520007,0,-0.37053823063300495,4,5,0,0.5212039132612796,0,1.2845666114296423,1,1
1553,1.156740153677204,1,1.327948761137015,0,0.34432183439140246,1,4,0,0.47581712259908654,0,1.0682827541523272,0,1
2041,0.6656990439729452,0,1.4387370658444345,0,-0.1615681918930888,4,3,1,0.593304671899765,1,0.7440518306887267,1,1
1361,0.7087839168739645,0,1.5972555480934025,1,0.43416780848605335,4,3,0,0.45546394876739416,1,0.9722618543207665,1,0
2034,0.44864213247997126,1,1.6691244045551805,1,0.12629423141854235,4,3,1,0.5127988072459473,0,1.0756922299485272,0,1
2002,0.25477642592960803,0,1.5181672856433432,0,0.48217293404308686,1,4,1,0.45409328280800265,0,1.1845826053298327,1,0
1755,-0.04792055254461591,0,1.6102104379563538,0,0.19090807614687216,1,3,1,0.4972763769949161,1,0.5906673610500275,0,1
993,0.2576818948475623,0,1.4270598966843802,0,0.25267058666327347,1,5,1,0.3764599696896411,1,0.9627753453416881,0,0
641,0.515944595093645,0,1.6926722742368014,0,-0.18139655963703483,2,6,1,0.3796416309128863,0,1.1463061044970586,0,1
1834,0.6546568465697418,0,1.5862214987853152,0,0.035341652970975856,3,6,0,0.36126054824119025,1,1.089424356815282,0,1
1497,0.795732486230059,1,1.5222637768030547,0,0.7146524169623542,3,2,1,0.5006360237039879,0,1.2196079424659547,1,1
190,0.9457333102751195,0,1.4832184487673779,1,0.6237534960971818,1,3,1,0.5778048866307174,1,0.7964720623443918,0,0
877,1.2774183592004846,0,1.4589791902497184,1,0.7419578421209112,1,1,0,0.38125793335291935,0,0.5160926060976471,0,1
765,0.33206906306044787,1,1.3010630671431125,0,0.9666324126744907,2,4,0,0.5101440932052927,1,1.1887663766736056,0,1
1477,0.2936843783459082,0,1.5129384372555448,1,0.45182103427966597,3,3,0,0.5185474761362873,0,0.9254711029525101,1,1
1814,0.2077065487938865,0,1.4151303240492064,1,0.42759955884245443,2,1,1,0.38627533639373907,0,1.1765263253560787,1,1
2097,0.7501319908094941,1,1.4331095467584563,1,0.9675473153352122,2,2,1,0.6897358889100236,0,0.8900909761884033,0,0
1635,0.4869348513166842,1,1.3958426403929327,1,0.5461787930881582,1,2,0,0.410669943564123,1,0.9235345417305353,1,1
929,-0.08768406341601465,0,1.5572990006397367,1,0.5721902527961346,4,2,0,0.60898551422948,0,0.7778946898804837,0,1
21,0.427100597437025,1,1.5251144078217622,1,1.2638752122463819,1,3,0,0.6093874925137619,1,1.2189086489948526,0,0
1107,-0.08180526125752974,0,1.5831650848646532,1,0.1445106821688522,1,3,0,0.5806480662712342,0,0.7501726418920441,1,1
1992,-0.028327958082089544,0,1.335025580089507,1,-0.08742217001736696,3,3,1,0.5680199670972217,1,1.1148534924541835,1,0
930,0.12056478351993039,0,1.4073109028995776,1,0.9768588949074353,4,5,1,0.6350483122145656,1,0.6633485308399649,0,0
476,0.7451657528106259,1,1.3731159394313173,0,0.38647929983789986,4,2,1,0.4652141863309858,0,1.067598307215332,1,0
2044,0.9046488471384287,0,1.697399644267356,0,-0.3585261867505216,3,1,1,0.4766934044855341,1,0.7542335384254127,1,1
109,-0.12645628689460076,1,1.4268435231378855,0,0.028478523271860623,2,1,1,0.5103510483958693,0,0.8383930882836371,1,0
344,0.4436206084764886,0,1.4697064751372688,0,-0.5693079758524489,4,5,0,0.4967109329564481,0,0.9875162128429604,0,0
2356,0.07500842735218338,1,1.6240706626088164,0,1.156044290615942,2,2,1,0.5133625326705497,0,0.8944075876892458,1,0
977,0.8871200812344463,0,1.5755654074819039,0,-0.31845020990001816,1,4,0,0.15271388902335692,1,0.8481694630407929,1,0
691,0.28851235025163163,0,1.6016136871901263,0,0.07796517995931923,2,1,0,0.5433080754292892,0,0.7740358627497937,0,0
111,0.36826110131472145,1,1.4997086472028525,0,0.5252031101171727,3,5,1,0.3802033673032969,1,1.0782386030381579,1,0
948,1.5333695434983088,1,1.402867894325505,0,0.3674301416802314,1,5,1,0.36823072707098703,1,0.9402954864652165,0,1
1295,0.3026911299945326,0,1.5295128958529203,0,0.8411738445130743,2,1,1,0.446083212560352,1,0.6950813390359231,0,0
2153,0.24518606221836275,0,1.4912316282567817,1,0.7327031793276781,1,4,1,0.5999359421877779,1,0.8668129172932408,0,1
480,0.39140960902004074,1,1.5233297668966148,1,-0.28428382598143676,4,6,1,0.48282913087114915,0,0.8720603904536104,1,0
740,0.19019988657630837,0,1.7572372928970679,1,1.023870410936964,1,6,1,0.5805656337406198,1,0.9772588210412692,1,0
1107,0.853905597321671,1,1.5254483446548894,0,-0.05368446099032964,2,3,1,0.5086269642922417,1,0.9349631170521016,0,0
2094,0.9212928170722772,1,1.435210766778209,0,0.41211844749806525,4,6,0,0.4178065887207748,0,1.0669270886305677,0,0
984,0.3872992534154456,1,1.2988219121690021,0,-0.021556525199013965,1,2,1,0.5331615399628707,0,1.2537690248128313,1,1
465,0.4643659673170644,0,1.516704169114913,1,0.5443954056906023,2,1,0,0.5168989569123235,0,0.7411877087795592,0,0
657,-0.09128996917018717,0,1.616002856084677,1,-0.27306389352541516,2,5,0,0.3968673579370038,0,1.066789119816436,0,0
1563,0.7902132346409365,1,1.4513318897498217,1,0.1186774634396296,4,6,0,0.5837725593521808,0,0.8787148178130936,1,1
2364,0.935500687762731,1,1.3948404700291002,0,0.9201940270360234,2,1,0,0.6375179892654879,0,1.1597730344831652,0,0
1678,0.9836195552254481,0,1.5854897516431086,0,0.9684983813569525,1,5,1,0.3494113322264728,1,1.163177515848425,1,0
527,0.7275134231714482,0,1.3865055640250534,0,-0.3178618089885704,2,6,0,0.4768751612957271,1,0.8846831809571023,1,1
1845,0.5326584914541364,1,1.586749210104938,0,0.24424770887097635,3,1,0,0.4555769803872163,0,0.9385973325809783,1,0
795,0.8236056849991178,0,1.4857111932959848,1,0.3456636105219349,1,6,1,0.3959141479429852,1,0.7953185689053818,0,1
1622,0.49036200126575874,1,1.2314002474327408,0,0.4846035093125404,1,6,0,0.47669998373840156,0,1.0760784778487038,1,1
1389,1.288662973081553,1,1.6212395119501044,0,-0.12656468902037243,4,5,1,0.5843519286027088,0,0.7559065730747203,1,1
117,0.6787463020163826,0,1.472647339470573,1,0.6417200584775145,1,5,0,0.4678690921688583,1,1.1837482912628887,0,1
370,0.5948802460080292,0,1.5218739416656863,1,0.6569349846330191,3,2,0,0.5575874257415037,0,0.8265359025167752,0,0
1398,-0.043159877313751815,0,1.6066154307383003,0,1.1725871510395152,2,5,1,0.5411093012606478,0,1.14257701284543,0,0
988,1.1884964155160098,0,1.440021373323494,0,0.3815830854746381,4,6,0,0.30556152083399757,0,0.966882252412783,0,1
367,0.007152124338433319,0,1.5453345199302353,0,1.3410862602406652,4,3,1,0.4665923273916167,1,0.7495758037013337,1,1
596,0.47532895566489114,0,1.433175617429081,1,2.091902209538186,1,4,1,0.426142213498671,1,0.9035137701477955,1,0
322,0.33056224789735644,0,1.543015541422809,1,1.1899743661719318,1,2,0,0.49747199011006255,1,0.8242526028031474,1,0
1319,0.7894076062707871,0,1.3525867435529628,0,0.7511394159470477,3,5,1,0.3889225875409946,0,0.8337870347354044,1,0
2006,0.013145174737592358,0,1.3182937559636463,0,0.39845797608493516,2,6,1,0.5401131444290193,1,0.9901726240924249,0,0
1184,0.7461858101398888,1,1.4464075040330084,1,0.8112794971937356,4,1,1,0.460892445284576,1,0.8486996295467766,1,0
182,0.4405671255525484,0,1.467338994954672,0,0.9516574732708443,3,4,1,0.33553675700182883,0,0.9575754233440383,1,1
372,0.34701942649231776,0,1.478165726557926,0,0.5795136857297523,4,1,0,0.5229252608271935,1,1.0442318619477189,1,0
2128,1.130515435749095,1,1.5423027137415901,1,0.15463560245963193,4,6,1,0.646458865261524,1,0.7898578713705819,1,1
204,0.10905408904424757,1,1.7095500509926456,0,0.5400149874440394,1,1,1,0.4326335303339733,1,0.9943651164751932,1,0
204,0.908935234355377,0,1.4876940072466993,0,-0.0841209532483308,2,5,0,0.4092175208001637,0,0.7568414535423147,0,0
888,0.49198115867741454,1,1.395495531307227,0,1.1173825917119098,3,4,0,0.5770157279477295,1,0.892695189554408,0,1
256,0.7960005680238391,1,1.5052815317603248,0,0.5263041046296328,3,6,0,0.526003788549422,0,0.938010512565971,1,1
2321,0.6860511254744608,1,1.4660816435994795,0,1.349841368245948,3,6,0,0.4153821541365729,0,1.0509391499739362,0,1
1927,1.2981210102026353,1,1.3174792568746185,0,0.6458519905628183,2,1,1,0.4367106019236447,1,1.2356516505721036,1,1
1851,0.34914248201385173,0,1.4026814624841542,0,0.5463743836551129,3,4,0,0.36105475514801316,0,1.250128941068871,0,1
551,0.6182412886767332,0,1.3084348650894466,0,0.18584069635676165,4,2,1,0.4718954744334128,1,0.9135925111532422,1,1
2099,1.3240069232892262,1,1.6549298458626982,0,0.6367230172632004,2,2,0,0.40965302698730666,0,0.7478904629404345,1,1
1512,-0.031177926179263182,1,1.5969851721783976,1,0.23011726667030452,3,3,0,0.6121258136331238,0,1.1093764252966376,1,0
1433,0.9777910604531916,1,1.4669805527109518,1,0.8902092134532151,1,6,0,0.5202786032402164,0,0.8950961756447864,0,0
1462,0.593626792875439,0,1.515806879917213,1,0.3392866385581798,3,5,1,0.48217338432951556,1,0.6938566590325658,1,1
290,0.7103849755711936,0,1.359182335302038,0,1.0623663458979768,1,5,0,0.4854877854445032,0,0.48456657642421874,1,0
2087,0.5366276367537386,0,1.418218833587069,0,0.7186963581695267,1,3,0,0.48980022652588007,1,1.385672560325567,1,1
1526,1.13831500290897,0,1.4773604526402282,0,0.9614009882139822,1,3,0,0.49869066791171707,0,0.8428195448437829,1,1
1767,0.4276507605538677,0,1.5662904184013837,1,-0.19275762991765388,1,2,1,0.5520494459553645,1,0.7799440687140954,1,1
2202,0.5952181014090244,1,1.6377758424484727,0,0.22864178047926997,4,4,1,0.38319415537210705,1,1.021742392270046,1,1
441,0.45426840305601107,1,1.551758475778898,0,0.48044618306483544,3,4,1,0.41447696821348967,1,0.8704447299690474,1,0
612,0.6796277618950399,1,1.5106541372150575,0,0.43432227140201796,1,1,0,0.5025151546001012,0,1.0587529431705682,0,0
1064,0.5047920385613667,1,1.5066117258431753,1,0.5097525065081976,4,3,0,0.37745383232833957,1,1.0396527055927922,0,1
44,0.2140930981397381,1,1.4624825894749236,0,1.3511820650572512,4,2,1,0.4085080742951084,1,1.0126417334049131,0,1
434,0.21926706544251012,1,1.3181863303201826,1,1.637848959327414,1,4,1,0.5476926224818448,0,0.9485677264995507,1,1
1189,0.3817602147699445,1,1.604761457186565,0,0.6732599206385828,1,3,1,0.43635658070222133,0,0.9608692061325491,0,1
946,0.34132794558298785,0,1.5570591863186827,1,0.6325553750655477,1,6,0,0.43018850372934614,1,1.120192555806467,1,0
840,-0.2010930139753495,1,1.5762638633987704,0,1.1137337723071477,2,4,1,0.3755558680166013,1,1.2289127429049744,0,1
2219,0.2874935953379063,1,1.3550443524596436,0,0.012307768487476611,1,5,1,0.5039533162212599,1,0.7046113413118702,0,0
1851,0.6486038827051924,1,1.4304405346117486,1,0.46241316404762184,1,4,1,0.5938829450094087,0,0.854711531818716,1,0
367,-0.015691970250180542,1,1.5186180694976323,1,-0.004627989102780061,1,6,1,0.22700157388367387,0,1.2711531631232884,0,1
21,0.4137080002332787,0,1.55047593759887,0,0.7117612550803953,3,1,1,0.47683849290755864,1,1.1073676630824811,0,1
574,0.16994405674279578,1,1.6809493715418806,0,0.520684492266668,2,3,1,0.3976112695863908,1,1.2304714043798162,0,0
379,0.08407013428764987,1,1.389312620084693,1,0.7087942230246731,2,2,1,0.44972456152498913,0,0.8390672316771564,1,1
991,1.1977979544641713,1,1.5742461775753789,1,-0.8220012930055816,3,6,1,0.46493273493478277,0,0.7225189298089317,0,0
986,-0.1368715544709711,1,1.5525176959368974,1,-0.008549047982217783,1,6,1,0.5384472551948803,1,0.7269254907983742,1,1
59,-0.54379607377535,1,1.4788591028914688,0,0.8093767673834373,3,4,1,0.4445999297595842,1,1.2438582753115692,1,0
953,1.0825672694035924,1,1.2511822275023916,0,0.07284700256587223,4,6,1,0.6574734758729998,1,1.0165933393181539,0,0
1399,1.1060931379988088,1,1.6214262459366549,1,0.03576510351661705,4,1,1,0.5134148146739479,1,0.9220851110434197,1,0
1096,0.5667524757900961,0,1.556390488488024,1,0.9645400461399091,2,5,1,0.5096117160057744,1,0.9038902762614612,0,1
610,1.0074262739897477,0,1.6371484071468847,0,0.3058780048227854,3,3,1,0.6451656653536141,0,0.9337195334346958,1,1
674,0.5109872959981328,0,1.484283454657858,0,0.2573404136775247,1,4,1,0.44575346892304013,0,1.0129927021239284,1,0
1354,0.6021882893287629,1,1.469415560122956,0,0.6811696343896896,2,3,1,0.40992772039409553,0,1.195694469800341,1,1
62,0.24858152868176553,0,1.3156567460814157,1,-0.6173046599532273,1,3,1,0.633880499701649,0,1.0487952847353246,0,1
2035,0.4094967552313256,1,1.5983746827561771,0,0.3829515365550237,1,2,1,0.5844387114313777,1,0.9425092583999013,0,1
562,0.7756441193374127,0,1.4334711995611984,1,0.6413016226440243,4,3,0,0.555479548252085,1,0.8973706442467252,0,1
2106,-0.14237085407667194,0,1.5225416846495923,1,0.4020859849534042,4,3,0,0.30936559004722763,0,1.4469507394326777,1,1
561,1.205000969030404,1,1.5549613327835523,1,-0.10986362078370926,4,4,0,0.4627634220149534,0,1.1453387525687049,0,0
2044,-0.5420419298936288,0,1.3645843579793737,0,0.9046952560194432,1,3,1,0.5511454692780409,1,1.0891914547104242,1,0
885,1.315338910457342,1,1.617520355782275,1,0.4985167646151879,2,5,1,0.43042644820040243,1,1.1727389762187788,1,1
1136,-0.16869577302269978,1,1.2984083498901717,1,0.6307037461050589,2,3,0,0.5162984615611647,0,0.8987040374961064,1,0
2302,0.6607875037075128,0,1.4618165011064346,1,0.28200363557807884,2,2,0,0.4367853474941505,0,0.9947928740530214,1,0
577,0.35858479237031193,1,1.5166523265679914,1,0.7854105030663615,4,1,1,0.5218427214849474,1,1.0399041704459129,1,1
471,-0.4055417012164727,1,1.6263219335925658,0,0.7758078999308597,3,3,0,0.39839992462249774,1,1.0713826018874664,0,0
1262,1.11206307640201,0,1.4898008953506672,1,0.00948367629618252,4,1,0,0.43494036122498037,1,0.9767113062617159,1,0
1578,1.042336127273824,0,1.3996258889766633,1,-0.2105596227160702,3,2,1,0.4753293588980102,0,1.0212713115010676,0,1
762,0.2613168439409585,0,1.4185950724108698,1,0.971965970092523,1,4,0,0.42381443449295403,1,1.0309806867662108,1,0
658,0.5464741599398066,1,1.3540469330560836,0,0.3938775686086789,2,4,0,0.5850995875908687,1,0.8846784469252394,1,1
568,-0.053684562047713213,1,1.4081703189351207,1,0.4308553166630628,4,1,1,0.5613441366016072,0,1.17609957867016,0,0
2302,0.3837631157666968,0,1.441819461896866,1,1.1519973924144316,4,5,1,0.46484607058650146,0,0.8980006510573525,0,1
1682,1.3431857664741123,1,1.5460959744693077,0,0.9072885635259256,4,6,1,0.5079334212357891,1,1.244633806897294,0,0
1453,0.14381361895105943,1,1.483220979239513,1,0.6826024750536728,4,2,1,0.47223672815373435,0,0.8240459426998176,1,0
416,0.5593341357770361,1,1.4534334261150426,1,0.5199676773696476,1,4,0,0.39127613736118094,1,0.908113310854124,0,0
1181,0.011577906992263742,1,1.4877730415054229,0,0.33203486145800953,2,1,0,0.5202431106787464,1,0.8577358112076706,1,0
1636,1.3056850248184118,1,1.47967223064699,0,-0.1593605697335223,4,3,0,0.49196942788507503,1,1.4020814170370532,0,0
2229,0.9680968568539087,0,1.5850143173703077,0,0.7075437973670851,2,4,1,0.47476090643741437,1,1.0341518253087485,1,1
256,0.8777632640733422,0,1.5648492214739465,1,0.2951177204896156,1,2,1,0.3618546640778354,1,0.8859683459542648,1,1
1696,1.0539943722898613,1,1.4231571227795579,0,0.0811163128828089,4,2,0,0.5351141731411986,0,0.8193733752214556,0,1
876,0.10051499878532416,0,1.4716142956071323,0,0.6962135423888269,4,2,1,0.3462673463072591,1,1.006265270623652,0,1
119,0.40944061391317577,1,1.4693280674908737,0,0.6173189854777394,1,5,1,0.40756607138234785,0,0.8922973373596252,1,0
789,0.19788872814117364,1,1.513820251439471,0,0.4739287831146285,1,3,1,0.36732427286617786,0,0.663942743588731,0,0
354,0.637149045968806,0,1.4232283093269016,1,-0.18151750918043152,3,1,0,0.503986017438748,1,0.9780124576181465,1,0
1774,0.8800115155890165,1,1.561512913933734,1,0.5070093213693734,2,6,1,0.5119338506075303,0,0.9970063684206761,0,1
1639,0.42138181442334915,1,1.4491236995144006,1,0.2966596973806961,4,6,0,0.44933827371908525,0,0.9458168485347026,0,1
1662,0.1529217226840653,1,1.4934494659408277,0,0.27822710566057307,1,2,1,0.5346698624915516,0,0.8155037788333566,1,0
1059,0.23125530231904395,0,1.4580113231990295,0,-0.4590847246058334,3,5,0,0.600473345833292,1,1.013490531605793,0,0
707,0.29253292903580197,1,1.53414904966416,0,-0.027961049604232957,1,3,1,0.6023683639177165,0,1.1269332710136337,1,1
1705,0.6915623702268892,1,1.5131417623747927,0,0.3977153423847242,2,2,0,0.43336927647154644,1,0.9563484847112224,1,0
584,0.4745395036304201,1,1.5209205712183247,1,0.14970476838315944,3,1,0,0.6200276028676133,0,1.0799598501328154,1,0
1804,0.18553233777853373,1,1.4887255609224022,0,0.19444494016280223,4,5,1,0.43900703522883344,0,1.0825213106995102,0,0
976,1.2397431539505144,0,1.3418829135682002,0,0.5655185191455954,1,5,0,0.3255448812852988,1,0.9646289052075022,1,1
1907,0.3716246014451008,0,1.5994228043216485,0,0.9185301603194583,1,5,1,0.34119302302092785,0,0.8872545939056471,0,1
1978,1.0716251650261148,0,1.4232661300613936,0,0.7372555446785476,4,2,1,0.3443832769652155,1,0.7233917695000415,1,1
917,0.9074621740006146,1,1.4710599278134115,1,0.5707269796607507,2,2,0,0.5070992923276901,1,1.0113428777154714,1,0
409,1.041766624492634,0,1.4525378317256192,1,-0.027692269543927228,3,4,0,0.4954784445139629,0,0.7030224704529271,1,1
1214,1.3673758513183403,0,1.6867152380010715,0,-0.07231478998732754,1,3,1,0.49547757594183095,0,0.7143114826313153,0,1
2077,-0.13446224039612498,0,1.5542784498203983,0,0.8535306700747014,4,4,1,0.6021620116872568,0,1.0503340698765018,1,1
378,0.5084523016221674,1,1.3047283231488234,1,1.1383064861309673,2,3,0,0.5208305973571887,1,0.8790529658919206,1,1
199,0.9163270323958983,0,1.4930877513456045,1,0.014291528888486782,1,6,0,0.48828717625337587,1,0.946769899217486,1,1
458,0.6338774140674694,1,1.5813962701224389,0,0.3388931618133084,4,3,0,0.3732687902701576,1,1.0428798844558709,1,0
1237,0.5140176835174152,1,1.6249916907141213,0,0.1799394282250648,1,1,0,0.32556083749191644,1,1.1133869271270103,0,0
88,0.5168991792956742,1,1.629977627201536,1,0.5282253780909952,1,1,1,0.6236145657149149,0,0.8395318289167333,1,0
1148,0.15945828279013224,0,1.6136721092166624,1,0.4434584396643641,2,2,0,0.5735193766190216,1,1.0410441319716714,0,1
1360,1.5155199395665686,1,1.3128164626147254,1,0.10508956990836221,1,5,1,0.5619018446327189,0,0.6037261316444547,1,1
857,0.08560813636744191,0,1.508098123740323,1,0.2613588919435471,1,2,0,0.5346184725349522,1,0.9970627032136995,1,0
209,0.33001282304721247,1,1.5226927972636994,1,0.39427279164295365,1,1,1,0.4781835397356623,1,0.7899487746773928,0,0
2106,0.49510247988272577,1,1.4695934738400416,0,0.30484306725727894,1,6,1,0.48436912311409674,0,0.9058267629607641,1,0
2065,0.4190839020679268,0,1.4769425054534373,1,0.42299513882251377,2,1,1,0.584937620657022,1,0.9990888512286834,0,1
1150,0.7790986662988185,1,1.614110695101727,1,1.2284856959089727,3,2,1,0.5854498190593832,0,1.3161912988027686,0,1
1040,0.4812752790699269,0,1.2874547812702757,0,0.7621088068945413,2,3,0,0.42005696013965466,0,1.2651286076226618,1,1
1796,-0.11481840822403833,1,1.4111939894913184,0,0.7311426378882251,4,3,0,0.39013696253878544,1,0.8616868276251054,0,0
1883,0.971792280927555,1,1.3532485944018082,0,0.046130818025905684,2,5,1,0.600394208262797,0,1.2671616579735574,1,1
2207,0.7032186869874655,1,1.3454599944895063,1,-0.12048933720160682,4,2,1,0.40846908396866183,1,0.9377969324513433,0,0
809,0.6787027568211497,1,1.3586263238945633,1,0.6948051457252915,1,3,0,0.5483289777435977,0,1.0002395315559265,1,0
1926,0.7129904439170711,1,1.727428439184995,1,1.1367433309864212,2,1,0,0.47933776737016265,1,1.1679121303974058,1,0
2341,0.04054147973916794,0,1.4779518774818385,1,0.26866471650408663,1,6,1,0.5450455214893841,1,0.7601320336618864,1,0
610,0.23164506580404393,1,1.568192670503835,1,1.0047467084524313,1,5,1,0.46693399393258506,0,1.0742431781543034,0,0
2198,1.0931057319394808,1,1.466592659180879,1,0.5004040608785256,3,2,0,0.4931601117298506,0,0.6850542979030709,1,1
140,0.29549413064316865,1,1.5731442421052002,0,-0.4066717595827176,4,4,1,0.5360457545579512,0,0.7822270609505113,0,1
1238,0.7135800499802681,0,1.5802584309099397,0,0.15469497623977996,4,5,1,0.520765904554212,1,0.7022900061687047,0,1
732,0.9292799998244754,1,1.4961127226916178,1,0.4444160648814749,4,4,0,0.4880610921878088,1,1.089833491104605,1,1
706,-0.05141404742325428,1,1.569161959083845,1,0.045714177578276116,3,5,0,0.2881887531147633,1,0.7945331163032874,0,0
1174,0.39860436368119745,1,1.5275648540084028,1,0.5188181425826864,2,2,1,0.5313399847559431,0,0.9221066862676889,0,0
1208,-0.4662205764571673,0,1.4371516085197988,1,0.22881948248528183,4,5,0,0.39488035100561514,0,1.1655982317426985,0,1
1707,0.450351945150357,0,1.5872322199034177,1,-0.8639719061824027,1,2,1,0.5741151438531319,0,0.7038246718186592,1,0
1812,1.3815813356695916,1,1.4710829215586416,0,0.8295863300150773,2,6,1,0.35292886726639683,1,1.0100787947955254,1,0
1873,0.6859783489356055,0,1.3716364633590774,1,0.7442848285722474,4,2,0,0.3637674219546173,1,1.040442071129643,0,0
981,0.5614590513090182,1,1.470627258588145,1,0.16873233752550038,2,4,0,0.601994637478998,1,0.668709640617301,0,1
1380,-0.30838229112768367,1,1.4582562863937563,1,0.503658798425372,1,5,0,0.5782950248530243,0,0.6043280683479197,1,1
665,0.0676566132070579,1,1.5550876444025115,1,0.08728097781781852,1,2,1,0.41900080999976896,1,0.9115810400804042,1,1
1685,0.7183365381751816,0,1.51900024843935,0,1.4834164388006736,4,2,0,0.5005011050002535,1,1.2153704737243407,1,0
2000,0.3542377884400697,0,1.4132527527999899,0,0.15978926233739776,2,3,1,0.5366927241703298,0,0.8277545396252277,0,0
1958,0.9462674776612645,1,1.3965826805684582,0,0.7818381119150615,4,5,1,0.4767770450406303,0,1.3515443685147128,1,1
1078,0.4457198500895172,1,1.476097602599998,1,0.6777340898057703,4,2,0,0.4974782545086991,1,0.7521083691507484,1,1
101,0.5522363607666535,0,1.5318040668843145,0,0.041435598055534484,4,2,1,0.5052325267275342,0,1.1272416119921416,1,0
92,-0.016352261245985655,0,1.5858495088588853,0,-0.05859791697675498,3,3,0,0.48843102596804266,0,0.9285896452727441,1,0
2336,0.38012718058273676,0,1.4489792620804633,1,0.9570596983753457,4,3,0,0.4775580347535226,0,0.6498927683381788,1,1
221,0.2190488687672204,1,1.3840397593503404,0,0.5176408431680166,2,3,1,0.5284389262779176,1,1.039714917214534,1,0
1845,0.7106407415092735,1,1.5458343809037356,1,0.6438184591957417,1,5,1,0.5265616382215892,1,1.0075942369161899,1,0
1256,1.1977487994488736,0,1.5213174217480818,0,0.7020652844737513,2,4,0,0.5195870509522709,1,1.1250269211890174,1,0
277,0.16573797631909415,1,1.5699541911765305,0,0.5802302491749406,3,1,0,0.4112004693219326,1,1.26368001405213,1,0
2030,0.6114317627367615,1,1.4632408511844404,0,0.5719078634135838,4,4,0,0.49782588485042023,0,1.1303902073247043,0,0
1104,0.5891340664082068,1,1.5991399592672741,1,-0.25274656417931685,3,2,1,0.3198078303922406,0,1.2540795773582567,0,0
831,0.16922764824749925,1,1.4926354111360591,1,0.13686575716885774,3,6,1,0.5156570255902061,0,0.6971292571903698,1,1
1444,-0.31871548129130123,0,1.3614520561078642,1,0.2950128702225955,2,2,0,0.5877233516597273,0,1.2359559258489794,0,0
1269,0.32479056421182134,1,1.5817687740285107,1,0.09519371218303141,1,4,1,0.4951278200954015,0,0.967585898681818,0,0
2083,0.6064783041549766,0,1.6132664581191078,0,0.7559422144883056,4,4,0,0.47675757924876355,1,1.1082840151371924,0,0
119,0.0508690809538877,0,1.6306678862120132,1,0.23194957932012056,4,4,0,0.41283980750621635,0,0.9309637150123372,0,0
234,0.4692782032570783,0,1.7131804631738028,1,0.8408086507599288,2,6,1,0.4524297953073274,1,1.153546633518911,0,0
176,-0.09346452202649136,1,1.5792170914551014,0,-0.09427759259917656,2,4,1,0.4523475446535139,0,1.0559426365371207,0,1
232,0.4968355190645702,0,1.5405320837985315,1,0.3836058834809554,4,1,1,0.5112594673321691,1,0.7636416870991364,0,0
94,1.0748636025995264,1,1.5630907692773153,1,0.6245433979285919,4,5,1,0.2662607042257913,1,0.9328787045670162,1,1
81,0.12071425990402468,0,1.451500880788313,0,0.1935408255569248,1,2,1,0.49649558932549553,1,0.8853365706365156,1,0
438,0.8322986082527735,1,1.5139693706334854,1,-0.20887634840091063,2,5,1,0.41574922934076985,0,0.8434008784563508,0,0
1352,0.26100320454090986,0,1.5160355838128539,0,0.9669142927187172,4,2,0,0.6085377075567697,0,1.313081099457111,0,0
1301,0.28317613200189357,1,1.4679650974366711,0,0.7560417570697656,2,1,1,0.42800516492271595,0,1.0418495675012729,1,0
2230,0.030211777496351566,1,1.4559874870160303,0,0.16958292352270343,1,4,1,0.5165540088847311,1,1.0334171245365493,1,0
8,0.6410500958254303,1,1.5002516040260419,1,0.31999522876494557,1,5,0,0.5563141155454872,1,0.7151799527140135,1,1
1488,1.02522489453717,0,1.3575753985794758,0,0.9565246962391494,2,1,0,0.4995627161246117,0,0.9006277707982324,1,0
1205,0.43868434371507004,0,1.494611238637771,1,-0.8811354915733773,2,4,0,0.44335636488869173,0,0.6000001785330942,0,0
1933,-0.1946118859668532,1,1.4935619246612486,0,1.2855234374065592,4,2,0,0.5124189862030764,0,1.2086255726831896,1,0
866,-0.01831232479901801,0,1.470956806555784,0,-0.1401650196721388,3,5,1,0.42672884780094106,1,0.9993817829000989,1,1
1932,0.5117972092133568,1,1.453168002998542,1,0.8311590324156438,2,1,0,0.49795127514855636,0,0.9499431586456689,1,0
2304,-0.03795777791959587,0,1.4761746648038554,0,0.13503677232495853,3,6,0,0.3273007815429678,1,0.8014740264725795,0,0
100,-0.12973813288880087,1,1.3525620848617708,1,0.2913369725543382,1,2,1,0.4015707683830434,0,1.035229271575725,0,0
582,1.1697737995177482,0,1.5389313478432762,0,1.2193579030041237,3,6,1,0.3692114975430471,0,1.0955662444112102,1,1
1092,0.9702544956063188,1,1.4167762608990309,1,0.26617933012407624,3,5,1,0.6155939405950677,1,1.0535672577836706,1,1
429,0.7500757339165453,1,1.7113128474609611,1,0.03606172968790694,3,5,1,0.4606120333518724,0,1.0121900987743984,0,1
1781,1.1957307290438286,0,1.471599822355561,0,-0.2094407743056772,4,4,1,0.42676941246010763,0,1.0647809114639535,1,1
986,0.36899869876252556,0,1.383819215361823,1,-0.09082939254226308,4,2,1,0.5997090196097029,1,1.063908841173593,1,0
2044,0.7236231804933971,0,1.4825405274643124,0,0.2691971429657984,1,3,0,0.4135986779985149,0,0.86731680868232,0,0
958,1.1815070921118063,1,1.4327356536374396,0,-0.866997779274737,3,5,0,0.5781460909763609,0,1.0950348956308982,1,1
960,0.8024757956225057,1,1.4688811796086882,0,-0.06177932806437869,4,6,0,0.4689952802841096,1,1.0080854340890775,1,0
1656,0.43086189443640954,0,1.7450387531857434,0,0.4442216890613515,2,4,0,0.493970958287102,1,0.9171250041766938,1,1
1245,0.5737332594470207,1,1.6473125010313094,0,0.9340250446165037,1,3,1,0.5333894929979351,1,0.776935295090552,1,0
1371,0.5566188782498036,0,1.3689557141366226,0,0.8445905660937125,1,5,0,0.5410401412775361,0,0.8176772976694373,0,1
2190,0.6019838274302004,1,1.5477633830740585,1,0.3831132459800211,1,4,1,0.5555225310502045,1,1.0892782805315715,1,1
3,0.13663094664377523,0,1.5932505074512964,1,1.8704063807049078,2,2,1,0.4318258761140684,1,1.009710192100263,1,1
2248,1.0939244574306073,0,1.5670732561607288,1,0.10049419406111021,2,4,0,0.3869564156345956,0,1.0281421013292495,1,1
509,0.8458548278011367,0,1.511678128478338,1,0.0196495879661841,4,6,0,0.4655935360207176,1,0.7663932071125118,1,0
682,0.37570075114898893,0,1.5021890874476613,1,0.7166183938915356,1,5,1,0.48947785747509176,1,0.7867607179988022,1,1
2150,0.447918951788958,0,1.3141601936788323,1,0.19282772236912377,3,1,0,0.347833365762192,1,1.073435566921304,1,1
2231,0.7522410119353874,1,1.2325636330530552,1,0.16246825972174672,1,3,0,0.4976232316517398,1,1.0873522182772235,0,1
1889,0.272351428061272,0,1.3829131249714195,0,1.3699952395522956,3,2,0,0.28197449220444687,0,1.1432642906193093,0,0
1993,0.6341954574550204,1,1.5032850267085944,0,0.9055218936011966,1,2,0,0.4972545257035556,1,0.91112237822699,0,0
156,0.33923007549622575,0,1.4761769609374513,1,0.6326819112304171,2,6,1,0.6373818191216567,0,0.9565032231462374,0,1
147,-0.04706377321623478,1,1.1391683261129297,1,-0.01943877114998893,3,4,0,0.36381559847497325,0,0.8583757656865812,0,1
364,0.49897237271394407,1,1.4557711700035432,0,0.9603149237356818,3,3,0,0.6076604007849968,0,0.7058846495367785,0,0
395,0.6770767513106055,0,1.5382235599323884,0,0.6299246646682661,3,3,1,0.3936381843606064,0,1.0336637319401698,1,0
1368,0.9296596346426698,1,1.450374859677725,1,0.7633226899558119,4,4,1,0.3475627401912817,1,0.9793356676506934,0,0
1814,1.0963941956448384,0,1.3170050018394632,0,0.4797784349912934,3,3,0,0.527240879221883,1,0.8896094324218395,1,1
2266,0.2291844069791943,1,1.3620677314184708,0,-0.29301416718678475,1,3,0,0.5735897475554881,0,1.3925249088734186,1,0
667,0.6481368080857438,0,1.397241887645719,1,1.3710626968084516,3,5,1,0.37082291361988895,0,1.0818969227467277,0,1
1959,0.8727435812058704,0,1.4925331167416498,0,1.4219810738173346,4,4,0,0.5161588694048626,0,0.7769301734306854,1,0
61,1.0336649917585976,0,1.6143284145966814,1,0.9136701744801117,3,4,0,0.5023243367503466,1,0.9362803832153109,0,0
1155,1.2274665614335714,0,1.5092991351828575,1,0.6302577395865115,2,5,0,0.39963500837060617,0,0.7606506749934457,0,1
709,0.24247064330268603,1,1.4437183377306146,1,0.11928905052045685,2,2,1,0.5583328918471935,1,0.8713181179303516,0,0
536,1.079060661962155,0,1.5467988828789672,0,0.6784369454848067,3,4,0,0.5230150682201069,0,0.7819708622160467,0,0
1399,-0.3447986682493327,1,1.5131686172571017,0,1.0267894913665403,4,1,1,0.5373674148560369,0,1.0365373819581523,0,0
111,0.4726490205673494,0,1.4237685651246013,1,0.07285539582040218,2,5,0,0.40691501290629584,0,1.1815387290852217,1,1
1419,0.4608241439880826,0,1.4401449824361374,0,0.44773634251592764,1,3,1,0.7493259696598689,1,1.0878830539088904,1,0
358,1.2156022970979208,1,1.4626795024078987,0,0.5824773139638971,2,6,0,0.4838943752895132,0,1.0373662036416849,1,1
1683,0.653737589032793,1,1.6212261048333578,0,0.06047452208728549,1,2,0,0.32809050092285336,1,1.0452331980626035,0,0
783,0.8888284127615323,1,1.6752176057426595,1,1.2797587380275328,1,3,0,0.5190071414271947,0,1.1749637174642171,1,0
220,0.046908770896149976,1,1.6286247941054293,1,0.287753402284891,4,1,0,0.33954638343509086,0,0.7939687815458438,0,0
1421,0.7020995727346422,1,1.368587395146087,1,0.7484898289291061,3,3,1,0.4458230094682817,0,0.8559152639986198,0,0
1123,0.9785504371327393,1,1.3349015983031864,0,1.0343105717624987,1,1,0,0.594850480355449,0,1.079287196655963,1,0
247,0.8470927039248717,1,1.575453759238955,0,0.4940613877749845,3,5,0,0.44305493546969243,1,0.840245955703466,0,1
1310,0.4467910620545137,1,1.6591729601519571,0,0.2796200200660325,3,2,0,0.46509282733840474,0,0.9461544710462009,1,1
541,0.5923599528208057,1,1.560769635325846,1,-0.23053219961888938,1,2,0,0.39643385333512476,1,0.802547309079464,0,0
2198,-0.8741157269345405,0,1.335472955834264,1,0.19649932489338495,3,1,1,0.46454891981190366,1,0.7921057163614205,0,1
1562,1.0262332513042713,1,1.6477755946768058,0,0.3510731429434072,3,1,0,0.4416143899136916,0,1.0500173753391548,0,1
2007,0.9431837903188833,0,1.5754874208734118,0,-0.2735748220799681,3,1,0,0.5439338898303641,0,0.8314192975934976,0,1
2137,0.12118826421038115,0,1.4811808352108249,0,0.5520833691254885,2,5,0,0.42348946795378234,1,1.0723823190678823,0,0
484,0.6191163655601352,0,1.3869269546440521,0,0.4746216943326673,4,5,0,0.4435455180584742,0,1.161711297285318,1,0
1175,0.2262228724013139,0,1.4628999138515615,0,0.034618365466691,4,2,1,0.5018441305598407,0,0.5942101696601553,1,0
483,0.3646052349261901,1,1.4679710566113156,1,0.23024045068643373,4,6,0,0.46478974091436565,0,0.97618071851444,1,0
1909,0.8019551816043995,0,1.5531622708440558,0,0.34127963716378,1,5,0,0.4974052996240511,1,1.2772178010006754,1,1
1205,-0.006823778885957643,0,1.5002744056374708,1,0.3536989846329317,2,5,1,0.4062629379977508,1,1.0355045613995728,0,0
435,-0.14375623890855627,1,1.4055722023457216,1,0.41838460234278574,3,3,0,0.4432552164940849,1,1.027936619778376,1,0
600,0.5119444838827593,0,1.6131534383008268,1,0.4453681675106043,3,6,1,0.561066937110983,1,0.6790831591665519,0,1
837,0.9034676674141104,1,1.4449939126052391,0,0.5532223653238475,2,6,1,0.4616136397127892,0,1.1768448972042358,0,0
1059,0.46763258204560676,1,1.5660840809774268,0,1.1493332090799617,4,2,0,0.5344856929996977,0,1.1722573268040823,1,1
971,-0.08020068354292353,1,1.5280102771060677,1,-0.04940074765990399,3,6,1,0.5207502361046135,1,0.6498246874308078,1,0
921,-0.3861975141444556,0,1.5728824926885738,0,1.4996377835239727,3,1,0,0.20895520624257619,0,1.2372143053402396,1,0
1351,0.7816955488717312,1,1.5013678920902864,1,-0.1578625439852287,1,2,0,0.43992035473619123,0,0.7008374340318779,0,0
1752,0.49225161485583724,0,1.4601166168077064,1,1.236101448269216,3,1,1,0.6239989319327968,1,0.8637019663948741,0,0
2235,-0.1322834210798376,1,1.5400742881646499,0,0.9955603757140595,3,4,0,0.3223608175151216,0,0.9069353759339478,1,1
546,1.0515976534491076,1,1.413384670356713,1,0.9329945562396372,3,6,1,0.6469031664932784,1,1.0872272098521083,0,1
1059,0.4362619586589638,0,1.5318682251708806,1,0.9107897511098113,1,2,1,0.3957267494472593,1,1.1433148993074371,1,0
1162,0.2501239431561991,1,1.5063526291044236,0,0.5724566486209223,1,4,1,0.4993511847521386,0,0.8483772182949453,1,1
1464,-0.28280891301239564,0,1.5126335491502834,0,-0.7401933659721429,4,1,1,0.5701515100632513,0,1.2744076584913067,0,0
984,0.7663348153772577,0,1.6031940583679318,0,-0.529999374613833,2,2,1,0.3373069821915807,1,1.1922216406215687,1,1
386,0.9551778493807123,0,1.4924054677684608,0,0.9216403252487784,2,4,0,0.6787787984771073,0,1.082094057027081,1,0
181,0.2638455471467089,0,1.592623105779081,1,0.8247375762411664,1,4,0,0.49123996435059747,0,1.0401324404459693,0,1
297,0.49397939001742086,0,1.6763608925281335,1,0.021134415512596705,2,6,1,0.4085570822212343,0,0.9026646784787375,0,1
1742,0.6785394390569978,0,1.5111497194273191,1,0.24070237583084336,2,2,0,0.46088730048568227,0,1.122772354654535,1,1
103,0.28858464727058974,0,1.6337764263649062,0,0.22868983533125148,3,2,1,0.47944454050695134,0,0.4717251975187819,0,0
359,0.21582241483453313,1,1.5085122634234809,0,0.9224301910094641,2,6,1,0.45339608697088474,0,0.979090003896518,1,0
418,0.5726692267620208,1,1.502514756366318,1,0.5955839981564619,1,4,0,0.41349067607382006,1,1.2300276360254196,0,1
2129,0.6297069841885734,1,1.4736306872341658,0,0.662397443231904,2,6,0,0.4702025355655704,1,1.131541849897399,0,0
598,0.27347025902139943,1,1.5904584193548494,1,0.1876103726490735,4,1,0,0.46698246039544866,0,1.1059824246813148,1,0
792,1.0747196269675099,1,1.415150724490852,0,-0.049349278063298585,1,3,1,0.324499387647497,1,0.8947243541911888,1,0
1532,0.23008745163031213,0,1.437591504023051,1,0.1422929854877873,1,5,1,0.5877328093238339,0,0.8327766327725016,1,0
122,1.5708387341980545,0,1.4055434446600314,1,0.5971409579611667,1,2,1,0.469731887441239,1,0.9599488128736424,1,1
1226,0.36547264426218273,0,1.504285828848723,1,0.06110528544164412,2,5,0,0.4126253668535688,0,1.112037261977044,0,0
1104,1.3495207662009978,1,1.4153250142969243,1,0.6906055643220504,1,1,0,0.5965392245406377,0,1.1124336433727091,0,0
1267,0.7564454642007312,0,1.4541836120771898,1,0.625039794082592,4,6,1,0.5511854124254507,0,0.8223969630799755,0,1
1004,0.01990912824059493,0,1.472146508970839,0,-0.3530626379366696,1,6,0,0.3427388478448584,1,0.7377734568479757,0,0
1987,0.4845322542386091,1,1.353225652721646,0,0.07282066592693637,1,5,0,0.4530223637565194,0,0.930259080534002,0,0
1487,0.2971547442596183,0,1.6926468863270663,1,0.7713116376479856,1,4,0,0.5817608419161581,0,1.1548006946739267,1,1
976,0.4993033735846746,0,1.4301982256537047,0,1.2183831494599486,1,3,0,0.5891624340061437,0,1.1117287476633297,1,0
2312,0.8891614584298231,0,1.402554747219102,0,0.09698073663991508,2,4,0,0.41132801688688336,1,0.8067475504272723,1,0
2127,1.4586561854282412,0,1.565416990209904,1,0.6477679331786115,3,1,0,0.49603381237555877,1,1.0849112468998112,0,0
2051,0.35922679162604115,1,1.3817124618152832,1,0.6186171656802469,3,6,0,0.5329088577476372,0,1.1131593295530613,0,1
1148,0.8555582400127602,1,1.565119283438758,0,0.7900729107108633,1,2,0,0.41106790620583905,1,0.8587997493002385,0,1
632,0.739956591666517,1,1.6656257610728458,0,0.2509826837886947,3,5,0,0.567449420902221,0,0.8408637381153914,0,1
1333,0.46815092197075653,0,1.4563363826289806,1,1.094791807574216,4,2,0,0.47061122693815316,0,0.978955139682272,1,1
770,0.7221380071301763,1,1.601663663575693,0,0.2855794015803755,4,4,0,0.6292650557375532,0,1.0666605487964236,0,0
1401,-0.03606546846163605,1,1.6247171018261184,0,1.2650940373384727,3,1,1,0.4526383560481013,1,0.9878538669633163,0,0
795,0.8934634996056825,0,1.6244716653252587,1,0.46448433515680915,2,6,0,0.4910887520259338,1,1.1417697478937419,0,1
382,0.697936211679121,1,1.6306089318129282,1,0.38710131843548395,3,3,0,0.44181952698364707,1,1.0359370738235345,0,1
1925,0.562530684383086,0,1.5057201052775826,1,0.3536301357298418,4,2,0,0.5966729298380178,0,1.2060507236314841,1,1
728,0.7975338826409211,1,1.5582458699227786,1,0.20008059346811963,1,1,0,0.5117822939385437,0,0.7278934178349858,0,1
1908,-0.10497062026172932,0,1.6885204111184209,0,0.3890522194853425,4,3,0,0.5493815651407364,1,0.9752042715741723,0,1
1060,0.044291677296044274,1,1.4685828525901332,1,-0.1368863164363081,3,4,0,0.6236040470674467,1,1.0007426515069904,0,1
715,-0.10382029121014968,0,1.5623948197147615,0,0.7131197160889783,3,5,1,0.4000910542673303,0,0.7281788427974976,1,1
2119,0.5136520607651832,0,1.5873160483850184,1,-0.4634078005094415,4,2,0,0.46377004613054534,0,1.1945889085436816,1,1
1606,0.3261467938859483,0,1.40398743126853,1,0.5998013063717731,4,5,1,0.47432873911627343,1,0.9044211355965347,0,0
993,0.777898272568823,0,1.4279233148987975,0,0.27302021524773246,1,3,0,0.4215552030913924,0,0.8075211252149117,0,1
509,0.9698039660499007,0,1.4675934896447222,0,0.15242474758460756,1,1,0,0.5597860185390258,1,0.7944747389444835,0,0
739,0.4899552775245527,0,1.5104390434573804,1,0.8710039570858473,2,5,1,0.48372457812885095,0,1.1214124792236024,1,1
2237,0.24732438091382614,1,1.4428357575079842,1,0.01341113191083898,3,1,0,0.466336723203187,0,1.0677435691416697,1,1
477,-0.33336829652787026,1,1.5844968387311529,0,1.1217155025912011,2,6,1,0.4003053448811168,1,0.8709104678188756,0,1
1069,0.9032685633608976,1,1.3601784536352306,1,0.23340420458015476,2,2,0,0.44204691437094124,1,0.985187923545937,1,1
1286,1.0928455317202734,0,1.5481986919190183,1,0.6874327356940072,4,4,1,0.44203680494566705,1,0.8033766166703732,0,0
1652,-0.0887890894841683,0,1.6217364259921208,1,0.24550578230974696,1,1,1,0.537367640836546,0,0.8751761683944619,1,1
417,0.4777168654219936,1,1.5042375613810741,1,-0.08524506416843114,4,4,0,0.5244956565830806,0,1.0555466931748698,1,1
1476,0.3262388625681314,1,1.5908400811983983,1,0.42573634437480257,3,5,1,0.4901855730578401,1,0.9972778976717558,0,0
670,0.2827702154204609,0,1.5361352104337274,1,1.094177832363123,4,3,0,0.33232612337391476,1,1.0877714965527914,1,0
395,0.8079137767077174,0,1.417423538795307,0,1.4134803674185838,4,6,0,0.5359300408761526,1,1.0093155230330912,1,1
856,0.25023401219101926,1,1.533299104692174,1,0.1514171856186653,2,6,1,0.5245720903255273,0,0.953066039388044,0,1
1880,0.4321228007096793,0,1.3936420446598126,0,1.6808238304295295,3,5,0,0.34667361307040145,0,1.0936419553252426,0,0
603,0.853188667204986,0,1.533266749334496,0,0.1367722442175091,3,2,0,0.42911766599973755,1,1.1778340112589234,0,0
1655,0.18638726993103527,0,1.5497446925190672,0,0.9257846986774614,2,5,1,0.36791914253536456,0,1.0256532727451713,1,1
1413,0.4439534951299383,0,1.5545867969016023,0,0.28135454865476994,1,2,1,0.6990174418298392,1,1.1955366007460304,1,0
502,1.0740952564564235,1,1.511922220948158,1,0.47444233630815,4,4,1,0.5625834345220422,0,0.9824779051134046,0,0
1284,0.13315986304078603,0,1.639346397109619,1,-0.2306212729870062,2,6,1,0.46265299770104,0,1.3065001442346724,0,0
2310,0.2653365524810908,0,1.3656281898961826,0,0.9381596362387503,3,3,1,0.47875806884769945,0,0.727049364754469,1,1
831,1.0569583130353064,1,1.4484019061722793,0,-0.08816106988383887,2,1,1,0.33354700121653014,1,0.698362819274655,1,0
1859,0.47624472572845966,0,1.495319019632823,0,0.5885859132480789,4,1,0,0.5629652005608958,1,0.9740855244265316,0,0
254,0.7471820803329932,1,1.353592229053528,0,0.29245929786693625,3,2,1,0.49266357631222546,1,0.734397095929498,0,0
816,-0.19509981779627383,0,1.537474633026222,0,0.3153773545217981,2,5,0,0.530748615592144,1,0.8951709999032951,1,1
1788,0.38780572566122196,0,1.634498821964216,1,1.0556603283970225,4,5,0,0.4427051992397139,1,1.007947555807807,1,0
22,0.00353265815917847,0,1.4808625868689813,0,0.9762129074525991,4,5,1,0.34784673389485987,1,0.797128619411406,1,1
1432,0.6608971296086601,1,1.5374870400124048,1,-0.04712227810603775,1,4,0,0.5300130314431435,0,1.1347080606658133,0,0
2097,0.16500201234080736,1,1.399577999581556,1,0.8502519458561919,2,2,1,0.33328203565262476,1,0.7509603315448306,0,0
477,0.013027533038756423,1,1.5810363126903233,0,0.5835814159381807,1,4,1,0.6023533252018762,1,0.9916799576856695,1,1
642,0.2940319401573969,0,1.4776375649580142,1,0.7489619925383574,1,6,1,0.5362563058636066,0,0.9367503689717764,1,1
1517,0.9426067148533424,0,1.4958200326454625,0,0.05433914652332883,4,6,0,0.39169323861483596,0,0.9882822718383713,1,1
1749,0.7153057780773324,0,1.482416294247201,1,0.47225132855762575,2,1,0,0.3197775773066306,1,0.9710821148695767,1,0
346,0.04904647807926493,1,1.5073578170701512,1,1.1781621476710344,2,3,1,0.48322475354810934,0,0.8592549600692887,0,0
843,0.5216861477653291,1,1.5975628228527963,0,0.26317384151763273,2,4,1,0.6956452210105106,1,1.1067246054419062,1,1
1467,0.5208276329432081,0,1.467679383206665,0,-0.004081051066590069,3,1,0,0.4637780729706321,1,0.803513332619906,0,1
2219,0.8766704638183609,1,1.4792152503113913,0,0.46106596504724445,1,4,1,0.5817934635779173,1,0.7410944522380654,1,0
1265,-0.0013812310298084718,0,1.6317816653255743,1,0.49227927408200073,2,5,0,0.5317209734636397,1,1.285505752375936,0,0
588,0.9063694973647255,0,1.5467397475984523,1,0.48945431287290814,4,6,1,0.534390357286967,1,0.837825149503052,1,0
837,1.0007846703011847,1,1.3367431088167192,1,0.9490862023259554,1,1,1,0.559751408552878,0,1.0798361499070799,0,0
1547,0.19121335422808605,1,1.4941034241498947,0,0.8632961679631803,4,2,0,0.4917684499768456,0,0.7269098313085383,1,0
1502,0.16826896744654324,0,1.4820460498365668,1,0.5331675157721137,1,6,0,0.5497134324544716,1,1.2204071633523337,1,0
326,0.3213499056754927,1,1.5059416002687227,1,1.3757138665001678,2,2,0,0.48398342912312997,1,0.8214734597246836,0,0
1211,1.445698790964314,0,1.3947654015745665,0,1.4145550369378173,4,4,1,0.5151168928187388,1,1.1134598125389301,1,0
2251,0.5889569902019574,1,1.4765497390586115,1,0.6108947330760579,2,4,1,0.6584385576221854,0,0.8796747165431374,0,0
2330,0.5154523475724335,1,1.437750666235047,1,0.567204041034253,4,6,1,0.4633501526373328,1,0.9165790670204922,1,1
825,1.0291240769712202,0,1.5097822851041554,1,0.24344348644868086,4,6,1,0.4553016371073797,0,1.0888204107506958,1,0
1569,0.5981369433520765,1,1.4457658505237023,1,0.7380200516271149,3,3,1,0.4047683613288841,1,0.5529655075547415,0,1
2188,0.812898812942574,1,1.513940607719618,0,-0.15944509217301772,2,5,0,0.4862907461636986,1,0.8748809269354414,0,1
1284,0.5964544824539341,1,1.6158099300511193,1,0.8950306121870629,4,3,1,0.40996395914476363,1,1.0001199722062162,0,0
11,0.3534616897493086,0,1.5191695987978366,0,0.5557095085821901,4,3,1,0.3125053704982296,1,1.1080809581628124,1,1
1956,0.7264035324084783,1,1.5010388076923176,0,1.0491775348605068,3,6,0,0.35118377480218815,1,1.1285489785738119,0,0
821,0.1734705961776713,1,1.3343975330652371,0,-0.3314480854973004,3,6,1,0.4928828651572245,1,0.9120380422182696,1,0
2298,0.36369398461986,0,1.4858743593845305,1,0.5078125410874444,2,3,0,0.5774221687558243,0,0.689298144374594,0,0
1519,0.5290290425335974,1,1.3282321038253915,0,0.6707760682745061,2,3,1,0.5206454809337373,0,0.7026238472589955,0,0
1202,-0.2580671029652667,0,1.3131250370153458,1,1.6389289240727882,1,2,0,0.5654711466710648,1,0.7777462413126737,1,1
2253,0.6872251075169741,0,1.4845341308917113,0,1.013365380839236,4,6,1,0.5921313182749559,0,0.6613640451813882,0,1
2149,-0.3730023031044417,1,1.6170291557304888,1,0.34799861221284406,3,3,1,0.454592731864497,0,1.0955669935473165,0,0
311,0.056397435021593556,1,1.6404074194742575,0,0.4497890426731226,3,6,1,0.5641648881871448,1,0.8315696684540459,0,1
1569,0.9685046142039802,0,1.5688708580085042,1,1.5627184290076142,2,6,0,0.4693098178062856,1,0.9134887813794403,0,0
2127,0.4239818461129743,0,1.4367812752600153,0,0.8961668572531176,4,3,1,0.4012814055686332,1,0.7097976579081129,1,0
99,0.8754101046993616,0,1.670026904060655,1,1.5241963507534682,2,1,0,0.35876031062380653,0,0.9400235240367915,0,1
1332,0.9132307904658927,1,1.5955650377173247,1,-0.473198567533861,4,6,0,0.5361906180537225,1,1.0220973222760472,1,1
428,0.9261366131029037,0,1.482014579954419,0,0.291500689944699,2,5,1,0.483573410996153,0,1.08240808328216,1,0
576,-0.06870293499859226,1,1.4331809991801892,1,0.73554262135809,3,5,1,0.5741309519704555,0,0.7104571226820331,0,1
1308,0.3093222850412559,0,1.3478899766766825,0,0.46572922106136205,3,3,1,0.45607697434438615,1,0.9302911913002875,1,0
2017,0.5201929668058975,0,1.5752668403922618,1,0.4853997044756706,4,6,1,0.4253717533932721,1,0.961295597707331,0,1
2332,1.3597561156921696,1,1.478754169002752,1,0.32792606474203867,2,1,0,0.5247072475269843,1,0.6801997345260373,1,0
1727,0.13068227520961823,0,1.3930503757131232,0,-0.23059795167416353,3,2,1,0.5458160255581137,0,1.1244310279704703,0,0
2323,0.5073400203061698,1,1.5239820557415378,0,0.07788623851821946,2,3,0,0.3554154148506877,0,0.8070228011651978,1,0
85,-0.18633373620331373,0,1.6034948371355136,1,0.21527224127490407,1,2,1,0.43515864142330873,1,0.8518031276542116,0,0
1847,0.5116161725565141,0,1.3932456224354106,1,0.4386548872576673,1,1,0,0.3678988518461016,0,0.91905562107686,0,1
2233,0.2527608297528484,0,1.7825521033914602,0,0.027032896827966557,2,3,1,0.4649438034346304,1,1.1154283759503383,1,1
551,0.8713378435864525,1,1.5104347628426518,1,0.17932260765518437,1,6,0,0.5101504640661105,1,1.2035552963712035,0,0
562,0.24053466563329923,1,1.4272307730387968,0,0.6404923831111666,3,3,1,0.5496477089193819,1,1.1013090559236816,1,1
33,-0.4718744163574867,1,1.4997362887662766,1,0.5891017306050255,3,6,1,0.3422609503667931,1,0.9414364772058544,0,0
1335,0.5802297130649522,1,1.6177717759389536,0,0.38325695651998504,2,3,0,0.5034380044487211,0,0.980633969246994,1,1
1682,0.8752699319964824,0,1.5641411164333807,0,1.388842058574558,1,5,0,0.5549439595348569,1,0.8606936238272306,1,1
21,0.34609821066059654,1,1.4866736628132027,1,0.057612574163546315,1,4,0,0.45412502047534964,1,1.0004833518018,0,1
1444,0.6493911326223982,1,1.4532624704653947,0,-0.08918876671204978,3,3,0,0.3844939776613276,1,0.9758850411899648,0,1
188,0.31490591665965195,1,1.61651833963019,0,0.8849310952851426,2,1,1,0.42776050052304515,0,0.9994020660747389,0,1
1162,0.4838617067402995,0,1.4831838566726354,0,0.7875791244047317,4,2,0,0.4245039429573383,1,0.9259732408744644,0,1
238,0.42991246842736663,1,1.60357358021751,1,1.0197296847961872,4,2,1,0.4745909496657991,1,0.8214242852204449,1,1
2245,-0.058335170891731236,0,1.5443245305917639,0,0.4240305273251752,3,5,0,0.4436277373010875,0,1.3404292786434748,1,1
132,0.3979541344133272,0,1.302294134479594,1,0.41581084632849286,1,5,0,0.4335455380994066,0,1.2453782718414168,1,1
896,-0.008214383272961867,1,1.5304900394885823,0,0.3158130045992956,3,1,1,0.6209497968138209,0,0.731137024891825,0,0
1006,0.3904877024010994,1,1.5469370812255263,0,0.43994284259492067,2,6,1,0.5141327837786576,1,1.311360148652929,1,0
