tooth_class,specimen,num_amtl,sockets,age,stdev_age,prob_male,genus,pop,m_focal,num_words,district,refCountry,redCards,n_focal,gender,dyad,deny
Anterior,MH12320,6,4,32.0,3.80295048,0.75,Homo sapiens,Australian aboriginie,3,120,64188,58,0,10,1,7,0
Anterior,BRK126260,0,8,37.0,4.28424336,0.5,Homo sapiens,French Cameroons,3,145,67702,28,0,10,2,6,0
Posterior,IPHA.34,2,12,27.0,6.01663882,0.0,Homo sapiens,East Africa,2,120,72371,1,0,10,2,1,0
Premolar,IPHA.47,1,12,22.0,2.81576611,0.25,Papio,East Africa,4,106,69120,3,0,13,2,5,1
Anterior,BRK126764,9,8,27.0,4.08550898,0.25,Papio,Native Californian,3,120,66498,44,0,13,1,4,0
Posterior,MH19784,0,6,32.0,2.91816725,0.75,Homo sapiens,Native Californian,4,383,63362,7,0,10,1,5,0
Premolar,MH4763,2,8,57.0,3.95531929,0.25,Papio,Khoi-San or bushman half-caste,2,120,72215,7,0,5,2,4,1
Anterior,MH4767,6,8,32.0,2.74721254,0.0,Pongo,Khoi-San or bushman half-caste,2,383,64816,7,0,6,1,6,0
Anterior,BRK125832,0,12,37.0,3.37708808,0.0,Homo sapiens,Native Californian,2,106,65177,71,0,10,2,4,0
Premolar,BRK126760,0,8,27.0,7.8,0.0,Papio,Khoi-San,2,324,63917,8,0,10,2,4,0
Anterior,BRK126054,0,8,27.0,9.1,1.0,Homo sapiens,East Africa,2,324,70672,44,0,10,2,4,0
Posterior,HTB2747,0,6,37.0,10.0,0.75,Papio,Buriat,2,106,67645,32,0,5,1,4,1
Posterior,HTB1222,0,8,32.0,9.29798279,0.5,Homo sapiens,Australian aboriginie,3,383,72470,76,0,6,2,7,0
Anterior,MH8057,4,9,32.0,9.02231946,0.0,Homo sapiens,East Africa,3,120,71308,113,1,5,1,4,0
Anterior,HTB1758,0,12,27.0,7.2151844,0.25,Homo sapiens,East Africa,3,145,69021,3,0,10,2,3,0
Anterior,BRK126261,0,12,27.0,3.68843519,0.25,Homo sapiens,French Cameroons,3,106,64592,7,0,5,2,2,0
Posterior,UVS101,0,4,32.0,4.28424336,1.0,Homo sapiens,Borneo,2,383,73544,44,0,10,2,6,0
Anterior,PMN1390,0,12,32.0,3.45050478,0.75,Pongo,Khoi-San,2,145,69617,7,0,10,2,1,1
Posterior,BM1908.8.9.41,0,8,42.0,3.66420581,0.75,Papio,French Cameroons,2,324,63719,7,0,5,1,1,0
Anterior,MH1503,0,12,22.0,5.69322104,0.75,Pongo,Chucki,2,145,68007,8,0,13,2,5,0
Posterior,MH1505,0,12,42.0,8.82500633,0.75,Papio,West Africa,2,383,65425,7,0,10,2,5,0
Premolar,AMNH99.1/105,0,11,22.0,4.59386268,1.0,Papio,Tasmanien,3,166,63503,44,0,13,1,5,0
Anterior,BM1924.8.6.16,0,11,27.0,3.7272427,0.75,Homo sapiens,Afalou,3,324,69617,7,0,5,2,3,1
Premolar,AMNH99.1/91-B,0,12,22.0,2.86641,0.75,Homo sapiens,Arabia,3,145,66167,7,0,10,2,4,0
Posterior,AMNH99.1/99,4,12,32.0,6.06203036,0.25,Pongo,East Africa,2,106,69914,15,0,10,2,5,0
Anterior,NMNH344713,0,12,27.0,3.88831042,1.0,Pan,Chucki,4,145,70698,44,0,5,2,1,0
Posterior,MH12327,0,4,37.0,4.43727895,0.75,Homo sapiens,Australian aboriginie,2,383,69203,8,0,10,1,5,0
Posterior,NMNH225025,0,12,22.0,6.79442263,1.0,Homo sapiens,Australian aboriginie,4,106,71290,7,0,5,1,4,0
Anterior,HTB1957,0,6,37.0,8.3,0.0,Homo sapiens,Tasmanien,2,383,66142,3,0,13,1,1,0
Anterior,IPHA.7,0,8,27.0,10.0,0.25,Homo sapiens,Native Californian,2,383,63339,8,0,5,1,5,0
Posterior,BM1884.10.30.1,0,8,37.0,2.43523526,1.0,Homo sapiens,West Africa,2,324,75085,7,0,13,1,3,0
Anterior,IPHA.3,0,12,32.0,12.5,0.25,Homo sapiens,Native Californian,4,383,71563,4,0,13,1,5,0
Premolar,BRK125675,1,6,27.0,3.77992193,0.25,Pan,Chucki,2,120,71498,8,0,10,1,5,0
Posterior,HTB1720,0,5,17.5,3.48559185,0.75,Homo sapiens,Ebolwa,3,166,67322,3,0,13,2,5,0
Posterior,MH12321,0,12,22.0,7.8,0.25,Homo sapiens,East Africa,2,166,66340,7,0,5,2,5,0
Posterior,BRK125660,0,8,37.0,2.74721254,0.25,Homo sapiens,East Africa,3,324,65037,8,0,10,2,6,0
Posterior,IPHA.46,0,12,42.0,3.92661051,1.0,Homo sapiens,Borneo,3,383,69617,8,0,5,1,5,1
Posterior,UVS10,0,12,17.5,3.39106649,0.25,Papio,Afalou,2,145,64188,44,0,10,2,8,1
Premolar,IPHA.22,0,12,22.0,3.89582582,0.75,Homo sapiens,Ebolwa,4,145,75440,15,0,10,1,4,0
Posterior,HTB1718,0,12,22.0,8.38792417,0.0,Homo sapiens,Australian aboriginie,2,166,71654,44,0,10,2,6,0
Anterior,NMNH329778,0,12,27.0,4.16498874,0.0,Pan,Borneo,3,166,67504,44,0,13,2,4,0
Premolar,BRK126292,0,6,22.0,4.59386268,1.0,Homo sapiens,Native Californian,4,120,61713,8,0,10,2,7,0
Posterior,PMN3064,3,6,27.0,3.58600079,0.75,Homo sapiens,East Africa,4,120,69393,8,0,5,2,4,0
Anterior,BM1908.8.9.41,0,10,22.0,5.71046472,0.5,Papio,Australian aboriginie,4,383,71282,8,0,13,1,5,0
Premolar,BM1976.1419,1,8,32.0,4.47291497,0.75,Homo sapiens,Borneo,4,145,64931,7,0,5,1,7,0
Premolar,HTB1903,2,12,27.0,7.03383117,0.25,Homo sapiens,Afalou,3,120,68858,40,0,5,1,4,0
Posterior,HTB1791,1,12,32.0,2.97561367,1.0,Homo sapiens,Native Californian,2,145,72041,8,0,5,1,6,0
Posterior,BM1901.2.13.1,0,12,22.0,3.02477635,1.0,Pongo,Alaska,2,383,62828,30,0,5,2,6,0
Anterior,BRK125802,0,12,42.0,2.33671692,1.0,Homo sapiens,East Africa,2,145,71621,7,0,13,1,4,0
Premolar,BRK126107,0,7,37.0,4.72264949,0.5,Homo sapiens,French Cameroons,2,324,66472,32,0,5,2,5,0
Anterior,BM1898.2.28.11,0,8,37.0,5.33816474,1.0,Homo sapiens,Australian aboriginie,3,145,70185,49,0,5,2,2,0
Anterior,UVS56,0,12,32.0,5.09801939,0.0,Homo sapiens,Ebolwa,4,120,61960,7,0,5,2,3,1
Anterior,BM1976.1430,0,9,27.0,18.8440476,0.5,Homo sapiens,East Africa,3,120,68981,44,0,10,1,5,0
Posterior,BM1938.7.17.1,0,4,22.0,10.5751031,1.0,Papio,Chucki,4,120,61705,55,0,10,1,5,1
Posterior,NMNH283613,0,8,22.0,2.59401611,1.0,Homo sapiens,Ebolwa,2,145,71852,48,0,10,2,5,1
Premolar,AMNH99.1/80(b),0,8,42.0,2.81576611,0.0,Pan,Afalou,2,324,67702,30,0,5,1,8,0
Posterior,BRK126472,2,4,32.0,6.19980411,1.0,Homo sapiens,Afalou,2,145,64691,72,0,10,1,5,1
Premolar,HTB1959,2,12,32.0,2.97561367,0.25,Homo sapiens,Alaska,3,145,63578,44,0,5,1,2,0
Anterior,UVS104,0,8,57.0,3.80295048,1.0,Pan,Borneo,2,383,73700,44,0,5,2,4,1
Anterior,IPHA.15,0,8,22.0,4.709013,1.0,Papio,Buriat,4,145,69682,7,0,10,1,4,0
Posterior,BRK126092,0,8,17.5,3.02477635,0.25,Homo sapiens,Buriat,2,120,65037,72,0,13,2,3,0
Premolar,HTB3412,0,12,27.0,3.63654073,0.0,Homo sapiens,Australian aboriginie,2,106,75440,58,0,13,2,7,0
Posterior,BRK126248,0,12,22.0,3.48066219,1.0,Homo sapiens,Khoi-San or bushman half-caste,4,383,62380,8,0,10,2,5,0
Posterior,MH22277,0,10,32.0,2.50774612,0.75,Pan,Tasmanien,2,324,73726,44,0,5,1,5,0
Premolar,HTB1722,1,12,22.0,3.89582582,0.5,Homo sapiens,East Africa,3,166,65102,8,0,13,1,6,0
Anterior,BM1976.1442,0,6,37.0,4.25426601,0.25,Pongo,Alaska,2,106,62984,93,0,13,1,4,0
Anterior,AMNH99.1/110,0,6,27.0,2.86641,0.5,Homo sapiens,Australian aboriginie,3,120,65813,44,0,10,2,3,0
Premolar,BRK125458,0,12,27.0,1.99807578,1.0,Pongo,Sami,3,324,75119,40,0,6,2,7,0
Premolar,BM1930.12.1.2,4,6,37.0,3.2920468,0.0,Homo sapiens,French Cameroons,2,324,71357,57,0,6,1,1,0
Posterior,IPHA.45,0,12,22.0,4.709013,0.0,Homo sapiens,Buriat,4,145,66233,32,0,13,2,1,0
Posterior,HTB2026,0,12,22.0,6.19608209,0.0,Homo sapiens,East Africa,3,383,68023,8,0,5,1,8,0
Premolar,NMNH283613,0,12,22.0,1.99807578,0.25,Homo sapiens,Khoi-San,4,145,64766,64,0,6,2,5,0
Posterior,HTB1707,3,8,22.0,4.13857528,0.75,Papio,West Africa,4,166,71035,32,0,10,1,4,0
Anterior,NMNH283609a,0,11,57.0,5.83722718,0.75,Homo sapiens,Native Californian,3,383,65763,34,0,5,2,6,0
Premolar,HTB1153,1,12,22.0,5.07338879,0.75,Homo sapiens,East Africa,3,106,63404,7,0,10,1,1,0
Posterior,BM1909.6.11,0,12,37.0,2.41143228,1.0,Homo sapiens,East Africa,3,145,69500,44,0,10,2,8,0
Premolar,BM1976.1420,3,7,32.0,2.33861853,0.25,Homo sapiens,Native Californian,3,383,63610,34,0,10,2,3,0
Premolar,IPHA.29,0,12,32.0,3.4773143,0.25,Homo sapiens,East Africa,2,120,64766,7,0,10,1,6,0
Anterior,BRK126100,2,12,27.0,5.44334199,0.5,Homo sapiens,Borneo,3,145,65193,103,0,10,1,4,0
Anterior,HTB3539,0,12,22.0,2.69681693,1.0,Homo sapiens,Native Californian,3,106,71696,44,0,10,2,1,1
Anterior,BRK125821,0,12,42.0,7.36905252,0.0,Papio,Australian aboriginie,3,120,69039,64,0,13,1,7,0
Posterior,BRK126251,6,12,47.0,12.5,0.25,Papio,Native Californian,3,166,72181,48,0,10,2,4,1
Posterior,NMNH331242,0,12,27.0,15.0,0.25,Pongo,Australian aboriginie,2,166,65334,72,0,5,2,7,0
Anterior,HTB1025,0,12,27.0,3.54750963,0.25,Homo sapiens,Native Californian,3,324,72033,57,0,5,1,1,0
Anterior,BM1884.10.30.2,1,12,32.0,10.5,0.25,Homo sapiens,Australian aboriginie,3,383,65557,44,0,13,2,1,1
Posterior,AMNH99.1/83-A,0,8,27.0,2.9625106,0.25,Homo sapiens,Borneo,2,106,62240,32,0,6,2,5,0
Anterior,NMNH344714,0,8,27.0,16.4384771,0.0,Homo sapiens,Ebolwa,4,166,71969,8,0,6,1,1,0
Posterior,BM1976.1436,0,8,27.0,3.09538823,0.25,Homo sapiens,Australian aboriginie,2,145,64063,44,0,10,1,7,0
Anterior,HTB1882,0,9,22.0,15.0,0.75,Homo sapiens,Chucki,2,106,67405,77,0,10,2,3,0
Anterior,BM1923.3.4.3,0,12,27.0,7.8,0.75,Pongo,Australian aboriginie,2,166,63933,153,0,5,1,4,0
Premolar,BM1899.7.8.1,0,12,47.0,2.86641,0.75,Homo sapiens,Ebolwa,4,120,68916,44,0,5,1,5,0
Premolar,HTB1959,0,8,37.0,3.92661051,0.5,Homo sapiens,Native Californian,2,324,65771,34,0,6,1,4,0
Anterior,BM1976.1424,0,6,32.0,3.54750963,1.0,Homo sapiens,Afalou,4,324,71852,44,1,5,1,5,0
Premolar,UVS57,0,6,37.0,5.00049123,0.0,Homo sapiens,Ebolwa,4,166,69849,8,0,5,2,1,0
Anterior,BRK125827,0,8,57.0,16.9965704,0.25,Homo sapiens,French Cameroons,4,145,67199,8,0,10,1,5,0
Posterior,MH22283,0,8,32.0,2.10624751,0.25,Homo sapiens,East Africa,4,106,71548,69,0,6,1,1,0
Premolar,BM1906.11.1.6,5,12,27.0,4.94131337,0.25,Homo sapiens,Khoi-San,3,145,72744,7,0,5,2,4,0
Anterior,AMNH99.1/86-D,0,8,52.0,3.71619727,0.75,Homo sapiens,Native Californian,2,120,67157,8,0,6,1,4,0
Anterior,HTB0802,0,12,27.0,3.4773143,0.75,Homo sapiens,West Africa,2,324,70094,72,0,5,1,6,0
Posterior,BRK125666,2,8,32.0,3.49137561,0.75,Homo sapiens,Khoi-San,3,145,69211,72,0,5,2,4,0
Posterior,BM1932.7.6.1,0,4,37.0,3.44508735,0.75,Pongo,Alaska,3,106,66423,64,0,10,1,5,0
Anterior,HTB3551,4,4,27.0,4.65756455,0.0,Homo sapiens,Khoi-San or bushman half-caste,3,145,61879,44,0,13,2,5,0
Premolar,HTB1745,0,12,57.0,2.50774612,0.25,Homo sapiens,Native Californian,3,324,66852,65,0,6,1,1,0
Posterior,MH1701,0,8,27.0,4.27445115,0.25,Homo sapiens,Central Africa,2,324,68007,7,0,5,1,1,0
Anterior,BM1971.2354,0,4,37.0,5.1293812,0.75,Homo sapiens,Buriat,2,383,65748,64,0,5,2,8,0
Posterior,IPHA.28,0,12,32.0,8.74186019,1.0,Papio,West Africa,3,324,68999,58,1,5,2,3,0
Anterior,MH12326,0,12,37.0,3.54689952,0.25,Homo sapiens,Chucki,2,145,69955,8,0,5,1,5,0
Anterior,BRK125462,0,12,32.0,5.06022442,0.5,Homo sapiens,Native Californian,2,106,69591,44,0,5,2,3,0
Posterior,UVS60,0,12,27.0,2.81004779,0.25,Pan,East Africa,4,324,65680,8,0,5,2,8,0
Posterior,HTB0900,0,12,57.0,3.20634803,0.5,Homo sapiens,Alaska,2,145,68916,49,1,10,1,5,0
Anterior,MH4460,0,5,32.0,4.04495405,0.5,Pan,(Buriat) Chinese?,4,120,75440,111,0,5,2,5,0
Posterior,BM1939.1007,0,6,47.0,2.09782262,0.75,Pongo,Afalou,3,106,69781,8,0,5,1,7,0
Premolar,NMNH278701,0,12,22.0,2.26582834,0.25,Pan,Borneo,2,324,64626,15,0,6,1,4,0
Posterior,HTB1043,0,12,22.0,4.00197497,0.25,Pongo,Alaska,4,383,68635,52,0,5,1,7,0
Posterior,HTB1744,4,8,27.0,3.6143239,0.25,Pongo,Alaska,3,166,70730,8,0,13,2,4,1
Anterior,UCD2(3a)b,0,11,57.0,13.4013855,0.75,Homo sapiens,Alaska,2,383,61770,3,0,10,2,3,0
Anterior,MH1509,0,6,37.0,9.1,0.0,Homo sapiens,Native Californian,2,120,71910,8,0,5,2,4,0
Premolar,IPHA.12,0,12,37.0,18.8440476,0.0,Homo sapiens,Chucki,3,383,65748,8,0,10,1,6,0
Anterior,AMNH99.1/84-A,1,12,37.0,2.35865298,0.0,Homo sapiens,(Buriat) Chinese?,4,166,69369,44,0,5,1,6,0
Posterior,BM1976.1428,0,12,32.0,14.6850608,0.25,Homo sapiens,Australian aboriginie,3,120,69708,71,0,10,2,1,0
Anterior,NMNH278705,0,8,42.0,5.44334199,0.5,Homo sapiens,Borneo,3,324,75119,64,0,5,1,5,1
Premolar,IPHA.49,0,8,37.0,3.33164782,0.75,Homo sapiens,Alaska,2,106,71019,3,0,13,1,6,0
Premolar,AMNH99.1/96-A,1,8,22.0,3.88831042,0.0,Homo sapiens,Khoi-San or bushman half-caste,2,324,72231,8,0,10,1,7,0
Premolar,NMNH380452,0,12,27.0,3.45050478,0.75,Homo sapiens,Buriat,3,324,72538,48,0,13,1,7,0
Posterior,HTB1718,0,11,37.0,8.23260632,0.75,Homo sapiens,Sami,2,166,69625,72,0,5,1,5,0
Premolar,BM1911.12.1.1,0,12,52.0,3.45465859,0.5,Homo sapiens,East Africa,2,120,65813,44,0,10,1,4,0
Premolar,BRK125660,0,8,32.0,3.32060722,0.25,Papio,Afalou,3,120,64709,44,0,13,1,6,0
Anterior,HTB1223,4,12,32.0,4.16498874,1.0,Homo sapiens,Native Californian,2,145,63933,27,0,5,1,6,1
Premolar,BRK126755,0,6,32.0,2.26582834,1.0,Homo sapiens,Ebolwa,2,106,69377,101,0,5,1,5,0
Premolar,UCD2(8)b,0,8,27.0,15.0,1.0,Homo sapiens,Buriat,3,383,62596,8,0,10,2,3,0
Posterior,BRK125670,0,12,32.0,3.56943631,0.0,Homo sapiens,West Africa,2,120,72017,8,0,5,2,5,1
Premolar,HTB1215,0,6,22.0,9.7611705,0.75,Homo sapiens,Australian aboriginie,3,324,72157,44,0,5,2,5,0
Anterior,AMNH99.1/109,0,12,22.0,8.23260632,0.75,Homo sapiens,Sami,2,120,68486,44,0,5,2,1,1
Posterior,NMNH258483,6,4,32.0,3.4773143,0.25,Homo sapiens,East Africa,3,383,62703,7,0,10,2,5,0
Posterior,NMNH226092,0,6,27.0,6.56320224,1.0,Homo sapiens,East Africa,3,383,70599,34,0,5,1,5,0
Anterior,NMNH330607,0,8,27.0,3.54750963,0.75,Homo sapiens,Buriat,2,324,72215,3,0,13,2,4,0
Premolar,AMNH99.1/64,0,2,37.0,2.38690817,0.25,Homo sapiens,French Cameroons,3,166,61846,32,0,10,2,5,0
Premolar,NMNH283615,0,8,27.0,4.90407388,0.75,Homo sapiens,Australian aboriginie,2,120,66886,30,0,13,1,3,0
Posterior,HTB2747,0,6,37.0,3.63654073,0.75,Pongo,Ebolwa,3,106,69872,112,0,10,2,4,0
Premolar,NMNH380453,3,8,32.0,3.54750963,0.5,Pan,Ona,3,166,66845,64,0,5,2,6,0
Posterior,BRK125598,1,12,32.0,3.92661051,0.25,Homo sapiens,Australian aboriginie,3,166,67694,72,0,5,1,5,0
Premolar,AMNH99.1/111,0,6,27.0,5.15359486,0.0,Homo sapiens,Australian aboriginie,2,166,64170,8,0,10,2,5,0
Posterior,MH4459,0,12,27.0,2.97561367,0.25,Homo sapiens,French Cameroons,2,120,67819,8,1,5,2,5,0
Posterior,BRK126113,0,12,27.0,2.48359763,0.5,Homo sapiens,Alaska,2,106,67157,3,0,5,1,5,0
Premolar,BM1884.10.30.1,0,12,22.0,3.2128737,0.75,Homo sapiens,Australian aboriginie,2,145,72231,44,0,5,2,4,0
Anterior,UVS101,5,12,42.0,5.09801939,0.25,Homo sapiens,Native Californian,2,166,68957,48,0,5,2,4,1
Posterior,UVS76,0,7,22.0,10.4,0.75,Homo sapiens,Borneo,2,324,63362,49,0,10,1,4,0
Premolar,BRK126118,0,12,32.0,3.03927918,1.0,Homo sapiens,Buriat,4,120,69591,3,0,6,2,7,0
Premolar,MH4767,0,12,32.0,3.46891175,0.75,Papio,Borneo,4,120,62356,48,0,10,1,7,0
Premolar,BM1976.1430,0,12,27.0,9.1,0.75,Homo sapiens,Afalou,3,106,71431,1,0,13,1,5,0
Anterior,HTB1956,0,6,32.0,3.97369678,0.25,Papio,Alaska,4,145,70482,57,0,10,2,5,0
Posterior,MH20914,0,12,22.0,2.59401611,0.0,Papio,Native Californian,3,166,68023,48,0,13,1,1,0
Posterior,NMNH330605,0,12,57.0,4.61556224,0.75,Homo sapiens,Yaghan,3,166,66423,48,0,13,1,1,1
Anterior,NMNH344712,0,4,32.0,3.4773143,0.0,Pan,Ebolwa,4,383,71548,71,0,5,2,1,0
Anterior,NMNH380430,2,12,42.0,5.18766442,0.25,Homo sapiens,Alaska,2,324,64642,7,0,5,2,6,0
Posterior,BM1908.8.9.41,0,8,27.0,8.74186019,0.0,Homo sapiens,Borneo,3,166,71282,80,0,10,2,1,0
Premolar,MH12316,0,8,22.0,16.9965704,0.25,Homo sapiens,Ebolwa,2,106,61994,8,0,10,1,6,0
Anterior,PMN1496,1,8,27.0,2.81636112,0.75,Homo sapiens,Native Californian,3,106,69385,1,0,10,2,4,0
Premolar,BM1976.1415,0,6,37.0,3.37661729,1.0,Homo sapiens,Khoi-San or bushman half-caste,2,106,61382,3,0,6,1,5,1
Posterior,BM1924.8.6.15,0,8,27.0,3.54750963,1.0,Homo sapiens,West Africa,3,383,62737,3,0,5,2,5,1
Anterior,BRK126266,2,8,42.0,3.11717264,0.25,Pongo,East Africa,2,383,70961,52,0,5,2,3,0
Premolar,UVS12,0,12,37.0,3.2128737,1.0,Pan,Native Californian,2,324,71829,3,0,13,1,4,0
Premolar,BM1976.1440,0,8,22.0,3.22275136,0.5,Homo sapiens,West Africa,2,324,67405,8,0,10,2,4,0
Anterior,AMNH99.1/97,0,8,27.0,5.1517561,0.75,Pongo,Native Californian,3,383,64816,8,0,10,2,3,0
Premolar,UVS125,0,6,27.0,3.16436617,0.25,Homo sapiens,Borneo,3,145,71787,48,0,6,1,6,0
Premolar,AMNH99.1/160,9,12,22.0,2.86641,1.0,Homo sapiens,Alaska,2,166,66506,7,0,5,1,5,0
Anterior,MH22278,0,11,52.0,3.33164782,0.5,Papio,Native Californian,3,166,63362,44,0,10,1,3,0
Posterior,UVS40,0,6,32.0,2.62063975,0.25,Pan,Sami,2,166,65185,44,0,10,2,4,1
Anterior,MH12322,0,6,32.0,3.46891175,0.75,Pongo,Khoi-San,2,324,63370,8,0,5,2,1,0
Anterior,BM1976.1424,2,8,27.0,3.35840919,0.25,Papio,Alaska,2,324,65110,3,0,13,1,5,0
Posterior,HTB1221,2,6,32.0,5.83722718,0.75,Pongo,West Africa,4,166,63339,44,0,10,2,5,0
Anterior,BRK125802,0,8,32.0,3.20634803,0.0,Papio,Sami,3,383,66456,44,0,6,2,4,0
Premolar,UVS2,1,12,27.0,2.87155209,0.75,Homo sapiens,Australian aboriginie,4,120,64345,44,0,10,2,3,1
Premolar,UVS142,2,8,47.0,3.48559185,0.5,Papio,Alaska,2,166,63719,3,0,5,2,4,0
Anterior,MH4460,1,6,27.0,12.6,0.75,Pan,West Africa,2,383,63321,3,0,5,2,5,0
Anterior,AMNH99.1/59,0,12,32.0,3.6143239,1.0,Homo sapiens,Native Californian,2,324,67819,3,0,13,2,4,0
Posterior,BM50a,0,12,27.0,3.4773143,0.0,Pan,Alaska,3,106,63198,102,0,10,1,3,0
Posterior,BM1971.2354,0,12,22.0,5.69322104,0.0,Homo sapiens,Alaska,2,145,68387,8,0,6,2,5,0
Anterior,HTB1223,0,12,22.0,2.33861853,0.5,Papio,Native Californian,2,324,70409,7,0,6,1,3,0
Posterior,HTB1217,1,12,32.0,2.81636112,1.0,Papio,Khoi-San or bushman half-caste,2,324,66886,7,0,10,1,6,0
Anterior,NMNH331242,0,8,27.0,4.22315152,0.75,Homo sapiens,East Africa,3,120,69492,8,0,10,2,7,0
Anterior,UVS1,0,8,42.0,4.01057301,0.5,Homo sapiens,Native Californian,4,106,61887,52,0,5,1,5,0
Premolar,HTB1741,2,8,22.0,3.05433283,1.0,Homo sapiens,Native Californian,2,106,71431,7,0,5,1,5,0
Posterior,HTB1775,0,8,52.0,2.48359763,0.25,Pan,Ebolwa,4,145,71084,8,0,5,1,1,0
Anterior,UVS3,0,8,52.0,5.83722718,1.0,Homo sapiens,Borneo,2,324,63958,52,0,5,1,7,0
Premolar,HTB1212,0,8,27.0,5.83722718,0.75,Pongo,Australian aboriginie,2,166,63578,19,0,5,2,3,0
Posterior,AMNH99.1/90,0,12,37.0,12.374796,0.0,Homo sapiens,Native Californian,3,383,64196,7,0,10,2,8,1
Premolar,HTB1724,3,12,42.0,3.92661051,0.0,Homo sapiens,Australian aboriginie,3,166,65193,44,0,10,1,8,0
Premolar,MH1509,0,12,37.0,4.72264949,0.0,Papio,East Africa,2,383,69450,8,0,5,1,8,0
Anterior,BM1899.11.6.1,4,3,22.0,3.29146087,0.5,Homo sapiens,Australian aboriginie,3,120,68155,7,0,5,2,5,1
Anterior,BRK125800,0,12,37.0,2.29036872,0.5,Homo sapiens,Borneo,2,145,61655,24,0,5,1,1,0
Anterior,PMN3064A,0,8,22.0,4.62847197,0.0,Homo sapiens,West Africa,2,106,70045,7,0,13,1,5,0
Anterior,HTB1216,1,8,27.0,3.63654073,0.5,Homo sapiens,Alaska,3,145,68635,8,0,13,2,4,1
Premolar,BM1886.12.20.10,0,12,27.0,2.97561367,0.5,Homo sapiens,Central Africa,4,120,62109,8,0,13,1,4,0
Posterior,NMNH330607,2,12,22.0,12.6,0.25,Papio,Khoi-San,3,145,71472,8,0,6,2,4,0
Premolar,MH3337,0,12,22.0,4.85399919,1.0,Pongo,Buriat,2,324,70094,3,0,10,1,8,1
Premolar,NMNH330604,0,12,27.0,3.80749511,0.0,Homo sapiens,Native Californian,3,106,64832,44,0,5,2,1,0
Premolar,BRK125821,0,4,22.0,5.44029653,0.25,Homo sapiens,Afalou,3,145,65458,101,0,5,1,4,0
Posterior,HTB1497,0,12,32.0,5.5467185,0.25,Homo sapiens,West Africa,2,106,70409,44,0,5,1,5,0
Premolar,BRK125666,0,12,32.0,6.19980411,0.25,Papio,West Africa,3,324,66340,44,0,13,2,4,0
Premolar,NMNH226087,0,12,52.0,2.86641,0.75,Homo sapiens,Alaska,2,324,72538,52,0,5,2,5,0
Premolar,BRK126264,12,12,47.0,1.99807578,0.75,Homo sapiens,East Africa,2,106,69617,7,0,5,1,6,0
Premolar,BRK125462,0,7,42.0,3.10683206,0.75,Homo sapiens,Native Californian,2,120,71365,7,0,6,2,3,0
Posterior,BM1918.11.8.1,4,12,27.0,3.7220627,0.5,Pongo,Sami,3,166,61507,19,0,10,1,7,0
Posterior,UVS63,1,6,17.5,3.6064238,0.0,Pan,East Africa,3,383,64600,8,0,6,2,5,0
Anterior,HTB1737,0,12,32.0,2.78157736,0.75,Homo sapiens,West Africa,2,166,67322,8,0,5,1,5,0
Posterior,UVS102,0,12,27.0,2.47259539,0.5,Homo sapiens,Buriat,2,324,68056,70,0,5,1,1,0
Anterior,HTB3434,1,12,32.0,2.392161,0.25,Homo sapiens,East Africa,3,324,69708,52,0,13,2,4,0
Premolar,AMNH99.1/94,0,12,22.0,4.14023787,0.25,Homo sapiens,Native Californian,2,324,70649,7,0,10,2,1,0
Posterior,MH24592,0,12,22.0,3.85801676,0.75,Homo sapiens,Australian aboriginie,2,120,69179,7,0,5,1,4,0
Posterior,UVS1,0,8,42.0,2.78157736,0.75,Pan,Alaska,3,120,68205,7,0,13,2,4,0
Premolar,NMNH380450,10,6,27.0,18.0781611,0.5,Papio,Native Californian,3,324,71811,44,0,5,2,3,0
Posterior,HTB1497,0,12,27.0,3.68843519,1.0,Pongo,Alaska,3,324,66407,7,0,10,1,5,0
Premolar,BM1964.2174,0,12,37.0,3.92661051,0.0,Homo sapiens,Australian aboriginie,2,324,69120,44,0,10,1,5,0
Posterior,HTB3539,0,6,37.0,3.88831042,0.5,Homo sapiens,East Africa,3,106,66480,44,0,13,2,4,0
Premolar,BRK126244,0,8,37.0,3.79588028,0.75,Pan,Australian aboriginie,2,120,63792,8,0,5,1,4,0
Anterior,NMNH380449,0,12,32.0,2.81004779,0.75,Homo sapiens,East Africa,2,324,64485,8,0,10,2,1,0
Premolar,MH1505,0,12,37.0,5.06022442,0.75,Homo sapiens,Native Californian,2,145,62539,8,0,10,2,6,0
Anterior,BRK126243,0,4,32.0,3.71619727,0.75,Homo sapiens,Khoi-San,3,106,63024,7,0,10,2,4,0
Posterior,MH24934A,0,6,32.0,5.35897499,0.75,Homo sapiens,Sami,4,120,70300,8,0,13,2,4,0
Anterior,MH1860,0,8,22.0,2.59401611,0.0,Pan,Alaska,2,383,67397,3,0,5,2,5,0
Premolar,MH4665,0,12,27.0,2.62887685,0.25,Homo sapiens,Australian aboriginie,2,166,68353,3,0,10,1,5,0
Anterior,NMNH283609a,12,8,27.0,3.1661365,0.0,Homo sapiens,(Buriat) Chinese?,4,106,63024,3,0,5,1,8,0
Anterior,BM1924.2.25.1,0,6,22.0,2.30054789,0.75,Homo sapiens,Native Californian,2,106,63917,3,0,13,2,4,0
Premolar,UVS62,0,6,27.0,3.71619727,0.75,Pan,West Africa,4,106,72173,27,0,5,2,7,0
Anterior,BM1976.1417,0,6,17.5,5.83722718,0.75,Pan,Australian aboriginie,3,120,68049,8,0,5,1,6,0
Posterior,BM1976.1416,2,8,22.0,7.9144902,0.75,Papio,East Africa,2,145,70839,3,0,5,2,6,0
Posterior,AMNH99.1/91-B,0,12,42.0,3.21217946,0.25,Pan,Native Californian,2,120,75085,7,0,5,1,5,0
Anterior,HTB1028,0,4,32.0,5.70308472,0.0,Homo sapiens,Native Californian,2,145,68221,3,0,10,1,5,0
Posterior,HTB3551,0,8,32.0,20.3446194,0.25,Homo sapiens,Borneo,3,166,72157,52,0,5,2,4,0
Posterior,HTB1028,6,11,22.0,5.18766442,0.75,Homo sapiens,Khoi-San,3,145,65185,101,0,13,1,4,0
Posterior,MH17264,0,12,42.0,6.01663882,0.75,Papio,Alaska,2,120,66340,3,0,5,1,6,0
Posterior,BRK126761,0,12,32.0,5.035316,0.75,Papio,East Africa,4,106,69211,8,0,10,2,4,0
Posterior,BM1899.11.6.1,0,12,22.0,3.92784897,0.25,Homo sapiens,Yaghan,2,145,70011,8,0,5,1,5,0
Anterior,BM1936.12.28.2,0,4,32.0,3.12128232,1.0,Pongo,Buriat,3,106,68486,8,0,5,1,5,0
Anterior,BM1976.1438,0,8,32.0,5.22500246,0.75,Homo sapiens,Alaska,3,324,72561,44,0,10,1,7,0
Premolar,UVS62,0,12,22.0,4.90999368,0.0,Pan,Borneo,3,145,69211,48,0,10,2,8,0
Anterior,HTB1724,0,12,27.0,4.0457765,0.5,Homo sapiens,Khoi-San or bushman half-caste,3,324,64477,45,0,10,2,8,0
Posterior,UVS38,0,12,22.0,3.85801676,0.75,Homo sapiens,Khoi-San,2,383,71019,8,0,5,2,5,1
Posterior,HTB1888,0,8,37.0,4.50856156,1.0,Homo sapiens,East Africa,2,324,70722,28,0,5,1,1,0
Anterior,BRK126271,0,12,22.0,21.3584428,0.5,Pan,Native Californian,2,166,64105,48,0,10,2,8,0
Posterior,HTB2033,0,12,42.0,3.12128232,0.0,Pongo,East Africa,2,120,70078,44,0,5,1,4,0
Premolar,NMNH226087,0,6,37.0,5.94066321,0.75,Papio,Borneo,2,106,65318,3,0,13,2,1,1
Premolar,NMNH278716,0,12,37.0,10.2682079,0.0,Homo sapiens,Native Californian,2,324,61960,44,0,10,2,4,0
Premolar,MH22281,0,12,37.0,5.81978104,0.0,Homo sapiens,Alaska,3,383,70854,52,1,13,2,8,0
Anterior,HTB1503,0,8,22.0,3.4773143,0.5,Pongo,Afalou,2,106,68957,44,0,13,1,8,0
Premolar,MH24894,0,8,22.0,3.09453499,0.0,Homo sapiens,Buriat,3,383,69880,50,0,5,1,4,0
Posterior,BM1905.5.10.1,0,12,22.0,2.97561367,1.0,Homo sapiens,Native Californian,2,145,68353,8,0,13,1,5,0
Premolar,PMN1496,1,8,32.0,2.52520843,0.25,Homo sapiens,Alaska,2,145,70078,48,0,5,1,5,1
Anterior,BM1976.1439,0,6,22.0,3.77992193,0.25,Homo sapiens,Khoi-San or bushman half-caste,2,383,66795,44,0,5,1,5,0
Anterior,BM1911.12.1.1,2,12,27.0,2.29036872,0.75,Pongo,Afalou,4,120,70268,8,0,10,1,6,0
Anterior,NMNH227455,0,12,42.0,8.38792417,1.0,Pan,West Africa,4,324,61762,58,0,13,2,1,0
Posterior,BM1976.1421,2,12,37.0,2.95130863,0.75,Papio,Australian aboriginie,3,145,65862,7,0,5,1,1,0
Anterior,BM1930.12.1.2,0,12,37.0,4.81608016,0.25,Homo sapiens,Ebolwa,4,324,71696,7,0,13,2,5,0
Posterior,MH1526,0,8,27.0,2.59401611,0.25,Homo sapiens,Native Californian,3,383,69880,44,0,10,2,5,0
Posterior,MH12319,0,6,22.0,2.85690736,0.75,Homo sapiens,Buriat,2,145,62976,7,0,5,1,5,0
Posterior,IPHA.13,0,12,32.0,2.47259539,0.75,Homo sapiens,Australian aboriginie,2,166,66399,40,0,5,2,4,0
Premolar,NMNH329778,0,8,27.0,2.81576611,0.75,Homo sapiens,Tasmanien,2,120,70979,15,0,13,1,7,0
Posterior,HTB2751,0,6,32.0,2.87155209,0.75,Homo sapiens,Fuegian,2,145,63875,7,0,5,1,8,0
Premolar,HTB1426,0,6,32.0,5.44029653,0.5,Papio,French Cameroons,2,120,61572,8,0,10,2,5,1
Anterior,MH20326,0,4,42.0,3.75801123,0.0,Homo sapiens,Australian aboriginie,2,106,61572,45,0,10,2,5,0
Posterior,MH19776,0,12,27.0,5.01978364,0.75,Papio,Alaska,2,383,63255,7,0,10,2,6,0
Posterior,BM1976.1427,1,12,37.0,3.4773143,0.75,Papio,Alaska,2,120,61507,8,0,6,1,3,0
Anterior,BRK126107,0,12,42.0,3.08917899,0.0,Homo sapiens,West Africa,2,145,64642,48,0,6,1,1,0
Premolar,UVS125,0,12,32.0,2.86641,0.25,Pan,West Africa,4,166,62638,4,0,5,1,3,0
Anterior,MH3616,0,6,27.0,4.16980327,0.0,Papio,Sami,4,166,66852,44,0,5,1,4,0
Anterior,BRK126256,0,10,27.0,2.78157736,0.5,Pongo,East Africa,4,145,67306,7,0,5,2,1,1
Anterior,AMNH99.1/84-B,0,12,57.0,2.92732743,0.0,Homo sapiens,West Africa,4,120,72553,15,0,10,2,1,0
Anterior,AMNH99.1/111,4,12,22.0,3.89582582,1.0,Papio,Alaska,3,383,66761,72,0,13,1,2,0
Anterior,MH2283,0,12,37.0,4.94131337,0.75,Pan,Australian aboriginie,2,106,71357,44,0,10,1,4,0
Anterior,UVS55,0,4,37.0,10.5751031,0.0,Pan,Australian aboriginie,3,166,69781,48,0,13,1,5,0
Posterior,BM1976.1438,0,3,27.0,9.7611705,1.0,Pan,Native Californian,3,324,68791,3,0,5,2,8,0
Premolar,HTB1214,0,12,27.0,12.5,0.75,Homo sapiens,Borneo,2,383,63230,40,1,5,1,5,0
Posterior,BRK125660,0,12,37.0,2.87155209,1.0,Papio,Australian aboriginie,3,120,70839,3,0,5,2,1,0
Premolar,BM1964.2174,1,8,42.0,5.71763847,0.5,Homo sapiens,East Africa,4,106,70003,44,0,10,2,3,0
Premolar,IPHA.34,0,12,27.0,3.02477635,1.0,Pongo,Ebolwa,3,383,71563,8,0,5,2,4,0
Anterior,BRK125676,0,8,52.0,10.0,0.75,Homo sapiens,Australian aboriginie,2,324,61747,55,0,13,1,5,0
Anterior,MH22283,0,8,27.0,5.06666429,0.5,Homo sapiens,Afalou,3,106,62596,44,0,13,1,4,0
Posterior,HTB1707,0,12,32.0,2.86641,0.25,Homo sapiens,West Africa,3,106,71910,48,0,5,1,1,0
Anterior,BRK126252,0,12,27.0,2.81004779,0.75,Homo sapiens,Australian aboriginie,3,383,70599,109,0,10,1,4,0
Anterior,MH1511,0,12,22.0,7.85088419,0.75,Homo sapiens,Australian aboriginie,2,120,64188,1,0,13,1,5,0
Premolar,HTB1497,0,8,22.0,3.29146087,0.5,Homo sapiens,East Africa,2,106,69500,3,0,5,2,1,0
Anterior,BRK126767,0,12,32.0,3.6064238,0.75,Homo sapiens,Afalou,3,106,61911,73,0,10,2,5,0
Premolar,NMNH226089,0,6,32.0,8.23260632,0.5,Homo sapiens,Borneo,2,145,66910,32,0,5,1,4,0
Anterior,AMNH99.1/103,0,8,37.0,1.93878354,0.25,Pan,West Africa,3,106,66613,8,0,5,1,3,0
Premolar,MH12327,0,12,37.0,5.06666429,0.25,Papio,Alaska,2,324,71001,3,0,5,1,4,0
Posterior,HTB2751,0,12,57.0,5.035316,0.0,Papio,Native Californian,3,145,66373,44,0,10,2,1,0
Posterior,IPHA.1,0,6,57.0,3.16346606,0.25,Homo sapiens,Chucki,2,145,63503,8,0,10,1,5,0
Premolar,AMNH99.1/83-A,2,8,42.0,9.7611705,1.0,Papio,Buriat,2,166,63438,44,0,5,2,6,0
Premolar,MH1511,0,8,27.0,2.62887685,0.25,Pongo,Chucki,2,324,69914,111,0,10,2,8,0
Posterior,HTB0890,0,12,32.0,1.26803942,0.25,Papio,Borneo,4,120,68007,7,0,5,1,5,0
Posterior,HTB2001,0,12,42.0,3.77992193,1.0,Pongo,East Africa,2,166,70185,8,0,13,2,3,1
Premolar,HTB0890,0,12,47.0,5.56908606,0.75,Homo sapiens,French Cameroons,2,120,69732,111,0,5,1,3,0
Premolar,NMNH350097,0,8,27.0,2.43523526,0.25,Homo sapiens,Ebolwa,4,324,66613,8,0,5,1,3,0
Anterior,NMNH329779,0,12,27.0,22.9989102,0.75,Pongo,West Africa,2,166,61762,8,0,5,2,5,0
Premolar,HTB1735,1,8,37.0,2.43523526,0.25,Papio,Afalou,4,120,64345,44,0,5,2,1,0
Posterior,AMNH99.1/72,0,12,22.0,31.4169538,0.25,Homo sapiens,Alaska,2,383,65722,8,0,10,2,1,1
Posterior,HTB1214,0,12,32.0,2.67965585,0.25,Homo sapiens,Tasmanien,2,106,65318,15,0,6,1,2,0
Premolar,MH19826,0,6,37.0,3.63654073,0.75,Homo sapiens,Australian aboriginie,3,106,68379,44,0,5,2,4,0
Anterior,MH20325,0,13,22.0,5.3679133,0.75,Pongo,Afalou,3,145,67975,95,0,13,1,4,0
Premolar,BRK126054,0,12,22.0,3.80749511,0.5,Homo sapiens,French Cameroons,4,383,69880,3,0,13,1,4,0
Premolar,HTB1745,2,8,27.0,3.16436617,0.75,Homo sapiens,Central Africa,2,324,63172,80,0,10,2,4,0
Anterior,MH24592,0,12,22.0,6.19608209,0.75,Homo sapiens,Afalou,4,166,69179,30,0,13,2,4,0
Premolar,MH10289,0,12,22.0,3.66038599,0.5,Pongo,Afalou,2,166,68858,3,0,6,2,6,0
Premolar,BRK126264,0,12,22.0,6.89761633,0.5,Homo sapiens,Native Californian,2,120,63255,44,1,5,2,5,0
Premolar,BM1899.6.10.2,0,8,37.0,2.09782262,0.25,Homo sapiens,Ebolwa,3,383,63990,7,0,6,2,6,0
Premolar,BM1976.1423,0,8,32.0,15.6187914,0.0,Homo sapiens,Afalou,3,145,63230,3,0,10,1,4,0
Posterior,AMNH99.1/97,4,6,47.0,2.77440906,0.5,Papio,Native Californian,2,166,69724,48,0,13,1,6,1
Anterior,NMNH380451,0,12,32.0,3.45050478,0.25,Homo sapiens,Australian aboriginie,3,166,63958,48,0,5,2,6,0
Posterior,PMN1497,0,12,37.0,3.71761878,0.75,Papio,Alaska,2,166,69765,7,0,13,1,1,1
Anterior,BM50a,0,5,22.0,11.8783346,0.0,Pan,East Africa,2,166,64592,7,0,5,2,3,1
Posterior,UVS34,5,12,27.0,4.32538295,0.25,Homo sapiens,French Cameroons,2,324,63693,72,0,6,2,6,0
Premolar,AMNH99.1/77,0,12,22.0,27.9211585,0.25,Papio,Australian aboriginie,3,145,69377,49,0,13,2,7,0
Posterior,UVS68,0,12,22.0,2.26921034,0.0,Homo sapiens,Afalou,4,324,65771,3,0,5,1,1,0
Anterior,BM1939.1006,1,6,22.0,4.35428022,1.0,Pongo,Australian aboriginie,2,324,70896,3,0,5,1,6,0
Anterior,NMNH225032,0,6,32.0,5.29502645,0.75,Homo sapiens,Native Californian,4,120,72132,8,0,5,2,1,0
Premolar,UVS125,0,8,22.0,10.5,0.5,Papio,Ebolwa,2,145,69948,48,0,13,1,4,0
Anterior,BRK126266,0,12,42.0,2.69681693,0.0,Homo sapiens,Native Californian,2,145,67595,44,0,5,1,7,0
Posterior,NMNH344715,0,12,52.0,10.0,0.5,Homo sapiens,Buriat,2,383,63594,3,0,5,1,7,0
Posterior,UVS63,0,6,27.0,15.0,0.75,Homo sapiens,Borneo,2,145,71811,8,0,13,2,5,1
Anterior,BM1976.1422,1,8,27.0,2.64926405,0.75,Homo sapiens,Afalou,2,145,64642,44,0,5,2,4,0
Anterior,BM1939.1008,1,8,32.0,4.42495725,0.75,Homo sapiens,Khoi-San or bushman half-caste,2,383,64667,48,0,10,2,3,0
Premolar,NMNH278702,0,6,42.0,3.10683206,0.0,Homo sapiens,Native Californian,3,383,64600,15,0,5,2,4,0
Premolar,PMN3064A,0,12,22.0,4.50357659,0.0,Homo sapiens,Afalou,3,120,65649,22,0,10,1,7,0
Premolar,AMNH99.1/59,2,6,42.0,3.08319431,0.5,Homo sapiens,South Africa,3,106,63313,64,0,5,2,6,1
Premolar,AMNH99.1/102,0,12,37.0,6.19980411,1.0,Homo sapiens,Native Californian,4,324,63370,8,0,10,1,6,0
Premolar,NMNH283607,0,11,32.0,3.71619727,0.25,Homo sapiens,Borneo,3,106,67587,40,0,5,2,4,0
Posterior,MH4460,0,11,42.0,3.06608828,0.25,Homo sapiens,East Africa,3,324,68056,30,0,5,1,5,0
Posterior,BM1936.12.28.2,0,12,37.0,2.87155209,0.25,Homo sapiens,Chucki,4,145,62828,31,0,10,1,7,0
Premolar,BRK126248,0,9,42.0,3.60915514,1.0,Papio,Native Californian,2,120,67470,7,0,5,2,3,0
Premolar,BRK126271,3,12,22.0,3.44508735,0.25,Homo sapiens,Australian aboriginie,4,106,63255,3,0,5,2,2,0
Premolar,AMNH99.1/86-C,0,6,32.0,2.29036872,1.0,Pan,Alaska,2,383,67736,3,0,13,1,3,0
Anterior,HTB3515,0,8,27.0,5.56908606,0.25,Pongo,Native Californian,2,324,63438,3,0,13,2,3,0
Premolar,BM1927.8.14.1,0,12,42.0,4.86831607,0.75,Homo sapiens,Sami,4,145,68866,8,0,10,1,5,0
Posterior,NMNH278711,0,6,27.0,12.5,0.5,Homo sapiens,Yaghan,2,383,70722,102,0,5,2,5,1
Posterior,UVS22,0,12,22.0,16.4384771,1.0,Homo sapiens,Native Californian,2,383,70078,44,0,5,1,2,0
Anterior,HTB1744,3,6,37.0,8.74186019,0.25,Homo sapiens,Native Californian,2,166,65045,57,0,6,2,6,0
Anterior,UVS102,0,6,27.0,3.44508735,1.0,Homo sapiens,Khoi-San,4,324,68635,57,0,13,2,5,0
Posterior,BRK125822,0,8,27.0,5.44334199,0.75,Pan,Native Californian,2,145,68965,8,0,5,2,4,0
Posterior,HTB2771,0,12,32.0,2.35865298,0.75,Papio,Khoi-San,2,106,73726,24,0,5,1,7,0
Premolar,NMNH278704,0,8,52.0,2.33671692,0.75,Homo sapiens,Alaska,2,106,65961,3,0,5,1,6,0
Premolar,BRK125811,0,8,57.0,2.93195822,0.75,Pan,Borneo,4,383,62323,58,0,5,2,3,0
Anterior,MH22280,0,8,32.0,4.86555727,0.75,Pan,Native Californian,2,120,67348,8,0,10,2,4,0
Anterior,BRK126092,2,12,22.0,4.81608016,0.75,Pan,East Africa,2,106,61382,57,0,5,2,5,0
Anterior,NMNH226092,0,12,17.5,3.80749511,0.25,Homo sapiens,East Africa,2,145,68205,44,0,10,2,4,0
Anterior,MH12326,0,12,42.0,5.06022442,0.25,Homo sapiens,Chucki,2,120,62174,111,0,10,1,5,0
Premolar,NMNH283606,2,12,37.0,5.44334199,0.75,Papio,Khoi-San,3,324,68536,45,0,10,1,4,0
Premolar,BRK126092,0,12,27.0,2.96878123,0.75,Pan,Alaska,3,166,69955,8,0,10,2,3,0
Posterior,MH19777,0,8,22.0,8.38792417,1.0,Homo sapiens,East Africa,2,166,71811,8,0,6,2,5,0
Posterior,AMNH99.1/89-A,0,12,22.0,2.92732743,0.75,Homo sapiens,Native Californian,4,166,72587,8,0,5,2,4,0
Anterior,MH5330,0,12,22.0,3.71761878,0.0,Homo sapiens,Australian aboriginie,2,324,66399,3,0,10,2,5,0
Premolar,BRK126260,0,12,32.0,2.86641,0.25,Homo sapiens,Australian aboriginie,4,166,61887,37,0,5,1,4,0
Anterior,AMNH99.1/102,0,6,32.0,5.00397466,0.25,Homo sapiens,Native Californian,3,383,70409,8,0,5,1,1,0
Premolar,HTB1903,0,12,52.0,6.99594743,0.75,Homo sapiens,Australian aboriginie,2,324,69542,65,0,6,1,1,0
Anterior,NMNH344713,0,12,22.0,12.6,0.75,Homo sapiens,Alaska,2,383,66167,8,0,10,2,4,0
Anterior,BM1931.4.1.1,0,12,42.0,2.52520843,0.0,Homo sapiens,Khoi-San,3,324,72348,111,0,10,2,5,0
Anterior,HTB1212,0,7,27.0,1.26803942,0.5,Homo sapiens,Native Californian,2,145,64717,7,0,13,1,3,0
Anterior,HTB2032,2,6,47.0,4.00197497,0.5,Homo sapiens,Alaska,4,383,70482,70,0,5,2,5,0
Anterior,BM1939.1005,0,8,57.0,2.35865298,0.75,Pan,East Africa,2,324,62638,34,0,5,2,4,0
Premolar,MH10285,0,12,42.0,2.43523526,0.75,Homo sapiens,Afalou,2,324,70185,7,0,5,2,8,0
Premolar,BM1900.3.18.1,0,4,37.0,3.03626772,0.75,Papio,Ebolwa,3,166,65557,7,0,5,1,5,0
Anterior,HTB1151,0,6,22.0,10.0,0.0,Pongo,Borneo,2,324,65631,3,0,10,1,5,0
Posterior,HTB3413,0,6,32.0,4.27445115,0.75,Homo sapiens,Khoi-San or bushman half-caste,2,106,75135,71,0,5,2,7,0
Anterior,HTB3538,0,8,22.0,1.99807578,0.25,Homo sapiens,Australian aboriginie,2,106,72173,7,0,5,1,4,0
Anterior,BM1976.1419,0,4,27.0,5.06666429,0.25,Pongo,Khoi-San,2,383,68858,44,0,5,2,5,0
Anterior,BM1899.7.8.1,0,9,27.0,2.03288089,0.0,Homo sapiens,Buriat,3,106,69724,55,0,10,1,4,0
Anterior,BM1939.1021,0,8,22.0,2.81636112,0.25,Papio,Alaska,2,145,63875,87,1,10,2,1,0
Anterior,NMNH278716,0,4,42.0,6.99594743,1.0,Pongo,Australian aboriginie,2,324,75002,7,0,5,1,5,0
Anterior,BRK126087,0,12,42.0,2.00186723,0.0,Homo sapiens,Khoi-San,2,166,65862,7,0,10,1,5,0
Anterior,BM1904.8.2.3,0,12,22.0,4.35428022,0.0,Pan,Buriat,2,120,67116,3,0,5,2,4,0
Posterior,HTB3537,0,6,37.0,5.3679133,1.0,Papio,Chucki,2,383,63370,44,0,10,1,4,0
Posterior,HTB2034,0,12,42.0,6.96111299,0.75,Papio,East Africa,3,166,71035,7,0,5,1,7,1
Posterior,HTB1220,0,12,27.0,3.09538823,0.0,Homo sapiens,East Africa,2,145,71795,8,0,10,2,5,0
Premolar,NMNH350098,5,12,22.0,3.48559185,1.0,Homo sapiens,East Africa,2,324,63172,7,0,13,2,1,0
Anterior,IPHA.9,0,12,22.0,5.83722718,0.75,Homo sapiens,Khoi-San or bushman half-caste,2,120,72512,8,0,13,1,5,1
Premolar,BM1939.1021,0,12,52.0,6.70718105,0.25,Homo sapiens,Buriat,2,106,66761,44,0,5,2,6,1
Anterior,NMNH226090,4,8,22.0,3.02477635,1.0,Homo sapiens,Borneo,2,324,63321,3,0,5,2,5,0
Premolar,MH1701,2,8,32.0,3.37708808,0.75,Homo sapiens,French Cameroons,3,166,70847,7,0,6,2,3,0
Posterior,BM1925.5.12.1,0,13,42.0,4.1148462,0.5,Homo sapiens,West Africa,2,106,72108,44,0,5,1,6,0
Anterior,IPHA.2,0,12,42.0,2.81576611,0.75,Pongo,Afalou,2,383,71001,49,0,5,2,4,1
Anterior,BM1939.1005,0,12,22.0,3.58600079,0.5,Homo sapiens,Ebolwa,4,120,71431,7,0,10,2,1,0
Premolar,MH1503,0,12,27.0,4.74312763,0.0,Homo sapiens,Arabia,2,383,68882,7,0,5,1,5,1
Posterior,BM1976.1429,0,8,27.0,4.43727895,0.5,Homo sapiens,Buriat,2,166,63792,44,0,5,1,1,0
Posterior,HTB1768,0,12,37.0,1.89297439,0.0,Homo sapiens,Australian aboriginie,2,166,70680,8,0,10,2,3,0
Premolar,NMNH278710,0,12,27.0,3.44508735,0.25,Homo sapiens,Native Californian,4,106,68957,3,0,5,2,1,0
Anterior,IPHA.7,0,6,22.0,2.81576611,0.75,Papio,French Cameroons,2,120,69815,101,0,5,2,3,1
Premolar,HTB1043,0,12,22.0,3.58600079,0.75,Homo sapiens,Afalou,2,120,72447,48,0,5,1,4,0
Posterior,HTB1890,0,12,32.0,2.50774612,0.75,Papio,Native Californian,2,145,69005,3,0,10,1,4,0
Anterior,HTB1739,0,8,22.0,2.06875973,0.75,Papio,Khoi-San,2,383,65177,44,0,5,2,3,0
Premolar,NMNH226087,0,8,27.0,8.82500633,0.75,Papio,Fuegian,4,106,72058,44,0,10,2,4,0
Posterior,NMNH226089,0,12,27.0,9.1,0.25,Homo sapiens,Alaska,4,145,70995,3,0,10,2,3,0
Posterior,MH12323,1,12,22.0,10.5,1.0,Homo sapiens,East Africa,2,166,63719,8,0,13,1,4,0
Premolar,HTB1723,0,12,22.0,3.03626772,0.5,Pongo,Australian aboriginie,2,106,72371,44,0,6,1,3,1
Premolar,NMNH226086,8,8,27.0,4.03507241,0.25,Homo sapiens,Central Africa,2,324,69138,3,0,5,1,8,0
Posterior,IPHA.30,0,8,27.0,3.68843519,0.0,Homo sapiens,Afalou,3,145,63420,32,0,10,1,3,0
Anterior,UVS52,0,12,32.0,2.77440906,1.0,Homo sapiens,Khoi-San,2,324,63339,15,0,10,1,6,0
Premolar,UVS10,1,6,27.0,2.392161,1.0,Pan,Khoi-San or bushman half-caste,2,145,61838,7,0,13,1,4,1
Posterior,UCD2(L-23-1)b,0,6,32.0,3.49014071,0.5,Pan,Chucki,3,383,63404,44,0,5,1,5,0
Premolar,MH10291,0,8,57.0,1.83988868,0.0,Homo sapiens,Australian aboriginie,4,166,63958,8,0,13,2,4,0
Posterior,BM1976.1408,6,12,37.0,3.56943631,1.0,Homo sapiens,Afalou,2,166,72199,3,0,5,1,6,0
Premolar,IPHA.2,0,12,22.0,3.29146087,0.25,Pongo,East Africa,2,383,70185,89,0,13,2,6,0
Posterior,HTB1889,0,12,37.0,15.0,0.0,Papio,Tasmanien,3,383,67645,44,0,10,2,5,0
Premolar,UVS45,0,4,47.0,2.429595478,0.5,Papio,Afalou,4,145,65151,8,0,5,1,5,0
Posterior,BM1976.1430,0,12,27.0,3.42374303,0.25,Pongo,West Africa,2,166,63917,44,0,10,2,8,0
Posterior,IPHA.22,0,8,32.0,4.35423659,0.5,Homo sapiens,Buriat,3,324,69385,139,0,13,1,6,0
Premolar,BRK126292,0,6,27.0,5.22500246,0.25,Homo sapiens,East Africa,2,106,63552,7,0,5,1,3,0
Posterior,MH1525,0,8,22.0,2.87155209,1.0,Homo sapiens,East Africa,4,166,68437,7,0,10,1,4,0
Posterior,BRK126773,0,12,37.0,4.08156052,0.25,Homo sapiens,Australian aboriginie,2,166,66696,8,0,10,2,3,0
Anterior,NMNH283615,0,12,22.0,5.39328887,0.25,Homo sapiens,East Africa,2,106,61945,44,0,5,2,5,0
Posterior,BM1976.1437,6,12,52.0,2.26582834,1.0,Homo sapiens,Alaska,3,106,68395,8,0,5,2,1,0
Anterior,MH19777,0,12,22.0,4.74312763,0.25,Pan,East Africa,2,324,72355,8,0,5,2,8,0
Premolar,HTB1719,0,12,27.0,2.24541074,0.25,Homo sapiens,West Africa,3,324,64063,8,0,5,2,2,0
Posterior,HTB1768,2,12,37.0,3.05433283,0.0,Pan,French Cameroons,2,166,61838,72,0,10,2,7,0
Anterior,HTB3552,0,8,22.0,3.4773143,0.75,Papio,East Africa,2,166,63461,3,0,5,1,6,0
Anterior,MH24934B,0,6,52.0,7.36905252,0.5,Papio,Native Californian,3,166,69955,7,0,5,2,4,0
Anterior,HTB1708,0,12,32.0,10.0,0.0,Homo sapiens,Khoi-San,2,383,63461,7,0,5,1,3,0
Posterior,BRK126761,0,12,22.0,4.43727895,0.0,Homo sapiens,Fuegian,4,120,72363,40,0,10,2,3,0
Premolar,BM1868.4.16.2,0,12,32.0,4.01057301,0.25,Homo sapiens,Alaska,3,120,63966,34,0,5,1,6,0
Anterior,BM1976.1434,3,12,32.0,4.40412318,0.25,Homo sapiens,Khoi-San,4,383,68726,15,0,10,2,1,0
Posterior,BM1976.1420,0,7,52.0,3.06608828,0.75,Homo sapiens,Alaska,3,324,71647,44,0,13,1,3,0
Anterior,HTB3537,0,12,22.0,7.47240717,0.75,Homo sapiens,Borneo,2,324,72108,8,0,5,1,6,0
Premolar,UVS105,0,12,22.0,15.6187914,0.5,Homo sapiens,Australian aboriginie,3,145,67595,44,0,13,1,6,0
Posterior,BRK126266,0,12,37.0,4.94131337,0.5,Homo sapiens,Sami,2,145,61770,70,0,13,2,6,0
Premolar,UVS42,1,12,47.0,4.81608016,0.0,Papio,Khoi-San,3,383,72017,7,0,5,2,5,0
Anterior,BM1976.1435,0,12,22.0,4.97264041,0.0,Homo sapiens,Native Californian,2,166,67280,44,0,10,2,3,0
Posterior,BRK125661,0,12,32.0,3.45465859,0.0,Papio,Khoi-San or bushman half-caste,3,120,72199,8,0,10,2,4,0
Posterior,BRK126768,0,12,32.0,15.0,0.5,Homo sapiens,East Africa,2,166,68981,3,0,6,1,3,0
Premolar,UVS38,0,5,32.0,3.39106649,0.75,Homo sapiens,Buriat,2,106,71829,44,0,10,2,4,0
Anterior,MH19777,0,8,27.0,4.29484575,1.0,Homo sapiens,Native Californian,3,324,69724,44,0,10,1,5,0
Anterior,BM1910.10.3.1,0,12,32.0,4.778975048,0.75,Homo sapiens,Native Californian,3,166,72298,8,0,5,2,7,0
Premolar,BRK125811,0,7,22.0,2.59401611,0.75,Papio,East Africa,2,383,65813,8,0,10,1,3,0
Anterior,IPHA.1,0,12,32.0,2.9625106,0.0,Homo sapiens,Khoi-San or bushman half-caste,3,383,68049,8,0,10,1,3,0
Posterior,HTB1703,2,12,22.0,3.92661051,1.0,Pan,Khoi-San or bushman half-caste,3,324,72181,22,0,10,2,7,0
Posterior,HTB1719,0,12,22.0,3.54750963,0.75,Homo sapiens,Khoi-San or bushman half-caste,3,166,63883,7,0,6,1,4,0
Posterior,HTB1212,0,6,27.0,3.33164782,0.0,Homo sapiens,Ebolwa,2,383,67504,8,0,10,1,1,0
Anterior,MH19776,0,12,32.0,3.87558812,0.25,Homo sapiens,Australian aboriginie,4,324,62323,44,0,5,2,4,0
Posterior,MH19826,0,8,37.0,4.97264041,0.75,Homo sapiens,Borneo,2,166,65862,7,0,5,2,6,1
Premolar,HTB1959,8,12,42.0,4.47291497,0.75,Pan,Ebolwa,3,145,63172,107,0,13,1,6,1
Posterior,IPHA.47,0,12,27.0,4.29484575,0.5,Homo sapiens,Central Africa,2,106,61960,72,0,5,1,7,0
Posterior,MH1507,0,8,22.0,2.67736152,0.5,Homo sapiens,Australian aboriginie,2,145,70508,7,0,6,1,5,0
Premolar,MH11150,0,8,52.0,3.16442127,1.0,Pan,Australian aboriginie,2,120,61549,34,0,5,1,6,1
Premolar,BM1971.2353,0,6,27.0,3.52464829,1.0,Homo sapiens,Khoi-San or bushman half-caste,2,106,68874,8,0,10,2,8,0
Posterior,AMNH99.1/84-D,1,6,27.0,10.4,0.75,Homo sapiens,Australian aboriginie,2,324,68163,44,0,5,1,6,0
Premolar,UVS62,1,12,37.0,18.0781611,0.25,Pan,Chucki,3,145,66456,8,0,5,2,5,0
Posterior,BRK126250,0,8,27.0,3.39774848,0.25,Homo sapiens,Chucki,3,120,70417,72,0,5,1,4,0
Posterior,BM1939.1006,1,8,32.0,4.94131337,0.25,Papio,West Africa,2,145,65151,129,0,10,2,2,0
Posterior,BM1913.10.18.3,1,8,32.0,2.63528098,0.75,Papio,Native Californian,2,120,61952,15,0,10,1,5,0
Premolar,AMNH99.1/98,0,6,42.0,5.56908606,0.5,Papio,Australian aboriginie,3,383,69815,44,0,5,1,5,1
Anterior,MH24934C,0,9,22.0,2.53199324,0.5,Homo sapiens,East Africa,2,166,70649,49,0,5,2,5,0
Premolar,PMN1497,0,10,42.0,8.74186019,1.0,Papio,French Cameroons,4,166,75085,7,0,5,2,5,0
Posterior,HTB2771,0,8,37.0,2.00186723,0.75,Papio,Alaska,2,383,68379,3,0,5,1,7,1
Anterior,NMNH278707,2,6,32.0,3.60361662,0.75,Homo sapiens,Buriat,3,383,70128,8,0,10,1,5,0
Anterior,BRK126243,0,8,27.0,3.2920468,0.25,Homo sapiens,Native Californian,3,383,66167,3,0,10,1,6,1
Premolar,NMNH380447,0,12,32.0,3.92661051,0.25,Papio,Native Californian,2,383,70730,32,0,5,1,4,0
Anterior,AMNH99.1/75-A,1,12,22.0,2.35589319,0.25,Homo sapiens,Ebolwa,2,166,61382,7,0,10,2,1,1
Posterior,NMNH278702,0,6,37.0,3.35840919,0.0,Papio,Afalou,2,166,69518,7,0,13,2,5,0
Anterior,UVS104,1,7,57.0,15.0,0.0,Homo sapiens,Afalou,2,106,70896,3,0,10,1,3,0
Premolar,MH24893,0,12,22.0,14.6850608,0.0,Homo sapiens,Ebolwa,3,166,70672,48,0,10,2,3,0
Premolar,NMNH380464,0,12,37.0,3.02477635,0.5,Homo sapiens,Afalou,2,120,62380,7,0,5,1,6,1
Premolar,MH1526,4,8,32.0,5.39328887,0.25,Pan,Australian aboriginie,4,383,69682,48,0,10,1,4,0
Anterior,BRK126125,0,8,22.0,3.86877709,0.25,Homo sapiens,Alaska,2,145,67553,64,0,5,1,5,0
Premolar,MH24934A,0,12,57.0,15.0,1.0,Homo sapiens,Ebolwa,2,120,70128,55,0,5,1,3,0
Posterior,BM1932.7.6.1,0,12,37.0,3.48066219,0.25,Papio,East Africa,4,166,67785,64,0,10,2,5,0
Anterior,IPHA.12,0,12,27.0,3.32794049,0.5,Pan,East Africa,2,383,67322,64,0,5,2,8,1
Anterior,MH20914,0,6,27.0,3.4773143,0.75,Pan,Australian aboriginie,2,324,72611,84,0,10,1,3,1
Anterior,BM1971.2353,6,4,32.0,3.10683206,0.0,Homo sapiens,Native Californian,4,324,69369,66,0,13,1,1,0
Posterior,BM1899.11.6.1,0,7,42.0,2.19399907,0.75,Homo sapiens,Sami,2,324,68932,102,0,5,1,7,0
Anterior,IPHA.7,0,6,27.0,3.05433283,0.5,Homo sapiens,Alaska,2,145,68098,8,0,10,2,5,0
Premolar,BRK126121,0,12,22.0,15.0,0.0,Homo sapiens,Yaghan,3,383,63032,3,0,10,1,1,0
Posterior,BM1908.7.17.1,0,8,32.0,5.00397466,1.0,Papio,Borneo,3,145,71365,44,0,10,1,5,0
Posterior,HTB3552,0,8,22.0,3.85801676,0.25,Homo sapiens,Native Californian,2,324,70961,3,0,10,2,4,0
Anterior,MH1670,0,8,37.0,3.63455838,0.0,Pan,Native Californian,2,145,68080,72,0,10,2,4,0
Premolar,BRK126089,0,12,37.0,4.06776118,0.75,Papio,Afalou,3,145,72348,8,0,5,1,7,1
Posterior,IPHA.45,0,8,32.0,3.45465859,0.75,Homo sapiens,Khoi-San,3,106,72405,44,0,6,1,7,0
Posterior,BM1905.5.10.1,0,12,47.0,16.8483619,1.0,Homo sapiens,French Cameroons,3,324,63016,3,0,10,2,4,0
Anterior,BRK126760,0,12,22.0,4.01057301,0.0,Homo sapiens,Australian aboriginie,4,383,62976,28,0,13,2,1,0
Anterior,BRK126768,0,8,57.0,3.35840919,0.75,Homo sapiens,Afalou,2,166,63933,7,0,13,1,5,1
Posterior,BM1925.5.12.1,0,12,37.0,8.23260632,0.5,Pongo,Australian aboriginie,2,106,65391,45,0,5,2,8,0
Premolar,BRK126104,0,4,42.0,2.38690817,0.5,Homo sapiens,Native Californian,3,106,64816,47,0,5,2,2,0
Premolar,BRK126113,0,6,37.0,3.60361662,0.75,Homo sapiens,Borneo,3,120,69278,3,0,10,2,5,0
Premolar,MH4763,0,6,32.0,4.42495725,0.5,Homo sapiens,Afalou,2,106,62745,48,0,10,2,3,0
Premolar,HTB1708,0,12,37.0,3.29146087,0.5,Pan,Ebolwa,3,106,61812,3,0,5,2,8,0
Premolar,BM1908.7.17.1,0,4,27.0,2.95130863,1.0,Homo sapiens,Australian aboriginie,2,106,69104,44,0,10,2,5,0
Premolar,MH12316,0,12,27.0,4.59386268,1.0,Homo sapiens,Australian aboriginie,4,324,66407,111,0,10,2,5,0
Posterior,NMNH331243,0,8,27.0,2.87155209,1.0,Pan,East Africa,2,166,61523,21,0,10,1,5,0
Anterior,UVS58,0,12,22.0,14.6850608,0.25,Homo sapiens,Native Californian,2,145,69161,3,0,10,2,6,0
Premolar,MH5329,1,12,32.0,4.32538295,0.25,Homo sapiens,Native Californian,3,383,66423,34,0,10,2,1,0
Premolar,MH12318,0,8,27.0,11.5228136,0.75,Homo sapiens,Native Californian,2,145,68791,44,0,6,1,7,0
Posterior,HTB2034,0,12,37.0,3.79588028,0.25,Homo sapiens,Central Africa,4,324,65763,48,0,6,2,5,0
Posterior,IPHA.28,0,8,27.0,2.74721254,1.0,Papio,Native Californian,4,120,72561,8,0,10,1,6,0
Posterior,PMN1390,6,12,37.0,6.89761633,0.0,Homo sapiens,Native Californian,3,106,71282,8,0,5,1,1,0
Posterior,HTB1701,0,6,27.0,5.39328887,1.0,Papio,Borneo,2,106,63479,7,0,13,1,1,0
Posterior,BRK126087,0,12,32.0,5.83722718,0.0,Homo sapiens,Alaska,4,120,63800,7,0,10,2,7,0
Posterior,UCD2(16)b,0,6,22.0,1.83988868,0.5,Homo sapiens,Alaska,2,106,65110,44,0,13,2,7,0
Premolar,IPHA.30,0,12,27.0,4.90999368,0.25,Homo sapiens,Khoi-San,4,383,71969,3,0,5,2,5,0
Premolar,BRK126761,2,12,32.0,3.77992193,1.0,Homo sapiens,Ebolwa,3,106,64998,64,0,10,2,5,1
Posterior,BM1939.1006,2,12,27.0,4.16980327,0.0,Homo sapiens,Fuegian,2,120,73726,8,0,5,1,3,0
Anterior,NMNH380466,0,12,32.0,4.00197497,0.0,Homo sapiens,Native Californian,3,383,70979,7,0,5,2,4,0
Anterior,BM1899.7.8.1,0,12,32.0,3.60361662,0.25,Homo sapiens,Afalou,2,324,61911,3,0,13,1,1,0
Anterior,UVS29,0,8,22.0,2.64926405,0.75,Homo sapiens,Australian aboriginie,2,383,71837,8,0,10,2,7,0
Anterior,HTB3413,5,6,22.0,3.92661051,0.0,Homo sapiens,Afalou,2,166,73544,3,0,10,2,5,0
Premolar,HTB3412,0,12,37.0,1.80774282,0.75,Homo sapiens,Yaghan,3,383,70045,54,0,13,2,5,0
Anterior,IPHA.45,0,12,32.0,3.92661051,0.75,Homo sapiens,Buriat,3,383,65722,8,0,6,1,7,0
Premolar,IPHA.49,3,12,22.0,3.97369678,0.25,Pongo,Native Californian,2,324,62984,8,0,10,2,5,0
Posterior,NMNH278712,0,12,42.0,6.96111299,0.0,Homo sapiens,Ebolwa,4,106,63438,44,0,10,1,1,1
Anterior,UCD2(1)b,0,11,27.0,10.5751031,0.0,Homo sapiens,Khoi-San,2,145,64196,27,0,13,1,8,0
Posterior,BM1976.1416,0,7,32.0,3.03626772,0.5,Homo sapiens,East Africa,2,120,66530,31,0,5,2,5,1
Premolar,IPHA.46,1,12,32.0,5.1293812,0.75,Pongo,Chucki,2,106,64626,8,0,5,2,2,0
Anterior,NMNH344712,0,4,42.0,27.9211585,0.25,Pan,Borneo,2,383,69518,44,0,6,1,1,0
Posterior,MH3619,0,4,22.0,2.86641,0.75,Homo sapiens,East Africa,4,106,68999,3,0,13,1,5,0
Anterior,UVS58,0,8,27.0,2.19049743,0.25,Pongo,Australian aboriginie,3,166,70821,7,0,5,1,5,0
Premolar,HTB1216,0,11,47.0,3.56943631,0.25,Pongo,Sami,3,145,68163,3,0,13,2,7,0
Posterior,AMNH99.1/94,0,8,42.0,2.86641,0.25,Homo sapiens,Australian aboriginie,2,106,70821,44,0,5,2,7,0
Premolar,BRK125811,2,5,27.0,5.035316,0.25,Papio,Khoi-San or bushman half-caste,2,120,64758,8,0,5,2,5,0
Posterior,BM1976.1426,0,8,47.0,2.35865298,0.75,Papio,Australian aboriginie,4,120,72587,76,0,5,1,1,0
Anterior,HTB2823,0,12,32.0,4.40412318,0.75,Homo sapiens,Alaska,4,145,64816,3,0,6,1,1,0
Anterior,MH1503,1,8,37.0,7.36905252,0.75,Pan,Australian aboriginie,2,166,75119,44,0,10,1,4,0
Anterior,HTB3537,0,12,42.0,2.98325724,1.0,Homo sapiens,Native Californian,3,120,62174,32,0,10,1,1,0
Posterior,BRK126757,0,12,37.0,2.64926405,0.5,Homo sapiens,Ebolwa,3,120,62042,3,0,6,1,3,0
Premolar,BM1935.10.22.24,0,6,27.0,2.85690736,0.25,Homo sapiens,Khoi-San,3,324,68098,69,0,6,2,7,0
Premolar,BM1868.4.16.2,1,8,27.0,3.33964284,0.5,Homo sapiens,Ebolwa,3,383,65318,32,0,10,2,5,0
Premolar,IPHA.13,0,8,37.0,4.28424336,1.0,Homo sapiens,Native Californian,3,166,71266,44,0,5,2,1,0
Premolar,BM1899.6.10.2,2,4,42.0,6.70718105,0.0,Papio,Khoi-San or bushman half-caste,2,106,66589,7,0,5,1,5,0
Anterior,BM1976.1442,0,12,32.0,4.25426601,1.0,Papio,Borneo,4,106,67421,1,0,5,1,5,0
Posterior,HTB2026,0,12,27.0,3.7220627,1.0,Pongo,Borneo,2,166,72538,8,0,5,1,5,0
Posterior,HTB2001,0,12,37.0,1.93720666,0.25,Pan,Afalou,2,145,61846,44,0,5,1,4,0
Premolar,AMNH99.1/100,0,12,32.0,7.85088419,0.75,Pan,East Africa,2,324,70847,44,0,13,2,5,0
Anterior,BRK125670,0,8,47.0,7.9144902,0.25,Pongo,Australian aboriginie,3,383,63842,49,0,10,1,5,0
Posterior,HTB2823,0,8,22.0,3.20634803,0.75,Papio,West Africa,4,106,70870,8,0,10,2,4,0
Anterior,AMNH99.1/96-A,0,8,32.0,12.6,1.0,Homo sapiens,Khoi-San,3,324,63693,8,0,10,1,8,0
Anterior,AMNH99.1/107,0,12,42.0,4.86831607,0.25,Papio,Alaska,2,383,71050,8,0,6,1,6,0
Posterior,AMNH99.1/60,0,12,32.0,2.67736152,0.75,Homo sapiens,Native Californian,3,383,69179,8,0,5,2,8,0
Anterior,UVS52,0,10,27.0,2.74721254,0.75,Homo sapiens,West Africa,3,166,67199,7,0,10,1,3,0
Anterior,PMN3065,0,12,22.0,3.89582582,0.75,Homo sapiens,West Africa,2,324,70300,3,0,10,1,6,0
Premolar,AMNH99.1/61,0,11,37.0,3.52464829,0.75,Homo sapiens,Borneo,2,383,70425,44,0,5,2,5,0
Posterior,MH22281,8,12,32.0,6.79442263,0.5,Homo sapiens,East Africa,3,145,63123,102,0,13,1,1,0
Premolar,MH3616,0,11,37.0,1.93878354,0.75,Homo sapiens,East Africa,2,145,68726,7,0,5,2,6,0
Anterior,MH11150,0,4,32.0,4.32538295,0.75,Homo sapiens,Ebolwa,3,145,71001,71,0,6,1,4,0
Anterior,MH20325,2,8,27.0,3.7272427,0.25,Papio,Native Californian,2,324,72421,24,0,5,1,4,0
Posterior,MH12328,0,12,32.0,4.16498874,1.0,Homo sapiens,Sami,4,145,66498,15,0,5,2,4,0
Premolar,BRK125822,0,12,27.0,7.2151844,0.5,Pan,Ebolwa,2,106,62976,58,0,10,1,5,0
Anterior,IPHA.28,0,6,27.0,2.43523526,0.0,Homo sapiens,Australian aboriginie,3,324,72587,49,0,10,1,4,0
Posterior,AMNH99.1/84-C,0,12,42.0,15.0,0.25,Pan,Australian aboriginie,2,145,70425,44,0,5,1,1,0
Posterior,NMNH278706,0,12,37.0,3.12946271,0.0,Papio,Afalou,3,383,63073,87,0,10,1,4,0
Posterior,BRK126767,8,12,47.0,4.94131337,0.0,Pan,French Cameroons,3,324,63750,48,0,5,1,8,1
Premolar,BRK126472,0,12,42.0,5.81978104,0.0,Homo sapiens,Khoi-San,4,120,67421,71,0,6,2,3,0
Anterior,MH10289,0,12,32.0,2.00186723,0.25,Homo sapiens,East Africa,2,106,64998,50,0,10,2,5,0
Posterior,MH24893,0,8,27.0,12.6,0.0,Papio,Australian aboriginie,4,324,64188,8,1,10,1,7,0
Posterior,MH12318,0,12,22.0,4.72264949,0.0,Papio,Tasmanien,3,324,62703,3,0,6,1,8,1
Premolar,AMNH99.1/83-A,0,12,27.0,4.65756455,0.0,Homo sapiens,Khoi-San,4,166,69948,40,0,10,2,5,0
Premolar,IPHA.3,0,12,32.0,2.64088713,0.75,Homo sapiens,Borneo,4,106,66050,30,0,5,2,4,0
Premolar,MH1507,0,6,27.0,3.60915514,0.0,Papio,Buriat,3,106,63420,8,0,6,2,8,0
Anterior,BRK125832,0,8,32.0,3.35840919,0.25,Homo sapiens,Native Californian,3,166,69575,4,0,13,2,6,0
Posterior,BM1902.9.2.1,0,6,22.0,4.51398683,1.0,Papio,Chucki,3,383,68551,7,0,10,1,3,0
Premolar,HTB3437,2,8,42.0,2.64926405,1.0,Homo sapiens,Chucki,2,145,72108,7,0,5,2,4,0
Posterior,BRK126758,1,12,32.0,10.0,1.0,Homo sapiens,Ona,3,324,61846,44,0,6,1,4,0
Premolar,MH1702,0,8,57.0,6.16831052,0.25,Pan,Native Californian,2,166,75119,8,0,10,1,5,0
Posterior,MH10291,0,8,27.0,3.92661051,0.5,Homo sapiens,Australian aboriginie,2,106,63792,7,0,5,2,4,0
Anterior,MH1509,1,8,27.0,4.33043687,0.25,Papio,Alaska,2,383,62638,1,0,13,2,4,0
Premolar,BRK126760,2,12,37.0,4.94131337,0.25,Homo sapiens,Central Africa,2,383,64717,7,0,10,1,3,0
Premolar,UVS28,0,12,27.0,18.8440476,0.25,Homo sapiens,Australian aboriginie,2,106,61952,8,0,6,2,5,0
Anterior,BM1976.1427,0,4,27.0,5.3679133,0.75,Homo sapiens,Australian aboriginie,4,383,67991,48,0,10,2,1,0
Premolar,HTB1219,0,12,37.0,3.43363244,0.0,Homo sapiens,Afalou,2,324,68866,8,0,10,2,5,0
Premolar,BRK126260,0,4,22.0,2.41143228,0.75,Homo sapiens,Sami,3,106,66860,7,0,5,2,4,0
Anterior,HTB1791,0,12,27.0,3.92784897,0.25,Papio,Australian aboriginie,2,324,61713,21,0,10,1,4,0
Posterior,MH5563,0,8,27.0,3.21217946,0.25,Papio,Buriat,2,120,68965,8,0,5,1,4,0
Anterior,HTB3539,0,12,22.0,4.93536963,0.75,Papio,Native Californian,4,166,64105,44,0,10,2,6,0
Posterior,NMNH380466,0,10,42.0,15.0,0.25,Homo sapiens,Alaska,3,324,65037,7,0,5,2,1,0
Premolar,UCD2(6)b,0,8,22.0,2.03288089,1.0,Homo sapiens,French Cameroons,2,166,61838,3,0,10,1,5,0
Posterior,BRK126776,0,10,32.0,3.95531929,1.0,Homo sapiens,Borneo,2,120,63594,3,0,5,2,7,1
Premolar,AMNH99.1/75-A,0,6,37.0,4.1148462,0.0,Homo sapiens,Khoi-San,3,106,68544,7,0,5,2,5,0
Anterior,BM1976.1431,0,4,42.0,2.85690736,0.75,Homo sapiens,French Cameroons,3,106,64105,8,0,5,1,3,0
Posterior,NMNH225025,3,12,47.0,3.11717264,0.0,Homo sapiens,Ebolwa,2,145,64691,44,0,13,1,1,0
Anterior,AMNH99.1/107,0,8,27.0,17.258272,1.0,Papio,East Africa,2,324,61457,7,0,5,1,7,0
Anterior,BRK126252,0,6,42.0,3.66420581,0.25,Pan,Borneo,2,383,68981,102,0,10,2,5,0
Anterior,NMNH225032,0,12,32.0,3.32060722,1.0,Pan,Ebolwa,4,145,68908,34,0,5,2,6,0
Premolar,HTB1775,0,8,37.0,9.6,0.75,Homo sapiens,Sami,3,120,69773,22,0,10,1,1,0
Premolar,IPHA.10b,3,6,37.0,2.59401611,1.0,Homo sapiens,East Africa,4,120,65193,8,0,5,1,3,0
Posterior,MH12317,0,9,27.0,3.4773143,0.75,Papio,Chucki,3,106,69708,7,0,13,1,6,0
Premolar,NMNH380450,0,6,52.0,1.89297439,1.0,Homo sapiens,Alaska,2,166,70615,44,0,6,2,1,0
Posterior,HTB1718,0,9,37.0,10.0,0.0,Homo sapiens,East Africa,2,145,70615,48,0,10,1,5,0
Posterior,IPHA.25,0,12,27.0,10.5,0.25,Papio,Alaska,4,324,69450,52,0,10,1,4,0
Premolar,AMNH99.1/103,0,8,52.0,3.35489121,0.0,Pan,Alaska,2,120,67587,64,0,5,2,8,0
Posterior,AMNH99.1/87,1,12,32.0,7.8,0.25,Homo sapiens,Khoi-San,3,383,72462,8,0,10,2,7,0
Posterior,UCD2(8)b,0,8,37.0,4.72264949,0.25,Homo sapiens,Khoi-San,2,383,70623,8,0,10,1,6,0
Anterior,NMNH350097,0,13,52.0,3.88831042,1.0,Homo sapiens,Sami,3,166,62885,3,0,5,1,6,0
Premolar,BRK126773,0,10,27.0,4.41997173,0.75,Papio,Central Africa,2,145,67785,52,0,5,2,5,0
Posterior,BM50a,0,12,57.0,4.9541643,0.5,Homo sapiens,Buriat,2,324,68098,3,0,13,1,4,0
Premolar,HTB1958,0,12,27.0,2.87094128,0.25,Homo sapiens,Australian aboriginie,2,106,62380,7,0,5,1,5,0
Premolar,HTB1225,0,12,27.0,3.09538823,0.75,Pongo,Arabia,3,145,63990,48,0,6,1,3,0
Premolar,AMNH99.1/100,0,12,22.0,3.79588028,0.75,Pan,Native Californian,3,324,62331,8,0,10,2,3,0
Posterior,BRK125610,0,12,22.0,3.33164782,0.25,Homo sapiens,Khoi-San,3,120,65862,7,0,5,1,5,0
Premolar,NMNH278701,0,12,37.0,5.33816474,0.75,Homo sapiens,Australian aboriginie,4,120,64709,103,0,10,1,5,0
Posterior,NMNH278701,0,4,42.0,3.71761878,0.25,Homo sapiens,Native Californian,3,106,69419,8,0,10,1,3,0
Posterior,HTB1223,0,8,32.0,4.90999368,0.25,Homo sapiens,Ona,3,106,66233,8,0,6,1,6,0
Anterior,AMNH99.1/160,0,12,37.0,23.8192059,0.75,Homo sapiens,Alaska,4,106,72538,44,0,5,1,4,0
Posterior,MH4767,0,12,52.0,4.0457765,1.0,Pongo,Native Californian,2,120,66324,44,0,13,1,5,0
Premolar,BM1976.1440,0,12,42.0,3.4773143,0.0,Homo sapiens,Native Californian,4,166,67694,45,0,5,1,3,0
Posterior,NMNH380430,0,10,32.0,4.65756455,0.0,Papio,Buriat,3,120,67967,49,0,5,2,7,0
Posterior,BM1939.1008,0,12,27.0,8.23260632,0.5,Pongo,Ebolwa,2,324,63008,52,0,5,1,5,1
Anterior,BRK125610,0,12,37.0,2.06875973,0.0,Homo sapiens,Australian aboriginie,3,145,62703,7,0,5,2,1,1
Posterior,BRK125661,0,12,22.0,11.8783346,0.0,Homo sapiens,Sami,4,383,70904,8,0,13,1,6,0
Posterior,HTB1025,0,12,32.0,3.4773143,1.0,Pan,Borneo,2,106,64550,64,0,5,1,5,0
Premolar,HTB1152,0,8,22.0,12.6,0.5,Homo sapiens,East Africa,3,324,69914,48,0,10,1,5,1
Posterior,HTB1889,0,4,42.0,3.45050478,0.75,Homo sapiens,Buriat,3,383,69005,44,0,13,1,3,0
Posterior,UVS59,0,6,27.0,15.0,0.75,Pongo,Khoi-San,2,383,71001,3,0,10,1,4,0
Premolar,HTB1701,6,12,32.0,2.76002868,0.25,Pan,Alaska,3,166,69542,3,0,5,1,4,0
Anterior,MH1670,0,12,22.0,4.81608016,0.25,Papio,Native Californian,2,120,63560,8,0,13,1,5,0
Premolar,BM1907.7.8.11,0,4,52.0,3.06608828,0.75,Homo sapiens,East Africa,2,120,66746,3,0,10,2,1,0
Premolar,BM1923.3.4.3,4,12,37.0,4.778975048,0.0,Homo sapiens,Ebolwa,2,120,67116,7,0,13,1,6,0
Anterior,HTB1791,0,6,32.0,2.53199324,0.25,Homo sapiens,East Africa,3,324,62109,7,0,10,2,8,0
Anterior,MH1505,0,12,42.0,4.40353691,1.0,Homo sapiens,Khoi-San,3,324,72181,8,0,10,2,4,0
Anterior,NMNH258483,4,8,37.0,4.72264949,0.0,Homo sapiens,Australian aboriginie,3,324,72405,3,0,5,2,1,0
Premolar,HTB3412,0,12,27.0,4.709013,0.25,Homo sapiens,Alaska,2,106,61929,7,0,5,1,1,0
Anterior,AMNH99.1/105,0,8,32.0,3.71761878,0.5,Homo sapiens,Afalou,2,145,65391,21,0,6,1,4,0
Anterior,BM1902.11.22.1,0,12,27.0,6.55505315,0.5,Homo sapiens,Ebolwa,3,106,72017,32,0,10,1,3,1
Premolar,UVS119,0,8,32.0,2.99309106,0.25,Homo sapiens,Native Californian,2,120,62174,3,0,6,2,3,1
Premolar,NMNH380451,0,13,57.0,4.08156052,0.75,Homo sapiens,East Africa,3,145,67405,16,0,5,1,5,0
Anterior,BM1902.11.22.1,0,10,52.0,3.02477635,0.75,Pan,East Africa,2,120,72199,44,0,5,2,6,0
Premolar,NMNH278703,2,12,57.0,4.08156052,0.25,Homo sapiens,French Cameroons,2,383,72751,4,0,10,2,5,0
Anterior,MH4763,0,8,47.0,3.05433283,0.75,Pongo,Khoi-San,4,120,72041,8,0,10,1,4,0
Anterior,MH19776,0,8,27.0,4.41997173,0.0,Homo sapiens,West Africa,2,383,66324,44,0,10,2,5,0
Posterior,HTB1222,0,12,27.0,3.86877709,0.0,Papio,Native Californian,3,106,65763,31,0,10,2,5,0
Premolar,AMNH99.1/99,0,6,27.0,3.70258313,0.0,Pan,Sami,3,324,69336,7,0,10,2,6,0
Premolar,NMNH330607,0,12,27.0,3.77992193,0.25,Papio,Buriat,4,324,70912,7,0,10,2,5,1
Anterior,HTB3418,0,12,32.0,3.49137561,0.0,Homo sapiens,Arabia,3,106,69161,44,0,10,2,4,0
Anterior,AMNH99.1/64,0,12,37.0,3.33164782,0.75,Homo sapiens,East Africa,2,106,62513,44,0,10,2,3,0
Premolar,BM1976.1428,0,8,22.0,6.19980411,0.5,Homo sapiens,Yaghan,2,324,66530,44,0,13,1,4,0
Posterior,NMNH350098,0,8,32.0,3.16442127,0.25,Pan,Borneo,3,120,61945,8,0,5,2,6,0
Posterior,AMNH99.1/90,0,11,27.0,16.8483619,0.75,Homo sapiens,Buriat,4,166,65391,40,0,13,2,7,0
Anterior,MH3337,3,12,47.0,27.9211585,0.25,Papio,Sami,2,383,72207,7,0,13,1,7,0
Premolar,BRK126049,0,12,22.0,6.67473274,0.25,Homo sapiens,Borneo,2,106,62513,8,0,5,1,4,0
Anterior,BM1900.3.18.1,0,12,32.0,10.4,0.75,Homo sapiens,Afalou,4,106,71647,72,0,13,2,5,0
Posterior,MH3337,0,12,22.0,12.6,0.0,Homo sapiens,Alaska,2,120,68874,7,0,5,1,6,0
Posterior,NMNH329779,0,8,22.0,6.96111299,0.25,Pan,Afalou,2,106,66795,71,0,5,2,3,0
Anterior,AMNH99.1/59-B,7,8,32.0,10.0,1.0,Homo sapiens,Australian aboriginie,4,166,70839,45,0,5,2,2,0
Posterior,MH20912,6,4,47.0,3.80749511,0.75,Papio,Alaska,2,145,71985,72,0,13,1,6,0
Premolar,BM1976.1415,0,8,57.0,2.76002868,0.0,Homo sapiens,East Africa,2,120,61887,8,0,6,2,4,0
Posterior,UCD2(1)b,4,12,37.0,4.87868148,0.25,Homo sapiens,Australian aboriginie,4,166,71365,44,0,13,2,5,0
Posterior,BRK125821,0,12,22.0,21.3584428,1.0,Papio,Alaska,3,383,72157,7,0,5,2,1,0
Posterior,BM1909.6.11,0,12,27.0,16.9965704,0.25,Homo sapiens,Australian aboriginie,4,145,71985,3,0,13,2,7,0
Posterior,MH12320,0,8,22.0,2.41143228,0.75,Homo sapiens,Khoi-San,3,166,68932,8,0,13,1,6,0
Anterior,NMNH380452,0,12,22.0,2.71270581,1.0,Pongo,Native Californian,3,120,69732,71,0,10,2,4,0
Anterior,NMNH380453,8,11,37.0,5.70308472,1.0,Homo sapiens,East Africa,4,106,66837,44,0,5,1,4,0
Premolar,HTB0828,0,12,32.0,4.0457765,0.75,Homo sapiens,East Africa,3,120,71423,32,0,6,2,4,0
Posterior,UCD2(2)b,0,8,32.0,4.62847197,0.25,Homo sapiens,Chucki,3,324,63198,8,0,5,2,7,0
Anterior,HTB1151,0,4,37.0,3.92661051,0.75,Homo sapiens,East Africa,2,166,62893,7,0,5,2,6,0
Premolar,BM1976.1435,0,6,37.0,3.48559185,0.0,Papio,Buriat,2,106,70417,52,0,10,2,5,0
Posterior,UCD2(10.1)b,0,8,42.0,11.5228136,0.25,Homo sapiens,Australian aboriginie,3,120,67645,7,0,5,1,5,0
Anterior,NMNH226090,0,4,17.5,2.26921034,0.0,Pan,Khoi-San or bushman half-caste,2,324,71985,8,0,5,2,5,0
Premolar,BM1976.1418,1,7,42.0,16.4384771,0.25,Homo sapiens,Australian aboriginie,2,145,69336,32,0,10,2,5,0
Posterior,UCD2(1)b,9,12,57.0,4.06776118,1.0,Homo sapiens,Australian aboriginie,3,324,66456,64,0,10,2,5,0
Posterior,HTB1152,0,9,42.0,3.22275136,0.25,Pongo,Buriat,3,166,69161,3,0,5,2,4,0
Anterior,BM1902.9.9.3,0,12,57.0,2.43978021,1.0,Homo sapiens,French Cameroons,3,106,61994,15,0,10,2,4,0
Premolar,IPHA.13,0,12,22.0,4.50357659,0.25,Papio,Ebolwa,2,106,66852,44,0,5,2,7,0
Anterior,MH5327,0,8,32.0,4.61556224,1.0,Homo sapiens,Australian aboriginie,2,383,63438,3,0,5,1,3,0
Posterior,BM1913.10.18.2,0,8,42.0,2.63528098,0.0,Pongo,Alaska,3,106,70003,58,0,6,1,3,0
Premolar,NMNH329779,0,6,32.0,3.20502776,0.5,Homo sapiens,Native Californian,3,324,71381,8,0,10,2,5,1
Anterior,HTB1758,0,12,32.0,3.33164782,0.0,Homo sapiens,Native Californian,2,383,66456,47,0,10,2,7,0
Posterior,PMN3065,0,6,22.0,3.33164782,0.75,Pongo,Alaska,3,383,63008,3,0,10,1,5,1
Posterior,BM1971.2354,0,12,32.0,4.33043687,1.0,Homo sapiens,Australian aboriginie,2,106,67280,7,0,10,2,2,0
Posterior,MH12322,0,4,27.0,3.42374303,0.0,Papio,Australian aboriginie,3,324,71290,64,0,5,2,5,0
Posterior,HTB1737,0,12,37.0,4.55391036,0.75,Pan,Alaska,2,166,63966,3,0,13,2,5,1
Anterior,MH20913,0,12,32.0,3.46891175,0.0,Homo sapiens,Ona,2,166,67421,7,0,10,2,7,0
Premolar,BRK126076,0,12,27.0,6.96111299,0.0,Homo sapiens,Native Californian,2,145,71084,8,0,5,2,4,1
Premolar,MH22282,0,8,32.0,10.0,0.75,Pongo,Alaska,3,120,70714,44,0,6,1,4,0
Premolar,MH4765,1,12,27.0,2.26582834,0.25,Homo sapiens,French Cameroons,3,120,72058,8,0,10,2,3,1
Posterior,BRK126774,0,12,37.0,3.44508735,0.75,Homo sapiens,Tasmanien,2,106,73700,7,0,5,2,4,0
Premolar,NMNH331243,0,8,22.0,3.45465859,0.75,Papio,Native Californian,4,324,68627,44,0,10,2,5,1
Anterior,BM1935.10.22.24,0,12,22.0,3.05433283,1.0,Homo sapiens,Australian aboriginie,3,120,64758,70,0,5,2,5,0
Premolar,BRK126054,0,4,42.0,2.62887685,0.75,Papio,Native Californian,3,324,62000,3,0,10,1,7,0
Anterior,MH5563,5,12,47.0,1.26803942,0.75,Homo sapiens,Native Californian,3,120,67199,52,0,5,2,7,0
Premolar,NMNH380449,0,12,37.0,5.56908606,0.0,Homo sapiens,Afalou,4,106,66050,45,0,6,1,4,1
Posterior,HTB1219,0,12,22.0,2.80466038,1.0,Papio,French Cameroons,2,324,71472,15,0,6,1,4,0
Premolar,HTB0900,4,8,37.0,3.37476666,0.0,Homo sapiens,Native Californian,2,145,65870,44,0,6,2,5,1
Anterior,HTB1722,0,8,32.0,1.99807578,0.25,Papio,Borneo,3,106,75051,60,0,5,1,2,0
Posterior,PMN3064,0,9,37.0,3.55691242,0.0,Homo sapiens,Native Californian,4,106,62885,3,0,10,1,5,0
Anterior,AMNH99.1/104,0,8,42.0,8.23260632,0.75,Pongo,Sami,2,383,66381,8,0,13,2,5,0
Premolar,NMNH330604,0,12,22.0,2.63528098,0.5,Homo sapiens,East Africa,3,120,62323,44,0,5,1,7,0
Posterior,UVS67,0,12,32.0,3.70258313,0.75,Homo sapiens,Native Californian,2,106,63321,3,0,10,2,5,0
Posterior,HTB2748,0,4,42.0,4.25426601,0.25,Homo sapiens,Alaska,2,166,71498,44,0,6,1,5,0
Anterior,AMNH99.1/110,0,6,27.0,10.0,0.5,Homo sapiens,Khoi-San or bushman half-caste,3,166,70797,7,0,6,2,7,0
Anterior,BM1935.10.22.24,0,12,27.0,2.48359763,0.75,Homo sapiens,Chucki,3,383,62000,71,0,6,1,1,0
Posterior,HTB1720,0,12,27.0,3.56943631,0.25,Homo sapiens,Afalou,4,120,72272,72,0,5,1,1,0
Premolar,MH19782,1,11,27.0,3.68843519,0.75,Homo sapiens,Chucki,2,145,61499,8,0,5,2,5,1
Anterior,IPHA.2,0,12,27.0,2.19399907,0.25,Papio,Khoi-San,3,324,68874,44,0,10,1,3,0
Premolar,BRK125670,0,4,37.0,2.99309106,1.0,Homo sapiens,Ebolwa,2,383,62513,7,0,5,2,7,0
Anterior,HTB3418,0,6,22.0,4.74312763,0.25,Homo sapiens,Chucki,2,106,67322,3,0,5,2,4,0
Premolar,BM1900.6.28.1,0,4,32.0,7.76244648,0.0,Homo sapiens,Native Californian,2,120,65359,7,0,5,2,4,0
Premolar,UCD2(2)b,0,10,32.0,1.89297439,1.0,Homo sapiens,Native Californian,4,166,66860,44,0,10,2,7,0
Anterior,HTB0828,0,3,37.0,2.9625106,0.25,Homo sapiens,Khoi-San,2,324,62539,8,0,10,2,5,0
Anterior,BRK126755,0,12,32.0,3.54750963,1.0,Homo sapiens,Native Californian,2,383,70805,44,0,5,1,4,0
Anterior,BM1976.1431,0,6,57.0,3.54689952,1.0,Homo sapiens,French Cameroons,2,324,63545,76,0,13,1,5,0
Anterior,BRK125802,4,12,32.0,3.66420581,0.0,Homo sapiens,Alaska,3,383,64048,7,0,6,1,5,0
Anterior,AMNH99.1/79,0,12,32.0,8.23260632,0.75,Homo sapiens,Ebolwa,2,324,63610,40,0,5,2,7,0
Premolar,BRK126076,0,12,27.0,4.08550898,0.75,Homo sapiens,Native Californian,2,145,66746,7,0,10,2,4,1
Posterior,BRK126764,0,12,27.0,3.45050478,0.25,Papio,East Africa,2,106,72371,8,0,13,2,6,0
Premolar,HTB1726,0,4,32.0,2.81004779,0.0,Homo sapiens,Australian aboriginie,2,166,68361,7,0,13,1,1,0
Posterior,AMNH99.1/86-D,0,12,27.0,5.06666429,1.0,Papio,Buriat,2,324,67587,72,0,10,2,4,0
Posterior,BRK126256,0,8,52.0,5.94066321,0.75,Pan,East Africa,2,106,69773,7,0,13,2,7,0
Posterior,BM1904.8.2.3,0,8,22.0,3.33164782,0.25,Papio,Borneo,4,106,66407,8,0,5,1,4,1
Anterior,BRK126252,0,9,42.0,10.0,0.25,Homo sapiens,East Africa,3,383,71787,3,0,13,1,5,0
Anterior,HTB2034,0,12,37.0,2.18171291,0.5,Pongo,Buriat,2,120,67231,44,0,10,2,3,0
Anterior,BM1900.3.18.1,2,8,27.0,3.37661729,0.0,Homo sapiens,East Africa,3,166,63487,22,0,13,1,1,0
Premolar,HTB1151,1,6,32.0,2.03288089,0.25,Homo sapiens,Australian aboriginie,3,324,64717,3,0,13,2,5,0
Anterior,MH17264,0,9,42.0,5.06022442,0.0,Papio,Sami,3,106,70912,3,0,13,1,5,0
Premolar,UVS42,0,6,27.0,5.07338879,0.75,Homo sapiens,Chucki,4,166,62802,44,0,5,1,8,0
Anterior,MH20326,0,8,27.0,2.91816725,1.0,Homo sapiens,Borneo,4,120,66142,44,0,5,1,3,0
Anterior,NMNH380449,0,8,32.0,3.37476666,0.25,Homo sapiens,Afalou,3,383,70680,7,0,10,1,5,0
Premolar,BM1913.10.18.2,0,8,22.0,4.90407388,0.75,Pongo,Afalou,2,166,72058,7,0,6,1,5,0
Posterior,BRK125800,0,4,37.0,3.39774848,0.5,Homo sapiens,Native Californian,2,120,69575,8,0,5,1,5,0
Premolar,BM1976.1434,0,11,42.0,5.44029653,0.5,Homo sapiens,Native Californian,4,324,65557,44,0,5,1,1,0
Posterior,MH4665,1,12,27.0,4.50856156,0.0,Homo sapiens,Native Californian,4,383,69195,3,0,6,2,4,0
Posterior,AMNH99.1/99,0,6,32.0,8.3605854,0.25,Pongo,Khoi-San,2,166,63024,32,0,10,1,5,0
Premolar,BRK126765,0,8,37.0,2.74721254,0.75,Homo sapiens,Native Californian,3,120,64592,8,0,10,2,4,0
Anterior,NMNH227455,0,8,27.0,13.9148037,1.0,Homo sapiens,Ebolwa,3,383,67199,102,0,5,1,5,0
Premolar,MH1511,4,8,27.0,3.35840919,0.25,Homo sapiens,Borneo,4,383,68536,44,0,13,2,4,0
Anterior,NMNH380431,0,4,37.0,10.0,0.75,Pongo,Native Californian,2,166,71423,44,0,10,2,4,0
Premolar,MH12324,0,12,42.0,7.47240717,1.0,Homo sapiens,Sami,2,106,64501,44,0,10,2,8,0
Anterior,UVS60,6,12,57.0,9.02231946,0.75,Homo sapiens,Buriat,2,120,71548,3,0,10,1,4,0
Anterior,BRK126104,0,12,22.0,3.92661051,0.75,Pan,East Africa,4,106,72132,44,0,5,1,1,0
Posterior,MH19784,0,6,22.0,2.59401611,0.75,Homo sapiens,Native Californian,3,120,72033,44,0,5,1,1,0
Posterior,NMNH278709,4,8,27.0,9.6,0.5,Homo sapiens,Native Californian,2,145,70672,44,0,10,2,1,0
Premolar,HTB1025,0,8,47.0,2.81636112,0.75,Homo sapiens,Borneo,2,166,67397,48,0,5,2,3,1
Posterior,MH2896,0,12,27.0,10.0,0.5,Homo sapiens,Alaska,2,106,64196,3,0,10,1,7,0
Posterior,AMNH99.1/59-B,9,6,27.0,2.64088713,0.25,Homo sapiens,Khoi-San or bushman half-caste,2,106,71084,57,0,10,1,4,0
Anterior,UVS119,0,4,22.0,3.48559185,0.25,Homo sapiens,Borneo,3,383,66779,8,0,10,2,3,1
Premolar,HTB2747,0,12,27.0,3.58600079,0.0,Homo sapiens,Native Californian,2,106,66332,48,0,10,2,6,0
Posterior,PMN3064A,0,12,52.0,5.56672472,0.25,Papio,Native Californian,2,120,69013,7,0,10,1,5,0
Posterior,MH3638,1,4,37.0,5.55632114,0.25,Homo sapiens,East Africa,3,383,66860,7,0,5,2,5,0
Posterior,MH1701,0,12,22.0,2.35865298,0.0,Homo sapiens,Australian aboriginie,2,166,69435,97,0,10,2,5,1
Posterior,BM1902.9.2.1,0,12,52.0,3.95531929,0.0,Homo sapiens,Australian aboriginie,2,324,71282,60,0,10,1,5,0
Anterior,BM1913.10.18.3,0,8,37.0,8.82500633,0.75,Pan,Native Californian,2,106,72744,8,0,5,1,3,0
Anterior,BRK126251,0,8,27.0,3.92661051,0.0,Homo sapiens,Buriat,3,120,62331,44,0,5,2,5,0
Premolar,HTB1426,0,8,22.0,3.05433283,1.0,Homo sapiens,Borneo,2,106,63479,51,0,10,2,8,0
Premolar,BM1976.1420,0,12,32.0,4.35806278,0.25,Papio,Australian aboriginie,2,383,65367,8,0,10,2,4,0
Anterior,IPHA.9,0,12,27.0,2.64926405,1.0,Homo sapiens,Sami,2,166,69278,64,0,5,1,5,0
Posterior,NMNH278704,0,12,27.0,3.80749511,0.5,Papio,Borneo,2,106,64063,44,0,13,1,8,0
Posterior,BM1976.1418,0,6,22.0,4.87868148,1.0,Homo sapiens,East Africa,2,145,70011,3,0,10,2,6,0
Posterior,HTB1748,0,12,47.0,6.79442263,0.5,Homo sapiens,East Africa,2,324,62331,130,0,6,1,3,0
Premolar,MH20913,0,12,52.0,4.08550898,0.0,Homo sapiens,Khoi-San or bushman half-caste,2,324,64550,40,0,10,1,4,0
Anterior,HTB1226,0,4,27.0,3.58600079,0.25,Homo sapiens,Borneo,3,383,66746,44,0,5,1,4,0
Premolar,MH20912,0,8,27.0,3.95531929,1.0,Pan,French Cameroons,2,120,62794,44,0,5,2,5,0
Posterior,AMNH99.1/91-A,7,6,47.0,5.31768598,0.5,Homo sapiens,Native Californian,4,383,66696,34,0,10,1,3,0
Posterior,BRK126776,0,6,32.0,3.68843519,1.0,Homo sapiens,Alaska,4,383,70649,1,0,10,1,4,0
Posterior,BRK126117,0,4,22.0,3.66420581,0.25,Homo sapiens,Arabia,2,324,70797,8,0,5,2,8,1
Anterior,HTB1703,0,12,37.0,3.05433283,0.0,Homo sapiens,Australian aboriginie,3,145,68437,3,0,13,2,5,0
Premolar,UVS49,0,4,22.0,10.0,0.25,Homo sapiens,Ebolwa,4,383,63487,49,0,5,2,5,0
Premolar,HTB2751,0,11,27.0,3.80295048,0.5,Homo sapiens,Australian aboriginie,2,120,68973,44,0,5,1,5,1
Premolar,MH20914,0,8,27.0,31.4169538,0.5,Pan,French Cameroons,2,324,72421,44,0,13,2,5,0
Anterior,BRK126250,0,8,47.0,3.80749511,1.0,Homo sapiens,West Africa,2,145,66332,7,0,10,2,4,0
Posterior,BM1976.1431,0,6,27.0,5.55632114,1.0,Homo sapiens,Australian aboriginie,3,145,65631,7,0,5,1,4,0
Anterior,MH12328,7,12,37.0,6.55505315,1.0,Homo sapiens,Ebolwa,3,166,63834,99,0,13,2,5,0
Premolar,HTB3437,0,4,37.0,5.00397466,1.0,Homo sapiens,Ebolwa,3,383,69088,8,0,5,2,6,1
Premolar,MH2896,1,12,22.0,2.19399907,0.75,Homo sapiens,Native Californian,3,145,62240,3,0,5,1,3,0
Anterior,MH12321,0,6,22.0,5.44334199,0.75,Homo sapiens,Tasmanien,2,166,70482,7,0,5,2,4,1
Posterior,HTB2033,4,12,42.0,9.1,0.25,Homo sapiens,Native Californian,3,106,67231,8,0,10,1,5,0
Premolar,HTB1222,0,6,27.0,3.58600079,0.5,Pan,Australian aboriginie,2,324,67397,3,0,5,1,3,0
Premolar,BRK126244,0,12,32.0,4.31652929,0.5,Pongo,Ebolwa,2,145,62794,8,0,10,1,4,0
Premolar,PMN1497,4,11,27.0,5.44029653,0.75,Homo sapiens,Ona,4,106,63974,3,0,10,2,6,0
Anterior,NMNH278705,3,12,32.0,4.90072026,0.0,Pan,Arabia,2,145,68437,73,0,5,1,8,0
Posterior,MH4459,0,6,27.0,4.14023787,0.75,Homo sapiens,Ebolwa,2,383,72553,7,0,5,2,4,0
Posterior,BRK126076,3,8,27.0,5.35897499,0.75,Papio,Borneo,2,120,65169,44,0,10,2,4,0
Posterior,UVS34,0,6,32.0,3.92661051,0.75,Homo sapiens,Australian aboriginie,3,166,68155,44,0,5,2,1,0
Premolar,MH1507,0,11,42.0,5.06022442,0.25,Homo sapiens,Sami,2,145,70813,3,0,6,1,5,0
Posterior,BRK126125,0,12,37.0,3.21217946,0.25,Papio,Australian aboriginie,4,120,65334,1,0,10,2,5,0
Posterior,BM1936.12.28.2,1,6,42.0,3.63654073,0.75,Homo sapiens,West Africa,4,120,72090,52,0,6,2,4,0
Premolar,NMNH344713,1,12,32.0,3.05433283,0.75,Homo sapiens,Australian aboriginie,3,106,66506,24,0,5,1,4,0
Posterior,BM1931.4.1.1,6,6,22.0,5.69322104,0.5,Homo sapiens,Borneo,2,324,66779,3,0,10,2,5,0
Posterior,AMNH99.1/80(b),1,12,22.0,4.97264041,0.75,Pan,Australian aboriginie,3,324,62554,40,0,5,1,6,0
Anterior,BM1902.9.9.3,0,8,27.0,2.29036872,0.0,Pan,East Africa,4,120,65458,8,0,10,1,5,0
Premolar,BRK125458,0,8,27.0,3.4773143,0.5,Homo sapiens,Native Californian,2,383,69757,7,0,10,1,3,0
Premolar,BM1976.1409,1,4,32.0,23.8192059,1.0,Papio,Native Californian,4,324,72173,64,0,13,2,5,0
Anterior,BRK126755,0,8,27.0,3.43363244,0.25,Homo sapiens,Ona,2,145,61572,101,0,5,2,4,0
Posterior,UCD2(10.1)b,2,8,37.0,2.87094128,0.25,Papio,Khoi-San,2,324,63339,44,0,5,1,5,0
Premolar,MH12328,0,10,37.0,3.63654073,0.75,Homo sapiens,Australian aboriginie,2,324,61457,3,0,10,2,4,0
Anterior,AMNH99.1/79,0,12,27.0,2.64926405,1.0,Homo sapiens,Borneo,2,145,70300,44,0,10,2,6,0
Anterior,MH24934B,0,12,22.0,10.0,0.75,Pan,West Africa,2,120,66324,76,0,10,1,7,0
Posterior,HTB2823,0,12,32.0,3.2920468,1.0,Pan,Borneo,3,106,69039,44,0,10,2,5,0
Premolar,BM1976.1434,0,8,27.0,3.71761878,0.75,Homo sapiens,Ebolwa,3,324,65649,64,0,10,2,6,0
Posterior,BM1908.8.9.42,0,12,22.0,10.0,0.0,Homo sapiens,Native Californian,2,120,71472,3,0,6,1,5,0
Posterior,NMNH350096,0,12,57.0,2.95130863,0.25,Homo sapiens,Borneo,2,145,64709,8,0,5,1,6,0
Premolar,UVS24,0,12,27.0,2.86641,1.0,Homo sapiens,Australian aboriginie,4,166,69765,44,0,5,1,8,0
Posterior,BM1976.1419,0,12,57.0,4.27445115,0.75,Pan,Native Californian,2,383,64501,8,0,13,2,6,1
Anterior,BM1936.12.28.1,0,8,22.0,16.9965704,1.0,Homo sapiens,West Africa,2,324,68155,22,0,10,1,8,0
Anterior,NMNH278703,0,12,22.0,2.86641,0.75,Homo sapiens,Borneo,2,383,70813,44,0,10,1,4,0
Anterior,BM1976.1435,0,4,32.0,5.44334199,1.0,Pan,Native Californian,4,106,72272,7,0,10,2,6,0
Anterior,UCD2(3a)b,0,8,32.0,3.89582582,0.25,Homo sapiens,Afalou,3,166,62042,44,0,10,1,6,0
Posterior,AMNH99.1/107,1,12,32.0,3.92661051,0.75,Papio,Native Californian,4,166,72215,8,0,5,2,3,0
Posterior,MH22282,0,8,27.0,2.59401611,0.25,Homo sapiens,Native Californian,2,324,65631,34,0,10,1,1,0
Posterior,BM1902.11.22.1,0,12,32.0,4.55391036,0.5,Homo sapiens,Ona,2,383,71381,3,0,5,1,6,0
Anterior,HTB1218,2,12,22.0,3.66038599,0.25,Papio,West Africa,2,383,64857,55,0,10,2,7,0
Anterior,AMNH99.1/103,6,12,32.0,2.35589319,1.0,Homo sapiens,Native Californian,4,166,64477,8,0,5,1,4,0
Anterior,BM1907.7.8.11,0,12,22.0,4.59386268,0.25,Pan,East Africa,3,106,71050,102,0,5,2,3,0
Premolar,HTB1744,0,8,27.0,2.98325724,0.25,Homo sapiens,Yaghan,2,145,63578,64,0,13,2,7,0
Posterior,BRK125832,0,11,37.0,3.29146087,0.25,Homo sapiens,Alaska,2,383,65631,58,0,10,2,4,0
Posterior,HTB1748,2,12,27.0,3.63654073,1.0,Homo sapiens,Native Californian,2,166,72090,44,0,5,1,6,0
Posterior,NMNH380431,1,8,32.0,2.81576611,0.5,Homo sapiens,Borneo,2,383,66142,7,0,10,1,7,0
Premolar,UVS34,0,12,57.0,2.392161,0.75,Pan,Australian aboriginie,3,120,64766,65,0,13,1,2,0
Posterior,BM1905.5.10.1,0,6,32.0,5.035316,0.5,Papio,Chucki,2,166,64709,3,0,5,1,6,0
Posterior,HTB3436,0,6,27.0,3.37708808,0.25,Homo sapiens,Native Californian,3,106,61549,48,0,5,1,2,0
Anterior,NMNH380430,0,8,32.0,2.87155209,0.0,Homo sapiens,Khoi-San or bushman half-caste,2,145,66845,101,0,5,1,5,0
Posterior,HTB3398,2,12,27.0,2.93195822,1.0,Pan,Borneo,3,106,67157,44,0,10,2,6,1
Anterior,HTB3437,0,12,22.0,5.69322104,0.25,Homo sapiens,Ebolwa,2,120,69690,48,0,13,2,5,0
Premolar,UCD2(L-23-1)b,3,8,32.0,2.77440906,0.25,Homo sapiens,Khoi-San or bushman half-caste,3,145,72199,7,0,5,1,1,0
Posterior,BM1939.1008,0,12,27.0,2.52520843,0.0,Papio,Khoi-San,2,120,70698,48,0,13,2,4,0
Premolar,AMNH99.1/109,0,12,27.0,3.33164782,0.0,Pan,Borneo,3,145,71407,44,0,13,2,6,0
Posterior,NMNH330606,0,12,22.0,4.42495725,0.25,Homo sapiens,Australian aboriginie,2,383,71829,8,0,5,2,8,0
Anterior,HTB1745,1,4,32.0,3.55691242,0.25,Pan,Australian aboriginie,2,120,62984,7,0,5,2,4,0
Premolar,AMNH99.1/112,0,12,32.0,2.87094128,0.75,Homo sapiens,Borneo,3,145,66472,24,0,13,2,5,0
Anterior,AMNH99.1/89-B,5,11,22.0,3.68843519,0.25,Papio,Khoi-San,2,145,70045,36,0,10,2,4,1
Premolar,HTB1738,0,12,27.0,6.56320224,0.75,Papio,East Africa,4,120,62174,3,0,10,2,3,0
Anterior,BRK125598,0,12,32.0,4.08156052,0.5,Homo sapiens,Native Californian,4,166,67280,8,0,5,1,3,0
Premolar,NMNH344711,0,6,57.0,4.03507241,0.25,Homo sapiens,Native Californian,3,383,63560,8,0,10,1,7,0
Premolar,HTB3413,0,12,52.0,3.20502776,0.75,Homo sapiens,West Africa,2,145,63792,44,0,13,1,4,0
Posterior,NMNH226088,1,10,57.0,3.08319431,0.25,Homo sapiens,Australian aboriginie,3,120,69088,45,0,5,2,5,0
Anterior,NMNH278706,0,8,27.0,4.07615043,0.25,Pan,Ebolwa,2,106,63842,8,0,13,2,7,0
Posterior,MH20325,0,12,22.0,2.95130863,0.25,Homo sapiens,Khoi-San or bushman half-caste,2,120,69542,27,0,10,1,1,0
Posterior,BRK126118,0,12,42.0,2.26582834,0.75,Pongo,East Africa,2,166,68437,8,0,5,1,3,0
Anterior,HTB1703,12,8,27.0,3.02477635,0.75,Homo sapiens,Australian aboriginie,4,145,71621,32,0,13,2,3,1
Anterior,HTB1739,0,8,32.0,3.63654073,0.75,Homo sapiens,Alaska,3,383,63008,4,0,6,2,5,0
Premolar,MH20913,0,12,27.0,2.59401611,0.75,Homo sapiens,Yaghan,3,120,67975,8,0,5,2,5,0
Premolar,HTB1220,0,8,42.0,2.69681693,0.75,Pan,Borneo,2,166,61978,3,0,5,2,1,0
Posterior,BRK126104,0,8,32.0,6.474995012,1.0,Homo sapiens,Native Californian,4,383,62802,1,0,10,1,5,0
Posterior,AMNH99.1/87,0,12,22.0,15.0,1.0,Homo sapiens,Australian aboriginie,4,383,68080,7,0,5,1,5,0
Premolar,NMNH344715,0,8,37.0,5.1517561,1.0,Homo sapiens,Central Africa,2,166,61382,21,0,5,1,7,0
Anterior,BRK125678,0,12,42.0,3.32794049,0.75,Pongo,Buriat,3,145,63057,49,0,13,1,3,0
Anterior,MH10285,0,8,32.0,4.29484575,0.25,Pan,East Africa,4,106,65367,44,0,5,2,6,0
Anterior,AMNH99.1/61,0,12,37.0,4.16498874,0.75,Homo sapiens,Khoi-San or bushman half-caste,2,383,70698,8,0,5,2,4,0
Premolar,NMNH380464,0,8,27.0,2.35589319,0.75,Homo sapiens,Afalou,3,383,71381,8,0,13,1,5,0
Posterior,MH10289,0,12,22.0,3.68843519,0.5,Homo sapiens,Australian aboriginie,2,145,67595,8,0,5,1,5,1
Posterior,NMNH380429,4,12,27.0,2.29036872,0.75,Pan,Buriat,3,166,65102,44,0,5,1,1,0
Anterior,MH19782,3,12,22.0,1.80774282,0.0,Homo sapiens,East Africa,2,383,72298,44,0,10,1,6,0
Premolar,HTB0802,0,12,22.0,3.4773143,0.25,Homo sapiens,Native Californian,3,106,67306,8,0,10,2,3,1
Premolar,BRK125661,0,8,22.0,3.36255085,0.75,Homo sapiens,French Cameroons,4,120,67231,3,0,10,1,8,0
Posterior,NMNH283607,0,12,37.0,20.0797763,0.0,Homo sapiens,Ebolwa,3,383,65102,8,0,6,2,4,0
Premolar,HTB0828,4,8,22.0,2.19049743,0.25,Homo sapiens,Chucki,3,120,70003,57,0,5,2,6,0
Premolar,BRK126291,0,6,22.0,3.4773143,1.0,Homo sapiens,Australian aboriginie,4,106,63990,8,0,10,1,4,0
Anterior,BM1976.1424,0,4,27.0,3.58600079,0.25,Homo sapiens,Afalou,2,106,68098,8,0,5,2,8,0
Posterior,BRK126049,0,4,37.0,3.4773143,0.25,Homo sapiens,Native Californian,4,145,68916,8,0,5,1,6,0
Premolar,NMNH380464,5,4,37.0,2.06875973,1.0,Homo sapiens,Australian aboriginie,2,120,65367,72,0,10,1,1,0
Anterior,BM1914.3.8.2,0,9,37.0,5.01978364,0.25,Homo sapiens,Alaska,3,106,72462,3,0,10,2,5,0
Anterior,HTB1707,2,8,37.0,2.67965585,0.75,Homo sapiens,Sami,4,383,65870,44,1,5,1,7,0
Premolar,BM1927.8.14.1,0,4,32.0,3.44508735,0.25,Homo sapiens,French Cameroons,3,120,68544,102,0,13,1,4,0
Anterior,MH12321,0,6,27.0,3.16442127,0.5,Homo sapiens,Alaska,3,166,64113,44,0,13,2,5,0
Anterior,UVS49,0,8,22.0,4.08156052,0.0,Homo sapiens,Afalou,4,324,69278,44,1,5,2,4,0
Anterior,UVS42,0,8,22.0,3.46891175,0.25,Homo sapiens,Borneo,3,166,70789,44,0,10,2,5,0
Anterior,MH22280,0,12,47.0,4.51398683,0.0,Homo sapiens,Ebolwa,2,120,62794,3,0,5,2,4,0
Premolar,HTB1888,0,12,37.0,3.75801123,0.0,Homo sapiens,Ebolwa,2,120,68056,44,0,5,2,1,0
Premolar,NMNH227455,0,12,37.0,4.94131337,0.75,Homo sapiens,Alaska,3,166,61705,7,0,5,2,3,0
Anterior,MH24934B,0,8,57.0,5.71046472,0.75,Homo sapiens,East Africa,2,120,65763,44,0,10,2,5,0
Anterior,NMNH226090,0,5,32.0,8.29624584,0.25,Homo sapiens,West Africa,4,120,69369,58,0,10,1,4,0
Premolar,BRK126124,10,8,37.0,2.43523526,0.25,Homo sapiens,Alaska,2,106,63784,8,0,13,2,5,0
Posterior,NMNH380453,0,8,27.0,2.64926405,0.25,Homo sapiens,Australian aboriginie,3,166,65169,122,0,6,1,8,0
Posterior,IPHA.36,0,9,27.0,3.80749511,0.0,Homo sapiens,Native Californian,2,383,69971,44,0,10,1,7,0
Anterior,MH8057,0,12,32.0,4.41997173,0.0,Homo sapiens,Australian aboriginie,3,145,69872,8,0,10,1,8,0
Anterior,MH3619,0,12,22.0,2.30054789,0.0,Homo sapiens,East Africa,4,166,71837,48,0,10,1,6,0
Anterior,AMNH99.1/91-A,0,8,37.0,2.62887685,0.25,Homo sapiens,Native Californian,3,166,68866,54,0,5,2,4,0
Posterior,UVS46,0,6,47.0,3.03626772,0.75,Pongo,Alaska,4,120,66050,3,0,5,1,3,0
Anterior,PMN3064,0,11,32.0,3.63654073,0.0,Homo sapiens,Khoi-San or bushman half-caste,3,120,64501,7,0,5,2,3,0
Premolar,BM1924.8.6.16,0,8,27.0,2.18171291,0.25,Homo sapiens,Alaska,3,383,70789,44,0,5,2,6,0
Posterior,MH12324,0,8,47.0,2.95130863,0.5,Pan,Afalou,2,324,67785,44,0,10,2,6,0
Anterior,BRK126247,0,12,42.0,4.43727895,0.0,Homo sapiens,Khoi-San,4,324,70797,8,0,10,1,7,0
Premolar,BRK126773,0,6,42.0,10.0,0.25,Pan,East Africa,2,324,69039,65,0,5,2,4,0
Premolar,BRK125666,1,12,27.0,2.30054789,0.75,Homo sapiens,Native Californian,3,166,64485,7,0,5,2,4,0
Posterior,UCD2(8)b,0,4,27.0,4.94131337,0.25,Papio,Ebolwa,4,120,66316,3,0,6,2,1,1
Posterior,IPHA.29,0,12,32.0,6.19980411,1.0,Homo sapiens,Native Californian,2,145,67306,8,0,10,1,1,0
Posterior,HTB2027,0,8,22.0,3.49014071,0.0,Homo sapiens,Alaska,2,166,69377,7,0,5,1,5,0
Anterior,UVS2,0,8,22.0,5.09801939,0.0,Pan,East Africa,3,120,62554,44,0,5,1,6,0
Posterior,MH12317,6,12,22.0,4.81608016,0.75,Pongo,Australian aboriginie,2,324,71290,44,0,5,2,4,0
Posterior,AMNH99.1/84-D,0,4,42.0,20.0797763,0.75,Homo sapiens,Alaska,2,166,69419,48,0,5,2,4,0
Anterior,UVS102,0,11,42.0,3.80749511,0.25,Homo sapiens,Alaska,3,324,68551,34,0,10,2,5,0
Premolar,BM1976.1437,0,12,42.0,4.9541643,0.75,Pan,West Africa,2,324,66787,58,0,6,2,7,0
Anterior,BRK126121,1,12,47.0,3.38309356,0.0,Homo sapiens,Afalou,2,106,72751,8,0,5,2,5,0
Premolar,NMNH380448,0,8,47.0,3.71761878,0.75,Pan,Borneo,4,166,72298,44,0,10,2,6,0
Anterior,MH22277,0,6,22.0,5.83722718,0.5,Pan,East Africa,3,383,65151,32,0,10,1,1,0
Posterior,HTB1739,0,12,42.0,3.88831042,0.0,Papio,Native Californian,2,145,65557,44,0,5,2,5,0
Premolar,BM1900.6.28.1,0,12,32.0,4.35806278,1.0,Homo sapiens,Native Californian,4,120,62885,21,0,5,2,5,0
Anterior,BM1908.7.17.1,0,12,27.0,2.392161,0.25,Papio,East Africa,2,324,70615,93,0,13,1,5,0
Posterior,AMNH99.1/80(a),0,8,52.0,3.54750963,0.75,Homo sapiens,Khoi-San,4,383,70714,44,0,10,2,5,0
Premolar,HTB3551,0,8,37.0,3.6064238,0.0,Homo sapiens,Native Californian,2,166,61747,44,0,5,1,1,0
Anterior,BRK126259,5,12,22.0,9.29798279,0.25,Homo sapiens,Australian aboriginie,3,166,71407,72,0,5,1,3,0
Posterior,NMNH350097,0,12,37.0,15.0,0.5,Homo sapiens,French Cameroons,2,383,71407,7,0,10,2,2,0
Posterior,BM1939.1007,0,6,42.0,4.43727895,0.0,Homo sapiens,Yaghan,2,166,61911,8,0,10,2,4,0
Anterior,BM1884.10.30.2,0,8,57.0,2.96878123,0.75,Homo sapiens,Ona,3,166,72132,44,0,6,2,4,0
Anterior,AMNH99.1/109,0,8,22.0,2.24541074,0.5,Pan,Arabia,2,120,69971,44,0,5,1,6,0
Posterior,HTB1724,1,12,22.0,3.33164782,0.0,Pan,Alaska,3,324,65078,71,0,5,1,7,0
Anterior,MH19784,0,4,27.0,2.64926405,0.75,Homo sapiens,Borneo,3,145,68882,64,0,5,1,2,0
Premolar,HTB1738,0,11,37.0,3.56943631,0.75,Homo sapiens,Native Californian,3,166,69419,3,0,10,1,4,0
Premolar,BRK125810,0,6,32.0,4.9541643,0.25,Homo sapiens,Alaska,2,324,61655,8,0,5,2,5,0
Posterior,BM1868.4.16.2,0,8,32.0,2.86641,0.25,Pan,Borneo,2,120,69765,7,0,10,1,4,0
Premolar,IPHA.5,0,6,27.0,4.27445115,0.0,Pan,Borneo,3,120,75051,45,0,5,1,7,1
Posterior,BM1930.12.1.2,0,12,42.0,6.96111299,1.0,Pongo,East Africa,2,383,63883,44,0,10,2,4,0
Anterior,NMNH283613,0,12,27.0,10.0,1.0,Homo sapiens,West Africa,3,145,71795,7,0,13,1,4,0
Posterior,BM1899.6.10.2,0,12,27.0,3.16346606,0.0,Homo sapiens,Ebolwa,2,120,64550,8,0,5,2,6,0
Posterior,MH12327,0,7,57.0,3.95602419,0.75,Homo sapiens,Australian aboriginie,3,324,64691,38,0,13,2,6,0
Premolar,NMNH330606,0,8,27.0,3.22275136,0.75,Papio,French Cameroons,2,324,63560,7,0,5,2,5,0
Posterior,BRK126087,0,12,32.0,8.29624584,0.5,Papio,Afalou,3,106,66373,71,0,6,1,3,0
Posterior,HTB1028,4,8,42.0,3.16346606,0.75,Pongo,Ebolwa,2,324,70821,8,0,10,1,3,0
Premolar,HTB1153,0,8,27.0,1.93878354,0.75,Papio,Native Californian,2,120,68908,8,0,10,2,5,0
Anterior,AMNH99.1/84-B,3,8,32.0,2.92732743,0.75,Homo sapiens,Native Californian,3,120,71423,7,0,10,2,3,0
Premolar,NMNH278707,1,8,22.0,12.374796,0.0,Homo sapiens,Khoi-San or bushman half-caste,2,120,63966,7,0,13,1,3,0
Premolar,UVS12,0,8,37.0,3.77992193,1.0,Papio,Afalou,2,145,68205,8,0,5,2,5,0
Posterior,MH1525,0,12,32.0,2.63528098,0.25,Pongo,Ebolwa,3,120,70896,7,1,6,2,4,0
Anterior,NMNH380447,0,12,22.0,3.48559185,0.5,Homo sapiens,Buriat,3,166,69369,41,0,10,1,6,0
Premolar,NMNH278708,1,6,37.0,12.5,0.0,Pan,South Africa,2,120,62356,51,0,10,1,4,0
Posterior,NMNH350098,0,3,37.0,5.29502645,0.75,Papio,Australian aboriginie,3,166,68080,3,0,10,2,7,0
Anterior,MH17264,0,8,22.0,21.3584428,0.25,Homo sapiens,Alaska,3,166,72272,44,0,10,1,4,0
Posterior,AMNH99.1/80(a),0,8,27.0,17.258272,0.75,Homo sapiens,Ebolwa,2,120,64600,3,0,10,1,1,1
Premolar,AMNH99.1/104,0,7,22.0,15.6187914,1.0,Papio,Alaska,2,120,66480,44,0,10,1,6,0
Premolar,BRK125462,2,12,42.0,15.0,0.0,Homo sapiens,Afalou,4,324,72405,26,0,5,1,5,0
Posterior,UCD2(6)b,0,5,42.0,3.08917899,0.0,Homo sapiens,East Africa,3,106,67116,48,0,10,2,5,0
Anterior,HTB2026,1,12,22.0,3.39774848,0.75,Homo sapiens,Native Californian,2,166,70011,8,0,5,2,5,0
Premolar,BM1976.1443,0,12,22.0,3.80295048,0.0,Homo sapiens,Alaska,2,120,61705,44,0,10,2,1,0
Posterior,MH4459,0,8,52.0,5.71046472,0.75,Homo sapiens,East Africa,4,106,70482,101,0,5,1,3,0
Anterior,AMNH99.1/64,0,12,22.0,4.0457765,0.75,Pongo,West Africa,2,145,67553,8,0,10,1,4,0
Anterior,NMNH226092,1,12,37.0,22.9989102,0.75,Homo sapiens,Ebolwa,2,145,65219,44,0,10,1,1,0
Premolar,NMNH350096,0,8,22.0,7.76244648,0.75,Homo sapiens,Ebolwa,3,383,69518,102,0,5,2,2,0
Anterior,HTB1220,0,12,22.0,3.29146087,0.75,Homo sapiens,Australian aboriginie,2,120,63008,93,0,6,2,4,0
Premolar,UVS3,0,12,42.0,3.87558812,0.75,Homo sapiens,Australian aboriginie,2,120,63917,44,0,5,2,7,0
Premolar,IPHA.5,0,12,22.0,3.06608828,0.75,Homo sapiens,Borneo,3,106,70904,7,0,10,2,5,0
Premolar,HTB1027,0,6,52.0,4.13857528,0.25,Homo sapiens,Australian aboriginie,4,324,66415,57,0,5,2,8,0
Posterior,HTB1217,0,4,27.0,3.63654073,0.0,Homo sapiens,Native Californian,3,106,68353,8,0,13,1,4,0
Anterior,IPHA.14,0,6,32.0,5.94640065,1.0,Homo sapiens,Native Californian,3,120,61523,73,0,6,1,6,0
Premolar,PMN7459,0,8,32.0,4.81608016,0.25,Homo sapiens,Khoi-San or bushman half-caste,2,145,71308,44,0,10,1,5,0
Anterior,UVS56,0,8,27.0,3.05433283,0.0,Homo sapiens,Buriat,2,383,71266,8,0,5,1,3,0
Anterior,BRK126049,0,12,27.0,4.86555727,0.5,Homo sapiens,Borneo,3,106,71019,44,0,5,2,8,0
Premolar,BM1976.1426,0,12,27.0,5.44334199,0.25,Pongo,French Cameroons,2,383,71910,8,1,13,2,4,0
Posterior,NMNH283606,2,8,22.0,3.08319431,1.0,Pan,East Africa,2,324,63834,44,0,5,2,7,1
Anterior,BM1976.1425,1,6,27.0,5.83722718,0.25,Pan,Arabia,2,145,70938,3,0,13,1,5,0
Anterior,BM1976.1408,4,8,47.0,1.99807578,0.25,Papio,East Africa,2,324,63032,48,0,5,2,5,0
Posterior,AMNH99.1/89-A,0,8,27.0,3.06608828,0.5,Homo sapiens,Afalou,2,120,61770,69,0,5,2,7,0
Anterior,HTB0900,0,12,27.0,3.55691242,1.0,Homo sapiens,Native Californian,4,120,69591,27,0,5,2,7,0
Anterior,AMNH99.1/111,0,4,57.0,5.56672472,0.0,Homo sapiens,Borneo,2,383,72033,19,0,5,1,4,0
Anterior,HTB1726,1,12,22.0,9.02231946,0.5,Homo sapiens,Khoi-San,2,166,69005,44,0,5,2,1,0
Premolar,MH22282,0,8,37.0,3.12128232,0.25,Pan,Ebolwa,2,106,71654,72,0,5,2,6,0
Posterior,MH5327,0,11,57.0,3.03626772,0.0,Homo sapiens,East Africa,2,166,68189,112,0,10,2,6,0
Anterior,HTB1226,2,12,27.0,2.69681693,0.5,Homo sapiens,Khoi-San,2,145,69195,19,0,5,2,1,0
Anterior,BM1964.2174,4,12,27.0,3.56943631,0.75,Pongo,Ebolwa,2,166,63321,32,0,13,1,1,0
Posterior,HTB1722,0,8,42.0,9.7611705,1.0,Homo sapiens,Borneo,2,106,72272,7,0,13,1,4,1
Anterior,UVS105,0,12,32.0,3.80295048,0.25,Homo sapiens,Native Californian,3,166,67231,44,0,10,2,5,0
Premolar,UVS24,0,8,42.0,3.46891175,0.75,Papio,Chucki,2,106,65771,3,0,10,2,3,0
Premolar,UVS29,0,8,42.0,3.60915514,0.0,Homo sapiens,Australian aboriginie,4,383,72462,8,0,13,2,1,0
Posterior,BRK126774,0,8,37.0,2.91816725,0.0,Homo sapiens,Borneo,4,383,64345,51,0,6,2,8,0
Premolar,BM1976.1443,0,11,22.0,6.01663882,0.5,Papio,Australian aboriginie,3,383,68379,8,0,10,1,1,0
Anterior,NMNH283606,0,8,32.0,10.5,0.75,Homo sapiens,Borneo,3,324,65359,7,0,5,2,1,1
Posterior,PMN7459,0,12,22.0,13.9148037,1.0,Pan,East Africa,3,383,67470,112,0,13,1,4,0
Anterior,HTB2748,0,12,57.0,4.16980327,0.75,Pan,Native Californian,2,145,63974,44,0,5,1,3,0
Anterior,HTB1218,0,8,27.0,2.00186723,0.75,Papio,East Africa,3,145,71969,45,0,13,1,8,0
Posterior,BM1927.8.14.1,0,12,27.0,2.1579761,0.0,Pan,Khoi-San or bushman half-caste,2,383,62745,8,0,5,1,6,1
Posterior,BM1932.7.6.1,0,12,27.0,4.85399919,0.75,Pongo,Buriat,3,383,70912,32,0,6,1,3,0
Anterior,NMNH380447,0,12,27.0,6.70718105,1.0,Homo sapiens,Native Californian,4,383,66415,3,0,13,1,4,0
Premolar,BM1901.2.13.1,0,10,27.0,5.44029653,0.25,Homo sapiens,Chucki,2,145,64667,44,0,10,2,8,0
Posterior,MH1860,0,12,27.0,4.85399919,0.5,Homo sapiens,Australian aboriginie,3,120,66381,1,0,13,2,4,0
Premolar,NMNH225029,0,12,22.0,16.4384771,0.25,Pan,Buriat,3,145,70508,57,0,6,2,5,1
Anterior,BRK125810,0,12,37.0,3.48066219,0.25,Homo sapiens,Borneo,4,383,70417,3,0,6,2,5,1
Posterior,MH1861,0,12,22.0,8.74186019,0.0,Homo sapiens,French Cameroons,2,120,71985,64,0,13,1,4,0
Premolar,NMNH225029,0,8,37.0,5.94640065,1.0,Homo sapiens,French Cameroons,2,106,65961,3,0,5,1,6,0
Premolar,NMNH344711,0,8,42.0,2.392161,0.75,Homo sapiens,Khoi-San,4,166,63180,58,0,13,1,6,0
Premolar,NMNH278716,0,12,47.0,3.4773143,0.5,Homo sapiens,Alaska,2,120,70599,7,0,10,2,4,0
Premolar,NMNH278702,0,8,27.0,5.04927738,0.25,Homo sapiens,East Africa,3,106,65680,44,0,10,2,5,0
Anterior,BM1922.12.19.6,1,6,37.0,5.56908606,1.0,Pan,Alaska,2,383,63032,72,0,5,1,1,0
Posterior,HTB3538,0,8,32.0,12.5,0.25,Papio,South Africa,3,106,70995,3,0,5,2,3,0
Premolar,NMNH331242,0,12,32.0,3.56943631,0.25,Homo sapiens,Ebolwa,2,383,63941,49,0,13,2,3,0
Premolar,AMNH99.1/84-D,0,4,27.0,3.79588028,0.75,Pan,French Cameroons,2,383,63834,44,0,5,1,4,0
Premolar,MH1670,0,8,27.0,2.00186723,0.5,Pan,Australian aboriginie,2,106,69971,72,0,10,1,1,0
Posterior,BM1904.11.5.2,4,12,22.0,5.56908606,0.75,Homo sapiens,Native Californian,2,166,63966,44,1,5,2,4,0
Premolar,BM1976.1427,0,8,22.0,3.16436617,0.75,Homo sapiens,French Cameroons,3,120,66381,44,0,5,2,6,0
Posterior,HTB1890,0,8,27.0,2.35865298,0.75,Homo sapiens,East Africa,3,120,67504,57,0,10,1,1,0
Premolar,BM1902.9.9.3,0,8,27.0,4.94131337,0.25,Pongo,Native Californian,2,106,61952,40,0,5,1,4,0
Anterior,NMNH278704,1,4,27.0,4.28424336,0.5,Homo sapiens,Khoi-San,3,324,62539,8,0,5,2,7,0
Anterior,NMNH350096,0,8,27.0,6.89761633,0.75,Homo sapiens,Alaska,2,120,72744,55,0,10,2,3,0
Premolar,HTB2771,3,6,47.0,3.86877709,0.25,Homo sapiens,Chucki,2,145,73544,7,0,10,1,5,0
Anterior,BRK125598,0,6,47.0,4.93536963,1.0,Pongo,Native Californian,2,145,65177,34,0,13,1,6,0
Anterior,IPHA.9,1,8,32.0,2.33671692,1.0,Homo sapiens,East Africa,2,106,68387,8,0,5,2,6,0
Premolar,UVS67,0,8,32.0,5.5467185,1.0,Pongo,Sami,4,324,65771,71,0,13,1,1,1
Anterior,UVS40,4,8,32.0,3.05433283,0.5,Pan,Khoi-San or bushman half-caste,3,145,63594,40,0,10,1,5,0
Posterior,UVS119,0,12,22.0,3.33964284,1.0,Papio,West Africa,2,166,69120,7,0,5,2,4,0
Anterior,HTB1957,6,8,22.0,8.74186019,0.5,Homo sapiens,Chucki,3,145,63123,34,0,13,2,4,0
Posterior,AMNH99.1/87,0,12,52.0,2.61213574,0.75,Papio,Khoi-San,2,166,69013,44,0,13,1,3,0
Posterior,MH1860,0,4,22.0,4.86555727,0.25,Pan,East Africa,4,383,71647,44,0,13,1,1,0
Anterior,HTB1713,0,12,42.0,3.33164782,0.25,Homo sapiens,Buriat,2,120,64667,8,0,10,2,5,1
Anterior,BM1934.11.20.1,0,8,27.0,4.35423659,0.75,Homo sapiens,Ebolwa,3,106,72058,31,0,6,1,4,0
Anterior,BM1976.1415,0,12,32.0,2.69681693,0.75,Homo sapiens,Khoi-San or bushman half-caste,3,145,71795,44,0,5,2,6,0
Premolar,MH5328,0,8,47.0,2.87155209,0.75,Homo sapiens,Native Californian,3,166,63016,40,0,13,2,2,0
Premolar,BM1922.12.19.6,0,8,27.0,5.31768598,0.25,Homo sapiens,East Africa,3,106,62745,44,0,13,1,3,0
Anterior,HTB2032,0,12,47.0,1.93720666,0.75,Homo sapiens,French Cameroons,4,324,71548,49,0,10,1,4,0
Anterior,BM1976.1442,0,4,37.0,2.1579761,0.0,Papio,East Africa,2,383,69013,44,0,10,2,5,0
Anterior,MH12326,0,12,37.0,3.72712188,1.0,Homo sapiens,Afalou,2,383,71522,3,0,13,2,1,0
Anterior,AMNH99.1/101,0,4,42.0,5.70308472,0.75,Homo sapiens,Borneo,4,383,65037,8,0,10,1,4,0
Premolar,NMNH329778,0,8,27.0,3.37476666,1.0,Homo sapiens,Alaska,3,166,69948,77,0,10,2,8,0
Anterior,BRK125827,0,9,32.0,5.62745765,0.25,Homo sapiens,Native Californian,4,324,75002,8,0,5,1,4,0
Posterior,AMNH99.1/79,0,6,27.0,6.79442263,0.25,Pan,Australian aboriginie,2,383,72017,3,0,10,2,5,0
Posterior,UCD2(3a)b,0,8,27.0,3.60361662,0.25,Homo sapiens,East Africa,3,383,67405,40,0,6,1,4,0
Premolar,BRK126089,0,12,42.0,3.05433283,1.0,Pan,East Africa,2,145,61549,32,0,5,2,5,0
Anterior,IPHA.15,3,8,32.0,4.90072026,1.0,Papio,Native Californian,2,324,68973,44,0,5,1,4,0
Posterior,AMNH99.1/77,0,8,37.0,4.93536963,0.5,Homo sapiens,Native Californian,3,120,66845,57,0,5,1,8,0
Premolar,BRK126094,0,12,27.0,2.95130863,0.25,Homo sapiens,Australian aboriginie,3,120,66910,1,0,5,2,1,0
Anterior,HTB1713,0,10,32.0,3.42374303,0.75,Homo sapiens,Native Californian,4,145,69690,44,0,5,1,1,0
Anterior,MH1526,0,8,32.0,3.60361662,0.25,Homo sapiens,Khoi-San or bushman half-caste,2,324,70813,27,0,13,2,4,0
Premolar,MH12322,0,4,47.0,3.49014071,1.0,Homo sapiens,Khoi-San,4,120,67819,52,0,5,1,4,0
Premolar,NMNH330606,0,8,42.0,2.80466038,0.5,Homo sapiens,Buriat,2,145,65748,44,0,13,1,1,0
Anterior,BM1922.12.19.6,3,12,22.0,2.68358343,0.75,Homo sapiens,Buriat,4,120,70854,114,0,5,1,4,0
Posterior,AMNH99.1/80(a),7,8,42.0,4.45403148,0.75,Homo sapiens,Alaska,3,383,62109,68,0,5,1,3,0
Anterior,BM1924.2.25.1,0,12,27.0,4.97264041,0.25,Homo sapiens,East Africa,2,166,69773,44,0,5,1,3,0
Anterior,BM1934.11.20.1,0,12,42.0,3.45050478,0.0,Papio,Australian aboriginie,2,324,68023,3,0,13,1,5,0
Anterior,IPHA.12,0,4,37.0,3.39774848,0.75,Homo sapiens,Chucki,2,120,70912,3,0,6,1,5,0
Anterior,BM1904.8.2.1,0,8,32.0,13.4013855,0.25,Papio,Alaska,3,383,61499,8,0,13,2,8,0
Premolar,UVS22,0,12,37.0,4.65477138,0.5,Homo sapiens,East Africa,4,120,69203,8,0,13,2,4,0
Premolar,BM1898.2.28.11,0,12,37.0,2.19399907,0.75,Homo sapiens,French Cameroons,4,324,62331,44,0,10,2,4,0
Anterior,AMNH99.1/96-A,0,12,37.0,2.29036872,1.0,Pan,East Africa,3,166,62638,8,0,10,2,5,0
Anterior,BM1913.10.18.3,0,12,32.0,2.63528098,0.75,Homo sapiens,Native Californian,2,324,66837,8,0,10,1,6,0
Premolar,BRK126757,0,12,42.0,5.44334199,0.75,Pan,West Africa,3,145,69526,139,0,5,2,4,0
Posterior,BM1913.10.18.2,0,8,52.0,5.81978104,0.25,Pongo,Ebolwa,3,324,63503,58,0,13,1,1,0
Premolar,AMNH99.1/84-B,0,9,22.0,4.72264949,0.5,Homo sapiens,Ebolwa,3,166,69252,8,0,5,1,4,0
Premolar,HTB3418,5,7,27.0,3.86877709,0.75,Homo sapiens,Native Californian,2,145,61457,7,0,10,1,7,1
Premolar,BM1971.2353,0,8,27.0,4.94131337,0.75,Homo sapiens,Khoi-San or bushman half-caste,3,324,69971,8,0,10,2,1,0
Anterior,IPHA.36,0,12,22.0,3.95531929,0.5,Papio,French Cameroons,4,383,63545,8,0,10,1,7,0
Premolar,UVS45,0,12,22.0,3.30454439,0.75,Homo sapiens,Ebolwa,3,166,68486,64,0,10,1,5,0
Anterior,BM1976.1422,0,11,27.0,3.39774848,0.0,Papio,Buriat,3,166,70904,48,0,5,2,1,0
Posterior,UVS142,0,8,27.0,8.3605854,0.0,Homo sapiens,Australian aboriginie,2,145,63487,8,0,13,1,4,0
Premolar,MH12320,0,6,37.0,2.29036872,0.75,Homo sapiens,Borneo,3,383,68197,7,0,6,1,3,0
Premolar,HTB2027,0,8,27.0,2.62887685,0.5,Papio,Native Californian,2,106,61655,77,0,10,2,4,0
Anterior,HTB1154,1,12,32.0,12.6,0.25,Homo sapiens,Australian aboriginie,2,120,61812,44,0,10,1,4,0
Premolar,BM1976.1439,2,12,22.0,5.035316,0.25,Papio,Alaska,4,383,71522,69,0,5,2,5,0
Premolar,HTB1903,0,12,22.0,3.71761878,0.75,Homo sapiens,East Africa,2,166,70623,3,0,10,2,2,0
Premolar,HTB1958,6,8,22.0,2.59401611,0.25,Homo sapiens,Khoi-San,2,383,61507,44,0,10,2,4,0
Posterior,UVS105,0,12,32.0,3.45465859,0.75,Pongo,Buriat,2,145,64717,7,0,5,1,6,0
Posterior,HTB1890,1,12,32.0,3.48559185,0.25,Homo sapiens,Borneo,3,383,73544,58,0,13,2,5,0
Posterior,HTB1214,0,12,27.0,10.0,0.25,Homo sapiens,Khoi-San or bushman half-caste,2,383,62042,3,0,13,2,5,0
Anterior,BM1976.1443,0,4,47.0,3.09453499,0.0,Homo sapiens,Khoi-San,4,324,61994,8,0,5,1,4,0
Anterior,AMNH99.1/60,0,12,22.0,4.81608016,1.0,Homo sapiens,East Africa,3,120,64642,44,0,5,2,5,0
Premolar,AMNH99.1/75-A,0,12,32.0,5.15359486,0.5,Homo sapiens,Native Californian,3,324,62828,7,0,13,2,4,0
Premolar,NMNH225025,0,11,37.0,5.00049123,0.25,Homo sapiens,Alaska,2,166,67918,114,0,6,2,6,0
Premolar,UVS68,0,12,27.0,12.5,1.0,Homo sapiens,Buriat,2,383,62984,8,0,5,2,7,0
Premolar,BRK126261,0,8,32.0,3.95602419,0.0,Homo sapiens,Borneo,3,324,62703,3,0,5,1,3,0
Premolar,AMNH99.1/89-B,1,6,42.0,4.25426601,0.75,Homo sapiens,Borneo,4,166,68023,7,0,10,1,4,0
Anterior,HTB1426,0,6,37.0,4.0457765,0.0,Pongo,Native Californian,4,106,67397,142,0,5,2,6,1
Premolar,NMNH380429,0,6,22.0,5.56672472,0.25,Homo sapiens,Native Californian,2,383,62802,7,0,5,1,5,1
Anterior,HTB1027,0,8,27.0,3.02477635,0.75,Homo sapiens,Buriat,3,324,61523,32,0,13,1,5,0
Posterior,NMNH283607,1,6,22.0,2.64088713,0.5,Pan,Chucki,2,324,64485,44,1,5,1,4,1
Posterior,IPHA.29,0,8,27.0,3.33164782,0.75,Homo sapiens,Buriat,4,120,71266,8,0,5,2,3,0
Premolar,BM1976.1426,0,8,27.0,4.81608016,0.75,Homo sapiens,Australian aboriginie,4,383,67694,105,0,5,2,5,0
Posterior,NMNH225029,0,6,32.0,2.47259539,0.0,Papio,Native Californian,2,145,65425,7,0,6,2,3,0
Premolar,HTB3398,1,12,32.0,5.1293812,0.75,Homo sapiens,Khoi-San,2,106,68627,7,0,10,1,5,0
Posterior,AMNH99.1/98,0,6,37.0,12.5,0.25,Homo sapiens,Australian aboriginie,3,145,72553,8,0,5,1,8,0
Posterior,BM1976.1421,4,12,32.0,5.69322104,0.0,Homo sapiens,Native Californian,2,120,61655,72,0,5,1,6,0
Premolar,MH5327,0,12,27.0,2.93195822,0.0,Papio,Borneo,2,106,71142,84,0,5,2,4,0
Premolar,PMN1389,0,12,52.0,3.46891175,1.0,Pan,Tasmanien,4,120,66696,8,0,13,1,1,0
Posterior,NMNH344711,0,6,22.0,4.31652929,0.25,Pan,Alaska,3,383,72363,64,0,5,2,1,0
Posterior,BM1908.8.9.42,0,12,42.0,3.63455838,1.0,Pongo,West Africa,2,145,66530,12,0,13,1,4,0
Posterior,BM1924.8.6.16,9,5,32.0,2.19399907,0.75,Homo sapiens,Afalou,4,120,68858,7,0,13,2,6,0
Premolar,BRK126764,0,12,37.0,4.61556224,0.0,Homo sapiens,East Africa,2,145,62737,3,0,10,2,5,0
Anterior,MH4765,0,12,32.0,2.72587272,0.25,Papio,Sami,3,324,72611,7,0,5,2,1,1
Anterior,IPHA.48,0,6,22.0,2.76002868,0.75,Homo sapiens,East Africa,3,383,63875,44,0,6,1,4,0
Premolar,AMNH99.1/100,0,12,22.0,4.25426601,0.5,Pongo,Borneo,3,166,61812,44,0,5,2,4,1
Premolar,MH24894,0,7,32.0,4.90407388,1.0,Pan,Native Californian,3,145,67157,44,0,5,1,6,0
Premolar,BRK125675,0,12,32.0,3.71761878,1.0,Papio,Sami,2,120,72207,49,0,5,2,4,1
Anterior,HTB3552,0,4,22.0,15.0,0.75,Pongo,Buriat,2,120,62679,49,0,5,1,3,0
Premolar,HTB1889,0,12,22.0,2.02242151,0.25,Pan,Sami,2,324,62596,8,0,13,2,6,1
Posterior,UVS60,1,12,27.0,3.80749511,0.25,Pongo,East Africa,2,106,63552,28,0,5,1,4,0
Premolar,HTB1706,5,12,22.0,8.3605854,0.5,Papio,Borneo,2,106,72512,72,0,13,2,5,0
Anterior,NMNH380450,0,12,22.0,2.92732743,1.0,Homo sapiens,East Africa,3,120,72041,32,0,10,2,4,0
Anterior,HTB3515,0,4,27.0,3.39106649,0.75,Homo sapiens,Arabia,3,120,64048,3,0,5,1,7,0
Anterior,BM1938.7.17.1,2,11,27.0,2.69681693,0.25,Pan,East Africa,4,106,65045,7,0,10,2,6,0
Posterior,BRK126472,0,12,32.0,3.89582582,0.5,Pan,Borneo,2,120,63057,3,0,6,2,4,0
Anterior,BM1976.1423,0,7,42.0,4.35428022,1.0,Pan,Borneo,3,145,64063,28,0,10,1,4,0
Premolar,AMNH99.1/89-A,8,4,37.0,3.02477635,0.75,Papio,Khoi-San or bushman half-caste,2,324,64477,44,0,5,2,4,0
Premolar,UCD2(10.1)b,2,12,42.0,3.54750963,0.0,Homo sapiens,Alaska,2,166,71621,1,0,10,2,5,0
Premolar,NMNH278711,0,7,37.0,4.22315152,0.0,Homo sapiens,French Cameroons,3,145,62240,73,0,5,1,6,0
Premolar,NMNH331243,0,12,27.0,3.44508735,0.25,Homo sapiens,Buriat,2,166,68361,87,0,10,1,5,0
Anterior,BRK126766,2,9,22.0,2.26582834,1.0,Homo sapiens,Australian aboriginie,2,106,71381,8,0,13,2,3,0
Premolar,BRK126776,0,6,37.0,2.392161,1.0,Pongo,East Africa,4,145,63461,44,0,5,1,1,0
Posterior,BM1904.11.5.2,0,6,37.0,4.1148462,0.25,Homo sapiens,Central Africa,3,324,70854,8,0,10,1,5,0
Posterior,BRK125676,0,12,22.0,3.52464829,1.0,Pongo,Native Californian,3,120,71837,52,0,10,2,3,0
Premolar,HTB1956,0,12,52.0,3.16346606,0.75,Homo sapiens,French Cameroons,2,383,70789,21,0,5,2,4,0
Posterior,UVS59,0,7,47.0,2.95130863,0.75,Pan,East Africa,2,166,70243,72,0,10,1,4,0
Posterior,BM1976.1429,0,6,32.0,5.15359486,0.75,Homo sapiens,Chucki,3,324,70268,44,0,5,1,1,1
Anterior,UVS1,0,8,37.0,2.18171291,0.5,Pongo,Buriat,2,166,63719,3,0,5,1,5,0
Posterior,BRK126758,0,12,52.0,16.4384771,0.0,Homo sapiens,West Africa,2,120,64857,40,0,6,1,5,0
Anterior,NMNH278713,0,6,37.0,23.8192059,0.75,Homo sapiens,Native Californian,2,145,69138,44,0,5,2,5,0
Posterior,BM1936.12.28.1,0,11,57.0,3.45050478,0.75,Homo sapiens,West Africa,2,145,69252,7,0,5,2,3,1
Premolar,MH3616,0,8,22.0,10.0,0.25,Papio,Australian aboriginie,4,120,68536,3,0,5,2,4,0
Posterior,BRK126124,1,8,22.0,3.16346606,0.75,Homo sapiens,Australian aboriginie,2,324,63800,7,0,5,1,1,1
Posterior,MH24934A,7,12,42.0,31.4169538,0.25,Homo sapiens,Chucki,4,166,66191,3,0,10,2,5,0
Posterior,BM1976.1408,8,11,22.0,8.29624584,0.25,Homo sapiens,Buriat,4,166,64113,111,0,10,1,5,0
Anterior,BM1904.8.2.3,0,12,32.0,2.02242151,0.25,Papio,West Africa,3,383,62737,77,0,10,1,4,0
Premolar,IPHA.3,0,8,27.0,3.79588028,0.0,Homo sapiens,Tasmanien,2,383,67918,7,0,5,1,5,0
Posterior,MH24894,0,12,47.0,7.8,0.0,Papio,Buriat,3,120,68726,52,0,5,2,4,0
Posterior,BRK125800,0,12,27.0,15.0,0.25,Pan,East Africa,2,106,62893,44,0,13,1,1,1
Anterior,BM1976.1437,0,8,22.0,11.8783346,0.0,Papio,East Africa,2,383,68221,7,0,10,2,2,0
Posterior,BM1976.1428,0,12,22.0,6.474995012,0.25,Pan,East Africa,2,145,67736,7,0,13,2,5,0
Premolar,UVS104,3,6,37.0,2.96878123,1.0,Pan,Alaska,2,145,69336,44,0,5,2,4,0
Posterior,MH1702,1,6,22.0,15.0,0.0,Homo sapiens,Native Californian,2,324,63560,41,0,13,1,6,0
Posterior,AMNH99.1/59-B,1,4,32.0,6.474995012,0.0,Homo sapiens,Ebolwa,2,324,71696,44,0,6,2,3,1
Premolar,AMNH99.1/101,0,6,22.0,5.22500246,0.25,Homo sapiens,Native Californian,2,145,68163,3,0,5,2,7,1
Premolar,BM1901.2.13.1,0,4,37.0,3.63654073,0.0,Pongo,Native Californian,2,145,69385,102,0,10,2,6,0
Premolar,NMNH330604,0,4,27.0,7.76244648,0.75,Papio,Khoi-San or bushman half-caste,2,383,62927,8,0,10,2,5,0
Premolar,AMNH99.1/86-D,0,6,22.0,4.65477138,0.0,Homo sapiens,East Africa,3,383,68395,3,0,5,1,5,0
Posterior,UVS45,0,6,27.0,3.48559185,0.75,Homo sapiens,Australian aboriginie,3,106,63750,3,0,5,2,5,0
Posterior,HTB1958,0,9,22.0,3.7272427,0.75,Homo sapiens,Native Californian,3,383,70870,44,0,5,1,5,0
Premolar,BM1962.25,0,4,27.0,3.54689952,1.0,Pan,Native Californian,3,145,68387,8,0,5,1,4,1
Posterior,HTB1888,1,12,37.0,3.89582582,1.0,Papio,Sami,2,166,72462,7,0,10,1,1,0
Premolar,MH12319,0,6,32.0,8.23260632,0.25,Homo sapiens,Borneo,2,383,70904,44,1,5,1,7,0
Anterior,NMNH258483,1,12,37.0,2.95130863,0.25,Papio,Tasmanien,3,383,69526,8,0,5,2,4,1
Premolar,BM1904.8.2.1,0,6,27.0,2.97561367,0.25,Homo sapiens,Native Californian,2,106,69104,8,0,6,2,5,0
Premolar,BM1935.2.14.1,0,8,32.0,2.392161,1.0,Homo sapiens,Native Californian,4,106,69849,71,0,10,2,4,1
Premolar,UVS28,0,4,32.0,5.62745765,0.0,Homo sapiens,Sami,2,324,64857,45,0,10,1,7,0
Posterior,NMNH226089,0,12,37.0,3.02477635,0.75,Homo sapiens,Ebolwa,2,120,65110,8,0,5,2,4,0
Premolar,AMNH99.1/91-A,0,7,47.0,9.1,1.0,Papio,East Africa,4,324,61523,7,0,5,1,1,0
Posterior,MH19826,0,8,22.0,3.85801676,0.25,Pongo,Australian aboriginie,2,120,72470,58,0,6,1,4,0
Posterior,HTB2027,0,8,22.0,6.06203036,0.0,Pongo,Native Californian,3,106,71563,7,0,10,2,4,0
Anterior,BM1976.1425,0,8,47.0,10.0,0.0,Homo sapiens,Australian aboriginie,2,324,66696,44,0,5,1,3,0
Posterior,UCD2(6)b,0,8,57.0,4.97264041,0.0,Pan,Australian aboriginie,3,145,72298,44,0,10,1,4,0
Premolar,HTB1043,0,12,32.0,9.1,0.25,Pongo,Alaska,4,383,71795,7,0,6,2,1,0
Posterior,IPHA.10b,0,12,52.0,2.1579761,0.5,Papio,West Africa,2,166,66167,44,0,6,2,6,1
Premolar,BM1976.1438,0,12,32.0,4.35806278,1.0,Homo sapiens,Native Californian,4,166,64667,69,1,6,1,7,0
Premolar,HTB1882,0,6,27.0,2.10624751,1.0,Homo sapiens,East Africa,3,383,69195,3,0,5,1,3,0
Posterior,BRK126121,0,8,32.0,3.85801676,1.0,Pan,Afalou,2,324,64048,4,0,10,2,3,0
Posterior,MH22283,4,8,27.0,3.06608828,0.0,Homo sapiens,Native Californian,3,106,70995,102,0,5,1,3,1
Anterior,HTB1723,1,4,52.0,2.72587272,1.0,Homo sapiens,Ebolwa,2,383,66746,8,0,5,1,5,0
Premolar,BRK126117,0,12,42.0,2.86641,1.0,Papio,Alaska,3,166,63313,8,0,10,1,4,0
Posterior,NMNH278703,0,6,27.0,3.2128737,0.25,Homo sapiens,Ebolwa,3,145,63073,7,0,10,2,3,0
Premolar,HTB1957,0,12,32.0,5.035316,0.75,Homo sapiens,Australian aboriginie,3,120,67967,7,0,6,1,5,0
Posterior,HTB1215,0,8,37.0,4.08156052,0.75,Homo sapiens,Khoi-San,2,166,65078,44,0,10,1,4,0
Premolar,NMNH278709,0,12,27.0,4.43727895,0.25,Homo sapiens,East Africa,2,120,64170,13,0,5,1,1,0
Premolar,BM1884.10.30.1,0,2,27.0,3.89582582,0.25,Homo sapiens,Australian aboriginie,3,106,64857,8,0,5,2,1,0
Anterior,NMNH226086,0,12,32.0,5.71763847,1.0,Homo sapiens,Native Californian,2,120,62380,44,0,10,1,1,1
Anterior,MH12319,0,8,22.0,3.63654073,0.0,Pan,West Africa,4,120,66191,51,0,6,2,5,1
Posterior,UVS142,7,8,42.0,3.20502776,0.25,Pan,Tasmanien,4,166,61929,3,0,10,1,6,1
Anterior,BRK126766,0,5,32.0,3.35489121,1.0,Pongo,Alaska,4,383,63230,7,0,10,2,5,0
Anterior,HTB2033,0,6,42.0,3.45050478,0.75,Pan,West Africa,2,166,63404,7,0,5,1,6,0
Anterior,HTB1154,0,12,32.0,4.25426601,0.0,Homo sapiens,West Africa,2,120,69138,44,0,10,1,5,0
Anterior,BRK126766,0,12,42.0,4.03507241,0.25,Homo sapiens,Borneo,2,120,68882,8,0,13,2,1,0
Posterior,BM1901.8.9.23,1,12,37.0,2.61213574,0.5,Papio,Alaska,3,145,70268,3,0,6,2,6,0
Anterior,MH1861,4,12,22.0,3.45050478,0.0,Pan,Australian aboriginie,3,106,68395,7,0,5,2,3,0
Premolar,IPHA.15,4,8,27.0,2.86641,0.75,Homo sapiens,Australian aboriginie,3,324,72207,45,0,10,1,5,0
Posterior,BRK126125,0,12,37.0,3.60361662,0.75,Papio,East Africa,2,145,69542,44,0,6,1,7,0
Premolar,IPHA.49,0,8,27.0,8.74186019,1.0,Papio,Sami,3,120,71357,44,0,5,1,4,0
Posterior,BM1914.3.8.2,0,5,57.0,3.68843519,0.25,Homo sapiens,Australian aboriginie,3,120,67348,8,0,5,2,5,0
Premolar,NMNH380429,0,12,22.0,3.33964284,0.0,Pongo,Australian aboriginie,2,166,66050,3,0,10,2,1,1
Posterior,BRK126768,0,12,32.0,4.35423659,0.0,Pan,Native Californian,2,324,65870,44,0,10,2,4,0
Posterior,BRK126765,0,8,52.0,6.79442263,0.0,Homo sapiens,Borneo,4,383,63420,8,0,10,2,5,0
Posterior,AMNH99.1/112,0,12,27.0,3.75801123,0.25,Homo sapiens,Native Californian,3,383,70722,44,0,5,2,1,0
Premolar,BRK126259,0,12,22.0,4.94131337,1.0,Homo sapiens,Native Californian,4,106,62323,8,0,13,1,5,0
Premolar,MH2283,0,12,57.0,18.0781611,1.0,Homo sapiens,Borneo,2,106,63016,101,0,13,1,4,0
Premolar,BM1906.11.1.6,0,10,32.0,2.02242151,0.5,Homo sapiens,Native Californian,2,145,63578,3,0,10,2,4,0
Anterior,HTB3434,0,12,27.0,3.42374303,0.5,Homo sapiens,Alaska,2,106,64931,8,0,13,1,3,0
Posterior,BRK126100,0,12,27.0,4.778975048,0.25,Homo sapiens,Buriat,3,383,69757,32,0,13,2,6,0
Posterior,MH4665,0,5,32.0,5.35897499,0.25,Homo sapiens,Australian aboriginie,3,383,65961,8,0,5,1,5,0
Anterior,PMN1389,0,8,52.0,10.2682079,1.0,Papio,Alaska,3,324,71308,52,0,5,1,7,0
Anterior,BRK125810,0,7,52.0,3.71619727,0.75,Homo sapiens,Australian aboriginie,2,145,65169,3,0,6,2,3,0
Anterior,BRK126243,3,8,32.0,5.00397466,0.0,Homo sapiens,Australian aboriginie,3,120,65722,46,0,5,2,5,0
Posterior,BRK126259,0,11,22.0,2.86641,0.0,Homo sapiens,Khoi-San or bushman half-caste,2,324,69435,8,0,5,1,7,0
Anterior,UVS57,0,12,42.0,3.63654073,0.25,Pan,Borneo,3,166,70128,58,0,10,2,6,0
Premolar,AMNH99.1/90,0,12,22.0,3.44508735,1.0,Homo sapiens,Australian aboriginie,3,383,69203,44,0,5,2,4,0
Posterior,UVS67,5,4,37.0,1.80774282,0.75,Homo sapiens,East Africa,3,106,66837,7,0,10,1,5,1
Posterior,NMNH380466,0,5,22.0,3.12946271,1.0,Homo sapiens,Australian aboriginie,2,106,68627,44,0,5,2,1,0
Anterior,UCD2(16)b,0,12,27.0,4.51398683,0.0,Papio,Ebolwa,2,383,72611,7,0,6,2,5,0
Premolar,NMNH380448,2,11,27.0,3.66420581,0.5,Homo sapiens,Ebolwa,4,145,71621,8,0,10,1,3,0
Anterior,BM1908.8.9.42,0,12,42.0,3.63654073,0.75,Homo sapiens,Borneo,2,145,63610,44,0,5,1,4,0
Anterior,AMNH99.1/102,0,3,27.0,5.31768598,0.75,Pan,Ebolwa,3,106,71266,8,0,6,2,4,0
Posterior,BRK126247,2,12,37.0,5.06666429,0.5,Homo sapiens,Native Californian,2,106,61457,3,0,5,2,4,0
Posterior,MH24592,0,13,27.0,8.3,0.0,Homo sapiens,Chucki,3,145,67553,32,0,5,1,4,0
Posterior,NMNH330605,2,5,22.0,5.83722718,0.0,Homo sapiens,Buriat,3,324,63933,8,0,5,1,1,0
Posterior,HTB0890,0,8,37.0,3.16346606,0.25,Pan,Khoi-San,2,166,69815,49,0,5,2,1,0
Posterior,HTB1225,0,12,32.0,3.58600079,0.25,Homo sapiens,Native Californian,2,120,67918,49,0,10,1,5,0
Posterior,NMNH278712,0,12,47.0,3.12946271,0.25,Pongo,Australian aboriginie,4,324,69393,8,0,13,1,7,0
Anterior,BRK125827,0,8,22.0,8.74186019,0.0,Homo sapiens,Buriat,3,166,65748,8,0,10,2,6,0
Premolar,IPHA.46,0,6,27.0,6.99594743,0.0,Homo sapiens,Khoi-San or bushman half-caste,2,120,70680,7,0,5,2,6,0
Premolar,AMNH99.1/84-A,0,6,27.0,2.33861853,0.5,Homo sapiens,Afalou,2,145,63974,48,0,10,2,3,0
Premolar,MH20912,1,8,37.0,13.4013855,1.0,Homo sapiens,Australian aboriginie,3,106,70417,76,0,5,1,4,0
Posterior,AMNH99.1/84-C,0,12,42.0,3.33164782,1.0,Homo sapiens,Borneo,2,383,68379,44,0,13,2,8,1
Posterior,UVS28,2,12,42.0,4.81608016,0.25,Homo sapiens,Native Californian,3,166,66423,44,0,13,1,7,1
Posterior,BRK125675,0,4,37.0,10.0,0.25,Homo sapiens,Afalou,2,383,68791,44,0,5,1,3,0
Anterior,HTB1153,0,12,32.0,3.20634803,0.25,Papio,Australian aboriginie,2,383,72421,8,0,6,1,8,0
Posterior,MH22280,2,6,42.0,22.9989102,1.0,Homo sapiens,West Africa,2,166,70714,8,0,10,2,4,0
Premolar,BM1976.1436,0,8,27.0,16.9965704,1.0,Pan,Sami,3,383,75135,58,0,6,1,5,0
Premolar,BM1910.10.3.1,0,6,27.0,2.71270581,0.25,Papio,Tasmanien,2,106,67967,8,0,10,2,6,0
Premolar,BM1976.1409,0,4,22.0,2.97066069,0.25,Homo sapiens,East Africa,3,106,63693,44,0,6,1,5,0
Posterior,HTB1741,0,8,32.0,2.24541074,1.0,Homo sapiens,Australian aboriginie,3,106,65813,59,0,5,2,4,1
Premolar,BRK126094,1,8,32.0,1.80774282,0.5,Papio,Arabia,4,120,71142,31,0,10,2,4,0
Anterior,BM1976.1409,0,12,27.0,6.56320224,0.0,Homo sapiens,West Africa,2,106,61978,7,0,10,1,3,0
Premolar,HTB1713,0,12,32.0,3.86877709,0.0,Homo sapiens,East Africa,2,166,70730,1,0,5,2,4,0
Posterior,BM1914.3.8.2,0,12,27.0,2.61213574,0.0,Pan,East Africa,4,166,69690,52,0,10,1,5,0
Posterior,UVS76,0,11,57.0,4.04495405,0.75,Homo sapiens,Borneo,2,166,66480,3,0,5,2,3,0
Posterior,BM1923.3.4.3,0,8,22.0,4.0457765,0.25,Pan,East Africa,2,106,66886,7,0,10,1,6,0
Posterior,NMNH226088,0,6,22.0,2.43978021,0.75,Homo sapiens,Afalou,3,106,69625,22,0,6,1,1,0
Posterior,HTB1882,0,12,42.0,2.86641,1.0,Pan,Chucki,3,324,69450,45,0,5,1,4,0
Anterior,PMN7459,0,8,37.0,3.03626772,0.75,Homo sapiens,East Africa,2,324,66589,44,0,5,2,3,0
Posterior,AMNH99.1/104,1,8,27.0,2.19049743,0.75,Papio,French Cameroons,2,145,68197,58,0,5,2,4,0
Anterior,HTB1225,2,8,27.0,4.0457765,0.0,Papio,Afalou,2,106,71837,3,0,10,1,6,0
Anterior,MH3638,0,8,27.0,3.71619727,0.0,Homo sapiens,Ebolwa,2,324,63503,8,0,13,2,1,0
Anterior,MH1861,1,6,22.0,3.87558812,0.0,Papio,Native Californian,3,120,68361,44,0,13,2,5,0
Premolar,UVS52,0,4,57.0,2.38690817,1.0,Papio,Arabia,2,166,70243,44,0,13,2,5,0
Premolar,BM1976.1423,1,12,32.0,6.55505315,0.25,Homo sapiens,Australian aboriginie,4,106,62539,3,0,10,1,5,0
Premolar,MH12323,0,8,22.0,3.38309356,1.0,Homo sapiens,Buriat,3,324,69880,4,0,5,2,6,0
Anterior,HTB1706,0,8,27.0,1.93720666,1.0,Pan,Buriat,2,324,63784,44,0,6,2,5,0
Anterior,UVS2,0,8,22.0,3.63654073,0.5,Homo sapiens,Australian aboriginie,4,383,63057,3,0,13,2,5,0
Posterior,NMNH380448,0,8,32.0,3.87558812,0.75,Homo sapiens,Buriat,2,324,68999,7,0,10,1,2,1
Anterior,AMNH99.1/89-B,0,12,47.0,4.72264949,0.25,Homo sapiens,Buriat,4,106,62042,8,0,5,1,5,0
Anterior,HTB1218,0,8,32.0,4.27445115,0.25,Pan,Buriat,3,383,69252,64,0,10,2,3,0
Premolar,BM1886.12.20.10,0,12,32.0,3.71619727,0.75,Homo sapiens,Ebolwa,3,106,69849,57,0,6,1,6,1
Premolar,NMNH278713,1,6,32.0,4.72264949,0.0,Homo sapiens,Ebolwa,2,383,65680,44,0,5,1,5,0
Posterior,NMNH344712,0,6,27.0,2.64926405,0.75,Homo sapiens,Borneo,2,324,66589,31,0,5,2,1,0
Posterior,BRK125679,0,12,37.0,3.68843519,0.25,Homo sapiens,Borneo,4,106,63180,101,0,13,2,1,0
Premolar,UVS38,0,8,22.0,3.03927918,1.0,Homo sapiens,Central Africa,3,106,63594,7,0,10,2,5,0
Anterior,UVS49,0,4,42.0,9.7611705,0.0,Homo sapiens,Alaska,2,166,63875,7,0,13,2,3,0
Anterior,BM1939.1005,0,4,22.0,3.09453499,0.25,Homo sapiens,Ebolwa,4,383,67587,8,0,5,2,5,0
Premolar,MH20326,0,13,32.0,2.64926405,0.75,Pan,Buriat,2,324,65722,58,0,13,1,8,0
Premolar,MH2896,5,12,32.0,3.97369678,0.75,Pan,Alaska,2,145,63552,44,0,10,1,7,0
Premolar,HTB1708,0,8,32.0,5.18766442,0.0,Homo sapiens,East Africa,4,106,72231,8,0,5,2,1,0
Premolar,MH8057,0,6,27.0,12.374796,0.25,Homo sapiens,Ebolwa,2,383,70425,80,0,6,2,5,1
Anterior,NMNH344714,0,12,52.0,15.0,0.25,Papio,Buriat,2,120,72090,58,0,10,1,6,0
Premolar,NMNH278706,0,12,32.0,13.9148037,0.75,Homo sapiens,Native Californian,4,106,63172,7,0,5,2,1,0
Posterior,BRK126118,0,2,42.0,7.03383117,0.25,Papio,Fuegian,2,166,71969,7,0,13,2,1,0
Posterior,MH5325,0,9,27.0,9.6,0.75,Pongo,Ebolwa,2,324,68189,44,0,13,2,5,0
Posterior,MH5325,0,6,22.0,2.80466038,1.0,Homo sapiens,East Africa,2,145,65110,7,0,10,2,7,0
Anterior,HTB1221,0,12,42.0,2.62063975,0.75,Pongo,East Africa,2,383,62000,8,0,5,1,4,0
Premolar,NMNH225028,0,12,57.0,5.04927738,0.0,Papio,East Africa,3,324,72181,64,0,5,1,6,0
Posterior,IPHA.25,0,12,42.0,4.87868148,0.75,Homo sapiens,Alaska,2,324,66316,32,0,5,2,1,0
Anterior,BRK126107,0,12,27.0,3.35840919,0.5,Pan,Australian aboriginie,2,145,64758,44,0,6,2,4,0
Posterior,AMNH99.1/59,0,6,22.0,2.38690817,0.75,Pongo,Native Californian,4,106,68544,8,0,10,2,1,0
Posterior,MH1525,5,6,27.0,7.2151844,0.5,Pan,Buriat,3,166,72090,8,0,5,1,4,0
Anterior,HTB3434,0,12,37.0,5.62745765,0.0,Homo sapiens,Borneo,4,324,62513,45,0,10,1,6,0
Posterior,BRK126247,0,9,52.0,4.07615043,0.25,Homo sapiens,Borneo,2,324,72348,7,0,5,1,4,0
Anterior,NMNH226088,0,12,37.0,3.70258313,0.5,Homo sapiens,Native Californian,2,324,69575,7,0,6,2,7,0
Posterior,UVS55,0,12,42.0,4.40412318,0.75,Homo sapiens,Khoi-San,2,106,64105,93,0,5,2,6,1
Premolar,IPHA.10b,0,8,32.0,4.45403148,0.25,Homo sapiens,French Cameroons,3,166,70243,8,0,10,2,4,0
Anterior,HTB3515,4,5,27.0,2.10624751,0.75,Homo sapiens,Native Californian,2,106,67348,8,0,10,2,6,0
Anterior,MH1702,0,6,27.0,3.95531929,1.0,Homo sapiens,Tasmanien,3,383,62927,73,0,5,1,8,0
Premolar,HTB1217,0,12,42.0,5.71763847,0.0,Pongo,East Africa,2,120,71357,3,0,10,2,5,0
Anterior,AMNH99.1/110,0,12,32.0,5.94066321,1.0,Homo sapiens,Chucki,2,145,70870,48,0,6,2,5,0
Anterior,MH3619,0,12,57.0,8.23260632,0.25,Papio,Borneo,3,166,63123,48,0,10,1,5,0
Premolar,AMNH99.1/94,0,12,17.5,1.80774282,0.75,Papio,Sami,4,324,65359,44,0,13,1,6,0
Anterior,HTB2748,0,12,22.0,6.67473274,0.0,Homo sapiens,Australian aboriginie,4,106,72421,8,0,13,2,8,1
Premolar,AMNH99.1/86-C,0,8,27.0,9.1,0.25,Pan,Borneo,2,145,67421,49,0,5,1,5,0
Anterior,MH12323,0,8,47.0,3.43363244,1.0,Homo sapiens,West Africa,2,324,69393,40,0,5,1,5,0
Posterior,UVS46,2,11,27.0,3.32794049,0.25,Homo sapiens,Australian aboriginie,2,324,70961,8,0,10,1,6,1
Posterior,UCD2(16)b,0,12,27.0,7.85088419,0.0,Pan,East Africa,4,166,66415,48,0,5,1,3,0
Anterior,MH22278,2,12,27.0,5.69322104,0.25,Pan,Australian aboriginie,2,106,72751,64,0,6,1,4,0
Anterior,UVS22,0,12,57.0,10.0,0.75,Homo sapiens,French Cameroons,3,120,71407,48,0,10,2,6,0
Premolar,MH19782,0,12,22.0,2.53199324,0.0,Homo sapiens,French Cameroons,2,120,72512,64,0,13,2,5,0
Posterior,BRK126251,0,12,32.0,12.6,0.0,Homo sapiens,Buriat,2,166,69021,64,0,13,2,5,0
Premolar,MH5563,0,12,37.0,2.29036872,0.5,Papio,Ebolwa,4,324,71647,3,0,6,2,4,0
Anterior,MH3638,0,8,32.0,3.71619727,0.25,Papio,Ebolwa,3,166,70805,48,0,10,1,4,1
Premolar,NMNH278712,0,8,57.0,2.392161,0.0,Homo sapiens,Chucki,4,324,69203,8,0,6,2,5,0
Premolar,AMNH99.1/80(b),0,12,37.0,5.94640065,0.25,Homo sapiens,Borneo,2,106,66787,8,0,13,2,7,0
Anterior,NMNH278710,1,12,42.0,7.47240717,0.25,Homo sapiens,East Africa,3,106,72470,28,0,10,1,4,0
Anterior,BRK126774,0,6,27.0,2.81636112,0.0,Homo sapiens,Ebolwa,3,383,71522,8,0,13,1,4,0
Premolar,BM1884.10.30.2,0,6,42.0,10.0,0.75,Homo sapiens,Chucki,4,166,62356,8,0,5,1,5,0
Premolar,BRK126261,0,6,17.5,6.96111299,0.25,Homo sapiens,Borneo,4,120,69526,57,0,5,2,5,0
Posterior,NMNH225028,1,6,37.0,2.86641,0.0,Homo sapiens,Alaska,4,120,63545,7,0,6,1,6,0
Premolar,MH22281,0,4,47.0,5.33816474,0.0,Homo sapiens,Borneo,4,106,63941,31,0,5,2,5,0
Anterior,BM1924.8.6.15,0,8,32.0,2.38690817,0.0,Homo sapiens,Native Californian,2,145,69500,40,0,6,2,3,0
Posterior,PMN1390,1,12,27.0,3.37661729,0.0,Homo sapiens,Australian aboriginie,3,120,66316,7,0,6,2,3,0
Anterior,BM1918.11.8.1,0,12,22.0,8.23260632,1.0,Homo sapiens,East Africa,2,145,72157,8,0,13,2,7,0
Anterior,HTB1226,0,8,42.0,10.5,0.25,Pan,Chucki,2,383,69914,8,0,6,1,4,0
Premolar,BRK126292,0,12,32.0,6.19980411,0.25,Pan,French Cameroons,2,120,67736,3,0,13,1,4,0
Premolar,HTB2756,0,4,22.0,8.23260632,0.75,Homo sapiens,Afalou,3,383,70094,3,0,5,1,7,0
Anterior,BM1901.8.9.23,2,11,27.0,6.67473274,0.75,Homo sapiens,Chucki,2,120,66399,115,0,5,2,4,1
Anterior,HTB1216,0,12,22.0,16.9965704,0.25,Homo sapiens,West Africa,3,324,66761,7,0,5,2,8,0
Anterior,MH10291,4,12,27.0,7.8,0.75,Papio,Khoi-San,2,120,70508,3,0,10,2,7,0
Posterior,BM1935.2.14.1,0,12,42.0,5.5467185,0.75,Homo sapiens,East Africa,2,324,63842,8,0,13,1,8,0
Anterior,BM1935.2.14.1,0,8,27.0,3.38309356,0.0,Homo sapiens,East Africa,2,120,70615,7,0,5,2,8,0
Posterior,UVS101,0,12,37.0,3.02477635,1.0,Homo sapiens,Borneo,3,324,63123,101,0,13,2,8,0
Posterior,MH4765,0,12,57.0,2.26921034,0.5,Homo sapiens,French Cameroons,2,120,63370,44,0,10,2,1,0
Posterior,HTB1735,0,8,22.0,2.67736152,0.0,Homo sapiens,Fuegian,4,145,62356,44,0,10,2,4,0
Posterior,BRK126264,0,12,32.0,2.429595478,0.25,Pan,Australian aboriginie,2,120,63313,3,0,5,2,5,0
Anterior,BRK126089,0,4,32.0,5.1517561,0.0,Homo sapiens,Native Californian,2,324,70821,1,0,5,2,5,0
Premolar,MH24934C,1,12,57.0,20.3446194,0.0,Pan,Australian aboriginie,2,106,67975,8,0,5,1,4,0
Posterior,IPHA.5,0,12,37.0,3.05433283,0.25,Pan,Australian aboriginie,2,324,63198,7,0,5,1,3,0
Anterior,UVS56,0,8,27.0,3.58600079,0.75,Homo sapiens,Afalou,4,383,72561,55,0,5,2,7,0
Anterior,MH10285,0,8,37.0,4.1148462,0.0,Homo sapiens,East Africa,2,106,61762,8,0,13,1,7,0
Posterior,HTB3436,0,12,27.0,4.62847197,0.0,Pan,Ebolwa,2,383,62679,27,0,10,1,8,0
Posterior,NMNH278708,0,14,37.0,2.86641,0.5,Pongo,Khoi-San,2,324,66506,8,0,13,2,3,0
Premolar,NMNH380431,0,8,42.0,6.19608209,0.25,Homo sapiens,Afalou,2,324,68049,53,0,5,2,3,0
Posterior,BM1924.2.25.1,0,9,57.0,2.62887685,0.75,Homo sapiens,French Cameroons,2,120,63198,44,0,13,2,6,1
Premolar,MH12317,0,6,22.0,3.37708808,0.5,Homo sapiens,East Africa,3,120,69682,64,0,6,1,5,0
Premolar,BRK126758,0,12,37.0,2.63528098,0.25,Papio,East Africa,3,145,64691,45,0,5,1,3,1
Premolar,IPHA.25,2,12,22.0,2.99309106,0.25,Homo sapiens,East Africa,3,145,72447,44,0,6,1,2,0
Premolar,UVS59,0,12,37.0,5.29502645,0.0,Homo sapiens,West Africa,4,120,71852,8,0,10,1,5,1
Anterior,MH24893,0,8,27.0,3.02477635,1.0,Homo sapiens,French Cameroons,4,324,72363,48,0,6,2,5,1
Anterior,HTB1719,0,12,52.0,3.66420581,0.75,Homo sapiens,Australian aboriginie,2,120,63230,8,0,5,2,7,0
Premolar,NMNH278707,0,12,27.0,2.98325724,0.75,Papio,Australian aboriginie,3,166,72355,7,0,5,2,5,0
Premolar,HTB1706,3,8,22.0,4.27445115,1.0,Homo sapiens,Borneo,2,166,62240,31,0,10,2,5,0
Posterior,AMNH99.1/91-B,0,6,32.0,10.5,0.75,Papio,Australian aboriginie,4,106,64832,101,0,10,1,4,0
Premolar,AMNH99.1/84-C,0,8,47.0,4.90072026,0.75,Homo sapiens,East Africa,2,166,65151,7,0,13,1,5,0
Anterior,AMNH99.1/60,0,4,37.0,3.92661051,0.25,Pan,Arabia,3,145,70813,102,0,13,2,5,0
Premolar,IPHA.48,0,10,27.0,10.5,0.25,Homo sapiens,Khoi-San or bushman half-caste,4,166,63313,44,0,13,1,4,0
Anterior,HTB2032,4,11,42.0,3.1661365,0.0,Homo sapiens,Afalou,3,324,65680,55,0,13,2,4,0
Premolar,BRK126124,0,12,32.0,10.2682079,0.5,Homo sapiens,Native Californian,4,324,63974,44,0,13,2,1,0
Premolar,NMNH278713,2,6,22.0,4.16498874,0.75,Papio,Khoi-San,2,166,69005,3,0,10,1,5,0
Anterior,AMNH99.1/97,0,12,42.0,4.45403148,1.0,Homo sapiens,Khoi-San,2,120,71308,48,0,10,2,1,0
Anterior,IPHA.48,1,12,42.0,4.22315152,0.75,Homo sapiens,East Africa,3,383,64832,37,0,13,1,1,0
Premolar,BRK125676,0,4,32.0,10.5,0.0,Homo sapiens,East Africa,2,383,63842,129,0,5,2,8,0
Anterior,BM1934.11.20.1,0,2,52.0,4.50357659,0.0,Homo sapiens,Native Californian,2,120,71811,40,0,13,1,5,0
Posterior,NMNH278708,8,6,22.0,3.63654073,1.0,Papio,East Africa,2,324,61499,3,0,5,2,7,0
Premolar,BM1901.8.9.23,0,11,27.0,3.20634803,0.25,Homo sapiens,Ebolwa,2,120,75440,3,0,5,1,4,0
Anterior,HTB1154,0,12,32.0,7.03383117,1.0,Pan,East Africa,4,145,61929,3,0,10,1,1,0
Premolar,BM1938.7.17.1,0,12,37.0,3.30454439,0.25,Homo sapiens,Sami,2,166,61879,8,1,5,1,3,0
Premolar,BM1907.7.8.11,2,12,37.0,3.92784897,0.75,Papio,Ebolwa,3,106,65219,8,0,13,1,8,0
Premolar,UVS58,0,12,27.0,4.13857528,0.75,Pongo,Australian aboriginie,2,145,69732,7,0,10,2,3,0
Premolar,HTB1721,0,8,57.0,5.00397466,0.5,Homo sapiens,Ebolwa,2,383,75002,3,0,5,1,3,0
Anterior,MH12316,0,4,22.0,2.29036872,0.5,Homo sapiens,Khoi-San or bushman half-caste,3,145,68999,58,0,10,1,5,0
Anterior,NMNH344714,1,6,32.0,6.16831052,1.0,Homo sapiens,Khoi-San or bushman half-caste,2,120,68916,102,0,6,1,6,1
Posterior,HTB2001,0,6,32.0,4.07615043,0.75,Papio,Australian aboriginie,4,324,65177,48,0,5,1,1,0
Premolar,HTB1735,0,12,37.0,9.1,0.0,Homo sapiens,East Africa,4,324,63800,3,0,10,1,6,1
Premolar,MH5325,0,8,27.0,2.38690817,0.25,Homo sapiens,Ona,2,145,67819,72,0,10,1,6,0
Posterior,BM1976.1425,2,6,52.0,4.27445115,0.0,Pan,East Africa,2,145,63420,8,0,5,2,3,0
Anterior,MH12324,0,4,47.0,2.87155209,0.0,Homo sapiens,Afalou,3,383,69021,8,0,5,1,1,1
Anterior,HTB1956,0,12,22.0,3.87558812,0.0,Homo sapiens,Australian aboriginie,2,166,64931,57,0,5,2,3,0
Posterior,AMNH99.1/61,0,6,37.0,3.66038599,0.0,Homo sapiens,Alaska,4,324,72355,3,0,13,1,7,0
Premolar,NMNH344715,0,11,27.0,3.39774848,0.25,Pan,Australian aboriginie,3,106,69872,8,0,5,2,3,0
Premolar,BM1911.12.1.1,0,12,37.0,15.0,0.0,Homo sapiens,Sami,3,166,72405,7,0,5,1,4,0
Premolar,HTB1027,0,7,37.0,4.16498874,0.25,Papio,Alaska,2,145,75051,7,0,5,2,5,0
Premolar,NMNH278711,0,12,27.0,3.37708808,0.0,Papio,West Africa,2,383,63032,8,0,5,2,4,0
Posterior,NMNH278710,0,4,32.0,10.0,0.25,Homo sapiens,Australian aboriginie,2,106,64550,44,0,5,1,1,0
Premolar,MH2283,0,12,27.0,3.72712188,1.0,Homo sapiens,Alaska,3,106,72447,51,0,10,1,3,0
Posterior,BM1976.1440,0,12,57.0,2.00186723,0.75,Homo sapiens,Khoi-San,2,383,66373,8,0,6,1,5,0
Anterior,BM1976.1416,0,12,27.0,5.83722718,0.0,Papio,Australian aboriginie,2,383,73700,101,0,5,1,7,1
Premolar,BM1976.1436,0,12,47.0,2.68358343,0.75,Homo sapiens,Chucki,2,120,69450,58,0,5,2,4,0
Posterior,UVS68,0,8,27.0,5.83722718,0.25,Homo sapiens,Yaghan,2,145,67280,70,0,5,2,5,1
Posterior,AMNH99.1/101,0,8,32.0,3.49137561,0.5,Homo sapiens,Borneo,3,106,67694,52,0,10,1,4,0
Premolar,NMNH283609a,0,8,27.0,2.69681693,1.0,Papio,Native Californian,2,145,71142,34,0,10,1,6,1
Premolar,HTB1701,0,8,27.0,3.20634803,0.25,Homo sapiens,Afalou,3,166,65334,8,0,5,1,6,0
Premolar,UVS10,2,12,57.0,4.97264041,0.75,Papio,Chucki,2,145,71910,71,0,5,1,5,0
Posterior,AMNH99.1/160,0,8,42.0,2.62063975,0.0,Pan,Khoi-San or bushman half-caste,4,106,61945,58,0,5,1,6,0
Posterior,IPHA.22,0,6,47.0,2.64926405,0.75,Homo sapiens,French Cameroons,2,120,66613,64,0,5,1,4,1
Premolar,MH5328,0,12,22.0,4.27445115,1.0,Homo sapiens,Alaska,2,324,68486,21,1,10,2,7,0
Premolar,HTB1775,0,4,22.0,5.00397466,0.75,Homo sapiens,Australian aboriginie,4,145,65193,44,0,10,1,6,0
Posterior,BRK126256,0,6,57.0,3.11717264,0.75,Homo sapiens,Australian aboriginie,3,145,70409,44,0,6,1,6,0
Posterior,HTB3411,3,8,37.0,2.43978021,1.0,Homo sapiens,Native Californian,3,166,71050,8,0,5,2,3,0
Premolar,BRK126765,0,9,42.0,3.85801676,0.75,Homo sapiens,Australian aboriginie,4,166,68973,22,0,5,1,5,0
Premolar,AMNH99.1/72,1,12,27.0,3.03927918,1.0,Homo sapiens,Borneo,2,106,72231,44,0,5,1,4,0
Posterior,BM1962.25,0,12,37.0,2.64926405,0.75,Homo sapiens,Australian aboriginie,2,145,65185,7,0,5,2,5,0
Posterior,MH5329,0,12,27.0,3.92661051,0.25,Homo sapiens,Khoi-San,3,120,65425,8,0,5,2,1,0
Premolar,BRK125678,0,12,22.0,3.4773143,0.75,Homo sapiens,Native Californian,3,383,68965,64,0,5,2,8,0
Premolar,HTB1215,0,13,52.0,10.0,0.25,Papio,Native Californian,3,145,67306,8,0,10,2,2,0
Anterior,BRK126113,0,11,27.0,3.95602419,0.25,Pongo,West Africa,2,145,65219,8,1,13,1,5,0
Posterior,UVS24,0,6,27.0,4.0457765,0.5,Pongo,Ebolwa,4,166,65649,3,0,5,2,4,1
Premolar,BM1909.6.11,0,8,22.0,4.27445115,1.0,Papio,Khoi-San,4,166,69104,3,0,10,1,1,0
Premolar,UVS57,0,12,22.0,6.06203036,0.5,Homo sapiens,French Cameroons,3,166,68205,7,0,5,2,7,0
Anterior,BRK126094,0,12,27.0,20.0797763,0.25,Pongo,Alaska,3,324,63784,49,0,13,2,5,1
Anterior,NMNH330605,12,7,27.0,5.44334199,0.25,Papio,East Africa,3,166,63883,71,0,6,2,7,0
Posterior,BRK126117,0,12,27.0,3.80295048,0.75,Homo sapiens,Native Californian,2,120,72561,3,0,13,2,5,0
Posterior,HTB1221,0,12,32.0,3.92661051,0.5,Homo sapiens,Alaska,3,166,70938,3,0,10,2,5,0
Anterior,UVS29,0,12,27.0,10.0,0.0,Homo sapiens,West Africa,3,106,75051,64,0,10,2,6,0
Anterior,BM1962.25,0,6,22.0,6.16831052,0.5,Homo sapiens,Native Californian,2,106,63404,44,0,10,2,7,0
Premolar,PMN1389,1,8,32.0,4.0457765,0.25,Pongo,Native Californian,2,106,64485,44,0,10,2,5,0
Posterior,HTB1152,0,12,27.0,2.69681693,1.0,Homo sapiens,Native Californian,2,106,61879,8,0,6,2,3,0
Premolar,BM1902.9.2.1,0,4,27.0,2.67965585,0.75,Pan,Khoi-San or bushman half-caste,2,166,72363,3,0,6,2,1,0
Posterior,BM1900.6.28.1,0,4,42.0,4.1148462,0.75,Papio,Native Californian,4,145,62802,44,0,10,1,4,0
Posterior,NMNH278709,0,10,27.0,3.44508735,0.0,Homo sapiens,East Africa,2,383,72512,14,0,13,2,3,0
Premolar,PMN1496,0,11,37.0,3.37708808,0.0,Pongo,Chucki,2,145,70805,8,0,13,2,4,1
Anterior,BM1976.1429,2,6,22.0,3.08917899,0.75,Papio,Native Californian,4,383,70938,8,0,6,1,3,0
Posterior,HTB1758,0,9,22.0,4.28424336,0.25,Homo sapiens,Khoi-San,4,166,61507,44,0,5,2,5,0
Anterior,MH5330,0,8,27.0,20.3446194,0.25,Homo sapiens,West Africa,3,106,67470,44,0,13,2,3,0
Posterior,BM1904.8.2.1,1,12,52.0,4.04495405,0.25,Homo sapiens,Khoi-San,3,324,65961,101,0,10,1,3,0
Posterior,UVS76,1,12,27.0,3.63654073,1.0,Homo sapiens,Native Californian,3,106,69120,44,0,10,2,4,0
Anterior,BM1976.1439,0,4,27.0,4.14023787,0.0,Papio,Borneo,3,120,61747,44,0,5,2,4,0
Anterior,HTB1721,0,12,27.0,9.29798279,0.25,Homo sapiens,Buriat,2,120,72033,27,0,6,2,8,0
Posterior,HTB1737,3,6,27.0,3.86877709,1.0,Homo sapiens,Native Californian,3,145,64477,48,0,10,1,4,1
Posterior,MH22277,0,8,27.0,5.07338879,0.25,Homo sapiens,French Cameroons,3,120,71498,7,0,10,2,6,0
Posterior,BRK126250,0,10,47.0,2.97066069,1.0,Homo sapiens,Chucki,3,145,73726,8,0,6,1,6,1
Posterior,HTB1748,0,12,37.0,4.59386268,1.0,Homo sapiens,Australian aboriginie,3,120,66589,131,0,13,1,5,0
Posterior,HTB3398,3,12,27.0,7.9144902,0.0,Homo sapiens,Australian aboriginie,2,383,65045,8,0,10,2,7,0
Posterior,BRK125679,0,8,32.0,3.30454439,0.5,Homo sapiens,Borneo,3,120,61846,7,0,5,2,4,0
Posterior,HTB0802,0,12,37.0,4.31652929,1.0,Pan,Sami,4,120,68395,44,0,5,2,1,0
Premolar,NMNH226086,0,8,37.0,3.89582582,1.0,Homo sapiens,East Africa,2,106,72447,8,0,13,1,4,0
Premolar,BM1939.1007,0,12,27.0,3.63455838,1.0,Homo sapiens,Native Californian,3,106,68221,15,0,6,2,1,0
Anterior,HTB1503,0,10,32.0,3.79588028,0.25,Homo sapiens,Native Californian,2,120,69625,1,0,10,2,7,0
Posterior,BM1910.10.3.1,0,11,37.0,2.86641,1.0,Pan,Buriat,2,106,68627,44,0,13,2,3,0
Premolar,BRK126767,5,8,57.0,4.94131337,0.5,Pan,Khoi-San,2,383,66498,15,0,13,1,3,0
Posterior,BM1918.11.8.1,0,11,27.0,3.42374303,0.0,Homo sapiens,East Africa,4,106,68551,7,0,5,2,7,1
Anterior,IPHA.47,2,4,22.0,3.42374303,0.0,Pan,West Africa,2,120,68932,44,0,10,1,6,0
Premolar,MH24934C,2,12,42.0,4.1148462,0.0,Papio,Alaska,3,145,63834,8,0,13,2,5,0
Premolar,MH5329,0,8,37.0,3.33164782,0.25,Homo sapiens,East Africa,2,106,64048,52,0,10,1,5,0
Premolar,MH5328,0,12,27.0,2.59401611,1.0,Homo sapiens,Native Californian,4,324,62737,7,0,10,1,1,0
Premolar,BRK126271,1,8,37.0,3.88831042,0.75,Homo sapiens,Native Californian,2,383,72041,44,0,6,2,1,0
Anterior,IPHA.14,0,12,22.0,4.55391036,0.75,Homo sapiens,French Cameroons,2,106,64170,44,0,5,2,6,0
Anterior,PMN3065,1,12,37.0,4.28424336,0.75,Pan,Australian aboriginie,2,324,64592,58,0,10,1,7,0
Anterior,UVS12,0,6,27.0,2.97066069,0.75,Papio,Borneo,2,106,70979,8,0,5,1,1,1
Posterior,HTB1720,3,12,22.0,3.71619727,0.75,Papio,Alaska,2,324,64501,44,0,13,1,5,1
Premolar,NMNH380452,0,4,42.0,3.68843519,1.0,Homo sapiens,Native Californian,3,324,61978,139,0,13,1,5,0
Posterior,UCD2(2)b,0,12,27.0,4.72264949,1.0,Homo sapiens,Borneo,2,120,65458,22,0,13,2,7,0
Posterior,HTB2756,0,8,27.0,10.0,0.25,Homo sapiens,Ebolwa,2,145,63073,8,0,5,1,1,0
Anterior,BRK125610,1,11,27.0,3.56943631,0.0,Pan,Ebolwa,3,120,66191,52,0,5,1,5,0
Posterior,HTB2756,0,8,42.0,3.32060722,1.0,Homo sapiens,Native Californian,3,120,66779,48,0,10,1,3,0
Premolar,NMNH278705,0,8,22.0,2.92732743,0.5,Pan,East Africa,2,383,61549,48,0,13,2,1,0
Anterior,AMNH99.1/72,0,12,37.0,2.09782262,0.25,Pongo,Australian aboriginie,3,383,67991,7,0,6,1,6,0
Posterior,NMNH225032,0,12,32.0,16.4384771,0.75,Homo sapiens,West Africa,3,166,71498,52,0,5,1,1,1
Anterior,BRK125822,0,12,37.0,5.04927738,0.25,Papio,Ebolwa,3,166,63750,101,0,5,1,5,0
Premolar,UVS46,1,12,22.0,3.33164782,1.0,Pongo,West Africa,2,383,69435,8,0,10,2,5,0
Premolar,HTB3436,3,12,22.0,2.81636112,0.0,Homo sapiens,Buriat,2,166,66233,3,0,10,1,1,0
Anterior,HTB1219,5,12,37.0,4.50856156,1.0,Pan,Australian aboriginie,3,106,69492,8,0,13,1,5,0
Posterior,NMNH225028,0,6,32.0,12.5,0.75,Homo sapiens,French Cameroons,2,120,62927,71,0,6,2,4,0
Posterior,MH22278,0,10,42.0,10.0,1.0,Pongo,Native Californian,2,120,67918,44,0,6,1,4,0
Posterior,HTB1726,0,12,27.0,4.40353691,0.25,Papio,Ebolwa,2,166,66787,1,0,13,1,3,0
Anterior,BM1925.5.12.1,1,12,27.0,4.59386268,1.0,Homo sapiens,Alaska,4,145,63073,44,0,13,1,1,0
Premolar,HTB1723,0,8,27.0,2.71270581,0.25,Papio,Buriat,2,383,66142,38,0,10,2,5,0
Anterior,BRK125678,0,7,27.0,3.71761878,0.5,Pongo,Alaska,3,120,63800,8,0,10,2,4,0
Anterior,AMNH99.1/98,0,8,32.0,4.65477138,0.25,Homo sapiens,Buriat,3,106,70847,44,0,13,2,4,0
Posterior,BRK126248,0,4,37.0,3.1661365,0.0,Homo sapiens,East Africa,2,120,70243,72,0,13,2,3,0
Premolar,BRK125679,0,12,27.0,2.59401611,0.75,Papio,Alaska,3,166,75135,7,0,5,1,3,0
Premolar,MH11150,0,8,22.0,11.5228136,0.25,Papio,East Africa,2,106,68189,8,0,10,1,6,0
Anterior,BRK126244,0,12,22.0,2.392161,0.0,Homo sapiens,Buriat,3,106,66860,64,0,13,2,6,0
Posterior,BM1904.11.5.2,1,8,37.0,1.83988868,0.5,Homo sapiens,Yaghan,2,120,71035,3,0,13,1,3,0
Premolar,MH12318,0,12,27.0,15.0,0.5,Pongo,Australian aboriginie,3,166,69088,48,0,10,1,7,0
Anterior,NMNH380451,0,8,17.5,8.23260632,0.0,Homo sapiens,Sami,4,145,66910,72,0,10,1,4,0
Anterior,BM1906.11.1.6,0,12,27.0,3.63654073,1.0,Homo sapiens,Alaska,2,106,66795,8,0,5,2,7,0
Premolar,BM1976.1417,10,6,22.0,2.19399907,0.25,Homo sapiens,Borneo,2,383,67702,7,0,6,1,3,1
Posterior,AMNH99.1/86-C,0,8,37.0,3.36255085,0.25,Papio,West Africa,3,106,67470,44,0,5,1,7,0
Premolar,HTB3538,2,12,17.5,16.8483619,0.25,Homo sapiens,Sami,3,120,64113,70,0,5,2,5,0
Anterior,BM1898.2.28.11,8,6,27.0,2.92732743,1.0,Pan,Australian aboriginie,2,145,65870,44,0,6,1,4,0
Premolar,UVS55,0,8,37.0,5.55632114,0.25,Pan,Borneo,2,145,68197,7,0,10,1,6,0
Premolar,BRK126757,0,10,27.0,8.3,0.0,Homo sapiens,Native Californian,3,383,71654,8,0,6,1,6,0
Anterior,UVS40,0,8,22.0,4.33043687,0.75,Homo sapiens,Alaska,4,166,67991,44,0,13,2,3,0
Posterior,BM1976.1417,0,12,27.0,3.87558812,0.5,Homo sapiens,Chucki,2,120,63461,44,0,13,1,8,0
Anterior,AMNH99.1/84-A,0,11,32.0,4.40353691,0.5,Homo sapiens,Native Californian,2,324,66332,44,0,6,2,6,0
Anterior,IPHA.34,0,6,42.0,2.429595478,0.25,Homo sapiens,Alaska,3,145,61705,7,0,10,1,8,0
Premolar,BM1976.1421,0,12,37.0,1.80774282,0.75,Homo sapiens,Buriat,3,120,68536,3,0,5,2,7,0
Anterior,HTB1741,0,12,42.0,6.79442263,0.75,Pan,Native Californian,2,145,62679,32,0,5,1,1,0
Anterior,AMNH99.1/112,0,12,57.0,5.44029653,0.75,Homo sapiens,Native Californian,4,106,70128,7,0,5,2,6,0
Posterior,HTB1721,0,6,17.5,4.06776118,1.0,Papio,Yaghan,2,145,69781,3,0,5,1,5,1
Anterior,HTB1768,0,12,27.0,2.86641,0.25,Pan,Borneo,2,120,63479,44,0,5,1,4,0
Posterior,IPHA.36,0,12,22.0,3.48559185,0.5,Homo sapiens,Chucki,4,145,65078,27,0,10,2,3,0
Anterior,BM1931.4.1.1,2,8,37.0,5.06022442,0.0,Papio,Chucki,3,324,72215,27,0,5,2,4,0
Anterior,HTB3411,0,12,22.0,17.258272,0.75,Papio,Borneo,2,120,62554,3,0,10,1,7,0
Premolar,BM1886.12.20.10,0,8,52.0,3.72712188,0.75,Papio,West Africa,2,106,64998,64,0,6,1,5,0
Posterior,BM1924.8.6.15,0,12,27.0,9.7611705,0.0,Homo sapiens,Khoi-San or bushman half-caste,4,166,66191,44,0,10,1,6,1
Anterior,HTB1738,0,10,37.0,8.74186019,0.25,Homo sapiens,Buriat,3,383,64758,23,0,10,2,1,0
Posterior,IPHA.1,0,4,17.5,3.45465859,0.0,Pongo,Central Africa,3,383,71050,8,0,10,2,4,0
Anterior,UVS3,5,6,22.0,2.69681693,0.75,Homo sapiens,West Africa,2,324,63487,44,0,10,2,5,0
Premolar,MH5330,0,5,32.0,5.01978364,0.25,Homo sapiens,East Africa,4,324,64626,3,0,5,1,1,0
Posterior,BRK126100,0,4,47.0,5.06666429,0.75,Homo sapiens,Buriat,2,145,62000,55,0,6,2,5,0
Anterior,BRK125458,0,12,52.0,2.68358343,0.0,Homo sapiens,Australian aboriginie,4,106,63180,8,0,5,2,4,0
Anterior,HTB3411,0,6,27.0,2.74721254,0.25,Homo sapiens,Borneo,2,324,70623,7,0,6,1,5,0
Anterior,BM1976.1422,0,8,47.0,3.56943631,0.75,Homo sapiens,Alaska,2,106,61713,44,1,5,2,1,0
Anterior,IPHA.14,2,12,52.0,3.7220627,0.25,Pongo,Australian aboriginie,2,120,69757,71,0,10,2,3,1
Anterior,UVS63,0,12,27.0,3.68843519,0.0,Homo sapiens,Alaska,2,166,63941,44,0,10,1,5,0
Posterior,IPHA.30,0,4,22.0,3.68843519,1.0,Papio,Australian aboriginie,2,166,71787,3,0,10,1,3,0
Posterior,NMNH283615,0,12,37.0,4.86831607,1.0,Homo sapiens,Buriat,2,324,68221,8,0,5,1,5,0
Posterior,HTB1503,0,12,27.0,3.6143239,0.75,Homo sapiens,Australian aboriginie,3,145,68908,44,0,13,1,8,0
Premolar,BM1976.1418,2,8,37.0,3.35489121,0.75,Papio,Khoi-San or bushman half-caste,3,324,72587,44,0,13,1,3,1
Premolar,AMNH99.1/105,0,12,32.0,5.00049123,0.5,Homo sapiens,West Africa,4,383,66472,45,1,5,1,5,0
Posterior,AMNH99.1/77,1,12,27.0,2.72587272,0.25,Homo sapiens,Alaska,3,383,62893,3,0,6,2,4,0
Anterior,BM1939.1021,0,12,37.0,4.47291497,1.0,Homo sapiens,Borneo,2,106,61499,44,0,10,1,6,1
Posterior,BM1936.12.28.1,0,10,22.0,2.95130863,0.25,Homo sapiens,Australian aboriginie,3,120,65078,3,0,13,1,8,0
Anterior,UCD2(L-23-1)b,0,6,27.0,3.36255085,0.25,Homo sapiens,Alaska,2,166,69492,48,0,10,2,4,0
