Unnamed: 0,female,black,housing_expense_ratio,self_employed,married,mortgage_credit,consumer_credit,bad_history,PI_ratio,deny,loan_to_value,denied_PMI,accept
948,0.05484351314303182,1,1.419272103123534,0,0.30067006205106483,3,3,1,0.5143592344218455,0,0.9655713743620036,0,0
990,0.847755199619854,1,1.5449834653404801,0,0.6170693401248005,1,6,0,0.38445207914117274,1,0.8079964689025566,1,0
2120,0.7001668936787043,0,1.4239696260613834,1,-0.058899643082263475,2,6,1,0.48043868186631333,0,0.9990584464125647,1,0
1946,0.5234663759212197,0,1.5051602122269703,0,0.37529886450527133,4,4,0,0.5062189011801378,1,1.2760093080944297,0,0
1867,0.638790903904332,0,1.3994889117530194,0,0.3201774368555854,1,5,0,0.435120368764143,1,0.931944990203933,1,1
470,0.15559474306425058,1,1.3837811291180298,1,0.24972381355134116,2,3,1,0.3480423190259279,0,0.6333261893308362,1,1
46,-0.03320347739676355,1,1.4019482223850364,0,0.5774959378306823,3,1,1,0.5128995954126669,1,0.8500500984921374,0,1
320,0.07682294415760799,0,1.4210236744748546,1,0.7774646197024077,2,6,1,0.36361016698307475,0,0.9033917583203086,0,0
1818,0.5415430522178071,1,1.6970268527205954,0,0.6769712122293738,4,2,1,0.41846660269512764,1,0.7782624385450998,0,1
2018,0.1534767336237885,0,1.4279503295636853,1,0.35019469299096273,4,4,1,0.41290031899395974,0,1.1577699449074443,1,0
357,0.6675786969579396,0,1.5985612519554315,1,0.28181389911099464,3,3,0,0.4063132804610567,1,1.1273874660015915,1,0
1335,0.3760849846445122,1,1.4693575648476147,0,0.013363276777773436,2,1,0,0.44661448770041157,1,0.9412548085076963,0,0
1381,0.7748319574378473,1,1.428363978804473,1,0.41571046366825604,1,5,1,0.6743208177461332,1,0.88859033697369,0,0
1875,0.45186612570885687,0,1.3741966254050608,1,0.26248835543027804,2,1,1,0.5048393272085537,1,1.0302903126027076,1,0
626,0.5078045313422049,0,1.5960385430239563,1,1.7746419227192296,4,5,1,0.46856032477766396,0,1.0104883960244826,0,1
605,0.5112715367873999,0,1.5770106518648679,0,0.18314038217071615,1,6,0,0.5157963613576824,1,1.1853216050982098,1,0
1895,0.16959800065439545,1,1.448203414603262,1,1.3562069476685326,3,3,0,0.5595549398961173,1,0.6904154488142498,0,0
905,0.571857073463218,1,1.4084851434203334,1,0.10680243461476463,4,5,0,0.5093842824837668,0,0.9930633553738457,0,1
2195,0.5180234700124099,0,1.5321056590035387,0,0.4257614798876817,4,1,0,0.4891634588695017,1,0.9782935928302305,0,1
940,1.5069467547916275,1,1.4888679980405533,1,0.012925196298405994,1,2,0,0.5190703874766169,1,0.8611651040384959,0,0
309,-0.010937992384865258,1,1.3972611053860615,0,0.6411636027892059,4,2,1,0.407812017785791,0,1.0252963597924714,0,1
2001,0.1737195524513495,1,1.4179554771824934,0,0.48462884009221396,1,3,1,0.4640514835052865,0,0.7383139375304061,0,1
1975,0.8096519315965424,0,1.5094188912086255,0,0.0902095900291851,1,2,0,0.5300085190975835,1,0.9601374224608554,1,0
190,0.6319633062991752,0,1.476498507623769,1,0.9033947630159331,4,2,1,0.6089297413806862,0,1.0347656465960098,0,0
137,1.2926959847877875,1,1.5270774042365458,1,1.2833925300556448,1,5,0,0.5421221457744023,0,0.9970156099717296,1,0
991,-0.33356097581185484,1,1.4492004601086397,0,1.172596360413297,2,1,1,0.4746291246109447,0,0.9569555778097459,1,1
1856,0.9278632382024463,1,1.4637492680998467,1,-0.16081128044672033,3,4,1,0.5120973858975817,1,0.8387325463024113,1,1
805,1.4590425605173,1,1.5696771448566227,0,0.42978560098677804,1,6,0,0.5670261214281804,1,0.7334734767786781,1,0
2293,0.1229492385460384,1,1.4902517248555813,1,1.2416332989915237,3,6,0,0.46023735569607427,0,0.7926949478867339,0,1
1327,0.004521759731718422,0,1.5938776558606098,0,0.5641070941689754,4,4,1,0.4321326946031129,0,0.55593689899943,0,1
1117,0.6513210053532549,1,1.5480224440535961,1,0.6136192114910695,1,4,1,0.48380580630688125,0,0.9405510902172877,1,0
1721,0.26458891284795016,1,1.3788480873082511,0,0.2270049534662496,2,5,0,0.5615989514967388,1,1.2332797016910717,1,0
640,1.2550473349736682,1,1.5350151893793347,1,1.2633025578569084,4,4,1,0.4540505076725392,0,0.734429960416169,0,0
67,-0.2485981035440118,1,1.6059338953076225,1,0.4329717672795092,2,2,0,0.4198855662929324,0,0.8740431358100296,1,0
1561,0.5989978066846031,0,1.4753488450149281,0,0.3575749441701975,2,5,1,0.4457689472268122,0,1.0695658698378292,0,0
465,1.1341354284047949,0,1.5500558219385723,1,0.6939491185166853,1,5,0,0.1574781342275624,0,1.0624838316579168,0,1
2089,0.651329167423737,1,1.5150129017375948,0,0.8260516309677082,2,5,1,0.5007006572925579,0,1.1603202508704156,0,1
630,0.3661176242560821,0,1.4968482712829032,1,0.2290801650658112,4,4,0,0.45834879389015154,0,0.6696384146081563,1,1
1124,-0.42840293514645733,0,1.349611974531002,0,0.03731434096294778,3,6,0,0.33699374728014075,0,0.7624259953158523,1,1
1265,1.0555644777869664,1,1.6520891018302661,1,0.06372322465427394,2,6,0,0.48964964033275477,0,0.7450240355368314,1,0
301,-0.05520908529893187,0,1.5122258717190034,0,-0.6720237213991216,4,4,1,0.5562815773344517,1,1.1029556203259148,0,1
1858,0.5729946592918849,1,1.6729997953903717,0,0.7697011692448905,1,3,1,0.5687941519320472,1,0.9197439167197603,0,0
2119,0.4727180862552549,0,1.5864852902072262,1,0.8778042483980506,1,6,1,0.3654153314771295,1,1.287749149761472,1,1
2340,0.04692469161551516,0,1.265988343167612,0,-0.19236522214556628,4,1,1,0.43202389859911017,1,0.9303238832294198,0,1
945,-0.12746647965374225,0,1.278897888163858,1,1.1776681745813207,2,6,0,0.38906655119137507,1,1.2321403813059413,1,1
314,0.4295627743945556,0,1.295233444868196,0,1.1173590406341736,2,1,1,0.43900957026644005,1,0.7617212047101142,0,1
533,0.16558279433202278,0,1.503754059276779,0,0.2674358636916636,3,1,0,0.6291123094346014,1,1.0859393686808605,0,0
2281,0.6343056944732122,1,1.441187235411576,0,0.5161291638107418,1,2,1,0.3583547503827039,1,0.7592081051519899,0,0
1915,0.5037944066513732,1,1.571518961576921,0,0.026365400932223504,2,5,1,0.4764778411444875,1,0.9338719476364743,0,1
757,0.8706277336885679,0,1.433118827895793,0,0.4699796615198935,4,4,1,0.4151464926965457,0,1.3685380631298338,1,0
1345,1.3640350739484144,1,1.4654402528197819,1,0.6144340661784021,1,4,0,0.5005673839379254,0,0.6945678714333723,1,1
530,0.6898202017071564,1,1.4512542488839486,0,-0.056473805944785904,1,4,0,0.49056985276872367,0,0.86675214888037,1,1
852,-0.00534252991423545,1,1.5247256175295227,0,0.3713576737299069,4,6,1,0.6663321059810342,1,1.035671212744307,1,0
941,0.5856172020403825,1,1.377845084925788,1,0.38984930175181054,1,4,0,0.39002126205735205,1,1.0896169222064298,0,0
1503,0.5283034813659033,0,1.4627573456524314,1,0.5051483461119924,1,6,1,0.48116819733987876,0,1.0529711954363596,0,1
914,0.47857043854795445,0,1.4546612817646738,1,0.4974938234741088,4,1,1,0.5320728510191874,1,0.8758391053433123,1,1
1503,0.4345088335596176,1,1.5654105195029329,1,0.30147559345062297,2,1,1,0.5724183431919827,1,0.8153349047863789,0,1
1599,-0.0929979549859985,1,1.5984277533065177,0,-0.0677778765266146,1,3,0,0.3678535159841195,0,0.9435100143877391,0,0
1637,0.30409624604471297,0,1.516825432741797,1,0.02687437123162456,4,5,0,0.5718887276315188,1,0.8838244451184065,1,0
687,0.3676330877331063,0,1.4620254660875414,0,0.1029493652992457,2,6,1,0.4206377097711683,0,0.8839355521021628,1,0
2045,0.627933398862987,0,1.633221375095979,1,1.2443262891808207,1,2,1,0.42934935466973156,1,1.0410321356351129,1,0
78,0.6620332909787261,1,1.6443102239172713,0,0.21399586200115134,1,3,1,0.4181580832733076,0,1.0947484067471103,0,0
1158,0.004544726057653936,0,1.7043132251515882,1,0.26825611510333724,1,3,0,0.5458757596730495,1,1.081924789130599,0,0
1850,0.5052279064421933,0,1.3832944740284647,1,1.1065580326595064,4,3,0,0.5111442776129945,1,1.162871828297657,0,1
1238,0.22784218392659628,0,1.400916581138412,1,1.346148035312995,1,3,0,0.6042289640543193,1,1.3062404136763315,1,1
484,0.9655288250532974,0,1.514668884321832,1,-0.035314524256145896,2,5,0,0.5399050248489653,0,1.202490563774819,0,0
746,0.5091841151399328,0,1.3849726866032335,0,0.18459147382043511,1,1,1,0.3764197464287265,1,1.1417413797870397,0,1
2057,0.41148810818535364,0,1.5861537532024645,1,1.1533443348572723,4,5,0,0.652360841344038,0,1.0421189089907337,0,1
1482,0.9914348942469562,1,1.5114156233978007,0,-0.10608047039927859,3,2,0,0.46170017398289187,0,0.9751398699020662,0,1
680,1.0483559548530796,1,1.3718873944979657,0,0.24056168030686748,1,4,1,0.41815697597920815,1,0.619306450383641,0,0
1062,1.1467089456755013,0,1.5242782387434979,1,0.18302447508679404,4,6,0,0.5650405681032739,0,0.7294377646467974,1,0
125,0.5982941901269936,0,1.5792327343772539,1,0.9870959806471122,2,1,0,0.46783951164401305,1,1.092244576350172,0,0
900,0.5741697596648322,1,1.5438956668764376,0,-0.5855654883382568,2,2,0,0.45567666921784533,0,0.7978004530408331,1,1
1719,0.857621230574018,1,1.6758817656543183,1,0.672792239596408,2,5,0,0.6169667448106451,0,0.7230170206391338,1,0
2213,0.19958800169471913,0,1.7642864587151132,1,0.5816791067697031,4,3,0,0.5616670590228278,0,0.8961260968098659,1,1
1238,0.981585659242689,1,1.5286551958902674,1,-0.0856310729279477,3,2,1,0.4613325356007669,0,1.1491792940009176,1,1
2188,0.6907327452867668,1,1.4380236886969981,0,-0.22589505166424562,2,2,0,0.4962049714948795,1,1.1859597116719267,1,1
1314,0.9122599130669846,1,1.7345923017827214,0,0.3076482469323263,3,4,1,0.2910090761054561,0,0.9376286241074754,1,0
1400,0.8896130615617184,0,1.4955506985527895,1,0.2989351774530197,1,4,1,0.4115816678543818,0,1.0595608062056028,0,0
1740,0.4727555780639977,0,1.4286810329558237,0,0.9756011117361216,1,6,1,0.5131370210048674,0,0.7853517353001725,0,0
1456,0.002317420447522367,1,1.2751836966669179,0,0.8639703694695645,2,1,1,0.44720254234021845,0,1.003595394454933,1,1
131,-0.12505369496733176,1,1.4855435517514908,1,0.050281903559610985,4,6,0,0.49994340207794574,0,1.01600946745242,1,1
1474,0.10811630130941968,1,1.5277294622374102,0,0.7190403060252631,2,4,1,0.5341629499587002,1,1.2385544010241651,1,0
703,0.35151181390950176,1,1.5246169234082014,1,0.5833179137946046,3,2,1,0.4948006240075638,0,0.7413147625213953,1,1
1472,0.5896283976387787,1,1.6208173107834165,0,1.9237796369255382,2,1,1,0.6315116838948596,0,0.8516105354519454,0,1
1449,0.6853737302522359,0,1.579289786219405,0,0.05336113934733522,1,4,0,0.5355085442994754,0,1.1824800636032113,0,1
43,0.4745821736388701,0,1.4613480212918895,1,0.19552489548602237,3,4,1,0.4160087622922869,1,1.043492391235727,1,0
5,0.32551959338176084,0,1.496323982179221,1,1.1717568711400146,3,3,1,0.40844960958198023,0,0.8542755589584733,1,0
1513,0.8877201754545653,0,1.6434704086479952,0,1.0213140895774557,1,5,1,0.3517489442795424,1,0.7820110379929597,1,1
1350,0.514705337216501,1,1.5122344532339898,0,0.5586840944078286,4,5,1,0.5873447962891016,1,0.9650012611826456,1,1
690,1.1498008150327017,0,1.4331008149853257,0,0.23835698470269678,4,6,1,0.5151473413976873,1,0.7054772700445353,1,1
653,0.6470136157539964,0,1.5871083573333267,1,0.24853456146730585,2,2,0,0.33003542002870667,0,1.072967167933788,1,1
1151,0.6186599908583797,0,1.494248054259905,1,1.9308808850651054,2,2,1,0.4772751848988615,0,0.9148760013987315,1,1
1550,0.6982785737146011,0,1.570489942440943,1,0.13235075366488958,3,1,1,0.4071614732806206,0,0.8691250655534626,1,1
519,0.5033961843603864,1,1.5084361201263337,1,0.8830662687140383,4,6,1,0.4649212289308178,0,1.1539217198415288,1,0
51,1.1150729213696464,0,1.4843327931485368,0,1.1217767433683559,4,4,1,0.5066521069372193,0,0.6279407230773217,1,1
2170,0.9523539163040509,1,1.5558144826439815,0,-0.09842748689837189,2,1,1,0.6042916560836625,1,1.0414430263279992,0,1
606,0.33917627408802153,1,1.4796228659594495,1,0.43320676919565565,3,4,1,0.5058673068674525,0,1.0285456124581778,1,1
2361,0.7454625109034064,0,1.505083319437765,1,0.25938325695392583,2,5,0,0.5657266801964537,1,0.9124323908268854,1,1
2265,0.7842883824739146,0,1.4599245408277415,0,0.622831547077014,1,1,0,0.44622145352264186,1,1.1847093094199495,1,1
944,1.319912908827432,0,1.6319207682210457,0,0.4653543641748319,2,1,0,0.33833517220130704,0,1.2137828463559415,1,0
747,0.3879066645473657,0,1.5444691901033067,0,0.5811274762236929,4,2,0,0.5814377616740865,0,0.9583097607483315,0,0
2168,1.3371968215814145,0,1.4712683653214738,1,0.6808611245924221,2,2,1,0.5842720066232978,1,0.9353551750628128,0,1
828,0.8872033704981104,1,1.6389850999439237,0,0.026478168443422045,3,6,1,0.4488626521828512,0,0.8296650270945152,1,0
636,0.21738981535420188,0,1.4227761740855054,0,0.18704551630272898,3,5,1,0.5233415852079794,0,1.3459644749470694,1,0
1835,0.988559828426695,1,1.4499347354316252,1,0.39218288431520837,1,4,1,0.5417485530117697,0,1.053088978115876,0,1
1065,0.987836549554685,0,1.5876976643141059,1,1.065105392106901,3,4,1,0.384811680414874,1,1.0690708405877014,0,1
1908,0.791817317485065,0,1.341562180927075,1,0.41062327918044117,2,4,1,0.6365903573519142,1,0.9832563678952817,0,0
18,0.6410009244198978,1,1.4393519276938036,0,1.600885712197821,4,1,1,0.6001495348254234,0,0.9933534633939557,1,0
1693,0.3841649592480001,1,1.4364198237654509,0,0.47821516637340805,2,5,0,0.3232422425696264,0,1.2885224545196623,0,0
1377,1.6836176814050139,1,1.504960950859232,0,1.2858475133125349,4,6,0,0.3939257886032117,1,1.1838138058687306,0,1
289,-0.09306731184818062,0,1.5853893185505674,0,-0.051039546401083546,1,3,0,0.3588563551206585,1,1.0191767668906178,0,1
2088,0.27710021559761583,1,1.5942184600379852,1,0.3859601708621079,3,5,0,0.4458552775818891,1,0.6917328272492458,0,0
37,0.4123197792686016,0,1.369778941637452,1,0.9453673928970862,1,6,0,0.6324017738853558,0,1.1868373323009205,1,0
72,1.2260710135999462,0,1.5083269644654551,1,1.4455835643610309,3,6,1,0.5057582057458877,1,1.121927926006331,0,1
1285,0.16599339022683035,1,1.7054377562639709,1,0.16688484823006366,1,3,1,0.431517330827141,0,0.7188866749623453,0,1
1125,0.8937051145628848,1,1.4943315728396516,1,0.7155823840314294,4,2,0,0.4120008422823954,0,0.7831608985821179,0,1
1497,0.31562516831710385,1,1.5513174250476078,0,0.6853054631588997,3,2,0,0.4712496657392949,0,1.1702739878515145,0,0
2212,-0.38973478487378554,1,1.5817954524686284,1,0.26509224661242925,1,5,1,0.3474175326079791,1,0.6376974658030021,0,1
1232,-0.15445125650830138,1,1.5850609669352886,1,0.6575806070545587,2,1,1,0.8042138953291555,1,0.8758510247131243,0,1
1225,0.5375759354024594,1,1.3546856746357485,0,-0.17848819518865422,3,3,0,0.417203227873102,0,0.849028670804468,1,0
2241,1.0219377307746873,0,1.5857123271423608,1,-0.03722222308946177,4,6,0,0.5103132343705634,1,0.7766290765761357,0,0
1246,0.18265266495817373,0,1.4860625778218592,1,-0.07892813129375176,3,5,1,0.49371752459542745,0,0.7365844326819212,0,0
2026,0.8332504583150244,1,1.3773697311641864,0,1.9785135958652498,3,3,1,0.24757338725284245,0,1.0090921511847062,1,1
2342,0.9873732834750977,1,1.3764944229870952,1,0.43028388768008985,2,3,1,0.5386066511384088,1,0.8023005703000335,1,1
545,0.09723271119957583,1,1.489307774995921,0,0.7322940265993985,1,2,1,0.4497190771377318,1,1.0741655247262558,1,1
2258,0.5101118478372362,1,1.4169923187344073,1,0.55587739646778,1,6,1,0.5374285751405403,1,1.015548339192822,0,1
711,0.5627061721660316,1,1.5358041354415497,0,0.44789015644383506,4,4,0,0.4609039958726923,0,0.8203766330067647,0,1
796,0.7438618936131105,1,1.5183482989231265,1,1.2306248940716022,3,6,0,0.5530022844569307,1,0.6339436198378963,1,0
616,-0.4833506620256689,0,1.4654126709102093,0,0.5174528347074807,2,2,1,0.4897977890695131,1,0.8711042690240195,0,1
2083,0.3406708019388909,1,1.404679241358294,0,-0.18631548249823093,4,5,1,0.45489492999436004,1,1.038769029525992,0,0
1410,0.3901602649975144,1,1.3287694509388326,1,1.3431854577508602,1,4,1,0.46736904162285087,0,1.0945973230000137,0,1
1114,0.6647367420267779,0,1.5982614809248668,1,0.4866112946657182,1,4,1,0.42544643033860735,0,0.6836198019540362,0,0
2096,0.5614065817350568,0,1.3673561847619622,0,-0.6053237047795554,3,1,0,0.5306117176527806,1,0.9064121479920919,1,1
1120,0.7270592003247904,0,1.3660263279028164,0,0.38709143285205055,2,4,0,0.5146072183362075,1,0.7530115355573397,1,0
1951,0.21874166075745616,0,1.5903009038427762,1,0.6104400462896151,1,1,1,0.4766437899827245,0,1.2685568653615586,1,0
65,-0.46309106188912486,0,1.6022825129941591,1,0.23993781513970763,3,5,1,0.4087577767760163,0,1.0236002542492453,0,0
1127,0.6553496302513434,1,1.4400858008057764,1,1.6235405791416881,2,6,1,0.4532907642323165,0,0.967540447300277,0,0
1971,-0.3187850264516473,0,1.382320205073777,1,0.04990567042229044,2,3,0,0.48035020841664106,0,1.0894917674077766,0,1
506,0.6693321725305611,0,1.4813595515996252,1,0.3239807039768714,4,2,0,0.5229591791275544,1,0.7697846109248032,1,0
2118,0.15875180456067106,0,1.4940701801495107,1,0.7981803345978626,2,4,0,0.3943750558657377,0,0.7306533617304638,0,1
1825,1.0315921862507138,0,1.54942133395251,0,1.4476495563426919,1,3,1,0.4679536727231521,0,0.7052903461684132,1,0
799,1.08959832900522,0,1.543186909655466,0,1.028957035797117,1,6,0,0.29424867468686944,0,0.5437755570175782,1,0
2107,1.3773099097667107,0,1.6692264569432507,0,0.5202523758245514,4,3,0,0.34658701504744643,0,0.8810964355650714,1,0
390,0.7449687954789539,1,1.5640995958200863,1,0.0287072801433077,1,5,0,0.46995008808524047,1,1.0425315265197195,0,1
609,0.6326093281366989,0,1.537247626843581,0,0.15737482187308593,1,5,1,0.3729593156211777,1,0.7799085691002927,1,1
171,0.48267746138855644,1,1.695199062190989,1,0.76808870184532,1,1,1,0.4860724900821365,0,1.188325018501124,0,0
202,0.2868401057071716,1,1.4443786490287658,0,-0.3692135184758961,4,2,0,0.4384433861217265,0,0.8810955514756361,0,1
1283,-0.014646079069037032,0,1.55479989551104,1,-0.5704141492014911,3,3,1,0.41768241313639765,0,1.135163033007787,0,1
346,0.7966652444167845,0,1.4748045677736081,1,0.10239708804839764,3,1,0,0.46945785417946956,0,0.9310530399095922,0,0
1816,0.5464435575883476,0,1.554950289445906,1,0.9999248913743313,1,5,1,0.6126336065070819,0,0.940172648339823,0,0
806,0.643666840752136,1,1.483830163427796,1,-0.2732615379657163,1,3,0,0.7264704084604809,0,0.8909907946262008,0,0
2,0.8144542587990498,0,1.525653757127389,1,0.519244120424862,4,1,0,0.48421949957793176,0,1.1434272225417694,0,0
649,0.659225060988399,0,1.543749838868328,0,0.9331439420468504,1,2,0,0.3954722520004361,0,0.9733429808149502,0,0
1020,0.888633543643006,1,1.466049479362277,0,-0.03058844085576684,3,6,0,0.5021443525081166,0,0.929648296898331,1,0
1435,0.701914974969691,0,1.6248537539811274,0,1.0115919427140998,1,2,0,0.4561702737617337,1,0.9124409249312715,1,0
882,0.49073527974232356,1,1.4630361602163056,0,0.043806897508626985,2,4,0,0.47607969318879806,1,1.142750814008835,1,0
1541,1.2806707834643762,1,1.4734459271599745,1,-0.6542883360748557,1,5,0,0.5040668926781058,0,0.8304141896106871,1,1
1057,0.8538810824231975,0,1.5002692240610607,1,0.5665214407461808,1,3,1,0.375608631446428,0,0.931730883550914,1,1
872,0.5135563525849395,1,1.5484408582455085,1,1.1048718944409062,3,6,1,0.5009615040173824,0,0.8191410295209878,0,1
2150,-0.03348481867843944,0,1.4833445292377623,0,1.4211538838684974,4,3,1,0.4327462533358352,0,1.0720495383499609,1,0
1725,0.16542936598613533,1,1.7300061764338552,1,0.46409501238236145,2,6,1,0.42810703243934933,1,0.7834331014113174,0,1
2354,0.29448652673438347,0,1.5763199911520178,0,0.6108258576043095,1,1,0,0.5384441967684787,0,0.8221698061299455,1,1
2102,1.287403046975943,1,1.446515362614981,1,0.4646766175057443,2,6,1,0.5194361296461025,0,0.9113148368269791,0,1
1629,0.6125187724553435,0,1.357934516791411,0,-0.0769311646447145,3,2,1,0.37280705794499835,1,1.0379092319850445,0,0
1415,1.3815834148589061,1,1.6006961451002326,1,1.5736735138487858,1,3,0,0.4910218194949323,1,0.8313772520781246,1,1
743,0.6370907622366745,1,1.5562015422472213,1,0.407625543085352,3,3,0,0.5058107374067226,1,0.7465040232135209,1,1
425,0.5432969791369617,0,1.5331897978378914,1,0.26796946713642017,1,1,1,0.5880517506601921,1,1.0262446613673248,1,1
703,0.8880805658387445,0,1.5296102269646905,1,1.2655238794988632,3,2,0,0.509983681919824,0,1.0686430798802178,0,0
717,0.7291000997897749,0,1.4404030834717125,0,0.7669643203113838,1,6,1,0.47937703617337213,0,0.9080284631665784,1,1
936,0.9366289400258547,0,1.487269735686928,1,-0.0998977903492344,3,5,1,0.6696699468347256,0,1.006114644734661,0,0
1207,0.5305500627860141,0,1.3794564705710106,0,0.11755766372348558,4,6,0,0.430647028721007,0,0.8446312306074815,0,1
173,0.8761749029076632,1,1.4726753245843855,0,0.39062419042055935,1,6,1,0.42226650055965337,0,0.7490215525399241,1,0
963,0.7833712017228728,0,1.533963355845354,1,0.7885717344635939,1,3,1,0.4717847311818958,0,1.3441290435701176,0,1
242,0.28583195292128266,0,1.3826069704522819,1,1.166236845209663,2,6,1,0.41563634289829443,1,0.9216558017350631,1,1
1785,1.1186683585483699,0,1.5321810405064542,0,1.4757054431887493,4,1,1,0.3955492344639166,0,1.2171422858728462,1,1
605,0.33277936970909044,0,1.468136106586565,1,-0.37287421555864964,3,6,0,0.42331026756940016,0,1.2927202398938693,1,0
562,0.5658073049774623,0,1.4897718539425786,1,1.0419832294006408,4,3,0,0.4812014880894415,1,0.8654086127780946,0,1
1225,-0.15744018662461645,1,1.6317834508169875,0,1.375104207069111,3,3,0,0.5275813525636575,1,0.8675444120945226,1,1
1914,0.5706322168009014,1,1.5145327907042552,0,0.6098598335043904,4,6,0,0.4395376519639459,0,1.2817003268430844,1,0
881,-0.02419482150475738,1,1.598222413285786,1,0.9291691524586339,1,3,0,0.485457031029017,1,1.0931304238264772,0,1
891,0.37190436806476945,1,1.4428937273732325,0,0.5929073210991411,2,4,1,0.5202341662696864,1,0.9207292441733412,1,0
1493,0.1636489931537588,0,1.290586255225687,1,0.021223925723493353,3,1,0,0.49179617771241035,0,1.4654024890255717,0,0
1893,0.21890323160787606,1,1.509135031671527,0,-0.21255972753918295,4,6,1,0.5241101367724514,1,0.8572662095705812,1,1
328,-0.2050223323120811,1,1.5324327367605217,1,0.8175586028817724,3,5,1,0.38829301954035794,0,1.195917665785718,0,0
1868,0.32480933804785594,1,1.2414726187814766,1,0.3446520495403952,2,6,1,0.6514953800582617,0,0.8933602481224097,1,0
291,0.6089533023776619,1,1.648090146019173,0,0.238127562108231,2,5,1,0.5426981645019685,1,0.9910956975908342,0,1
799,0.8785973095771267,0,1.4894445280631798,0,0.8666075700269433,1,1,1,0.49336441802935627,1,0.9140208002505059,0,1
63,-0.008129565753737356,0,1.6306908389438315,1,0.31547172136456014,1,1,1,0.4847342672879615,1,1.0187443773481186,1,0
1988,0.3688251839005885,1,1.251791129801761,0,0.21585473807159994,1,2,1,0.4376454831053771,0,0.7369594774336294,0,0
780,-0.15845588663665144,1,1.483708750112962,1,1.2536248894183053,2,2,1,0.42220836107115983,0,0.993740245108584,0,0
445,0.8588725801463891,1,1.4098157985465665,0,0.20451647002044954,2,3,0,0.4522005866238624,1,1.2225912960724639,1,1
624,-0.08872611086355386,0,1.68640664658681,1,0.7022049581584386,1,3,0,0.5767061901549189,1,0.9506660830533757,0,1
748,0.9792121330038257,0,1.593442743497328,1,0.3833591269393777,3,2,1,0.462291901306687,1,0.8777978633408386,1,0
1296,0.7514454113789193,0,1.6343184502138668,1,0.9955251542212948,4,1,1,0.47878284582268255,1,0.9366974611617609,0,1
467,0.4774122840214935,1,1.4837882753687364,0,0.38777755647466017,1,4,1,0.5574969872873672,0,0.9328088809538903,0,0
1283,0.8179288755990859,1,1.6073539088513222,1,1.1489102083235734,1,3,1,0.6170404103660673,1,0.8967373388019517,0,0
1205,0.24378009014773688,0,1.3979362269736162,1,0.00737748791481041,3,6,0,0.47650776122723565,0,0.9308446387265393,1,1
2379,0.2940681614229432,1,1.5008237123473922,1,-0.2493815628426015,3,2,0,0.5187328866482703,0,1.1196830216598996,1,1
1300,0.7962058327035653,0,1.5841086812160032,1,-0.08397060222466035,1,4,0,0.44151386880314686,1,0.7949586403189074,0,1
1669,0.5854409501379257,1,1.5598043770057672,1,0.19711873194936846,1,2,1,0.4466300457577997,1,0.8685647374275366,0,0
586,0.391522685172089,0,1.5257637512033306,0,0.6760969863164499,3,5,0,0.5435275633782695,0,1.022575231048293,0,1
1786,0.2266248864937127,1,1.6361699477085343,1,-0.32449573653046815,2,6,1,0.6117418745569828,1,1.0267104532645734,1,1
138,0.4520125133821587,1,1.3287220111399245,1,0.16257260068111912,4,6,1,0.5064383458900417,1,1.1419316406969253,1,0
1661,1.229407585785236,0,1.4968574729729842,0,0.7002487347259015,2,5,1,0.4623264708162753,0,0.8122803550718856,0,0
1095,0.1304532183573397,1,1.4288156730931618,0,0.734426276920457,3,4,1,0.43308540996248757,1,1.1638678504417812,0,0
1383,0.8331182512238622,1,1.5057152380957146,1,0.568026470408127,1,6,0,0.6223962492557624,0,1.1539124159187188,0,1
686,0.1261806902683359,1,1.7210442944065278,0,1.0752594972219989,1,6,0,0.4954543072057744,0,0.9216618719701126,0,1
569,0.6662341558682391,0,1.4803306399740883,0,0.06783100372000711,1,4,0,0.6177358390969785,0,0.9163106483573941,1,0
1473,0.650073960568622,1,1.401145400812321,0,1.3769415355727657,2,3,1,0.5484050135467127,0,0.9056767303431434,0,1
301,0.8896550793154886,0,1.4007041163635159,0,0.47878571778671997,3,6,1,0.44782699779167706,1,0.7592783802886772,0,1
514,0.3626603794513828,0,1.6711285091389874,1,0.5124958723523345,4,4,0,0.44797201078127313,0,0.9616780704639466,1,1
725,0.8426827595031097,0,1.3850573765550172,0,0.7588259347975137,4,4,0,0.5379169632874059,1,0.9383955000723027,0,1
2285,0.4628594124440012,0,1.767568812648988,1,-0.3019990766745506,2,5,1,0.47417955425915936,0,1.1641316542657076,0,0
992,-0.2467635711933691,1,1.6157353685433358,0,0.6719797945510011,4,4,0,0.39291404251917716,0,0.8126145210894562,1,0
1458,0.9707682559128729,1,1.4469488933005499,1,-0.07051074027296234,3,6,0,0.5544258036871329,1,0.7316578124276675,1,0
1595,0.6100927496042257,0,1.4632867947187065,1,0.41758253658243577,4,6,1,0.5423396587560656,0,1.060741692101964,0,0
1285,0.38994679287384687,0,1.4764007803492152,0,1.0473318123186957,4,2,1,0.5246919985549917,1,0.8489452941372246,1,1
688,0.7565381986449147,1,1.460009721113084,0,0.3365042307015437,4,1,1,0.39184804372953336,1,0.9479864187629915,0,0
1849,0.4215702370715742,0,1.5849171532540127,1,1.0995951141744142,1,2,1,0.42572310622868487,0,1.0360505417173553,1,0
498,0.20321004591531133,0,1.4592945500609422,0,1.1829071178572588,3,5,1,0.4138298785393192,1,0.8596507090728286,1,0
589,0.47854787994776676,1,1.3602051541919662,0,0.22237974301922914,2,2,0,0.49737809784682113,0,0.6950118263522451,1,0
1160,1.29462179220337,0,1.5215311943764473,1,1.2669166124643305,2,1,1,0.6282778822661363,1,0.8749998559616444,1,0
1309,-0.1932067275096654,1,1.4215229841822503,0,0.6130434776527423,2,3,0,0.4435354534210776,0,0.9508295114157224,1,1
2214,0.23309546228154454,1,1.3370729505483991,1,0.3516597224982029,1,1,1,0.585802035748003,1,0.7731047434581575,1,0
1093,-0.0438123802506476,1,1.6003501970676992,1,0.1700199551595164,4,3,0,0.3808221433279311,0,1.2535480068293186,0,0
116,0.9359338165253713,1,1.4348289279825241,0,0.37559446306857214,3,3,0,0.4044032411331192,1,0.6205326069812878,1,0
380,0.6778810294382969,1,1.5280390272946027,0,0.4896290103922398,4,2,1,0.5691886376870751,0,0.8956356753001039,0,1
255,0.7795518274784216,1,1.3082042295755558,1,0.9430420442764447,2,1,1,0.42580853037689065,0,1.341370385992714,1,1
1357,1.1353545008939734,1,1.5292136615213132,1,0.7301266279898352,3,3,0,0.4196607114734413,0,0.6857231793542449,1,1
1452,0.505067960003489,1,1.3571804066599877,0,0.8072897510388185,4,2,0,0.3986547922332269,1,0.7871479931088194,0,1
2302,0.4433257324901615,0,1.6220848411338866,0,0.026367197763101646,4,6,0,0.6335086554742816,0,1.0144076286736474,1,0
2247,0.5267458548322168,0,1.378456131607103,1,1.33862143463534,4,2,1,0.44458052933304915,0,0.5735900402077465,0,0
631,0.6098291341097483,0,1.4341611468949695,1,0.6444742317122589,2,1,1,0.4932295661065266,0,0.9426573527025165,1,0
1328,0.9627832663724989,0,1.660755920894156,1,0.3032761019292515,4,1,0,0.43875759506124345,0,0.8138407955076101,1,1
1763,-0.26592095313670483,1,1.6584324266794632,0,0.5620301433925341,4,5,1,0.59650831915578,1,0.827522519299801,1,0
972,0.535468528558202,1,1.3300659869213343,1,0.48093656195964896,2,5,0,0.44306416937133203,1,1.1645400532464683,0,1
2121,0.9594939134364644,0,1.4940363966234955,0,0.13810667250944175,1,4,1,0.5353254074730575,0,0.7114367659825874,0,0
87,0.3824219439584007,1,1.6258604695461834,1,0.8508453110404782,2,5,1,0.4090452545043372,1,0.717716749371335,0,0
1872,0.8965965074570887,1,1.455984672127751,1,-0.3533556532824833,1,5,1,0.5965040316551643,1,1.1647976524547483,1,0
1889,1.1790327908851181,0,1.543544439866194,1,-0.09731299402128002,2,1,0,0.627669463371139,1,1.092106196857468,0,1
147,0.014532292022080673,1,1.4449338427666438,1,0.2935948411852083,4,4,0,0.591639337702555,0,0.6596943037260099,1,0
370,0.6177988693941435,0,1.4959719609638304,1,-0.23147229429885285,4,1,0,0.4060095270924946,1,0.9691628707560015,1,1
1981,0.15521869810797378,0,1.4804539717323977,1,0.6001828624885358,4,5,0,0.41239529881021697,0,1.3400038488084158,0,1
943,0.6002402094972662,0,1.642989628928998,0,1.2152154571674858,3,1,1,0.3714811555675545,1,0.6678412822842872,0,1
1047,0.07502608345773487,1,1.3041786206902066,0,0.8131836926570859,3,5,1,0.42110523477898565,0,0.8899127743701136,0,1
603,0.10099847981862398,1,1.4470664149267656,1,-0.690667675851558,2,3,0,0.42643114016369305,0,1.0584734466062238,0,0
1757,-0.11434581041347214,1,1.5680903095473067,1,1.2063155237553607,1,1,1,0.5772038999103178,0,1.1035999417889109,0,1
1386,0.15613646252300772,1,1.5366531088513165,1,0.6824469529288466,4,6,0,0.5604953793442233,0,1.0829193820987058,1,1
642,0.4556159185268338,1,1.519074999602432,0,0.111963165412446,3,1,0,0.3930378793740753,1,1.0361717415709402,1,1
1877,1.0749651626555083,1,1.4599067471307667,1,0.2100247175147904,4,6,0,0.4063644952743306,1,0.6626458545128702,1,1
905,0.19888432087431956,0,1.3023509664422985,1,0.5073943003297525,3,6,1,0.43318981161066733,0,0.8691171867138208,0,1
2294,0.6644416560098967,1,1.407443560154956,0,-0.3571525220735161,2,4,1,0.4842423455319708,1,1.0449822707757093,0,0
424,1.0123347774239746,1,1.2911293427083632,0,-0.5179039295606025,2,5,0,0.38897622036836205,1,1.036772807269516,0,1
2367,0.13591069641730452,1,1.5120718129522683,0,1.2205459286369682,2,6,0,0.5537118880992914,0,0.7495233585185773,1,1
1393,0.24790547649461891,1,1.623569263734194,1,-0.1943587162634165,2,6,1,0.496404113789762,1,1.0052247996746262,1,0
1297,0.9685147057006636,0,1.543071383773819,0,0.5515160913024444,3,1,0,0.2756764168405723,0,1.207553703031656,1,1
1975,1.0621952149363136,1,1.5918333204606363,1,0.3839451679120912,1,1,0,0.5216614225598661,1,1.0086297068146348,0,0
1961,0.02679460392392302,0,1.599446154889487,0,-0.36630905234522704,2,3,0,0.5638007564374049,0,1.0038421964532165,0,0
2056,0.5813163794057457,1,1.5509211100558575,1,0.6367686138573447,2,2,0,0.4951306802614579,0,0.9757774202070458,0,1
1771,1.2522241269260355,1,1.411526652380243,1,1.0842075025166031,1,2,0,0.5728945732909897,0,0.8623271555063973,0,1
2045,0.3906825783999496,1,1.530449401785784,0,-0.4351826255428469,1,3,0,0.5276677604121814,1,1.1856364777874124,1,1
46,0.9956575047778841,1,1.5137563473882245,1,0.6423305503253715,2,2,1,0.45301184003009065,1,1.0898483757691872,1,0
1542,0.41228600343637195,1,1.6021201983985682,1,0.29402809512593436,2,6,0,0.44593375942180247,0,0.9067384287248406,1,0
1978,0.21612079632652614,0,1.5640188405273083,0,0.5673017446278661,3,1,1,0.5094222217503808,0,1.0411026997368598,1,0
1480,0.37530428811792726,1,1.4016198501516284,0,0.2680021715767519,3,2,0,0.47630655575848047,1,0.9700056307584365,0,0
1618,0.744732550210574,0,1.4818227228835743,1,0.34805013349152314,1,1,0,0.4287943863292256,0,1.1994761018473563,0,1
1387,0.5959600114913116,1,1.4799849715444795,0,1.479487617517726,4,1,0,0.4521968650924505,1,1.0685512315597199,1,1
2333,0.3381444941180516,0,1.6118880992526572,0,-0.43889735440877564,1,4,1,0.4182468050910504,0,0.6830730439211363,1,1
1603,0.01056729188266109,0,1.5071782091084882,0,0.835937788684724,4,1,0,0.4819036248560689,1,1.1631508319567587,1,1
326,-0.25686827637826604,0,1.5855752587315592,0,0.49055552293276844,2,2,1,0.5235713968788508,0,0.958660909062425,0,1
367,0.11198576865749127,1,1.5407970018788986,0,0.46182754591342123,1,5,1,0.5368547135752165,0,0.7204087507442275,0,0
1535,0.19033018841607685,1,1.6299176247969331,1,-0.013046620427478617,4,2,0,0.37353821982281027,0,1.1276393285402782,1,0
177,0.7075356433993307,0,1.4716790996861038,0,0.0406255368890896,4,6,1,0.4305675044897111,1,0.6375470391909999,1,1
860,1.0821585116561785,0,1.408368832270333,1,0.12617258677939625,2,5,1,0.35232769205316417,1,1.018553949447457,1,1
605,-0.022249193119258326,1,1.6388058660815081,1,0.11291609137229369,1,5,1,0.5349638065037767,0,0.8901510392202829,1,0
1332,0.07547796776357568,1,1.5572732899700896,0,0.5590531980456886,1,6,0,0.5575581185088068,1,1.068099979337056,0,1
665,-0.4294085773754379,0,1.4954721831833129,0,0.11464296794231082,3,1,0,0.47056310594963385,0,0.9080082784554766,1,1
827,0.14962248516901028,0,1.4182091227326603,1,0.48110382637563126,4,2,0,0.46765184141131144,0,0.857442418522806,0,0
976,0.9075158133321111,1,1.4439415731279521,1,0.7687488891125205,3,3,0,0.46827705443065815,0,0.7963976177930973,0,0
438,0.4609082395212941,0,1.4727646275111201,0,0.37244448604916025,4,5,0,0.43233107395958387,0,0.7578793962552214,1,1
1387,0.6610558127218283,1,1.6238159870967908,1,0.8964650882091594,4,3,0,0.3986595448904953,0,0.8337215216153855,0,1
2150,0.9921662525179382,1,1.3384372626739545,1,0.04612832181310156,1,6,0,0.48399382737707686,1,1.0831421477589986,0,0
2002,0.6044392329551868,0,1.6242786818085206,0,0.47377876304948147,2,1,1,0.4605475142131271,1,1.0610813451825258,1,0
866,0.32675280974860393,1,1.5075131246693982,0,0.46917935025842805,3,3,0,0.5210629840049197,0,0.9944785336047957,0,0
1412,0.2797117345807003,1,1.6208492825220908,1,0.5731142976233484,3,4,1,0.3820377787448035,0,1.028410447219544,0,1
893,1.3910134199980853,0,1.5033562881019549,1,0.1581792291045836,4,5,1,0.4900054579318239,0,0.7239336597489576,1,0
2116,0.632929919061901,0,1.4812420697656912,1,0.6969457809747526,3,1,0,0.4325788887821218,1,1.0563255833097942,0,0
668,0.5942916565943472,1,1.5008217829932355,1,0.34188916898121274,3,1,1,0.625935706772353,1,0.7584917710292063,0,1
176,0.8413043924977655,1,1.6120730414524633,1,0.09892331001877747,2,2,0,0.49552849773149554,1,0.8994711699538434,0,0
1221,0.30380508779039606,0,1.5652805117319375,1,0.5299960556362486,4,4,1,0.4552870143314709,0,1.007525191746439,0,1
1174,0.42800207562339787,0,1.5598798057887389,1,1.4091889090392198,3,4,1,0.38584848060783417,0,1.1169389585990113,0,1
400,0.3895954318030366,0,1.5777373717546526,1,0.3273231637845019,2,3,0,0.43713319536232575,0,0.7896357357378141,1,0
755,-0.44607033874946644,0,1.607285131376808,1,-0.1579402637349251,1,4,0,0.39283673146516207,1,1.1223439399618251,1,1
853,0.8412519886049844,1,1.4612751931194043,1,0.2600974662849354,3,6,1,0.4732097329422686,1,0.8217634417930664,0,1
2313,1.2223487245830436,0,1.4274641032590931,0,0.38169188813024196,1,5,0,0.4669309942694952,0,0.9007468917340397,1,0
1320,0.026274789605928273,1,1.5183990838972465,0,0.3761253866944508,4,2,1,0.441388344088082,1,1.2345177702071846,0,0
1003,0.8862087146052796,1,1.514500014614152,0,-0.010175683257066859,4,1,1,0.4013950149487291,0,1.1349508621072706,0,0
2235,0.29392872658804653,1,1.5528958651243168,1,0.5470625778066814,1,1,1,0.6019789301730715,1,0.8484222607704035,1,1
1157,-0.10314164206276066,0,1.462600321924774,1,0.07522895574380228,2,4,0,0.5823641513290376,0,0.917232072940917,1,1
1128,0.6097817548349346,0,1.546964892759247,1,0.5943718093269925,4,2,1,0.4039976677286907,0,1.0775848443971894,1,1
2059,-0.13179325338771264,1,1.6094231279323477,1,0.19148464996852171,4,2,1,0.48070356819516913,0,0.9030111353341764,0,1
783,0.9262212121321436,1,1.4645597951519376,1,0.6508748346590946,3,3,1,0.43543517786910957,0,0.9802229515364771,1,1
1030,0.7000564725787366,0,1.510515536830774,0,0.935517771851519,1,3,1,0.5549765421697567,0,1.1068816164184065,1,0
1447,0.35266538794672,1,1.5302381416213477,1,0.8280022858913563,2,3,0,0.6638497926731408,1,1.0238403190327352,1,1
1899,0.5458834709744135,1,1.5348010663702265,0,0.5443249884623934,4,5,1,0.37462694772776084,0,1.0682068968420224,0,1
279,0.8199266075226506,0,1.3999545147935537,0,0.486146992394376,2,2,1,0.30591874803084296,0,0.6947306520181011,1,0
2022,0.8486246870956786,1,1.533752455236518,1,0.7305075846016577,2,3,1,0.4330575045693712,1,0.8634246666129605,1,1
1149,0.6172825008338142,1,1.5429880565352638,1,0.5462659785865873,2,2,0,0.5332234316107807,1,1.253837836194148,1,0
1125,0.8524876377077986,1,1.453210659122296,0,0.23359956571486767,3,4,0,0.5367301137419761,0,0.9655832454152464,1,0
1059,-0.2146119164138467,1,1.6024519016189755,0,1.1902503178033452,1,3,1,0.4608853030309104,0,1.1667578127038871,0,0
324,0.7331142695063582,1,1.4535681747037463,0,-0.024640732312202096,2,2,1,0.5425401900265701,1,1.3197001039917713,0,0
69,0.5898728599701609,0,1.4518580899790905,1,0.8261252295534528,2,4,0,0.5315573209004627,0,1.0644161827436742,0,0
1955,0.05185659345320859,0,1.3742204610801307,1,0.5880492944684127,4,3,1,0.38486480998735056,1,1.0370511252227483,1,1
11,1.0921786182810376,0,1.5018032589199255,0,1.4288888117902878,4,6,0,0.4436546915207636,0,1.0508733380032904,1,1
147,0.6447289622661551,0,1.3481245089238947,1,1.0851714882218235,4,4,1,0.3964517020653733,1,1.1781212178911282,1,0
1931,0.2271671176994754,1,1.6245746486582529,1,1.0853823635020614,4,5,1,0.5427767523626466,1,0.8253347584820545,1,1
1388,0.11970592263126267,0,1.7474304733940655,1,1.1617268048385234,3,5,0,0.36891724869897674,0,0.854446728802563,1,1
1654,0.002827483261551411,1,1.4466101771564237,1,0.42609643936335934,3,2,0,0.4732122187302469,0,0.9966118983983305,0,0
1120,0.878383932406493,0,1.4860348829433907,1,0.20046968789019137,3,3,0,0.5673338905323195,1,1.0548023685145527,0,0
2036,0.9294826675730867,1,1.5213003712150093,0,0.56497584142972,1,3,1,0.49183272146122764,1,1.1417770737557944,0,0
1472,0.2881597749409428,0,1.4307571718444665,0,0.028512921582936945,3,6,0,0.496293657714334,1,0.747259180255704,0,1
322,0.9772501310277687,0,1.4990362770863792,1,0.14335381555310694,2,2,1,0.5936329519839707,0,1.0882129846755781,1,0
1153,0.3232207270554121,1,1.395309700689083,0,0.5956664284387759,1,1,1,0.46981904718552353,0,0.9773954301152573,0,1
1576,0.7594867031897767,0,1.613528337150273,0,-0.23206315943822653,2,2,1,0.5558246118853992,0,1.006104251555144,1,1
1051,0.11245530757582867,0,1.4711935767463316,0,0.06882087908322443,2,1,0,0.37691670818265743,1,0.660979135444256,0,1
1187,0.5459311718337848,1,1.4406426788173097,0,1.2200090489821451,4,4,1,0.5461608594264461,0,0.82238352591564,0,1
617,1.330214383109039,0,1.5614497790647532,1,-0.2436681541250285,2,1,0,0.37640637332477245,1,0.9676699330725187,1,0
1132,0.6836845241244411,0,1.547665373819575,0,0.4501645595164576,3,6,1,0.5140475016170432,0,1.1415899913028935,1,1
693,0.31190466239608017,1,1.5624322418204555,0,0.8691849887116625,3,6,1,0.44036180298429795,1,1.033268596284105,0,0
357,0.7439275107904957,1,1.3678491223512224,1,-0.4701158996145036,1,5,1,0.40568844380367597,1,1.0881942817636052,1,1
688,1.1278686219859682,0,1.5359238227554513,0,0.29860694514670744,3,5,0,0.4019691316095515,0,1.0651351051482931,0,1
1179,0.5259088848949718,1,1.3410570217300248,1,0.738132667394131,2,1,1,0.5424172423913682,0,0.7815209974036094,0,1
2220,0.24318890274666355,1,1.6344081849642214,0,0.21619090972028893,3,1,1,0.36090997352830806,1,1.1733330903364492,0,1
1081,0.8185645230481852,1,1.428893657132398,1,0.20415296666622212,1,1,1,0.4979438570589435,0,1.0566959414422603,1,1
2210,1.0123790916442323,0,1.3684284052702291,1,-0.15436975769781203,4,5,0,0.46426034104446834,1,0.8404462025960064,1,0
1357,0.8031532714667082,0,1.509929460550594,1,0.514638592698436,2,2,1,0.41389103779627323,1,0.8859340559123356,1,1
1939,1.1243429383159569,0,1.570200135049546,0,-0.6792486727548617,2,5,0,0.5982513015770254,0,1.0978151303747512,0,1
726,0.40211285228227334,1,1.450569375166597,1,0.4343076129337628,2,4,1,0.4711952044730883,0,0.8666971809373205,0,0
1425,0.6793025155238714,0,1.4446043077895994,1,0.11246705729932521,4,5,1,0.5405943864913688,1,0.8793935327226737,1,1
1819,0.7499321434563164,1,1.410901899591697,0,-0.09726962342517032,3,2,0,0.45144071515199974,1,1.02411476331519,1,0
1946,0.4865142443411321,0,1.4213234378769641,1,0.03244308851544003,1,3,1,0.3128130172960739,0,1.1721246645644976,1,0
1816,0.9152665689433415,0,1.5707006605665859,0,0.15959254553310093,4,5,0,0.4167136586111224,0,0.9654645245867548,1,0
492,1.1605375599350385,0,1.503972644402358,0,0.5020871808021077,1,3,0,0.4528796710589788,0,0.970908884112554,1,0
1248,0.5021920169644786,0,1.5717175151527039,0,0.2342047704348979,4,3,0,0.4428703842539562,0,1.160636801235354,1,0
1510,0.4608990432616932,0,1.4613760133742624,1,1.4472711523972324,1,2,1,0.47658776797708563,0,0.9904562364321499,0,0
1373,0.32318625245104593,1,1.5465357660119472,1,0.4960764509668734,1,2,0,0.5378985737126935,0,1.247770976389874,0,0
1574,1.0087071301253707,0,1.6479824008340893,0,-0.04629471727868306,3,6,1,0.37358442701093003,1,0.7658280957519489,0,0
526,0.6029938310392584,0,1.5154838965458182,0,1.2151997079058159,4,4,1,0.3749056453947727,0,0.7674085433424414,1,1
1186,0.6395955009800733,1,1.4870090329102157,0,0.7065422755748649,1,3,1,0.5646157721140641,1,1.2039426840117042,1,1
607,0.516906713626933,0,1.4747467792712357,0,0.5226844190105269,4,2,0,0.34131838273126414,0,1.3469739450270666,1,1
910,0.12319379730519708,1,1.680311174616062,1,0.3820308994880601,3,4,1,0.4020533301797235,1,0.9908217047483274,0,0
1188,0.7427054243858935,1,1.5886041231068047,0,0.8078399138944965,2,2,0,0.42694310086397286,0,0.9774723487636698,1,1
1934,0.6173909735511608,0,1.3945159479275244,0,0.2802086595400782,3,4,1,0.4280633477997398,0,1.2811979931137865,0,0
2368,0.24038736696866808,1,1.5494302335353154,0,0.3496055682537116,3,4,0,0.2878407606362488,0,0.4719270497309824,0,1
657,0.6204105365026357,0,1.4650536097604177,0,0.7065554942843787,4,6,1,0.5484873267392958,1,0.9293030908807173,0,1
2232,0.8299610977746075,0,1.5451759802561333,1,-0.07137537149638817,3,3,0,0.5650784556179537,1,0.9023960233935515,1,0
1847,0.2620651255697779,0,1.5453894901557488,0,0.6963207159759168,2,6,0,0.42080373087993855,0,0.6380805813120247,0,0
1283,0.5649916234163302,1,1.661194537303519,0,1.0819165118235383,3,2,1,0.45781084724707094,1,1.2128071374959843,0,0
1285,1.071477333127012,1,1.4955081479656378,0,0.1240755874480231,4,1,0,0.6388165977542555,1,0.82207767028195,1,1
1030,0.17890115538977136,0,1.5575532611616967,1,1.642345866089383,2,6,0,0.41626780137830827,0,0.9779252021270298,1,0
1803,1.098750282850645,1,1.4868424999388365,1,0.41883707177934504,1,3,1,0.4593909605484536,0,0.8712428909919037,1,0
373,0.42709230647065183,0,1.524121286589597,0,0.09834155293411806,3,3,1,0.5693709628056327,1,1.0444629859377066,0,1
136,0.3358457881865562,1,1.5116244070841072,0,0.7878615975167036,2,6,1,0.5770801365825088,0,1.0377042843014328,1,1
961,0.39069327358562544,0,1.5981955713218374,1,0.9955301875445666,4,5,0,0.5613958418743469,1,1.038260875802619,0,1
1649,1.208647709707435,1,1.3990805902781065,0,0.72863661017123,1,6,0,0.43428724835180793,0,1.0568815141854102,1,1
87,0.9281776591566873,1,1.5342800988556282,0,0.42812286626625307,3,6,1,0.4190434793506857,1,0.8280163735973545,1,0
51,0.21669351151772226,0,1.4547885782957002,0,0.28328184543152013,3,3,0,0.4660155991677073,1,0.8999208062977373,0,0
2249,0.24789732196323688,1,1.4525311557822056,0,0.2598097074062044,1,5,0,0.4935344659952085,0,1.0755971246846159,1,0
1970,0.5203591028686165,1,1.5043415226049877,0,1.1600123661632042,4,2,0,0.7590099132185568,1,0.8749615659030341,1,1
1503,1.027244585752404,0,1.5857560036669465,1,0.09788513382933534,3,5,0,0.3645236618451928,1,0.9020226747336211,1,0
1849,0.038321770849029935,0,1.3910748800521928,1,-0.09946042310770642,3,2,1,0.4587488117990111,0,1.218783675288807,0,1
1995,0.5665963395696767,0,1.5333845480323975,1,-0.5523625663849661,3,6,0,0.5322761371332707,0,0.8990242700072774,1,1
2085,-0.03462036651898126,1,1.5196328725935873,0,-0.30407488451531317,2,1,1,0.6508937271762056,1,1.190909407238869,0,1
1939,1.437622537289833,0,1.6875132509435897,0,0.020026584172942063,4,3,0,0.41550146341508215,1,0.8593613015602288,0,0
3,0.20818421372698065,0,1.5437105557150965,1,0.08807549092745187,1,4,1,0.5196478211891018,1,1.0873101283666913,1,0
235,0.48399710316770694,0,1.4253503726885488,0,-0.22373946342315554,3,6,0,0.33954462473849284,0,0.4894260009096623,0,0
486,1.0385895565361123,1,1.4409148255493969,1,0.039906917992763746,2,4,0,0.36657634639186837,1,0.9590437658234686,1,1
1332,0.6323872867806901,1,1.5248938361269981,0,0.08170776936013796,2,6,1,0.4145604921106771,0,0.9376500126966774,1,1
2022,0.7007598648468243,1,1.537157936296024,0,0.5149274934366893,2,1,0,0.4945158565777445,1,0.8366247949163063,1,0
263,0.7463569829628447,1,1.335373517716619,1,0.0033624801515769187,1,5,0,0.40251843276431176,1,0.8401218298125799,0,1
1197,-0.35216289322991423,0,1.5900291795166785,1,1.044587359288566,4,4,1,0.3996438144538954,1,0.8640598488237644,1,1
1517,0.8232213891814313,1,1.4680965720321428,1,0.894857440110144,3,3,0,0.39082434159292223,1,1.0182311579956183,0,0
1105,1.2781425018641221,1,1.5932760207102066,0,0.21793620550663806,2,1,0,0.5324439686413459,1,0.9796544987302321,0,1
2144,-0.15176387882343667,0,1.431922402483405,0,0.6443574242414362,2,2,0,0.5410322847609735,0,1.1546870435414434,1,1
1617,0.3569424199605653,1,1.6593517624877139,1,1.0539106022708626,4,1,1,0.3736843725658101,1,0.9679260406798574,0,1
1521,0.4038507770170662,0,1.3931913313858038,1,0.20311808699216893,3,1,1,0.4672943227845639,1,0.7679645668412176,0,1
1747,0.4975760835393361,1,1.4171802848723853,0,0.6884429849045404,4,1,0,0.5427846820549121,0,1.0468979460587102,0,1
1505,1.0872082372358598,0,1.468146627416658,1,0.40665440757404303,1,3,1,0.5097357141098583,1,0.8412407021019933,1,0
2139,0.20537312108619438,0,1.5517294608713101,0,0.35642026971105456,2,1,0,0.42952211727614054,0,0.8002231433700668,1,1
1403,0.38278594352014117,1,1.488607639025244,1,0.12469377408685978,2,6,0,0.3409655633696652,0,0.9388980379365588,0,1
325,-0.11482262761208861,1,1.4827057098301666,0,0.8694752422971417,4,2,0,0.5294140672481432,1,0.6934836280701708,0,0
1251,0.24947066596977469,0,1.4582283315365379,1,-0.2628576754420281,1,4,1,0.542696020373543,0,0.8260160151571957,0,0
2,0.8889991045063326,0,1.4484151363602702,1,0.47273702115666294,1,1,0,0.4033182805628317,0,0.7190926244965417,0,1
1338,0.7213847021047468,0,1.3461746822682799,1,0.8134725110949321,2,3,1,0.4362867978853038,1,0.9838005267035719,1,1
1312,-0.24044525014728757,1,1.6525131215714208,0,0.10113088373130291,2,6,1,0.5573687046186291,1,0.7384579988325134,0,1
145,0.08709739273371031,0,1.494150944638692,1,0.004538357789659164,3,6,1,0.4728264531757936,0,1.2460851372656385,0,0
1524,0.49532913935331346,1,1.5683516586139679,0,-0.3811371335350331,4,6,0,0.5601290350201219,0,0.6835944456500227,1,0
512,0.7617375470057922,0,1.438643057564244,0,1.080076885518264,2,2,1,0.3223243156250967,1,0.4816132073599854,0,1
889,1.0230652314140496,0,1.6064555734817216,1,0.814204677617448,4,1,1,0.45133741608407635,1,0.8267946187676526,0,0
1104,0.6662543685672642,0,1.4264986242482718,0,0.7470552564331301,4,3,0,0.5351953607485976,0,1.1008582980878807,0,1
725,0.30300190823079093,0,1.36043021013593,0,0.820613100834082,1,5,1,0.5875950607323888,1,1.0889717601695785,1,0
1679,0.29820493636540313,0,1.4998377829858396,1,0.5715584633570886,3,4,1,0.45704387774016175,0,0.9356838122943982,1,0
1457,0.6366284925580392,0,1.5021532882038293,0,0.9967656111676853,4,1,0,0.42301148514436837,0,0.7239677920953278,0,1
1995,-0.17066812985845226,1,1.5182033457854411,1,0.06908012411654935,2,3,1,0.48907317310849086,0,0.9522673712539391,0,1
304,0.6818297573245775,0,1.7322702372508687,1,0.8207435283561231,1,1,1,0.4140588898901402,1,0.7981752209866413,1,1
796,0.48165783934093365,0,1.4107849935847472,0,0.6947864670095096,3,2,0,0.49160027780489324,0,1.0759510179441059,0,1
895,1.0631567825263104,0,1.4482013877680031,0,1.054577777397058,1,3,1,0.47065365531699144,1,1.0488654164282858,0,0
1814,-0.3342862594115972,1,1.4958623848233021,0,-0.2923926440601178,3,1,1,0.3532657083903128,0,0.9940602146951261,1,1
1231,0.7106722544421524,0,1.3262980300478269,0,0.05283720534100378,3,3,1,0.40501838951230457,0,1.054131478175303,0,0
767,-0.21682284660306528,0,1.470119961830573,0,1.1340563826307593,2,6,1,0.3708729127707042,0,1.130415885173231,0,1
608,0.7498528884091569,1,1.6368954701603715,0,1.394157312092159,3,1,1,0.6296117354773472,1,1.1696442492585566,0,1
653,0.5797085573853058,0,1.4714453988565381,1,0.5353173295096953,3,1,0,0.4632126174714765,0,0.6950782219597946,0,0
2348,-0.24907825542467743,0,1.5625307024568564,1,-0.21645160895781113,4,3,1,0.655746572046455,1,1.1338630878003992,0,0
2340,0.24597308882465674,0,1.4757599033787705,1,0.8482728618927935,4,4,0,0.3892553916961665,1,1.1350870203722256,0,0
1329,1.2983122252047716,0,1.607496101751933,0,0.12441993078225144,1,5,0,0.4358385790684345,1,0.9977206184078461,0,0
1744,1.5297312105774594,1,1.6466338720091318,1,0.29739527418121514,4,5,1,0.4846278119711687,0,1.0666101397036554,0,0
1506,0.61624235804659,0,1.2344881311926128,0,1.0419254336550514,4,3,0,0.47554300291774454,0,1.0197950533573445,0,1
2164,0.3286729760211308,1,1.4649211792460561,1,-0.2983647811104567,2,4,1,0.39626269547061077,0,0.5975455326481836,1,0
541,0.5099515145423265,1,1.3935912624823705,1,0.24432737171903535,4,5,0,0.2889112498144527,0,1.1534393367503866,1,0
982,0.37515508273551745,0,1.64591880268106,0,0.12247674953419985,4,1,0,0.4398854760485926,0,1.2973004207372698,0,1
1596,0.49040178651280153,1,1.5244008315528934,0,-0.3694834091117999,4,5,0,0.31971226714154766,0,1.0859275797444223,0,0
49,1.2659759427448218,1,1.5224989837676794,0,0.37749629672338003,2,5,0,0.4544563815152284,0,1.104263764980868,1,1
266,0.7940082087478189,1,1.455385026385611,0,-0.24767430016364844,3,5,0,0.4684388631827739,1,1.10306133388864,1,0
1771,0.050754920174163165,1,1.4103181878302935,1,0.2639927545573514,3,4,0,0.48652167435413857,0,0.8476583884561018,1,0
152,0.6608001075307799,1,1.5390608114892972,0,-0.4722453512229595,3,3,0,0.522603486538505,0,1.0152297626622508,1,1
2207,0.4046100073038016,0,1.4971800492726204,1,0.7916992649613834,2,6,1,0.38775451840469793,1,1.0338913796212328,0,0
2262,0.4054582483592976,0,1.4631276312770116,0,-0.2649480855279591,2,5,0,0.4443010080522097,0,0.6362138871535936,1,1
924,0.2702408414680466,1,1.403314743810074,0,0.6633857889149475,4,3,1,0.5013835986665603,1,0.9543313524853003,0,0
1940,0.4793845006717618,1,1.5228683232410603,0,0.6740511169998903,1,6,0,0.5950434813532023,1,0.7908800236881988,1,1
1997,-0.044711551678019434,0,1.586895586142219,1,0.6418487694453159,2,2,1,0.5009918815816854,0,0.9830951915509111,1,1
1910,-0.45256584839531255,1,1.507940451004166,1,-0.029310798666805193,4,5,0,0.4894345513966677,1,1.1186366426076706,0,1
272,0.7220183591437958,0,1.2788658437212475,0,1.1159225282835932,2,1,0,0.4690935047322843,0,0.8039286441067168,0,1
1981,-0.025858635996640178,0,1.6178909742291168,0,0.9208517759114969,4,5,0,0.5312987877546187,1,1.1311659207934892,0,1
1204,0.2087549600395418,0,1.5966412928201597,1,0.025315240499356906,2,5,1,0.5401994283177828,0,0.710282909510063,0,0
1013,0.7550679684465074,0,1.5937073773565955,1,1.4436708879334974,2,4,0,0.39297477593422064,1,1.0082769955922652,0,1
1806,0.8914392569170493,1,1.4686138410012812,1,0.39031315138868883,3,4,0,0.35005554725540433,1,1.1696634045055543,1,0
2275,0.31130787314177644,0,1.6902067684432298,0,0.3364612130850256,2,4,1,0.5692412333114822,0,1.2742820816515357,1,0
1894,0.5645657922354386,0,1.5239832462523426,0,0.0834047585343049,3,5,1,0.43490323503938333,1,0.8670973691061491,1,1
12,-0.31903761332039426,1,1.5163568752350103,0,0.9365505460987318,3,1,0,0.2958324573551824,0,1.1322915056086422,1,0
866,0.3338312699464812,0,1.4023797505437916,1,0.5388914189568995,1,4,1,0.5214614877687022,1,1.2727345759761086,0,1
1735,0.7084306581997347,0,1.5703855757395415,1,0.4492969610593313,1,1,0,0.34709834198050693,1,0.9132260925745947,1,0
1119,1.0980885157791378,0,1.5341220263809037,1,-0.5163211531743312,4,1,1,0.3779150517075633,1,1.1494272184994692,1,1
1692,-0.033902804431101274,1,1.6267018406959017,1,0.005874275466393797,3,4,1,0.60093698845202,0,0.9502967469124037,1,1
1584,0.39244295987503464,0,1.4953057536723253,1,0.14469512077123775,4,6,0,0.49560724404477413,1,1.066841388658631,0,1
833,0.5764894443015147,0,1.4185468210363597,1,1.3061871316194535,3,3,0,0.2826672448947799,0,1.1503692156927452,0,0
1358,1.0503453032926036,1,1.3398659342644814,1,0.7063840810626465,2,3,0,0.3010588647234008,0,0.82385571022577,0,1
175,0.263910596270864,0,1.58279757449853,1,0.747802569916836,3,5,1,0.4373824897873622,0,0.7447661120132832,0,0
420,1.0296115417535798,1,1.5879707109743288,0,0.07583880122969544,2,2,1,0.5085384110454916,0,0.7511553190863536,0,1
228,-0.015442705222466602,1,1.5406655060306846,1,1.0476516019043738,4,2,0,0.47424267766209827,1,0.8902456954850778,0,0
407,0.38799522015942756,0,1.463819523009417,0,0.41217472674761235,4,6,1,0.4925749767986245,1,1.0796343100300598,1,1
420,0.6582094445121381,0,1.4160712467162095,1,1.362512278730954,1,4,1,0.5007366535216948,1,0.936456552498069,1,1
745,0.8824254323579863,1,1.4446113846118478,1,0.7276206844833553,2,1,0,0.5689420806166732,1,0.8702246908844288,1,0
1625,0.23571557540241822,0,1.555602508362112,0,0.04114506028412607,2,3,1,0.41047658359749895,1,0.677337919173151,0,0
680,0.7015067614355952,1,1.4509532786711392,1,0.06703930225176419,3,6,0,0.6407300563387675,1,0.9606232481605211,1,0
670,0.7817897296139509,1,1.5457378934328723,0,0.7820261390814471,2,1,0,0.5521289504940075,0,1.048547255289966,1,0
2252,0.5020195426548675,0,1.4542582103318185,0,0.13558673859237869,4,4,1,0.5554710984402152,0,1.174618720693255,0,0
868,0.8928637743708671,1,1.5881511176526681,0,0.7073488640997072,1,4,1,0.5866766092213729,1,0.7763577213621129,0,0
1801,0.9745281298481585,0,1.4583162660460458,0,0.5458118477641342,2,5,1,0.537291495777827,0,1.068639005033405,0,0
1060,0.6068237344692513,1,1.6291545434004928,0,-0.6211597834874434,2,1,1,0.433388845318609,1,1.1421929492264369,0,0
2035,0.7345224402114591,0,1.4195735292322922,1,0.062302239348219046,4,5,1,0.5114955288941435,1,0.8679794690508211,0,0
2254,0.020142337383155406,0,1.486165218554376,1,0.19138345444543647,3,6,1,0.4242225180614734,1,0.8095952133356152,1,0
2374,0.4373838076635815,0,1.6100040010396484,1,0.8807665256640773,2,2,0,0.5548843462891975,1,0.6911824070088168,0,1
1841,0.46350126091802707,1,1.4314897136167626,0,-0.017471438499043646,2,1,1,0.4382086423861788,1,1.087386724219259,0,0
65,1.5403883953259287,1,1.438292567851945,1,0.5362121171049578,4,2,0,0.33504026967096934,0,0.629520692023624,1,0
2102,-0.018784326663300654,1,1.6149655870953135,0,0.5530169635672572,3,5,1,0.37098960019161453,1,0.7881377557853542,0,0
1507,0.7207777880938016,0,1.6274697583767457,1,1.1056428459916186,3,1,1,0.4089629718418578,0,0.8964093522722655,1,0
1684,0.29003664799602313,0,1.5237437143374288,1,1.297316535995391,3,3,0,0.5326324814656868,1,0.8980371188849897,0,0
802,-0.027793661611353215,0,1.377947938600438,1,-0.12969933095886532,3,5,0,0.5736810978162283,0,0.8603871855723684,1,1
1719,0.46811219920909825,0,1.4995748554959314,0,-0.20914065180004082,2,5,0,0.32124293908980783,1,0.9950272894963941,0,1
1097,0.3321543016451128,0,1.367040155814991,0,0.7805632877274227,3,5,1,0.6844447721254858,0,0.8426656701675872,0,1
241,1.2001979565699679,0,1.520089906473384,0,1.5174002438656697,2,5,0,0.47413947458789646,1,0.875119767344866,0,0
1619,1.0095303602517032,1,1.55565041128564,0,1.1090669934266297,4,2,1,0.4881342846026566,0,1.0482883421017752,0,0
291,0.6217887314474022,1,1.3400634982423298,1,0.846080082312092,1,2,0,0.4282914789306161,1,0.7148899980294897,1,1
2000,0.49390643922273436,0,1.3290248683866037,1,0.5705716317335161,4,1,0,0.4703727224278128,0,0.7542582678201375,1,0
2334,0.1331359808207166,0,1.5023801142870097,1,0.7039217874704238,3,6,1,0.4451238917211425,0,0.8819420035918103,0,1
385,0.8828728380450124,0,1.4045172477584265,1,0.9325471148068587,2,4,1,0.5768806840552104,1,0.7125137294076883,1,1
1838,0.37837558704233226,0,1.4584637593792031,0,1.1387394151361476,1,1,0,0.5905361667736981,0,0.8830436042101094,1,0
1903,1.1933846120260994,1,1.4056218930282276,1,-0.4470041935110509,3,2,0,0.5383688927451599,0,1.1646125454589578,0,1
2344,1.3141413730261642,0,1.5990554065538574,0,0.633713350606747,3,2,1,0.32110657308372936,1,1.0883683480311324,1,1
1868,0.23047462654023387,0,1.4186674784988327,1,1.0677595404737543,2,2,0,0.5347797003217138,1,0.8785397558463408,0,0
2146,0.9726205454986503,1,1.483077244539539,1,0.38885049683392253,2,6,0,0.4964229641533457,0,0.7455395033188195,0,0
233,0.9723992845187801,0,1.3515546984833762,1,0.25710050807210477,4,1,0,0.32668853107381857,0,0.4461643172515275,1,0
700,1.0723483038823447,1,1.4860692870660006,0,1.0287003800889292,1,2,1,0.5645204639930111,1,0.695214265042546,0,1
564,0.6062640283517633,0,1.5530126198435024,0,0.5858005824548083,2,3,1,0.5844057358324702,1,0.8889523691986353,0,0
146,0.2838808958037703,1,1.5081614176692415,0,1.4203982289277381,1,6,0,0.4984816542897523,0,0.95112379770414,1,0
74,0.45756958259661124,1,1.5087192605869866,0,0.6630413590278214,3,6,0,0.5964817678024198,0,0.8027169534836145,0,1
1437,1.0985090341487989,0,1.3800917751154098,0,0.5700295321120141,2,1,0,0.4318532903895882,1,0.9351722615637102,0,1
620,0.398267636657476,1,1.4634435542448065,0,0.421455843610395,2,4,0,0.5479646272494082,0,0.8884940737088834,0,1
85,0.1023111911044805,1,1.527811574214077,0,0.45800362062965455,4,1,0,0.3003807021532823,0,1.0949957506270271,1,1
599,0.280988824978331,1,1.5794886452784962,1,1.1658429725169803,2,2,1,0.39024964627839354,0,0.8213879630304279,1,0
127,0.30767258331605324,1,1.6871071062852816,0,0.10163508314569042,2,1,0,0.4817288019410544,0,1.251905206607212,1,1
195,0.4811934230269289,0,1.419638417704099,1,0.4351700219261735,4,1,1,0.5070622041978724,1,0.8606739693346054,0,0
541,1.0608966635824422,1,1.586501045159733,0,0.09851384182107459,2,3,1,0.38542720022539867,1,0.9793361007012462,0,0
1800,0.464921162131115,1,1.6552139128329904,0,0.8788416365032687,2,6,0,0.3127239235005834,1,1.0368008518707486,0,1
2132,0.8313254972690585,1,1.5343812733211357,0,0.6979472988763578,2,6,0,0.4074465932351673,0,1.0438051923264124,1,1
454,1.0284422092543952,0,1.4039107011412773,0,-0.41480206920018414,4,5,1,0.4451601351724254,1,0.9319015895968499,0,0
2098,1.1792409377465105,1,1.5407131860256358,1,1.0306074407862384,3,4,0,0.36055323148225227,0,0.9010231141130782,1,1
2142,0.3535106688926395,1,1.5040672279120102,1,0.4969777390335897,3,1,0,0.4519082839703521,0,1.1163101223128098,1,0
755,-0.3421518635055777,1,1.548475776622279,1,-0.22377198699862488,1,5,0,0.5732969282741791,1,1.0557902510532793,0,1
801,0.6373127611796139,0,1.6234012226544317,0,1.2253518404822075,4,5,1,0.3492076235907113,0,1.0781241464336162,0,1
462,0.305026751821606,1,1.401813886105041,1,0.8442612758774852,1,4,0,0.39619987979648735,1,1.0942951704372461,0,0
491,0.2519683788458412,0,1.5026941066060924,1,-0.1766571819687165,1,6,0,0.4132748114266349,0,1.0794227719538434,0,1
1106,0.5850055996764104,0,1.486493860004986,1,1.2253595688679382,4,2,0,0.4802138286431211,0,0.9885823052309779,1,1
1248,0.5221380583941038,0,1.4309306817901188,1,-0.06777383704684825,1,3,1,0.35696837329932957,0,0.9646037372724497,0,0
2082,0.4743724633178514,1,1.576664478116956,0,0.5714381183262903,4,5,0,0.4317549645530472,1,0.6704787599884356,1,0
1927,0.7644414908792463,1,1.546815499777344,0,-0.01076257694656424,4,3,0,0.3870471439000625,0,1.0428414622717828,0,0
212,0.5811138357600643,0,1.4435468457667657,0,1.5664794495912202,2,1,1,0.4402846297557115,0,0.9654622462622203,0,0
28,0.13083587118957907,1,1.5039559763242039,0,0.12464060732842808,1,3,1,0.47436502717916185,1,0.9638142723147232,1,1
835,0.7452317701669825,0,1.3963173293568765,1,0.20865798425449023,1,2,0,0.38040232301259896,0,0.9435903081620125,0,0
1878,1.1076657684877738,1,1.4384553786902832,0,-0.4445904787632401,4,1,1,0.571226184124493,1,0.8757660059221113,1,0
342,0.8406747829268919,1,1.4681677415600138,0,-0.2120771122227968,4,3,0,0.4476411036606404,0,0.8581114948301068,0,0
1032,0.5163043499156396,1,1.482317079793067,1,0.9932456185516768,1,5,0,0.4064519315859336,1,1.1145334170752947,0,1
254,0.8213537554702399,1,1.474195386028734,0,0.43466701211802955,4,6,0,0.46975893893803145,0,0.9392817508109184,0,1
266,0.2868907698304106,1,1.4899084211449618,0,0.9507676354283731,3,4,1,0.4101131708035297,0,0.6891027958265383,1,0
2366,0.5416844829459287,0,1.5196641066425771,0,0.2260234803478529,2,6,0,0.4013872385840682,1,0.7029756563350086,1,0
2091,0.6910605067465394,0,1.612453522453721,1,-0.33836469910903877,3,1,1,0.5402650583152346,1,0.7822613648667681,0,0
1294,0.1621749037750349,0,1.4104676315599651,0,0.03669146177543431,3,6,0,0.2982421722490332,0,1.0380238868202911,1,1
2313,0.3913384992278899,0,1.6001150489196518,0,0.45013500819785857,1,6,1,0.44687491885223196,0,0.8485574078257443,0,1
2263,0.4976129884181153,0,1.4661119162824157,0,1.3355136747804357,2,1,0,0.4516669640913449,1,1.0032943187539827,0,0
128,0.3225442333025896,0,1.5756306451268856,0,0.845378509455951,1,6,1,0.5595467797954684,0,0.950745052882297,1,0
331,0.9332566697603124,1,1.5558913048686207,1,1.0436638507611296,2,1,1,0.3495648895717842,1,0.9341586223063922,0,1
1692,0.8173636346542279,0,1.463338017256736,1,0.47830191435454794,2,6,1,0.6230704560772848,0,1.0302982566885224,0,1
1197,-0.05334492012148284,0,1.7272452955513353,1,-0.1304252056675097,3,2,0,0.5121670571571951,0,1.2452904078168145,1,0
1772,0.6723339576657446,1,1.6710024636132328,0,0.5490515058282013,3,3,1,0.5816423682139206,0,1.0811208808923825,1,1
1080,0.23307987908406963,0,1.4869555940393242,0,0.4433745295064742,4,1,0,0.45945206997460947,0,1.2129579658759808,1,0
1161,0.6164757784459245,1,1.4269255219647758,0,0.08463982863908798,2,2,0,0.5669198129674545,0,1.1650768182296072,0,1
1591,0.6588120509733635,0,1.5666775152690375,1,0.12731485005964582,4,1,1,0.4543866097860868,1,0.9457031479892999,0,0
1893,0.620637097781979,0,1.5640571443891131,1,-0.3184480736422327,3,1,0,0.4772570036495644,0,0.8146191127003028,1,1
1317,0.5337344339267297,0,1.4821951462309864,1,0.7946026364822902,4,3,0,0.2955227120368792,0,1.2186882875553795,1,1
1949,0.1351358265388664,1,1.3062057489942926,1,0.8575058055843615,1,4,1,0.5436307919512371,0,1.1637905771428818,0,1
1904,0.2368558923341323,1,1.587684103494816,1,0.8045580390538768,2,6,1,0.4752731491514945,1,0.8265102714422872,1,1
1524,0.4347836199606303,1,1.5172589174952469,1,0.23013503764381965,4,3,1,0.3830563791830299,1,1.127364006945814,0,1
1101,0.37296552826877016,1,1.376557939347267,0,0.39654156646807515,1,1,1,0.4417804004164512,1,1.1600534235971953,0,0
971,0.3599713377634377,0,1.4961401758707706,0,0.8291416990929762,4,3,1,0.42949938212529415,0,1.0278270577149755,1,0
418,1.0120692706308168,0,1.5692803750133093,0,0.18445776990226997,3,3,0,0.42343111327719646,1,0.8905372829226769,1,1
1863,0.25476005473452623,1,1.4686490959667116,1,0.6135315127239799,2,6,0,0.6821756186440169,0,0.9578353352935208,0,1
719,0.6644281357661537,1,1.460778988151414,0,0.7442479682846721,1,1,0,0.42091168043963434,1,0.9467602796692393,0,0
1682,0.4674532359769816,1,1.4136260869000938,1,-0.6930989627592832,3,4,1,0.6106832151399832,0,1.1252240238038846,0,0
1640,0.4643039022070916,0,1.4385128557591194,1,0.114345329293566,3,2,1,0.4302764535275179,1,1.004536137768307,1,1
1107,0.28793777075071436,1,1.5326391766847305,0,1.243297716952396,3,6,1,0.5024183894721777,0,0.9516068173201753,0,0
593,0.6480137013708676,1,1.5634883656150276,0,0.41112114659500665,2,5,0,0.3669065181213367,1,1.3258923739775859,0,1
2045,0.31793091588927075,1,1.491044986055406,0,-0.20419718746534998,3,3,0,0.666944730541284,1,1.470986284623291,0,1
2281,0.5906704611079642,1,1.4304903879528132,0,0.7210927072915088,3,6,0,0.4022525118079813,1,1.0260905921096535,0,1
536,0.5151086985047922,0,1.5802642540279268,1,-0.33682885491967995,3,5,0,0.44304760463324533,1,1.164052581518484,0,0
735,0.5116495086898912,0,1.44865886036767,1,0.7372774246272306,2,3,1,0.4228245661617277,1,0.9353335549768726,0,1
2292,0.5098263406270339,1,1.430958275094082,1,0.23631966472703936,2,3,0,0.4897661903253083,0,1.1580801364615105,0,0
217,0.7236341223396563,0,1.4832720197030587,1,0.0435428431679305,1,3,1,0.38720992519981345,1,1.1076238753970593,1,1
806,0.4907230746307157,0,1.5802041060083665,0,1.0790827466627255,1,5,1,0.47095365315025634,1,0.8180121046496991,0,0
1456,0.22941153973145567,1,1.4982582536301219,0,-0.17841365452930247,3,2,0,0.553342053593409,1,1.06765707400248,0,0
1368,0.49644162317170215,0,1.4864653973552089,1,0.0703264661750409,3,1,0,0.38828727062908763,0,1.133376634668696,0,0
1670,0.8304313464399766,1,1.5740355329623414,0,0.9561313539828953,4,4,0,0.48772885970431656,0,1.1523232229601537,0,0
2187,0.7133919779884086,0,1.4453728960148313,1,1.1178449911420805,3,5,0,0.4695638396672322,0,1.1542712928604124,0,0
275,0.5783585077113553,1,1.51265375457313,0,0.8391399750949406,4,6,1,0.511064487918056,0,0.8813406258343646,1,0
167,0.7635234829921597,0,1.6043009657823701,0,0.7558123828446762,3,4,0,0.6489245670048097,0,1.0027969739740032,1,1
2342,0.40081207643343714,1,1.5613756969983303,1,0.5648778970995085,1,4,0,0.4227467603274059,1,1.1821282116528886,1,1
1299,0.4133557040931309,0,1.359558363592972,1,-0.3859276813249989,2,3,1,0.4257611786552446,0,1.1780492364588642,0,1
491,0.26217025189689014,0,1.5784672613229196,1,1.12628143827983,3,1,0,0.561865112657433,1,1.1798540397103097,1,0
1179,0.26923714441339186,0,1.4474398213221122,0,0.7993433532021293,1,4,0,0.42746914794651486,1,1.372435160544752,0,0
1242,0.9017475582157088,1,1.605572372668567,0,0.38321930922572744,3,3,0,0.4628004821325495,0,1.0247026671357085,0,1
1670,0.7354718539709967,1,1.4342781353627125,0,1.0242064218819582,3,4,1,0.38850362765804103,0,1.111885487146937,1,0
771,0.8517502557650609,1,1.3987018277461467,0,0.3952009924845932,1,6,0,0.5341195562230581,0,1.114916979104313,0,1
227,0.40519789036021225,1,1.6468190937370044,1,0.1543268482092992,4,5,0,0.501988609223246,1,1.1555428195285178,0,1
360,1.1009485333276898,0,1.545408665468086,1,-0.03181811999223905,3,2,1,0.530676925606125,1,1.1869509344529878,0,0
175,0.363183850237777,0,1.5846357322251932,0,0.16956161174213574,2,3,0,0.5664899114560327,1,1.1201940590830284,0,0
150,0.5125180721886916,1,1.4173712316922953,1,-0.059048521711619006,4,3,0,0.6042305463745927,0,1.0888177036566147,0,1
1321,0.27416920614430473,1,1.482746737390244,1,1.1571640882769638,1,3,0,0.517385714750833,0,0.650845767594193,1,1
1196,0.4854112633759227,1,1.4871061606553921,1,1.0274230597440543,3,6,0,0.39131755231575893,0,0.9280684575772264,1,1
689,-0.09156319266924462,1,1.6217787239503099,1,1.3795549889585184,1,6,1,0.44825367306239255,0,0.9291911632290555,0,0
1636,0.9693517581325872,0,1.5808488042802464,1,0.8496960259838882,3,5,0,0.41400534585261967,0,0.8587038917342964,1,0
11,0.2353555279301507,0,1.559062470051559,0,0.12649693804945183,1,4,0,0.5270787607176751,1,0.8537033207089691,0,1
2263,0.018013509190875632,1,1.435831143127985,0,-0.29980287449700305,4,3,1,0.328502156947161,0,1.0008424576468098,0,0
578,0.5404634194637048,0,1.5749656327765325,0,0.6574433222358658,2,6,0,0.5428771832705938,1,0.857088143961251,0,0
726,-0.10136283537216106,1,1.5312990465552014,1,0.7137379428960244,3,1,1,0.5188279266331114,1,0.9534264854159206,0,1
1834,-0.3306293820753099,1,1.4681097175950595,0,0.26145642621882104,4,5,1,0.4629863145460389,1,0.8117899294359023,0,1
1563,0.09668486388826264,1,1.498420194083924,1,0.8096956353010386,4,6,0,0.4397400666638442,0,1.1980360277713964,0,1
360,1.3175981763967117,1,1.4038508272766472,1,0.39305652730937546,1,6,1,0.41040866095422174,1,0.9692781787428689,1,1
1539,0.9409270997770472,0,1.4949693971759257,1,-0.2252868653851906,1,3,0,0.32038000943959616,1,1.1231594630925472,1,0
1145,0.6178479499394423,1,1.40137386300684,0,1.136786423097258,4,2,1,0.570102126999432,0,0.8947012504574867,1,0
740,0.30078937948818085,1,1.7571520631693462,0,0.8681020535682171,3,4,0,0.6019905407739552,1,0.618873684872968,0,1
1583,0.8000016700902961,1,1.6079668676368222,0,0.2531201116370269,4,5,0,0.4951431078218952,0,0.5192637411162047,1,0
857,0.26255089920355734,1,1.4703975031694556,0,0.02255987736776288,1,2,0,0.5519487577952198,1,1.0457929077506882,1,1
101,0.04543458575992593,0,1.3848223668377313,0,0.7300252444294218,3,2,1,0.41988904488612316,0,1.1094492937848162,0,0
131,0.49767339002792593,0,1.3322070531679275,1,0.3316348259451646,2,5,0,0.39960249372156365,1,0.9182722592175756,1,1
1904,0.08055712822097177,0,1.5243219178452818,0,0.35948732835712593,4,1,1,0.4629618111758673,0,1.0143868314269096,0,1
1254,0.719195411310743,0,1.5170832606383484,0,0.703008883503981,4,2,1,0.4768505297040719,0,0.9659958575495865,1,1
498,0.44604146190715166,0,1.6781061583223291,1,0.32552849576044973,4,5,1,0.4665703310073301,1,0.8648459611717417,1,0
2073,0.2580441626738918,0,1.5246510045720405,1,-0.14081526461630312,2,2,1,0.6764202644045288,1,1.1858605267971725,1,1
318,1.1340181008696326,1,1.3523026799511821,0,-0.3027472272473226,3,5,0,0.5426722365745322,0,1.0604047421722447,0,0
200,0.8662508018064251,1,1.4532029075160107,0,-0.25286779241177026,1,6,1,0.4965799926226389,0,1.0304477775834393,0,0
544,-0.3705755480649966,0,1.5325877720147345,1,0.4796501350262959,3,1,1,0.4157103183465585,1,1.1385110982312678,0,0
337,0.7363081835851338,0,1.4247795957373048,1,0.7912634310750138,2,1,0,0.3896776241306254,1,0.7017736993039088,1,0
489,0.8144889584355604,0,1.5454325630206416,1,0.7659528842100974,3,5,1,0.5373828236885498,0,0.8784172153107188,0,0
456,1.0423519839848294,1,1.6981449455286497,1,0.007654111547573839,2,5,1,0.48530235531095667,1,1.1332724845951572,1,1
539,0.5029794874519442,1,1.551620937063784,1,0.4650442955172993,3,5,0,0.4508483224521165,1,0.9946243336443762,1,1
636,0.053950785843957905,0,1.5268720079971685,0,0.23861001102965018,3,5,0,0.43110974212487224,0,1.1557905276489602,0,1
1348,1.0845053519998469,1,1.4444393432986786,0,0.5392078099406671,1,5,0,0.45213175014076107,0,1.1151009140958708,0,1
347,1.304905108227905,0,1.495780264954005,1,-0.15739656187752982,2,6,0,0.4301901484953287,0,1.0774898620472246,0,0
388,0.29370283046222057,0,1.5891114171676488,1,-0.044664670453196775,3,1,0,0.49272958833218405,1,0.9388775174658188,1,0
1457,0.8886808283196959,0,1.4960298817604432,1,0.3100346131250923,2,3,0,0.7027425681078282,1,1.2720977201099672,0,1
890,1.2078716005994143,0,1.3054366237198616,0,0.5516856951929042,1,6,1,0.5061807012718162,1,0.898838266303446,0,0
2210,-0.1564525021888945,0,1.5100310131233188,0,-0.23895015104509787,3,1,1,0.5572442721087807,0,0.8512441136150264,0,0
241,0.7846667046801601,1,1.4029881339712948,0,0.5383875936952635,2,1,0,0.47795700885531656,1,1.0328574444555352,1,0
70,0.5070935416888877,1,1.363460566502966,0,0.9152371789657235,1,4,1,0.5297162465968001,1,1.2478092655160395,0,0
2359,0.3569431171966323,1,1.3652778599554487,1,0.9408860057523987,3,2,1,0.4558500193969807,1,0.8404607203509464,0,1
170,1.0784429503402644,0,1.3511674989059257,0,-0.29913677027738717,3,5,1,0.4116812923261468,1,0.9684377832817509,1,0
333,0.05385905812991465,1,1.5467858628570306,0,1.077987389036525,4,4,0,0.41631983187092214,0,1.1074316025118927,0,1
1643,-0.3387571868906357,0,1.361860347795798,0,0.8421065103353877,1,2,0,0.45143501176231876,1,0.8023894601026865,1,1
700,0.34742750122281263,0,1.5560540825073543,0,0.7572977889843032,3,6,0,0.4374805762608872,0,0.8933291673434395,1,0
1849,0.9068071236908051,0,1.565015569398014,1,0.08584829191603371,4,3,0,0.34831145007529624,1,0.9297588578399651,1,0
669,0.1717170699930734,1,1.5003659558430253,0,0.7818654371416247,4,2,1,0.5480204272751115,1,1.175770946307324,0,1
1959,0.030289079339871183,0,1.5584618217219859,1,-0.25235226076939155,1,4,1,0.3710343405675598,1,0.9279561395389564,1,1
877,0.4007099791051064,0,1.723968308415167,0,-0.02827549928068951,3,6,1,0.4509011173934643,1,0.9444690247547529,0,0
1351,0.38733831897672844,0,1.5806774091899152,1,0.3906127880760149,2,2,0,0.40965638115545017,1,0.6953665553035272,0,0
599,0.27795687011554,1,1.375231240869544,1,0.6931957009276914,3,4,0,0.4940465081434003,1,0.864715288351015,1,0
1336,0.254345361835142,0,1.5912052842512558,0,0.3320099213788521,1,2,1,0.6182197077951972,1,1.114308922045367,0,0
936,0.8496097134958385,0,1.3619926655024044,1,-0.24138176189254779,4,5,0,0.5379832974838338,1,0.9729174881581808,0,1
346,0.3121860066051913,1,1.3711051721731922,1,0.0717811857297474,2,4,1,0.5742511503760713,0,0.7723271750318749,0,0
1611,0.6272658288921313,1,1.421092351551893,1,0.5200262674675843,4,4,0,0.45293934635061256,0,0.7161743000044432,1,1
390,0.4196820296705618,1,1.4308197565795344,0,0.5241527294832116,3,6,1,0.5743704601435214,1,0.832537782926943,0,1
1403,0.8396183080975264,0,1.6187350752000746,0,0.05568553900082612,3,5,1,0.6719689184770353,1,1.0891587658585655,1,0
2349,0.5639754588228274,1,1.4955767694790374,1,1.002766842872086,2,4,1,0.4321748863591624,1,1.2195018598347163,0,0
415,0.6968575726471085,1,1.324095877081108,1,1.0434419661785022,3,6,1,0.34275426197930287,0,0.6960865121939872,0,1
79,-0.12419402463101303,0,1.4147618274722167,1,0.18264452394101482,3,6,0,0.4763410664730276,0,0.8769318324912266,1,1
1181,0.1656630149169434,1,1.381788009571831,0,1.5462311368488049,3,1,1,0.39756917140396586,1,0.9604601340583248,0,0
36,0.5909486680454468,0,1.4840088999600134,1,0.5955424518696985,2,4,1,0.5313689887309525,1,0.9746812385411538,0,1
1284,-0.036008530301507746,0,1.3123809543487088,1,0.4970272443101216,3,6,0,0.27349498588895627,0,0.6286847805866674,0,0
2067,0.1613972053173084,1,1.6578596815525253,0,0.9527482204674733,3,5,1,0.43045629576695105,1,1.1531577896759186,0,1
972,0.3822204229361836,1,1.4977491826433142,1,1.0427529793173498,1,3,0,0.5201948364433245,1,0.8718125247891847,1,1
335,0.7126215128818827,0,1.4801041640237864,1,0.41429777837982984,2,2,0,0.5152930886161914,1,1.1182572817771965,1,0
2364,-0.05479905135317542,0,1.4486757228875473,1,0.2118498216305662,4,6,1,0.6028376143234528,1,1.2308344549911747,0,0
1722,0.293748029857954,0,1.590990680177027,1,-0.23819822224473075,1,1,1,0.4609788630869048,1,1.1625159677892358,1,1
713,0.7134030057034586,0,1.782536354507413,0,0.5603462362590582,1,5,1,0.46591933871817426,1,0.960301193844449,1,0
1764,0.4404346981284336,0,1.7012799961794427,0,0.6777105440156151,1,3,1,0.5497264757699408,1,1.2717096851295735,1,1
1603,0.2580166026606443,1,1.4948848480002142,1,-0.03340521800133145,1,3,0,0.3796288018190093,0,0.7525379368953159,1,1
1251,1.3000843367258885,1,1.5293256606507561,1,0.1504808427019132,4,2,1,0.5083969781894196,0,1.3323102024112399,1,0
1871,1.2907884207879132,1,1.4080180504617437,1,0.1387976894529418,2,2,1,0.5036633692612466,1,1.1894510316201528,1,0
1923,1.4250918609071195,1,1.3630780686087074,0,0.8397688275009403,4,6,1,0.4775863829328723,0,1.077624256313709,0,1
2282,0.4634761228304549,0,1.4128879270560504,0,0.15954330753742385,1,5,0,0.45643119790171494,1,0.9330440166190568,0,1
1601,0.41071877654271177,1,1.6051805980103693,0,1.5044694926611033,4,5,1,0.34564459935293057,1,1.0532264433427359,0,1
2082,0.8574793836707197,0,1.437366110542259,1,0.9191737980561494,3,2,0,0.3269589406094942,0,1.0755909766231786,0,0
1211,0.24303966441056474,0,1.594608127940554,1,0.38456272466099417,3,4,1,0.4882685205375118,0,1.1247455068367538,1,0
1037,-0.4454044097602424,1,1.3078102518043906,1,0.02879866070827497,4,3,1,0.41420272496858584,0,1.066563481461878,0,1
1361,0.6539206129347335,0,1.456217339404833,1,1.211050278580447,2,1,1,0.4864498706552146,0,1.1582292744471134,1,1
2063,0.04174119085788014,0,1.3718043801508906,1,0.7765056095605178,3,5,1,0.45836838143593756,1,0.7952376993482176,1,0
967,0.04491164583610335,0,1.5053207725292344,0,0.7044232477403791,3,1,1,0.4610684398766264,0,1.1769161230136813,1,0
1830,0.3867858869682146,0,1.5669454150484248,0,-0.29555844302066636,3,5,0,0.5286603272503094,0,1.140753011641049,1,0
993,0.3787517618151829,0,1.4888639149127343,0,1.4962796085404146,2,2,0,0.5930605299588005,1,0.7535329951129288,0,1
1545,0.6088292078451811,0,1.601704232584058,1,0.23209220741987002,2,2,0,0.4744234608330956,1,0.7184910818759882,0,0
95,0.31421962350220567,1,1.619988966938003,1,0.7153446061440257,1,4,0,0.5216052747343178,1,1.1140404625043008,1,1
1879,0.48524288429628926,1,1.4542873703927037,0,0.48166317880858367,3,3,0,0.3296285329766896,1,0.9368861800809986,0,0
2299,0.4775787813942325,0,1.3618964713356065,0,-0.1541986808888054,2,2,1,0.2773352461736117,0,1.031880611481797,0,0
894,-0.13504201368474067,0,1.4737961219499425,1,-0.33156190304677013,1,4,1,0.5337276802961262,0,0.8740439918974129,1,0
1656,0.813014529412762,0,1.53567019729055,0,0.348981705031743,1,3,1,0.5755465976177649,0,0.6604518739474321,1,1
471,-0.18664332309874587,1,1.5863135471571679,1,-0.11580565788393371,4,4,0,0.4045713602364886,1,1.1813006593024913,0,0
2165,0.9154743864560984,1,1.5186483924062237,1,0.4402121048625087,4,1,0,0.4453141501639558,0,0.779944734084445,0,0
674,1.1861908056051165,1,1.6439603236894862,0,0.6320340324082767,2,1,1,0.46360819630701655,0,0.9316252332660838,0,0
1149,-0.01007351909907428,0,1.43109061269782,0,0.2260585672587117,4,5,1,0.390608624872004,0,0.9361559823619491,1,1
1537,0.6877602911244252,1,1.298512131195101,0,-0.6459179222559597,4,2,1,0.5306528639910874,0,0.9237120971467438,0,0
1950,-0.2015506730755462,0,1.3541178659307147,0,0.5144347089006786,2,6,0,0.5208440089693608,1,1.0623890199180162,1,1
2220,0.3553281301953625,0,1.7139651093425932,0,0.8096124958883357,2,4,1,0.432243666188683,0,0.9299595114487438,0,0
893,0.48064644266264495,1,1.5564112730868118,1,-0.45572951769195225,3,5,0,0.540797738387398,0,0.9925311116736169,0,0
1994,0.7217701336581712,0,1.5724473455981491,0,0.8097600183486555,4,3,1,0.47528873606486455,1,1.0690750808456388,1,1
2176,0.9534449875185056,0,1.5008018961129606,0,1.3345146858395953,2,6,1,0.4869347847029993,0,0.9299993058729361,1,0
596,0.6433416504209091,0,1.658272543332623,1,0.1356529016980672,1,3,1,0.6171408686147529,1,0.9830380297691591,0,0
340,1.0023574773795774,0,1.656028341253162,1,-0.4534123231199585,4,6,1,0.47615539131539814,0,0.8619293613393837,0,1
1628,0.9302679267942203,0,1.6517692295252722,1,0.7715398189823899,1,6,1,0.42108646992901705,1,0.9151302119356669,1,0
2062,0.5720762945755014,0,1.2890128814609654,1,0.28004469949326827,1,2,0,0.41827490940330664,0,0.6310761634971824,0,0
1159,0.16312298022038335,0,1.4069556100273208,0,0.7503480110846801,2,1,0,0.39117759114968786,1,0.759927075206092,1,0
1295,0.4078695939950122,0,1.596410297142203,0,0.9417027200310975,4,4,0,0.44189144820585063,1,0.4725547983282192,1,1
1075,0.21457943476700508,0,1.5008727328949516,0,-0.08648599843008486,1,3,1,0.35926079253166154,1,0.8793254322456016,1,0
1801,1.275886362684107,0,1.6670051501767416,0,0.3238641921431997,2,5,1,0.29377656334231195,1,0.9289640325679684,0,0
48,0.40393229728857977,0,1.4843678524439565,0,0.09935993808293064,4,1,1,0.6346132637217836,1,0.7407793504049284,0,0
1388,0.41012562351662923,1,1.5664239037595087,1,0.13734737828070726,2,5,0,0.5039030929393669,0,0.9422007584992873,0,0
1165,1.5563671130865637,0,1.471897688912373,1,0.5745768201509747,4,3,1,0.44537495932546023,1,0.921709242967482,1,0
2306,0.8577020025540327,0,1.7076978742975915,0,0.29732613636375327,1,6,1,0.4187573535205804,1,0.9963400073402741,0,0
791,1.0957535775163847,0,1.441623644689428,0,0.20389691560745737,1,3,0,0.5229830727971135,1,0.7876893276526377,1,1
1009,1.4390344252030873,1,1.7097373757415673,0,1.2032549279437026,2,4,1,0.5033263382017894,1,1.1555800553905948,1,1
1665,1.0629913477689366,0,1.5011260083499456,0,0.13519389500299528,1,6,1,0.6768706099139719,1,0.715174211631057,0,1
538,0.7961222789862162,0,1.6934392340721705,0,0.6762603860863132,3,1,0,0.3645736298787784,1,0.9799779084842847,1,0
92,0.48574885045999144,1,1.6133068533565482,1,0.4519844170085965,4,4,1,0.4723260113125567,0,1.101819293336264,1,1
812,-0.21953981069677253,1,1.5034558052950817,0,-0.06284675158492714,3,3,0,0.4773170907473098,0,0.9769599610640699,1,1
663,0.8339355393978485,1,1.378282889183955,1,0.7820810490818098,3,2,0,0.4144037654325279,1,1.0383425551313317,1,1
708,0.056834574239786995,1,1.5928095389462475,0,1.9088524609466577,2,4,0,0.5811782544250821,0,1.035588908128876,0,0
1531,0.2665670217961941,1,1.5322355270050945,1,0.8125935125325606,3,1,1,0.7150345001604366,0,1.0284273714343812,0,0
1430,-0.10731307155020642,0,1.5276577728715142,0,0.22494838988300214,4,5,1,0.5313420438847165,0,0.9001746680751974,0,0
1605,0.9926625989514498,0,1.512342702104783,0,0.19729389230360878,1,1,1,0.3759589696318602,1,1.111281234107055,1,1
37,0.6062650123481832,1,1.415851785093449,0,-0.7833668792151909,4,6,0,0.41898574812241607,1,0.9944867865947532,1,0
467,1.3713166489930608,0,1.4758654824828652,0,1.1008528429751259,1,5,1,0.5007604703579159,0,0.7735989881971762,1,0
2005,0.8481824719514528,0,1.54882988178647,0,0.06251755821840571,1,5,0,0.40760419651114116,0,0.6836449585174056,1,0
1391,0.8466552708844978,1,1.526818002579654,1,1.2433322609786395,2,4,0,0.45759674085221175,1,1.0672952959175863,0,0
1508,0.08548914647696065,1,1.4917306833390116,1,1.243760522433097,1,5,0,0.4155196572644273,1,0.8565438076155837,0,0
321,0.40380702209109665,0,1.5971941041039712,1,0.5292640025536792,1,5,0,0.5154658119565763,0,1.2110498231192068,0,0
1895,0.3919452834043152,1,1.386559655891047,1,0.015678238494537478,1,1,1,0.4164714625826695,0,0.9508672787655118,0,1
228,0.017520583480511387,1,1.3661776955783898,1,1.37407588334497,2,5,0,0.43641486611573443,1,0.9043090642110738,1,0
849,0.13275217641725973,0,1.5708182423642933,0,0.6558484025812991,4,4,0,0.36128978326332206,1,1.0487403432946956,1,1
705,1.1364611803035232,1,1.6732797576285934,0,0.6316477623833385,3,1,0,0.48368718252369247,1,1.25241570543513,0,0
691,0.8862739794143346,1,1.5749456174335736,0,1.1450761032348313,1,6,1,0.30370460822797246,0,0.8606879724987212,1,1
1681,0.8055576492162726,1,1.4844977144582072,0,1.0150804363110897,4,6,1,0.4306932163453143,1,1.0068080936534138,0,1
1921,0.5740141480805914,0,1.439450798176889,1,1.042454769753133,2,2,1,0.2819731680054347,1,0.9302389853990806,0,1
2027,0.5104314199524791,1,1.590735477891933,1,0.6284619017053337,2,5,1,0.45853913558868115,0,1.1164485860400535,1,1
2132,0.6573230838739262,0,1.5262967865262158,0,-0.0790044179553896,2,1,1,0.4692076272464735,0,1.0496771972351173,1,0
821,0.2910800282433151,1,1.5244615415577234,0,0.15206567574068425,2,2,1,0.47601915829825026,1,1.138753341773531,0,0
424,0.44608734290550034,0,1.4623851170868774,1,0.6632654396773784,2,5,1,0.4655475060640182,0,0.9986299748454749,0,0
327,0.6987304105005617,1,1.4421440449502592,0,0.620900499468831,2,4,0,0.49082874930014747,1,1.1551649100097003,0,0
1222,0.9537981809020928,1,1.4787753710163545,0,0.06362145576947709,4,3,1,0.5100291166986681,0,1.064407526213607,1,0
556,-0.07269130875948837,1,1.345532793212432,1,0.7003015885922179,1,3,1,0.5118019656039026,1,0.7188134456472492,0,0
1193,0.5612632964656395,0,1.488533309843166,1,0.4652044487599118,2,4,1,0.4405645189272327,0,0.711144696093183,0,0
1053,0.4560825058899009,0,1.501020728455219,1,-0.4270046723975526,4,3,1,0.41753200530323686,1,1.1874461319280278,0,1
209,0.5570190804059912,1,1.5244408910731078,0,1.2411431800864734,3,3,0,0.6034063497001286,0,0.9837510429275815,1,0
1921,-0.27001379070080833,1,1.4161695173553472,0,1.0354046282452813,3,5,0,0.4904715805966926,0,1.0515940062823947,1,1
1247,-0.04366654592200592,0,1.4818136570800724,0,0.4119650460373993,4,4,1,0.3682747254318115,1,1.199418213972652,0,1
1810,0.6062074098193069,0,1.5134692674990327,1,-0.25687897874412824,4,6,1,0.41828601078128036,0,1.1153224966026754,1,1
384,0.7905421718027921,1,1.5903439817682214,1,0.8074511335483541,3,1,1,0.43101954371125745,1,1.2291790464907528,0,1
353,0.6793918674306234,0,1.4759496307126774,0,0.30313943529241005,2,1,1,0.33991419037826637,1,0.8574825467036569,0,1
2018,0.7095011703014868,1,1.47808554107184,1,0.5316870894092492,2,4,0,0.5817084130760577,1,1.0728264222598562,1,1
211,0.35599281621463147,1,1.7017878929060086,1,0.36194634443411167,4,6,1,0.604421202639857,1,1.2134462114576237,0,0
1300,0.6174978764510499,0,1.4485729721426024,0,0.21174537907987384,1,2,0,0.43202294934633484,0,0.944085150242784,0,1
1620,0.5401700623361148,0,1.4251401055105648,0,0.9466145197830587,4,5,0,0.48668307132986327,1,0.9745335350568174,0,1
160,1.1892352822966399,1,1.6441263356372264,1,1.1041236765031819,4,6,0,0.538651844891468,1,0.8202499947688084,0,0
406,0.19504298523063834,0,1.4570926139527294,1,-0.5057455068093482,3,2,0,0.5419089244461245,0,0.9957215867480916,1,1
808,0.759340450638452,0,1.5813630711598918,0,0.7722312592353018,1,2,1,0.4891545127331318,1,1.0664468274555747,0,1
897,0.9251882405480738,1,1.4360209007169384,0,0.8135183206100735,4,4,1,0.4378752197325935,0,1.0086090486808224,0,0
2128,0.022565271522900165,0,1.6035256510847584,1,0.549649287338361,2,5,1,0.4193711893674146,0,0.904729891839008,1,0
2090,0.693225249058926,1,1.3708099845177661,0,0.9493608192267684,4,6,1,0.40471351882166234,0,1.1021195625909692,0,1
1285,-0.192524534219917,1,1.5720747968649227,0,0.6548170636635746,3,2,0,0.3476762366127667,0,1.120751072326778,1,1
1264,0.7017736223341456,0,1.5550480920806886,0,1.086064613418634,2,2,1,0.5070221172075836,1,1.1718428711969597,1,1
1216,0.7966216629503127,1,1.5772588165631727,0,-0.3171984965307716,3,1,1,0.39487438498955735,1,0.9841243706053047,0,0
1714,0.8475486189338011,1,1.5719511745019945,1,0.6653735449982915,4,5,1,0.42627986151315844,1,1.228952634921856,1,0
665,0.17968633983908455,0,1.5781031458961754,0,-0.11992990165234962,4,1,1,0.5578982953600119,1,0.6804323744975906,1,1
231,0.7977787701064856,1,1.3757764768263911,1,0.6339347220721384,4,4,0,0.563116809824203,1,0.8646157091240271,1,0
1371,0.3503542778584665,0,1.5811062602215602,0,0.05737117954115606,4,2,1,0.5532986576067402,0,0.8526090449775522,0,1
1805,0.042650728365822344,1,1.5110831818947947,0,1.298163666552568,4,4,1,0.5211995934796303,1,1.0250497436161192,1,1
1571,0.5839301868255203,1,1.5680610202131051,1,1.2862889460268496,1,1,1,0.5254623506832844,0,1.0045900064978643,1,1
1115,0.3918204652024019,1,1.4066677834552668,0,0.1978748740694653,2,4,0,0.4508035127826408,0,1.0597593157441,1,1
241,-0.053175918272254874,1,1.4616589004080471,1,0.3795172179863496,4,4,1,0.6212363692299716,1,0.8555049575717708,0,1
265,0.0991011059699069,1,1.390639621680191,1,0.04464062290534726,1,2,0,0.5257036570247571,1,1.288435333719737,1,1
1076,0.09520652273321234,1,1.3753785061057537,0,-0.31833618317156887,2,2,1,0.46567424488383957,1,0.6744834511664755,0,0
2279,0.5532954085109921,0,1.4105969727768668,0,-0.586695978991677,3,4,0,0.449739131002335,0,0.7366430654069307,1,0
847,0.04053765689847039,0,1.5205972834030297,0,-0.30503315986067625,3,5,1,0.40528711460790634,0,1.102784596056562,0,0
523,0.4395418862290139,1,1.442186857596336,1,0.04559660261193904,4,3,1,0.4430512423948244,0,0.6193388161806668,1,1
1241,0.4188333557493543,1,1.5429460467395717,0,0.5671826452257365,4,1,0,0.4466591814746947,1,1.2376797972159896,1,0
2219,0.3807679289939592,0,1.577922778675878,0,-0.759534048964948,1,1,1,0.5426418393107673,0,0.7148491121336795,0,0
886,0.359608981997248,0,1.4120419874239396,0,0.5741239967864162,3,2,0,0.48837408046476943,0,0.8373908565350282,1,0
973,0.8918804946155827,0,1.4074884555704186,0,-0.5074691763445351,4,4,1,0.43442214680598595,0,0.8848060662562781,1,1
1279,0.25568985194941163,0,1.6385997430915857,0,1.4187017469413312,1,6,0,0.40975467277288724,1,1.1242904567372356,0,1
651,-0.04666006908965259,1,1.606876866637746,1,0.34697582169642693,3,1,1,0.3923828581956722,1,0.9745344851606933,1,1
1562,0.2336119444408174,1,1.64372613980945,1,1.2794700652405844,3,4,0,0.6036058272074658,1,0.8266536900172102,0,1
1340,0.8766673815196785,0,1.5442897687496768,0,0.25608570765602395,4,2,0,0.5831712259850975,1,1.0098446592275923,0,1
1248,0.14405680845543095,0,1.5284722776888098,0,0.6877452906655046,3,2,1,0.3436678199418523,0,0.8843517439676021,1,0
2111,-0.06045591496355096,0,1.4542838869388375,0,0.3180103879389637,3,4,0,0.5980862518664258,1,0.9421117150231991,0,0
1225,0.29331245889606194,1,1.5426172505976705,1,0.9814117987835735,4,5,1,0.45143189509857157,1,1.2469754542259868,1,1
1271,0.5684264555651715,1,1.5943130666551881,0,0.759369775608344,3,5,1,0.6975296012639044,1,0.7411292002723231,0,0
247,0.1760986299456322,0,1.545190435130624,0,0.6230507553497933,2,4,0,0.3265646044859545,0,1.1238676320719332,1,0
170,0.3926914485038113,1,1.5581834787403532,0,1.0533349105559568,2,6,0,0.42405158230286344,1,0.8498373954281351,1,0
785,0.37290700663940624,1,1.6394263520949313,0,0.06303703786025955,3,4,1,0.4677964913365953,0,0.7704377631342316,0,1
1675,0.8988071465183225,0,1.4528576333223304,1,0.04098685391033485,1,3,0,0.5778915045700939,0,1.0468674005881646,0,1
724,0.050811659008353105,1,1.3571004431163782,1,0.17132228340286887,4,3,0,0.42932418417564777,0,0.7180568215014701,1,0
2039,1.1422219397349016,1,1.4850174235577505,0,-0.009740713676154256,2,2,1,0.5103900992262316,1,0.7049306320397801,0,0
350,-0.38736866906571876,1,1.4979569273324818,0,-0.5903453676054777,3,1,0,0.4376264726934085,0,0.8326425898091592,0,0
677,0.6835829146004153,0,1.6476270143641099,0,0.5861460111741668,4,3,1,0.5203766844998554,0,1.0502348095536433,1,1
497,-0.08647353694778381,1,1.4067453530591307,1,-0.04671660419057744,3,3,1,0.48101874189135635,1,0.693795760248437,0,0
1322,0.48334996193543034,1,1.5031157581685153,0,0.8838828459202994,3,5,1,0.5298372885189402,1,0.8043310774951417,0,0
2029,0.4726822456314048,0,1.7834036958075175,0,1.330676371925673,3,2,1,0.32132074891694185,1,0.8481315170542025,0,1
794,0.3380983706328364,1,1.4763749221528766,0,1.0200003426117938,4,1,1,0.5076392897296921,1,0.8576089677652993,1,1
1306,1.2216041143968122,0,1.4709765702177693,1,0.3939657202591795,4,4,0,0.49940727894377523,1,1.0477746518184279,0,1
1221,-0.08358072788245019,0,1.6165383589485556,1,0.6442477550574662,2,3,0,0.30230645444569926,1,1.0677860402822317,1,1
1055,0.9264067681220967,1,1.703396476268138,0,0.7736312855242926,4,4,1,0.5670588688090126,0,1.1416032501535218,1,1
878,0.8362101007455105,0,1.4995231791484802,1,0.5129369995870317,4,2,1,0.5984820905711016,0,1.104045831779559,0,0
1275,0.22053653145084112,0,1.4202935234255545,0,1.4063050029246023,1,3,0,0.37449062639658215,1,0.9115217004513858,1,0
1806,0.7028737173840256,1,1.5333371279810504,1,0.11850419503536558,1,1,0,0.47548101294603845,0,0.8892666600765576,0,0
792,-0.005968469123475817,0,1.6668172410537072,0,0.45601606958577284,3,5,0,0.5097937896510697,0,1.0647395210743222,0,0
2157,0.5949906653169387,1,1.4775276519270846,1,0.7695225115691606,1,4,1,0.4484274126613702,1,1.1467057412640473,1,1
225,-0.1843565710255961,1,1.5497899343861432,0,0.4399436169504016,2,2,1,0.4810673393309808,0,0.9596655410080956,0,0
423,0.5779029594707661,0,1.4577917520205737,1,0.10937589246430646,2,5,1,0.5587377879089067,0,0.7935194621503059,0,0
1250,1.0195127826649275,0,1.5771604211841042,0,0.5400362823290472,2,5,1,0.36695554331991004,1,1.0166370493077792,0,1
889,-0.07567578077722847,0,1.5227246995000399,1,1.0106165806168876,3,1,0,0.6361317493506706,0,1.1970446222367987,1,1
2376,0.01609390776344466,0,1.6769601062372521,0,0.8029930709807619,4,3,0,0.545041150948536,0,0.9886580940770509,1,0
808,0.4515952248448608,1,1.5807158847079092,1,0.28125256064985094,2,6,0,0.411243413245326,0,0.9836796497759683,0,0
2101,0.4753273856729576,0,1.4190143707001022,1,0.921572072623295,3,1,0,0.3543767146392278,1,1.055382590424277,0,1
2374,-0.030816605938372543,1,1.6553838848121287,0,-0.5154947911872654,1,5,1,0.38067780174406446,1,1.0460431567572648,0,1
743,0.1673499858573465,0,1.4422416715265818,1,1.3012811829311617,1,2,1,0.632861741656548,0,0.9394006970346207,1,0
139,0.6802742631173353,0,1.4250524263611615,1,0.8606126751252512,3,1,0,0.44499213821496053,0,0.8421269874593803,1,1
2128,0.09708009673004381,0,1.6152597869525178,0,-0.09241788429980613,2,6,1,0.4287018549705772,1,1.2263001350393874,1,0
1438,0.42728343179901795,0,1.636308973877709,1,1.3484149842894118,3,5,1,0.4452779260903602,0,0.8250645426502383,0,1
2263,-0.01261942257770965,0,1.5440355911966988,0,0.6427628868819332,4,2,0,0.4840284146829074,1,1.1714280779160156,1,0
1586,0.761087674256391,0,1.5637568952185004,1,0.4135683886443646,4,3,0,0.45812444365804356,1,0.8520204479996786,0,0
514,0.5717523421894812,0,1.5052142789373404,0,1.0037813336863044,2,3,1,0.34657377261327316,0,1.2447166733287154,0,1
1113,0.6440195579095698,0,1.5001381838887191,0,0.5917815464586595,1,1,0,0.40762384758111464,0,1.086967443427449,1,0
2216,0.935832457125333,1,1.5321926220143047,1,-0.44284361658625604,3,1,0,0.45081767420858665,1,1.0522583717433476,1,1
376,1.0148323016914906,1,1.4712743583934034,1,0.29673835309036756,1,6,0,0.49617414130054627,0,1.229546324993868,0,1
2137,0.28964581015735746,0,1.6447490690388553,1,0.9861282173957077,4,1,1,0.3360805678616896,0,1.054823368737863,1,0
182,1.4305002444630126,0,1.5081870598238714,1,1.0328867742661691,1,6,1,0.4638435751092225,0,1.0944513601695267,1,1
773,0.6359842088373009,0,1.4189080082621917,1,0.8134647431949913,3,4,0,0.5034970237402513,0,0.7114885940935431,0,0
466,0.9659566974810441,0,1.7303955141303027,1,0.30037769184499924,2,5,1,0.42283016033485143,0,0.9883486999605698,1,0
1805,0.9133855661210548,1,1.6156081927052084,1,0.9949270515111454,1,6,1,0.553593788547042,1,0.9801995963808707,0,0
1106,0.582297248523323,1,1.6444091150989093,0,0.43595885149142694,2,5,0,0.5495362553030262,1,0.7321836432926992,0,1
2244,0.37938372110546903,1,1.489677295643503,1,0.2151911452886925,3,2,0,0.3715419201027882,1,0.9338978104889617,0,1
1813,0.5175325296718082,1,1.4796653000838909,1,1.1964744970405112,2,1,0,0.5313263394591459,1,1.3010036251226875,1,0
2050,0.37652765051953485,1,1.50033239606822,0,1.5355268106510966,4,1,1,0.4748665393120908,1,1.0652156939063049,0,1
217,0.3944562809570874,0,1.4434630510641167,1,1.431008198920087,4,5,1,0.3693812611048585,0,0.7784668185411472,0,1
1382,0.7885548316719727,0,1.4896073151961993,1,0.614599195651717,2,3,1,0.3679925030378327,1,0.9477626018211466,0,0
1337,0.5125940715781138,1,1.6139012608261654,1,0.9781268805517365,2,1,0,0.5211313830385808,0,0.7475870945160983,0,0
52,0.4843730372757657,1,1.3734260090361317,0,0.6365752916994487,3,5,0,0.5958478407606517,1,0.9592420978088607,1,1
1278,0.23841611299343407,1,1.4102965491626287,0,0.7851487397621548,2,1,0,0.4699240365254919,1,0.8691359330258182,1,0
81,1.0112203653526697,1,1.302140044329882,0,0.1811617869240179,4,5,0,0.41878492932090333,1,0.9081665191248632,1,0
759,-0.28910825181831257,0,1.4550179623660986,0,0.9699901373372561,1,2,1,0.5972980984848931,0,0.7433205552194315,1,0
490,0.43900634001782496,0,1.516379856164844,1,-0.22832592275179675,1,2,1,0.539185632680849,0,1.093067330798311,0,1
2304,0.8276071733622848,1,1.5090260781781826,0,0.8886955561469514,1,3,1,0.34569956156076265,0,1.044790754327715,1,1
1371,0.7279370602047717,0,1.5200791836535315,0,-0.22301550306791418,2,1,1,0.5740009234567715,0,1.1771292283900803,1,1
698,0.6259050012353009,1,1.5694357514010435,1,-0.5396826471045151,2,2,0,0.5342877064671898,1,0.5516410490399005,0,0
1398,0.7284685726262873,1,1.4748084778813115,1,0.30582104446790537,2,6,0,0.3813900061917437,1,0.7322899755521388,1,1
112,1.0145014292694152,1,1.6214295238664092,1,-0.14228639663926979,4,3,0,0.5216475780498858,1,1.0899321494238128,1,1
1075,0.6090205440007227,0,1.389956248710692,1,1.3536604620942003,1,3,1,0.573380539397755,0,0.8597007981657957,0,1
412,0.653927629492844,1,1.5795550469228097,0,0.497004804209388,4,4,0,0.5470366325746816,0,1.0134824300702032,1,1
676,1.022022185746395,0,1.452609269304416,0,1.07563593172807,1,6,1,0.4875467161404521,0,0.8716150394659142,1,1
440,0.7879423941203687,0,1.5603590288928562,0,1.3646394718211092,2,2,0,0.37968094262185936,0,0.6204030750663523,0,0
2262,0.8170899459533721,0,1.4980445349518094,0,0.278529569174522,2,2,1,0.41750984324909335,1,0.7667779293392115,0,1
925,0.5912816409251284,1,1.3741081022096178,1,0.5585625648955032,2,3,1,0.5235055784878494,1,0.840145099478188,0,1
695,0.9581662362038892,0,1.3929155767001171,1,1.1560570354203699,2,2,0,0.5180013978513412,0,0.733628973787363,0,0
1134,0.8324372094740995,0,1.5481130648381742,0,1.3043178208569084,1,3,0,0.4902061123601997,1,1.058306256274989,0,0
502,1.1813544863696168,0,1.4653622585126664,1,0.9539522724603973,1,5,0,0.5555658102085081,0,0.6908607674450304,0,0
616,0.34423741284431764,0,1.5014714698813767,1,0.5378042531764511,2,3,0,0.49211383875761644,0,0.9988027506160528,1,0
1680,0.1620783324530593,0,1.4443095829881711,1,0.4550992899150791,1,3,0,0.5262975906785613,0,0.7321734644861136,0,1
582,0.9148124070933191,1,1.461271830799093,1,0.3066809035107345,3,3,0,0.4949401381928191,0,0.9606214851078433,1,0
454,0.20381322539841829,1,1.4994245302074074,1,0.173976620135064,1,6,0,0.4666646511608804,0,1.1383064235242086,0,0
208,-0.33725647082290644,0,1.5092504633408057,0,-0.258988500170369,3,2,1,0.5968056074701434,0,0.8105889457691436,1,1
1301,0.5136936495906134,1,1.556334387950881,1,0.801232382588013,4,6,1,0.6731074313698271,1,0.8229874866696049,1,0
1381,0.49406457336330306,1,1.5121792490130759,1,0.7947682651558885,2,1,1,0.43414582249751577,1,1.047814072035902,0,0
1971,1.1555418734578708,1,1.4598993504329627,0,0.6006429386898188,3,4,0,0.674900426826626,0,0.7723661263417658,1,1
977,0.7237805807037528,0,1.4150302851916787,0,-0.27946095928594383,2,6,0,0.48597415070441896,1,1.0505275591816703,1,0
669,0.9125956775698034,0,1.585881860752958,0,-0.09650342650030452,1,2,0,0.6163426218292501,0,0.9836263195583888,1,0
2239,0.5040661417158239,1,1.6082350428033303,0,-0.01402955421986296,3,3,0,0.38977013437723157,0,0.8707670658937815,1,0
2198,-0.6256514054988498,0,1.3734373740016514,1,-0.28464516804609785,4,5,1,0.4121579543377854,1,0.8705570995426559,1,1
358,0.4498988592466212,1,1.3880094027774708,1,0.6413789761320099,4,4,1,0.35667822726953213,0,1.042476988999291,1,0
973,1.0010768015392748,1,1.3794541246243992,1,1.3519922133020348,4,5,0,0.3807645491732892,0,0.8894563681248122,0,0
1041,0.6301034151635891,0,1.5836789524596362,0,1.1446133149976094,2,4,1,0.5380455294700295,1,0.6974973753407185,0,1
69,1.2769005382840666,0,1.535446908881603,0,0.10374163258721508,1,3,1,0.4043082176630355,1,0.8584259543228054,1,1
213,0.5142251038239185,1,1.2762719873878023,1,-0.1606680313571781,1,4,0,0.5546910659591598,1,1.1640127637082889,0,0
132,0.026402762969518656,1,1.5253559066325608,0,-0.04512308438626034,3,3,1,0.36880037791536713,0,1.1204773974108178,1,1
41,1.3648641667211343,0,1.577984870248606,0,0.44398885319626036,3,4,1,0.5872733123239128,1,1.0492057521065983,1,1
982,0.37107136479144165,0,1.434622345817383,0,0.11937203942180591,4,5,0,0.3752752217162639,1,0.9257665782909266,1,1
901,0.2637156276358695,0,1.5376378944460898,0,0.5817320882052903,3,6,0,0.454936703656618,1,1.2121728506075227,1,1
573,1.2716466460540503,0,1.4908826760075375,1,0.35433698523765883,2,2,0,0.4614061565745594,1,0.9455718054702572,0,0
2306,0.4358026557574667,1,1.6437657613830434,0,0.04395891694295656,4,1,1,0.5464992608122332,0,0.5387507787282511,0,1
1297,0.7135684351238715,1,1.4499147486077493,0,2.1445614022287667,4,3,1,0.4700271904927618,0,1.329087468039905,0,1
638,0.3129846634671139,1,1.5990281032034992,1,-0.6240412212177471,1,4,1,0.4499651383291617,0,0.9407745437941338,0,0
2224,0.1938649274214621,0,1.6165169946365952,0,0.09226252161200621,4,6,0,0.4075084600556228,0,0.8712860202485457,0,1
1947,1.3105782081748996,0,1.5158873223883411,0,0.2619214476328308,3,6,1,0.29993865647838347,1,0.8781812383602855,1,1
1916,0.36173726721454347,1,1.444199864715381,0,-0.5705622402849877,2,3,0,0.39249707479385154,1,1.1833658070973587,0,1
588,0.3589679515344294,0,1.376076577065093,0,-0.19361514219105502,1,5,0,0.4093988125413505,0,0.7702758064502425,0,1
807,-0.11987690933411488,0,1.4918108699889134,1,0.1944705183959357,4,5,0,0.4525487194829182,1,1.3643615449346274,0,0
2147,0.5729778419933284,0,1.436862682213781,0,0.22075737775962312,2,3,1,0.39218108311113564,0,0.8912362563403996,1,0
1175,1.0646964256688498,0,1.461477899294384,0,1.8002981242988203,3,4,1,0.4096420569004079,1,0.8137372451967753,0,0
2301,1.099783990025855,1,1.5957723210724946,0,0.7594600866236723,1,6,1,0.5165998428313149,0,1.0249614586244749,1,1
1668,1.0400244438722612,1,1.3310168306380343,0,-0.0006570790368273238,2,5,0,0.45264140837931877,1,0.8045502389421891,0,0
119,1.0411745994035215,1,1.4843733434143151,0,0.34700891108980136,1,6,0,0.570776730376781,1,0.7404050042261511,0,1
1001,-0.08816182303981368,1,1.563979513795183,1,-0.5958427390157588,3,4,1,0.39975701766152794,1,1.0721567432204508,0,1
1700,0.024873150902651908,0,1.4396749260408053,1,0.5971805939336381,4,3,0,0.3503408519819336,1,1.087369551222958,1,0
1382,1.4144209773339458,1,1.3835244539440827,1,0.34107754047445404,3,3,0,0.4835515813966631,0,0.7942326026420989,0,1
613,1.0620191840530118,0,1.2005092975409748,0,-0.3862822428451155,3,4,0,0.634800036001639,1,0.9620842098074677,0,1
482,-0.37848411938476323,0,1.4024328699580328,0,-0.05670351689606645,3,5,1,0.2703728886797766,1,0.8129749339627665,1,0
1587,0.5149551485787824,1,1.4173343135942411,1,-0.4043107565124774,2,2,1,0.5057102360642041,0,1.1805703525713869,1,1
415,0.5912197815532316,0,1.701004617583127,0,0.6159127401071578,3,6,0,0.5539515894425642,1,0.8240938000237278,0,0
1533,0.6109487649161917,0,1.4325049853456762,0,0.3165934652028747,1,4,0,0.5191225945070962,0,0.8793391184847827,0,0
2036,0.5033900193612151,0,1.324046491792551,0,-0.20512456061161743,3,6,1,0.40214021483574663,1,1.0676812218611864,0,0
2317,0.31254616899468857,1,1.521388459465154,1,0.8192541167727403,2,4,1,0.5650236512615635,1,0.5525137625704555,1,1
334,0.3285674276363312,0,1.5910097467315238,0,1.1646052906445776,1,2,0,0.5394786439815035,0,0.9754777270596559,0,1
1500,0.49715419667600597,1,1.5809318019101395,1,0.6488266169014636,3,1,1,0.3560192107504301,0,1.0995105947290793,1,1
594,0.014868082770271296,1,1.4909629763692578,1,-0.31162901770543006,3,3,1,0.36184232001149613,1,1.0329922999561592,0,1
1836,0.16059959850105543,1,1.5966035708136292,1,0.7149307367252045,2,6,1,0.48068023970980533,0,1.0006938404758108,0,0
830,0.28219961510415403,0,1.6069341929805798,0,0.23594355606775214,1,6,0,0.36939133465620394,0,0.9024999724341638,0,0
590,0.6942204521803116,0,1.621847987290454,0,0.851014383348613,1,4,0,0.4956812063858176,1,0.7362432352854167,1,1
1014,0.5740827552975372,0,1.3595787269677653,0,0.5455544854547659,3,6,0,0.46560989715567774,1,1.1030208620451214,0,0
39,0.6364160511065172,1,1.6269494063389278,0,0.2598717365751965,1,2,0,0.46652870060601737,1,1.190664746419803,1,1
1158,1.0256369135219572,1,1.469803973187577,1,-0.042989426338847725,3,4,1,0.4017909484396006,0,0.8917326169415807,1,1
2332,-0.09592213342989597,0,1.3434872578231707,0,1.405438390442089,1,5,0,0.5329128427340117,1,1.1597563883494262,0,1
2049,0.5121024138726089,0,1.5410317560790439,1,0.42822253915187686,1,2,1,0.5230173875894722,0,0.968775942156361,0,0
1611,0.2455310192814032,1,1.4940762651910078,1,0.12516696500730562,3,2,0,0.41405496729206964,0,1.511876307095291,0,0
1004,0.12469994832439851,0,1.5039173464214044,0,0.025192296492742794,4,5,1,0.546052311059774,1,0.8282117374552745,0,0
1337,0.3383631656581383,0,1.5186856139697977,1,0.3388458198039471,4,1,1,0.48976778492287104,0,1.1464766762173806,1,1
824,0.31559068275414354,1,1.5265512685943998,0,-0.36326698589049045,4,3,0,0.4376482958752066,1,1.1982670951949805,1,1
340,1.0472363782129843,1,1.598584186276395,0,0.4326078746149334,3,5,1,0.5562902156082088,1,1.0153872913420963,0,0
1894,0.9032794143799265,0,1.4696593955886135,1,1.2241207089308723,2,3,0,0.44455864945440493,1,0.9050515519794762,1,1
1323,0.6179564748067038,0,1.593870827320948,0,0.8111025387135401,3,6,0,0.5808637524086389,1,0.65852713245996,0,0
2255,0.06684825428840369,0,1.4595019603064292,1,1.6243805284880635,4,6,0,0.36096006723690044,1,1.1672646551298236,0,0
1327,0.2326549959011167,0,1.247033091724977,1,0.39104831814647056,2,3,1,0.47615827470869054,0,0.8487330489538417,0,1
1708,0.4462579855652624,0,1.450075651765077,1,0.28897999454744083,3,1,1,0.44781620498791375,1,0.9114688283645663,1,0
1892,0.3471717963075391,0,1.6129177375353203,0,0.6473708051293667,3,4,1,0.4280499051976158,0,0.8677793352301156,1,1
872,-0.38147732314171534,0,1.41639124398032,0,0.08831026529729685,3,1,1,0.4161205126538295,1,0.7842929820551514,1,0
961,0.21871437612206007,0,1.3487117407423659,1,0.34517411655200525,4,4,0,0.4954706801650025,0,1.0788203769732339,1,1
144,0.8375032248492147,0,1.62548288762723,0,0.48799701119559447,1,4,0,0.5865559167089476,1,1.0346264231823767,0,1
2344,0.1431800787010865,1,1.3836551674801278,0,0.6281421876826981,1,4,1,0.46251023095099225,1,0.700427568436916,1,1
1686,0.05070633897453203,0,1.3214246512197556,0,0.5991827700143089,4,6,0,0.552799120445107,1,1.4760714244980724,1,1
215,0.584436782197865,0,1.2664279081710557,0,-0.5825253951387821,3,1,0,0.4353276401918177,0,0.9996929516300896,0,1
946,0.30588980783343034,0,1.5457532118471689,0,0.9225966553194875,1,6,1,0.42555147961482565,0,1.0056240966048966,0,1
2344,0.6660225502005026,1,1.4308115073280994,0,0.6749607493791026,1,5,1,0.4452505489382742,0,0.7309971982586213,0,1
140,0.2654350660537663,0,1.5213548307448383,0,0.5072568577923331,1,4,0,0.5547706833542088,0,1.2604045029792204,1,0
709,0.7918993108476187,0,1.438083088179627,0,0.17317458211953934,1,3,0,0.5001567316985793,1,0.6958053685010106,1,1
1371,0.5192729189801437,0,1.3490004284611337,1,0.5504753619315482,1,4,1,0.5789864184768521,1,0.9766613343339485,1,0
593,-0.1911484610621519,0,1.659435916627853,1,-0.28821192049247657,4,2,0,0.4524707242577226,1,0.963460643838755,1,0
1571,0.7682289342049091,1,1.4825668098061124,1,1.0183437093798278,3,2,0,0.37650995317015584,0,0.8706949656337163,1,0
117,-0.35830755972716943,1,1.3967397943999504,1,0.1423854268857565,3,5,1,0.6338078037448235,1,1.2120028943421666,1,1
916,0.8963044271037217,0,1.517622649313986,1,0.8982910350750738,3,5,0,0.41661727969315265,0,0.8099208868186052,1,1
1585,0.9330219970632008,0,1.5840245711403829,0,0.5282429132639181,1,3,1,0.7384313975919647,1,0.9789370735007574,1,1
321,1.1792615408960707,1,1.6273469669603555,0,1.0903211564042672,1,6,0,0.510769854925331,0,0.8664102513366069,0,1
699,0.32667174850162795,1,1.6099158606753072,0,0.5374685010027174,4,2,1,0.4969721075684218,0,1.0695528067278197,0,0
1023,0.13320757220492202,0,1.4923402031233355,0,1.2269826544370517,4,1,0,0.44219081798642046,0,0.9014732389600699,0,0
564,-0.20957227044722926,0,1.5052705629950907,0,0.43029698108851244,3,4,1,0.3540679512113816,0,1.0842919872423609,0,0
1213,0.5958149102300891,0,1.532735625699194,0,0.3429515227545836,2,4,1,0.49074820726623697,0,0.7173985957035249,1,0
2320,0.9492117760922867,1,1.5059721682314888,0,0.5166326087872286,4,3,0,0.35765565426859147,0,1.173504941157456,0,0
1948,0.9237103515050993,1,1.4317470506473164,1,0.630455488459314,2,6,0,0.30940953253055337,0,0.7902033956715644,1,1
304,0.4380319986458269,1,1.5340189045424903,0,1.2141224094239578,3,5,1,0.593598693909037,1,1.0729942442021854,1,0
316,0.04792845545625274,1,1.5154318178834747,0,-0.5123038184972806,3,2,1,0.4872286248662771,0,0.5780899014049666,0,1
2021,0.2961758210511402,0,1.44739927080329,0,-0.13923165370599366,2,6,1,0.4963597392881142,0,1.1359391218928552,1,1
1475,0.13369868702349508,1,1.4724637653305517,1,0.5463239513795527,1,4,0,0.5741179805297147,0,0.9037769863473413,0,1
2224,0.8317661925634703,0,1.5576015369112939,1,0.5512379813801426,3,6,1,0.5420979871318223,0,0.9541460664568301,1,0
913,1.044845530650522,1,1.4082219763590125,1,0.41298773639926817,3,5,0,0.47451294826513196,0,1.151300323399644,1,0
483,0.46027384048569203,0,1.438805055121038,1,1.089924816191922,1,5,0,0.5747569052197813,0,0.9363431001484447,1,0
870,0.6513225584292587,1,1.5289039419607604,1,0.1972132869664745,2,6,1,0.5439273500921852,1,0.8807173149335193,1,1
1906,0.5773145279630335,1,1.534487214511527,0,0.7931288238226752,1,2,1,0.43586015021845226,0,1.1963994036147916,0,1
211,0.2793273843864831,1,1.3674039503908089,1,0.852014351882632,3,5,1,0.47821706637653333,0,1.1445704563676433,1,0
60,0.2599703473154287,0,1.417132540309504,1,1.0027344716103017,1,6,0,0.44808085462459163,0,0.9159327845762554,0,1
1848,0.44034939138307155,0,1.3901830576923249,1,0.08880177807614292,2,5,0,0.4129655968230068,1,0.8306353302665976,0,1
1670,0.7953081145317672,1,1.5448954020623087,1,-0.23379045257392317,1,2,0,0.4783744519853826,1,0.7639701390746773,0,0
1602,0.9473294264522905,1,1.519781462253354,0,0.26389065076432205,2,3,0,0.46666445911056914,1,0.7643734476580177,0,1
210,0.3678477824833663,0,1.6977402582528207,1,0.33388245346863943,3,3,0,0.49869070397981957,1,1.343817395801209,1,1
2151,-0.029780518276975143,1,1.5674948254746928,1,0.07182014610724763,4,3,1,0.5188995436726705,1,0.9887349383554608,1,0
326,0.12323034548300948,0,1.377753823422933,1,0.7679336726324948,4,3,0,0.41142360587250026,1,0.8425876090580694,0,1
2243,-0.24545824707211483,1,1.5901972673448417,0,0.9095664334207669,3,3,1,0.35972955009419094,0,1.1492174364933814,0,0
2030,0.007908548919507319,1,1.5021664333730969,1,0.4564354192438873,4,1,1,0.5990463701839157,1,0.9870419436511606,0,1
1058,1.31203665092781,1,1.5837084118591067,1,0.5048593369650688,3,5,0,0.42934822429966407,0,0.8250920135658607,0,1
720,0.0009340098300935074,0,1.3201109231777661,0,0.6219225421803285,3,2,1,0.5164720345705374,0,0.9158527751034955,1,0
1578,0.7757094830101718,0,1.4824466005052173,1,0.7581228436887241,3,2,0,0.4265847658364319,0,0.9536512523777023,0,0
2263,0.9762178463501203,0,1.5097369769169133,0,0.28453439975344536,3,2,1,0.45168250500528506,1,1.3174898972648736,0,0
161,1.1658704496276213,0,1.5001937707683106,1,0.11196412589905558,1,3,0,0.5680830889388934,1,0.9703467952253467,0,0
1602,0.2831022366386441,1,1.455791118816749,0,0.3834509333068945,4,3,1,0.5072977249879322,0,1.0374606439214347,1,1
1235,0.416771163234351,1,1.5042336617185688,1,0.1419204558339845,1,4,1,0.43596670800668097,0,0.919305111839543,0,1
1418,0.26017495711369826,1,1.5981797365215455,0,0.7681760999934165,2,4,0,0.547723871973525,0,0.9819838528403211,0,1
109,0.6064545723351615,0,1.6508878956921849,1,0.7088694242028596,3,4,0,0.5884328678642226,1,0.9019648120508644,1,1
1872,0.5873356352967346,1,1.6339111200449936,1,0.5130299851042327,2,3,1,0.38729001914476324,1,1.0804190964339166,0,0
1632,0.8330772016305448,1,1.4622845605455213,1,0.6609554484249721,1,6,1,0.5396533726623716,1,1.0901668249591143,0,0
935,0.3049983539367957,1,1.5138757763779322,1,1.1020091450256797,4,5,0,0.42520191446985545,0,0.9475263154528005,1,1
986,0.5127281970929096,1,1.6751609962651666,0,0.2542247079931673,3,3,1,0.5002265729334117,0,1.1236572181457156,1,0
2128,0.7604916016990144,0,1.4451462819560523,1,1.0821190706579147,4,5,0,0.4952903686920252,1,1.0004315064055023,1,1
1136,0.49210341570926264,0,1.5987596783870115,0,0.1440719125983128,2,6,0,0.5078184886011488,1,1.212664407221677,1,0
712,1.086618572967467,0,1.4530944069831335,1,1.1440613064216656,3,1,0,0.5564813027466742,1,0.8325901156220877,1,1
906,0.2592907837290205,1,1.543596708957693,1,1.402511245760746,3,2,1,0.5008791185927001,1,0.8238128789940953,1,1
2122,0.6384652793241745,0,1.4883806204678034,0,1.3012833146618785,2,4,1,0.36599220749161754,0,0.9106291350910156,1,1
344,0.7290578155362604,0,1.6363446487265816,0,0.7822650294532117,3,6,1,0.48401574545797804,1,1.0034250086812375,1,1
750,1.2489631732486413,1,1.431976039579167,1,0.2885388049305376,3,2,1,0.3546219403382281,0,1.0908658316376256,1,0
2318,-0.09696614232703837,1,1.5318164552828182,1,-0.15463173642999228,2,6,0,0.34971470878563016,0,0.6027657176386647,0,0
645,1.1958702965110404,1,1.5846399939569809,0,0.3796732344179864,4,5,1,0.5004625513507593,0,0.9109761708356956,0,1
1769,0.231390554533912,1,1.5628275056817902,1,0.671895340518611,2,2,1,0.393030329165961,1,0.731930702651681,1,1
1432,0.3532219751917478,1,1.3525337183257233,1,0.775295853741071,1,5,0,0.4519166369840958,0,0.9028265986467119,1,0
1875,0.41366544934061134,0,1.587823386270452,1,0.276519213822628,3,1,0,0.41255709694149634,1,0.7594484620785313,0,0
700,0.2005258519874088,1,1.4660065734440424,1,0.7100758374369796,2,6,0,0.4768965654682905,1,0.9036169418043781,0,0
1634,0.8328617690959739,1,1.462206795218471,0,0.5435445501607982,1,1,1,0.5743882614216416,0,0.995240739480879,1,0
848,-0.10021989900095751,0,1.5672830486557272,0,-0.27084689799481954,1,3,0,0.552101863205587,0,1.336167052138439,0,0
1877,0.6552013891445507,0,1.5296682629497294,0,-0.09131486327678695,1,2,1,0.5454543960938601,0,1.2623354631633155,1,1
1841,0.026439481733536663,0,1.5056515987659589,1,1.1524864465847773,3,5,0,0.5829715190969336,1,0.82420131301003,1,1
16,1.4393233048471372,0,1.5542974589076817,1,1.0735605676858424,2,3,1,0.44383099922689256,1,0.8938492729317985,1,1
1946,0.7096462273184168,1,1.4095260847598918,1,0.3685835599717193,1,6,0,0.4589736279645056,1,1.4907003414104696,0,0
201,0.4878275072144291,1,1.316151870239797,0,0.33752105481814654,4,5,0,0.5775539941992875,0,0.8656680198697023,1,0
1827,-0.12632782957710087,0,1.5199873367541332,1,1.4412144000024247,2,2,0,0.4585379061419829,0,0.9613477024350353,0,1
1641,0.4216951457524651,1,1.2904149568248757,0,0.973765758626899,1,1,0,0.4720249076071898,0,1.104033978655279,1,1
1738,0.5773268145258956,1,1.4295639347786036,0,-0.13125505842999974,3,3,0,0.3944588723476121,0,1.093408094071365,0,1
2144,0.23253830388148616,1,1.240475822233266,0,0.1017362187653636,2,6,0,0.40243973887063805,1,0.8279626993614064,0,1
2276,0.7043334520380381,0,1.558620220573531,1,1.179672545609995,3,6,1,0.4439118683201086,0,0.735001092328081,1,1
594,0.2515427514391282,1,1.5499053003959886,0,0.455995566548604,2,1,0,0.4838593247620068,1,0.9089532092177104,0,0
1059,0.9328472107236796,0,1.4371361706813668,1,0.8471974067636213,4,2,1,0.5400511271464465,1,1.1228372975176792,0,0
1167,0.5865291634980568,0,1.4064335530775633,1,0.6303103456784668,2,4,1,0.45597820034019765,0,0.9838041303636995,0,0
2011,0.41115695338057695,0,1.5527399371969028,0,0.1328304784119368,2,3,1,0.4436211908225079,1,0.6766875083608908,0,1
2280,0.9384563544288618,1,1.4914864921376068,0,0.5989429233096708,3,6,0,0.5070955141671508,1,0.9362832508019008,0,1
1255,0.40495936623644113,0,1.4756675793493184,1,0.6973931665058799,4,6,0,0.5219086157324061,0,0.8407567357287925,0,0
775,-0.2435263176215554,0,1.589417758896757,1,0.48130128284697277,2,4,1,0.46319950700889595,0,1.1728808462449012,0,0
857,0.30899881169602583,1,1.857968710536057,0,-0.06422170061375798,1,2,1,0.49531019819087524,0,1.1601798128597698,1,1
1979,1.4441619922726447,0,1.5395159524862554,1,-0.233890050640288,1,5,1,0.49510895182194115,0,1.1423882045882858,0,1
1558,1.216375622246356,1,1.4464801421096831,1,0.9187135492979228,4,5,1,0.4865692677689712,1,0.813796931362188,0,1
2101,0.6372803490862985,0,1.5956061121999756,1,0.8900967733677017,2,4,1,0.45949862331864116,0,0.9674348793296232,0,1
1504,0.6006429198340252,1,1.55842462287826,0,0.555270515251246,3,1,0,0.5866219974355953,0,1.134312995680002,0,0
714,0.8781428548596764,1,1.5966836218311542,1,0.5642277564001887,1,5,1,0.4545498715388824,1,1.1815150875372986,1,0
847,0.4131899231705144,1,1.6569653325203055,0,0.41720206926391706,4,4,1,0.38608450511047915,1,0.7936816787304959,1,1
1609,0.6659719566125785,0,1.3644411929568223,0,0.5835873550548709,4,1,0,0.49869106416419035,0,1.027300871362563,0,1
1701,0.619599256056598,0,1.5262244749750078,1,0.6681570978917623,3,1,1,0.5448834642190195,0,0.9855663144298041,0,1
1314,0.09912350236292744,0,1.5084084713556702,1,0.49642427452125915,2,3,0,0.4008038349616113,1,1.3635293105668738,1,0
1264,0.47257236456754165,0,1.4351719103651455,0,-0.00819268648712923,1,2,0,0.4957529609568853,0,0.7240825030038917,0,1
730,0.7219879301296264,1,1.5960592388607056,1,0.2089109117730904,3,3,0,0.38282280895567294,0,0.763596769572941,1,0
967,0.0644424183773104,1,1.3845462354398703,0,0.5882159559298409,2,4,0,0.5179284295738222,1,1.395221484212028,0,0
1273,0.12601345897776067,0,1.424824119516348,0,0.31376263388878156,3,6,0,0.5051177195492961,0,0.8205674113507394,0,1
2154,0.7548328156360626,0,1.5531468690204462,0,0.799628401121627,3,4,0,0.548242730719424,0,0.7128102018219818,0,1
3,0.43445061336937074,1,1.4026924117452373,0,0.3105303367670125,2,3,1,0.5892240154541485,0,0.7320777589182722,1,1
722,1.4263049277130881,0,1.5381188943932702,1,0.6903455460609785,3,5,0,0.33663422008227817,0,1.0058819661314742,1,1
194,0.3258049206613419,0,1.4943457237851694,1,0.733212965099534,3,2,0,0.517495034828713,0,1.1468076747928655,0,0
551,0.683976876353295,1,1.5811507920454557,0,0.08548684005467455,3,5,1,0.514441657289735,0,0.8799595319635233,1,0
853,-0.2553781662220558,1,1.4994615648045586,0,0.668381904757346,2,4,0,0.4961149371780086,1,0.8948748473136046,1,1
764,0.4921326871658564,1,1.5208506811261067,1,0.639651086593897,2,3,0,0.4312554359735883,0,1.0025732551227253,1,1
222,0.4745390075297231,1,1.4389396027870411,1,1.2767903734753232,4,1,1,0.5080173444914664,0,0.5946643660640611,0,1
2318,0.3981243734645161,1,1.4164526972515412,1,-0.09759758843005772,2,2,0,0.44714826762477144,0,0.7963267599435684,1,0
1283,0.5980135021823897,0,1.618517146297144,1,0.23790811690568103,4,5,1,0.4993362948131562,1,1.0659319868657706,1,1
663,0.27719888389919656,1,1.4331958462578727,0,-0.26943334140822894,1,4,1,0.3833608611422903,1,0.8578943804880527,0,0
2055,1.1255777027502112,0,1.4994965281009196,0,0.7239856393323777,1,3,1,0.38563917360404126,1,1.120306877635983,0,1
307,0.8839589207384393,0,1.5855142345684548,0,0.44948178670020167,2,4,1,0.5225177660322458,1,1.1043635647639034,0,0
1337,1.1003206632006508,1,1.553930994886554,1,-0.22176665840380516,3,4,1,0.46518546374766556,0,0.6901789352923049,1,1
2060,0.2586387104333835,1,1.5358599063958798,1,0.09418280234821635,1,2,0,0.4232202465266394,0,0.38740559692779497,1,0
2274,0.25846576204485383,0,1.6366097416434173,1,-0.9403764096241121,2,2,1,0.41261164729421823,0,1.0327628256260166,0,0
173,0.11386545401313897,0,1.4755830674577455,1,0.31418980525350276,1,1,1,0.5297140531704849,0,1.2393565719185866,0,1
981,0.8609061363007668,0,1.4864805651032604,0,-0.15185832686800216,4,1,0,0.612592318214659,0,1.1185441698235423,1,0
1787,0.6937868939995377,0,1.405031262614411,1,0.5436054716637209,2,5,0,0.46263238607852986,0,0.9907930417943595,0,1
2213,0.47789608765628006,0,1.5037322152206678,1,0.7249260376564346,4,5,1,0.5332768650141747,0,1.063591228323952,1,1
788,0.5961946342754851,0,1.6125072700366907,0,0.5362028486803557,4,4,0,0.5205582281899694,1,0.6370440025470681,0,1
408,0.0497662639853777,0,1.6088571368480094,0,0.6517706085181614,4,6,0,0.3369653895685464,1,0.9387248985040755,0,0
2109,1.1319316452767727,1,1.6069326630039609,1,-0.05391679694555185,4,1,0,0.3974017664872559,0,0.8344763931705254,1,0
490,0.6514805603087543,0,1.4943110758829343,1,0.3274209336242289,2,4,1,0.6121174607032676,0,1.01912537126447,0,1
2268,0.31862439561536615,1,1.5205994081330558,0,-0.39377580634159803,2,2,1,0.5059847223623949,0,1.106426592940432,1,0
258,1.0304442573037291,0,1.4411862787393759,1,-0.09873851717819926,2,1,0,0.4691488655987124,0,0.6551528014893628,1,0
1822,0.5553694157163421,0,1.3557838706047083,0,0.1841200889876352,3,1,0,0.4008203535789666,1,1.1239189391179112,1,0
1947,0.5553701287649343,0,1.445063602729571,1,0.6212004284999366,1,5,1,0.48046222300334596,1,0.8564964532764998,0,1
837,0.3003266645105961,1,1.5777376740429307,1,0.4108787743534779,4,3,0,0.4814484812654262,1,0.9779582315874344,1,1
2305,0.44542515242046016,0,1.5667392847660602,1,-0.051462248039774394,2,3,0,0.4586554855727752,0,0.9777236148947186,1,1
960,1.021300365199374,0,1.489632601416459,1,0.26790560146798365,1,5,1,0.325925079503355,1,0.8726228341920946,0,0
210,0.9284749570684778,0,1.5895966023521328,0,0.07247568184070335,3,6,1,0.48980849109316754,0,1.3485460101494842,0,0
290,0.7139309359536217,1,1.3963650071696971,1,1.272449467919507,1,6,1,0.5367605472661952,1,0.6523326905098569,1,1
2376,-0.11449966618763396,0,1.3514065216738484,1,0.6197687533538627,4,6,0,0.3860436404330791,1,1.0419657899768706,1,1
1991,0.904001801838828,1,1.395678861423186,0,0.6671000223262142,4,2,0,0.4551026219670294,0,0.7227620925935718,1,1
247,0.33119046517210454,0,1.44207402536132,0,0.5801398169382482,1,1,0,0.352835383981975,0,0.8980232661434252,0,0
430,0.4538540760584022,0,1.5376070279525766,1,-0.3127073773727692,1,5,1,0.45558917641091623,1,1.1415122853207729,0,1
1410,0.14130418749236945,1,1.3553424278657928,1,0.5261066219303221,2,3,0,0.4837267811630589,1,0.7602381379783594,0,0
2120,0.4570354545260808,1,1.4404838312073989,1,0.42703093107527046,1,1,1,0.40648931998178317,1,1.0936788698884128,0,1
357,1.2496269653519152,1,1.4783008129835613,1,0.9984011706220475,1,2,0,0.43320123021242807,0,1.0748340778475785,0,0
1650,0.256668224847707,1,1.4988950549014062,1,0.1654222635875247,2,2,1,0.4480233854925225,0,0.7248023867982571,0,1
64,0.3415508893286848,1,1.4415468393514388,1,0.459129378669348,1,1,1,0.5103213215404148,1,0.9813557175477032,1,0
485,0.7030787314642846,0,1.3721846752238072,1,0.5076030020547043,3,1,0,0.5205610949801673,0,0.5425866290345418,1,1
1673,0.6038072629743221,0,1.5796731582888845,0,0.17758708142049162,4,6,0,0.3521962293879397,1,1.0933962410420042,1,1
244,0.6379596176589295,0,1.5422254213530737,0,0.7105304177941327,2,2,1,0.402081946120748,0,1.0448219000357506,0,1
2331,0.6338435127334983,0,1.502636988417541,1,0.8331924669993376,2,2,1,0.5365612313934469,1,0.9889610388470688,1,0
578,-0.37978441937458884,1,1.472470195737722,1,0.13034587850954577,4,1,1,0.345504714300874,0,0.9502662889777546,0,1
828,1.4029377379531438,1,1.4587625011065186,0,0.313087727577277,2,6,0,0.5908127983228778,0,0.9014562478960939,1,1
2324,0.610579864349454,1,1.6564136084678414,0,-0.01564080108100674,2,5,1,0.49605337178037673,0,1.075171007071137,1,0
1340,0.5819163421987448,0,1.4388839695701852,1,0.06605079222664051,4,1,1,0.5206433313440155,0,1.173810592751607,1,0
756,0.6325453784474895,1,1.5791680535737351,0,0.3732749747499683,3,4,1,0.5144688205100182,1,0.7220799207453088,1,1
1620,0.650395433347331,0,1.4315477505950238,1,0.20992577620043268,1,6,0,0.4498789692416989,0,1.1248602559223406,0,1
1589,0.6290783613163682,1,1.5295594377279598,0,0.6937312058911633,4,1,0,0.4261969864580296,0,0.5482913538132097,0,0
2076,0.5644378615633331,1,1.5700182792925061,0,0.6581632995730119,1,4,0,0.4793887814553643,0,1.017646106727117,1,0
1368,0.4744530812939498,0,1.4689903776439526,0,0.3326787213861274,3,2,1,0.4749400016911699,1,1.1414726087965783,1,0
2225,0.3277883750691921,1,1.3697006366662026,0,0.41256442907992064,3,5,0,0.37889227106451584,0,1.1661988349568115,1,0
1801,0.8645041602098132,0,1.3809058117878117,0,0.6683804117724228,3,3,0,0.4856117656305898,0,1.0608810093801293,1,1
1869,0.6362355766102816,0,1.4467915605606798,0,0.9007926282455332,4,1,0,0.39635639698056047,0,0.9718891318230255,0,0
1089,0.12806055717509457,1,1.5256688280482704,1,0.2735362792268232,4,2,0,0.40251348744814774,0,0.738163166816332,1,0
1512,0.7521121191452986,0,1.5194836172744084,0,0.35580837335084936,2,3,0,0.46736678242291746,1,1.0691291830210132,1,0
1117,1.0229026074585597,1,1.5413497759499675,1,0.8547405057671065,3,2,0,0.37821061648267784,0,0.8121540603034512,1,1
648,0.8815269571393483,1,1.631444648919185,0,0.10106894285584245,4,4,0,0.40628742597319883,1,0.9408417811954068,0,0
1734,0.8408331475710922,1,1.4122180251580159,1,1.1656578958235309,3,1,1,0.498701543911848,0,1.0895744272164316,1,0
913,-0.01842205007640263,0,1.5700958527078877,1,0.09623909141543557,4,1,1,0.3487981082773701,1,0.840174254053314,0,0
1799,0.3498188302916285,0,1.4998328603004043,1,-0.12139226591524166,3,1,1,0.4417794734942673,0,1.0954582053617465,1,0
242,0.8223146588187837,0,1.602727046163139,0,0.27190772026079846,2,3,1,0.5131358090036361,1,0.7919121123768342,0,0
1094,-0.6313619852742536,0,1.3868078902743217,0,0.5859689649648593,1,1,0,0.5450199244491615,0,0.9068537346494236,0,1
629,0.34619817568249267,1,1.4615513304719137,0,0.03788820961407585,3,1,0,0.5281997743121186,1,0.9603598503148879,1,1
2105,0.4961855994633942,1,1.3947430457468177,1,0.21263578840361974,4,5,1,0.610240918641534,1,1.025517931288225,1,1
1063,0.2538431136654866,1,1.3872340129658507,1,1.505376927081314,1,5,0,0.49805240140311613,0,0.7696608599402259,0,0
276,0.21704881091026768,0,1.3290120575547852,1,0.4590758892825374,1,1,1,0.6124713865946271,1,1.0349157532304987,0,1
1774,1.4101224234964453,0,1.6452628455484752,0,-0.08436365672496093,4,6,0,0.4567635412723362,0,0.8666071730583814,0,0
292,0.5197524226532674,0,1.773719123873939,1,0.37117725026919496,2,5,0,0.46095825208652,1,1.0510810618827076,1,0
403,0.45639308679436613,1,1.5831840172015905,1,1.0523110749292788,2,3,1,0.48070115602627883,0,1.0717209064551039,1,0
835,0.6628583512364937,1,1.4985708165055234,0,0.21717653156737754,3,2,1,0.5458724817811735,0,1.0441770882061667,0,0
429,0.37931610738812044,1,1.4289911894125296,0,1.2686757773039838,2,2,1,0.4728247459114259,1,0.6832214831227564,1,1
495,1.0159604025948272,1,1.4239903814353587,0,-0.39671862834399363,4,4,1,0.5363024006992612,0,0.9342449856563445,0,0
648,0.6377262859896908,0,1.5556853705675435,1,0.8734652817506381,1,4,1,0.4910654056691869,1,0.9115511066957704,0,0
520,0.8248936857607323,0,1.4586913889995121,0,0.17541617770265716,1,4,0,0.45495700772169057,0,0.8395295932236604,1,0
28,0.4148322641718815,1,1.5730223781001298,0,0.2057357997017516,2,2,0,0.3397705136990371,0,1.0030397759799268,1,0
776,0.20222829162129186,0,1.5693046720335913,0,0.5510721037458283,4,6,0,0.3418624273147788,0,0.7526547670902942,1,1
1506,0.797736826421668,0,1.407628758753894,1,0.41910550871344887,2,1,1,0.4737418538648238,0,0.8889494976419109,0,1
1974,0.6414819894067443,0,1.732650856847942,0,0.9594902557044105,3,2,1,0.49331419574032614,0,1.1861081366318744,1,0
2278,0.5392193312141701,1,1.5726277635444068,1,0.67244565005219,3,5,0,0.3263403454445391,1,0.8759985559348716,0,0
1058,-0.3268507318583055,1,1.4423549913426175,0,-0.3623245639931012,4,6,1,0.37007054655880145,1,1.3273526547742662,1,1
370,0.13479289883079776,1,1.5985839565243405,0,-0.0891675805754567,3,6,0,0.5174786788192676,0,1.0487804576858042,0,0
1159,0.12180290053864096,1,1.6571240076637057,0,-0.12412981301544002,2,1,1,0.40690212643503454,1,1.2321587778975633,1,0
1820,0.166701229672637,1,1.431585897679622,1,0.3319127992375913,2,4,1,0.3683535338025084,1,0.9138360488204691,1,0
1499,0.48900593516031754,1,1.461229942728782,1,1.064537931698828,4,3,0,0.44774952518501643,1,1.2158429123945877,1,1
840,1.4180785466164267,0,1.2836642522385746,0,0.8492893722607325,2,1,1,0.492818855238035,1,0.9928625142209478,1,0
103,0.13395270528293612,0,1.5380363269781292,1,1.1071053246385105,3,3,1,0.4324330569847956,1,1.1807191976870568,0,1
1475,0.13545382850333332,1,1.495390120390637,1,0.6422819430447125,1,1,0,0.48937055427374543,1,1.1093472586981574,0,1
1088,0.5166965260978076,1,1.4186261421475714,0,1.094252695614086,2,4,1,0.6382873270190909,1,1.1576757017523,1,0
86,0.8176194873645984,1,1.426523015611096,1,0.346897199494074,4,3,1,0.5180946609491891,1,0.7902209839632647,0,0
1148,0.10972666345424531,0,1.5171642971465122,1,1.009044243229014,4,2,1,0.3851888790340678,1,1.2096417673769067,1,1
149,0.3061441260124725,0,1.292296047852167,1,0.5577284237406802,3,4,1,0.5328782484074196,0,1.1261458885216373,1,1
322,0.08761732606160144,1,1.64617636928069,1,1.4993172907817507,1,3,1,0.5305804098908927,0,0.8453670830652736,1,0
1841,0.4446662337264099,1,1.4826371636730864,1,0.6056284380613469,3,5,0,0.48221705509060486,1,0.9050641450830902,1,0
2042,-0.342700300537385,1,1.4546041598378665,0,0.714706761935728,4,3,1,0.47745650352967717,0,1.1154297705152847,0,1
791,0.5076704409187979,0,1.3382401811743025,0,1.067408558046706,4,4,1,0.6320811784166804,0,1.0185249312206788,1,0
1372,0.2552613407414722,0,1.6133926705498975,1,0.1403825587430677,4,2,0,0.5222805935847913,1,1.1926275219432037,0,1
1751,1.2958103903252152,0,1.4962013122195907,0,-0.15463059380618016,3,2,1,0.5890151922102203,0,1.1748269156587998,1,1
287,-0.20613138575191436,1,1.577303302145752,1,0.4019608304026116,3,3,1,0.5102926149408102,1,0.8422634537220585,1,0
1470,0.6041524095146841,1,1.4602358700471545,0,0.8223808169268836,1,2,0,0.5475249954514712,1,1.2131842978737597,0,1
1655,0.6021745972001303,1,1.5625906804193694,1,0.5677946995590131,4,5,0,0.4080525623662751,0,0.7308851405207304,0,0
2125,0.0489289513174509,1,1.6563097907232271,0,0.018241649031187357,3,3,1,0.3992052857152195,1,1.2220428140407706,1,0
688,0.0519129990667383,0,1.450494202440301,0,0.08925699910000512,2,2,1,0.4448935413019614,1,0.7654188772089521,1,1
898,0.5794032333765387,0,1.489687047216849,1,0.8021581648253838,2,3,1,0.5076687329954837,0,0.7843340706858593,0,1
694,0.2089800680328282,1,1.4246366203410887,1,0.3108621646838967,4,4,1,0.4426780318303254,0,0.8617727275295302,0,1
299,0.8224374171641169,1,1.490753088608094,0,0.19901212554361947,4,2,1,0.4153807795597197,0,1.0141563593987901,0,1
108,-0.01747580424460915,0,1.3860922659304844,0,0.37639180561921837,4,6,0,0.5195191979202336,1,0.9299673389686554,1,0
848,0.014492383975645617,0,1.5098884924022449,0,0.7160896618211261,1,5,0,0.35340965990846335,0,1.0791332618027316,0,1
1513,0.290507595831698,1,1.4515491262191995,1,0.41037319659743304,4,2,1,0.3889146142928076,0,0.8755978972364091,1,1
1170,0.22808042779053922,0,1.4581345690828278,0,0.3206680129841547,2,2,0,0.38214810296479956,0,1.148290558596279,0,1
1723,0.7892271117621563,1,1.5822990584661398,1,0.23312008408218554,3,1,1,0.5602896902443008,0,1.3896285128179167,1,1
998,0.4995118429000594,1,1.4562850882255072,0,0.3748190657077948,4,1,0,0.3710176072721547,1,0.5789305957527123,1,0
4,1.222591768270348,1,1.6541553470275432,1,-0.08282177970138738,4,3,1,0.3884516778097674,1,1.2873958979342173,1,1
709,0.8643910717783645,0,1.3451701918152055,1,0.7374849188458731,1,1,1,0.4492884357186054,0,0.9076095508789677,1,0
582,-0.3288833698834579,1,1.4981954656397012,0,0.67056593970631,2,5,1,0.5431651933206854,0,0.684740052240718,1,0
2096,0.26490092718459873,0,1.418724795032968,1,0.19386961750434029,2,3,0,0.4400417658699077,0,1.0835764601040032,0,0
889,0.3336016712536515,0,1.4665747649380978,0,0.5779094938145372,2,1,0,0.42503628473335076,0,1.1720945478713527,1,0
2056,1.0358245646011957,0,1.5117433061756171,0,0.2173981221949282,4,3,0,0.35751724166440335,0,1.1858698724421801,1,0
1072,0.5026596772606704,0,1.685615762908665,0,0.7806045620136167,1,4,0,0.46557085924425223,0,1.1144608695310865,1,0
1922,0.7558087207558535,0,1.5319973714439528,0,0.5809150456510622,2,6,0,0.4365501302180431,1,1.1424168631561844,1,0
103,-0.136061269195334,0,1.3371914170504,1,1.2797342510473246,1,6,0,0.6788298671889195,0,0.7575517715362261,1,1
2265,-0.2985930600645679,1,1.4857045783091523,1,0.11108740176316234,1,2,1,0.5280174707847677,1,1.0360250413355683,1,0
1571,-0.34072497813523916,0,1.3826841187519792,0,0.7871172548302315,1,6,1,0.4598201235783271,0,1.1284221681915947,1,1
1479,0.44302757967738776,0,1.5488423780589766,1,1.2546928373002273,2,6,1,0.41411750531372876,1,1.0554228873394391,1,0
2326,0.6222606456344706,1,1.5712994847318174,1,0.21775284732882577,1,2,1,0.33685928960765177,0,1.1122742838742217,0,1
724,0.7484732017377758,0,1.4855027608498177,0,-0.0786711535100798,3,1,0,0.545369324990837,0,1.0178293747101372,1,1
191,0.6020853753648506,0,1.6321974664942047,1,0.4666046022474156,2,2,0,0.5607310228690853,1,1.0407377051826825,0,0
1489,0.21995937392166598,0,1.3452088098721748,1,0.564496782870953,3,4,1,0.45009898452748837,0,1.1753551319996214,1,0
2245,0.4725848893844234,1,1.5909645341138439,1,-0.40241459130660406,1,2,0,0.5084894484069449,1,1.2421861752790009,1,1
1501,0.5908041596741884,0,1.6418453168111227,0,1.4319952123502993,4,1,0,0.5929119563112735,1,1.1377547885521277,1,0
2006,0.477121361439499,1,1.4293994638254923,1,2.067886754354533,1,5,1,0.41344619005704625,1,1.1160168771162309,1,0
730,0.6260271010101739,0,1.5936603601194008,1,0.4506578557750957,1,3,0,0.5087579110983103,1,0.6889271645664348,1,1
1699,0.15878935577315068,0,1.631824990220838,1,-0.27072371343358503,3,2,1,0.6169957617338245,0,1.002330101339254,1,0
697,0.18408118868032314,1,1.550783901185113,0,-0.2288454996434276,3,5,0,0.38201982830387193,1,1.0987896901774081,1,0
1032,-0.03229521579427552,1,1.4341478779628825,1,-0.1348916271724363,4,2,0,0.449190235984086,1,1.1245803942424968,1,0
1683,0.12591088176986254,0,1.4711020370090546,0,0.10413485636525899,4,4,1,0.4822148225328099,0,0.6015149236675447,1,1
798,1.026757054533338,1,1.5738260365341767,1,0.5345409642502343,2,4,1,0.3961119707619681,0,0.952921067390265,0,0
1145,-0.0516482049657202,1,1.4164488363944154,0,0.3307390955342443,4,5,0,0.5547735909831664,1,0.7428717592238225,0,0
113,0.4864703775287495,0,1.6360799341591175,1,0.028323719579737228,2,6,0,0.5180503351984751,0,0.8543450381808632,0,0
1742,0.2367440569830902,1,1.4647113412178785,0,0.6879153579554561,2,1,0,0.37984487356867014,0,1.2345346900077732,0,0
1747,1.4137597791807992,0,1.3100560864360853,1,0.6599721653942057,2,4,1,0.4554424673221552,0,1.1954003192984708,1,0
1970,-0.020214891937202273,1,1.6570055325141648,0,1.0790275213321538,4,5,0,0.4357832177588655,1,1.0026566398661323,1,0
872,0.7207081476214462,0,1.8077056873555575,0,0.2494145837796335,1,4,1,0.5342571456058898,1,0.9840820667197115,0,0
222,0.5444124393053144,1,1.6017930657768409,0,0.8417113305248256,3,6,1,0.45450844323754214,0,0.963820331859899,0,1
1192,0.21163810699017416,1,1.6390694764540743,1,-0.0366776232052326,1,4,0,0.4144253709136092,1,0.9043957371940962,1,0
787,0.6664960652249154,1,1.4905875997423483,1,0.9237240240997853,3,4,1,0.47841825817752826,1,0.9118170490851918,0,0
1237,1.1078481495188015,1,1.6893664119703906,1,0.7713025717301265,4,6,0,0.4425129129237019,1,1.2194197236189357,0,0
1657,0.2392112328561416,0,1.5486233918003853,1,0.6341240830105852,1,4,0,0.6238931786742694,0,0.9354383962586917,1,0
1824,0.4357638852074773,0,1.4425663405338618,0,-0.5569336858706395,2,3,1,0.5441805948791376,1,1.211123176444695,1,1
1880,1.2269224061943205,1,1.328738585434074,0,0.4736203909028787,4,4,1,0.5790419750601256,0,1.0822704312851288,0,1
918,0.2052253095620547,1,1.6299463638582075,0,0.6879809011269359,3,1,1,0.5499038062302087,1,0.8967468820758377,0,0
2153,0.3746245331595953,0,1.3613861135625984,1,1.005618671393378,4,4,0,0.42106640145598884,0,1.0652575088576988,0,0
1074,0.20877717460449813,0,1.4835829859812446,1,0.4872881246192536,1,5,1,0.6653611121963858,0,1.0420574706105779,0,1
2073,0.5568078743704583,0,1.5260852684277282,1,-0.21276562858687476,4,5,0,0.5943128888211491,1,1.1923256540298206,1,0
669,0.5687801444648194,1,1.4317518743403412,0,1.2454205702742551,1,5,1,0.3838985897051729,1,1.2667718008897768,1,0
1765,0.5679110363702254,1,1.5001754025488114,1,0.5482942876190071,3,2,0,0.4539547824197892,1,0.805707543813413,1,1
796,0.18992164707259335,1,1.4888645359705106,1,0.6254633549645423,2,2,0,0.5892265150619949,0,1.2230604471917377,1,1
777,0.021366723723863557,0,1.5767549310745486,0,0.03201923100256643,1,4,1,0.3268266866829842,1,0.8403178075196799,1,0
2175,0.6620896414875117,0,1.4486307282251656,1,-0.01638396014159127,3,6,1,0.4654784199705938,0,0.6971014138406492,1,1
1399,-0.011699478349909587,0,1.6049884324081236,0,-0.19693187629222952,2,4,0,0.5251672112565084,0,0.8963548162099472,0,1
257,1.143756466106252,0,1.5150422637664647,0,0.3763064728095482,4,1,0,0.5511854874109671,1,1.1983564124943662,1,0
1340,1.1018783486163788,0,1.6769724851644434,1,1.1417232305961453,2,4,1,0.41800992773151785,0,0.8757667525085445,0,0
1526,1.1947542058447684,0,1.375468247610711,1,0.6090704646405244,2,2,0,0.4932411274383265,1,1.1472053911034124,0,0
823,0.29699150532961666,1,1.6089970117892296,1,0.3834455669913399,1,6,1,0.42245093400492467,1,0.8061968688536403,0,1
508,1.304529726296726,1,1.5792770976343797,1,0.569669842643037,3,6,0,0.40432742944910793,1,0.9692182544690512,0,1
1035,0.9065894132564314,1,1.5764698776172146,0,0.7975666947020682,2,4,1,0.29795894983412996,0,0.9714191638441912,1,0
524,0.2336650003999703,1,1.359665015059365,1,0.7865500843848767,2,6,1,0.41903454411108,1,1.0108979058275216,0,1
2114,0.40263537904606395,0,1.481018629566265,0,-0.23684688219783356,3,3,1,0.45245069543934746,0,1.0150040339327404,0,0
1620,0.623881002983411,1,1.3629685565579068,0,0.42775463345205295,4,5,0,0.44427808892202425,0,0.9166855063887938,0,0
1367,0.5211159697570157,0,1.4976325326916273,0,0.17793059668455197,3,1,0,0.48345486239206154,0,0.8595680927925232,1,0
2334,0.6850928730800463,0,1.5074985780424797,0,1.2737518273230775,2,1,1,0.42415102160453033,0,0.7819066557991383,1,0
1490,1.0794071425731748,1,1.6051224801067008,0,-0.2232475028169264,3,5,1,0.41106153555601527,1,0.9321543352715943,0,1
1055,0.9441483447257474,1,1.5211905859202586,1,-0.128389473503982,1,5,0,0.4923480969691909,0,1.2231604366193478,0,1
1020,-0.4078478367492019,1,1.6362392279763018,1,0.5886331017850814,3,6,0,0.4767321795527694,1,0.8584630321019009,1,1
19,0.19535862226193856,1,1.5669507287343125,0,0.21050982152325826,2,5,1,0.40467090720149124,0,0.8598489965447924,0,1
640,0.26847618698032194,0,1.5642320710759898,1,-0.0029166596783559706,1,1,1,0.5378492526184713,1,0.7895437621877266,0,0
2301,0.5636345536494649,1,1.5888100853310758,0,0.1642908186152967,3,4,1,0.3483059943992376,1,1.1753140957036246,0,0
904,0.5677512982353886,0,1.425520135964388,0,0.6720726604774597,2,3,1,0.4735265564714587,0,0.883287031108968,1,1
1753,0.8977724937900635,0,1.4139257156308584,1,-0.1015295052346804,2,6,0,0.45514681667761975,0,0.7940731114506266,1,0
83,0.32221679288168403,1,1.6219932492138538,0,0.14110385809067783,4,3,0,0.4616902908674335,0,0.7911963363678345,0,0
1358,-0.14821526705762122,1,1.4118339043877701,1,0.6115646752845899,3,5,0,0.4418104179879245,1,0.9181291690100634,0,0
1112,1.6516837135709488,1,1.4119268591688312,0,0.837864706037653,4,2,0,0.6760306952745743,0,0.8934413335963398,0,1
360,0.41647131920097624,0,1.2988254414810128,0,-0.07827225869929688,4,1,0,0.44262604130644906,0,0.9495536523310432,0,0
944,0.6237703815868706,1,1.4323115176951327,0,0.6340054310942781,4,2,0,0.4628771239401271,0,0.8905423082998924,0,0
2144,-0.05005154772867204,1,1.4384798443001854,1,-0.03783889905625337,4,5,0,0.3923506628466621,0,1.126810433885111,0,0
917,0.7728893738876865,0,1.5250915111395438,1,1.0912863047012917,3,2,1,0.5374550841665847,0,1.1059849083406377,0,0
1635,0.9953986149808258,1,1.6803373879992398,1,0.3401506644636004,2,5,1,0.4929202787401852,1,0.902503307864795,1,0
1287,0.42414340494193836,0,1.4224121373437342,0,0.5835149523118507,4,3,0,0.5679499978721405,0,1.1373140577879755,0,0
2053,0.503097851005399,1,1.5308083864876638,1,-0.06755264992733878,3,5,0,0.4425764420185022,1,1.0408244268181197,0,1
204,0.36277376307327985,0,1.6222979806717315,1,1.976224285381733,3,1,0,0.4619956423733048,0,1.1947538207606356,0,0
1958,0.3698189137322431,1,1.5587960381669221,1,0.2726671128273087,1,2,1,0.4481390530155021,0,0.8916040290316052,1,0
1673,0.21510320856760806,0,1.5378032685908183,1,1.120261407638786,3,3,1,0.48587002469515017,1,1.0930272025137115,1,1
1260,1.0759550857934659,0,1.537505982967578,0,0.1863582920495654,3,6,1,0.45589837197614674,1,0.827535489666938,1,1
2054,0.8723274827830247,0,1.4518971543110075,0,-0.15741522502595828,3,6,0,0.48450445911987533,0,1.0515068600286561,1,0
862,0.5387755718032308,0,1.4069840880990112,0,0.5124642128531132,4,5,0,0.4797313770972991,0,0.8085850733598756,0,1
513,0.6850006263438664,0,1.5222490079238804,1,0.760110751573638,2,3,1,0.47555756625008405,1,0.8041236045512332,1,1
1778,0.7673066220818279,0,1.388446440565599,0,0.3161332884999096,3,6,1,0.34941714062552437,1,0.7922362257334709,0,0
1192,0.011094124154251483,0,1.4158357284243364,0,0.7157084479451384,4,3,1,0.47949858999012984,1,0.7676130707153411,0,1
715,0.47119318284180156,0,1.5219259443874942,0,0.9854883765806826,1,4,0,0.589581184011774,0,0.8172115502837026,1,1
2198,0.9542818827812642,0,1.6033449057431688,0,0.720215457561495,4,4,1,0.4952517524413844,0,1.0761467399460234,1,0
2105,-0.21289527175129508,0,1.336565683345479,0,0.6856008659692285,1,6,1,0.40887757173511324,0,0.7637173656185343,0,0
2065,1.1560562894545625,0,1.4638825245508036,0,0.8333114709754894,2,2,0,0.38740607207631045,0,0.8986371424966383,1,0
1397,0.8006677376331147,1,1.5564317859456978,1,0.11584960152168633,3,6,0,0.3931450295062139,1,0.7265173665926691,0,0
1592,0.7751697495304237,0,1.5426670796303579,1,1.032464227408369,1,3,0,0.45116978568110433,1,0.9623575188457058,0,0
1427,0.9781793277831103,0,1.4372915152903147,1,0.5693171587249519,4,6,1,0.4548573603845137,1,0.6890088485803562,1,0
2210,0.2022151344603217,1,1.5188855947363653,1,1.0554482010558242,2,1,0,0.5832942360368348,0,1.1059553085352136,1,1
1570,0.8333533825144277,1,1.5983696487581287,1,1.1211083157651427,3,4,0,0.4277007675460977,1,1.1378433874083151,0,0
1279,-0.3000378800736262,1,1.3717052050724627,0,0.6059869392713475,1,5,0,0.6448187650119402,1,0.8320746173496006,1,1
2270,0.4869674416336845,1,1.2525651962447448,1,1.0961023750436787,3,3,1,0.5054937540187515,0,0.7963993405111376,0,0
1253,1.0361664475687995,1,1.518115088951373,1,0.8031618766850543,4,4,1,0.3816787743284711,0,0.802961325535074,0,1
1056,0.696674821334248,0,1.43500952707872,1,0.4579249794877113,4,4,1,0.31184937024268267,1,0.7197470550310229,0,0
76,0.62196650874052,0,1.6584601626842237,1,-0.1716049536544133,1,3,1,0.43582800006020445,0,1.2275816476999462,1,0
1596,0.8971852617054323,1,1.4111329870316744,1,0.28782821183844454,1,6,1,0.4953751600519147,0,1.098450164319789,0,0
543,0.9545602857362272,1,1.4395735844121849,0,0.7594615208099458,4,4,1,0.4067506901327119,0,1.1501955220288411,1,0
1707,0.09624997443042171,0,1.5497711649680483,0,-0.31551542477092454,3,4,1,0.4212420952136956,1,0.8587731242488139,1,1
998,-0.11459850389454462,0,1.397192975894113,0,0.4191770679790518,3,1,0,0.38692622134887616,0,0.8897223651070019,1,0
1273,0.9475050188312848,0,1.7325869871645008,1,0.005441643154226683,4,1,1,0.5656341771053691,0,0.9308624667472639,1,0
2035,0.4653086045258448,0,1.4603239498497522,0,0.06257481424161115,2,3,0,0.4853320229528015,1,1.0214474362448385,0,0
838,-0.061686867412080515,1,1.5619978437256503,0,1.5341291067680494,3,6,1,0.6412908379596725,1,1.1096124872680109,0,0
1603,0.40855484578417217,0,1.5681402499930377,1,0.03747336801875867,3,5,1,0.4802509161396707,0,0.9750969664302611,1,0
320,0.7440772822172076,1,1.3530805052241346,1,0.565535278863009,1,3,1,0.5518010738037481,1,0.9480948657576246,0,0
2058,1.2112694373571198,1,1.3885569342429165,1,0.27661125198983044,1,2,1,0.42761265839667173,1,0.9872538016901663,1,1
362,0.5984812672921426,1,1.3328132991709327,1,0.1858211730861402,4,5,0,0.5308458293183248,1,1.0568042869754495,1,1
1765,0.9204305210732481,0,1.4723635002179418,1,1.2591658783426913,2,6,0,0.5017702198519106,1,0.98605489361252,0,1
1034,-0.22470499871703176,0,1.3778482693364262,1,0.23602797199819936,3,5,1,0.45491011540558834,1,1.176444248959044,1,1
2191,0.6917922282812624,1,1.4711348929401087,0,-0.08558300605810909,4,1,1,0.3751856869121214,1,1.0436083128984934,1,1
370,0.5876743323946907,1,1.4522591311572253,0,-0.24162268870386072,1,4,0,0.473107546767509,0,0.5016900129975752,0,1
482,0.7174624076151768,1,1.4458275154092926,1,1.1494224609243253,2,1,1,0.47485522275432956,1,0.9527203285307886,1,0
163,0.8509663543243045,0,1.39730358402076,0,1.0482993383637242,2,1,1,0.42270579466978986,1,0.6331749958438688,0,1
1383,-0.8133989365296665,1,1.6516342439734464,0,1.0562810855509173,2,5,0,0.7209338268296483,0,0.7947109262973314,1,0
683,0.28122184318425647,0,1.4326438574097589,1,0.37956925808278263,2,1,0,0.46388695359393767,0,1.1346617040800353,0,0
99,0.9842414605999534,1,1.5909442474610394,1,0.6473365035010721,3,6,1,0.5074859141237044,1,1.2126014535826455,1,1
1342,0.5606911303711847,0,1.5276027721945473,0,0.18213799099357647,2,3,0,0.47710098315657484,1,1.0609701209753997,0,0
760,0.11393276645560901,1,1.4141061278866587,0,0.8500493947843266,1,6,1,0.5825801746782197,0,1.145690353945123,1,1
1002,-0.004393126583895901,1,1.422983117676157,1,0.46798873454290263,1,1,1,0.42450709098086364,1,1.0585969784265905,0,0
2141,0.7044249493469551,0,1.5714523583837565,1,0.23133700536098606,1,1,0,0.4730388666585023,1,1.0070223610089442,0,0
1104,1.026410249257542,0,1.4600710304606612,1,-0.018003123651638475,4,3,0,0.4363561409215653,1,1.0443792390780817,1,0
1455,0.4850264305106162,0,1.4592302165627427,1,0.9082366124086514,3,3,0,0.47326677539175693,0,0.9956897744292479,0,1
1380,0.5470777132739527,1,1.598523517330114,0,-0.20144059764853073,2,1,0,0.6457040790305308,1,1.141478159732338,0,1
914,0.8782221229963345,0,1.5264531346823675,1,-0.2967844635393473,1,1,1,0.38923987960184236,0,0.9262698376767271,0,0
407,0.593922137797511,1,1.4964820483465275,1,-0.21896199185933118,1,1,0,0.4822127094396782,1,1.0071537681634506,0,0
273,1.5306810802353739,0,1.6926814731755082,1,0.12498466053091162,1,3,0,0.4036864000004908,1,0.8986843831998208,0,1
1639,0.823605823015715,0,1.4647686983375727,0,0.7152515819119971,3,4,1,0.44641381029677896,1,1.1379979276244905,1,0
1767,0.8309959041923665,1,1.5836852357429612,0,0.24324158420830622,2,3,0,0.5717597135025283,0,0.9502531008256367,0,1
72,0.9288603118315495,1,1.5664574568269416,0,0.1817497748152455,3,4,1,0.36176559185706086,0,0.9668162759593473,1,1
321,1.009677767828606,0,1.5518349653474677,0,0.6332613907138284,1,3,1,0.559297137262848,1,1.1040440366793474,0,0
591,0.6551134842294496,0,1.49605595265801,0,0.6295864036456892,3,4,1,0.4528205767863908,1,1.0397638952681014,1,1
1178,0.4839398832407218,1,1.4123175844505813,1,0.9290676840276288,3,1,0,0.5736174516294398,0,0.9019819836499869,1,1
2126,-0.1633584134246462,0,1.424399921351638,0,0.2325841133472965,2,6,0,0.3789275368984383,1,1.0733086595568613,1,0
715,0.33975067093931494,1,1.6376635803489323,0,0.7731585738486724,1,1,1,0.5893451097572017,1,1.092434456496006,0,1
1767,0.40354360538782275,1,1.491566217890916,1,0.47686558220432124,2,2,1,0.42760882151656276,1,0.6415597566467479,1,1
931,0.3796040256836011,0,1.4734460257239483,0,0.18655271557726139,2,3,1,0.49710665158376216,1,0.7817099145179424,1,1
1699,0.29220041169209704,1,1.4726051894719614,0,0.25543967355756314,3,5,0,0.5274160678257808,1,0.9257085256213337,1,1
934,0.1951953319311221,0,1.6181704933657686,1,0.20134805582518073,1,6,0,0.561780930825211,1,0.8275200902969807,0,0
544,0.3910999160433994,0,1.526152136136642,1,0.3649217695674035,2,4,0,0.5506003683798097,1,1.03949923001845,1,1
1964,1.0650172961008653,0,1.4472115039272533,0,0.13918639714349723,2,5,0,0.44503615930757817,1,0.8583304277617391,0,0
1711,0.2936526440570042,1,1.5471364481341867,0,0.46601802042365337,4,3,1,0.4576213040228797,0,0.6673283617618018,0,0
137,0.07533781042149534,0,1.6160026992876304,1,0.6530817663114405,1,2,0,0.5028314931504287,1,1.1944368025741783,0,0
1235,0.8471462532586911,1,1.4841897109256352,1,0.6266279280752322,4,6,1,0.3061244663656606,1,0.9784823722976372,1,0
1587,-0.42837774787630223,0,1.6656525935876476,0,-0.5593690909957965,1,3,1,0.5094909269918979,0,1.1544646459385794,0,0
435,0.0007346988452116565,1,1.671133640841208,1,0.8169707404713398,4,6,1,0.3339139386962333,1,0.8929367265716407,1,1
122,0.06722461667414892,0,1.5575779949551918,0,0.9201122937880317,2,1,0,0.4151128034391702,0,0.7967934114543554,0,1
683,0.24932205815945352,0,1.343898628800671,1,0.25776073830829294,4,4,1,0.406565328814248,1,1.1149556037256505,1,0
246,0.5759751294294715,1,1.5651022680428237,0,0.6213683686605073,4,1,1,0.44024996404247785,1,0.9833317707524079,1,1
39,0.5071452182612161,0,1.3343631457057912,0,0.2704999414522243,2,4,0,0.3558600644549504,0,1.1146928887305356,1,0
514,0.4837032785261367,1,1.5982614017337755,0,0.763850459609106,2,5,0,0.4516738565021979,0,0.7052650413368737,1,0
35,0.5377742268405921,1,1.4278013720706835,1,1.124669231409181,4,6,0,0.4377210473341697,0,1.140700744653667,0,0
941,0.6288584822094783,0,1.5923936892916017,1,-0.36970990014348537,1,1,1,0.4568648034161691,1,1.085800798656575,0,1
1294,1.0416855489650334,0,1.4709410639546938,0,0.7489985451362118,4,1,0,0.43941050944866133,0,1.0851271879004416,1,0
596,0.9231791740687242,1,1.5010305777809143,1,-0.15753439157886273,2,3,0,0.5254556989305316,0,0.6541368017119333,0,0
1312,-0.21121163143541943,0,1.5856614679881438,0,0.9742145979063681,1,5,1,0.5126985570636777,0,0.8855624687484298,0,0
1156,1.1717840908606258,1,1.4800213235153152,0,0.29459840333020393,1,1,1,0.5571920616399307,1,1.279948010725279,0,0
2354,0.29962392801052373,0,1.5263836545426717,1,-0.5680348899208909,2,1,0,0.47573654599866483,0,1.081856326876371,1,0
1796,0.055566810802699707,1,1.3752545292037004,0,0.29155753103878324,3,3,0,0.4266914783168935,1,0.8301000974936046,0,1
1306,0.2416496001659167,0,1.4628108151893433,0,0.9659322028512198,3,3,1,0.48967765454440376,0,0.8144621939098727,1,0
111,0.7244098467635487,0,1.5051041594549164,0,1.216316157663167,4,4,1,0.3317035221652215,0,1.0501244500357825,1,0
219,-0.25428528153930874,1,1.4047249764843917,0,0.8360171778325863,2,3,0,0.4609243457944669,1,0.9325918952672321,0,1
28,-0.14857731183985634,0,1.4694793037355671,1,1.2069096995997324,4,6,0,0.3846606706377132,1,1.1538615030945205,0,0
314,0.8411333509316514,1,1.5062551472322776,1,-0.23809873111514068,2,1,0,0.5046726569579176,0,0.8606351992644163,0,0
1788,0.21064051383593424,0,1.488343967971595,0,0.8397963798028694,4,2,0,0.4796861326147501,0,0.8960437063585415,1,0
1307,0.850267826192025,0,1.5261706685541143,0,-0.6555166833235277,4,4,0,0.33845609838776086,1,1.0413089900739145,1,0
1691,0.5079094756330412,1,1.4911859804628824,1,-0.20333997966693496,3,5,1,0.5992725830274002,1,0.8837095994251121,1,0
2001,1.069823672446494,1,1.7267764514894064,0,1.009139485384326,4,4,1,0.47761021300362505,0,0.5649017965455685,1,0
1422,1.409613319805465,0,1.6052782985978018,1,-0.09768010569398988,2,5,0,0.4515271607481428,0,0.9593563820006779,0,1
2176,0.27196240264747085,0,1.5760708299018586,0,0.45654203664486304,2,3,1,0.3097220299084643,0,1.214874703397449,1,0
1310,0.25134038677548365,1,1.5327845071591262,1,0.8403455288346926,3,2,0,0.46888720600740386,0,1.1159186646024628,1,0
2185,0.3423627779824947,0,1.403874606890701,1,1.0099071698398259,1,1,1,0.6274029034379265,0,1.4313190605708788,0,1
396,0.7120547952702048,0,1.3171042386695857,0,1.4732106997554748,2,6,1,0.3747256336695842,0,0.9120161519437444,0,1
685,0.8726481894140803,1,1.5738071394085877,0,0.6274013380641967,1,3,1,0.45994750735412526,1,0.7307874834261665,1,0
1332,0.7300315646971549,0,1.595890036712595,0,0.3625191869425649,1,6,0,0.27844010065223757,0,1.008786031514616,0,0
1560,-0.10121924629136192,1,1.2864698839646591,1,0.9276524593402182,2,6,1,0.5347734672229332,0,1.0607955224054384,1,1
1357,0.9680015708296063,0,1.395142111783221,0,1.24031044302209,4,3,1,0.3040295382283701,0,0.5085213903860014,1,1
1969,0.14836402515007813,1,1.5807700301988752,1,0.46315146514207445,4,5,1,0.5301066741615886,0,0.8733321781728363,0,1
182,0.8950453086258519,1,1.4232223871786078,0,0.2768636389946265,1,2,1,0.5514251160176992,0,0.8288365351749953,0,1
582,0.019956027712618618,1,1.2908963538394889,1,-0.1318771394587025,2,6,0,0.4993948151959537,0,1.3020319725804854,0,0
1392,0.9620326419884532,1,1.3432019543161173,1,0.3879251146906673,4,6,1,0.4616370805876566,1,1.03611372564335,1,0
1051,0.3817326563133445,0,1.5708864248555012,0,1.319392911961716,3,3,1,0.5503718668590751,0,1.0102555638018498,0,1
863,0.8949416500115772,0,1.4925354197340563,1,0.2970837754868107,1,5,0,0.406400310998322,0,0.8830902822874223,1,0
2330,0.8948531856167229,1,1.6970346307100261,0,-0.03570913268145692,1,4,0,0.464248251232749,1,0.8599424145872857,0,1
357,0.766242710907459,0,1.637455232430747,1,0.545958286897222,4,5,0,0.43547162931278566,0,0.8776904676291405,0,0
1534,0.32227199574040666,1,1.4765459554062954,1,0.15505851133033438,1,5,1,0.6943313102559044,1,0.6212618841148392,0,1
1282,0.7905646565824094,1,1.5447133484310662,0,0.6459659009429237,3,1,1,0.5118842347210488,1,0.9376145745989737,0,0
2118,0.8401583165454927,0,1.4251362585824385,1,1.0384488736120852,4,5,0,0.3657293493875662,1,0.8357551154354048,1,1
621,1.3187120822936076,1,1.578698589799013,0,1.4696924700971468,2,4,0,0.4049026755538194,1,0.9894039491494281,0,0
2085,0.556704552835962,1,1.4494119042139477,1,-0.3889072439889121,2,3,0,0.4938323521269898,0,0.8654147390532883,1,0
1831,0.642581992778062,0,1.5412695090013944,0,0.6082491524758237,2,4,0,0.4156960681301193,0,0.9508513107091467,0,0
966,0.7496788255236486,1,1.50960171789837,0,0.8042794928629813,4,6,1,0.5411736127638345,1,0.9178281023699576,1,1
923,0.5198735953724639,1,1.528504213331882,1,0.2723146073407928,1,6,0,0.3977826840501445,1,1.0279855897570411,0,0
1484,0.44997003574719086,1,1.5455289331076396,0,-0.32478994899339275,4,6,1,0.6082365724869934,0,0.7473050963307248,0,1
939,0.6144157411811357,0,1.44994653019621,0,0.5678140394874569,4,3,0,0.5282435239524476,0,1.20219343520797,0,1
524,0.24271977866568906,1,1.39434262387842,0,0.9892679232538568,1,6,0,0.5165047226633047,1,0.9319970219495545,1,1
1623,0.7085340228287803,0,1.4991265589649916,0,0.4841289581029261,1,2,1,0.4978663229862278,0,1.2994838697907214,0,0
243,0.05029661620069037,0,1.3571573270245174,0,1.0094171735131163,4,1,0,0.4898889893685491,1,0.9730236584381926,1,1
1001,0.6544779950981667,0,1.5454124245681617,0,0.04641995019573891,2,4,1,0.3865824462777619,0,1.2312740093113035,1,0
1326,0.10049731777915394,1,1.3465351109486539,1,0.06778500179472635,2,4,1,0.31718633548493047,1,0.8006999762480891,0,1
141,0.639595315967155,1,1.5154611917338887,0,-0.09854786680724037,1,3,1,0.40968568784055176,0,0.9593138214659331,0,1
1307,0.3941137120536053,1,1.4953322449575823,0,1.847392681553271,4,2,1,0.4348851111637737,1,1.0143474261932648,1,1
1840,-0.08075636229320038,1,1.6142378716504546,1,0.4652852290151417,1,6,1,0.5443732223418679,0,0.5973847266790671,1,0
1311,0.8017943398783742,1,1.294191328697591,1,-0.019561876144023715,1,3,1,0.48709612782222694,1,0.8875291935750743,1,1
2194,0.7164557436791676,0,1.4913147654951149,0,-0.1735381373763648,3,4,0,0.4265035516901667,0,0.832028600464193,1,0
1854,0.2914765091440271,1,1.3596570401745809,1,0.08357382803452634,3,3,0,0.45668640849075065,0,0.7213416809097554,1,1
863,-0.5848190303813121,0,1.700157863541147,0,1.0492046756726927,4,1,0,0.5446997194784418,0,0.6969216615570537,1,1
85,0.3762679117356052,1,1.4070448460432072,0,0.9050050568039714,2,4,1,0.4981537792870066,1,0.855244012415249,1,1
1879,1.2310039110575195,1,1.499608817895364,1,0.2677371469705244,1,5,1,0.5874169052377294,0,0.6907304414769484,0,0
1581,0.8477306913734177,1,1.6415696035435707,0,0.3618229445301031,4,3,0,0.32982882295018207,1,1.1794041637860684,1,0
245,0.47647259795357744,1,1.4685085242968512,0,0.8753789614585024,4,3,0,0.4770648203595055,1,0.6954237606692297,1,0
12,0.49654520542896163,0,1.4138525489614948,1,-0.265779062339458,1,3,0,0.3616760165011862,0,1.1938455699863433,1,0
374,0.9270456622431357,1,1.5268201048386516,0,0.28311600348157995,2,6,1,0.4428167722633396,0,0.8525035466774749,0,0
355,0.3871831668660547,1,1.4941085540645271,0,1.0198992145733632,3,6,0,0.3782936360955276,0,1.4564062775863411,1,0
1619,0.289795752052813,0,1.627228893589648,0,0.13163495349131782,3,4,0,0.5682296388548668,1,0.7749399303888662,1,0
136,0.42449010206918003,0,1.5126947402542053,0,0.7079186790296325,1,4,1,0.6885031507586152,1,0.8563941385540026,1,0
1688,0.49817734863147906,1,1.537577414541549,0,1.1606118840522184,2,1,0,0.43706241161605036,0,0.897873573040992,1,1
1500,0.6069795605716973,1,1.570343391432199,0,-0.17378010429467916,2,3,1,0.5456020241836288,0,1.0607542358712743,1,1
2142,0.6645748460864669,0,1.4707675605766808,1,0.3750876114466116,2,1,1,0.6043265731966218,1,0.7810201373377812,0,0
1136,0.7472801865780074,0,1.5126805730523,1,0.5269199938618258,1,2,0,0.554028486751866,0,0.9145407461638603,0,0
544,0.13602198504093244,0,1.5261264566633597,0,0.5969456032246357,1,6,1,0.5448453616232051,1,0.8368360756353359,1,1
155,0.22305786771791802,0,1.4563828957902527,0,0.5733136947272167,3,4,1,0.44376061553566326,1,0.8265985705824345,0,0
565,0.3798757351932081,1,1.4171507578741345,1,0.6850326585169079,3,4,0,0.49865481165257336,1,1.0467379229271951,1,1
1299,-0.04603836944365658,0,1.3422560910536572,0,0.26089448485272004,3,1,1,0.3986144727449373,1,0.6831482339472719,1,0
1627,0.30248222398901914,1,1.4657685626028623,0,0.48957830766865934,2,4,1,0.4918365865421487,0,0.58592828081573,0,1
1066,1.0679253058987064,0,1.47468398433616,0,0.4821603856825722,1,6,1,0.39608993430439143,1,0.8954566397708045,0,1
1719,0.6665194962120655,0,1.5593996796951473,1,-0.48053007361931377,2,3,0,0.45438874984005106,1,1.0056300344467917,1,0
691,0.018001117771904884,1,1.4627723218122493,1,0.44427354696551097,3,3,1,0.3624845978525797,0,1.1177799355855227,0,0
1043,0.5457171261152323,1,1.5513907785474732,0,0.880286994777548,2,1,1,0.3416259927727454,1,0.98145092311188,1,1
1953,0.7311138845458807,0,1.3873425697693562,1,0.758067315101709,2,4,0,0.615221383960221,1,0.9218579537291108,1,1
1730,0.7816891607516744,1,1.433010263332429,1,0.8082113159451539,2,5,1,0.42120003930712613,1,0.5879810106506924,0,1
1724,0.5030478931921557,1,1.4403554989757426,0,0.5052469288616978,3,5,1,0.5081223165741616,0,1.063503995813118,1,0
236,-0.12940581325702405,1,1.6573708864273966,1,-0.4801661797261272,1,4,1,0.49965228258585886,0,1.205842018387644,1,0
736,0.9756188036857093,0,1.5267485119276274,0,0.26119193270125973,2,2,0,0.37526340330302915,0,1.0629085191715053,0,0
563,0.241526287364697,1,1.4531276146517265,0,0.6052941234039304,1,3,1,0.5662003297299015,0,0.9629675983053868,0,0
1612,0.9447235471705819,1,1.5780661734173334,0,1.354414395324235,3,4,1,0.419730975223206,0,0.8272511598110897,0,0
326,0.08956432790993324,0,1.5732011504594197,1,0.4952291094428784,2,4,1,0.49401998475332154,0,1.0050648682760996,0,0
1175,-0.29052698156264967,0,1.423568321597405,1,0.7524780288369702,1,6,1,0.45870263152450397,1,1.1048674365112956,0,0
601,-0.1685661282346358,1,1.4723905381346454,0,0.6356221130147633,3,5,1,0.6088258803892639,1,0.8195294292861175,0,1
155,0.8986366074276615,0,1.5249014202091409,0,0.675555905189908,4,1,1,0.41593739397180884,0,0.9809705352016255,0,0
1747,0.5865720510114856,1,1.6528060294145859,1,0.7198492711961083,4,2,1,0.5174314830965825,1,0.8311014340640825,1,1
1403,0.42934257070790927,0,1.3666644652350952,1,0.5248958991163349,1,3,0,0.6570560564573893,0,0.9707191436037902,1,0
1061,0.8743749689227482,0,1.4483795434248417,0,1.415749789916172,2,2,0,0.3059790514080303,1,0.7344030382771221,0,1
2134,0.8345224286846227,0,1.5901408378903616,0,0.755626951445316,4,5,1,0.4285830329082072,0,0.6554486669072414,0,1
274,0.32712295980726036,1,1.4374568963124918,0,1.3467616177657886,4,1,1,0.4267712603388834,0,1.1833342415175023,0,1
1610,0.48843841598861365,1,1.56087569913177,1,-0.08399799250109019,3,2,1,0.5553712270107145,1,0.9304519410528284,1,1
2305,1.3072300345625223,1,1.6017090928135533,1,-0.10230073884157587,2,3,0,0.25871419604079654,1,0.9739772731910611,0,1
2262,0.4402872915280298,1,1.4233027555795257,0,0.4647205129160467,1,3,1,0.43274455705267245,1,1.0146819087341172,1,1
1890,0.4886466189838106,0,1.497794457599608,1,-0.09776197331880121,4,5,1,0.6045593814883148,1,0.9471710335972289,0,0
2244,0.26231861011331453,0,1.3952009436282498,0,0.6800853445131422,2,4,0,0.46643709409262346,0,1.1619724873035524,1,1
640,-0.30806890155000366,0,1.475953135143394,1,0.8480605695141261,3,2,1,0.540757203370849,1,0.8806957745985545,1,0
249,-0.13210414835791107,1,1.5335628673869286,1,-0.039215163887845184,4,4,1,0.49410011493072964,0,0.7547843245368285,0,0
436,0.4745402887840371,0,1.3234195998476272,1,0.41334825366233874,3,5,0,0.5598970561975616,1,1.0063182084345454,1,0
1572,1.213080059277046,1,1.70942995823287,1,-0.24821941045599671,1,6,0,0.5664236617155951,1,0.8331357556850991,0,1
1616,0.24390198818090253,1,1.4605236128688768,0,-1.3418164398839363,4,3,1,0.3655785376467708,1,0.9260001376521327,0,0
1303,0.2540107876877761,0,1.5059802423784403,0,0.8469286288428365,1,2,1,0.4160155242073459,1,1.2288751327408431,0,0
119,0.8970232333006143,1,1.269543748788368,1,-0.12943235088449012,4,3,1,0.4780787350675862,1,1.1460994835078493,0,1
2273,0.5348043055375931,0,1.534406911555945,1,0.5944788895854405,1,1,1,0.44547999611260647,1,1.3236426572328943,0,0
2164,0.6581758828472292,1,1.665257283635912,0,0.4512048934090885,3,1,0,0.4909792824906678,0,1.3041357634346502,1,0
1762,0.7999184203893974,1,1.369365131619463,0,0.4431177170858184,4,4,0,0.6155698944341531,1,1.1724130498875858,1,1
1067,1.04649909331821,1,1.4796076136672236,1,-0.07888148158290564,2,4,0,0.3303007437019131,0,1.0956417627362567,0,0
537,1.2358759421341516,1,1.5400149916878718,0,0.08455269427055623,3,5,0,0.6160189262916949,0,0.8103105247590019,1,0
1850,1.2951162638318505,1,1.5593011847255598,0,0.7786052474093896,4,3,0,0.4443823638088963,1,0.7896105426587128,1,0
1529,0.6781420881306424,1,1.3243790528358148,0,1.3767985954633666,1,5,0,0.5893321106915222,0,0.8373827273459469,1,1
586,0.861750595004847,0,1.4485823753639258,0,0.6520823964988128,4,3,1,0.3644975009988926,0,0.7240539429450433,1,0
2037,0.3783880506038323,0,1.447651833962926,1,0.13740434557581005,4,6,0,0.48670486962787607,1,0.8097632122605924,0,1
910,0.343983954534498,1,1.4947674490707792,0,0.8442778725586124,4,1,0,0.46369474758353424,0,0.6514648758474684,0,1
1438,0.39264917887046813,0,1.3224119844456594,0,0.8092667840390112,4,4,0,0.34819121921265295,0,0.9377415905722853,1,0
777,1.1976737639169281,1,1.472157617840468,1,0.26446009193474596,4,1,0,0.481319096294414,1,0.8234496110790825,0,1
1533,1.119729816692465,0,1.5948175139278133,1,0.6400239430616198,2,3,0,0.4649966945489027,0,0.743835643405238,1,1
22,1.065013953827894,0,1.4839554837145694,1,0.9947882150568936,1,4,1,0.5807632320222599,1,0.8211080594360307,1,1
1562,0.019191577802959103,0,1.2848631284558516,0,0.3795074865311303,2,1,1,0.4447503323613011,0,0.7729883078671437,0,1
1287,0.16689596002750673,1,1.4236236760990377,1,0.8333376148491157,3,3,0,0.5187268494210016,1,0.9259015920769011,1,1
247,0.6279515456444515,1,1.4983496432562002,0,-0.8681535191696421,1,6,1,0.559681597520829,1,1.3386998173353668,1,1
1705,0.9598228445320214,0,1.6684672542150372,1,1.6144615363160866,1,4,1,0.6177844525429315,1,1.102175945196495,1,0
1585,0.936076470299932,1,1.3714213963327377,0,0.3048785320675931,2,3,1,0.45049599810264623,1,0.9511726098347381,1,0
1289,1.2512913459572923,1,1.5324356791509302,0,0.5544204722835693,1,2,0,0.5029992634053516,1,0.8182228074485276,1,0
1078,-0.508919276266196,0,1.5388982870917183,0,1.0078444854302795,3,1,0,0.5272844032261349,1,1.0069772039656688,1,1
1346,0.09528417669532624,1,1.5383109102281842,0,0.3318812570169912,2,1,0,0.44330197715001557,1,0.8917722590244695,1,1
1265,-0.07188952420162387,0,1.5063914588994967,0,0.355653463044028,4,1,0,0.48967793202175747,0,0.8678420166959029,1,1
405,0.4483084774342025,1,1.6757283900163904,1,0.8536897566201223,2,6,1,0.5126819710837345,1,0.8122447583498723,0,0
1586,0.917816735723225,1,1.3566780257117017,0,-0.24919328733032176,3,4,1,0.3759815389505132,1,0.8279526078677047,0,0
1050,0.5533349762512874,0,1.56355456302195,0,1.0664812141928377,4,3,0,0.4321776758565772,1,1.0114081462938402,0,1
1864,1.0021427591062182,1,1.5790856576962053,0,0.9086531194807844,4,2,1,0.4284596890685343,0,0.7122798773761043,1,1
473,0.46734540131811464,1,1.4447561460180827,1,-0.05927452246633769,1,5,1,0.6529684117871768,0,0.7736034614158922,0,1
2205,0.14461305577596828,0,1.3869941430054182,0,0.19686380167626155,4,2,0,0.3879887602659946,0,0.7830116328517963,1,1
2210,-0.002337654399652056,0,1.6255008235322053,0,0.8416054701918356,2,1,1,0.5392194290872657,0,0.9557420338529253,0,0
1100,0.36985708590045896,1,1.4286151296423468,1,-0.09491491785467843,2,2,0,0.45373861259428716,1,0.6162545911385295,1,1
176,0.8458144107127459,1,1.679079693651094,1,0.08313706167297358,1,2,0,0.5342472244780961,1,0.8262657631838951,1,1
54,0.15507528688663125,0,1.5538160393805016,0,-0.27316035561179997,1,1,1,0.6449318811655083,0,1.0651865414946833,1,0
2177,0.39972498635051973,0,1.3480521930334601,1,0.6054652739740489,2,5,1,0.36354537422093136,1,1.148717163150778,1,0
2247,0.2922938659231692,0,1.592983941366374,0,0.4726886470583136,3,5,0,0.44900234896422136,0,1.0321318087096771,1,0
534,0.2851817577805298,0,1.5389839556035865,0,0.5101481713070471,1,3,1,0.4851430997090296,0,0.7308311861806163,1,0
2057,0.06473491908556234,1,1.5204055324156132,1,0.21549086031128806,3,4,0,0.4863738708005262,1,0.927329920817263,1,1
777,0.5438769307869922,0,1.4724958197657019,1,1.2182835347075187,2,2,1,0.4633962605997405,1,1.0464701584265033,1,0
2218,0.7110714135310258,1,1.5060799003721554,1,0.2053185888224754,4,4,1,0.37446441825524734,1,1.1383264501983452,1,1
1343,0.09694833168526978,1,1.34506028335796,1,0.6643433902030141,1,5,1,0.6046752601328804,0,0.7796723206870633,1,0
2332,0.5723349961051539,1,1.5415852337827012,0,0.16752263875086199,3,2,1,0.3880507850897658,0,0.6670894308864559,1,0
281,-0.07416323620723064,1,1.632816326287525,1,0.004245624986820129,2,6,0,0.4008576872717136,0,1.1676652761398536,1,0
2183,1.313713839834299,0,1.5180926624386326,1,0.22813337536383294,3,2,0,0.3730376787752384,0,0.7473950667629297,0,1
1078,1.0572365980166343,1,1.5477530270215658,0,1.2703555592250344,3,4,1,0.4168880873980828,0,0.8769921214177527,1,0
1370,-0.5852577479812513,0,1.6730823680293774,1,1.101411874069866,1,6,1,0.4259479421801252,0,1.1123778479548148,0,0
39,0.37488639851158967,0,1.55265047008705,1,1.1626324717206145,3,4,1,0.46546290665411766,0,0.7104117343407097,1,0
1531,0.5254531502134976,1,1.416284949641223,1,0.9633965579127588,1,1,0,0.5464767291460114,0,1.443703747171353,0,0
1224,0.780742927885929,0,1.6929080827034386,0,-0.09399328005486873,2,2,0,0.441748981866886,0,1.0060740836623638,0,0
243,0.6938025520356388,0,1.6295741388426321,1,0.22855897106785034,3,3,0,0.5757086267946746,0,1.0243110931890844,0,1
1833,0.8627689559879662,1,1.4965301664618593,0,0.2719489629340427,2,2,1,0.6152455833706574,1,0.8638972293052957,1,0
739,-0.48719953784044656,1,1.5748342638639254,1,0.3645791588053948,3,1,1,0.5478829828599647,1,0.7780895827982092,1,1
464,0.4800321514836676,0,1.3800264341830841,0,-0.09614205088726147,3,3,0,0.5431951689744856,0,0.7273064777204423,0,1
871,0.6993682995303369,1,1.5151540948564044,1,0.5123048393831914,1,5,0,0.4968505456530746,1,1.3041775652821452,1,0
1239,0.6560192687458771,0,1.55022265034083,1,0.2522080080380589,1,4,0,0.5494052083377976,0,1.0511178904144103,0,0
512,1.6425574792040967,1,1.6369943580242474,0,0.7581554700166193,2,2,1,0.4843727080233362,1,1.1370877340364256,0,0
2000,0.437505093894723,1,1.5409611007146111,1,0.15436030689048946,2,5,1,0.46183156092900995,0,1.098335362070942,0,1
1012,0.19510468567471795,1,1.5783407739443045,0,0.47135574970707583,3,4,0,0.5594204464155257,0,0.7739198392417427,0,1
152,0.971095300769645,0,1.495749414850781,0,1.3388235416746128,1,2,1,0.5564328561636684,1,0.9148001134393874,1,0
1960,0.6468744325798315,0,1.5125757513274283,0,0.46329055689729653,3,6,1,0.34967088400198665,0,0.9754595319532758,0,0
881,1.2476845781909272,0,1.3869633665220167,0,0.6517003613315177,2,6,1,0.5015473648130805,0,0.7048670971937101,1,1
246,0.4826488143744908,1,1.412924983787126,1,0.546227777231296,1,4,0,0.4692289212341465,0,1.0630368894305888,1,1
2285,0.8116589212339482,1,1.523150258615347,1,0.49814837906389614,2,2,1,0.5185404154131555,0,1.0011807195272546,1,1
2097,1.3230893274254616,0,1.5135453483529004,0,-0.0033321445139291583,2,1,1,0.4225162458724776,1,1.0489591871333213,1,1
2100,0.4269553565603958,1,1.3166832382646918,1,0.4166142513712235,4,1,0,0.581620742948247,0,1.067614208348527,0,0
1403,1.284745136141248,0,1.358696142063155,0,0.3956850692225761,3,3,1,0.3855244078828314,1,1.1543865542914775,0,0
1831,1.3121550379924942,0,1.5210939121170697,1,0.8000599459523006,1,4,0,0.4618491758207717,1,1.0484249094319673,1,0
293,-0.012159963838923593,1,1.5474667349509112,0,0.8923788364575957,1,2,0,0.5226437035947824,1,1.00007726129065,0,0
907,1.4849771211918654,0,1.3625473297027717,1,0.43115629312244597,3,2,1,0.5213052463178076,0,1.0162007310360155,1,0
2277,0.38546976132867466,1,1.5014567254775828,0,0.9517617872332602,1,1,1,0.47065285390278777,0,0.5459341932987127,0,0
1894,0.8589946606080283,0,1.4507411018510536,1,0.3078653953402406,4,2,0,0.5045867201252304,0,1.0288444569955228,0,1
516,0.1607186990860816,1,1.563350180416675,1,-0.14972047908809893,4,2,1,0.6814282557155278,0,0.9827463207800452,1,0
685,0.24359779570906503,0,1.4842600536503368,1,0.6896061908455077,1,2,0,0.5223483804821155,1,0.8473411057226595,0,1
21,1.0390503619125218,1,1.518279596981291,1,1.0028635836679924,1,2,0,0.4253544365434004,0,0.9165495179123132,0,1
378,0.7523752790471334,1,1.4347378706559424,1,0.6403643597590757,1,6,1,0.33812416831484443,1,0.9189548519806494,1,1
2010,0.029675010677578384,1,1.5969394346336854,1,0.6746409657924808,3,6,0,0.5764472786325008,0,0.9575683137416807,1,1
1686,0.6482918926492404,1,1.356601899150361,0,0.8311011276173825,4,1,0,0.5231218650668801,1,0.6968645809183609,1,0
14,0.8619823090478544,1,1.5490005975992918,1,0.6718168952780355,2,3,1,0.4221470890602533,0,1.067783935356756,1,1
1583,1.1670596155671729,0,1.2937999721511482,0,0.8286209208548057,1,1,1,0.41183274117695223,0,0.7819751782284281,0,0
1302,0.7291266571061523,1,1.6800928996344449,1,0.38635459795859717,1,5,1,0.43889724915753503,1,1.2688012551083743,0,1
1822,1.0842206764753586,0,1.4156236906592445,1,1.038253655430001,2,4,0,0.5275675879158188,0,1.0028821677238018,0,0
268,0.8861706362369559,0,1.4723186171342328,1,1.132301597002316,4,6,1,0.400493494954574,1,0.9715435658165426,1,0
1817,0.41375392077079476,1,1.4477145099029731,0,1.1404338320929064,2,5,1,0.44941783692082765,0,0.7689951743853993,1,0
1599,1.0648749203305758,1,1.513892736474283,0,-0.18055198310591347,4,1,0,0.649359335085042,1,1.0953946941026054,0,0
1248,1.0306912050016157,0,1.5502796401056047,0,0.7698149337645681,3,6,0,0.3608890731843157,0,0.9287738735943291,0,1
1715,1.0015537798617928,1,1.4820370809781263,1,0.8186062747483518,1,5,1,0.4039833720040958,1,1.2069183168630424,1,1
557,0.6832186313053293,1,1.4986985995109425,0,-0.07303081619900276,4,4,0,0.6635307126133155,1,1.112933497456352,0,1
473,-0.02480645230508005,1,1.4158994049672504,0,0.6634447042935998,3,2,0,0.3681646681452452,1,0.8192997767190414,1,0
1930,1.2090450310958678,0,1.428918139255981,1,0.7128750158153565,4,1,1,0.46297892862896023,1,0.9644219935676974,1,1
661,0.546101545045449,0,1.6662277731118178,0,0.14418016890199753,2,2,1,0.647349134943938,1,0.8582076852655259,0,0
73,0.5639261520645014,1,1.27745109188993,0,0.06456025474313748,4,2,1,0.4711565089776441,0,0.8939740538453299,0,1
427,0.7742276046873839,0,1.3951534712765752,0,0.6257032286000348,1,6,0,0.5047619307077963,1,0.46121725467904273,1,1
1032,0.3798654122924307,0,1.2927265477694854,1,0.5939398985430587,2,2,1,0.6021727156267405,1,0.8757729450975396,0,1
9,0.23071097755856684,1,1.4413711316039692,0,0.07111950645231546,4,5,0,0.5326223836912197,1,0.9347748355826022,0,1
1918,0.5719593447672969,0,1.53237570325176,1,0.38554677599915216,1,4,1,0.27390298321890205,1,1.0970693000028544,0,1
71,0.4702972177275445,1,1.5550084232935684,0,0.5601798357125749,3,4,0,0.4185829899575815,1,0.9193926677234258,0,1
126,0.6658330345689503,1,1.417564676119959,1,1.0695040851804145,4,2,0,0.4633749414420521,0,1.0276156793648927,1,1
1333,0.5048119778743065,0,1.4121789714493995,0,0.13157462503191408,1,4,0,0.31078288724761094,1,0.8957264736431907,1,1
891,1.1589664688000223,0,1.412790707135735,1,0.3664068089933582,4,2,0,0.5348399636647225,1,0.7691905611766425,0,0
1104,0.8917811902540498,1,1.4279357491402997,1,0.14942758353871788,2,6,0,0.5675428079829582,1,0.9484397230900281,1,1
1784,0.9102206238733354,0,1.5431748599390667,0,0.02850351320000266,1,4,1,0.3710699540044516,1,1.001633015464687,1,0
2081,0.07991139303343409,0,1.5924576697182082,0,0.8045830226248678,3,4,1,0.4458027732567034,1,0.9073651606409369,1,1
2294,0.9758261152353633,0,1.4536477491020867,0,0.5137799967658351,1,1,0,0.5437847749718047,1,1.2434926537900581,0,0
2233,0.5613909147622828,0,1.5312483680386435,1,0.03494444747129677,1,2,1,0.6415856855800435,1,1.0498356444792227,1,0
242,0.9832772963479697,1,1.4096189916859296,0,0.7791358586653087,1,1,1,0.38393135023369607,0,0.7763192283170304,1,0
2345,0.2845371355486612,1,1.693927599480825,1,0.8665357119687811,1,1,1,0.460918343383289,1,1.0194244052840304,0,1
1219,0.5545590365982912,1,1.5313533092452172,0,0.17213047335451503,4,4,0,0.3963607965835766,1,0.808137560951818,0,0
2294,-0.00779386508895219,1,1.6526167986646347,0,1.0671443758132078,1,3,0,0.5561135603799838,0,1.1418361513576796,0,0
227,-0.4128586979304021,0,1.3286790785303682,1,0.392582016427356,2,3,0,0.6491565232245766,0,1.0746403862977774,0,1
1761,0.7506474451638735,0,1.4933064624883055,0,1.2789166492207484,4,1,0,0.39825856778980373,1,1.239743654115539,0,1
1999,0.47559573150591866,1,1.650891335040797,0,1.7645514092035715,2,2,1,0.5474752295281496,0,1.1043286359356976,0,1
549,1.0141810007574807,1,1.658096885027379,0,1.517035173410782,3,2,1,0.515881685162061,0,1.0057332674986832,0,1
27,0.9058429015649914,1,1.6532127105867773,0,0.3504962612727751,4,5,1,0.45921535747482806,0,1.2700529348356397,1,1
1546,1.3437427786108302,1,1.5285212522963079,1,0.18102871837730106,1,5,1,0.48863336131855256,1,1.0090874157369256,0,0
1486,-0.005520532623660035,1,1.6160306060296257,0,0.7176147676895661,4,4,1,0.3557782033763869,1,0.9712371225242142,1,0
541,0.8569640406877903,0,1.3874128189790724,0,0.3061687941240717,1,2,1,0.5209895960729076,1,0.5679961216651072,0,0
1454,0.500369171727551,1,1.58639284100931,0,-0.2764626472237709,4,2,1,0.4602042528421389,1,1.2479584135544282,0,1
539,1.1255681803805127,0,1.5195031759290973,1,-0.5124137929019834,3,5,0,0.5065051999897386,1,0.8488761838558005,0,1
1671,0.4020505909562003,0,1.62725931585633,0,0.4795267931869507,3,6,0,0.49801755238078455,0,0.9454664542794133,0,1
2331,0.7552694580082595,0,1.3097361451829812,0,0.058226532088134664,1,4,0,0.41296865978610814,0,1.1741671812421282,1,0
83,0.2975459735511114,1,1.4182498264117531,0,0.5155672165046898,4,5,0,0.4567880606775719,0,1.261245167001064,0,0
719,0.8952296265927204,0,1.3503997535168961,1,0.6234092072312483,3,6,0,0.46831624894448076,0,1.0035661576500452,1,0
862,-0.2976573041509788,1,1.525365061726935,0,-0.2893013139268954,1,1,0,0.5971166511011851,1,1.3921969770004519,0,1
88,1.0812154397132563,0,1.6219288288086313,0,0.48920855856680534,2,3,1,0.4559783280081573,0,0.8437612451548517,0,0
1851,-0.37012433123986443,1,1.6224321833870878,1,0.8522975491228459,2,3,0,0.48456643442327185,0,1.263590899062754,1,0
1091,-0.2872886405287737,0,1.7174469802021273,1,0.9774115361131157,3,2,1,0.447604319966849,1,1.0944779956936879,1,0
1015,0.9407850097487254,0,1.557026660414872,0,0.42634058488936083,2,1,0,0.4619886394273816,0,0.7387101013833647,0,1
1498,0.7385180585793681,0,1.3040290562081915,0,0.7077234373746772,3,5,1,0.2556775511257945,0,1.0880576172211922,1,0
1352,0.6177642187511267,0,1.440423709876762,1,0.6951189153954496,1,2,0,0.4582468398097369,1,0.702219066344393,0,1
496,0.13877867421413154,1,1.5142015298788134,0,0.46542589473486795,3,4,0,0.552844630335776,1,0.767658042010919,1,1
2271,0.5780608421362272,1,1.364274028754237,1,0.9338724159542482,2,5,1,0.44918892201522304,0,0.9034416515668028,1,0
1875,0.32059657799817765,1,1.4285467463682686,0,-0.019136208109461372,2,1,1,0.4945449096764445,0,0.9625232068589732,1,0
1379,0.6536666497328563,0,1.549141446267941,1,-0.04273835161297823,1,4,0,0.47224738184596043,0,0.8497286484831875,1,0
1472,0.8364808531423269,1,1.380551055664325,1,-0.5200127178691585,2,3,0,0.4393760269233049,0,1.141183239556711,1,0
538,0.9109047326714519,1,1.2108826891018019,0,0.5208043531961951,2,6,1,0.5243274022295282,0,0.6530514961515368,1,1
1965,-0.15734912193487116,1,1.5026953566473882,0,0.8795205759167274,1,3,1,0.4397574515866208,1,1.3266358867038344,0,1
163,0.1898799296688879,0,1.6028319810737346,1,0.12627891702949007,3,1,1,0.48416884733473975,0,1.19488779350413,0,0
32,0.745311329754678,0,1.5436714426015468,1,0.49191535124541325,1,1,0,0.39851794993553674,0,0.5895416801776505,0,0
996,0.4322162588890306,0,1.4886645094731112,1,1.0117114945669035,2,4,0,0.6654640724042924,1,1.061591131230092,0,1
2201,0.46373610014984307,0,1.5114343881109367,0,0.3282017486343356,2,4,1,0.4052840350755439,1,1.1302417987879152,0,1
610,0.15824116524434362,0,1.362212260403854,0,1.0693502156965713,1,6,0,0.44115392049855384,1,1.0941421241105085,1,0
1717,0.9194867534342134,1,1.5158793478971837,0,0.2094369773342492,4,6,0,0.3705371088926316,1,1.2460247631278925,0,1
893,0.44303150731982366,1,1.6668600245356164,0,0.898504987096115,3,5,0,0.45545657660302963,1,0.9977788826119358,0,0
525,-0.045830472853927495,0,1.5112168944636994,1,0.774849092184303,3,2,1,0.5152151112434524,1,0.8424643610045534,0,0
1800,0.4454634996083862,0,1.5221807418889806,0,0.7690969075448235,3,3,0,0.5595340198417755,1,1.000226113531587,1,0
1861,1.0170880983640442,0,1.6176931819844855,0,0.6826611069687617,3,4,1,0.5355760013033093,1,0.78123457505885,1,0
1992,0.9054375472034141,0,1.5499154566683833,0,0.6302275888984945,3,5,1,0.4714260125335068,1,0.7834647302335386,1,1
266,0.9947266371721217,0,1.5105188038444202,0,0.46951546573683456,3,2,1,0.3996298347254204,0,0.8310015851346089,0,0
972,0.15472018055329773,0,1.4458684736805154,1,0.2735057842664171,1,6,1,0.5090801755345122,1,0.6746699074483202,1,1
393,0.5348204012647152,0,1.5109692252050808,1,0.47243646562999414,2,6,1,0.5803301930761116,1,0.9203888443423094,0,1
918,0.7104521604587986,1,1.5755969767517504,0,0.586380572195581,4,4,1,0.39822343155000695,1,1.17172151057113,0,0
909,0.35537161239638104,0,1.5659353013262347,1,0.6451400019391587,4,3,1,0.378878285170958,0,0.9835928167877598,1,1
1078,0.8769808649047199,1,1.4701301172421004,0,0.7083455247385134,3,1,0,0.5270271800050902,0,0.9186465516416656,0,1
152,0.7776750306087752,1,1.3044561388285503,0,-0.13600895707559557,1,6,1,0.5491795230002244,1,1.127092119232545,0,0
1158,0.6867419122856486,0,1.3791059596838982,1,1.1273532316984138,1,3,0,0.4355933085310338,0,0.7797814410381377,1,1
2130,0.2837023643719716,0,1.4860461258432094,1,0.8240807516101682,3,5,0,0.41937164922613246,1,1.1269231707196619,0,0
495,0.6212597018009084,0,1.535524370194435,0,0.4305106552002042,2,4,0,0.4569315427439979,0,0.9592511958542559,1,0
1703,1.1886291729136218,0,1.4139584086651806,1,0.0014380932748131459,2,1,1,0.43539828911981115,0,0.9799743274556607,1,1
2016,0.35306202707204815,0,1.460495080208041,0,1.0859821781040435,1,6,0,0.473311607626118,0,0.9710564082430068,0,1
1891,0.5417276294933376,0,1.4407027415753018,1,0.5807150895581552,2,5,0,0.44016099515915574,1,1.0550923092759992,0,0
1232,1.01347828230632,0,1.4932507036007616,1,0.398305197391543,2,3,0,0.4390096977476225,1,1.0186761193002403,1,0
544,0.6846500028520579,0,1.3725442428416734,1,0.5438828438583101,1,6,0,0.47489762615941256,0,1.1456808025939864,0,1
819,0.0175559401855237,0,1.5709235691213712,1,0.6626956927220276,1,5,0,0.5637637635674057,1,1.0621597549329034,0,1
1720,0.8972758320649286,0,1.619582426333769,0,0.3692357333046905,1,6,0,0.37043288048593664,1,1.0344286335530877,0,1
446,0.8269753851980113,0,1.4935507528886902,1,0.4441144308943081,2,3,1,0.39433366433070194,1,1.1334808627600215,1,0
1648,0.46678413348781045,1,1.5462965338648584,1,1.3282134520187288,2,1,0,0.2942984626081603,1,1.114926500341357,1,1
2271,0.6834835890159916,1,1.5569731882218085,1,0.09860110518804954,4,5,0,0.523967176623498,0,1.3105794666899653,0,0
340,1.1536693286016808,0,1.5085028264530618,0,0.079722856753414,4,2,1,0.4592563285237552,1,0.9516232805484626,1,0
136,0.02127029055998858,1,1.4470749023115277,1,1.7265412707031451,1,3,0,0.38619550900886046,0,1.1054904005478454,1,0
221,0.3720403959459265,0,1.3697426123349206,1,-0.1580380879105363,2,5,1,0.48604686452979334,1,1.080002585363928,0,1
35,0.9532898043304481,1,1.6410683902812546,0,0.5648108313064115,4,5,1,0.4454736861833223,1,0.9886320226834495,1,0
1911,0.7389022295622188,0,1.540810255372876,0,0.8366909945057073,3,2,0,0.48608606786589,1,1.043037479904772,0,0
2068,-0.259234482013746,1,1.4834754358152749,1,0.07588731080294531,2,2,0,0.47580082980889565,1,0.9536713316806924,1,1
281,0.9596109421361019,0,1.3788838554882807,1,1.1952293367992395,1,5,1,0.5588838921912775,0,1.0114230036063483,1,0
1827,0.8724891779328597,0,1.5181848009409793,0,0.41260723181239256,1,5,0,0.42834897152242096,1,0.8344995821390715,0,1
1215,0.5764901728110357,0,1.5428170600375557,1,0.7890196045048321,4,1,1,0.3934756016900096,1,0.8540447286344365,1,1
75,1.5292942703191967,0,1.521606131841291,0,-0.03115815879113837,4,3,1,0.370323698459676,1,1.036572394814659,1,0
1637,0.45358854137075033,0,1.4631013774474395,0,0.7925713477082816,4,3,1,0.3960358959519954,0,0.9633864555961852,1,0
119,1.1324994614099335,1,1.46866826052434,0,0.7928410972268619,4,2,0,0.4990080063138686,1,0.9153772490233009,1,0
857,-0.4333846647564248,1,1.4451443260625867,0,0.1333851684801502,1,6,0,0.40993687430821485,1,1.24529833948006,1,1
1315,0.2075792263397448,0,1.5788854373694226,0,0.6301150440473559,2,1,0,0.45449116842172893,0,0.6821096298033749,0,0
42,-0.037331509023634135,0,1.538920196592257,0,1.3174501949304267,4,5,0,0.43594234028531725,1,1.2112269734409933,0,1
1944,0.4772452185422573,0,1.6035669651153626,1,0.3841264606215993,3,4,1,0.531440997126727,0,0.7267892031202152,0,1
1252,-0.5207050457315001,0,1.351889883077169,0,1.0238354907449876,4,6,1,0.3724621677709341,0,0.8594788251658873,0,0
1603,0.19608696021094085,1,1.5506455589728403,0,0.19714167733756466,3,2,0,0.5239048109848712,1,0.6382203217040671,1,1
1015,0.7126797318470504,1,1.3701140347167167,1,1.2645286725782867,2,6,1,0.5059254920839039,1,1.0646890448611261,1,0
1169,0.43064109993056765,0,1.7006589508321197,1,-0.17331403899035835,1,3,0,0.4868656088021586,0,0.55792695367864,0,0
1073,0.013874184960358027,1,1.335098503478604,0,0.6853412254682829,4,2,1,0.43620754700055514,1,1.159510808503071,0,1
1397,0.19428681598758651,0,1.6933173505745185,0,0.3794080350214969,4,1,1,0.3352625727759002,0,0.7888428680145043,0,0
490,-0.003925082902103361,1,1.5850106666440644,0,0.3694596427862681,1,4,0,0.4218868741048461,1,1.0233140935379474,1,1
1930,0.2976924972568119,1,1.5500636114213004,0,0.4894194153218688,1,4,1,0.3194769739224361,0,1.0983114343845894,1,0
514,0.8058282715335887,1,1.3422271304517868,1,-0.42169831082362375,1,6,1,0.5997207884681715,1,0.836515355491984,1,1
1603,0.8681463360795041,0,1.4283330059923183,0,0.8113250724313235,2,6,0,0.43150170424862816,1,0.9790862141623013,0,1
1825,0.28865994540577966,1,1.4143863988424625,1,0.1434456124192558,3,1,0,0.4419208237222968,0,0.8334068529735736,1,0
1380,-0.22305166712854407,0,1.6206093758247229,1,0.3897108330507085,3,4,1,0.45839331277520745,1,1.1455265321377863,0,0
1899,0.2697171184983819,1,1.4374770432762596,1,1.061899779723932,1,4,1,0.49020325065906273,0,1.0083638764435279,1,0
1794,0.22853013136867562,0,1.4738970726387335,1,0.08394537830060927,3,4,0,0.5697843333861308,0,0.7837197636847978,1,0
2364,0.5990532124452851,0,1.491416252827329,0,0.8481034197743231,4,4,1,0.4751089936422461,0,1.236410583935069,0,1
823,0.31828025828414397,1,1.5439511236793004,1,0.12440973449971393,2,3,1,0.42067439104068455,1,0.9892936729881879,1,0
2335,0.2093705706552595,0,1.3284250648469864,0,0.3964555185431605,2,4,0,0.5043599575428149,0,0.8267671408301052,1,1
2287,-0.11405426611665082,0,1.3118445180828566,0,0.5558156883834953,4,3,0,0.5767026351621348,0,1.1551968258651184,1,1
1794,-0.19962352633937797,0,1.6788136229735033,0,1.131307069176956,3,2,0,0.47196934241722166,1,0.944798506034179,1,0
2189,0.1213703616212381,1,1.448427540922924,1,0.5336918526839856,2,6,0,0.42638205481149705,1,0.6700051277057159,0,1
1967,0.6678178897608815,1,1.4511497013097927,1,-0.09679786806053581,2,2,1,0.4828205750260644,0,0.7097125301348648,1,1
2288,-0.005140590376794929,0,1.542449008321136,0,0.19043024118193874,2,2,1,0.519773436964415,0,0.7735206848243854,0,0
1529,0.16742467813049755,0,1.5367012264576485,1,0.107162380703137,1,4,0,0.46719164084653686,1,0.6286339900750131,1,0
110,0.12316500996451113,0,1.575287087685245,1,-0.31493477024693195,3,3,1,0.5480439979756406,0,0.7563326995497462,1,0
1806,1.0901185502967783,0,1.56210353264746,1,0.4223300477892724,2,6,1,0.47677799031899976,0,0.8496496400434843,0,0
437,0.9265863866791888,1,1.3741231427975984,1,0.4330645234006584,2,6,1,0.5230425709340001,0,0.9064784072824004,0,1
26,0.05414452266968667,0,1.628586562987792,0,0.40029150200834196,3,5,1,0.5313658167033436,0,0.9008660064504909,1,0
1742,0.24042884187591368,1,1.3804909310711064,1,0.9040297857243511,1,3,1,0.49101520248529645,0,1.0429473474033228,1,1
1131,0.7101738510841508,0,1.5205119156714053,0,1.2404463336686606,1,1,1,0.5385451043563895,1,0.7533498250041257,0,0
355,0.22588479785505006,0,1.5298606801761594,1,0.46525872060827267,1,4,1,0.4862991918995196,0,0.6863812905237047,1,0
2070,0.782449529107846,1,1.3991289374020575,1,1.0524301042831608,3,2,1,0.7410008042850837,0,0.87891414402963,0,0
1615,1.1290524609664323,0,1.4528299618826008,0,1.2010434916914314,1,2,0,0.4623732683507629,0,1.0970351299950492,1,0
161,0.6103615379021552,0,1.4838197058721185,1,0.8891699231177602,2,1,1,0.529486926364038,0,0.9692994215364192,0,0
489,0.338467880715537,1,1.4954388316280665,0,0.8941787821346496,1,5,0,0.6079393856194182,1,1.182758339593761,1,1
2014,1.2848330753443928,1,1.4465784349696662,1,0.5010775844597936,1,1,1,0.5871984468407597,1,0.873036928563004,0,0
1103,0.8172819393203877,1,1.6360105515479826,1,0.27056806870726563,1,4,0,0.5318963614223503,1,1.1440060639998035,1,1
65,0.11726689000685059,1,1.6635143679841409,1,-0.3840113190454325,3,4,0,0.5289315144396016,1,0.8587502784406783,0,1
1430,0.5430860364473589,0,1.5061502466094872,0,0.7679307690937102,2,3,1,0.46798273797294904,0,1.0688742646930571,0,0
2035,0.30229678052129727,0,1.4752976081345595,1,0.22555761280588077,2,2,1,0.42481592442565613,0,1.3161314542762805,1,0
774,0.581835415739729,1,1.5614638753838193,1,0.04018105525566229,4,1,1,0.593589201136395,1,0.9284703500029664,1,0
770,0.05032495645631324,1,1.637760931593227,1,1.0878465498459107,1,5,1,0.5141876072831362,1,0.8467797546627149,0,1
1857,0.6813602763207596,0,1.3935870722914827,0,0.2165436944181251,3,2,0,0.48389910614250053,0,0.7948755310192446,1,0
1223,0.6411795765852233,0,1.412596569309466,0,1.3622799482990489,1,6,1,0.4008111284881132,0,0.9933810508179189,1,1
504,0.8544956816069366,0,1.509561451579431,0,0.24442961106528976,2,1,0,0.5183792563613046,0,0.9983740344671973,1,1
1826,0.49311479830142996,1,1.5886096689445601,0,1.0059273147934125,3,2,0,0.582491740858099,0,1.060937064313712,1,1
399,0.7650066966859169,0,1.5214804923150183,0,-0.034921144737357745,1,6,0,0.5242216034561381,0,0.9161639585252573,1,0
863,0.17529919104045683,1,1.522430331533991,0,1.093130228285434,2,5,0,0.48295502286453534,1,0.8686018680100526,0,1
779,0.43340115824804243,0,1.5464783970570057,1,0.7230663235591837,2,2,0,0.45460578686104447,0,0.9566398050462533,1,1
1576,0.3303323388379497,0,1.615437051326484,0,0.11007952577210367,2,4,1,0.3503135319675312,1,1.102253336004878,1,1
1880,0.6370933885533795,0,1.636531843336985,0,1.246993446906279,4,5,1,0.5326349647234773,1,0.8079520959440115,0,0
1074,0.3657931831366766,0,1.365821193058556,1,0.06437125453478393,1,5,0,0.4136058160210899,1,1.0488929858279463,1,0
1563,0.8315034752240167,0,1.5283047931180749,1,0.8523959214230507,3,4,0,0.41332982536738505,1,1.2558981263583704,0,0
607,0.5785115845577898,1,1.4044546417700514,1,0.510000085645212,4,4,1,0.47680036637340006,1,0.7676608342117266,1,0
1606,-0.2127725241970121,1,1.540987807690708,0,-0.18891071019507233,3,1,1,0.3681622359304835,1,1.078746679015194,0,0
972,1.2244947591444189,0,1.5712268070343158,1,1.128523153792948,2,2,1,0.49491509727699917,0,0.7319470173713816,1,1
1884,0.4752223503102354,1,1.4372132027754898,1,0.6978552704629976,2,2,1,0.5409979508162776,0,1.2020911334098567,0,0
1489,0.5629150320637644,0,1.4630660448874067,0,-0.2084151845828368,2,2,1,0.5651286686239544,1,1.049304002377424,1,1
1790,0.2583662300804561,0,1.3988066614192054,0,1.0156541563447439,2,2,0,0.5534765917756155,1,0.8060406697833107,0,0
1593,0.4449110641251949,0,1.631891147014473,0,0.6885321252263549,4,6,0,0.557833772028336,1,1.156864605016434,1,0
2349,0.2308483530633273,1,1.4183416571034209,1,0.5676719116858676,1,2,0,0.3801842647859285,0,1.0989269198137468,0,0
1447,0.5377563516377015,1,1.343623127149074,1,-0.5436294003963902,3,5,1,0.47010007753593025,1,1.0397416743598349,1,0
931,-0.14913328061600106,1,1.5941183848338025,0,0.9832787214187626,3,6,0,0.3688583439594166,1,0.9968502615206094,1,1
286,0.03743445955485175,1,1.3210343417017643,1,0.24934170691302693,1,5,0,0.4958138684545997,1,1.1587655229019653,1,0
824,0.13853204889346565,1,1.5263788679010217,0,0.1183567103277352,4,5,0,0.4758601991348175,1,1.2975603974825338,0,0
517,0.84957364848329,0,1.35955296431485,1,0.5198122242846555,4,2,0,0.4697243587618061,0,1.3776561583580773,0,0
129,1.0597566978450499,1,1.4919772344811035,0,0.9954657513983831,1,5,0,0.5327523394700963,1,1.0375139400534812,0,0
980,0.6868464701038638,0,1.4644114294793393,1,1.3604952202452592,2,1,1,0.4462423278139953,0,0.7849023343756496,0,1
2261,0.7392083159034464,0,1.5382789977812659,1,0.8526264003489605,3,3,0,0.5488297311195455,1,0.9718525337683362,1,0
1108,0.7795277101650298,1,1.4405122044875407,1,1.3660959432077229,4,4,1,0.3269678753001538,1,1.2256853558654481,1,0
1608,0.08485867713493367,1,1.5253196160410516,1,0.12377373059278268,1,3,0,0.40993938354540926,0,0.8572505503174809,0,1
1498,0.3377165624773881,0,1.5318476461026955,1,0.7395229446826799,1,4,0,0.479503069455431,1,0.903551726055756,1,0
2227,1.0403285121310277,1,1.6415445206224881,1,0.19687614985255042,2,2,0,0.5123571018031265,0,0.5928770466811926,0,0
706,1.5850276050574947,0,1.4073025007135422,0,0.11215235038601706,1,5,1,0.44653730740567293,0,0.9686626166846504,0,0
151,0.2409931250272211,0,1.3644334302767396,1,0.32647171739996894,3,6,0,0.5684140979100811,1,0.6282358648574337,0,1
2254,0.8692891321188256,1,1.439509859728504,1,0.3618536728592658,4,5,1,0.5739841175670328,1,1.1102278879109944,0,0
1237,0.7611181037711294,0,1.5171601411681939,0,0.03369506392096577,2,3,1,0.6163380992189345,1,1.0002648187895442,1,1
1139,0.4333033131261393,1,1.4480487414772767,0,0.9304633428619453,4,3,0,0.42916776750330404,1,1.1199992722885368,1,1
2071,0.8067181437875593,0,1.4721016592753058,1,0.7985528213078805,1,3,0,0.44760982289634904,0,0.9517300480354985,0,0
382,0.4064531185437662,0,1.430658930162111,0,0.915090348313818,2,3,0,0.4146529411488232,1,1.0872134281355477,1,1
1946,0.27014164548671094,0,1.6241986306355274,1,1.7279011532110025,1,2,0,0.45176698160462186,1,0.9117604348313393,0,1
232,0.3470942384453435,0,1.4801778566939656,0,0.3080198013716982,4,1,0,0.5717453553515845,0,1.399707567990223,1,1
1744,0.9182763787312278,1,1.478981866417651,1,0.29966062540183497,4,2,1,0.43576415117957096,0,0.5064544557854708,0,0
146,0.7815379670633709,0,1.6047056263272468,1,0.8732564543440153,1,3,0,0.41703372252439574,1,0.9924029901847539,1,0
1253,0.10499111634191,1,1.392331854854029,0,0.9787659328103608,4,2,1,0.5249140017235597,0,0.9910398266492141,0,1
672,-0.011532931579191885,0,1.4021377547959224,0,0.7156823806026578,2,1,1,0.45780622420293776,0,0.9896293414190778,0,1
661,-0.1326738093948998,1,1.7641072089480343,0,0.42716232729405634,4,2,1,0.4569698925085147,1,1.2343762215117833,0,1
2248,0.7646376801142112,0,1.534617260788331,0,0.7077457051871113,3,6,0,0.5653910039105434,0,1.0565828069917533,1,0
1586,0.7186320065085717,0,1.5640070648553575,0,0.8270119671080673,3,4,0,0.49143924986520615,0,1.0644291106154877,0,0
209,0.26395124620040733,1,1.451401285341122,0,0.3562037607023685,1,5,0,0.4444199356379063,1,0.8424481193656487,1,0
848,0.08338196145646393,0,1.6622213320391206,0,0.7548488844501124,3,4,1,0.3417982496797018,1,1.1282648396035508,0,0
2171,0.01764952945276399,1,1.5025446581493975,1,-0.17145521529872865,3,5,0,0.24570392125687193,0,0.9262935350271737,0,1
48,0.23677967804318778,1,1.5000400542713594,0,0.8769243565203825,1,4,1,0.6083161982010249,1,0.9295789382375556,0,0
1740,-0.13516704111368993,1,1.4248788433594908,0,1.3569675931790912,2,3,0,0.6485246982981598,1,0.8432677759890042,1,1
2350,0.4960365774087,1,1.6502510534294994,1,0.484047936377875,3,5,1,0.5564308450439636,1,1.3217971465151996,0,0
875,0.33468188080601313,1,1.6235945187831167,1,1.076442086083178,3,1,0,0.3820824730723912,1,0.7851497164288915,1,1
747,1.0340785045367018,0,1.383794256998203,0,1.1023987482699327,1,4,0,0.4562684618602084,1,0.7700249517201098,0,1
2228,-0.014038863854627825,1,1.713398213757353,0,0.31017678317765185,1,1,1,0.41381159595139017,1,1.1860176112059901,1,0
1986,0.8996845310372559,1,1.5520887314862397,1,1.0657304410789201,1,4,0,0.46104939338491835,0,0.9434649051389042,1,1
468,0.12779154281518224,1,1.446420661936936,0,-0.3962055935301183,4,3,0,0.5104296929336611,1,0.8169053626290553,1,0
378,1.19321461683043,1,1.4194497784480393,0,0.9068582521283861,3,1,0,0.41384459598902223,0,0.8860074286775305,0,0
1911,0.6068076994823015,1,1.5603289153463833,0,0.7040954677133151,4,2,0,0.5787039027849895,1,0.9702988124966141,0,0
555,0.5984445366578978,1,1.3730271557920952,0,0.28731482875034353,4,2,1,0.5597577809362795,0,1.117305132287239,0,0
1732,0.5603504745192862,1,1.5222404241303262,1,-0.2922463394920074,3,3,1,0.4100996742468622,0,1.175257809130384,0,1
91,0.4881753329762555,0,1.5281445295890042,1,0.2248850396210859,1,1,1,0.4209314727146739,1,0.9669142903341641,0,0
833,0.9688171587715837,0,1.477303622510127,0,0.26073145137321063,1,5,1,0.5844666663237483,1,1.016169362120303,0,1
1821,0.43742328431330435,0,1.542460611366386,1,0.3658044432954475,1,6,1,0.4539716939283466,1,0.8890534883290179,0,0
130,0.20932674532442175,0,1.3935050431936082,0,0.4570400106536737,4,4,1,0.3816960055514952,0,0.9441863724390491,1,1
130,-0.2408277237947064,1,1.4851815002941464,1,0.4083303946079811,3,1,0,0.3529875855822123,1,0.9152848197031117,0,1
534,0.6093084586606023,1,1.5857044396327653,1,0.6525948411664495,3,2,0,0.4350088638089127,0,1.1235117886141912,0,0
1520,0.5283081591908606,1,1.4904971281730286,0,0.6834732479878403,3,6,0,0.4946001014222807,0,1.049405063531127,1,0
859,0.6548760529300763,0,1.5238884075518413,1,1.4331742605979443,2,5,1,0.7015823320387754,1,0.9422402864594089,1,0
384,0.13690930710302152,0,1.3620036352796068,1,0.019272885924308147,4,2,1,0.3327077469078725,0,0.9011917568586914,1,0
459,0.6118461260860132,0,1.6513217390817752,0,1.3590971275458954,2,6,0,0.5291059305270556,1,0.9480102619146489,1,0
1622,0.951886938746459,0,1.5641273472897785,0,1.2604102343093095,4,3,1,0.35232148241300937,1,0.9450767684423903,1,1
2223,0.26098003976061035,0,1.6018683996056522,0,0.8107959611245001,3,1,0,0.3960286260192043,1,1.0818743638344936,1,0
2247,0.04348966005529581,1,1.4425288625514487,0,0.9644809996098408,2,5,1,0.3873488634222231,0,0.7633623706815664,1,0
1772,-0.3606961122042309,0,1.445051651720801,1,0.8133512358977196,1,2,0,0.45438312263790454,0,0.5566723434511371,0,1
2003,0.553649861917603,0,1.397191086068031,1,-0.05583753525218771,1,1,0,0.471058274036907,0,0.9861287823890846,0,0
726,1.3681392078470098,0,1.4872924302057546,0,0.91681737768134,2,1,1,0.5090595082110461,0,0.8844282705403158,1,1
54,0.5337573004321715,0,1.4745994109357083,1,0.717230999402741,1,3,1,0.42135447123476183,0,0.9094258817708132,1,1
2038,-0.10669813254063598,1,1.407538478217068,0,1.2957365178404519,3,3,0,0.47857464210758816,1,0.9973616083016708,0,1
582,0.3771706044437434,1,1.3478311757564165,1,1.139274257054896,3,6,1,0.3140775031318667,0,0.7926899822834241,1,0
2314,0.9895208812374574,0,1.3946433727578371,1,0.491400112514457,2,1,0,0.35663193538185517,0,1.2135370719796996,1,0
1400,0.5047963468650131,1,1.3763026411898713,1,0.7157159164388428,3,5,0,0.47124639240892313,0,1.138571997376232,1,0
541,1.0624853651717372,0,1.3943837799608427,0,0.3832548965741437,3,4,0,0.34819139698877644,1,0.7779729164892513,0,1
1376,0.09689956515078868,1,1.3646154257059109,0,0.07715569628926117,2,3,1,0.37312632788502353,0,0.7108001833824396,1,0
888,-0.4092007746067946,0,1.5749771302200162,1,0.45217850884637584,3,1,0,0.4616034970972129,1,1.1077141628630858,0,1
1053,-0.1034668737951715,0,1.5542684306769734,0,0.6134294043522146,1,4,1,0.4907977930048438,1,0.9152954113296282,1,0
1942,-0.08164336387868398,0,1.5141204871322316,0,-0.3746548437350651,2,3,1,0.5141646184522367,1,0.6753301708221231,1,1
545,1.1492748209948558,1,1.546266651340362,1,0.8237618819168268,1,3,0,0.5317089585355474,1,0.8481655430126017,0,1
113,0.052560140134715605,0,1.55321621087733,0,0.9213387530251355,1,4,0,0.5230417301988282,0,0.9084820521552618,1,1
287,0.06820886317656516,0,1.616283546947293,1,1.0550145249530143,1,1,0,0.5093160134999409,1,0.7999033905796074,1,0
1650,0.31723791495088516,0,1.4065294974705846,0,0.27310402097327136,1,6,1,0.3938500459483205,0,0.9736128542539935,1,1
1152,0.4416329724559278,1,1.4291504156843207,1,0.6838860631999533,3,6,0,0.49892920526918194,0,1.1208319804622697,1,1
1864,0.1828084073824946,1,1.5447783964870987,0,0.3285878238471952,1,3,1,0.2194904176256529,0,1.094138526976756,0,1
1678,1.4055780698611064,1,1.4995068321616194,0,0.2283543187995744,4,2,0,0.4557030848950045,1,0.9686934711843134,0,1
2201,0.5390740733637207,0,1.5838883488762927,0,0.609815142803187,3,2,0,0.44916408451434325,0,0.999563458051409,1,0
1504,0.07258370671654624,0,1.5566462158272427,1,1.30747278849642,1,2,1,0.642753540109291,0,1.0535661379479573,1,0
312,0.7399383284291616,0,1.4013397857899477,0,-0.04134274289378126,3,1,1,0.4421918585729459,0,0.6455250557272805,1,1
231,0.28796904691304676,0,1.388697763178822,1,0.6700894531810998,4,3,0,0.6235891199605623,1,1.1492895033016262,1,1
1709,0.28412860927743966,0,1.490023205920827,0,1.9618943761514167,3,2,0,0.41604207988113967,0,0.9286809996691091,1,1
417,0.7782392115697885,0,1.5054786118984491,1,0.1868199568972007,3,2,1,0.507318446726058,0,1.1380058154796702,0,0
1148,1.042790458092183,0,1.5070788683738134,0,0.3110811336108362,4,4,0,0.4097916390300851,1,1.0998717863071754,1,0
2060,0.7792878420812677,1,1.5219342949298864,1,0.3427884187001287,1,3,0,0.4146137406595347,0,0.6124657682964022,1,0
340,0.7582251060667908,0,1.4015969881292485,0,0.7378520023857621,4,6,0,0.5119318677221458,1,0.5454951606078098,0,1
1806,0.5306840708677187,1,1.516244439068322,1,1.4932803056347193,1,1,1,0.5688348637602018,1,0.7908114515419595,1,0
599,0.2248314651871704,1,1.419559827867908,1,1.2130251960309875,3,1,1,0.42284334360594833,0,1.4168584121625625,0,1
2032,0.6947584338339098,0,1.572726861802106,1,-0.07586287820700299,4,3,0,0.48964850590202325,0,1.0213016167855493,0,1
694,0.8336627789310873,0,1.4821751614845209,0,0.3804244292913602,3,4,0,0.3797105441956199,0,0.6577185675508715,1,1
1544,0.07575336312244163,1,1.3760606464703473,1,-0.04975906921239259,4,3,0,0.42587636978605453,1,0.9024532109141801,0,0
1692,0.9934632639126397,1,1.4669775069817153,0,0.6220197240190898,2,6,1,0.42405454540171,1,0.6718820848457108,1,0
328,0.6116372503629797,0,1.486437870442709,0,0.624955208296219,4,2,0,0.42784760884250544,0,1.3897577441280995,0,0
2221,0.5038448783995378,1,1.491464185048813,1,0.38379773082713164,4,1,0,0.2934702874207956,0,0.8464562216159998,1,1
814,0.9590729325312086,1,1.646146636201447,0,0.16517934500964482,3,5,1,0.39214346254215493,1,0.8048637422098073,0,1
375,0.3338181523331774,0,1.5557927557528752,1,0.873809149560228,3,2,1,0.5606151802518269,1,0.9470969672408831,0,0
298,0.6427608391808872,0,1.6275492204940183,1,1.2652122820921639,3,1,1,0.3919175989629708,1,0.8666639886058073,1,1
1293,0.6510513348937352,1,1.4818661161923434,1,-0.00989156704866212,2,2,0,0.3460075938890602,0,0.7005688340868624,1,1
252,0.6568834043564119,1,1.4433174194443563,1,-0.31948213507604417,3,1,0,0.42054132441589315,0,0.897053990907223,1,1
1847,0.11798301429833563,0,1.5276999109372138,0,0.24972718627146984,4,3,1,0.5775678694781263,0,0.7512641719682269,0,0
1450,0.7988388467199008,0,1.366774362432911,0,1.3888145286732783,2,3,0,0.4974272498191936,1,0.9829040793788416,1,0
854,-0.2117292992444919,1,1.5067868160017315,0,0.45931856656353637,4,6,0,0.6203014946216272,1,0.748723629997555,0,0
106,0.18374160891101493,0,1.4943427353028578,1,1.4136735553479394,1,2,0,0.4352585180867211,0,0.9553597467151895,0,1
1088,0.3708607915956038,0,1.50849319067297,0,1.4827770052530838,4,2,1,0.40745094474396953,1,0.8410859005922482,1,0
676,0.21142828440951128,0,1.5268948424208735,0,0.7064866605208664,2,4,0,0.48425807782285163,1,1.244417621093567,1,0
676,0.3687703228589314,1,1.547359540446303,1,0.6435449949796758,3,3,0,0.5842855693263523,0,0.7780533500215562,0,1
1134,0.1985652161933965,0,1.593217363058563,0,0.3710524408108168,4,6,1,0.35843408717099595,0,1.064661576463235,1,0
1061,0.2254855806616602,1,1.4271927153787054,0,-0.6427297994019356,2,3,0,0.4585608217523639,0,1.078111457197312,1,0
747,0.48544288629481036,0,1.4766724455917573,1,0.44966884237876403,1,3,0,0.4155799048363455,1,0.9498334142920299,0,0
1446,0.6648450001881918,1,1.6835258884533149,0,0.1648058891512219,3,3,0,0.6257247442434226,1,0.7584102168144342,1,0
2346,0.26900454265854035,1,1.4806561579149373,1,0.2542941939955421,1,1,1,0.3468802728516641,1,1.090728947651867,0,1
447,0.6618975749201005,0,1.6034026348315022,0,0.43543897438411,4,3,1,0.3692119590228994,1,0.9229304782850072,1,0
812,0.74275946107213,0,1.3927298718702878,1,0.9459044027650223,2,3,1,0.5106053841538895,1,1.0214961050028442,0,0
2375,0.690781576338015,1,1.422714703024329,0,1.0055089838146873,3,6,1,0.47735943161639927,1,0.6739074368753334,0,1
132,0.7655745373003444,0,1.5714601694727168,1,0.47900592132295267,1,5,1,0.48814305700612276,0,0.6733132006027835,1,0
1770,0.3957839023894619,1,1.6865715644304704,1,-0.06487665877563742,4,1,1,0.5132495402713599,1,0.7926083003974969,0,0
2226,1.0033746472042278,1,1.500882569737466,0,0.16479662606871537,2,5,1,0.553713314620577,0,0.7911837686075898,1,1
1785,0.1410703338552564,1,1.3673874972195357,1,0.16924319042466562,4,1,1,0.483348905654226,0,0.9175871788849644,1,1
1502,0.38497573923798944,1,1.4532386495478886,1,0.19494295697990954,3,6,0,0.444145077111482,1,0.8398687505421923,0,1
983,-0.1534143822962416,0,1.510193545924648,0,0.008647122671186946,1,2,0,0.490687830496631,0,1.24993163333334,1,0
2245,0.40328084714373774,1,1.428787207241908,1,0.7685539204626957,4,2,0,0.4704498488373899,1,1.092134339545327,0,0
548,0.5446386929595611,0,1.3534378564566971,1,0.198173967353659,2,3,1,0.38381114790539195,1,0.8845326724608343,1,1
527,1.0251870060151136,0,1.4106448000790086,1,1.0956863764670282,2,6,1,0.5434433534816157,0,0.9424266397336307,0,0
9,0.5459477684817574,0,1.3467052077223056,0,0.4122072551150081,3,2,1,0.4403956207151601,1,1.0164884451105771,1,1
2368,-0.3138973779023808,0,1.37855805603128,0,-0.23466796486374053,4,4,1,0.40967299415453273,1,1.0439636204144374,1,0
203,1.1124906403858748,1,1.4598370434009862,1,-0.1703958849714836,4,4,1,0.550639631759799,0,1.0895583488398262,0,1
1693,0.9812322009899714,0,1.515836186851305,0,1.187865028834733,2,6,0,0.5274893781185199,0,1.0936827249311016,1,1
593,0.9655540747853442,1,1.4436708470696265,0,1.31645738062004,2,3,0,0.5709106044112265,1,0.8998158577520582,0,0
151,0.1873953462230336,0,1.634393779924083,0,-0.36607352938616655,1,2,0,0.483481543151589,1,0.8552212755156621,0,1
1787,0.26202528789282653,1,1.5377904420772004,0,0.8409186286573644,3,2,1,0.5537609584214289,1,0.8857764302775548,0,0
749,0.4419613239907066,1,1.4550834379466309,1,0.031932940643699725,4,1,1,0.6087138763141606,0,0.8860618059098464,1,0
954,0.29354936503620466,1,1.4341948204445338,1,0.6243344269338759,3,5,0,0.49953702315802295,0,0.9662697804801439,0,1
676,-0.09940687537446224,1,1.5554483797169039,1,0.8908589016194806,2,3,0,0.48230048586631874,0,1.269343158716133,0,1
1367,0.8333223555237543,0,1.460027331870044,0,-0.06990158721919348,4,5,1,0.5058475902963414,0,0.8745131122434189,0,0
1266,0.33482226673718785,1,1.4558440906323828,0,0.9351423337743078,4,6,0,0.52347326621554,1,1.0441840783584362,1,1
1211,0.19620970801333926,1,1.3964606897517604,0,1.369826214350608,2,1,0,0.4813746658758205,0,0.7481526385152374,0,0
1140,0.8679599244891585,1,1.3601200260036475,1,-0.28756075592640573,4,3,1,0.44840625287940394,0,0.8019524178380375,0,0
2118,1.2990343672839368,1,1.5067279670830986,1,1.2088849959276904,1,3,0,0.3960220584018925,1,0.8492561671751682,0,0
210,0.9854546480455488,1,1.3650973425583885,0,1.404425269126,4,4,1,0.3775682605296676,0,1.1240536425950671,0,1
1325,0.10118148968872948,1,1.561914178269851,0,0.43333484315179127,3,3,0,0.5146649516845033,1,0.7312936482642876,0,0
1174,0.6570633697450599,0,1.3727159764075225,0,0.2787974570328804,3,5,1,0.5046848288663076,0,1.0636102451229854,0,0
2128,0.5173696241603681,0,1.3757795484368691,1,0.5128667352839421,3,5,0,0.41764475785250227,1,1.0737080484803323,0,1
1842,0.13380678860128786,1,1.4636877038562823,0,0.18489899185377667,3,2,0,0.48490563787531094,0,0.918168768373752,0,1
1110,1.0309287910247793,0,1.5072964658354675,1,0.9098698772478877,3,4,1,0.45906735386321973,0,0.9870742123776012,0,0
1263,0.3473092571000256,1,1.5652757378285198,0,0.3723478306081667,3,6,0,0.31758863841154206,1,0.9575265542172736,1,0
1909,0.8807510378098009,0,1.6414273115856333,1,1.3938043898722174,3,4,0,0.5835918309415858,1,1.1775505676849531,0,1
614,0.7293609358697697,1,1.5055422644093899,1,0.07801927516357937,1,6,0,0.5771874460241705,1,0.7551619358446151,1,0
1959,0.5713035590422665,1,1.5412091652646223,1,1.4935116267042834,4,1,1,0.5212520870346202,0,1.0071918264035435,0,1
678,0.33423299795473527,0,1.5789551262620156,1,0.2670021042036969,2,2,0,0.47479969810195705,0,0.8152591978964943,1,0
2035,0.5211946678853838,0,1.6465679919287939,1,0.7565113496249203,4,4,0,0.37372293228894804,1,0.6694229858729306,0,0
2339,0.6953533857503782,1,1.5428158117513509,0,-0.01034261879402476,2,4,1,0.5687512037845514,0,0.8984155303232517,1,1
1531,1.0773834913335902,1,1.5328872171806178,1,0.6373513071897593,1,1,1,0.4468501601160953,0,1.0908848334213797,1,1
1509,0.11376584925418098,1,1.4031748552615408,1,0.7626786717352825,3,3,0,0.4527192958141892,1,0.6548988322297147,0,0
1730,0.34485908357776757,1,1.4861357069119776,1,0.04151269196858526,4,6,1,0.5136410538465062,0,0.9463180242962361,1,1
1752,0.4156744296772338,0,1.496152158469591,0,0.04088170447191686,3,4,1,0.4263108421685563,1,1.2096280415999794,0,0
2320,-0.4818344165450157,0,1.4655541159693082,1,0.4118948577500048,1,2,0,0.4833028193007346,0,1.2241644422911044,1,1
1853,0.7500877750414298,1,1.4016170104214412,1,0.15801183662718626,4,5,1,0.5318180498491949,1,0.9702493183109786,1,1
1893,-0.29914172484860957,1,1.4090474123182528,1,0.24779516307027866,1,4,0,0.5893398194976461,0,0.8069120002574849,0,1
1172,0.5547100529184745,0,1.4397178581364916,0,0.21583127498979393,3,1,1,0.4463435729613988,1,1.2377748200066843,0,0
116,0.3001134643543264,1,1.5260624906091356,0,1.2460717389263287,4,4,1,0.5009325008210469,0,1.4298097780756949,0,0
908,1.0427812602416984,0,1.380645977094188,0,1.3887693284527598,2,1,1,0.5779582902151679,0,1.2194795269199656,0,0
341,0.21969587702373433,1,1.4331785206228485,1,0.2822177509585426,4,5,1,0.5143728716044117,0,0.9235304892787242,1,0
2143,0.3188664071795094,0,1.4910172355274973,1,0.33475216331385943,2,1,1,0.5524027806724955,0,0.9813357428694954,1,1
2312,0.13390044676278534,0,1.5061295272895365,1,0.08960227751818889,1,5,1,0.4269464364950635,0,0.8935346913442045,0,1
780,0.7900483810486973,1,1.5537190108940029,1,0.7880484063238202,4,3,0,0.6171985376549026,1,1.2870671916928207,0,1
760,-0.06505662157651704,1,1.341346145639561,1,0.6721920204808889,4,5,1,0.4073270287522567,0,0.8477341435932648,0,1
738,0.20501612070753544,0,1.5072590148491711,0,-0.21287625790060538,4,6,0,0.5151295687021383,0,0.7792771140976956,0,1
2356,0.4299276844829959,0,1.5119383447917163,0,0.5610962662053408,3,2,1,0.6048303982461734,0,1.0093492062435903,1,0
2338,0.3749725974696551,1,1.6299801345624487,0,-0.21686902365339733,2,4,1,0.3926108438189703,0,0.7934686495222228,1,0
504,0.4920160780875313,0,1.5244549711887152,0,0.4758423363685442,1,3,1,0.41308955302564854,0,0.937147502802477,0,1
2041,0.7992811004790166,1,1.3698608713453069,0,0.08458230269169109,2,6,0,0.46135460121631783,0,0.8695611056978787,1,0
1386,0.35494372109033345,0,1.4360751534634564,1,0.21001381392984397,1,6,0,0.42424854509036036,1,0.8475103399640305,0,0
2303,0.389078332154819,0,1.4008141498791231,0,0.7132645251139619,1,5,0,0.5357615470846377,1,1.2240590069406176,0,1
1660,0.5696640867312563,1,1.5627349392022751,0,0.5232080188153714,2,1,0,0.6257907927596487,0,1.075499332721163,0,1
769,0.37232742973942473,0,1.5844431299026989,0,1.6789385688580027,2,1,1,0.5378947774408593,0,1.0205258803672068,1,1
1399,0.2083216217983606,0,1.5516682653415814,1,0.11256263703526143,3,4,1,0.5655903754188318,0,1.4214552936821194,0,0
1041,0.251441431779154,0,1.5792165616932603,0,0.3731602754942578,3,2,0,0.4498642218636752,0,0.9483882078640818,1,1
1014,-0.19053898518323886,1,1.6727568560603119,0,1.6039278765451437,3,5,1,0.5241049094004759,1,1.204376252409973,0,1
1418,0.7953095870933563,0,1.5527869958100176,0,0.8621329409946891,4,6,0,0.3699401103931953,1,0.9748071438343913,1,0
2118,0.17507700518231928,1,1.2859193137302745,0,1.406524557417692,3,5,1,0.4756188121679921,1,1.0214315071085909,1,1
601,0.2793059414056681,0,1.6043307482667666,1,-0.09988661731190973,3,3,1,0.3808095267218435,0,0.6717211590299591,1,1
373,0.9149610270877906,0,1.4926586266281332,0,0.7794482396288114,1,6,1,0.43425009671407255,1,0.796524951264525,0,0
1584,0.4416725501954379,1,1.5127829986006605,1,0.08537756173457212,4,3,0,0.4135132482393281,1,0.9122320087457465,1,1
1969,0.6088735803447531,0,1.5953994055586604,0,0.2846942573059349,2,6,1,0.521471745298947,1,1.3563362702951651,1,0
2003,0.34583636552846464,1,1.51957667000836,0,0.3446322042627842,3,1,0,0.39407000895886635,0,0.6689976478561751,0,0
2194,0.43709766381441695,1,1.414417901537219,0,1.0399597015506257,3,4,0,0.48295308354491284,1,1.16348204679615,1,1
191,0.2442095953176427,1,1.3864012717248002,0,0.4718749834811279,4,2,0,0.4627260987059696,1,1.0251609878659746,0,0
381,0.7949580516600203,0,1.5955660080919138,1,0.2774259601542093,4,5,1,0.5308924314469754,1,0.7529594376084869,1,1
1907,0.7746631340469754,0,1.4163671004926015,1,0.1527602210185982,4,3,0,0.45885410303612945,1,0.9210300383924171,1,1
2044,0.2567216047211398,1,1.6122078722190045,1,0.4670160936570988,1,3,1,0.3981307362372893,1,1.1232006417072389,0,1
992,-0.18490676802253037,1,1.5928086732056141,1,0.21366568879396136,2,2,1,0.5360333301854495,1,0.8199629736280201,0,0
1220,0.7218324655116639,1,1.5774883968454199,0,0.7798221156877487,1,4,1,0.44942402920701086,0,0.8868290196282783,1,1
676,0.15000858858020905,0,1.4582755327896875,1,1.8982504850982203,3,3,1,0.3916813582889014,1,0.9373764691749726,1,0
1775,0.5389119146188035,0,1.6423173591971403,1,0.4146072715596859,2,4,0,0.5624948907370275,1,0.9729890513259812,1,1
1805,0.41597109887824185,1,1.4217779952414122,0,0.7085415731281467,1,6,1,0.44120739680821114,0,1.2323468692468924,1,0
1073,-0.6318581339063936,1,1.5353084521772156,1,0.694113171288895,4,4,0,0.5178107344801919,1,0.8151765663281169,0,0
244,1.2245470597131063,1,1.4237508124565896,0,-0.028807592329541554,1,5,0,0.4992535431521297,1,0.8595339560826785,0,1
839,0.2278757659698173,0,1.612389752397319,0,0.48228756331282113,4,2,0,0.45692869007477316,0,0.7653686722453813,1,1
617,0.20681684089346547,0,1.517634612819684,1,0.21846596668046026,2,3,0,0.4653377274070883,0,0.896320697237967,0,1
314,0.08877846963799657,1,1.4287571131539953,1,0.34357601420483264,4,4,0,0.4033580426675655,0,0.8019153662078207,1,0
2277,1.1691333344309116,1,1.457926752110072,1,0.7083529749483825,1,3,0,0.44616395690608013,1,1.3836205146958125,0,1
131,0.5090003575390645,1,1.324058053908887,1,-0.1556011445257035,4,3,0,0.34207250638081144,0,1.0743028326238933,1,1
1666,0.3631319373670183,0,1.4606950989088663,0,0.7961802746458817,4,6,0,0.5166414583507521,1,0.9317156748121624,0,1
2089,-0.160563449392919,1,1.5466374917419952,0,-0.241438712785344,3,2,0,0.4021015595415638,0,1.2064690836502843,0,1
737,-0.20335932279608104,1,1.3267494944803169,1,0.4427239867220363,2,3,1,0.3787697267918868,0,0.6368405061119606,1,0
1954,0.32716048723858693,0,1.2780494844981063,1,1.046600215725726,4,2,0,0.4058520352452935,1,1.2293133801774996,1,1
791,0.6794890029034888,0,1.502088787115806,1,0.5813546303553722,4,3,1,0.4546683241117862,1,0.9639943270551528,1,0
169,0.03006635007174152,1,1.420625414049802,0,-0.5208411463953091,3,6,1,0.39608289992323065,0,0.8898415493802826,0,0
671,0.785345493148081,1,1.6206984518279102,1,0.3600455398405064,4,1,1,0.3883538757206779,1,0.997914203031125,0,1
829,0.7511238785426548,1,1.4280081338207866,1,0.4656323894104164,4,6,1,0.5000784063458124,1,0.9734671412924295,0,1
225,0.18415828542793716,0,1.515357151404609,0,0.41894366751562145,1,3,1,0.5365068106835548,1,1.0028751482772518,1,1
1352,0.18717765907727762,0,1.4475438347896072,1,0.5608269395135262,3,2,0,0.47200438625497004,1,1.0504715307926595,1,0
238,0.8054649689806381,1,1.4647559147194904,1,0.2985524538100853,2,5,0,0.49158759854404144,1,1.0138557711470806,0,0
1695,0.698628952805518,0,1.6464080504396026,0,-0.17972478514001045,3,5,1,0.4261099351007402,0,0.5704975882600816,0,1
424,-0.0580851965754684,0,1.4543827329901027,1,0.3518747155237219,1,3,0,0.4939106542739784,1,0.8417076699322948,0,0
1384,0.5093133462213981,1,1.358715872714072,1,-0.05087374165205094,2,1,0,0.4096269366597089,0,1.354135174593678,1,0
1124,0.6506685536349125,1,1.3126569392826484,0,0.4091943740654915,4,2,1,0.4788655145365149,0,1.1543483063840176,1,1
165,0.20377093368797566,0,1.3712366839748478,1,0.1269585866390356,1,4,1,0.5327841343515641,1,0.9682938384520792,1,1
1838,0.12105425309206685,1,1.6234830528977828,0,0.36909177309211877,2,3,0,0.5271260439568113,1,1.2883784577903987,1,1
1501,0.35673055605423054,1,1.4437717712493763,0,0.4331278446707364,4,5,0,0.5619349457034546,1,0.91803928375012,1,0
598,0.12065245902569216,0,1.3834597814683096,0,0.7326377801325241,1,1,1,0.4515334257210953,1,0.7854299968014576,0,1
1528,0.6449751387137578,0,1.5894298361798327,1,0.14198212304342794,1,3,0,0.5208153319162672,1,0.8198182224414381,0,1
2060,0.7472789826875184,1,1.4164332210566277,0,0.7815130008296782,3,5,1,0.49324879730555005,0,0.5886596218226963,0,1
1444,0.22580670559394483,0,1.5179211483700532,1,0.18263176963871286,1,4,1,0.4225606821183924,0,1.2225511854308677,0,1
168,0.40425353393099106,1,1.4974440442051218,0,-0.28599665367074667,3,6,1,0.3135483016082471,1,0.7274764198681891,1,1
2115,0.7991161277504941,0,1.6151444726621242,1,0.568737808584336,3,3,1,0.5924025105733447,1,0.8668501615092361,0,1
1350,1.3581204819623358,0,1.460315899708354,0,0.8831278963128071,4,3,0,0.5010866407516996,1,0.6188155380275127,1,0
1253,0.3533426225147399,0,1.4487245407000275,0,0.11182409309820163,2,3,0,0.45735425175138744,0,0.8698550179573552,1,1
88,0.469541475276488,0,1.4801362885736378,1,0.3915408020229674,2,2,0,0.3598395935290673,1,1.222438558449754,1,0
256,0.7617791204915565,0,1.3820061250806515,0,1.1461592859736394,1,6,1,0.5785053623761034,1,0.9651177770485055,0,0
1331,0.2970201161568034,0,1.5098626367655996,1,-0.7397505883312949,2,5,1,0.3816956008721586,0,0.7646225954311483,0,0
1594,0.612581757883961,1,1.6127460727612373,1,-0.352977842597369,1,1,1,0.5766325590692428,1,0.9493400393213396,0,0
1415,0.9092235073082963,1,1.4270645633997945,1,1.6274048465861726,3,1,1,0.5053232249878251,1,1.1354248215098057,1,0
314,0.18464151643158705,0,1.407095053988239,0,1.0608239595544644,1,4,1,0.4380185758449011,0,1.0188509746968153,0,0
55,0.8480482642136846,1,1.5467157723278184,1,0.3249814772905366,3,3,1,0.4105320976879843,1,1.3272707032632116,1,0
291,0.3853854933624161,1,1.4710341130070423,0,0.3751433304927092,4,5,0,0.27576329972928887,1,1.1573067523641694,0,0
1062,0.7605742891719449,0,1.4025154222416358,0,0.9362631871633655,3,1,1,0.59651802239308,1,1.0821201476467794,1,1
396,0.8580066233553982,1,1.6121893667528906,1,0.9868826630144841,1,6,0,0.36810332822369163,1,0.767814615198839,0,0
1506,0.8357465736898952,1,1.423782984772706,1,0.2275163423082992,4,3,0,0.49014466181750566,1,0.831973506934861,0,1
50,0.8303080188200218,0,1.5113481177083985,1,0.4153663112708196,3,6,1,0.6632929793222464,1,1.253321896839897,1,0
120,0.3353277601236168,0,1.6858509597926457,0,0.9963194821017449,2,6,0,0.2977029203013322,0,0.7665669545209729,1,1
2078,0.3246867448990499,1,1.2999043213075514,0,0.79489702420425,3,5,1,0.40468196398143846,0,0.9669890319686124,0,1
1412,0.5788177661201327,0,1.545133272725451,0,0.7789298976982242,2,5,1,0.44761739415580526,1,1.1616743209221876,1,1
596,-0.055049610034279106,0,1.3795070545939725,1,0.13355403470344113,2,3,1,0.47830563490472566,0,0.9760887978569216,0,1
1951,0.7594019448939395,1,1.40485253856482,0,1.2241277822891523,3,4,0,0.4183515784743842,1,1.013905374878134,0,0
252,0.34044059681394,0,1.3456631152085603,1,1.1187066561241483,2,6,0,0.3383673376328201,1,0.6805163770720603,1,0
1762,0.6943034095779541,0,1.369863578996843,0,0.38866107466764266,4,3,1,0.5906529868464557,0,1.0319252919117885,1,1
2131,0.9324364843377122,0,1.4013066326326595,1,0.7699200714696826,3,2,0,0.5075123888201006,0,1.1380421009963886,0,0
630,0.5772155798132321,1,1.4741593200325196,1,0.7643538520984273,1,4,0,0.49803079326929794,0,1.0442600561806117,0,0
1722,1.2302214288025284,1,1.5349859281165514,0,-0.23629307693680912,1,5,0,0.471561028482943,0,0.9565359985287611,1,1
2162,0.22773849997916418,1,1.497785554596819,0,0.04536081836724726,4,1,0,0.6859938662144681,0,0.8907835795941814,0,0
2284,0.6882838025873266,1,1.4754076789691122,0,-0.00938691139828951,3,6,0,0.5636502848922763,0,1.1340803424672252,1,0
598,-0.37414881450935256,1,1.3990268111674622,0,0.5473702167869893,3,2,0,0.4423733594560768,1,1.0246368978300777,1,1
157,0.40783416490901087,0,1.5140342186100935,1,-0.023583221887634398,2,2,1,0.5207872485435002,1,0.8185428496235619,0,0
1609,0.7653782646609324,0,1.463759589717967,1,0.5607853371772181,4,4,1,0.5581889933658419,1,1.0898979953114512,0,1
1606,0.8723878246433189,0,1.5931420634788833,0,-0.14329920699207177,4,3,0,0.3481921253932066,0,1.348943666212318,0,1
1107,0.2343179286917234,1,1.288928098751438,1,0.7786413110363684,4,5,0,0.4623538440142452,1,0.8936209237638826,0,0
1680,0.5501239968075488,1,1.5470925601916883,0,0.8331518511411642,2,1,0,0.4949361667606608,0,0.9351989103584707,1,0
2277,1.0578444017292548,1,1.5509363912885064,1,0.21472984002044387,2,4,1,0.4972156561812863,1,0.845480690852271,1,0
1330,0.1067390886855461,0,1.6008440425648356,0,-0.24930437448697085,3,5,1,0.48299613823923593,0,0.671373298760394,0,1
1180,1.092806864538396,0,1.4610730288648228,0,0.872015817387003,4,4,0,0.48404765819145684,0,1.0034316143439765,1,0
1401,0.5467401354160436,0,1.4321437460176316,0,0.5526454823966178,4,4,0,0.5761206208100573,0,1.0246157392568238,0,0
1403,0.6274162153990916,0,1.5190681530989687,1,0.4230001172318478,2,2,0,0.46592153994387114,0,1.237498548927792,1,1
757,0.7363085934194538,1,1.3948279360790747,1,-0.3747964110912252,1,1,1,0.5387181283987134,0,1.177912867510711,0,1
695,0.6820248979537298,0,1.5276068964480565,0,0.2138837044189565,4,1,0,0.4609848097331831,1,1.1565503410875277,1,1
724,0.29806249269228613,1,1.584586493687502,0,0.7243564701217438,1,4,1,0.4948193636397846,1,1.120443150657276,1,0
617,0.14346165212235212,1,1.4503156104284025,1,0.31351805927075704,2,2,0,0.4256448476350866,1,0.5765703708104688,1,1
1531,0.29007100191994467,1,1.6567089704252267,1,0.5110627990708358,1,3,0,0.35213875336288225,0,0.870801186251801,1,1
1051,0.35496879865419906,0,1.566071409555016,1,0.7047785165214885,3,5,0,0.48603579290533183,0,0.9832271879181422,1,0
786,0.35629415258757147,0,1.5268613490164067,1,0.33203794168536904,2,6,1,0.4890150628339677,0,1.0136419627905222,1,1
923,0.09235927287776591,1,1.6385313472543452,0,0.13102004381154891,4,6,0,0.38755174218068944,1,1.2263910047494728,0,1
1913,0.6476329270419409,1,1.528192046692917,0,-0.08182260761097837,3,6,1,0.4129901417925646,1,1.1599841174773442,0,0
1027,0.7390251577857362,0,1.42808535166304,0,-0.7038474218907929,4,4,0,0.5875413079557547,0,1.0859778355419287,0,1
1990,0.6334527672533363,0,1.5177584868752352,0,-0.1391250831917875,2,5,1,0.5387336240301551,1,1.012849231638615,0,0
852,0.5212383635015538,0,1.5474103744678742,1,0.15140217555110896,3,4,0,0.26707984030217075,0,0.8091299823693123,0,0
926,0.07925322447527944,1,1.5113734931274874,0,-0.17671043036621314,2,1,1,0.44031360927295154,1,1.2686502402121793,1,0
2067,1.7572027178499245,0,1.5266661025941672,1,0.39867005908488845,3,6,1,0.5097952421133093,1,0.7967235615193482,0,1
2372,0.5081594736829863,0,1.5195909294572292,1,0.5480343079090664,1,6,0,0.5322778401925489,0,1.0991490806873419,0,1
1703,0.07517500245643377,1,1.4735063755847932,0,1.2913027625329607,4,2,0,0.6121390615901601,0,0.8455291131886739,0,1
2330,0.3657135529428823,0,1.6135912405280637,1,0.619480938071433,4,3,0,0.35567185718732613,0,1.0997810596392426,1,1
945,0.9321469736981727,1,1.5210221255679162,1,0.6269342174277891,3,5,0,0.4329321236419331,0,0.9180731608014022,0,1
1575,0.6446726927067319,1,1.6977564439550261,1,0.22936831100826138,4,3,0,0.38239139312312165,0,1.1847089943162121,0,0
2076,1.0086680027105452,1,1.453277254891043,0,0.6760556811472911,2,5,0,0.4106657718482836,1,0.8202537064498747,0,1
1273,0.4479122434430602,1,1.4361730666468462,1,-0.20463386586583776,2,5,0,0.4334674138395337,1,0.782433273753607,0,0
2090,1.252237074229401,0,1.5180953963072088,1,1.4129304868652461,3,5,1,0.4316167610840118,0,1.070473147738602,0,1
1100,-0.33965418527362645,1,1.6227368724141928,0,1.0332745252011641,2,5,0,0.4591611411831858,0,0.9637933018813224,0,1
1939,0.6932824110818278,1,1.4224624275104196,1,0.2978358493710671,4,4,1,0.3877126881117153,1,1.247320576410758,0,0
1058,0.7314772153456611,1,1.5988220380553233,0,0.7029359863869944,1,2,0,0.389982502140942,1,1.0980922323309508,0,1
1824,0.6501084621244846,1,1.5622240518196442,1,0.627137435134079,3,1,1,0.4407907768539611,1,1.253424821524634,0,1
1713,-0.37313644716605543,1,1.3914417076882413,1,0.5252992760218631,4,6,0,0.45404201376607095,0,0.9396170740796899,1,0
99,-0.24485942719056053,0,1.4407449448794933,0,0.3049862594114775,2,4,0,0.46625923982391937,1,0.9784562503382029,1,0
223,0.16927043349680926,1,1.6131523461366042,0,0.27715177982176353,4,5,1,0.567562395588287,1,0.9145151010196063,1,0
1647,0.7835609297054984,1,1.5544870444119874,0,0.4456536796423725,4,3,0,0.48843314392499865,1,0.9729854423508651,1,0
861,0.7687028043703359,1,1.549831445223667,1,1.1467950615460065,3,3,1,0.5043696894375773,1,0.8567533096054435,0,0
605,0.07600192399546601,0,1.5395551827435499,1,0.3063604097364767,2,1,1,0.4571285887406935,0,1.1993167545562613,1,0
1339,0.7065892698616679,1,1.5458651967734092,0,0.5400348889151019,2,3,0,0.41125489256070213,1,0.6998277914126703,0,0
1053,1.160914007151257,0,1.4877583136218173,0,0.44391362484118496,4,5,0,0.4635310629382131,1,0.8974049307187286,1,0
827,0.5070129353414099,1,1.460784780312368,0,0.6840649022311379,3,3,1,0.5102058554311583,0,0.8999335668299828,1,1
2287,0.24384882042131656,1,1.4639495498860902,1,1.522746104831683,3,2,0,0.4851573603511323,0,0.7938970854192668,0,0
2192,0.5126973382739561,0,1.3178368022605502,0,0.7752074463686629,4,2,0,0.5990350254040823,1,0.75817183245039,0,1
435,0.5876344357124843,0,1.6328560584964458,1,1.153805870917044,4,2,1,0.4510902549952574,0,0.8676569286144078,0,1
2212,0.09996176498171677,0,1.6679976754285406,1,1.4932595132853823,3,5,0,0.3908153324871767,1,0.9496529486066844,1,0
2269,0.3698964388704993,0,1.4384809921226926,0,0.4891879078863117,1,6,0,0.5810795264949437,1,1.2267321964444118,0,0
274,1.1609780582664038,1,1.54662230786862,0,1.1446348849490908,2,6,1,0.5810724425527038,0,1.0115105079206503,0,1
884,-0.40528546209130256,0,1.5862295501135202,0,0.46363919881988813,1,1,0,0.43100461467904866,0,0.876257145396501,0,1
753,0.053484441525312676,0,1.4626347250887666,1,1.1179952736607586,3,6,0,0.41022616138933365,1,0.557451470060236,1,1
52,1.5547628504470479,0,1.5262998691260672,0,0.6108913978611579,2,5,1,0.48013812778654696,1,0.8319655136366815,0,1
43,0.13716526048767602,0,1.4764716994867884,1,0.85529824630542,2,6,0,0.5260234311158174,0,1.3089239773153871,0,1
1948,0.6312217645422009,1,1.4388972985121722,0,0.9812813572567822,4,2,1,0.4014957113127713,0,0.9884085130855881,0,0
949,0.6611625188009385,0,1.4924634733027071,1,0.6910207928463017,4,4,0,0.546877590179978,0,1.0746689765191972,0,0
2162,1.444973902161713,1,1.5886021111089357,1,1.306075800912609,4,5,1,0.5243443002020144,1,0.9675873681816718,1,1
2258,0.03187054416647972,0,1.4651108061446105,1,0.191064189922674,3,4,0,0.427155419132244,0,1.0329983691710025,0,0
1622,0.5099104617533669,1,1.541647213641221,1,1.0036235986530273,3,2,1,0.5043193024887571,0,0.9278177500497884,1,1
2158,1.0421404153143676,1,1.4183176736538037,0,0.42700143521650324,3,4,0,0.5070205356315084,1,0.5979439119836816,1,1
386,1.0149812650107073,0,1.4761262511173598,0,0.41262212679023924,1,2,1,0.3373727754855191,0,0.9724014459673321,0,1
2195,0.23477114644755132,1,1.4763966112611149,1,0.6390756872692078,4,3,0,0.5008975995325895,1,0.8189839827843308,1,0
1452,0.13726923634975907,0,1.4950816726023006,0,0.05937649356293556,4,6,0,0.44723195505982793,1,1.045466596453317,0,1
1258,0.14279520505414944,0,1.4903955380795055,1,0.08028445378408378,3,4,1,0.40164114856354305,0,1.1226047434195872,1,1
2209,0.3200608448918698,0,1.6588036631240501,0,0.9840034390315952,4,2,0,0.5521777423799091,0,0.8266490125699415,1,0
24,0.006495880127987463,1,1.4286248745006491,0,0.14298686556522877,4,6,0,0.29691703324009444,1,1.1093085522849813,1,0
1503,0.4851097132038087,1,1.440808304558372,0,0.4590692341256305,3,3,0,0.5888770367036186,0,1.0094993858232941,1,0
97,0.4350471016731274,1,1.4169746519864816,1,1.1036864023451856,4,5,0,0.36748840228540913,1,0.984586479497296,1,0
1966,0.6125371470307975,1,1.6174319736250242,1,0.81382564438618,2,2,1,0.5057435340041859,1,0.6191044282397504,1,0
2334,-0.06977960509484005,1,1.517675661308774,1,0.9260044606032363,4,4,0,0.3980849934229395,1,1.1224882771754887,1,1
520,1.2636526287753826,1,1.5335171306897764,0,-0.09343925512786178,3,2,0,0.509695314040706,0,0.897824432661591,1,0
1142,0.336995787265845,1,1.5961746239440875,0,1.2945625347232586,4,3,0,0.6300358833347025,0,0.7406920131206892,0,1
2130,0.7011267539303077,1,1.3530592530828458,1,0.09211498066383478,4,6,0,0.4956304326525045,0,1.0300180247493325,0,1
166,0.8322691116433296,1,1.6263968329885456,0,0.5862172105875383,1,6,0,0.371815608333729,0,0.6806928306968331,0,1
577,0.6211867344905913,1,1.4560619316036696,1,1.421713755999439,3,2,0,0.5341814903029612,0,1.069246211712962,0,0
326,1.2496407846606254,1,1.344348399144928,0,1.0702289326915246,2,1,1,0.485458615229532,1,0.6509712611734628,1,0
1514,-0.8195521452991288,0,1.4480686514670404,1,0.31848992328390635,2,3,0,0.2501091107868064,0,1.3334464816673117,1,0
195,-0.3691903036224513,0,1.590663356785509,1,0.10382179739654668,2,5,0,0.42735530732378146,1,1.1869998051165798,1,0
1621,-0.0019736517638473394,0,1.3707537445534286,1,0.6552728854030956,2,4,1,0.569030399454218,0,1.0133101730180503,0,1
1198,0.3524353698687273,0,1.4464294204338508,0,0.49610115583023906,3,2,1,0.350857780316077,0,1.0567671410465609,1,1
529,0.7630822306038031,0,1.300093126857365,0,0.8093891139847036,4,2,1,0.4912441501234033,1,0.8777527643285701,1,1
1211,0.6897711886819871,1,1.3767652222755982,0,0.5660091144330854,2,6,0,0.3352751844776263,1,1.0174716168730373,0,0
2176,0.7961301251010715,0,1.5537672050318987,0,0.8020778873807417,2,2,1,0.33623410243316226,0,0.93756765714347,0,0
2293,0.5918791702689996,0,1.3741428050020157,0,0.618128331810179,4,2,1,0.6895225012615611,0,0.7667498022023771,0,0
29,0.7120751829072722,0,1.5717104162319806,1,0.48563269502760775,3,1,1,0.4700627983716537,1,0.9795004300790966,1,1
767,0.8576976679487367,1,1.5284835294366064,1,0.3329948624860324,3,2,1,0.4575856971746237,1,1.2798555732500194,0,0
22,0.34902360375341573,1,1.4240235040768732,1,0.48393758255798414,1,6,0,0.43223859073802356,0,1.0884544468850155,1,0
556,-0.004534494802946987,0,1.615431234560007,0,0.0028861507883108373,2,6,1,0.40979421290012663,1,0.9347616107045391,0,0
2377,0.3435927646908778,1,1.450497132270713,1,0.8232737412778097,2,6,0,0.4505521085089745,0,1.1800629730614554,0,0
336,1.077746774065126,0,1.5094077681974496,1,0.3975166900124543,2,6,1,0.43119692410249,1,0.9112946526867447,1,0
194,0.14994625767878095,0,1.4683835246584453,1,1.1686164102384087,4,3,1,0.4377556413073034,0,0.9695803928231735,0,1
53,0.036365628302807096,0,1.359739452436584,0,0.4974183142334838,2,3,1,0.4571561513966686,1,1.1313757044077415,0,0
1161,-0.05559376543230188,1,1.6466673890257268,1,1.404797103900085,2,6,1,0.3706472238597757,0,1.2034423658075082,1,1
562,0.07885225456631101,0,1.5316375695779314,1,0.05301114102791604,1,6,0,0.4182126011523312,0,0.6883922936651409,1,0
984,0.8286058009391615,0,1.452325461263591,1,-0.4851999802286796,2,5,1,0.4290693736302722,0,1.0802232823718085,1,0
33,0.3133554101767745,0,1.422674785226619,1,0.8538516830338219,3,6,1,0.5047898278585036,1,0.9133839798138295,1,0
2126,-0.23032094408767811,0,1.447041482426148,0,0.39748209859907513,4,5,0,0.43937149813153026,1,1.169964391139216,1,1
543,0.4518279959141332,0,1.6887447422863358,1,0.8171584531106928,3,4,0,0.5382899976962972,1,1.1850713489158946,1,0
2314,0.28487234493964636,0,1.587740826738127,1,0.06517262150720865,3,1,1,0.38393055149649646,0,1.0268525433612372,1,0
338,1.1300277988169543,1,1.4463237582268968,0,1.0064569883246755,2,1,0,0.31040226232003454,0,1.3995027794623387,0,1
2330,0.7961328698251398,0,1.5036844096552138,0,-0.49264513317811087,2,3,1,0.4093757487052625,0,0.6576342437915332,1,1
2230,0.8477537361858346,0,1.4573019685914803,1,0.28240194274515695,1,5,1,0.5270003233290338,1,0.8505084135982846,1,1
2274,0.3496207500755133,0,1.4056063066815205,0,0.9645430617225006,1,3,0,0.5211056141482561,1,0.9040453075858634,1,0
595,0.13477610332100404,1,1.4929463193531722,0,0.555334184725489,4,2,1,0.3410614196634797,1,0.926367494145595,1,0
645,0.39286519960311855,0,1.455662586936264,0,0.720029860709133,2,3,0,0.4456719360369912,1,0.6889436590084581,0,0
938,1.1928456209804592,1,1.409415335334541,1,0.652864724878304,4,2,1,0.5489467017489597,0,1.2818491797303335,0,1
370,0.5934003780346078,0,1.5867584292015484,0,0.3371765479118235,4,2,1,0.5862683480183178,0,0.6287859395855444,0,1
56,0.8602026858504292,1,1.4005977349750924,1,0.8049559279032041,2,6,1,0.4270278160185023,0,1.144660287927548,1,0
1167,0.5879163853378977,1,1.6355398845928482,1,0.6651197913510906,1,1,1,0.5303072924535295,1,0.9285116874569802,1,1
2277,-0.14231084469519206,1,1.415486423141232,1,1.2308764006617534,4,2,1,0.39951921673779817,0,1.1777676447098142,0,0
2327,0.6104627498634714,1,1.38268080428933,1,0.6117069243561493,1,5,1,0.5036453576069061,1,1.018637172819256,0,1
753,0.6679179542089748,1,1.6561923656785849,1,-0.289797443877138,3,3,0,0.4696001576651196,0,1.1031193602963296,1,0
2201,0.052550680537752525,1,1.3876355840122927,0,1.1843205573843905,3,3,1,0.5220777982491378,0,0.6021621803007473,1,1
812,-0.35129269069271274,1,1.6419958861095019,0,0.515942566238146,1,1,1,0.5119483383135083,0,0.8349732208048262,1,1
1507,1.054264725507982,0,1.5981430523432416,0,-0.12115534003127792,4,2,0,0.50839472457588,1,0.8764199933595499,1,0
1312,0.6911239533374209,1,1.4508161006508906,1,0.5587134582103712,4,4,1,0.526233331800901,1,0.9654698816786599,0,1
800,0.8392498946180611,1,1.3908153632243838,1,0.1423908056738709,1,2,0,0.6286835729855779,1,0.8033059305557619,0,1
1844,1.046521464620722,0,1.6549218076844123,0,0.7864968293579315,2,2,1,0.4449282083758463,0,0.6005635028130119,0,1
2304,0.511842058854038,0,1.3711831119388513,0,-0.05992067550247171,3,5,0,0.41894380811967924,0,1.1500698178745663,0,1
403,0.3482120720427577,0,1.4270165158712849,0,1.2986031086141971,3,3,1,0.4470628557797899,1,1.5151228325085513,1,0
616,0.6618209795490331,1,1.456819537345547,1,0.6451840350939482,1,2,1,0.650413417924086,1,0.904857693512543,1,0
2215,0.9716674969339352,1,1.6303618742949006,0,1.1302780831954953,1,2,1,0.4525069872788343,1,0.7069699819479844,0,1
2196,0.6321159706003805,1,1.4832222560043518,0,0.178575597542869,1,6,1,0.5357338194480255,0,1.0654248089559972,1,1
1726,0.12133206678496167,1,1.5747078247451627,0,0.6004382275413533,2,4,0,0.46657452468412636,0,0.6877088621545803,1,0
1213,0.5644247564610381,1,1.574156770726592,1,1.1964601278975342,4,5,0,0.5449376806966214,1,1.229280818825861,0,0
2256,0.5205594823013977,0,1.5333341224725077,0,0.2941393561754303,2,6,1,0.5051122187230619,1,1.1488720516741762,0,0
953,0.532248356560349,1,1.4202916011312023,0,0.8894698463260311,2,3,1,0.47935543313801426,0,1.0185795449491943,1,0
894,-0.016083483938111542,1,1.4369369627693984,1,0.5457386120473019,4,5,0,0.38650104731963886,1,1.1684449568713076,0,1
2061,0.3676547682035887,1,1.4434090460760185,1,0.3146557694345159,1,2,1,0.5188376104865207,1,0.8414064200526767,0,0
329,0.6272012068580506,1,1.3536954568558601,1,0.24298064277498393,3,1,0,0.33040819631777174,0,1.1212578743495143,0,1
1028,0.0030218199120205513,0,1.5144156123500954,0,0.35793144958853895,1,2,1,0.5356450494695078,1,1.0190206498562075,1,1
937,0.7037760722229546,0,1.4430572201574425,0,1.0066292818681846,1,6,0,0.5151365686770919,1,1.2507969576601001,1,1
1717,0.6603529854939437,1,1.5959203589380244,1,0.5022694091307516,2,5,1,0.454395415478409,0,0.9761787545557294,0,1
1859,0.8616424956190372,1,1.449479030557223,0,0.794514772567386,2,5,1,0.49769584523467475,0,0.9074378044634124,0,0
1003,1.213249436530118,1,1.4315368327626807,1,1.1130292945949654,3,4,1,0.37240991620206193,0,0.6709108178965713,1,0
644,0.8870045129994031,1,1.5454189234455054,1,-0.07538193816811578,1,3,1,0.6705868574308308,1,1.4525066873188066,1,1
124,1.0954470027949723,0,1.4948961096859825,1,0.9151816449676731,3,2,1,0.28200726049674363,0,1.254262693106417,0,1
1481,1.1086587451716867,1,1.4919299837188158,1,0.5811105836451957,1,1,1,0.4484149155119024,0,0.9767700290128621,0,1
936,0.4660770279135035,1,1.4861051182900817,1,0.037166812581209296,4,2,0,0.5121625839576152,1,1.1283403355194503,0,0
2192,0.5004661730637655,0,1.638071229208062,0,0.8391143150665319,2,5,0,0.3335521837842158,1,1.13183936147936,1,1
864,0.5425344453160532,1,1.4393793836242348,0,0.9684345086156838,1,6,1,0.3945582285244624,0,0.920666951073972,0,0
153,-0.5391505853376499,1,1.6061204465023375,1,0.22194287556373565,3,4,0,0.4556678611803614,0,0.8900025657479989,0,0
1361,1.3246963317422569,0,1.5213275833401747,0,-0.4138602154888191,2,1,0,0.49974483598920666,1,1.4177451707519773,1,0
1699,-0.0664293392943508,1,1.381843754540701,0,0.010523492645574395,2,1,1,0.4641580309194265,1,0.9471539064726777,1,1
1104,0.7611893649059431,1,1.6143939772704867,1,0.6687512356264869,2,3,0,0.5601155959031104,1,0.912714227920377,0,0
1820,-0.10338041185666891,0,1.5546242604031784,0,0.5358744611132106,4,1,1,0.5767716053310628,0,1.018941220705626,0,0
726,0.5574614145347355,1,1.3632769921165386,0,0.41628722920112743,3,3,1,0.5334277926837638,1,0.7304982885530276,0,0
1604,0.22820884012284082,0,1.3610732725124204,1,0.33455613848673793,3,6,0,0.540553679911933,1,1.0719703292761067,0,0
2182,1.112608579639113,0,1.6499492711888049,1,0.7632629579244368,3,6,0,0.4773505605907023,0,0.907187128447632,0,1
1780,0.5925264088083446,1,1.5292447410141203,1,0.20433162184839948,4,1,1,0.523184282740961,1,0.9998759218975363,0,0
969,0.20227569090766162,1,1.5981073075848076,1,-0.3940441881964387,1,4,0,0.4171693516012647,0,0.8605329747912833,0,0
514,0.8094009868596634,0,1.5635331050153118,1,0.7776255239413528,2,6,0,0.5022300785410725,1,1.144783548072204,1,1
934,1.1025251843861512,1,1.389156574168523,0,0.6844361971527217,2,5,1,0.2887906015995867,1,0.783898953724472,1,0
283,1.0600361265851355,1,1.4588457001714765,0,0.45163714077303074,4,1,0,0.6514105654426815,1,1.0765711666699695,0,1
678,1.0334831646387614,1,1.5239351987789682,1,-0.3000686860264894,1,2,0,0.45497291393269895,0,0.5127883612093427,0,1
1847,0.8461053515073333,0,1.480546628140026,0,2.2772754618371485,2,1,1,0.44521928551803375,1,0.8149100175117153,0,1
1822,0.06783817380272245,0,1.4428961734545882,1,0.1595188881705028,3,1,0,0.5561515906062473,0,0.7802728895893323,0,0
1845,0.4128509099352653,1,1.5237396413602275,0,0.7010949485990114,3,1,1,0.3611225695347383,1,1.1890175813827795,0,1
1032,0.43699927802410327,0,1.5593289578194,1,0.47427935519228787,4,6,1,0.43699677889160676,0,1.0436458538403048,1,0
1722,0.7523170037885037,0,1.5160407632070279,1,0.3056583596551959,1,6,0,0.38072775334202913,1,1.0064204561452148,1,0
2377,0.5984417058737627,1,1.4734056680753682,0,0.1995912677118033,4,2,0,0.5588272664611669,0,1.1499449961466937,1,1
816,0.31413077715869886,0,1.5086593808916555,0,0.6316007504120821,1,6,1,0.4020207813597538,0,0.9503732602549478,1,0
1207,0.6516018069469159,1,1.5866705239058747,0,1.4307071631215351,2,6,1,0.553655348102674,0,0.6536669882095378,0,0
38,0.49283379637372104,0,1.5786209041826829,0,0.3545548484347817,1,5,0,0.4482467736442693,1,0.8027657087907193,0,1
1792,0.7641114550812793,1,1.5590025370133231,1,0.20807784737024093,2,2,0,0.514045530906456,0,0.9229254459731465,1,0
175,0.9878827942667248,0,1.4526349849742008,1,0.3097567264240235,1,1,1,0.4497459289124572,1,1.0599529800968508,0,0
821,0.6567619847800445,0,1.5535617113861278,1,0.11936865914257422,4,1,0,0.6341890953829583,1,1.2883368190222657,0,0
828,0.5288126449203188,0,1.4133796998002846,0,0.0670140832310005,1,3,1,0.513764352165363,0,1.0025698343843767,1,1
65,0.433698058062287,0,1.5988316975349108,0,0.40224279935414364,3,2,1,0.4851249073555275,1,0.8514261938423427,0,1
808,-0.3913906921127026,1,1.381030953212673,1,0.04419491691847932,2,6,1,0.3203935387642519,0,0.9527675470775394,0,0
414,0.9606440551382821,1,1.4231884895933242,0,0.6615027488197344,4,3,0,0.5002364135455475,0,0.8447132603686331,1,0
154,0.5494675311841803,1,1.5723015816565746,0,-0.30032759151788857,3,2,1,0.3926115065330749,1,0.9761441704798217,0,1
32,-0.3749088578367723,0,1.5031741687253977,0,-0.7475415466468824,1,5,1,0.45033601337514306,1,0.9994528234134226,1,0
111,0.4004394763686807,0,1.4373745824439852,0,-0.05984790229431869,3,4,1,0.435152021426244,1,0.9816820253994558,0,0
762,0.5281458519417205,0,1.6482567868937406,0,1.1912619642422237,1,6,1,0.4422368607197042,1,0.8563315381435271,0,0
1537,1.1136183165743372,1,1.4436510651870471,0,0.4648419159665774,4,1,1,0.6498084028862084,0,1.0587195934308475,0,1
1944,0.9171257658444689,1,1.6863933276660985,1,0.4062380510353971,2,5,0,0.44372409635669074,0,0.8759654055181374,1,0
82,0.1956278885462599,0,1.53906705306469,1,1.2105361479531627,4,3,1,0.5126351859762115,0,0.6836446720172256,0,0
795,-0.4753246186043433,0,1.268344214954412,1,-0.15475688564367673,3,6,1,0.5522025563087655,1,1.3019542612489703,0,0
374,0.5128650758840065,1,1.3220507086197724,1,1.0747629884902774,4,3,0,0.5425079248732428,1,0.788042164301342,1,1
2316,0.10121184943370615,1,1.5449876604543473,0,0.023092338964511294,4,1,1,0.4951164988020361,0,1.2818696669846636,0,1
1533,0.6624904752349491,1,1.5637024485939284,0,0.964594701483027,4,1,0,0.4324661757521133,0,0.9458066688946929,0,1
2077,1.3861527018845679,1,1.5011910773060486,0,1.2203906007291392,2,2,1,0.575571216088331,1,0.5601601602172207,0,1
1897,0.8189170081291856,1,1.4231842617374597,0,0.6921898074678261,2,4,0,0.6425124178351966,1,0.6411405628225855,0,0
118,0.6460300745352411,1,1.4225210365542673,0,-0.4577949158403386,4,4,0,0.5617494503451488,0,1.3127924547646703,1,1
1800,0.8826496006898887,1,1.4811271111522253,1,0.5553845278944737,4,3,1,0.4062128777527297,1,0.8393470639134005,0,1
2376,0.5769733920562856,1,1.4971208674293037,1,0.64043988872247,4,2,1,0.4408991820702123,0,0.9805064623092126,1,0
668,0.11110969557287709,0,1.51040420403557,0,-0.1374815496536579,1,3,1,0.5421908860695437,1,0.9995948676091908,0,1
1890,1.0690183039995926,0,1.5922004082547039,1,-0.23658099771727226,2,5,0,0.5156993620061481,0,0.8225436565551767,0,0
1433,0.7561826841149926,1,1.5657885636695559,1,1.1272278210294875,3,3,1,0.5309924677930086,1,0.9223048621857105,1,1
1790,-0.15846785854434664,1,1.5198967361976943,1,0.4003859010547556,1,5,1,0.47913626868553905,1,1.1019115325785314,1,1
2090,0.7040523918815749,0,1.5507084662148944,1,0.38143032506451063,3,3,0,0.6027033355217561,0,0.9886862991015704,1,1
813,1.1860826461646519,0,1.4976456027647764,1,1.0096976256634616,2,2,1,0.41184370544106635,1,0.5084832776815627,1,1
293,1.0007350799062489,0,1.4881723009730925,1,0.9999960378282373,4,4,0,0.40054083639771304,0,1.0228950302472979,1,0
1597,0.9895915834239293,1,1.5977541979622196,1,-0.14075792782751018,4,4,0,0.4409909259292636,0,0.8007717043800349,1,0
1281,0.3016194073502856,0,1.5078752735084897,0,0.996692665213252,4,5,0,0.5136797997956836,1,1.1420975938426738,1,1
162,0.783421618201026,0,1.311968962413517,0,0.2900157219855257,1,3,0,0.45204893790194034,0,1.142101567076728,0,0
2070,1.0268602359039378,0,1.60260748176448,1,0.5614844161597927,2,1,0,0.355256133274871,1,1.0366956080279026,0,1
1158,-0.4300312430696793,0,1.5589350704373748,1,0.2664690399366847,4,6,0,0.6617643198322684,0,1.0157292379870884,0,0
1351,1.1284671032877633,0,1.6614981797380535,0,0.991126708925874,4,2,1,0.5841135643611073,1,0.5421665107462816,1,1
178,0.34073332733669653,1,1.3986153106325163,1,0.5818234622025512,4,2,1,0.4603943791469591,0,0.6449437635601662,0,0
80,-0.09070419503628768,1,1.405815938389657,1,0.16796554622473064,3,3,0,0.3549334123584642,1,0.9907331688824476,1,1
1963,0.5205611468207313,0,1.446812150315205,1,0.7224835043423674,2,4,1,0.49557819505080936,1,0.9545740771861029,0,1
208,0.0869474980026343,0,1.7147762658043737,0,0.798493021341548,1,2,1,0.5877156824695041,1,1.1311493131646315,0,1
1641,0.6026524243038102,0,1.5217521304256423,1,0.3636248952036315,4,1,1,0.43593568620442424,1,1.201911537190564,1,1
880,0.4155055200719986,0,1.6791823488449489,1,0.3466547858310629,4,5,1,0.3637871086296164,0,1.3634712764705548,0,1
2239,0.02014895338540501,1,1.5975897577874614,1,0.8480914667419872,3,1,0,0.4960848186031783,0,1.2986809242161261,1,1
2225,0.5337836694660058,1,1.43865687047259,0,0.5504168341897053,4,3,0,0.5149070542666769,0,1.198358559242592,1,1
2011,0.6678510998564978,0,1.3544556749393073,1,0.38160058066123903,4,5,1,0.46802028429892145,1,0.8952392884452804,1,1
755,0.41327659445120896,0,1.4695013941156871,1,0.5355654762018199,3,5,0,0.35364498625834384,1,0.9001216053214097,0,1
509,0.3623692566565718,1,1.4915698888769586,0,0.5018376603799196,3,2,0,0.41780429134199665,0,0.8025949763737398,0,1
1004,0.5743202315564043,1,1.4613986467289346,1,0.5812119164603362,3,1,0,0.3789658434756522,1,0.9322242370996776,0,0
2325,0.3479951802749519,1,1.5151183016192018,0,0.6989194972403533,4,3,1,0.40973827778037164,0,0.8666698344320933,0,0
98,0.46447884694114494,0,1.4287776712830211,0,2.49268212386217,1,4,1,0.5516184236904693,0,0.8244028710971771,0,1
193,0.8618925191150424,0,1.4125301701815351,0,0.19062507301723658,2,6,1,0.5705637950705561,0,1.0895375564281005,1,0
578,0.4057150704556238,0,1.4560870112514877,0,0.7407417241526436,4,5,0,0.4655768396521648,0,1.1313281315463766,0,0
1473,0.433483202538391,0,1.539693326751639,0,-0.6745201255354674,2,5,1,0.3618114432757646,1,0.8275350421852505,0,0
98,1.330673459782807,0,1.3230891163414429,1,0.7223885789007767,2,6,0,0.5301898046779991,1,0.8984678452340408,0,1
999,0.08935568271826572,0,1.4035072977424126,0,-0.08967365364170476,3,6,0,0.6273380973278385,1,0.8008412829664903,1,1
1856,0.485619174367357,1,1.5180095770193476,1,0.48847285731475004,2,1,0,0.49225303222269035,1,0.8468079276233433,0,0
13,0.19431440035450864,1,1.5759584906236943,0,-0.10787296884055453,3,6,1,0.36364037574450986,1,1.005978212539512,0,1
1388,0.5661183784758723,0,1.4884114774134798,0,0.581568621880189,3,2,0,0.5329658005980938,0,0.8593844559341757,0,1
231,0.9808351468277682,1,1.5938569633684405,1,-0.6455940388021619,2,6,1,0.561467295881123,0,0.9996020784585193,1,1
465,-0.31367909942158156,0,1.495549974051051,1,0.3036500658533614,1,1,0,0.47380013636937823,1,1.1199464622641149,1,0
515,0.4348730324821379,0,1.5098496275806308,1,0.7225071488410572,1,5,1,0.4893089345485107,0,1.137409435383622,1,0
1720,0.7984492044038674,0,1.4363767413404094,1,1.346893985412014,1,3,1,0.502635700898662,0,0.8341705779835225,0,0
963,-0.5884062093789053,0,1.3523202764115234,0,0.2427894368551483,3,3,1,0.3714353182459582,0,0.803351097894284,0,1
1608,1.224285311798483,0,1.3506822841679544,0,-0.5956844709767524,3,6,0,0.4601111356917536,0,0.8396466713550392,1,0
1880,-0.23605230479828243,0,1.5307872918937375,1,1.074504630476679,4,2,0,0.47465988947795545,1,0.9975953017313127,1,0
23,-0.1854374208871825,0,1.4535508302966134,0,0.3734491261737739,4,2,0,0.47827903331397165,0,1.1262646039879787,0,0
1109,0.9364371478200955,1,1.625903531278516,1,0.6362359168927428,3,5,0,0.36019896562536635,1,0.8928424064690897,1,0
29,0.4652362862937833,1,1.6455575864041074,1,0.720551084053349,1,3,1,0.55273016910404,0,0.947665281413994,0,0
1509,0.5637864484437058,1,1.520156258575102,0,-0.018829733677259153,1,2,0,0.5449540670381124,1,1.3032012901465824,0,1
1307,0.5321430664700004,0,1.463347079029258,0,0.24401479116018626,3,1,1,0.277302572867815,1,0.6565238338593673,1,1
821,0.2941969255769049,1,1.492793035362028,0,1.0922543058270353,2,2,0,0.46465770065369855,1,1.0858555417032734,0,1
1379,0.8575212548467617,1,1.5978583707345166,0,0.8388305589128122,3,3,0,0.4154037458505414,0,1.0097715391688518,1,1
1821,0.1448261790341437,1,1.603922474375092,0,0.6320403077519174,3,5,0,0.4227080488856792,1,0.5707045924014731,1,1
1524,1.1341611982455775,0,1.6011299102026724,0,0.15673906213757133,4,4,1,0.5011219619051,0,0.9067398026767718,1,0
1878,0.4206451504135621,0,1.63051631689382,0,0.9481666339911048,1,5,0,0.6192000048297082,0,0.8359434953371819,0,0
1618,0.5633178583071712,1,1.4464606044816823,1,0.791787410047567,3,2,1,0.47481559335534634,1,1.0750902864120526,0,1
1374,0.16244707257173113,0,1.5804250892210643,0,0.36880151421113627,2,1,1,0.374429008939161,0,1.020880295157703,0,0
37,0.5178014284915025,1,1.6075870250853117,1,0.4567077304119878,2,6,0,0.40634096281465887,1,1.1608248540019863,0,1
475,1.3152292095580171,0,1.5060316724682667,1,1.0929531008268403,3,6,1,0.3780959656500467,1,0.7848461527003407,1,0
2068,0.6037530655195407,1,1.3644753869841337,1,0.7902706652973969,3,5,1,0.4066422536952085,0,0.6480475032521943,1,0
386,0.5806425368026575,0,1.3563750981876272,0,0.567663860382723,4,5,0,0.38482739969156504,0,0.6120846496462072,1,0
1197,1.0893076230672287,1,1.4182315292098255,0,1.6361183296705004,2,5,0,0.4673321972010853,1,0.5138380919981858,1,1
1778,0.6872548539436494,1,1.4391933627804765,0,0.2883184117685479,4,5,1,0.39224265289066546,0,0.8993088767622875,1,0
537,-0.47602165169916355,1,1.601035459813902,1,0.9932299936965806,1,3,1,0.5134653591912041,0,0.9754427879792463,0,1
2137,0.14958666323233077,0,1.3885436961868476,1,1.3621797424775408,4,5,0,0.3897272534293381,1,0.9867768584156218,1,0
1471,1.128477080757547,0,1.5865677162823981,1,-0.008105333560190608,1,3,1,0.4363742034136183,0,0.7466051037434686,0,0
39,0.37982578205580375,0,1.6352190259758415,0,0.8563416119057189,1,1,1,0.5122127840642605,1,0.8373617959014175,0,1
642,0.9344470921303465,0,1.416431207357784,0,0.12480689590256228,3,1,1,0.502270820295803,1,1.2327558449740583,1,1
1314,1.4692218612745307,1,1.4920715636056316,1,1.0952440530052545,2,6,1,0.4149508898418101,0,0.9486126536128924,1,1
1660,0.7503798846861764,0,1.4629492682143974,0,0.13343820222151676,3,2,0,0.32578200935657,1,1.1054898481088353,1,0
42,-0.675198446995789,1,1.3741715886784527,1,0.7536936045466673,4,1,1,0.5688072676168161,1,0.9404260142747032,1,1
507,0.6275113901838782,0,1.5596732096901131,0,-0.18987266589181828,4,5,1,0.4731078810144546,1,1.1198949202991182,0,0
1401,0.8622019707808761,0,1.3777219372699292,0,0.34650590394791325,4,6,0,0.43393409184304094,1,1.2673115245127393,0,1
2300,0.6502538573003254,1,1.4675333941024853,0,0.9085116849781425,4,4,1,0.5946050542152896,0,0.9841408541611558,0,0
1650,0.6956841212687694,1,1.47678396435813,1,0.9154310816657976,3,3,1,0.5453319932665087,1,0.9299871004785917,1,1
59,0.8638828650116168,0,1.5177282765194544,1,0.1426979761331289,3,4,0,0.5142821277334941,1,1.098527962067469,0,0
1911,0.7743779917571325,1,1.4982518866205248,0,0.6036859129387057,3,2,0,0.4617995208541843,1,0.8224181618924132,1,1
536,0.24567042890208102,1,1.6095572598648773,1,0.21263226754046566,3,4,0,0.5610390537954837,0,0.9658055966549919,1,1
1087,1.1027298414219908,1,1.591346488447779,0,0.33010837675805144,2,1,0,0.29883509504922,0,0.823949882006099,0,0
702,-0.3011617991875246,1,1.5789043027369076,1,-0.1496550492378862,4,6,0,0.47487651550826326,1,1.1027290226540274,1,1
482,-0.10120277316335002,1,1.5312952483392073,0,0.2743799221388419,2,5,0,0.4667846254656484,1,0.8501525192807076,0,1
1562,0.02991233649839964,1,1.5181461906936133,0,0.5294521516610957,3,4,0,0.5356018262377474,0,0.9255668971115991,0,1
1091,0.4495647666716722,0,1.5408421982093607,1,0.36512601799021127,1,1,1,0.3977506155010088,1,0.6922633314249355,1,0
1131,0.2285786661538226,0,1.6117331616488748,1,0.6026248975979496,4,1,1,0.5222914468318971,1,1.0751072318786077,1,1
678,0.16150434355979953,0,1.7299146918044712,1,0.1448686593384344,2,4,1,0.4034074744930827,1,0.8217585246161551,1,1
4,-0.21381168461387967,1,1.5144769109844554,0,0.4154710685673702,4,5,1,0.3417556890803788,0,1.1294157348178047,0,1
575,0.5594277600905977,1,1.5833808565065108,1,0.4377393912317682,2,3,1,0.3935113559009049,0,0.8357552787093184,1,0
2214,0.9449244348011382,0,1.4305864371410029,0,0.6827232739119953,3,5,1,0.3520645967452059,1,0.8825555272970507,1,1
1225,0.03526137010297792,0,1.4277827695124683,1,0.8807038424767346,1,3,0,0.5782056059903631,1,0.8834862135967497,0,1
38,-0.1203215346762202,1,1.4890897670554468,1,0.6164774686274298,4,4,1,0.4553367651899619,0,1.0448561479345626,1,1
2138,0.9975591621940401,0,1.5691330269509942,0,0.2177706055052238,3,6,1,0.4761287386273532,1,1.1561416929698203,0,0
1188,0.5870277274782002,0,1.4696812124737262,0,0.6289138007103805,3,1,0,0.47633582030815913,0,0.9061957594716485,0,1
256,0.35809453275958836,1,1.5353164972352213,1,0.6289557928160578,2,3,1,0.4439181570739994,1,1.0014929876429726,0,0
2119,0.5202615769492663,1,1.4312766867150524,1,0.6045115653330302,1,3,1,0.5031122155774695,1,0.9549645578459584,1,1
645,-0.15598385450484709,0,1.3726064125564421,1,1.0665103554447413,1,1,0,0.5781959526621754,0,0.7222359834800356,1,0
46,1.1416251778345723,1,1.5847653809026705,0,0.3245823919617961,3,1,0,0.463502143579926,0,1.13895883846989,0,0
2304,0.38738072718244754,1,1.5033516884306326,0,-0.04658387374189976,4,2,1,0.5061817941141371,0,0.7217750317392531,0,1
762,-0.0413677735214899,1,1.4723754303810204,0,-0.39296762343400937,4,1,0,0.3741690129780707,1,0.8464582595490356,1,0
68,-0.18123204789772818,1,1.5222559437699796,0,0.8177168228475098,1,1,1,0.5541794172065416,0,1.01638368267902,0,1
944,0.39138419256400303,0,1.3282706500953154,0,-0.1988985517385753,1,4,0,0.5126691480258324,1,1.2183010707854487,0,0
721,0.5248018636113169,1,1.5983302049042072,0,1.1543815212305182,1,2,1,0.6089055359561638,1,0.898272617626285,0,0
1924,0.9148622445473087,0,1.426773941819895,0,1.0061046362870727,2,4,0,0.5265122570219813,1,0.4731188679144238,1,1
1991,0.250079475874445,1,1.4559766478670437,0,1.4421905556831358,2,3,1,0.5473497744352235,1,0.9841381106057017,1,0
1796,1.1662790247301722,1,1.4233073727880545,0,0.3655887246574839,2,6,0,0.6005778756439588,0,1.0020533056709775,0,0
2275,0.23287802938826302,0,1.5759213482225165,1,0.09510466326867023,2,2,1,0.49458091810239796,0,1.0525143613477779,1,1
1078,0.7564788850204119,0,1.4586446448566635,1,0.8398046101666996,4,3,0,0.4849386631199712,0,0.9270400205914797,0,0
383,0.24965768073237699,1,1.3347944008482608,0,-1.0070878279523254,4,1,1,0.7037059936945924,0,0.9170984412487809,1,0
951,0.02560505297561505,0,1.3649539811987774,1,1.1753578435761063,1,5,0,0.29539666260103997,0,1.1163846442946443,1,1
892,0.09252211508186947,1,1.5142497521687308,0,0.6867113097019042,4,5,1,0.47800021312660923,0,0.866683724691227,1,1
206,1.044067686000503,0,1.51842862376659,0,0.07887134736073564,1,2,0,0.4592971672176222,1,1.0259092323388497,1,1
1559,0.6215919785632547,0,1.5007327245486999,1,0.3918505489775156,3,2,1,0.4178122813437721,1,1.02987249643648,1,1
1632,0.21273001401992303,0,1.315829292954668,1,1.1230403106187825,3,5,0,0.44297547564631284,1,1.0737723685109786,1,0
960,0.4939354188849197,0,1.4762063441012583,1,0.7072492579131688,4,6,0,0.5494273693696592,1,0.5411880436371923,1,1
2233,0.6901071706277548,1,1.7164585051423429,0,0.045721567151192966,1,2,0,0.524579626415342,1,0.7234860777961065,1,0
727,0.6895780144511969,0,1.578714821817757,1,0.5757514447478903,2,3,0,0.45672311516603464,0,1.3050151293592254,1,0
1867,0.4816275605416906,0,1.4040487332875828,1,1.0700852714810383,2,2,0,0.4857413510989483,0,1.0933576202032576,0,0
2354,0.26018254491826176,1,1.501998716935744,0,0.31773131408923894,2,3,1,0.5700842233710616,0,1.119241804574978,1,1
2135,0.6771831396631767,1,1.3757486643626253,0,0.6709768367000658,2,3,0,0.3831745781435998,1,0.838167764809619,1,0
1411,0.9487613318771246,1,1.6268866659350363,0,0.02931303118574935,1,2,0,0.4426420419478571,1,1.0682952807753943,0,1
1489,0.47224233763315004,1,1.589296089350059,1,1.1828941811003255,4,2,0,0.37145724306486494,1,0.8678450393246689,1,1
2289,1.0359562277932641,0,1.596348649061553,1,0.8984712681249764,2,3,1,0.5309226961705578,1,0.7491468320901444,1,1
767,0.2723827115553874,1,1.7280339856546756,1,-0.5620896899570054,1,5,0,0.42884710805350434,0,1.0989004970359226,0,0
480,0.5859540973397398,1,1.3765758040852911,0,0.9987841010562188,1,1,0,0.4440013738714549,1,1.1015464970959556,1,1
1669,0.375829243400538,1,1.5060430090924322,1,-0.7225656057053753,2,6,1,0.36405160323658037,1,1.1011831363072757,1,1
2206,0.19249609846210436,1,1.4404868884482351,1,1.2633784005817663,4,2,1,0.4567966289000313,0,0.8144158336079854,1,1
620,0.8218522988786119,0,1.603199149053356,1,0.3508981809545529,4,6,1,0.4708561600541278,1,0.8808838208075773,0,1
1771,0.9037317749210494,1,1.587942224506191,0,0.5042802112708861,2,4,0,0.46462048245591225,0,1.0346334145142722,1,1
2351,0.8980994224323964,1,1.4569509629645077,0,-0.12310869653963663,3,1,0,0.360862273173508,0,0.8381451170907224,0,1
69,0.4360007008216342,1,1.4045566685930395,1,0.5228314761176225,4,5,1,0.5812073075344727,0,1.183551210771105,1,1
1010,0.34753342933248005,0,1.44091879120946,0,0.4486099394051936,3,6,1,0.5523744852614313,1,0.7133469164283941,0,1
1105,-0.05933864944386491,0,1.528113331076449,0,0.22628767336230016,1,6,1,0.5587532043599976,1,1.0221913635013122,0,1
426,-0.3955503802574625,0,1.5374723319801042,1,0.6571259181468441,3,1,0,0.4068150676658929,0,0.8841130372424566,1,1
2229,-0.32246446779644167,1,1.4536419987797298,0,-0.22280493081692043,4,6,1,0.49983011527006255,1,0.8000048914138972,1,0
1183,0.5571423894328592,1,1.574816439025132,1,1.0964079037911123,2,6,0,0.4785489696641554,0,0.928156097557832,0,0
1958,0.8963224234763392,0,1.495182194961403,0,0.7943007274598816,3,6,0,0.42938503106033904,1,0.7457079298676537,0,0
2216,0.6888777878601697,0,1.594291656510928,0,-0.01928501320240983,1,2,1,0.46988663879147535,1,0.9049347729100703,1,1
1312,-0.09058951827941408,0,1.4643697775347397,1,1.2418446633369085,1,2,1,0.44331527149963934,0,0.8030056800183613,0,0
2128,0.21413708089902167,0,1.6342889896198198,1,0.3559374623786259,3,5,0,0.6263963975706031,1,0.8559416746777548,0,0
145,-0.14071751029380986,0,1.4663360560283913,1,0.6380255752254157,1,5,1,0.3964841779489058,0,1.1445193803860374,1,0
1008,0.3977070771874105,1,1.4372601523824065,0,-0.2241930589416543,4,6,1,0.5866097510056146,1,0.7851820710845168,0,1
234,0.4653386450970119,0,1.510757020340655,0,0.4387040652655755,4,1,0,0.5894067056987642,0,0.6705419509359192,1,1
130,1.4652729960906619,0,1.398277974128227,0,1.1312736482981074,4,4,0,0.43268012226493596,0,1.012362744723686,0,1
1160,-0.25681340680134845,1,1.5142083435622473,1,0.5156395003813362,1,2,1,0.4217498703283184,0,1.1661658150789123,1,0
934,0.7908822122904906,1,1.5900976769950572,0,-0.009605827127559752,1,6,1,0.5146039797194293,0,0.9320597544655105,0,0
1395,0.2897085255033779,0,1.6541148365464342,0,-0.24196623669583517,1,6,0,0.5198766721492849,0,1.1736819424780918,1,0
1613,0.5155941883603363,1,1.4358458084517947,0,-0.15178816407010365,2,5,0,0.4759999395940963,0,0.6333992333937987,0,1
918,0.7562486639868609,0,1.5160504990372934,1,0.18574969797719254,2,2,0,0.3261716537057013,0,0.8806198429599671,0,1
2187,0.5742853739648149,1,1.5546232728932943,1,-0.16576824684843972,2,6,1,0.5768134404102919,0,1.1271234502786107,1,0
10,-0.08139501141515537,0,1.4287472662475889,1,-0.05401917714206195,3,5,1,0.3193936747295902,1,1.0832000632503402,1,0
2287,0.8583245909347843,1,1.4449185566556084,1,-0.012474155642840823,2,6,1,0.4572643750089545,0,1.0282818860060166,1,0
1263,0.6564077528810356,1,1.3991556507665592,0,0.9643866238014378,2,6,0,0.4758406249558684,1,0.8228649434827043,0,0
2269,0.3770959179342903,1,1.6346371450339108,1,0.5656284102164092,1,6,0,0.5556814087434986,1,1.0244264403062158,1,1
1326,0.6054286437166452,1,1.5755276674946768,0,0.8940325981421231,1,2,1,0.4803898080818025,1,1.1555986167014667,0,0
572,-0.059168890979854116,0,1.5677483426225665,0,1.1476333633536258,3,5,1,0.4462478731481843,1,0.8046413141108197,1,0
329,0.5972253322570331,0,1.3748704974456563,1,-0.3233350753712442,3,6,1,0.40596871845804905,1,1.062613332318139,0,0
1833,0.43530539336606716,0,1.5224741876738723,1,0.5252902996542843,2,1,1,0.7094162353740157,0,0.7971167155496562,1,1
1487,0.9786622274265291,1,1.5821107384950794,0,0.22316557957925953,2,6,1,0.2914147321252958,1,1.2190145475393381,0,0
151,1.38496510775822,0,1.4568298076716728,0,0.5747988524496455,4,6,1,0.3641755444477308,0,1.1465182627291246,1,0
666,1.126585122414808,1,1.3890377374055303,1,0.6207337261767386,3,5,0,0.4268022389940065,1,0.9659952882733092,1,1
1869,0.4043262642263329,1,1.5623715148253485,1,0.14081232696481805,3,5,1,0.4762956425793463,0,1.072010905392066,0,1
1954,0.47143626881319056,0,1.6121786880776907,1,-0.16654215835397745,2,4,0,0.49528861125513396,0,0.9141776724991055,1,1
539,0.4310302122257263,1,1.4084988259038227,0,0.531600061888617,2,3,1,0.40293557525696644,1,0.6702783212807947,0,0
1010,-0.9996864517335371,1,1.5487877925423759,1,0.42501055908204627,1,4,0,0.4855341950127039,1,1.0211230948989005,0,0
384,0.18666431399160122,1,1.4484578448393033,0,0.5352386069266074,4,2,1,0.4427715018350752,0,0.968989468864569,0,1
335,0.05380740523208816,1,1.4067850838683489,0,0.42300067708787537,4,6,0,0.345108789586102,1,1.012735057719815,0,0
180,0.7097809713553725,0,1.6314593956856214,0,0.770053548071171,1,4,0,0.5381210311917863,0,0.8578681363728741,1,0
1233,0.07989907658115292,1,1.5916283722634168,0,0.2193172625019082,3,2,0,0.4834734965561998,1,0.9231005534379375,1,1
1600,0.48969852921226426,1,1.5257073717514522,0,-0.4089828726777188,2,2,0,0.4367301525220781,1,0.9102265171033368,1,0
233,0.8616503276311033,1,1.468356047155676,0,1.0617224436013695,1,3,0,0.5336537804310578,0,1.3796646681071436,1,0
1362,0.1405720248620086,1,1.6165982006425204,1,-0.21803088645102398,1,5,1,0.4417918604344938,0,1.199498217732075,0,1
1071,0.5233320756494984,0,1.4453144481498315,0,0.04136195622374683,4,2,0,0.4617817272826665,1,1.0384011838662035,0,1
205,0.9627096825920431,0,1.4652049511614025,0,1.4959924384998238,4,4,0,0.3417769411792934,0,0.8520581239560608,1,1
1923,0.9611750936739267,0,1.6067100550361468,1,-0.13599767419301623,2,1,0,0.5627682310834483,0,0.9942412654884905,1,0
1927,0.34304822002494645,1,1.5064905033534444,0,-0.30994202185548003,1,2,0,0.5428788326669561,1,1.1747358038101714,1,0
2314,0.760466575886415,0,1.3795885357025612,0,1.0651571860765636,4,2,0,0.5523534524090696,1,1.0559191316118068,0,1
808,0.7545679550345962,0,1.5114192728401885,1,0.10944158701965934,3,1,1,0.5579030392877903,1,1.2859006801696706,1,1
1184,0.5624214617296486,0,1.449039613069795,1,0.022996715900231335,2,6,1,0.5202689361578149,0,1.1479548999392755,1,0
874,0.5041312829793425,0,1.3084299066150755,0,0.28837312621975697,2,6,0,0.38613029867128246,0,1.1275166688288447,0,0
2314,0.8422516451962017,0,1.300474327110914,1,0.783593052300565,2,5,1,0.2915022112036123,0,0.41971135460085185,1,1
2047,0.7150009937994444,1,1.5428821399544899,1,0.4354666810003671,2,2,0,0.5754943779719781,1,1.035754449237967,0,1
2216,-0.19698995367067706,1,1.646989102977364,1,0.44478969356770226,4,1,1,0.46505598187006436,1,0.7529278520296344,1,0
2373,0.20300601340519742,1,1.3547649164439295,1,-0.02107074867441805,3,6,0,0.469041859052089,1,1.1012065478659605,1,0
723,0.13237778836326392,0,1.5466547226943377,1,0.5730272195517669,4,5,0,0.5599633478518317,0,1.0201031418174646,1,0
1011,0.3317485672252643,1,1.4686896500556617,1,-0.7380239718659132,1,1,1,0.4606374535519906,1,1.0571511908742592,1,1
1281,0.9348976604104278,1,1.549190974068473,0,0.36611643516479975,4,3,0,0.5456017623969612,0,0.993074645454046,0,1
1510,0.7140128891040758,1,1.5223418198171852,1,0.5634173220824179,2,2,0,0.4078814778136398,0,1.1124039464221436,1,0
960,0.28128213929839285,0,1.4453619314248998,1,0.4339402831659361,1,3,0,0.4847024792456578,0,0.9098433142817697,1,1
1365,0.08236700399602026,0,1.673182022386972,0,1.034175427843846,4,4,1,0.6530192759430231,0,1.1640370020033592,0,0
160,-0.6171143451582146,0,1.366038131381652,1,0.8004341929073051,1,2,1,0.38429010385041834,0,0.8002836780985058,0,0
153,0.35258099625137557,0,1.4567325730727532,1,-0.29963423648928633,4,4,0,0.4171217401556677,0,0.5642804626412163,0,1
1307,0.14411425313762466,1,1.5443419057751926,1,0.44641321830494973,3,6,0,0.45568540827340753,0,1.0482754163336307,1,0
1270,0.6232994688399505,0,1.432623975430206,0,0.28868439998827145,4,3,0,0.5586607509327423,0,1.0967684231941615,0,1
76,-0.8210816295678471,0,1.7714290208518035,0,1.283263142436363,3,3,1,0.4958257716598169,1,1.0719560448942664,0,1
100,-0.07996220922653263,0,1.523311030402687,1,0.5291809255218368,4,6,1,0.48021789146556604,0,1.0012798692879517,0,0
718,0.23769126627442344,1,1.2771146741412531,0,1.1407414953812394,3,4,0,0.4417829246441784,1,0.9885859149999041,0,1
2055,0.6197210530168747,0,1.3677438304067253,0,0.9152550987681974,4,3,1,0.5691200029373106,1,0.7643515052479825,0,0
970,1.1208340073139573,0,1.4966649489804456,0,0.2876222465457646,2,6,1,0.4727980457250697,0,0.990124107505348,1,0
2104,0.390970311929554,0,1.3986305711427431,1,-0.36065145041328883,2,1,1,0.5711037092454583,0,0.832695737956817,1,0
1449,0.9847909435884756,1,1.4598628480380105,0,1.0426415294676834,4,6,0,0.37161709014990907,0,1.2844992864400173,1,1
246,0.5213845986753001,1,1.4475772925480055,0,0.39536229701340075,1,1,1,0.4836001838275961,0,1.1264235024837048,1,1
1894,0.6862513671220125,0,1.4007250218946712,0,1.2677373487723675,4,1,0,0.38691844707237777,0,1.0029999767831017,0,0
1598,0.24999579276111256,1,1.405061499743252,1,0.9012059719554553,2,5,0,0.4536691025728776,0,0.9421386737430353,0,1
748,-0.009811150936619328,0,1.5263282130268336,0,0.15931853108811223,4,2,1,0.30631877505463845,0,0.695187674392716,1,0
1899,0.026415581231797325,0,1.6316328176283816,1,-0.1370664340002068,3,5,1,0.4370786581223765,1,0.8989450383498397,1,1
1749,0.40051262286959843,0,1.5101634974212426,1,0.5580753155162449,1,4,1,0.47443903901743495,0,0.7346459238797874,0,0
1477,0.809931807248837,1,1.6215471620511883,1,0.8300179019168505,4,3,1,0.5500579722630057,1,0.7704019951844863,0,1
1004,0.2706066518147334,0,1.5597214478850816,1,-0.05893361241069939,3,1,1,0.4990442753429823,1,1.0761919388916936,1,0
1666,0.5888270990063117,0,1.3615639725861322,0,0.5960106456246259,1,1,0,0.23690476581424028,1,0.7032757879268179,0,1
239,0.16815859010612433,1,1.5476869539324627,0,0.882750549362616,3,6,1,0.49059769658568847,1,0.9009160117966677,0,0
1984,0.9263158249162157,1,1.3677194615611128,0,1.5136182504072886,2,1,1,0.436950101210105,0,1.0942479906860072,1,0
1916,0.29880240765053634,0,1.5224794354453801,1,1.1927261169637706,1,2,0,0.42312221877665873,0,1.1284998704058395,1,1
1484,0.3226985061319399,1,1.4604899724521465,1,0.20753184236911915,1,3,0,0.5958782133288678,1,0.9220725274744039,0,0
1483,-0.08254668703668677,0,1.546185071654958,1,0.5041937730798267,2,4,0,0.654113622288499,1,0.5763724411947075,1,1
2292,1.04777364809145,0,1.563243326025174,0,-0.25006535278616104,1,6,1,0.5272663155129111,1,1.0011550922393435,1,1
1878,0.6701058844107244,0,1.5101195078566307,0,0.9531697837436365,1,5,0,0.3202456706085902,1,1.0978644095615202,1,0
621,1.0944463560839717,1,1.4476529004360446,1,1.4946283607125495,3,4,0,0.473959645300641,1,1.0056499458183539,0,0
1864,0.5419833610028837,0,1.5511130961094777,1,0.7910388909617703,1,3,1,0.5154249334435977,0,0.7867370828566123,1,0
1417,0.11515871552008383,0,1.3410135441018496,0,0.5349833512196823,4,1,1,0.5389028925250272,0,0.8795112898945957,1,1
1921,0.5402841549535312,1,1.400647434306448,0,0.8752318382578234,4,2,1,0.4911284556067546,1,1.0093412895246627,0,1
270,-0.2821222664735278,0,1.56338461595567,0,0.5028977541200035,4,4,0,0.5834209456128371,0,0.8555987734274151,1,1
1876,1.0006364849955611,1,1.4573411274242778,0,0.498928356053407,2,1,0,0.32797443216001443,0,1.1744531755958247,1,0
2004,0.3095917577296104,0,1.405614005638941,1,0.8801928098670047,4,6,1,0.47029901841061955,0,0.710289361889549,0,1
955,0.14466208772019562,0,1.426343052938575,0,-0.31861611006634205,2,6,0,0.6758900077486791,1,0.9132025387733812,0,1
1516,0.723155427367309,1,1.560695582642457,0,0.4057131615458992,4,5,1,0.4656664146739073,0,0.9114571123630316,1,0
860,0.6686483588360083,1,1.4978897184750208,1,0.7974291816737838,2,5,0,0.488043293803146,0,1.2773934195825518,0,0
242,0.9529625324939548,0,1.613073459538307,0,1.4529332338809768,2,4,1,0.4089819233314327,0,0.7451678796500492,1,0
1931,0.09317970634805672,0,1.549662898730826,1,1.1334289842256007,4,6,0,0.4241720487072769,1,0.8354612313381327,0,1
1459,-0.05331811118535967,1,1.617156704057851,1,0.2713926698318849,1,2,0,0.3904697697498908,0,1.143899397561633,1,1
526,0.28034399960276,0,1.3530190440251262,0,0.7567110424518468,1,3,0,0.4842720604668461,0,1.4020128457810954,1,0
1969,0.1786143787612321,0,1.3286440137630973,0,0.7709299340509799,4,2,1,0.6729103900422503,1,0.8114097409260879,0,0
729,0.8509129210278743,1,1.5216913608112448,1,0.15092429944010516,1,3,1,0.5605651196301918,1,1.1493907681855169,0,1
1774,1.656941774772702,1,1.4430983666316934,0,0.3962810570317232,3,5,1,0.38323304055736024,1,0.8389571475431702,1,0
737,-0.03325321564906303,1,1.4498238802834866,1,0.9335996456348491,4,1,1,0.6098827814373716,0,0.8771086426256771,0,0
2263,0.06535373405048289,1,1.6262145471380045,1,-0.6517710398210228,4,5,1,0.5373283326129898,0,0.8763226078282271,0,1
2015,0.9174329015196967,1,1.5031715764800326,0,-0.14359743030622674,1,5,0,0.25774147375973544,0,1.0161968181403196,1,0
51,0.19095335388918971,0,1.5214423150643468,0,0.2937617853474477,1,4,0,0.42035167447497046,1,1.1087003955961716,0,1
1367,0.4895182090788,0,1.5329137767342658,0,0.7049431826666234,3,1,1,0.3640785276150649,0,1.2788661581406089,0,0
1073,0.28804121179580533,0,1.48721512993757,0,0.1392678229059086,2,1,1,0.4818441626243942,0,0.9248491565386109,1,1
306,1.0048856291951431,1,1.4562814048434607,1,0.5880025962481206,1,2,1,0.6161378069550224,0,1.0104380746489758,1,1
1041,0.18342645425732884,1,1.4859160360277426,1,0.03175517202270256,3,6,1,0.529590681384799,0,1.3192695399344214,1,0
841,0.09675481495778304,0,1.555030749395014,1,0.5156187694973549,2,5,0,0.5196945851166153,0,0.7977509712523028,0,1
1847,0.06168886501527193,1,1.5104008152871022,1,1.4349987108293574,4,3,0,0.4337506170510917,0,0.8296367484253594,1,1
2227,0.3963567136586805,0,1.4762572502814144,1,0.6199906108632967,1,4,0,0.36714773188795863,0,0.8890222375781085,0,1
340,0.63809938527605,1,1.6438906587688673,0,0.5396708870217151,1,3,0,0.41626917091818655,1,1.2124144709669524,0,1
2063,0.7779838997757289,0,1.5146863440175231,1,0.9622722801680632,1,1,0,0.5289201937587746,1,1.1168035730884753,0,0
277,0.3320963404235529,0,1.6329202051713956,0,0.4233002373500762,2,1,0,0.36328724468365053,1,1.021508819808175,1,1
1365,0.7557275186752612,1,1.2962371844001366,1,-0.15904278805502048,2,1,0,0.48243576891074424,1,1.3527957672265094,1,0
797,0.7146553900955468,1,1.5740739037063762,1,0.7796958112541507,1,1,0,0.41335013030437334,1,1.1902500374563116,0,1
1680,-0.7740340162923651,1,1.497991642467365,1,0.06456366212009712,3,3,0,0.44256996760251954,0,1.173794249992761,0,0
1195,0.5786745880787261,1,1.5163226512944994,1,1.3032221855054185,4,2,1,0.5051663651479471,0,0.8622961747030669,0,0
1809,0.5000395658605522,1,1.5158137943424457,0,-0.34870012402104644,1,6,1,0.5135718856574417,1,0.7921682234509768,0,0
2119,0.9424492838181673,1,1.630293627968879,0,0.03610806572904823,2,4,1,0.4596267191862734,1,0.8798014068065948,0,1
782,0.8806321894861932,0,1.4365174246217374,1,0.4029053812001661,2,2,1,0.36327882251069776,1,1.072259601456341,0,0
1799,-0.15780499457546404,0,1.5843467735628889,0,1.2734227282014698,3,3,1,0.3005032322552597,1,1.0599813767181374,1,1
213,0.38471163696420674,0,1.5258937807081236,1,0.5448284467617637,4,6,0,0.4557508333380285,1,0.6698345155459458,1,1
1426,0.554526684357671,0,1.4530166755783624,1,0.22582118566120063,4,2,0,0.5462910613083223,0,0.865937941632277,0,0
404,0.35684855627330103,0,1.4886516656133841,0,0.31070128403223995,4,6,0,0.3543793220121414,0,1.0288963545482348,1,0
658,0.0017585743508012341,1,1.5546785242067107,0,1.038998342572116,2,3,1,0.4042631675128657,0,1.0598045110162322,1,1
2361,0.7559860836638315,0,1.4713465681302,1,0.3229081133923237,4,5,0,0.34756979538490307,0,0.9331075847242902,1,0
437,1.1828395460365293,0,1.5482211091392488,1,0.7821925051537267,2,2,1,0.5897425099537561,1,1.0425262862275317,1,1
2351,1.4538901842283105,0,1.5554974058005948,0,0.7516294088179236,1,3,1,0.495119412838901,1,0.9477776492190074,1,0
1454,-0.4948477631978444,0,1.532732183293733,0,0.10002585327466729,3,5,0,0.400420987290591,0,1.165961937754768,1,1
2127,0.16608775677104354,1,1.4752649154386228,1,0.8032229701544937,2,1,0,0.3983359321057296,0,1.2188095844516624,1,0
2136,1.156501933703491,1,1.3156282136029662,0,0.13458989228918455,3,3,1,0.6235499412522287,1,0.4317391830410159,1,0
2318,0.5088720216623446,1,1.5558218129432904,1,0.06652912301054609,1,2,1,0.3748830763360406,0,1.092159927711195,0,1
2036,0.28114155528802576,0,1.4027189665750623,1,0.757884229006885,1,5,0,0.4535287565727603,1,0.5487411701184706,1,1
1176,1.4179261536487813,1,1.47656836937012,0,-0.004199372395444212,4,2,1,0.42460143097612313,1,0.7617930106863822,1,1
1400,0.6373435395383689,0,1.4194084905852933,0,0.14869073978030045,3,1,1,0.5546342384118751,1,1.5270739393873045,0,0
1540,0.22102871400353458,1,1.5267850998695607,0,0.3066908555987711,4,4,1,0.5565395051666081,1,1.0872445751988837,1,1
409,0.3959058952529879,1,1.5321695310376304,1,0.832463605695086,4,6,1,0.3958181453953889,1,1.0369281322867627,1,0
2370,0.5975965541189163,0,1.5118166805895683,1,0.4342367384071145,1,5,0,0.47374613552121847,0,1.0761277371101305,1,1
1123,0.8110490255113836,0,1.5246432785283233,0,0.5849495127661274,1,3,1,0.7392815143191795,0,0.9318888578652139,0,0
1285,0.398102191466294,0,1.4064559512816488,0,0.9031198956741389,3,2,1,0.42157323858397494,1,1.1053418763506517,0,1
1723,1.0230174405571173,0,1.575212011712572,1,0.5876776048182194,2,3,0,0.4879640356750385,0,0.9534477609888988,1,0
1568,-0.09293561654593263,0,1.4750792189034998,0,0.4871653570105067,4,4,0,0.5422044177609179,1,0.9406947094830556,1,1
725,0.47684037987158256,0,1.355307856524994,1,0.7973573127493518,1,1,1,0.606051379756625,0,1.311069014949475,1,1
1063,0.29934477526312153,0,1.366160400772674,0,1.630660316298752,1,3,1,0.4797171246105466,1,0.5765942353908868,1,0
623,0.8773322143577724,0,1.5364982271773282,0,0.5082689623879739,4,4,0,0.5651910613059636,0,0.7314979798803415,0,0
855,0.9356705130991184,0,1.4770436888601486,0,0.5756715273723384,1,1,0,0.44432339928930736,1,1.0065932560878836,1,1
1913,0.3393704281520442,0,1.6569328834289472,1,0.39028644875212704,1,6,1,0.5631398451058436,0,0.6690490811024037,1,0
1673,0.3135166855973344,0,1.344580921330532,0,-0.6759332357995649,4,5,0,0.4620985595817389,1,0.7784237843540819,1,0
1030,1.0164474652512983,1,1.3968884838800286,0,0.2963855098195816,4,5,1,0.49505353907961314,0,1.054522955294441,0,0
1015,0.5762838502464374,0,1.1862273084462587,1,0.20308572755412568,3,5,1,0.4060224818728722,0,1.2553969689548816,0,0
2113,0.9004622137023446,0,1.51664846936665,1,0.6377278046936873,1,6,1,0.43468168441644733,0,0.8939404379151238,1,1
1871,-0.08635041719362624,0,1.4850013196102465,0,0.006752066865736928,2,5,0,0.5157807616993852,0,1.2990037604988909,1,1
1547,0.6431144455461625,1,1.3153383908371579,1,1.2018674959143887,4,5,1,0.5284503861741984,1,0.9589285939109834,0,0
1772,1.0820163141552164,0,1.3802073689711574,1,-0.4526867524271191,2,6,1,0.41129189937954197,0,1.2156573792399203,1,1
1668,0.5073868349011288,0,1.5698904166749141,1,-0.09534662811638184,2,4,1,0.48039295014234856,0,1.0489181478167995,0,1
462,0.6882647487132896,1,1.5393180040296448,1,1.0808198416980788,4,4,1,0.5124247934878257,1,1.0184899821737863,0,0
1727,0.8007381885516027,1,1.336746210552168,0,1.157305900217716,4,1,1,0.5153259663990737,0,0.9626144524435145,1,1
1575,0.4002992805676184,0,1.2504308136322706,1,0.6458150683425818,4,2,0,0.3985221895292469,1,1.355351161483489,1,1
548,0.3266703331024197,0,1.3448147192618354,1,0.22467106644300344,4,6,1,0.40893034450498295,1,0.7109776637263547,1,1
1655,0.9351202370474077,0,1.572873346726579,1,1.1312779766324799,1,5,1,0.4032362329798375,0,0.9708472377632459,0,1
2135,0.7976400351151458,0,1.4884718900154528,1,0.1461909559571039,4,1,0,0.46752424595317255,0,1.0021932174208368,1,1
2291,0.4641804014102185,1,1.5553270377857764,1,-0.5652931189576385,2,6,1,0.5402533459507523,1,0.9719536944725818,1,1
380,0.9459942343166495,1,1.399414044042139,0,0.3234121729320144,3,3,1,0.4887549732382319,1,0.7361010669177246,1,1
2074,0.3369698235030943,1,1.6178897126157705,0,0.7994945401477549,4,3,1,0.42467640660170525,0,1.2465136521404672,1,0
681,0.9023941111541486,1,1.4771829512748735,1,-0.5652272785884493,4,6,1,0.39396307020458055,1,0.8393049883491751,1,1
619,0.44107157580646056,0,1.3715244950374836,1,0.05318041979431376,3,3,1,0.37157105770309984,0,0.8198294065527024,0,1
1941,-0.3737675832162629,0,1.5904568095298077,0,0.8288786302389015,3,1,0,0.3487217271215049,0,0.93180893298223,1,0
1959,0.06681065934002312,1,1.3081196067488587,0,0.7985552308735011,1,5,0,0.5904324650525794,1,0.8655191903325458,1,1
1810,0.09252969123674387,0,1.4747766577087524,0,-0.30722422728849197,1,1,0,0.4441049485871434,0,0.8396784917680478,0,0
321,1.0317374106104826,0,1.2901702951636569,0,1.4457292249385043,3,5,0,0.5093830054178013,1,0.9085677544969596,0,1
494,0.9580718215156607,0,1.5680159915144787,1,0.6242804812363308,3,6,0,0.5446973442860671,0,0.9988433139265934,1,0
610,0.7379884655770514,0,1.4276717342091956,0,1.0732120084566374,3,2,1,0.39341394726160966,0,1.188098164766473,1,1
830,1.4959799176836395,0,1.5955989197550189,0,0.6143186429232617,1,1,1,0.4223270077791733,1,1.1624827290740687,1,1
1462,0.4766753814788498,0,1.3442532736596362,0,-0.1869205601356071,1,6,0,0.4790888228128399,0,1.0869382830671233,0,1
1565,0.49012802712531833,0,1.4726687343972547,0,0.7593746149154111,2,1,1,0.4145685031277382,1,1.2509900211082083,0,1
1041,1.1642168588976674,0,1.5907149702036258,1,-0.3374257327015443,1,4,0,0.3659013631638769,1,0.9288383957024781,0,1
1117,1.1167326345884705,1,1.5788214280323418,0,0.3964855727974434,3,3,0,0.44560466540128996,0,1.0156792618633959,0,1
2110,0.9539927630379854,0,1.541636470648948,0,1.3497848102476484,4,6,1,0.43947881822288953,1,1.1625819666041444,1,1
1064,0.7150394039448846,1,1.5616775254434179,0,0.5328518467047694,2,5,1,0.3877864853941776,0,0.7770526101814657,0,1
744,0.27303295688636386,0,1.313230711182647,0,0.4941579377940207,2,5,0,0.5330462348121372,1,0.8488705688782594,1,0
267,0.06657023139611096,0,1.5244986280848112,1,0.7461354336251318,4,2,1,0.542616676186368,1,1.0513857862238918,1,1
1201,0.3643067317524448,0,1.4160828795444869,0,1.014469808317493,2,5,0,0.5351628460462228,1,1.161059255464872,0,0
426,0.9600497181033593,0,1.4439247841573801,1,0.1341356828984262,2,2,0,0.4412787748577343,1,1.2232899376607724,0,1
1961,0.3387733649336713,0,1.5806784514610006,1,0.8824657291480643,3,4,1,0.5126376970234978,1,0.7169331468242749,0,0
95,0.2457574541984529,1,1.453293449752554,0,0.21770439717470308,2,6,1,0.4657566797755827,1,1.4781209507490516,0,0
402,0.3737702332136088,0,1.447487750985927,1,0.8381549297593105,2,3,0,0.47000959491708444,0,0.9239163247864062,1,1
2156,0.4012299851691224,1,1.6089182545233738,0,0.3057812637628544,2,5,0,0.33969290896006665,0,1.012329934998584,0,0
295,0.5511899924180518,0,1.4778842747326417,1,0.8291613812162697,2,1,0,0.4920805950926655,0,0.9082077808027031,1,1
1950,0.5938561781831215,0,1.4618540926253767,0,0.5596426373930083,4,3,1,0.5092196256331895,1,0.9001040793534176,1,1
818,-0.2024525536760572,1,1.470597994482421,0,0.4272051487959095,2,1,1,0.5612954664397554,1,1.0718042948047968,0,1
2338,0.4026469582621456,1,1.4514400939082097,0,0.29651148658686893,2,3,0,0.45599666153066754,0,0.9104678865520401,0,0
1332,0.34390768012810824,0,1.6377262055443402,0,0.34260177555611965,4,5,1,0.38754987035113625,1,0.8486936821170568,0,0
1037,0.36127535015831935,0,1.4416461484239091,0,0.5938687714376968,3,5,0,0.4726656694940485,0,1.130278384536817,0,1
1670,0.830130239093948,1,1.3486195848871958,1,0.7002483891035869,4,3,0,0.5485882080408229,0,1.0762186871862283,0,0
1025,-0.1691209461014196,0,1.2657209780869594,1,1.5335714430220795,1,6,0,0.4151250834841641,0,1.0589998429745333,0,0
128,0.5445247274808603,1,1.6268293069333954,1,0.6333389117822195,3,6,0,0.5230259237957009,0,0.7721524041931014,0,1
2203,1.3718045778525645,0,1.4879650054829838,0,-0.21087777742943148,3,3,1,0.6387414536275808,1,0.6560727766143284,0,1
2375,1.263585848748098,0,1.3772490349174464,0,0.8169986444381002,3,5,0,0.5160311328214869,0,1.163578947279958,0,0
2351,1.424867470360899,1,1.5089859219745918,1,-0.1565361072003706,3,3,0,0.3767665911141823,0,0.7989629423612123,0,0
1120,0.36577769140505473,0,1.435217941400906,1,1.398435245934124,4,1,1,0.48564285248963757,0,0.8141980652013094,1,1
413,0.023642929258250456,1,1.4523583383151324,1,0.09228004896152148,2,5,1,0.5262484517138369,1,0.7211484271377584,0,1
350,0.3569801472755755,1,1.534957272563052,0,0.09038361837125586,4,1,0,0.46878155968561186,0,0.8847275441983731,1,1
