uuid,page_id,reader_view,running_time,adjusted_running_time,scrolling_time,num_words,correct_rate,img_width,age,device,dyslexia,education,gender,language,retake_trial,dyslexia_bin,english_native,Flesch_Kincaid,speed
5507df65-d963-43c6-9e0d-a8c375c02b6c,2-1,0,103313,348802,10479,318,0.29397287104859604,572,41.179500951049796,smartphone,1.1942149369592745,postdoctoral,1.3904757181917065,Spanish,0.18533226673941045,0.42519040228043253,N,1.5115218341006431,42839.10769187106
8672882e-46f5-44a6-ac35-bfedb6323e69,2-2,1,120440,332984,141491,333,0.6691918781269782,794,63.10708736239319,desktop,0.514637430436438,graduate school,0.6133607378980757,English,0.6343914193608327,0.5844804066788469,Y,1.7397728503631966,42214.11991416703
722b0462-7e9e-4278-8d36-9495f6928afb,3-1,0,322804,461783,28349,249,0.4750202515541019,1132,30.24494458883211,laptop,1.5599206725190826,college,1.474565680278836,English,0.6257449293528833,0.5743275670970251,Y,4.460622891994667,40480.477480419235
6fd65cf5-962a-4227-b24b-b2ef6f590a96,2-2,1,915834,738777,65492,194,0.6870017495356718,663,30.134686501356825,desktop,1.7044327605459917,college,1.3693107252194583,English,0.46524390508526803,0.47691008026630666,Y,1.162847853720478,45821.24048548484
a8a7b6f7-3663-43c9-a149-88a058e52ccf,3-2,0,91856,188649,31087,366,0.6638982983695116,657,42.075435670403486,desktop,2.7360308792845798,college,0.9116695903375664,English,0.26212853971944805,0.6798926461575208,Y,2.821158034435764,45636.240353163106
dc6fe456-3569-43f2-b793-afaf3225c316,1-2,0,802305,513792,86647,281,0.3189193669479311,691,40.80625612080333,laptop,0.32050130631972185,high school,0.8124660427071433,English,0.5894408278976018,0.5005400362143544,Y,-0.4545714096783371,44624.78103582646
2e1d768a-de6d-4d56-ba2d-acc494ec8687,2-1,1,770988,80619,90,328,0.4284485579452908,335,45.225911613421786,laptop,0.6523275711224379,college,0.27008313615416124,English,0.8389501933184331,0.8212005971320977,Y,0.8185765681230257,42519.75329654701
80377a90-a6d3-4092-ad16-1615a6f024b2,1-1,0,158979,241291,129747,122,0.3519826085895924,438,29.859650900371342,smartphone,0.053921088100118975,high school,1.5951707647149473,English,0.3926782047204693,0.549284816498705,Y,2.003428152030166,42612.243083837995
20707557-d86f-471c-bd39-ce12b5d290c3,3-1,0,929223,834950,54605,155,0.06260622308020719,1212,31.239350141878116,laptop,0.7848367033253064,college,0.5043305902112099,English,0.25225398696795004,-0.20969366520125743,Y,0.8737312679038146,43052.42138779119
9783faf6-c2f5-4343-a86d-f6312c95f762,1-1,1,975662,857682,15855,367,0.6520026329067032,689,51.77409928638893,laptop,0.6590742941872614,graduate school,1.1723967299270623,English,0.7435894848123199,0.6631435461243204,Y,1.868961958282512,44212.62893552267
d77f1a0e-29fe-4341-9629-55666d082f4b,3-1,1,415309,792860,96067,121,0.7661126359812651,416,38.23646524464711,desktop,0.3274891876050182,college,1.4438705531158373,English,0.4500985829125676,0.4456789984533991,Y,3.867150745991304,45514.57880978237
08e0c3b1-652b-4be1-b8fb-e30789efca15,1-1,1,390198,964305,95196,207,0.35884412892074147,1187,32.59007190096411,laptop,0.4413176195780236,graduate school,0.8375127708347984,English,0.4913495458350355,0.1753362222611407,Y,2.3060044870933725,44292.12082202614
ad72ff21-0001-4c71-9657-91f0af317112,2-1,0,501771,531016,118344,154,0.4236300198555761,349,26.88439213008356,desktop,0.9993965196836686,graduate school,0.6282037709600702,Other,0.49146543764125555,0.8883382051156358,N,0.8038448887288924,41824.6067436836
4bf638b5-36b4-4b87-977c-dbb48a337da5,2-2,0,382856,384609,122317,166,0.09780915940328583,893,60.663382158838495,laptop,-0.03130337729651611,high school,0.2487085927925473,German,0.608619984706485,0.4098688181048818,N,2.4931030264712324,41869.16386476242
f0cad925-aff5-4a6c-a8f2-4a0eaeaa248c,2-2,1,887297,724083,97283,218,0.899819362365986,1322,33.908981597067495,desktop,0.4149758006876051,college,0.971112941687143,English,0.6136249106813961,-0.49532904458270777,Y,1.1059056191227068,46467.57493918926
9ad793c8-00ee-4105-85c4-5e9513b219b5,2-1,1,531879,511370,92520,361,0.9095267943844774,663,39.68656743188476,desktop,1.2660707627474017,college,0.7938211729609328,English,0.6441959794445553,0.37814190377477225,Y,1.2716897887654288,43203.49334258938
f5c14e8b-4996-4b12-b844-3d5e0f8548e1,3-2,1,703491,719173,34257,277,0.17777099890741105,518,28.588782424750086,laptop,1.2897118683029976,college,0.6858327478595481,English,0.6131872207445577,-0.48808614242399884,Y,0.6090094032306157,44901.53734221056
7c73f8eb-7012-45e2-b6ad-2197ba40b925,2-2,1,902537,647361,5078,153,0.5240902164435898,455,18.65672883431497,desktop,1.0015990841042415,college,0.48933342028421556,English,0.3237452680240779,0.3876011051695677,Y,1.4268408791509706,42696.07867079808
5fc65dc4-1722-4f54-bd65-720c734f2d00,3-1,0,362662,422570,119702,224,0.3373530136402701,911,34.887448641459585,laptop,1.220409245152486,graduate school,1.1538171561876975,Russian,0.5210890414770877,0.9488974435671811,N,2.8916784337620838,45010.74697994078
ea2dec1b-93f0-4fdf-abd2-49c6087d3b5b,1-1,0,476117,545254,126984,254,0.18037181262785157,352,25.27968658108574,laptop,1.2785234736971984,college,1.40114674174985,English,0.15575560218967088,0.3982854783555986,Y,3.961206786263402,45069.9840704051
790f5896-c569-4e73-b88b-b931b27dc799,1-2,0,272659,544497,88847,290,0.5544542092829899,1278,46.742052207354774,smartphone,1.286302040435959,high school,0.8472843937518686,Dutch,0.6486806275891854,0.20286712850819544,N,3.022175730263487,44536.866454716066
2e174514-6907-4570-ab73-1d42a3521a95,1-2,1,663651,251580,132100,202,0.3403759414622447,743,51.01212589489407,laptop,0.7939337499506575,graduate school,1.702441376811791,Finnish,0.4386164934352077,0.8097547289814919,N,0.9546342035509887,47356.59558535702
0111fc3b-685f-4756-9692-67ace3297314,2-2,1,840674,182844,133397,356,0.5815120326418398,484,38.69908435414688,desktop,1.1859351335651596,college,1.0065529877070218,English,0.27874697979266194,0.5557299070313801,Y,2.8556557012034123,45361.51377772301
e8229c81-5d49-4981-abd0-3f3478f9567f,1-2,1,192390,673963,96999,194,0.6445753678760455,1265,42.47656047919047,,0.5914994550215412,,0.537749704790624,,0.557436061953346,-0.010668936959352893,,0.6891673933470341,42204.30516634921
4ae8593c-1ba3-42b0-9e6e-deed9cdb2161,3-1,0,995524,421802,47461,247,0.4298127354988385,1092,44.94773730163719,desktop,0.962091506040406,college,1.0827433569479132,English,0.44383394066044657,0.6295841325734507,Y,1.285377546303081,45191.645450903015
2ee3c271-be10-41d8-b778-9c5d7d5b6e52,3-1,0,286184,169886,111574,150,0.3807943774079642,920,30.726547783158992,laptop,1.066582149233666,high school,1.225292513341982,English,0.48389807249761596,0.2672249895172441,Y,1.3925656221605036,44396.56149686038
6e1bdd21-d51f-4497-a684-654edc44a6c9,2-1,1,613199,63183,131932,301,0.22205075955699655,1291,30.640859552796883,laptop,1.2889726727291964,graduate school,1.0561774367020031,French,0.4719693455890403,0.6108208158210334,N,0.9989961507039292,42256.14267417758
ffecc92e-4523-43bc-881f-86a60ec0cb05,3-2,1,877667,815295,17348,337,0.8816398510669691,1054,45.488095982265875,desktop,0.7613699464637806,graduate school,1.3598245833440614,English,0.09420364285237759,0.09237362069609928,Y,2.227436607177154,44298.7238399707
ce41ecb5-d3d6-467d-8d90-0da4db858b7c,2-2,0,83795,933464,61947,129,0.6114407666572526,457,31.768881995019502,smartphone,0.5505867137722651,college,0.9905238366967039,English,0.26037348121466897,0.6026885846568988,Y,1.6426046639192415,44152.30614218207
6111a8de-8e09-451b-b8a9-ff41d2c985e8,3-2,1,398052,970908,57411,290,0.6827969808255885,921,28.253654437501982,laptop,1.844198873632592,college,1.9511780903064573,English,0.7141016642783314,0.6842223499866276,Y,2.7184724349663405,43863.790690762355
b8f4ca6e-e390-464a-8d7b-7e81fcf0227e,2-2,1,520524,681945,37625,183,0.2881793909442848,1344,12.690412656728192,laptop,0.7499662055378775,college,-0.5520415143646569,English,1.038708623803108,0.7235123670706576,Y,2.8950246619995985,41841.93735424138
0fd5e38b-fd91-40c0-b154-d407eba53e1f,2-1,0,264436,925104,38419,246,0.4422525969760995,1370,32.50425995967086,desktop,0.761753109672072,graduate school,1.3711448274916025,English,0.4968115474167753,0.8914338148097718,Y,2.3912339709548966,45890.695543234506
34604f27-94d7-4af3-9b8d-7c9fa836e7cb,1-1,0,398267,305501,133659,340,0.4971951967802744,859,51.86032155990284,laptop,1.3342814559288556,high school,1.833317326449873,English,0.5210335774894806,0.46746264135934706,Y,0.6178802701438579,42814.679647299454
bdf3a343-8379-4a21-aa09-be0ea98c2e96,2-1,1,241487,367019,51359,325,0.8197345567215517,1138,41.245214790180896,desktop,-0.23478219391805322,high school,2.5194136455153036,English,0.45029670989637466,1.0276049902045343,Y,0.9736554336685442,43704.26634484763
82997735-0e98-4a00-bcf1-f2f0aafb0705,3-1,1,692804,651840,80735,341,0.5018936191332265,947,39.040164501795964,smartphone,0.9328954500773283,graduate school,0.4792560545248975,English,0.66107715586105,0.3293033811977636,Y,-1.9003379314447395,41048.335605605396
9b2ec410-aab7-47b8-a6d3-19e9c1e54d4b,3-1,0,54175,16288,133007,198,0.6778733782983579,1262,37.42346517756354,laptop,1.2862120612243397,college,1.2297948899781197,English,0.7593359877560575,0.053237105453665,Y,2.370355424981903,42475.710497129425
43bf127a-e9f8-4553-8ed9-5bd8a1da3ac0,3-1,0,479627,982044,50369,264,0.5271782957124664,1405,9.017996558268926,laptop,0.02674981701149881,high school,0.5218971779443089,English,0.47070655565801467,0.36635396570644535,Y,0.08911072492846417,44268.51291803033
cef9fb15-e845-46ae-8282-8e7247078df1,1-2,0,854849,735830,110979,243,0.36857578336936814,968,22.887686077889573,laptop,1.731146593245784,graduate school,1.7037636022246374,Russian,0.5710056734080243,0.2562222493456,N,1.227700081273087,44508.12186184837
e1205048-076b-4e6f-a4f1-23fa25931539,1-2,0,903040,114801,141540,167,0.47530992852737614,1274,13.540277473847834,tablet,0.5049603021367544,college,1.338438025328086,Russian,0.24129269289012617,-0.010247507106690645,N,5.550321482141427,41780.06528882045
86fc00ec-2ecf-4b13-b031-7de5b98c4716,1-1,1,266171,150249,20002,118,0.615782390968996,1136,29.517052028950978,smartphone,0.6307143418539541,college,0.8929540929246077,Dutch,0.47878570676495485,-0.05917983314865449,N,2.1435545927233375,44136.75455293057
f5c14e8b-4996-4b12-b844-3d5e0f8548e1,2-2,1,313663,810361,83133,264,0.27926645258380495,1094,26.425252481638996,laptop,2.0872427107113514,college,1.4888912814906887,English,0.5642371887013272,0.7187566997299222,Y,2.1107989737567334,46272.04025540374
399592be-b15a-4ab2-bd28-0a210fefea30,3-2,0,197452,190135,62667,206,0.3897532947524902,322,21.083679565360278,laptop,-0.05713865443413879,graduate school,1.5641059146303276,English,0.4523073919297276,0.9030830102957043,Y,0.9796774662584676,39918.77377414586
ee53e6ab-48ea-4636-8141-e636a103cbb5,2-1,0,239996,577577,57486,185,0.38582265566679136,742,30.96303476504786,laptop,0.6994844156873067,high school,0.8264282771636324,English,0.6268820622911263,0.5243484154325206,Y,1.2472743882638622,44333.780886791035
cea04555-57d4-4edf-9198-e8aa302bc070,3-1,1,303513,5975,120873,140,0.21057474759477718,456,14.848086087375506,laptop,0.36041937933878954,college,0.6288639842067776,Dutch,0.2184577493464992,0.3965869129574846,N,2.997194014076655,42071.230200165824
154c0760-9c47-435f-8335-5f1178d12e46,3-2,1,581331,988569,56966,317,0.7195660403470119,1234,21.48002187248743,laptop,0.19867433264140788,college,1.2378954218322316,English,0.5281042032929898,0.2378914754793815,Y,3.6532182209595954,44130.492886394604
cc6bb97b-148a-434d-86be-1a4b7c05363f,3-1,0,922503,257327,41354,302,0.9370433788275798,1402,36.31151356697774,tablet,1.0797415294102717,high school,0.25774456749257335,English,0.5451512613854638,-0.04354487315511002,Y,1.7408523150561432,45637.82350893987
8e023aef-67dd-4d6b-bcf3-b12c776379b4,3-2,1,341620,573251,30047,196,0.6185029817436447,807,26.303902218857086,laptop,1.3461541413455533,pre-high school,0.43586212270529723,English,0.3917728567992878,0.6125622054286399,Y,1.695174619791987,42624.211030442624
d816358d-20fb-48cc-8597-6ce3578251dd,2-1,0,660997,138288,42535,297,0.663062256021818,1048,43.340086001621216,desktop,0.7600853013950516,high school,1.1915893147743748,Norwegian,0.5857452366105199,0.510537719007199,N,0.5966564408720756,42608.55620382202
902669eb-08bc-4e32-8e29-a4c99c57072b,3-2,0,931979,480879,42005,140,0.5275427653534445,408,28.39538386690739,laptop,0.5709256930998248,graduate school,1.442571471029189,English,0.7165176007240273,0.5808511319681644,Y,2.7084539759533524,43859.102651277295
96b2dfab-22c0-43b4-8799-2c759dd9163e,2-2,0,174726,835849,140846,356,0.33647054071534144,668,40.52820644702981,desktop,0.23565229822368872,college,2.059715834710582,English,0.5504982861622019,0.5304391981808365,Y,1.054475853084233,44238.32250116469
ffecc92e-4523-43bc-881f-86a60ec0cb05,1-1,0,762793,567471,58131,197,0.367126853114756,1097,33.56169591325993,desktop,1.2923004541829037,graduate school,0.8576147503162689,English,0.14814008401751022,0.44023649746838217,Y,2.996026951823253,43821.666473916375
4bf66c16-79cf-49d3-a150-110237af0243,1-1,0,152236,139018,42821,332,0.8116562756271075,345,43.29959922120382,desktop,0.7817115388187363,high school,-0.011081332635660246,English,0.6885478341202103,0.3438714897980659,Y,0.3746276124414085,42122.48563548583
01793098-f0e2-4ef8-a0eb-706a0584332d,2-2,1,446014,613115,44091,317,0.8984667551211023,1264,38.37590717484393,desktop,0.5630096110575806,graduate school,2.1499475096579355,,0.3922458158196786,0.8572051682854441,,0.6898275709420731,45144.81373772135
e3e994b5-c070-4cf7-941a-e2cf1f64f510,2-1,0,505561,158594,128360,167,0.3454018265569514,1259,22.045010906268033,desktop,0.45868495857161984,high school,0.17751262549237334,English,0.3985470359257467,0.561030928847945,Y,0.26008980445617036,44493.35311115371
c2a8d24d-9630-4151-8175-0b42eb1aa9ec,3-1,0,43579,314253,102962,203,0.2541471614504839,668,38.0762230504147,smartphone,2.011264055404541,professional school,0.7885663502045093,,0.3869531997102031,0.30110357635723245,,2.8515834757773284,44087.14072596832
a1f22d02-0b2f-4c57-8736-0957dd153f8d,3-1,0,405512,92546,85970,361,0.16427359618169451,443,17.794506348207804,laptop,0.17924902647195773,college,1.9016927937280075,Dutch,0.6413100347522984,0.30964830270834615,N,1.7776853775105574,43411.29809866264
643a52f5-884d-44a3-8591-97c7af7f8357,2-1,0,427983,648065,14890,176,0.46517634075245895,1391,26.696042384836673,smartphone,2.3690364332707015,graduate school,1.5635364746870537,,0.43839659338304604,0.9910721025392115,,-0.18774198371916984,48742.02436644443
722b0462-7e9e-4278-8d36-9495f6928afb,2-2,1,837362,445679,126538,171,0.42888743723480444,436,48.67479986377176,laptop,1.0550476332326253,college,0.7439019515482723,English,0.448586029859259,0.8447740765241255,Y,1.8564204143471545,44267.38811808302
9861dbfe-d228-40ed-9c0b-ad0a8866adfc,2-1,1,61570,858939,64821,355,0.47921599031469936,364,47.901989953849906,desktop,1.037946751430105,college,1.1719065329790548,English,0.44084897332628586,0.841135752366819,Y,0.9982557275840913,44481.50825746441
475f8bb1-e661-4dea-af87-86ca2a261e7f,2-1,0,398854,650390,38635,222,0.5775609001806303,1081,51.05185280840743,laptop,0.9135360954737256,high school,1.1853098474456027,German,0.3866220120343926,0.4375503386443347,N,2.0360124453398303,41748.94635446075
f74db555-3110-484a-bdc4-b09f6cf1c720,3-1,1,338555,213595,24702,365,0.2479779280286039,600,35.35046643019518,laptop,1.2131654861582215,college,0.7042659086409304,English,0.4763324218509539,1.149119158871959,Y,0.6769083809759531,41380.32408423954
a17c35a2-ade1-4a79-a19e-5aa8093af1f0,2-2,0,728878,253106,115169,361,0.5297541657676876,1065,45.305595586963875,desktop,0.3377981583431191,high school,1.0241640846111604,English,0.5524760996100033,0.576945420899958,Y,2.256310255481961,45756.82590555534
0d84e944-f2f1-4a68-8fc5-719111349ddd,3-1,0,516773,692961,44509,290,0.4465456369132773,533,50.74547676665365,,0.08518111881948598,,1.162216483943072,,0.3617736116545306,0.2958933831447199,,0.9672827909369077,44120.628212355805
10497147-ea3a-43a2-8c1d-61e871fbe21a,2-1,1,795692,128364,132454,342,0.37238875139520755,1409,15.409000196089078,,0.04929541659193348,,0.15831489759103723,English,0.7567788961403472,0.07144305411448071,Y,1.6418194815761864,44552.69291868616
c5f16c37-1a33-4562-9996-0f8262566ab2,2-2,0,528688,153312,86287,236,0.16349136783807744,626,37.864821168733904,smartphone,1.024369302254851,college,0.7445205789240932,English,0.2405120153187691,0.4904808931891058,Y,0.9698169063035811,43559.91429050168
61d89609-6242-4f26-b2cf-8a9f538a757b,1-2,0,278753,966169,38062,308,0.4257423562449585,1173,67.45863231284332,smartphone,0.9040539088898539,graduate school,0.4741153353362375,,0.7604991221805404,0.3636198952154522,,0.2088744559272946,46901.67117078214
ea0abfe5-f18d-4fad-9ee6-4114f292450b,3-1,1,746132,364677,86654,225,0.2351339431144024,843,50.71707935687626,desktop,1.495604640947018,high school,2.1979033364589804,Swedish,0.37396311315485453,0.6116529149483907,N,2.0953365531717383,45783.81561413865
5013da82-22c7-47fd-a245-d7131d2fab50,3-1,0,420257,142226,23797,370,0.6248269944592797,731,32.928396878811625,,1.2466406073454632,,-0.07705290019882183,,0.2418685089265598,0.6041641274741916,,1.4570987654209704,38714.510211940295
2de720d4-ef3b-4064-9437-2886a4fb5d23,1-1,1,492826,221924,111844,142,0.46733382884980745,631,47.37403614923537,laptop,1.0127842514655476,high school,0.6675582058533671,English,0.45918599161155194,0.4602732379476431,Y,-0.6502121783528478,42524.27935670945
832f42b1-7702-43bd-a55f-a71c4ad85b9e,2-2,0,311464,112428,3820,117,0.2976358607502599,1330,22.966078254654136,laptop,1.0352476151896506,high school,-0.09017542302167336,German,0.33869379581483705,0.11766321476337294,N,0.5574148007400779,43937.939557013466
63cdd570-1369-4f2b-9090-d5b6255c51d2,1-1,0,240932,39587,114039,125,0.5831633315187661,1355,32.246222150350306,smartphone,0.8861947491082466,high school,0.8190168261303865,English,0.6291212669060902,0.006447454605274683,Y,2.5705348778398753,43690.23555870929
ec830f1b-9018-4757-846f-ce2536ebed89,3-1,0,509258,471119,36049,122,0.7628896925427435,576,32.906977392480094,laptop,0.9601202255087975,pre-high school,0.7609246389406267,Japanese,0.6560396608504786,0.0819130070507379,N,0.2314986222962392,46349.58628250708
20bc2c15-8c8b-4581-89b1-ce290be145df,3-1,0,819457,874736,50456,219,0.5577540561178681,1197,19.32690394840421,smartphone,-0.127402130778687,college,0.8084151090320626,English,0.41269895008613255,0.3777156649098026,Y,1.9201660798875309,44662.64644211474
58489ac6-e6ac-479a-a4bd-f2c8e6575a10,2-1,1,531666,73093,69559,294,0.3302046824885601,991,52.79929562210011,laptop,1.15091661016132,high school,0.8345407599444998,English,0.5540574324182148,0.5025972225276636,Y,2.1241276268867635,43779.762057990614
6b74a260-9d07-49bc-9cfb-6fefbe9a718b,3-1,1,736515,681589,39386,281,0.8465272042866878,288,40.70198235917897,,1.4181642476169745,,0.05101841140654373,,0.1463707884024153,0.5482361550334708,,2.9522440429600523,44982.22194459745
4eab4ba9-b923-43e9-94b2-b50f8ae543ad,2-1,0,872208,3208,78557,183,0.6473288274671292,1339,39.989791056051736,smartphone,0.4316914683838804,high school,1.2052018553982866,English,0.5973504799365742,0.9145550077947485,Y,2.3251090202195535,42492.39583932391
e5afeeab-aaf4-4200-a67a-5ea0b861dee3,2-2,0,32722,854639,121267,309,0.7624539981009085,650,33.21983759105575,smartphone,1.5292373750287394,high school,1.3368569159573598,English,0.41604286007437336,0.23059826951115836,Y,2.9782890898515655,44647.17759091257
4be26ab5-1d7e-44bf-bd62-0a66c914394a,2-2,0,827095,382367,139053,379,0.8212531125232359,854,18.065848863193764,tablet,1.4426718489454922,college,0.673910414662386,Chinese,0.11997309073023665,-0.20553832602338684,N,3.568854697826632,44377.30145016575
e1b5288e-cb8d-4cdc-b021-45df6158c3be,2-2,1,601009,335669,70373,365,0.5605605496959892,1424,32.703686023742016,desktop,0.22145494594959292,PhD,1.733515120478302,Korean,0.588400228518732,-0.22486270342822856,N,3.3951245232450966,41393.40324507404
255498f6-e198-4a41-a057-5d4ddc6af950,3-2,0,739343,832217,132502,291,0.6617623553936962,689,39.18889582433741,laptop,1.0090594883543387,high school,0.7691603823461366,Swedish,0.5545962205362033,0.5023360366366613,N,4.323288219710426,42023.307895597434
2fbee4a6-4fd6-4fa0-83b2-b180fee815e0,3-1,1,389136,491049,136422,326,0.586442728864898,296,13.543584674967047,laptop,0.7973268429935644,high school,1.2750121324596766,Chinese,0.34153127155562724,0.7468978404460567,N,2.4896456357933694,44151.15678036993
78dae403-7187-4be7-86de-8a1543649957,3-1,1,147360,234526,76431,363,0.43062353636964257,564,29.777991950904603,laptop,0.6772013463515989,college,1.2430031052944177,English,0.511290206670728,-0.14485043886133286,Y,3.5255241142189213,44178.37921917317
cea04555-57d4-4edf-9198-e8aa302bc070,2-2,0,921252,56699,23849,224,0.36064921786306614,482,33.167368447952875,laptop,0.9027409117197533,college,0.8570528789754122,Dutch,0.266152257942493,0.47265627256368764,N,1.4283539248468433,46401.014438528575
028c35ca-c434-4a6c-9706-5752290c6d4a,2-2,0,745157,222984,41341,380,0.9690072494194648,1185,50.431166201772044,laptop,1.4318824472141205,professional school,0.8254139407521162,English,0.8289465349035874,1.053572214107653,Y,1.2039792420632685,45852.04981741398
8e023aef-67dd-4d6b-bcf3-b12c776379b4,2-1,0,117960,372433,3571,314,0.66129256885845,1378,25.075594931140763,laptop,0.2502523562736154,pre-high school,-0.1812921901850253,English,0.5665493042747196,0.6667984246421815,Y,1.441551965699261,43343.40838646554
74a79217-122c-4027-92e4-05a4e5fb0b4c,3-2,1,999430,940095,33519,344,0.5822279037403626,495,15.77453061277173,laptop,1.6499635201862457,college,1.4724652948512533,English,0.21330040977827852,0.3321188169881687,Y,1.411230371173749,45381.7205671699
c99a4a23-599b-4fcf-905b-a0330bb7b595,1-1,0,178040,80416,45055,201,0.4517620764337625,1209,52.22028981265639,laptop,-0.026267872651460245,graduate school,0.7331063938150979,English,0.4807063654758069,0.7043147821598964,Y,-0.003453783461582205,42430.58528803646
984a4027-117c-4a02-894d-deab7ced44c4,2-2,1,231752,681306,65019,154,0.6062351004329715,579,57.08406077755316,tablet,1.1800114263839525,professional school,1.5194689364675056,English,0.9960310587130365,0.4036636682374466,Y,3.324209535501353,39665.69940955154
769bc77b-f052-4fc6-8516-94a46941667c,1-2,0,559685,356520,141965,204,0.2597188407184057,766,21.601034890165096,desktop,0.38513575957933344,graduate school,0.40309494016230163,English,0.2985923279156416,-0.056645311627561035,Y,2.615061558216281,45062.6841590698
9ae62339-ac5d-4e6a-bcad-c0235c043cf9,3-1,1,650468,22361,18066,214,0.3828056468516312,1048,31.316517716757772,desktop,1.0444555321106088,college,1.998075623970656,English,0.3823356684869331,-0.040177858746980766,Y,0.5348395056092432,45317.1085821242
276e0af6-a9e3-4de0-8f77-6dbf7f9e3c15,3-1,0,666303,480060,106403,237,0.21904430540300007,885,46.16941941947435,laptop,-0.05992205098643333,,1.177626931749254,English,0.4534683495539763,0.768895259756603,Y,0.2410478198566086,44294.198969104196
aea24408-032f-4620-986e-f97f5f47c28a,3-1,0,446227,772222,55316,124,0.9743527905382596,911,42.732793843337056,laptop,0.9105188656047722,college,0.12076479470540114,English,0.5410482018010945,0.50209074460611,Y,1.0539543351622847,43981.92034709244
28c7542a-c3f8-419b-80a0-8f4c706e2c61,1-1,0,214897,808513,76682,286,0.5493700389874095,724,46.03228600515291,tablet,1.1139541518394114,high school,0.6224022745827469,English,0.3983348344621631,0.9562944088856891,Y,1.752822700030392,43874.84370004264
ebe32dfe-f98a-490f-a017-f2872a47a1af,2-1,0,40525,489716,34574,281,0.31144441851735355,721,48.54897598454365,laptop,1.5629225971932672,graduate school,1.2479520708229326,English,0.5288327625049112,0.2444274796109231,Y,2.3363392314819644,42830.903854661155
255498f6-e198-4a41-a057-5d4ddc6af950,2-2,1,118558,739234,83759,303,0.47187038397258485,697,26.856426895052437,laptop,1.6270962025041695,high school,0.360769834490271,Swedish,0.18354971282735433,-0.29360163322253674,N,2.6467872361777047,44020.524731383055
b74b7a54-edf6-4d3f-92d3-8dc119424956,2-1,0,944788,53410,77244,302,0.7987429371678123,1343,42.33723238729916,laptop,1.2645707300764815,high school,0.655362275370488,Turkish,0.4735115899515613,0.5169199878224013,N,2.8681188642915174,46766.955219452095
e66ac7c3-faeb-4b2e-8dbb-929d29a3bb65,2-2,1,82446,368640,124763,236,0.6293371854218708,679,58.28346543696263,smartphone,0.08875707160485491,high school,1.8779897749925283,English,0.273952706705505,1.0421365019986717,Y,1.9310744710714747,42935.502588289004
d02dae2a-18e0-4019-84a0-e1f2d1b6360f,1-1,1,555592,489728,122677,323,0.9366750712871973,1271,56.7931437471329,laptop,1.084807348445384,graduate school,0.30534026211047505,English,0.5144860252206038,0.5826387949037639,Y,2.1564490225625654,46752.43739712252
dd12faee-44a2-40b4-b2aa-276cd7e690dd,3-2,0,614673,886715,2140,134,0.15008175818608377,1214,25.797082300941607,laptop,0.836278575212571,graduate school,1.268980032376194,English,0.24315641794017923,0.5433355398051459,Y,1.3180251345998482,42934.56104189367
10497147-ea3a-43a2-8c1d-61e871fbe21a,3-1,0,461283,228177,37317,372,0.3829768587383075,902,26.6942081771465,,0.7819139842333546,,0.542367737216253,English,0.7223671429090176,0.43112736274825797,Y,1.6347924078746066,42373.45392506154
bb6d86fb-97e8-406f-b440-8dbc6e8e7771,3-1,0,806765,396347,128793,266,0.5240820109442792,1132,29.44970256501776,desktop,0.9775480706336087,high school,0.5455324315137374,Danish,0.21726557988070228,-0.3145330945125354,N,0.9976808232760175,44000.07284314293
4bf66c16-79cf-49d3-a150-110237af0243,2-2,1,858198,905656,48124,117,0.38722648782492736,304,41.93416654125311,desktop,0.9946790700357088,high school,0.7314021373454602,English,0.7061688504462652,-0.07315888482753174,Y,1.8405826061973125,40958.34255366332
2fd402f2-0a6a-46bd-9f79-244f46b106f6,2-1,1,722125,175939,61245,365,0.7500457308897792,1372,24.253924013017894,,-0.19216641525962652,,0.40241431590756416,,0.23477078507805438,1.0571499591167508,,3.2984355169001978,43707.922673959765
f899e672-b04f-45ac-8570-174894f1831c,2-2,0,812226,870472,104450,262,0.14869075311523922,1132,16.173386810454563,laptop,1.4885616059696567,graduate school,0.4051002157403033,English,0.5483626022001414,0.5750651442682083,Y,0.83128854088521,48548.21462246922
b1872ef2-f148-440e-a44e-3f12578c14cc,3-1,1,157502,950267,37264,373,0.5900286047378616,526,37.546673187917484,desktop,0.7671860215453032,PhD,0.6775787484371125,English,0.3605591764519609,1.0322024151385811,Y,3.156015206134354,43283.0039612202
4f8c5f95-808c-404c-9613-d9ad53bad8c2,1-2,0,376709,693306,124213,333,0.46668729070662446,290,32.22654070018153,laptop,1.9439879882440527,college,1.9097639585865869,English,0.5788373384995783,0.7597250154489196,Y,2.0182113221137135,44289.46466502653
db095ce6-bb12-4f37-88e2-d9e76be1b021,3-1,1,545649,34624,108937,134,0.6182322024183646,999,43.534855874570646,laptop,0.7371266003127448,PhD,1.5964489090347689,English,0.534459347633717,0.6776570163880825,Y,1.102452572644088,42716.01879060472
bdd0644d-d39c-4f9f-b351-42085d4174c4,2-1,0,635624,920267,38144,345,0.05603477668330059,1406,27.83977766853252,smartphone,0.8771221663782152,professional school,1.9212855118216727,English,0.4444726961492157,0.44074757385954744,Y,0.461269650500175,43680.110368722526
9fa1aab8-97fc-491c-804a-f4676c40ea0f,2-2,1,163813,525689,107540,294,0.576909192633456,931,36.942591695005284,smartphone,-0.17464009241886558,pre-high school,1.3805286725162922,English,0.40098180897350055,0.09501301912504684,Y,1.2983562638066295,44820.67407929724
606ec9ab-33fe-4f7e-9330-c0c5d30928c1,1-2,0,438533,745016,126191,235,0.5621791210760547,929,35.702956769044796,laptop,1.460917008995421,professional school,1.1009523226666262,Standard_Hindi,0.7584855895849694,0.5679134606385845,N,1.3094065647397015,40470.44433464402
9783faf6-c2f5-4343-a86d-f6312c95f762,1-2,1,790392,818137,138278,256,0.7307991564403191,798,39.59329626430856,laptop,0.27263391872360043,graduate school,0.3704121865705855,English,0.28166871090360956,0.5549042215215241,Y,1.3105990452624183,44069.008420278726
6487b006-6591-4302-b387-45b630b259e6,3-1,1,153408,331837,45955,138,0.5215793853632924,830,46.566584827212814,smartphone,0.7791036467466292,PhD,1.3928375581105512,English,0.5645353242037545,1.231002464566699,Y,-0.03945441800191829,44184.67384902667
2fd402f2-0a6a-46bd-9f79-244f46b106f6,2-1,0,282376,340731,22255,190,0.5248751053078515,1206,48.0085436258736,,0.8161248506240423,,1.2891784245157654,,0.6243931851854908,0.8017587719294337,,2.2570928462702753,45728.260806249345
27b4821a-e017-4740-b5cc-429d50c88f5a,1-1,0,920576,460938,119787,272,0.5783357122322214,1021,54.461743270147636,laptop,1.1039601089997877,high school,1.062983594443002,English,0.4979509576628623,0.27530287258170194,Y,2.9390594796501786,42118.148947737944
55ceb008-47a1-41ef-82f8-5527e474f4bb,2-2,1,116836,781583,80720,274,0.7569612334990592,745,40.9094203111744,laptop,1.3881852804373658,graduate school,1.5268014946113801,English,0.4796178943772338,0.4527819869185276,Y,3.9569042570380883,43236.47866588107
276e0af6-a9e3-4de0-8f77-6dbf7f9e3c15,2-2,0,637425,817836,21020,359,0.23846672659123913,967,27.721708701418905,laptop,1.5105313451869171,,1.3913022747305015,English,1.0130963467853074,0.8427040680477182,Y,2.0461871886116043,41461.57018439208
11c943dd-a2f9-4e88-814c-7812318b5999,3-2,0,35494,150245,2002,172,0.5354438274575684,730,35.171697455094275,laptop,2.299614718203201,professional school,0.4506712323101655,English,0.46703427552505544,0.5779391877131022,Y,-0.8499499610381989,41982.734975448926
65ff8233-c35c-488c-a692-f140a8bc5f64,3-1,0,624757,499104,75638,365,0.6639430351446315,630,34.363512207715836,desktop,1.235992464123731,high school,0.4930500586643115,English,0.25371385569435106,-0.06436510894350422,Y,2.531027666260843,42576.93339991349
bca2bb1f-e075-4290-bb59-fdd14fd7f870,2-2,1,795556,721295,28823,165,0.2562354754121061,422,51.60808736661586,laptop,0.7666639501306621,graduate school,0.1941882803930719,English,0.6276974797324754,0.0931968728655177,Y,1.5394401937023883,42095.27554257513
9783faf6-c2f5-4343-a86d-f6312c95f762,2-1,1,884064,189494,77123,227,0.49601452357860837,1417,30.460216717402915,laptop,0.8624327354026347,graduate school,1.9309075789657086,English,0.40192007913413563,0.6826939788837201,Y,1.964604328783883,40974.44797702023
5507df65-d963-43c6-9e0d-a8c375c02b6c,1-2,1,993323,175636,43766,314,-0.09837421676598501,1354,20.91295466226891,smartphone,0.8095780884597541,postdoctoral,2.383687876780418,Spanish,0.4710838242209615,0.1921854040590827,N,0.09771091238916552,46979.76544518123
34604f27-94d7-4af3-9b8d-7c9fa836e7cb,3-2,0,727767,915195,61204,327,0.6414751322257617,706,47.2324497769779,laptop,0.8595191430814534,high school,1.873946516595002,English,0.4092867635574305,0.7070523686080504,Y,1.0418861808091628,42857.470695153024
643a52f5-884d-44a3-8591-97c7af7f8357,1-1,1,763055,431482,47748,339,0.5668410217175106,1021,44.27147938033314,smartphone,2.189560629620396,graduate school,-0.014130289425028808,,0.24847612212215603,0.23932014506299826,,0.1762529082065485,44588.84819237832
05a92b52-f72a-42f9-936c-9258bf385bf3,2-1,1,405634,513339,60472,110,0.8036894683699409,1371,30.537401574886175,laptop,0.9784958538089084,graduate school,0.09804503654014607,English,0.6176269267174991,0.6324038021636773,Y,2.6825706048322786,47822.85309955655
c0112282-2a3d-4efe-af95-387d581e0a98,3-1,0,552618,964616,55391,143,0.521335087962914,607,33.436639342354816,laptop,0.469013487409379,high school,2.505762762300828,,0.8633451565194334,1.3174676847486964,,0.9019579315091024,43442.5934145819
b1a27fa0-3a9b-4b77-9c22-2f7ffd839812,3-2,0,924117,50505,36924,128,0.5036439865105817,490,56.152107200295916,,1.767029727301151,,1.3775108444014146,,0.4647453682274353,0.1548734288555912,,2.061937790712346,45043.521946466644
fecaf7b1-1db6-46d4-92ab-aa1864c179ac,1-1,1,617332,40293,131962,162,0.7498049296238453,1234,45.03692779352539,laptop,0.2946752444115305,PhD,1.0200608826192852,English,0.6131176607228396,0.01929330747012925,Y,-0.14188795076897986,45379.1702017959
e66ac7c3-faeb-4b2e-8dbb-929d29a3bb65,2-2,0,931110,203281,46567,355,0.6306084283425283,618,61.18186664046365,smartphone,0.5797219589261617,high school,1.281839452568519,English,0.3998303432445893,0.9768804204736166,Y,0.7512034429039612,44816.38644066138
ad4c12c9-5088-480c-ac6b-07b6e44162bc,3-2,0,549293,823139,84549,295,0.9857504504433847,1355,42.09293870039398,desktop,1.5843613836819768,college,0.49510893604081274,Norwegian,0.33535510192786633,0.5188051215576626,N,0.12763966214286726,42059.1210992828
336708c2-b201-4f59-803b-092eea309d6b,1-1,0,111570,806879,47638,220,0.4622555676769296,777,33.70344857574458,tablet,0.5307571090320673,graduate school,0.713208972994243,English,0.7581523786308659,0.18349289634228905,Y,0.5684145996501471,45697.10756331535
69ca58fa-5eb3-4e00-8658-df2640b449f6,1-1,1,867824,681294,18541,112,0.7633363119949368,582,29.799926968794992,laptop,0.964203060280254,high school,0.35130017463877394,English,0.5653598052847175,0.31068103415334813,Y,1.3062481462516282,44329.292131647635
790f5896-c569-4e73-b88b-b931b27dc799,1-1,0,500558,910115,56146,133,0.23764855506428534,1163,52.475402946050124,smartphone,1.8397363035801289,high school,-0.15027607213927063,Dutch,0.13474914844216096,0.6106607936069793,N,0.902954659243171,41398.42226798666
b038618b-9b28-43cd-b9c1-ac984372d993,3-1,1,907935,993548,86813,256,0.34281172475687066,771,32.33927149954678,desktop,2.383148783701572,college,1.0939954749651737,English,0.32296981977853273,0.08374510079145425,Y,2.374726826136238,41758.16694032255
b90659d8-9551-41ca-b0f5-deaff4b679a5,1-1,0,289971,111599,115041,291,-0.06444347370038161,1294,25.70170230952862,smartphone,-0.011186059771594925,college,0.9399830041935847,English,0.8061051071986924,0.8476751473586539,Y,0.10954287913200145,44027.60673815161
a28f6ad8-3ed2-4ddf-bee5-0ab05da1b6ad,3-1,0,162023,893720,54847,320,1.0945059770848906,1088,30.596244965229992,laptop,0.06286295803769482,high school,0.3660150493016717,English,0.8023325053182997,0.5086953976619525,Y,1.0032491499164036,45605.536884216475
4f197cbb-93cc-4852-aad3-46d35f809f47,1-2,0,485665,801327,35758,323,0.08331776387651552,1308,40.90338838629085,desktop,1.3349776009864356,professional school,2.179242852550722,English,0.4236712296746563,0.49210143515807236,Y,0.5846218215727566,45254.49758169704
6965965e-87b6-46cf-97e0-3b7960e277c1,3-1,1,704170,63371,103523,350,0.7847953885731054,940,30.86756150947296,desktop,0.10929338304178826,college,0.4624513440966801,English,0.9093966480510541,0.6582356517248902,Y,2.647059777279744,42480.874295822294
a8a7b6f7-3663-43c9-a149-88a058e52ccf,3-1,1,792303,270466,28351,226,0.7519611295825859,898,35.3101084945564,desktop,1.0820826983213951,college,1.9637058395082811,English,0.41329028296465836,0.870745477349379,Y,1.0399915431586568,40343.217816721444
8e023aef-67dd-4d6b-bcf3-b12c776379b4,3-2,1,526094,679867,86974,107,0.30067458302512695,1281,37.7618739258561,laptop,1.1852111537830716,pre-high school,1.5326581990097896,English,0.5153204562535192,-0.07299293959042985,Y,1.839314134991656,44286.80455722048
c5f16c37-1a33-4562-9996-0f8262566ab2,2-2,0,914960,487673,27044,254,0.3273603884817764,1082,12.30777620092423,smartphone,1.2370171911804386,college,1.0150023297544453,English,0.5054076713069421,-0.18115555918956905,Y,2.5573679059967036,45017.99445163242
8daf6eaf-3757-49a1-9fb7-77fce259e6fc,2-1,1,530714,433199,99966,266,0.6497821563966589,466,40.67297660604142,laptop,1.5415226231149717,high school,0.4800135237901203,English,0.5707957232732511,0.08706267926730055,Y,1.7821329166113458,41505.62760445322
acbf370c-b970-4ac5-b1ec-4335a936dbdc,2-2,1,798091,78400,21711,369,0.20016730727732118,908,50.40935284096095,tablet,0.7376769919314479,pre-high school,1.0101866076805002,English,0.5854362556742285,-0.017884042158692992,Y,0.3808779960129489,44506.406560090756
9b2ec410-aab7-47b8-a6d3-19e9c1e54d4b,2-2,1,334317,329521,131298,360,0.9073094120497303,1007,64.92247769042561,laptop,0.5081303925151621,college,0.1870201693146457,English,0.358004446198151,0.7705448575666332,Y,2.983154481671547,43844.53595481824
cc5900ac-23f3-4768-99c4-faf9c29e9382,2-2,1,6223,15654,46674,370,0.20607608733437421,658,21.201406931232306,laptop,1.208920462883556,professional school,0.29523663254730614,Spanish,0.4621681610562164,-0.14209907069946204,N,1.1565508191568283,43298.258705462744
984a4027-117c-4a02-894d-deab7ced44c4,3-1,1,180739,156364,120006,157,0.767047895420583,400,34.49616774470958,tablet,0.2903372347350076,professional school,1.3398577190033742,English,0.3172528624254788,0.4901295894704658,Y,1.3031987261419067,42153.462680846744
e1b5288e-cb8d-4cdc-b021-45df6158c3be,1-1,0,711798,816476,135390,314,0.4380447113242155,510,28.202599522521016,desktop,1.2083471220655682,PhD,1.4212189957988555,Korean,0.5981119889421871,0.43306226184824004,N,3.4845621726181855,41276.6297369047
9294f017-a752-4e3f-9266-06922b940943,3-1,1,836900,770382,9202,281,0.5847648470046374,494,36.6914978995345,smartphone,0.5528262865008162,graduate school,1.375514047667109,English,0.45900043412134434,-0.03840745146884916,Y,2.3310683982728326,46990.52220707502
92549cea-1034-4ed8-8c3f-b94bbdd55d0e,2-1,0,13570,56708,44349,350,0.18786657743792773,1317,26.549146353320474,desktop,0.9329334555711736,graduate school,1.0712129234500518,English,0.44941106316916046,0.8070798707660247,Y,0.6206812000455975,48463.85298287846
8711ed93-34d0-4b16-b713-b1ac804d7742,3-2,0,865987,643261,61755,342,0.6923854685529319,1078,37.86437097109222,tablet,1.8474606591399358,college,0.14572723484845196,English,0.41865780875188546,0.398954058683515,Y,2.7428380883420687,44013.19169764162
6111a8de-8e09-451b-b8a9-ff41d2c985e8,1-1,0,524439,967105,132424,253,1.080641606373451,1232,46.99611177826428,laptop,0.4794851056698164,college,0.7952889949503597,English,0.4523666006688986,0.11163110435480683,Y,2.9412579431968595,44733.82130280127
b4649c6a-01ed-4f21-be3f-a0f29b97fc1b,3-1,0,449783,153242,37346,191,-0.06319575291235935,477,41.64782716960438,laptop,1.3488379423687604,college,1.8656117314818639,Dutch,0.6051337655251973,1.2068748166023302,N,2.9936318433142577,44588.71639223138
840a40d4-fee9-48cc-a027-58628a5ca9e6,3-1,1,438301,522182,40612,134,0.6620971041629327,379,34.61573319758752,smartphone,0.1692752624618976,college,1.4753540007591428,English,0.9378138779494665,0.4734975703444505,Y,-0.010734574953948695,42601.78519519459
482de720-e72c-4225-b693-68609e6db53b,2-2,0,872140,256298,70889,373,0.30794407041653293,1200,44.07941699932203,desktop,1.0082587192100063,high school,0.6515205018156431,English,0.6730546912206928,0.7455424392032781,Y,2.4595160899314963,44118.899837780096
96b2dfab-22c0-43b4-8799-2c759dd9163e,1-1,0,410314,493173,133085,350,0.40537118814758616,1260,25.632311680280594,desktop,0.9033045455898157,college,1.3978641190704875,English,0.4038434925485626,1.0717557836044245,Y,2.5154073591156796,43939.35305575301
949a9e93-0ca1-4643-b4d5-9852ceeeec03,2-1,0,522628,707159,12179,222,0.7372049765141047,877,18.16931244967651,desktop,1.5380177857695587,college,0.3058608018664021,English,0.5953214463976593,0.5728270000569295,Y,0.5156325592574391,44248.26082610413
44593a98-060d-47ea-9a57-97e0c70027d0,2-2,1,58861,870113,54658,120,0.617361555256459,1219,30.27255018905919,laptop,1.6759967739057424,college,1.7610430534496189,English,0.5809882640566211,0.4231362301025404,Y,0.7606836449776267,46111.91398847779
1ea0eab0-36ee-4a7f-a855-db0d0c545a87,1-2,1,614939,183937,64188,378,0.23534273201586797,653,39.707217907455274,tablet,0.059499184929686755,graduate school,0.055804457209753355,English,0.5315046536544601,0.6279571146392842,Y,2.1682091989591203,43809.572331201045
8205439c-3064-403e-8fe9-b46a0c866470,3-1,1,25267,220462,25708,362,0.601682885679494,1049,45.428147094833,smartphone,0.5270994067307775,college,1.549015021025654,English,0.7834840182626459,0.13920175174942812,Y,1.0188940790544652,44067.741090198186
45e73d9d-cc89-4ee6-a6e2-ab4582ed166d,2-1,0,195029,366639,67619,162,0.35185900805989184,626,23.25230615968465,tablet,1.5589810277326568,college,1.9939516730011748,English,0.5916831546126089,0.524190708900772,Y,1.6079667269228413,46255.81263409495
44e64898-8cc7-4234-86f8-f68036f35eac,2-2,1,115955,951483,107095,199,0.5197336236312129,1219,43.12102273033933,laptop,0.7206760020106834,high school,0.7386938677982096,English,0.5200271095283973,0.7855501561760423,Y,1.2041832457967594,45485.1002002756
c7962751-a043-444e-807b-543a4b17b012,1-2,0,846668,321341,23995,178,0.7873281412950561,792,51.66409090375774,laptop,0.5109426728819366,college,0.8349716962788819,English,0.21000634501361903,-0.19199399511447335,Y,3.4552215371435135,43493.56256234998
a77a0634-aabe-420d-8348-0a7372b161d2,2-2,0,340983,670270,5683,158,0.7326798427863261,986,13.007168970991575,tablet,1.2477176425829215,graduate school,0.07012946750845284,English,0.38397468116893196,1.1768294769322463,Y,3.548632672319897,47779.57937841779
984a4027-117c-4a02-894d-deab7ced44c4,2-2,1,843744,605242,15981,276,0.26528979176194617,718,28.466024947668917,tablet,0.8087190833780773,professional school,0.6102109885144285,English,0.4396008998683454,0.6724305255608094,Y,0.7414976327445962,44765.872263956575
72deb366-7970-47c4-9c54-b58c17c8874c,2-2,1,42757,789792,115112,169,0.554917675756918,592,25.697672137360513,laptop,0.6143976738692459,PhD,0.49881627141968055,English,0.4577319358138788,0.4277658637227951,Y,2.446994974671044,44122.770330570704
bafce4bd-e4e4-4d73-8424-2a9343c52f7f,2-1,1,239794,946387,139450,265,0.35171902770967933,571,37.96675653913796,smartphone,0.9282641504086173,graduate school,0.11346190629817543,Other,0.6365355096523696,0.38752562043843,N,1.0409952377161182,45101.76501627315
9ae62339-ac5d-4e6a-bcad-c0235c043cf9,1-2,1,176390,923727,35686,147,0.45264814660358754,364,44.74024742145997,desktop,1.556178841111084,college,1.028781804180378,English,0.5638961437736276,0.6413509319661124,Y,3.2318852394036273,45344.425607786055
fa246754-e497-43c2-b08f-7b8daea1b410,1-1,0,452209,388083,52140,125,0.7169536144083251,833,47.430290024126634,desktop,0.6276759283698035,PhD,1.1263564239515285,English,0.7911236547146392,0.6536573629897551,Y,3.9226319611253344,44713.158611433966
34604f27-94d7-4af3-9b8d-7c9fa836e7cb,3-2,1,12935,742690,32466,189,0.7768889937102295,1143,34.93495279113437,laptop,1.4689942157052376,high school,0.45470267870585257,English,0.6706802466721158,-0.3698459010112479,Y,1.399990176470288,44922.935339343036
8672882e-46f5-44a6-ac35-bfedb6323e69,1-1,1,519249,269559,76048,131,0.3940863265129971,1061,38.72352810830798,desktop,1.2679865196793294,graduate school,2.054817856959819,English,0.09413386860784867,0.9120611307890679,Y,1.1721670627839584,46951.81284297111
a7961f82-b7d1-4a3c-a0e2-6f03d8424b4a,3-1,0,159491,597468,72845,369,0.4607213068625231,444,39.65428054557437,desktop,1.767620809749843,college,0.9023763878761589,German,0.4218655723270053,1.036047066417793,N,1.4319078287193605,49142.947447185754
471fa2d8-87bd-4cea-8ef6-6c24af87fbc7,1-1,1,886812,618876,31759,246,0.7064091037702201,1331,55.11127034422151,,-0.07916676963093172,,0.2076408770019188,,0.4753680430224588,0.3111403486036962,,3.9141128150584623,47031.71414877153
dc68d578-d73f-4d91-a515-6a5569f35516,1-1,1,43580,520305,18674,141,0.8887755238235377,1316,43.33253772683861,laptop,1.4891566628810728,college,1.0555265410779646,English,0.6621256459766288,0.1195876353131125,Y,1.9543227952898128,42193.80326597947
0010d921-1f71-4511-834a-55096185fabb,1-2,0,105246,909696,54355,160,0.2269418118465824,1299,40.686626285445854,laptop,0.3323269884993847,high school,1.5087806978836367,English,0.8187505954708401,0.30654560950261867,Y,0.9291757401228067,43174.44903140154
433026dd-691b-4cc9-84a9-07dbfdd8a56b,1-1,0,70378,5702,106663,269,0.8025867918654421,708,26.776436194711003,laptop,1.3625861879147423,college,1.7012708763542033,English,0.68154464115927,0.3662358342335965,Y,2.748825391350671,44989.22351545694
e5afeeab-aaf4-4200-a67a-5ea0b861dee3,3-2,0,611171,959387,136713,343,0.8335926121591477,1017,28.04537472210127,smartphone,1.7190752560185274,high school,0.4947242612143733,English,0.5711834487889356,0.89872042865154,Y,0.5525977477288369,45894.587030154275
a1f22d02-0b2f-4c57-8736-0957dd153f8d,2-2,1,42032,499311,36740,244,0.688579955648382,429,33.04085815135795,laptop,1.2145798664935348,college,1.668471262545646,Dutch,0.4568253740637359,0.4938966400970294,N,2.840633948058112,45521.38425422871
54c3e853-e07a-4b15-ab2d-691a120c3b32,2-2,0,36832,451635,122982,289,0.07512355729337172,1025,44.86950945863426,laptop,1.4094159140491855,high school,1.7464998489827082,English,0.3654653848360917,0.7471355080540013,Y,-0.31075214766680004,41874.77031900379
b4161534-88a5-4dd5-9160-ccca3961fb40,1-2,1,98942,385106,123034,251,0.6167127545871469,817,50.24099581333873,desktop,0.37889206346572313,pre-high school,1.2244932258387513,Russian,0.8939646905289769,0.6489514226952546,N,3.496007057750626,45048.82253183712
f5c14e8b-4996-4b12-b844-3d5e0f8548e1,1-1,1,541420,253660,123680,122,0.5759267947159037,941,34.07616476629544,laptop,-0.10766294589739811,college,0.8024559986676981,English,0.3795739145078495,0.6418650101497302,Y,2.2063067618095777,42414.34797031154
ac03d866-ecd8-41e4-9938-c4b098048187,1-1,1,924745,72444,23011,223,0.3885474300496793,1041,39.96583534915121,laptop,1.1745273576945214,high school,1.106642625852989,Turkish,0.19627573777112817,0.3786089106790415,N,2.15710043138715,42400.35384189371
74a79217-122c-4027-92e4-05a4e5fb0b4c,2-2,0,64226,959345,52471,174,0.38538361352160017,1238,42.297829976365236,laptop,1.5848555638356558,college,1.114367740361715,English,0.4288756877758507,0.9769525123631844,Y,-0.19328952385249765,45318.10747041221
6b74a260-9d07-49bc-9cfb-6fefbe9a718b,3-1,0,189038,23825,42755,307,0.8251722888934585,892,44.15895250737427,,1.4479812347569734,,0.7084773053015083,,0.4050330185643092,0.009417501836974984,,2.5554586775719725,43589.97702494658
af2dd336-540d-4ded-ae2e-6d21383207fc,3-1,0,928322,60174,130976,352,0.5345497113471614,849,33.20982558549873,desktop,1.5014506307241247,college,0.2676806903344362,Chinese,0.6824728190755228,0.5738273247810883,N,-0.4215747989475158,43266.27897513441
adff123a-e9fc-4289-89bc-8002fb8bb5f6,2-2,0,358059,4887,128105,217,0.5942649489836758,700,41.80214375868117,desktop,1.3098912125607303,graduate school,0.5685886141712448,English,0.5712837634027046,0.2307271030127384,Y,1.5726454455644163,44493.54074295318
b0d76a60-3231-40e1-8fbe-d4d020b33e22,2-1,0,416545,590440,97602,296,0.5435892559061923,766,30.4261449337767,laptop,1.7520200711121974,professional school,1.7259699546393232,English,0.4640684139718533,0.9423709689380645,Y,1.8082272848495926,45777.58634081641
949a9e93-0ca1-4643-b4d5-9852ceeeec03,2-2,0,60947,782807,44154,311,0.5711386515513817,874,23.812820263437217,desktop,0.7501156455294268,college,1.0378548589306358,English,0.22168367840771458,0.17283941129743668,Y,3.0201296831122937,45709.44224331919
e7ea4b52-7611-4c90-905a-fd388cea9c0a,3-1,0,133677,439540,19972,122,0.60313501018404,822,33.532013444108316,laptop,0.9304836276196712,high school,-0.028165460516842655,German,0.315999045928257,0.7652239202768673,N,1.2656001068056995,44827.472734065384
52655f97-f8e7-48eb-9269-d5ee71ad6db4,1-1,1,361086,78956,17399,370,0.4510152232730322,1021,30.142915772080002,laptop,0.5913970120487122,graduate school,0.5690132165318111,English,0.11834980087333996,0.9404360768314894,Y,-0.8509362240230236,44534.937408943835
10497147-ea3a-43a2-8c1d-61e871fbe21a,1-1,1,137492,247082,137785,314,0.5153437775770241,694,45.053885549627765,,0.840007584845851,,1.2991699446254485,English,0.04563575579631407,0.6804286851035344,Y,0.6508076886531962,44917.325598691794
08aad1ce-a5a5-4558-819a-80e470e455fa,1-2,1,290605,574388,37872,326,0.6641062666971018,661,44.987712605361004,other,1.2368906494914425,college,2.5378555208566453,,0.49827285589574516,0.25571351015645905,,2.402462953454692,46008.46428898567
27b4821a-e017-4740-b5cc-429d50c88f5a,3-2,1,55673,618851,82411,305,0.3299996996204938,1133,39.68234025786435,laptop,-0.08227060929692764,high school,0.7337458636863808,English,0.43539711051634994,0.32177796405506215,Y,4.919255815144309,43513.79458183224
4be26ab5-1d7e-44bf-bd62-0a66c914394a,2-1,1,269817,122536,48894,242,0.42901426931396147,1075,39.34975770713906,tablet,0.9807039194787265,college,1.1844311905020513,Chinese,0.33119154764094894,0.9498131064130512,N,0.6028692516566156,47064.90136722485
18ff52ad-d2e9-4d03-b775-d01403f19b51,1-2,1,356169,99413,111097,231,0.2788395769772816,1313,68.10359358188991,laptop,1.4907420115096746,high school,1.540040715590902,English,0.4912567319980623,0.823202643554067,Y,-1.2474207021341437,46054.08810984412
ea2dec1b-93f0-4fdf-abd2-49c6087d3b5b,2-1,0,394016,210945,73899,306,0.17416213234597439,345,22.945320188933337,laptop,1.1539221159904822,college,1.571662880194296,English,0.22674886455900323,0.7866357165945129,Y,0.09312213967714045,48427.95804315196
100567eb-57a5-424e-86c1-4a02cc690c8d,1-2,0,730332,788657,45984,139,0.8740087325713698,528,44.55040786870502,laptop,1.0445935080260937,college,1.5925045084471792,English,0.20423069989432507,0.5076852963640907,Y,2.554369881521203,42927.580971659794
c0906133-d1a3-492f-99a2-6e5a6c56f767,1-2,0,886010,927647,103644,119,0.6297187519759564,1191,37.86075128269276,desktop,3.0074172569555473,graduate school,0.7369461878919815,Norwegian,0.5095166955826451,0.6031105109382966,N,2.4655079643775886,42699.32191849532
de7bdd42-441a-4961-a547-2ccd7ccec379,1-2,0,261309,513084,117831,145,0.04386307774853643,1295,44.69267554372235,laptop,0.8331769580839374,college,0.9678954228082011,English,0.7176742741100537,0.44125998684949386,Y,0.9376674902691932,44368.516693120226
3b9eb1ad-94e8-4ece-9e83-bdaec18ce17d,2-1,0,981143,951555,88181,264,0.19757214943366536,897,28.304241981692545,smartphone,1.8351821674205213,high school,1.1323969704150783,English,0.8528177383850379,0.7406750273500585,Y,1.590014025577269,45688.153828020695
7426e023-5833-4949-b5c7-457d0e2a29d3,2-2,1,190118,374960,62285,303,0.37713499127418454,497,28.771104219808358,laptop,1.6675815964624208,high school,1.023659247526423,English,0.3387285580259856,0.4589037171646953,Y,3.8607885987432775,46350.86393109089
0fd5e38b-fd91-40c0-b154-d407eba53e1f,2-2,0,313542,517107,40275,132,0.8191791220635447,790,44.96331639411507,desktop,1.4693943618632705,graduate school,0.6772150028035138,English,0.3505004455320779,0.250893008098594,Y,1.4460655051400833,45915.496842393724
fc081f63-4e8c-43e7-ba36-428995498f3e,2-1,1,148148,139061,119399,312,0.8638433485789131,289,34.61031561384929,smartphone,0.9338477270258183,high school,0.017487135571331414,English,0.6303154620638354,0.10635931004480997,Y,1.0157731910126948,44618.72980968392
b74b7a54-edf6-4d3f-92d3-8dc119424956,1-1,0,830498,747785,107316,362,0.5411140599379795,1308,21.003997724821037,laptop,2.3358425571187773,high school,1.3951412770976197,Turkish,0.4121993683574525,-0.3010095066157984,N,2.61161770271566,44101.73514737221
44b8d6dc-2654-4d3e-8ae8-d34908f2fe54,2-2,1,656503,408972,61249,199,0.3726123222209863,592,22.157494148608308,laptop,1.5737012752433672,college,0.5258842687604368,English,0.6411076446532225,0.8221255901499646,Y,3.79382604798534,41540.91112909678
c2a8d24d-9630-4151-8175-0b42eb1aa9ec,3-1,1,125452,445994,84232,109,0.4655391618292771,542,36.221921616400046,smartphone,0.39757019872199906,professional school,0.8865749205562258,,0.2853894878940647,0.8915762271776351,,1.698416231157319,44199.1622438486
f74db555-3110-484a-bdc4-b09f6cf1c720,1-2,1,408012,889807,50902,167,0.6685194634106724,795,37.01850539304813,laptop,0.4191658797569898,college,1.5239606192393569,English,0.4603425049411069,0.7746006993373162,Y,1.7465645913699204,44518.01149068837
8e9004ce-deac-4c35-8176-a799b50f944b,3-2,0,357433,631943,50537,188,0.48089872630262737,831,23.503674653331807,desktop,2.0555378901833663,college,1.827738828403728,English,0.6845156280715133,0.5416658435217703,Y,2.5526766499615783,41577.738002412356
c6117094-afdd-4f97-9496-9df675e1485d,3-1,1,336897,192280,19073,180,0.1346525517871739,1189,45.912559387653985,laptop,0.9549314111436594,college,0.2002362833628738,English,0.9188412012476365,0.9546890664301533,Y,2.1401226408462226,45270.64638868603
9bd7345e-fc32-41f1-a8c6-ee371715652e,3-2,1,548613,366157,67388,298,0.6371688911060208,997,40.17586749092764,,1.6476692226905831,college,1.1538464268582174,,0.5459722835920926,0.7337039419685047,,1.1853762412276811,44161.85485745761
0c06a58b-c629-43ce-8f6c-2a140dd88b66,2-1,0,226026,1014049,120939,175,0.4923097921098566,734,52.575993865640385,laptop,0.5520640487249667,college,0.5388854714418775,English,0.5003215159125419,0.8923005143653393,Y,1.6430257230145526,44892.278711342085
b1203ed6-31a9-42e9-b3a1-61384a0d18a2,2-1,0,1010447,341639,141383,234,0.5310716182945417,1217,46.808383010768466,smartphone,-0.18496419455145596,professional school,1.4091688196823366,English,0.4091478133799387,0.3761108211133572,Y,2.395474767976525,44312.223570656424
bac15d0b-cf63-4ab5-a05c-66f39e2834bc,3-2,1,188175,313319,86818,366,0.6455179139334202,618,55.61006750127016,laptop,0.8254029040944958,high school,0.6814334894378411,English,0.4643407387125098,0.033080314993962634,Y,2.347658333099103,44498.6821876199
2fbeb59b-f93e-4073-8132-de082fdbda03,3-1,1,261878,535268,6379,273,0.3977204890312308,855,41.99094548463542,smartphone,-0.024777102425131314,college,0.0842275044252826,English,0.6289454816287219,0.829870996589046,Y,1.756530118569746,40890.62886852211
c3cdf4d1-25d4-4f2a-b532-6b0cd92d2e30,2-2,1,382183,617020,129813,121,0.39174099339459034,389,28.097958587540262,,0.4603893963462582,,1.1195552019207464,,0.522594852831707,0.35431225808095634,,0.20141054373164868,47101.70004027292
acbf370c-b970-4ac5-b1ec-4335a936dbdc,2-2,1,308663,538777,15189,285,0.7681658937623921,506,47.87388591115504,tablet,-0.3161616406267622,pre-high school,0.9845564141235649,English,0.7246300758597766,0.784199430928868,Y,1.216570482756228,45770.31700125057
f01af761-d426-46f0-ac95-33b120cf9e23,3-1,1,621862,494172,47659,329,0.4437577046394895,1282,25.68190105934586,desktop,1.2155269352146099,college,1.6999851879601442,English,0.5028819190144714,0.9195607538658509,Y,1.1069614671997887,39678.24154723524
433026dd-691b-4cc9-84a9-07dbfdd8a56b,2-2,1,385790,480046,80517,314,0.6790335734778881,1138,42.75152517937584,laptop,1.0954210244358473,college,1.2049867224755078,English,0.19397707455492474,0.40491382321427855,Y,2.068927324663914,43324.27165564926
b856a7a0-694d-44df-84e5-7df262774187,1-2,0,281702,510307,140730,341,0.3956563548459737,305,24.612393988200676,smartphone,1.0043989140399792,college,0.5368887345080432,English,0.4200840680037834,0.4418521900459374,Y,2.296251371979199,42690.96111815161
fd573d43-4bb4-408c-a8c5-790b562841e6,2-1,1,558252,1002223,90138,201,0.49972860264946234,427,12.606375582204532,desktop,0.871014849033286,PhD,1.9582546243450503,English,0.41348737837291055,0.24524407185714553,Y,0.9995827669549293,46723.57912326201
c4ca4342-0324-4995-9111-fae627df7fc5,2-2,0,975161,488567,25165,112,0.6828985622671642,1283,32.29838428344517,,0.9659891801171565,,0.40798303765196997,English,0.7676998694055008,-0.06716146756936614,Y,0.33307169193757447,39551.37092738178
df64e0d9-db88-4977-a401-e1f442400556,3-1,1,384813,187310,49351,134,0.6109115331366188,836,52.149494683510284,desktop,1.6203447461521105,PhD,1.6997826880493112,Dutch,0.6560579915115803,0.8210332736766537,N,1.7706606559242308,45897.86460148015
949a9e93-0ca1-4643-b4d5-9852ceeeec03,3-2,1,463197,233713,60314,280,0.371688293490119,1195,46.082972813023524,desktop,2.19528100531883,college,0.8854066024250342,English,0.3823485340428217,0.3759224990631729,Y,1.855144206801776,44786.58381215365
a7961f82-b7d1-4a3c-a0e2-6f03d8424b4a,2-2,1,24536,622984,19268,333,0.5439599421222684,809,31.54578554891608,desktop,1.1783056630587492,college,1.4485775740025397,German,0.6181628543863031,0.9364193928242028,N,0.536744878102811,43984.01764267264
16d05f08-7a7f-4b5e-ac3f-b7a64a5ec349,2-2,0,643947,1004961,131280,294,0.6289820016906186,1339,28.788034883012738,desktop,1.6658392476366661,college,1.2415538596471887,English,0.5348731081392826,0.5555963725877479,Y,0.9042373763636509,42633.94616319631
b69f0c92-ffd3-41e4-bba0-8c129a93d2fe,1-2,0,413303,807655,63143,134,0.5565039690545867,1026,34.8118599581782,laptop,1.0700962793292752,college,1.3526118367949849,English,0.24120418894963047,0.4224114971770832,Y,4.195115095956148,45223.44295139787
de7bdd42-441a-4961-a547-2ccd7ccec379,1-2,1,870167,123572,133685,131,0.15176794032336605,373,38.510392485922964,laptop,1.8851691712947851,college,0.6826547008429682,English,0.3165208037662539,0.3732860470477404,Y,2.4213769215603875,48427.85891467212
f0cad925-aff5-4a6c-a8f2-4a0eaeaa248c,3-2,0,664585,464565,41267,381,0.48074975220264016,1120,26.260386846245687,desktop,0.7501036607967551,college,0.7904787331215302,English,0.4975232314253141,-0.36566451214507856,Y,0.6811736105853674,43843.82386078444
417336ae-daf7-42ca-ae3d-7ebc05e0c43f,1-1,0,212113,123762,12055,185,0.32855683367090804,476,25.255673070957943,laptop,0.9789996668768058,college,0.6143325018455135,Dutch,0.4386232701768352,0.8200375008968853,N,1.4942182184394242,44536.719457194
63cdd570-1369-4f2b-9090-d5b6255c51d2,1-1,1,174433,34974,37119,148,0.051886695003101835,1292,45.94636442914397,smartphone,1.0757164148480194,high school,1.3498767500867228,English,0.2078270857326478,0.4725546871970659,Y,2.2708240908649406,46906.41804022068
58489ac6-e6ac-479a-a4bd-f2c8e6575a10,2-2,1,698423,844942,23197,259,0.43229596271992426,541,36.09265015787017,laptop,1.659582474311531,high school,1.7014697162612116,English,0.6501517977415998,0.41542249344889476,Y,1.9794601370568992,48715.899360815965
ce41ecb5-d3d6-467d-8d90-0da4db858b7c,3-1,1,447715,174207,85318,357,0.42239607755626657,670,30.75706488862481,smartphone,0.8498228061493536,college,-0.12905666044246256,English,0.12095890173217755,1.3449393338270497,Y,2.067843899765612,42026.55174290748
89f7f011-b480-4c6e-b249-c5a19f5c65d3,3-2,1,261954,122417,19937,341,0.5900769799200785,1425,19.36299429186737,laptop,0.42480443217693176,graduate school,1.7073363554058232,English,0.2370687037753828,0.8102612076378453,Y,2.159944963479089,45491.42965486083
e8229c81-5d49-4981-abd0-3f3478f9567f,2-1,1,582971,285453,64559,248,0.5197554354066074,1027,32.11124088453624,,0.43088784966399607,,1.2386899065713615,,0.4205335311384748,0.8826066544252608,,2.606565068869964,45026.711791898444
2de720d4-ef3b-4064-9437-2886a4fb5d23,2-2,1,600841,376980,99010,326,0.5217824884397684,303,31.699734337717377,laptop,0.42639612067629884,high school,1.2085118468254288,English,0.19262952188832044,0.47943498735756607,Y,0.4256893668274635,43426.66286496211
790f5896-c569-4e73-b88b-b931b27dc799,1-1,0,470997,955888,51827,321,0.6926926576894102,1343,33.805573789260116,smartphone,0.7464657239400013,high school,0.8663628980821737,Dutch,0.8907424850449476,0.8917272645244727,N,3.264347534276488,42018.12442659302
ce47cbea-65c1-46b1-9520-f23d669514e8,2-2,0,356374,658725,89614,270,0.6033757753547767,799,27.944548982863544,laptop,0.6944478672203942,college,0.8408820338571734,Swedish,0.15939855837278483,0.2565412975667892,N,1.2331693279791538,43760.868368916264
ad72ff21-0001-4c71-9657-91f0af317112,2-2,1,201859,494703,74297,305,0.6958920075097246,326,25.81259500082206,desktop,1.3211835061192114,graduate school,2.0689233350692398,Other,0.30846639395850906,0.7599629954759322,N,1.8082192412389475,42648.72729558571
e3e994b5-c070-4cf7-941a-e2cf1f64f510,1-2,1,628500,322374,140353,127,0.9202623182230752,1092,47.584291390964864,desktop,1.6641438434690687,high school,0.2873609730447524,English,0.2278453780180617,0.09665296487996516,Y,0.5457320664799512,40760.316433108936
74a79217-122c-4027-92e4-05a4e5fb0b4c,1-1,0,305211,307727,129776,234,0.6929180689652592,1093,52.015964309576596,laptop,1.2892604293336252,college,1.099465078066117,English,0.4669810350909844,0.2992389638052141,Y,2.913200839722232,43159.01732011693
27d0e742-13f8-4911-a1d6-42cbea5067e2,2-1,1,521694,222906,859,142,0.549767440943465,1104,33.83599527495898,,0.08953545628565596,,1.2170917884095873,,0.7072621759440473,-0.720273262099616,,1.7197805502000216,42207.33942930637
df64e0d9-db88-4977-a401-e1f442400556,1-1,0,807913,401151,19691,234,0.12023287543006755,852,32.20978767970776,desktop,1.299986686112178,PhD,1.4322089244611336,Dutch,0.46800959293079664,-0.08591722555191306,N,2.0244419358925803,44983.7480189657
d1ef7d2a-2a3e-4130-968c-2fbc045ee618,2-1,1,117362,729907,84660,349,0.4057197241999707,1102,40.705719270842124,desktop,0.6084176367282124,professional school,1.4170413419098336,Russian,0.5106656554506319,0.6778704706167384,N,0.166942125896951,43722.35094224811
adff123a-e9fc-4289-89bc-8002fb8bb5f6,3-2,1,14699,702847,39914,207,0.4857427599950312,287,43.595405984657326,desktop,2.2144477104912355,graduate school,-0.5254030640245424,English,0.3052695756897046,0.32220630944650075,Y,2.07203822212772,44359.32706100757
41f5530d-ed72-4608-a119-a71dd31aaec0,3-2,1,801599,416750,4499,298,0.41662742378772066,1038,32.34137454790327,tablet,0.5612674838232106,postdoctoral,1.549187285980949,French,0.4640119086835349,0.42110464335330783,N,1.436171952423691,42872.173941947265
373083c9-9167-4342-aeef-ada22adbfb20,1-2,0,902273,459977,93069,230,0.5237644290066014,1246,58.49547045900331,desktop,0.8952939108026445,high school,0.8571153558138853,English,0.8719315769449669,0.35444913383769194,Y,2.381295593013192,45935.27554570945
a8d07b3c-a7d4-49c9-b2b9-07c268f706fc,3-1,1,964341,497563,20162,355,0.6421228322254544,409,34.873013819327035,laptop,1.2964103871828447,college,0.8092510597423704,Other,0.36263073547147306,0.7317795824007274,N,1.144018409895442,44485.33369611186
94d5ae9f-66ba-48f2-93d0-19cf5aac6a3f,2-2,1,250582,905859,16220,219,0.3488782882353964,759,20.26717875277152,laptop,0.9615469308121565,high school,0.9450935209430377,English,0.6385970279779298,0.6266243165502887,Y,0.6174599837117827,43337.720148811866
94d5ae9f-66ba-48f2-93d0-19cf5aac6a3f,3-1,0,707686,426114,34984,319,0.7658987664268029,565,35.49103428005611,laptop,1.0498260897998042,high school,1.5908949086606543,English,0.5257049725795397,-0.13735563453420252,Y,4.491081185896482,45213.96698211564
06d98056-2cc4-4216-85e9-e3fe7d5751fe,1-2,0,111902,523575,80120,366,0.26559428025661325,547,38.246174890528216,laptop,1.1351811833283902,college,1.4011771525607633,English,0.23916187626889968,0.8432603510005681,Y,1.496663983295297,45508.613928440114
15a5a588-84f1-47b6-8ff7-3b5dd3065df8,2-1,1,164936,919555,138903,135,0.6357319899988666,939,17.522510366559548,laptop,0.6769680923256387,college,2.129306978152494,Portuguese,0.4556517688183283,0.2567056974512699,N,1.7491442918948106,40897.42222843705
ffecc92e-4523-43bc-881f-86a60ec0cb05,2-1,0,697064,573370,141480,290,0.8047154233706135,1414,41.44785830326253,desktop,1.0896042194370406,graduate school,1.8964261123927564,English,0.6259379429984032,0.3147821926280673,Y,2.536238262545405,43350.0182371334
984a4027-117c-4a02-894d-deab7ced44c4,3-1,0,356838,184211,93584,205,0.29104534788794606,648,33.98791892965292,tablet,0.557447316532291,professional school,1.8757908071941234,English,0.26530299023985426,0.5483622163453644,Y,2.079701163811733,47171.142460661
0662696f-dad0-4850-8d7a-6a843036c294,1-2,1,991394,650245,24913,262,0.3115671247823376,613,19.19510003189125,desktop,0.38071237755222687,college,1.2936171838122725,English,0.3361455861791546,1.1457254314785954,Y,0.8724078335513542,43674.93894387363
df64e0d9-db88-4977-a401-e1f442400556,2-1,1,281541,783126,130192,154,0.30744271219775454,576,37.75716721204634,desktop,1.251586534493429,PhD,0.7588095644828353,Dutch,0.16378817584856448,1.1447593557376825,N,0.3842457242380872,44181.0106856646
bd594697-306c-4969-bc64-971a4c6a795b,3-1,1,507481,854878,53426,287,0.5262529898478648,788,25.636145932976596,desktop,1.5333148277770359,graduate school,1.227558477087018,English,0.638497983420686,0.417466270864399,Y,1.8986997682143294,46133.02731053426
c000581c-20de-42c2-9978-3278cb1cc4fa,1-2,1,95745,352518,63585,216,0.33293572679863803,601,33.29183164579268,smartphone,0.8444762375412802,high school,0.31550919626316265,English,0.5668932453132313,0.6493260559459682,Y,0.6506704028885049,41918.15972283257
58489ac6-e6ac-479a-a4bd-f2c8e6575a10,1-1,0,698050,198037,54698,247,0.11090995246855906,830,36.31343193200714,laptop,1.3544692315277849,high school,1.6575960997031944,English,0.5715926192193096,0.1437572073347843,Y,1.5781296960000073,43368.15930674922
20bc2c15-8c8b-4581-89b1-ce290be145df,3-1,0,6493,642239,49865,180,0.20007993242519972,356,39.2469222679035,smartphone,1.1367647603032516,college,0.41528484108122377,English,0.5870519837746392,0.12663512225018142,Y,2.371812961451572,41572.1993625749
5fc65dc4-1722-4f54-bd65-720c734f2d00,2-2,0,76837,612572,7750,209,0.2939314715185707,391,33.1861741653202,laptop,-0.22603622459012485,graduate school,1.877625437666005,Russian,0.3875812966344667,0.46775242115951143,N,1.9685578709242861,47089.97867853697
af2dd336-540d-4ded-ae2e-6d21383207fc,3-2,1,246757,875278,69318,189,0.6787147866263592,1363,20.218620743640244,desktop,0.5680241367471903,college,1.5948700648719645,Chinese,0.6286664907078476,1.019162721029082,N,0.9781301260210378,46588.46190801982
0d84e944-f2f1-4a68-8fc5-719111349ddd,3-2,0,685216,762007,135816,141,-0.01589322243054969,1113,37.58695780686764,,0.6856403762099292,,0.9177109331276028,,0.5222879775111742,0.87385152004426,,-1.0146038690596493,43989.80261510707
a3dd9852-6cc5-4893-a6be-e0eed5e53e52,2-2,0,422243,531147,28185,349,0.4053365496580818,804,21.925036419632907,smartphone,1.1205118352665928,college,0.9473465082185387,Other,0.2072795969041556,-0.08121028153663723,N,0.08284914674872734,47065.903560102284
27b4821a-e017-4740-b5cc-429d50c88f5a,1-1,0,293845,33140,101558,162,0.39595310372330805,455,45.69543379685058,laptop,1.6848267702786217,high school,0.4113332900557779,English,0.32038414920430164,-0.22067781564547628,Y,2.003414575409987,42008.07947267557
86fc00ec-2ecf-4b13-b031-7de5b98c4716,3-1,1,704758,830075,112047,275,0.3728105558915681,624,27.934513428546957,smartphone,0.7564429788271175,college,2.048765429050883,Dutch,0.8251668920765229,0.34566037357602136,N,1.4105519041590024,46849.51957259934
5013da82-22c7-47fd-a245-d7131d2fab50,3-1,0,664889,760365,118467,358,0.28961047196524403,469,65.98413282819865,,0.5749269307339417,,0.6858698503174823,,0.4693755784102381,-0.05948037173866749,,2.974000675177499,43275.3464764929
9b2ec410-aab7-47b8-a6d3-19e9c1e54d4b,2-1,1,366043,903773,123646,357,0.594143585952517,310,56.06433137395577,laptop,-0.147676183952268,college,0.885499594843276,English,0.7391299793302852,0.2902535523749372,Y,2.2143899378782637,43933.36454864015
c000581c-20de-42c2-9978-3278cb1cc4fa,1-2,0,411980,633967,20532,377,0.4721670167852171,565,27.506059762074123,smartphone,0.970143639514442,high school,0.7709997757686184,English,0.5905171311532884,0.35653794998689303,Y,2.314344285193158,42964.54670750038
934b7cd1-b84f-4fae-8981-c0231b37dc5b,3-2,1,908740,431839,61180,276,0.9213527021606703,1159,16.186951687024113,smartphone,0.5800441037255414,graduate school,0.13843954769235056,English,0.535340114941272,0.25633669862226105,Y,0.7607812061524404,44826.3041131779
769bc77b-f052-4fc6-8516-94a46941667c,1-1,1,166524,14395,44264,226,0.49383934642622557,571,46.16368454098559,desktop,1.5187601446696264,graduate school,0.7737221520603206,English,0.6017159944823537,-0.042050512769182036,Y,1.7150816614009574,42219.03789926911
7ddcdb33-a18f-47fd-8476-4e5b117b5f09,2-1,1,448106,406537,108628,190,0.5134619782415877,1018,39.59934469830623,laptop,0.04844214963360616,college,1.2667475537615207,English,0.5346306821359994,0.1365456399477642,Y,3.4443192578865607,43244.093696648946
27b4821a-e017-4740-b5cc-429d50c88f5a,3-2,0,330362,661511,76064,292,0.6977031683741022,1289,33.54746129883295,laptop,0.9245589715961845,high school,0.5398920429939458,English,0.4323018256811838,0.5453705558107261,Y,0.32743016890637655,40768.35112375399
433026dd-691b-4cc9-84a9-07dbfdd8a56b,2-1,1,463189,710972,16883,202,0.3390025232983199,1205,33.299479076297864,laptop,2.2892523154948385,college,1.7580184761153335,English,0.5462472152993941,0.08565248650005725,Y,0.2567973349673418,42905.80627483044
2e174514-6907-4570-ab73-1d42a3521a95,1-2,0,594023,302851,64318,235,0.3839190935231256,981,14.264148776970838,laptop,0.9701611484035445,graduate school,1.0130568353970613,Finnish,0.7836746221768602,0.6583916491343835,N,5.073912884231753,43029.6676591016
5fc65dc4-1722-4f54-bd65-720c734f2d00,1-1,1,170207,290038,10350,238,0.4207531965215557,886,25.708780801920103,laptop,1.325102207054216,graduate school,0.5833479137863284,Russian,0.18675079449597537,0.5536340680233922,N,1.467590704768425,44033.69353230978
2e50f9bf-12b7-4271-bed1-a1dff8a126f6,1-1,0,167717,314707,39884,162,0.44241210395140457,718,35.51405161043849,laptop,0.9697900819291116,pre-high school,1.1631678535077192,English,0.08168431624641737,0.864542640759185,Y,0.7009156760925075,45195.012292853404
692642eb-92da-4af7-b9c5-d9e588a1cbf1,3-2,1,827622,110097,138386,380,0.6167010066022088,1255,42.272334376812296,laptop,1.3062669766486823,college,1.4197772864023837,English,0.9514274234508897,0.3483844609587872,Y,-0.012620586015438917,45692.82538046089
adff123a-e9fc-4289-89bc-8002fb8bb5f6,1-1,0,508110,939257,17185,141,0.4113090239790337,1168,18.77126588768047,desktop,1.509177358655617,graduate school,0.38567329283104046,English,0.7941007309514008,0.6847970612036929,Y,1.4050029915359277,42394.11299511754
cfee68d1-90c7-403f-be8d-bd8b7abc1b67,1-2,0,335165,476635,14256,154,0.21670673754631925,497,32.04102078270494,laptop,0.3317285772476961,high school,1.5679753828933967,English,0.26573407708309926,1.1311117658795253,Y,4.523565704455116,42334.28799377198
e66ac7c3-faeb-4b2e-8dbb-929d29a3bb65,1-2,0,678716,150240,2066,123,0.33262001413074593,847,50.139908619570214,smartphone,1.0727793211561452,high school,0.23483031374871466,English,0.7221257390874519,0.3962822766223816,Y,2.3592604149145706,43449.94059132078
34604f27-94d7-4af3-9b8d-7c9fa836e7cb,1-1,1,465658,80400,31779,210,0.42483661179122734,1212,43.23057028012854,laptop,1.3405961644024342,high school,0.2076926087088118,English,0.4375614336506737,0.6145760915085391,Y,2.3721855680811785,45258.11755421586
fa246754-e497-43c2-b08f-7b8daea1b410,1-2,0,713304,347506,71013,237,0.9094379468557614,502,21.661531629962692,desktop,1.2790621555974306,PhD,0.6118201883950591,English,0.415039543495569,0.6398825584799211,Y,2.3030031682009966,45429.47856360463
b74b7a54-edf6-4d3f-92d3-8dc119424956,2-2,0,709411,464025,1531,204,0.5327952944954969,1336,33.11745057578453,laptop,2.490434687488145,high school,1.3266617583839835,Turkish,0.18943322101086824,0.6089106354750875,N,3.5404240054447986,46033.49383128228
cf8cc387-399a-46fe-9313-9f73def19457,3-1,0,277747,564553,6678,122,0.7956345267512395,557,46.75262346590889,laptop,0.1321693307502193,college,0.6180161506268991,English,0.5537507529095875,0.28341571221396994,Y,2.7770122305493246,45897.57982543462
134bf53e-1ea2-4b61-b39f-a1e444535f80,3-2,0,224367,496175,104595,320,0.005252098310040643,508,43.69379481301727,laptop,1.1063248882081553,graduate school,1.0509028639013525,English,0.5925988946458725,0.3102210575165235,Y,3.3296168709504865,43915.06393500445
4f197cbb-93cc-4852-aad3-46d35f809f47,2-1,0,358829,338969,55693,114,0.48381925854761954,718,37.56268615854942,desktop,0.07824148786718998,professional school,0.8900054322073783,English,0.46716063681830433,0.5635162836558513,Y,2.0990194953061625,44522.58074222635
eba4f35d-64b0-4b8d-a3cb-fe43c8fc6e77,3-2,0,369086,805450,109130,211,0.7181986896032712,527,36.0334016016988,laptop,1.2628334117890185,high school,0.3539527060832297,English,0.3418845421741401,-0.03999758710951373,Y,0.9569229226907783,44542.80672467937
5fc65dc4-1722-4f54-bd65-720c734f2d00,2-1,1,85012,940486,40403,262,0.4196265876812967,1020,32.2810769247597,laptop,1.3333848706993185,graduate school,1.024501566998024,Russian,0.9075822831481865,1.2083493365877311,N,1.6692666802393266,42832.953622018336
9861dbfe-d228-40ed-9c0b-ad0a8866adfc,3-2,0,818014,238362,80096,141,0.37129253634888076,1056,42.53909000864804,desktop,-0.16680332350703364,college,0.5269359989592209,English,0.614482502967798,1.1041545877214705,Y,3.0609003552469543,43824.78965913883
2de720d4-ef3b-4064-9437-2886a4fb5d23,2-2,0,97121,652241,70142,160,0.666552464854436,684,30.609877276811247,laptop,1.5071131269601468,high school,1.1459611697189602,English,0.05640197053286977,0.6786507783486594,Y,3.6187823556090124,42765.919071334465
5013da82-22c7-47fd-a245-d7131d2fab50,3-1,0,763068,521885,140129,258,0.5890730088117071,577,37.73697305389666,,1.8302154576479075,,0.9737933167159339,,0.5662579307386361,0.684517582366766,,1.2108735769568972,42068.038661768354
44b8d6dc-2654-4d3e-8ae8-d34908f2fe54,1-2,1,302453,803312,128861,241,0.28042727897014164,626,52.149692999055986,laptop,0.9107894997080642,college,1.460969707274385,English,0.35298745971351714,0.575890662763635,Y,1.3423193132235443,45724.65186202523
3410fc57-2a6f-4350-94d8-800423702f6a,1-2,1,719082,329418,140331,292,0.46518660369864184,818,18.82749495271127,,0.613458848597596,college,1.4135276488838375,English,0.7692036640337143,0.7831287025308428,Y,1.7420952106513214,43576.49254879594
7c73f8eb-7012-45e2-b6ad-2197ba40b925,2-2,1,548884,38767,49344,270,0.9497264022738874,702,28.21572053709648,desktop,1.84015354217732,college,1.1081256817915686,English,0.7714663877922598,0.5155903210167253,Y,1.0911808103379717,43232.592462678156
0023cb4d-a3f6-4163-8761-a07914b40754,1-1,0,1013254,263449,66339,315,0.31634097078945445,486,13.012114005966293,laptop,0.8719986810366107,high school,1.1977834085846466,Other,0.78591655355014,0.6753521834472973,N,3.56030524902543,43753.654526015285
8053404b-3274-4b36-a3ed-c3f4cff86dee,2-1,0,97605,669947,94584,242,0.39265789796040623,1322,46.18976393375665,laptop,0.09904476317739974,college,0.9840447912640171,English,0.5827509784345863,0.6696143970360052,Y,-1.8751411609281439,41970.21965867878
dfeed816-4de9-4be7-9ea0-775157c7bd76,3-1,1,921884,389912,138374,329,0.5581157374589927,1169,25.14940196377742,desktop,1.1558115186645488,PhD,1.516917003816694,Portuguese,0.32332995084057947,0.6654809128636355,N,0.8840539850994462,45663.44571575386
fd573d43-4bb4-408c-a8c5-790b562841e6,1-1,1,672762,41716,89337,151,0.42373482966518694,1245,10.376285924234537,desktop,0.9753171388973467,PhD,1.1051468154956285,English,0.522090589109493,0.20432115777810594,Y,2.3420117489353314,47741.17820876679
6b68642b-ac9e-40c0-90d9-91bd6ffd92a9,1-2,1,796020,410642,129138,168,0.7292490258962749,1386,29.329213198947173,,2.3218839065708208,,1.2542911418087437,,0.7438470872254309,1.7219199423606952,,1.97477424994533,42419.37054603235
fff115a4-7e00-4376-888b-03c5bdee5f3a,1-1,1,99496,286208,17522,226,0.6899100859335437,969,26.093941640734982,laptop,1.5448936808478764,college,0.21353093170633008,Spanish,0.1514095812617468,1.163183258938885,N,1.8616451189180083,46399.99646680343
db095ce6-bb12-4f37-88e2-d9e76be1b021,3-1,1,288790,913518,34989,174,0.9749071733086252,339,-9.293351991160513,laptop,0.23465173890491386,PhD,0.9582192423049326,English,0.3160885899649347,0.6188403933549999,Y,2.6194645311371128,43483.08917591265
b4649c6a-01ed-4f21-be3f-a0f29b97fc1b,3-1,1,836845,582552,8472,365,0.2030684839516741,383,32.92644862375805,laptop,0.7274572686707912,college,1.2126090707726633,Dutch,0.04138258686211688,0.4535527808007028,N,1.512145736413994,45840.765896737576
69ca58fa-5eb3-4e00-8658-df2640b449f6,3-1,0,79588,706028,98149,119,0.4307443589062116,398,48.76766355121417,laptop,0.9974090652474897,high school,0.8548264662481666,English,0.5378016756053933,1.5369096453098814,Y,1.415277817245175,44552.03959464763
ea2dec1b-93f0-4fdf-abd2-49c6087d3b5b,2-1,0,686079,26429,61495,182,0.6555666413166098,1280,32.22984096180409,laptop,0.9110556067703206,college,1.082936754388454,English,0.24994083715179144,0.36179858123653275,Y,1.3409443063868958,46787.56829108119
ff595b52-47c0-48de-a732-ca6f366d3dfb,2-1,0,696059,919666,69715,334,0.3394954160357525,1068,42.95864993037542,desktop,1.6874319654683572,college,1.2827164440957743,English,0.771213111388972,0.9611925209557783,Y,3.2339775390075145,42023.7625568278
1b57438e-b823-4e70-95b2-c4659c379273,1-1,0,657370,638917,28755,196,0.27733222888631737,1274,39.26558574000595,desktop,1.152775178870272,college,0.7093136587870346,English,0.4003368833998263,0.2564162092227214,Y,1.489000847193567,46164.9904288523
0ee8e6e8-930f-441a-8244-d7788041cf5b,1-1,0,475480,230584,29909,224,0.6053152607769995,416,44.565152166016006,desktop,0.9471497918187693,graduate school,1.1770113156535342,English,0.2630094801489822,0.7461582350961506,Y,2.8033254610195906,43650.95937048468
3b9eb1ad-94e8-4ece-9e83-bdaec18ce17d,1-2,0,612659,224308,28649,331,0.27492570916504366,867,38.17066863585721,smartphone,0.323413297579595,high school,1.3450910170173351,English,0.4873545095411355,0.47145794072502234,Y,2.5581220093423087,40963.68849969415
471fa2d8-87bd-4cea-8ef6-6c24af87fbc7,2-2,0,620150,34800,132486,312,0.5709022775754594,295,18.963577260107048,,2.164606593758947,,0.7364496573435948,,0.40902498587384817,-0.07954545666360402,,2.30294001145663,44979.96818136317
61d89609-6242-4f26-b2cf-8a9f538a757b,1-1,0,577724,720691,98467,344,0.6621372149214195,1113,41.72099296054164,smartphone,1.36230933246487,graduate school,0.9379561620283119,,0.4748646389474752,0.3755413698974979,,2.471906221004929,42649.50380279081
72deb366-7970-47c4-9c54-b58c17c8874c,3-2,1,61996,347610,90236,351,0.8176435664138901,927,32.515528310496755,laptop,2.1609821707221246,PhD,1.4310243598391064,English,0.6069854463781695,0.4454154505498993,Y,1.7651659959011445,42467.756030065335
0fd5e38b-fd91-40c0-b154-d407eba53e1f,1-2,0,400923,578081,85265,314,0.7876787158790646,1305,45.038968098151535,desktop,2.070154681339182,graduate school,0.8976639819083969,English,0.7211284716034292,0.8877875014221006,Y,1.06177653567571,41216.04851336204
e8229c81-5d49-4981-abd0-3f3478f9567f,1-2,0,69192,113005,117470,334,0.475311846777864,859,41.92122849501779,,0.23815604208166274,,1.0082342538772096,,0.45513584324954615,0.8361514889805112,,1.088834588675748,44485.468947974274
61746fb4-9306-40b6-aeb3-31222f13e4bd,1-2,1,756873,175847,38822,284,0.18230399115443435,710,24.57527438743344,laptop,0.7877028663498432,high school,0.16467560455859076,English,0.5723481446200552,0.860702929190285,Y,2.0958639865551434,43857.93832373276
c82105bb-8520-4727-b430-daec6fdef0dc,3-1,0,912724,57314,101707,160,0.49622707858400933,777,36.16428108093866,desktop,1.5002842952999034,college,1.4857249802551988,English,0.5217083976323882,0.3600250371416101,Y,1.1078056780762386,47061.07439307516
790f5896-c569-4e73-b88b-b931b27dc799,1-2,1,299501,645542,111152,196,-0.050125970624820715,1156,18.121646930119837,smartphone,1.4583796107429667,high school,1.2813123455899074,Dutch,0.4928347753472495,1.0166957945403483,N,2.1509235325451446,44773.279602005234
08e0c3b1-652b-4be1-b8fb-e30789efca15,2-1,1,491598,183028,18790,312,0.4308152785690924,1323,20.13876064661239,laptop,0.04634999578077503,graduate school,0.6192405535828206,English,0.2683393777389275,0.24727054781347718,Y,0.5816701634221357,42614.69766463991
cef9fb15-e845-46ae-8282-8e7247078df1,1-1,1,952556,496793,118072,367,0.13244748556273234,1395,34.48940099369971,laptop,1.2468168298474764,graduate school,0.9474793852299029,Russian,0.7378609017287546,0.04798095834740329,N,2.7602318488630733,47760.41589325739
b8fe046e-0564-4ca6-909e-6177a1343917,1-1,0,657364,897319,140017,260,0.3977349484381329,903,32.09639871142803,laptop,0.953048311053768,graduate school,0.6889755971495943,English,0.3983432518224228,0.10514445282867368,Y,5.317406786341604,43289.325308109335
b4161534-88a5-4dd5-9160-ccca3961fb40,3-1,1,265649,174285,3957,316,0.7018331884802211,1133,42.51757741538238,desktop,0.14065174876033115,pre-high school,0.7350079551934915,Russian,0.021023404238085908,0.11245514928444916,N,1.8726652911143304,44842.029906862306
347a69b8-232d-4315-8829-4c6a7374bf6b,1-1,0,548326,809120,5201,248,0.36765898168415556,678,41.105587453184356,laptop,1.2765301826413062,college,1.4252261661090677,English,0.6961277029848439,1.142129961090826,Y,1.436795177406486,44766.031745931265
8d488770-dca3-4c48-bac8-af2e74d1dc4c,1-1,1,409373,799953,74689,229,0.15118513245494092,1380,45.15835872305869,desktop,1.6831072956846462,college,0.45938650201481335,English,0.6622019892560449,0.5719504209561216,Y,1.0511787544662612,43086.76179087596
bdd0644d-d39c-4f9f-b351-42085d4174c4,2-1,0,359125,479776,19131,174,0.34211300913174536,557,36.739667492443026,smartphone,0.5642871688366291,professional school,1.2967302342220055,English,0.28905648242625775,-0.1867907973664309,Y,1.1309907369253906,46490.64600706986
41f5530d-ed72-4608-a119-a71dd31aaec0,1-2,1,589659,276781,65525,145,0.3224700383204083,309,46.763116122328,tablet,-0.36133167401599353,postdoctoral,1.0804224895151662,French,0.6561509869591025,-0.0034097910050069347,N,1.502939119555739,40895.675204804895
adec7fbd-3153-4612-846d-2a4183f03202,1-2,1,912211,154506,106763,229,0.44453067105777727,338,57.01482817992074,laptop,0.7097543558906159,high school,0.60980944501764,Chinese,0.2824394265444142,0.34304118629602576,N,-0.15165024305698083,44975.259342904865
0d304788-a11c-471d-900e-323afd0cc99d,3-2,1,942938,559163,107162,168,0.6333390344512018,1085,51.42721841390564,desktop,2.0272652791799777,college,0.9752623389255294,Other,0.46818670126988793,-0.25474738284032483,N,0.7519392551250244,41143.292669596296
fecaf7b1-1db6-46d4-92ab-aa1864c179ac,2-2,1,844348,451083,131434,320,0.3689896193104494,1334,10.12871932913314,laptop,1.0446598624352001,PhD,0.7310176988567731,English,0.351830471880207,1.0567250454178465,Y,3.5048693212548394,42383.85069612458
9294f017-a752-4e3f-9266-06922b940943,1-1,1,746418,182357,61651,272,0.4595644160531115,736,39.20726473764908,smartphone,1.3324521765969037,graduate school,0.65229886673768,English,0.5572757402466003,0.9608568850132602,Y,1.1896029840778126,43715.196503343184
4c958f8d-f3c9-40f1-8816-2b0c39a38bd9,2-2,0,4141,490592,10927,221,0.5065524653831108,469,24.338746530135552,smartphone,1.514910225975308,college,2.2671394501803936,English,0.6896458142131212,0.06844063372988501,Y,3.2979564712254854,44914.71756802051
154c0760-9c47-435f-8335-5f1178d12e46,1-1,1,643914,347317,139793,268,-0.11177562459555801,985,32.1359792432411,laptop,1.406457910532998,college,0.9276004797028313,English,0.5556115404165791,0.9897473861165417,Y,3.4347534042010155,40799.14227721741
9861dbfe-d228-40ed-9c0b-ad0a8866adfc,2-1,1,32576,795634,111795,163,0.5394301902674113,474,25.062735338968153,desktop,0.6595485504111478,college,0.9407647004498885,English,0.6355305754127871,0.12598336104697622,Y,2.9982707782442843,45205.10478996098
af2dd336-540d-4ded-ae2e-6d21383207fc,1-1,0,807474,802085,108366,369,0.5765889494747807,790,36.52594475600872,desktop,0.43661988486655234,college,0.9531241634291862,Chinese,0.654879415503051,0.5287632323652749,N,0.09707130377329021,44724.2544700704
332f3d22-0b01-4c63-9df3-aed8cc851469,1-1,0,592796,723772,34324,331,0.4876962354657933,1142,31.61501309214644,laptop,0.07601804278070412,college,0.6760655580098922,English,0.23652383290985113,0.6172696605714121,Y,1.5908798264594801,46288.08886608522
bdd0644d-d39c-4f9f-b351-42085d4174c4,2-2,0,485573,694582,22345,167,0.3565842159867917,478,51.792745492778884,smartphone,0.03429303219412394,professional school,1.753840785279397,English,0.9817135131750827,0.2895187383250626,Y,1.733624128501486,47726.879314354264
ba947df3-ae38-425e-a2c4-d6dd7839b0fd,2-1,1,660129,88916,61924,296,0.366650660474896,1361,14.489386230650162,laptop,1.2655007784124066,high school,2.2039335785733893,English,0.39239307496454595,0.4686065656327352,Y,3.0449712111754788,45967.14401479292
5ccdee25-cad2-481b-8033-c90162b98ec7,3-2,1,485107,513467,53534,203,0.7939328001977455,1063,48.781732129435426,desktop,1.9417948942767813,college,1.694195814429035,Other,0.8246008421366904,1.0780316238970502,N,2.0783572355482622,45993.530944463644
f899e672-b04f-45ac-8570-174894f1831c,1-2,0,686033,824145,95277,360,0.5380271822475604,958,52.90182109036904,laptop,0.9074710046212374,graduate school,1.2363007915885906,English,0.6895339544046089,0.825052901523945,Y,1.84589841669472,46786.254440165074
3208209a-6dbd-4582-ba9a-63a144f479f2,2-2,1,435445,892804,14178,294,0.5138284921161466,892,33.519221397699354,desktop,1.3329095610639854,college,1.0168052074433753,Indonesian,0.4443768366291894,-0.04231885245929312,N,0.9686099498760237,44187.200736464896
9b2ec410-aab7-47b8-a6d3-19e9c1e54d4b,2-2,0,47196,948143,14209,156,0.5107533002398409,1332,27.26437059670984,laptop,1.061368099109136,college,0.8558022885900407,English,0.5029693338696254,0.9165830450349377,Y,0.6184515906577428,41695.88870885657
01793098-f0e2-4ef8-a0eb-706a0584332d,3-2,0,390352,977071,38311,345,0.611860963342158,810,58.32055091680597,desktop,0.15266901873154637,graduate school,1.349061563882861,,0.5650058196828268,0.9801454260565541,,0.9333992952456566,46908.9000707607
45fb1767-91e9-4d69-83f1-3c781425982a,3-1,1,553709,275253,86381,115,0.5525278947692205,913,44.544204106479846,laptop,0.545977927149991,college,1.0401864698218124,Other,0.2171726790896656,0.7520002848324998,N,0.5130402017857401,41877.80299489611
0111fc3b-685f-4756-9692-67ace3297314,2-1,0,977601,766970,99894,230,0.6321984767904127,1194,30.05369599147312,desktop,1.5760240769189133,college,2.0570273977595237,English,0.6774020822159655,-0.05953432073877618,Y,2.3528156108864913,40131.13612400836
eec0e61e-7635-4527-a83f-977a09cafec8,2-1,1,497333,402383,103422,184,0.49528474578689874,1235,23.737055874043808,laptop,0.9592665355482347,high school,0.6275140922378155,English,0.6974303206175912,0.6315171476893388,Y,3.943927881999488,43787.13503793235
ffecc92e-4523-43bc-881f-86a60ec0cb05,1-2,1,404883,406078,38055,175,0.31597529190806656,753,34.19582945214702,desktop,0.22738072268361031,graduate school,0.22401241616215428,English,0.39946294862441,0.4911889653940752,Y,1.9664489545024118,41994.81670974353
27b4821a-e017-4740-b5cc-429d50c88f5a,3-1,0,740615,128599,134836,254,0.46420769670673995,1309,55.62920904533879,laptop,1.4841300502043113,high school,1.9929377526180247,English,0.4486610980070108,0.7919411803736465,Y,-0.5351434876870811,42624.65520433306
60fc017d-b4ee-423c-9d56-6c2a06a3697a,1-2,0,480130,725482,109042,331,0.7815707613652805,712,52.82406027082362,desktop,1.8788515626337272,college,1.710542611767498,English,0.4404998798322143,-0.2579322924878056,Y,0.9268409360451191,40984.902611510755
be165b4d-f223-4403-9d2d-d186464c7150,3-2,1,826528,68027,100087,136,0.1794424674970464,961,42.14322865407008,laptop,2.294856303776203,high school,1.4027842940578854,Norwegian,0.4101848691137641,0.7240798647225375,N,-0.37180454478729885,43800.88351715758
fc8fca36-1e38-4e4c-9112-621a6a9471e9,3-1,1,864093,67504,67385,266,0.4064627836744853,667,21.230126683143297,laptop,0.683628942145057,high school,-0.006143027720364014,English,0.45019398245815023,0.00784256081562884,Y,0.8733568253922412,42559.43887302136
76d25023-7920-4e91-a62e-db630eb472c5,1-2,1,140959,540816,5598,301,0.31508725076945254,345,1.2004868106341604,smartphone,1.5028035219348084,college,1.0862749005989503,English,0.6087965744764294,0.6177861349305803,Y,3.978177139742576,43592.15360123341
7169ffc5-813b-4e4f-8e7f-9c59e92ec66b,3-2,0,766628,697081,22066,176,0.7467784189015532,730,58.29402844737168,laptop,1.145488013028277,college,1.2186643319894432,English,0.4476307794451467,0.5251032093463904,Y,5.628918210324644,48046.62098695063
525bf1c5-7405-44d8-a086-43a65dd46da2,2-2,0,549549,594409,140334,201,0.2987119131180499,1372,23.097697839886614,laptop,0.5172402651646618,high school,0.5943207312694327,English,0.5462693650715901,0.5283637801553372,Y,3.9060475047833125,40850.79525586108
b90659d8-9551-41ca-b0f5-deaff4b679a5,1-2,1,769825,211006,7586,129,0.27905743739720557,1237,32.7012593927503,smartphone,1.8191057991727804,college,1.698861774336856,English,0.7499994618621093,0.8854379029491595,Y,1.5599272823217214,45463.67954339633
c5f16c37-1a33-4562-9996-0f8262566ab2,1-1,0,77973,690507,39839,377,0.27555489686217294,870,51.35669157452573,smartphone,1.104896313882789,college,0.4661481418275598,English,0.4695491355774482,1.5339553026901565,Y,2.9746836067329308,42072.09361078689
54c3e853-e07a-4b15-ab2d-691a120c3b32,1-1,1,273907,410871,104724,191,0.47987345367197964,1422,46.43937981533278,laptop,1.0133845846984206,high school,1.6457117622163349,English,0.5943993111262523,0.921064976168449,Y,0.24474333693208417,46802.273215922694
025562fd-3b78-416d-b71d-1bab3f5fe6b6,3-1,1,847017,18602,110501,254,0.9865277353132601,422,44.49037310379804,laptop,0.8930335337327768,high school,0.8917636034045234,German,0.3757614303701344,0.4207084422120934,N,1.9922422717795947,43083.30804008954
352a4090-79aa-4827-b4b0-f1bffd883940,1-2,0,26394,401341,8126,235,0.28153003648797276,1435,29.5750575449636,desktop,1.919344284964982,graduate school,0.891653749593272,English,0.6760325011966576,0.7392702467402394,Y,2.084117621161777,46999.480458371945
7426e023-5833-4949-b5c7-457d0e2a29d3,1-1,0,200450,44605,31040,138,0.32603558113650727,1246,15.446493293151292,laptop,0.08345476647109884,high school,0.46355115238835887,English,0.29126109079498297,0.6128832126948575,Y,2.6393071138652475,44349.574119116034
df64e0d9-db88-4977-a401-e1f442400556,3-2,0,673026,475095,4529,182,0.5265595749846299,514,38.29378056899962,desktop,1.818718499288769,PhD,1.2679537905643399,Dutch,0.7894136705260377,1.0795559575472717,N,1.5610659475408772,45285.54987497588
ee53e6ab-48ea-4636-8141-e636a103cbb5,1-1,0,724126,763734,21044,345,-0.11272263690099982,861,37.48724889597863,laptop,0.8744903941837641,high school,1.5433639625670574,English,0.7597180294427872,-0.2545437522549865,Y,0.6574493306964622,44448.608748385996
ed0920d4-b642-455e-bd2a-ca21865b50e4,3-1,1,923382,944878,40773,281,0.21018176353550816,746,35.31475859476346,laptop,1.2257461053456895,pre-high school,0.3986828744038675,English,0.7891619317273391,0.034929516760908885,Y,-0.8546432726600224,41934.52206103672
af359589-3ded-40eb-8c8e-8c820ad019de,1-1,1,169058,722175,29390,197,0.4460500603355142,459,29.802436471102542,,1.000734178425911,,0.8702258392278496,,0.43931337340880006,0.48861401402548915,,2.514532104057789,46177.65539485224
45e73d9d-cc89-4ee6-a6e2-ab4582ed166d,3-2,0,868603,553329,135847,246,0.11308749832176035,885,46.3731540268774,tablet,0.8623248324008189,college,0.6580676573999393,English,0.45251935223576606,0.8442888305845432,Y,1.0341481865597146,40234.88356796121
52655f97-f8e7-48eb-9269-d5ee71ad6db4,1-2,1,572521,1001274,81507,136,0.4497728742675257,1303,24.324051277079572,laptop,0.11621203349762488,graduate school,1.2898547363418122,English,0.7906347942612049,0.755894590324254,Y,-0.29401984512032886,44480.1986709054
6b74a260-9d07-49bc-9cfb-6fefbe9a718b,1-1,0,585334,931232,32496,354,0.8598120052965019,1097,41.564687970647824,,1.1741535468933508,,0.363492218278057,,0.665319788697067,0.7730059235494958,,0.365513083869784,44645.51915560859
fb6a141a-25cb-4495-9b22-48bc79dbd24e,3-1,1,474717,659202,120460,322,0.6673135810231344,1412,35.23405243156232,laptop,0.3597634038751697,graduate school,1.8703882223111934,English,0.9762510059494847,1.725926539112271,Y,1.7596846630461582,44953.243939955806
e8b80ebe-59a2-424a-90a9-b6f699b54faf,2-1,0,160816,356973,25612,252,0.4474644512658423,985,5.866987067893575,laptop,0.8953519281936375,graduate school,-0.35000008558597906,English,0.4376883737928934,0.32633494800572327,Y,1.150593666721826,39771.936247220336
a28afe06-386d-4288-994d-28b51c745e3b,1-1,0,608381,1016666,91966,141,0.2811054474873491,873,61.37660006027559,desktop,0.6426113970845503,high school,0.8496311461570474,English,0.4874461850060064,0.3532839718949601,Y,1.6573933945086092,41506.73968773846
0010d921-1f71-4511-834a-55096185fabb,3-2,0,423954,161870,11713,338,0.6977499635955109,1117,30.01148484311146,laptop,1.3908622904400336,high school,1.0626051881347245,English,0.6587372377008958,0.790280823791067,Y,3.772362511121863,43356.114029445955
71ebc1ad-ebc2-4c5d-bc77-e372bc1b0159,2-2,1,493626,996182,73659,283,0.336182171828149,1232,20.42901081475166,desktop,0.2738845017146295,college,0.5263721077006263,Italian,0.5954589674514481,0.8059506668258218,N,-0.3148690154804177,45674.271445981896
7ddcdb33-a18f-47fd-8476-4e5b117b5f09,1-2,1,382895,701123,79080,336,0.09611138965524235,699,47.34833108374367,laptop,0.7686347021352402,college,0.9321180094549167,English,0.4704962450734263,0.6678477467441961,Y,1.3878781749494327,47284.32048704193
4bf638b5-36b4-4b87-977c-dbb48a337da5,1-2,1,301524,102465,112079,322,0.4946867592090147,304,27.283080299279675,laptop,1.3448014452111252,high school,1.0799743089016658,German,0.2699575865860406,0.4966060573029931,N,2.2743776705665417,43395.21933153716
58489ac6-e6ac-479a-a4bd-f2c8e6575a10,3-1,0,680441,382232,113386,255,0.6936434663463704,1036,19.921236067639942,laptop,0.9924745708053608,high school,-0.28353695341101215,English,0.5192508112898189,0.35110930479747793,Y,2.022621046313623,42348.07523656333
61d89609-6242-4f26-b2cf-8a9f538a757b,3-2,1,316589,320523,25505,180,0.1527656909962844,389,27.56754653355963,smartphone,1.0295146981822372,graduate school,0.8410211890533381,,0.505956372944273,1.12247404598462,,3.6702997770318495,41811.88941349317
023c99b1-f32a-4d79-b5d7-197ac75591e2,2-2,1,149868,449055,122250,260,0.4332648203794016,813,40.51885314916588,desktop,1.0655430082874753,professional school,0.5509556056885103,English,0.6906763175945362,0.28656066961925597,Y,3.6442893133360075,41188.1698999323
16d93a7f-b378-4f6c-ba62-8e7479afc2d3,1-1,1,757613,903931,44236,250,0.3689681446521716,852,28.439088071410893,laptop,1.033654419936146,college,1.5371752047814549,English,0.5404885907820385,1.3188779099283754,Y,3.0210862789596957,45519.03374216381
24c1cc74-742c-4c92-860a-7a2fa7659727,2-1,1,784017,382468,13501,342,0.26461079633312024,303,26.99191002128825,laptop,1.7247547273508101,college,2.1341326920525243,English,0.8054009412806271,0.6516453781652821,Y,2.9778969881402007,44934.318475941676
422c02a2-c457-4a5a-83be-bc1fb038be39,1-1,1,187529,502315,18103,262,0.5932022652242339,550,18.868090891645274,laptop,0.9661101764027713,high school,-0.31740921045636594,English,0.5372414640881216,0.2169064086360778,Y,0.9176083084787192,42991.38840180044
722b0462-7e9e-4278-8d36-9495f6928afb,2-2,0,639830,616814,53655,274,0.5014183364682332,1134,44.63008960417761,laptop,1.5736870399817315,college,1.547683657946851,English,0.45929983809136643,0.8873066448750024,Y,2.4399122361727854,44769.68458877434
adff123a-e9fc-4289-89bc-8002fb8bb5f6,1-1,0,761328,758008,116450,173,0.8989345882765086,1117,49.85094797844908,desktop,1.566791916203329,graduate school,1.1111052499313343,English,0.657910649366036,1.0287829016146617,Y,2.273775433532966,40884.73784848625
ad72ff21-0001-4c71-9657-91f0af317112,2-2,0,520845,887912,31028,200,0.29539570531105763,1350,36.3862982395923,desktop,0.5399984319894933,graduate school,1.0150222574755317,Other,0.38388305503661546,0.2743598016857935,N,2.3277115864829727,41846.73078955392
44b8d6dc-2654-4d3e-8ae8-d34908f2fe54,1-1,0,71606,754399,19700,371,0.8579973134421006,1178,59.29866736141366,laptop,0.7896103941660849,college,0.7988726099144051,English,0.5398706000458878,0.5128292491638865,Y,0.8453049343454806,42069.47619598571
089fc400-90dc-483c-907e-f7143fe77183,2-2,1,960987,481985,102687,279,0.4645151542600983,900,11.722582202948928,smartphone,0.3426802583800309,high school,1.1987776584280765,English,0.3125114114663047,-0.5073447023826854,Y,0.561258736985331,42228.02396251839
525bf1c5-7405-44d8-a086-43a65dd46da2,3-2,1,613764,577945,141503,295,0.6275166609965006,654,36.8118531429578,laptop,1.5920598922785043,high school,-0.6538963916663196,English,0.5571584513134539,0.24817805955074712,Y,3.683644521700599,45071.87278998333
b8f4ca6e-e390-464a-8d7b-7e81fcf0227e,3-2,1,364960,952301,84252,218,0.7246402811445118,312,33.60214662733872,laptop,1.1889603154116128,college,1.53842615814597,English,0.44496555080159883,0.511921936483442,Y,1.2330509097461795,43472.40891034995
6e1bdd21-d51f-4497-a684-654edc44a6c9,1-1,1,865593,873848,105541,330,0.34487886638268855,787,30.32789977650753,laptop,0.7938257308571501,graduate school,1.7106026091989692,French,0.5415198349462711,0.4333979660918922,N,4.056282577009812,45991.855831059715
c4d4c7b7-bbed-4695-b98c-0b5c48e29abe,2-1,0,954927,606567,85840,131,0.5104422905807935,962,46.056312192135884,,1.0694804943631566,,0.8736128479123212,,0.4138108026089174,0.19714478618035364,,3.5358148871060795,41251.729409173546
8e9004ce-deac-4c35-8176-a799b50f944b,3-2,0,523927,536254,111415,202,0.1498412328817883,568,50.62672679685134,desktop,-0.08433854250146378,college,1.6561426671140391,English,0.6226140735348813,0.8244716045881569,Y,0.8869062993117139,43807.431459063584
4aa80c95-24fc-45e5-b3c4-102653f15325,2-2,1,960687,885838,124411,235,0.23526842613049748,854,56.32783850584025,smartphone,0.38218983693486575,college,1.6391374449194807,English,0.496589143004532,0.5705258930253072,Y,0.9190422927853519,43691.721281213206
089fc400-90dc-483c-907e-f7143fe77183,3-1,1,789284,307685,11616,137,0.48309571602939466,1048,42.34874221853906,smartphone,1.638700086288479,high school,0.8690994150198211,English,0.5954260437132549,0.6274580697491844,Y,1.7416337328092133,45143.81993951776
bafce4bd-e4e4-4d73-8424-2a9343c52f7f,2-1,1,37593,232149,48694,375,0.3572552365119642,891,49.32118432774611,smartphone,0.02725547847982357,graduate school,0.2670250859016564,Other,0.38187614914233325,0.7584502412362422,N,2.745023977122619,43822.65920492964
7426e023-5833-4949-b5c7-457d0e2a29d3,3-1,0,951439,802547,130307,252,0.14588744797771003,1184,45.34833332130754,laptop,0.5149382591111236,high school,1.3772518148345283,English,0.6487837502827959,-0.2910484249346553,Y,2.382897135532315,44103.33760920117
c0906133-d1a3-492f-99a2-6e5a6c56f767,2-2,0,422157,615414,90955,256,0.4817116741443694,414,29.90408837550806,desktop,1.879249415523938,graduate school,0.8733496640140472,Norwegian,0.5997500693669651,1.0637123644476216,N,2.521443440841816,47615.217171432305
63bc2403-a08b-4c51-8b2c-01e6cbfd54d3,3-2,0,504501,704442,78086,345,0.6778476838689976,1185,17.8445606635384,laptop,0.5102755106398855,college,1.1653149025130762,Chinese,0.7437603022725435,0.42070774578141434,N,2.25560655831637,46062.53039776042
acbf370c-b970-4ac5-b1ec-4335a936dbdc,1-1,0,10396,483714,7932,250,-0.0025723082476413195,638,45.211648910693555,tablet,0.6804074602984058,pre-high school,1.1631290310000455,English,0.16072187607517763,0.9490253913139775,Y,4.06547764820758,42892.82989486366
6e1bdd21-d51f-4497-a684-654edc44a6c9,1-1,0,134980,326901,84684,176,0.5173364050724242,1201,30.28844210168719,laptop,2.0029152665198486,graduate school,1.7535220767969428,French,0.4186441435144446,0.7428453214896671,N,0.6081175517832358,43435.24817053791
422c02a2-c457-4a5a-83be-bc1fb038be39,3-1,1,301989,401621,47703,296,0.6428294281177951,450,56.40695559906986,laptop,1.183414648009773,high school,0.48747586579844926,English,0.4697660140282259,0.48765646219675607,Y,3.1572329333545452,45829.47675386291
30f84640-2830-433d-94f8-24d5a11d93c1,1-1,0,844762,188394,65423,170,0.32797003422790616,888,46.681727679621694,laptop,0.21616300873545014,graduate school,0.844729511754448,Vietnamese,0.28735111249146245,-0.2881720934668497,N,3.5666074784412727,44065.30937488183
71a4495b-b507-4fbb-b247-6be543b98550,2-2,0,611587,352860,131619,338,0.6232297815260965,440,41.496500278994624,laptop,0.39782445873568995,college,0.30663195472847593,Other,0.4111345604623925,0.08936307585363307,N,3.626110131580392,43328.28836040683
74103437-cefd-47b1-a905-d85399f681db,3-2,1,272861,475769,95370,354,0.4138194706402025,1182,28.45597605017238,,0.2619207152909069,,1.9378148244872577,,0.6030367880897483,1.520843208423897,,1.7859550016361645,48072.525077554565
34604f27-94d7-4af3-9b8d-7c9fa836e7cb,3-1,1,57850,463899,21125,284,0.3270940449330544,1250,40.52764055710328,laptop,1.5026119799794864,high school,1.2415273633168018,English,0.3949779558169751,0.6474065620667709,Y,1.1859449547967387,41472.4202497993
2fbeb59b-f93e-4073-8132-de082fdbda03,1-2,1,561688,776638,95022,299,0.7378511798493507,733,44.16643866484067,smartphone,1.282843071119068,college,1.02281523796714,English,0.5165824750129714,-0.16643393661994166,Y,2.380691249030182,39922.08785772551
5a403d6b-705d-4c75-aaea-443b79099f45,2-2,0,496781,407523,4972,365,0.3663210127029344,1292,7.470409550089084,laptop,2.254946604843581,graduate school,1.5080889494118805,English,0.5404952978725459,0.7162882433793452,Y,2.3684006380613787,45582.20045328057
7c73f8eb-7012-45e2-b6ad-2197ba40b925,1-1,0,672943,140707,51041,329,0.5090443900099207,879,22.973507466345843,desktop,0.9855032497272982,college,0.9373304583053034,English,0.1495501786011173,0.5537359554211454,Y,0.8319183838398068,46231.08523451418
475f8bb1-e661-4dea-af87-86ca2a261e7f,1-2,1,849442,368459,137264,325,0.3724176632114714,926,45.2944545792818,laptop,1.3893785913562677,high school,1.2205042351928161,German,0.4079123036693179,0.6631051084515129,N,1.5993219223603283,43647.179205386215
95cad567-beb8-48bc-9d49-b9f5b17eb742,3-2,1,27535,940727,55340,362,0.6812888154236811,542,38.4218844058585,desktop,1.3844843051244395,graduate school,0.13260367581242283,English,0.5418174444992864,0.3369314512577319,Y,2.9441912009042372,43159.41050784066
3657cc44-95b2-45ff-9e4f-a4cd22079a32,1-2,1,67783,265714,121716,300,0.45957095907203055,496,38.63958548823905,laptop,1.8692950920230669,college,0.7661025832925793,English,0.3580157673789948,0.5365749746964257,Y,0.5154690569206399,39370.49978306133
e7ea4b52-7611-4c90-905a-fd388cea9c0a,3-1,1,743152,934997,56779,233,0.8939208200484172,656,41.494288601528645,laptop,1.3167221042052835,high school,0.8113413942025164,German,0.36788697634640277,0.9465216570355623,N,2.226835475685726,42748.067469961
0d304788-a11c-471d-900e-323afd0cc99d,1-2,0,475808,569495,46726,213,0.6773860122264147,1175,48.698734496931294,desktop,1.4088892755212998,college,1.0632487920301064,Other,0.34089256750846486,0.955450399637906,N,3.0203036234866056,46485.14761080353
ad4c12c9-5088-480c-ac6b-07b6e44162bc,2-2,0,360635,280675,130317,290,0.11708932956791418,1099,28.862468565155623,desktop,1.0581681070484805,college,-0.1504781786622451,Norwegian,0.8123918916459905,0.2225448412619283,N,1.1091746421189908,45959.33180736275
621bf4fc-6499-4c5d-af7b-25ab04eeb70e,2-1,1,646265,972365,57072,140,0.19507331006079842,1236,51.437940129725234,smartphone,0.5974907265607912,college,0.6962048574621058,English,0.7371151077210284,0.7381288746569596,Y,3.479283443626719,44468.37421238569
8053404b-3274-4b36-a3ed-c3f4cff86dee,2-1,0,542767,588904,39684,306,-0.03990826510067469,810,23.132984437180603,laptop,1.1735928569125087,college,0.27378069324575405,English,0.6031703837828011,0.34799922399420374,Y,1.0021071086448434,41947.880128011566
6fd65cf5-962a-4227-b24b-b2ef6f590a96,1-1,1,394236,258163,4723,367,0.5837115367775415,1233,38.512170333168314,desktop,1.3402001616486585,college,0.08300814150536295,English,0.22335430551622648,0.7533065232607655,Y,2.915455386016172,42569.75169244502
63bc2403-a08b-4c51-8b2c-01e6cbfd54d3,1-1,1,309880,126211,142801,123,0.42721727755915784,576,59.90422609993318,laptop,1.6281565319099198,college,1.820839070486383,Chinese,0.7343726466056719,0.44659727140819594,N,1.4626521738239682,43920.41591157836
d816358d-20fb-48cc-8597-6ce3578251dd,1-2,0,316821,237533,42461,285,0.4827510606716118,659,29.959541808944557,desktop,1.5276678560687902,high school,0.5566331988609656,Norwegian,0.6271417343663379,0.7178664554377749,N,1.7558673522258137,40442.942669006334
b502be75-8bea-4412-9b7d-813e7bba3685,2-1,0,419269,207600,49933,367,0.5754920726454034,1402,44.687822255865754,tablet,1.0771314295515588,graduate school,1.7083149972595133,English,0.31424278020726054,0.005878570715624698,Y,2.5774282807608175,43000.13659259573
5fc65dc4-1722-4f54-bd65-720c734f2d00,3-2,0,736171,853857,530,110,0.43201893228003385,374,44.18809782875884,laptop,2.0569719861946885,graduate school,1.5997219257760817,Russian,0.370731423900228,0.2027730847864475,N,-0.6754675901643106,45321.96277817941
2de720d4-ef3b-4064-9437-2886a4fb5d23,2-2,0,110957,415724,132441,257,0.901398446251054,634,28.513257755471876,laptop,1.1793739770157976,high school,1.3640272932550856,English,0.18284070891480286,0.1697452177664346,Y,2.334080833140432,42928.808525591456
7ddd2afe-d9fe-4533-b32a-056360bcb4c9,3-1,0,119997,693510,37688,114,0.6275691537292978,998,28.458410478002,laptop,1.3548350702927028,college,1.23996108819023,German,0.5695332006357617,0.5699297712645314,N,2.398139443459635,46326.430597205275
e5afeeab-aaf4-4200-a67a-5ea0b861dee3,3-1,1,752487,286721,139636,132,0.31550610243006727,850,46.26122976000245,smartphone,0.6117743373524123,high school,1.0292307532659382,English,0.720394620813066,0.2863503761869862,Y,3.5654789958916457,46942.32741223594
fd573d43-4bb4-408c-a8c5-790b562841e6,3-1,0,839367,303072,22155,371,0.3077808238512936,1148,32.457350479503134,desktop,0.6877834043443062,PhD,0.020388479636733736,English,0.7822610798925457,0.4362912558716896,Y,1.4626070548915835,45434.284014508434
fa08b044-8623-4659-959e-63953534e08d,1-1,0,202093,431681,25951,363,0.35060284703513833,768,32.749242830744514,smartphone,0.6008152591741005,high school,0.20844742350581502,English,0.5723908608440349,0.3298705501450556,Y,2.2447090961646725,45024.96483628015
f0cad925-aff5-4a6c-a8f2-4a0eaeaa248c,3-1,0,558737,940115,128408,185,0.24633363929191038,416,40.66294918378757,desktop,1.25249697374216,college,1.1398476508913122,English,0.6776630122956803,-0.06266480807915653,Y,3.3169952742060884,42622.1576842699
3410fc57-2a6f-4350-94d8-800423702f6a,2-1,1,192885,837668,134490,353,0.5719752227278594,880,48.298277182228915,,1.080679389057617,college,0.2738486410203378,English,0.7159092845078299,0.4665003454777736,Y,2.0225114944383886,46403.390640020305
a7961f82-b7d1-4a3c-a0e2-6f03d8424b4a,1-1,0,284579,601024,127816,328,0.21633470092850793,1374,47.103266203646164,desktop,1.1360908689873666,college,0.5921066197370786,German,0.14308835797592212,0.029834021528786836,N,2.455453728905784,41718.91419521539
8716e0ad-f17c-4c46-97ed-2c9643a576b0,2-1,0,860605,412896,101912,150,0.35078110048022937,1081,31.32031827812179,laptop,0.4760062220279536,college,0.8319780463675159,English,0.3238609028163967,-0.027336735121689437,Y,-0.0780114033611099,45020.64621948565
b1a27fa0-3a9b-4b77-9c22-2f7ffd839812,3-2,1,134447,599895,60734,227,0.06504949016008349,795,55.372306816750154,,0.2201690607679112,,0.48521016978163856,,0.7845175379269096,0.15570718829304336,,-0.6072064630834477,44711.717394175044
24a6f167-5017-43b5-9dfd-891537602f94,1-1,1,147864,141402,24637,106,0.5521996612082274,1277,59.836810109257726,smartphone,0.7950352697764038,college,1.0399298208203083,English,0.47101095067979304,1.0183426763634165,Y,0.6558268908369318,43820.30809098386
cf8cc387-399a-46fe-9313-9f73def19457,2-1,1,83127,106402,98129,198,0.6246403486507266,301,36.70069189530007,laptop,0.8916475684589453,college,0.4552846034257645,English,0.7216127698977551,0.8919799037209724,Y,3.4822787818453635,38903.041236209865
b69f0c92-ffd3-41e4-bba0-8c129a93d2fe,2-2,1,19528,247285,69192,242,0.3608595506580563,511,34.61760597319848,laptop,1.308726259439836,college,1.379941959864276,English,0.8648573668916011,1.399584172627961,Y,-0.24281862571209634,46784.23519935759
b60fd095-b0c5-4946-ab0a-4901ce69f617,1-1,0,437318,534808,44164,368,0.25736193065471724,306,52.37307185886657,laptop,2.437473553931778,graduate school,1.2063128461895376,English,0.49091692108700374,1.2816178955964308,Y,0.6115559370460737,46773.93196673304
fa246754-e497-43c2-b08f-7b8daea1b410,1-1,1,335345,858688,61802,184,0.5490783498891296,1301,27.62496778184302,desktop,0.9418261587985247,PhD,0.4843416562382593,English,0.37845579563494014,0.42147027929549674,Y,1.4696960706726299,41070.006716386684
a77a0634-aabe-420d-8348-0a7372b161d2,2-2,1,220202,450293,10690,164,0.5337110255847993,324,18.33165000335346,tablet,0.6541156642844757,graduate school,1.3470773438477186,English,0.4404950889286249,-0.06686765437290842,Y,3.0090355409603937,43365.0020789424
63cdd570-1369-4f2b-9090-d5b6255c51d2,2-2,1,799469,408031,48813,149,0.6866182883801748,1052,24.70915869403099,smartphone,0.14239064132983004,high school,0.9836756188030523,English,0.5724843795509935,0.31990213746163204,Y,2.197390273486621,43927.402133389936
8d488770-dca3-4c48-bac8-af2e74d1dc4c,3-2,0,436481,258039,137323,379,0.5138333297789371,742,20.46507116939994,desktop,0.19972488082140138,college,0.3357655356245657,English,0.6041261626744813,0.08633566552658178,Y,3.005766591868314,44035.32991551326
30f84640-2830-433d-94f8-24d5a11d93c1,3-2,0,593286,309068,51172,215,0.41768732793347646,400,39.70827739343582,laptop,0.4095088428600796,graduate school,0.5735243537111516,Vietnamese,0.7936422104873422,0.4549214801128211,N,0.08787290619763155,45999.73867727354
20707557-d86f-471c-bd39-ce12b5d290c3,2-2,0,903611,909232,33434,315,0.6973880631268075,537,32.19936268541488,laptop,1.1331288558269175,college,2.183684587474904,English,0.349859331228354,0.5070777912799261,Y,0.9092982221857664,46090.98288191095
b69f0c92-ffd3-41e4-bba0-8c129a93d2fe,1-1,0,72277,843738,50675,326,0.03661391773286671,1060,37.19552650224568,laptop,1.2920436437309277,college,1.37899930409215,English,0.9365922348638431,0.5500788557452839,Y,2.3108023014176178,45674.15494312258
e893554b-e41b-44f5-9247-2f1b1ca49f52,3-1,0,949962,276347,117714,330,0.4742717403595715,633,41.14152927928121,desktop,1.4935130987683678,college,0.9696246873737163,English,0.38476288588228325,0.1859845058100486,Y,-0.7991604711288631,42624.364064770314
2fbee4a6-4fd6-4fa0-83b2-b180fee815e0,2-1,0,860570,862218,6476,325,0.6655678541019006,1226,23.098125610445017,laptop,1.3398909524887028,high school,1.1348526036783482,Chinese,0.5265661186666784,0.0833233551300872,N,1.8733574318435111,47395.32902200294
5a403d6b-705d-4c75-aaea-443b79099f45,1-2,0,406975,476297,100679,229,0.44312334279914356,731,31.05497639013344,laptop,2.214580601725059,graduate school,0.9831566538881956,English,0.593426139025156,1.0349856939470716,Y,0.11197116208568625,42870.90257275277
dfeed816-4de9-4be7-9ea0-775157c7bd76,2-2,1,7779,833836,20014,315,0.8029306615647485,664,38.91018158891731,desktop,1.2070486098520936,PhD,1.3069716947699823,Portuguese,0.09960486596520612,0.0843775306792055,N,2.505072833113678,42757.40128751633
540ad2c3-6798-4093-8f1c-3c3a0ea94ac6,2-1,1,780518,774584,15688,243,0.07744618203391185,377,32.60804237414838,laptop,0.5890648829295231,pre-high school,0.6165029015572928,English,0.5896920312132182,0.7545979654749158,Y,5.0520299951366265,45478.046990916024
adec7fbd-3153-4612-846d-2a4183f03202,2-1,0,487885,209684,139905,145,0.9614266638848963,1348,44.18067460289854,laptop,1.2239061669702238,high school,1.2626736679543114,Chinese,0.29065762891937175,0.5840492390895033,N,2.8709601678411514,46270.58098487702
c0906133-d1a3-492f-99a2-6e5a6c56f767,2-2,1,563190,833652,59517,270,0.38014586895513086,296,40.31154687592294,desktop,1.7674823190031483,graduate school,1.1557364090230053,Norwegian,0.32504654253795695,0.49498783047067796,N,0.5954488532937852,42830.75372517193
f50cdb0b-d082-4ab1-b5f9-17fa8540795c,3-1,0,1012969,770839,65132,113,0.7324808539134514,340,41.44938896848889,,-0.15529984555735532,,1.3137025478411672,,0.1491376482924015,1.0475829325667165,,2.4768357349528616,44181.70548774168
9fa1aab8-97fc-491c-804a-f4676c40ea0f,2-1,1,345565,139171,62929,114,0.17621644919741625,952,27.584002567276485,smartphone,1.8429178245966062,pre-high school,0.7638768322573751,English,0.22521565980492608,0.064854103358027,Y,0.3661068256499742,41513.71213970499
5fc65dc4-1722-4f54-bd65-720c734f2d00,2-2,0,396967,545738,56962,374,0.4317136163871481,497,21.28093044212254,laptop,1.8476634988272842,graduate school,-0.016563017925288914,Russian,0.5715071581335756,-0.05721740282671661,N,3.448454086273707,40910.40775476365
a7961f82-b7d1-4a3c-a0e2-6f03d8424b4a,3-1,1,435554,740175,48746,209,0.5940418962691154,1337,19.706262305013293,desktop,1.7363061938510183,college,1.0682445119363857,German,0.2122288366693157,0.6201771176400059,N,1.399411235891825,41973.680558261425
8672882e-46f5-44a6-ac35-bfedb6323e69,1-1,0,528302,87188,48831,363,0.6370876264097092,670,22.637930260863563,desktop,1.2749379463896235,graduate school,0.9951855807696216,English,0.4738932285285812,0.06768610062900793,Y,0.7855530874038571,44774.174723958895
94d5ae9f-66ba-48f2-93d0-19cf5aac6a3f,2-1,0,897880,941286,3311,326,0.7466023159229905,1327,18.414843577672784,laptop,0.7519850247553782,high school,0.6481051927199107,English,0.6568875072135443,0.5641081343826777,Y,1.4077205120940184,45259.5630375376
79dcc136-af62-41a5-a697-40d9b8f68d3e,3-1,1,111185,396215,111394,141,0.49526467962051546,563,47.83002121131242,laptop,1.477673601256778,high school,2.708862727275725,English,0.49679964258162324,0.43724169575586486,Y,2.073121430291519,43957.71423164074
6aa0c48e-1055-44d2-9d58-385715962733,3-2,0,945678,259690,17797,263,0.6519910051958175,341,52.90627553626136,laptop,0.8390090291439466,college,1.2680908904421662,English,0.4007810096392208,0.5016670447116178,Y,2.800580790117867,44234.72422901722
1807eb20-6d3a-4efc-a8c4-8901ef1fca5f,1-2,0,814736,434136,130153,219,0.6440321883160209,1048,-4.089009178500888,laptop,1.56945797583802,college,0.4599031786353003,English,0.8055369570213204,0.04629070934267143,Y,-0.5236827107639086,43273.174585540546
f67e5c09-d2e4-47d1-9df5-bbf2a9c7765a,3-2,0,101534,527280,2108,114,0.7094908818719285,733,58.404460543037175,desktop,0.7605606643986,professional school,0.3937275491904283,English,0.48826120970799003,1.1238542450310722,Y,0.15690982725712743,45862.516669857345
001d6664-0e5d-401b-bfd9-c2985739e2ca,3-2,1,587788,495749,24355,134,0.21323974358604453,563,35.550469593793146,smartphone,0.6872653665266313,college,1.3810414808433324,English,0.521999685378616,0.47542090699153833,Y,0.37831174396205247,43063.94854542483
a77a0634-aabe-420d-8348-0a7372b161d2,3-1,0,511150,232958,28055,308,0.5304430264926361,1215,57.49362710435177,tablet,0.863460438166803,graduate school,1.238142748566137,English,0.24927125752756146,0.5883185710847799,Y,2.8206513275249256,43815.00578889403
ff595b52-47c0-48de-a732-ca6f366d3dfb,1-1,0,493230,543179,115987,251,0.2135216181193968,1359,18.632606454549347,desktop,0.5838719892952959,college,1.2371965738189399,English,0.33243086255042903,0.7506754968880012,Y,2.341782718970696,45648.13889217771
4b19d929-d5f9-41df-a9d5-4176d450e799,2-2,0,610721,896494,32489,188,0.6547354647618853,798,19.65699177581746,laptop,1.7334306233726384,high school,1.5388518571130083,English,0.5789145766527144,0.6105722918717137,Y,-0.7929866033516175,42883.96409376906
cfee68d1-90c7-403f-be8d-bd8b7abc1b67,1-1,0,919166,606056,132817,241,0.22925592246445098,1370,44.28490795068765,laptop,0.6024819980937391,high school,2.168066346741519,English,0.5277736870179437,-0.24612297799134664,Y,0.42645387754477126,42588.88646399234
05407942-f651-4129-adc8-541378ce6ac3,3-1,0,699086,988971,33636,352,0.3960611187698967,735,37.84600652915843,laptop,0.6916180433854568,college,0.7948739789756578,English,0.8879356325453871,1.4351384138234757,Y,1.3964660338648947,45335.51587771015
4bf66c16-79cf-49d3-a150-110237af0243,1-1,1,1010640,173758,122369,240,0.5887809945467763,707,22.65863733004185,desktop,-0.197730096958868,high school,1.4010239489948701,English,0.7683254886198967,0.6936622872998369,Y,0.2739681857332452,45030.05827216397
a75e076f-3028-44a1-af60-ca3b3bcaeed0,3-1,0,829007,242503,79044,342,0.018396282421165755,515,29.979591574130282,desktop,1.0590944736008572,college,1.4697129106123046,English,0.48923001612193745,0.3978649895429015,Y,-1.3292331803061725,39862.244299724785
28c7542a-c3f8-419b-80a0-8f4c706e2c61,1-2,1,742051,668847,31697,143,0.7993390996967259,984,25.685228396531365,tablet,1.0166869692063094,high school,1.3986523159872082,English,0.5062823590832942,0.28405449787409076,Y,1.6103558910145184,46049.056475473255
089fc400-90dc-483c-907e-f7143fe77183,2-1,0,205594,394014,61543,209,0.5508303196114184,1043,17.533788233645367,smartphone,0.16342479083784966,high school,1.4429332984745802,English,0.6997561341647182,0.5496773922063924,Y,1.1050602924634574,43311.13514677455
410395ad-1f39-4a21-93e9-298afee5d7e1,3-2,1,977027,908571,118312,242,0.49983093714501553,1413,28.778682527059473,smartphone,1.527654753050098,PhD,0.9130966447876835,English,0.3669234934818018,0.5687043644960116,Y,2.4143675906747433,45557.59645257489
52094e6b-59e3-4905-9151-73e21750879d,3-2,0,649558,57911,2257,250,0.31502928843287625,457,45.558243373486164,laptop,1.3573743599027854,college,1.7351366821157552,English,0.45471291760620824,0.4120241272715411,Y,3.071373098587422,44775.59459255154
a8d07b3c-a7d4-49c9-b2b9-07c268f706fc,2-2,1,233713,649991,85838,125,0.3577141724010497,520,47.07693999307834,laptop,1.4220002125442313,college,2.143785212592673,Other,0.3366739495817863,0.7886408935296656,N,2.722139172853433,42954.98893881931
9ad793c8-00ee-4105-85c4-5e9513b219b5,3-2,1,359929,45489,140212,351,0.4191621187785898,1255,28.030158795358233,desktop,1.5236249658603174,college,-0.12286296497941218,English,0.3763870514362174,0.22701516556226026,Y,1.8326226861955688,44637.13740805542
28836691-af28-443e-9b0f-aa6a75dd4f43,2-1,1,972088,107445,110474,139,0.9173031153525864,1411,29.986191613640468,,-0.13286259357730779,,0.25180786995622584,,0.33279611016314825,0.432085912884648,,-2.0445412475756366,42265.548297751695
49ed1805-bfda-406e-af15-31507cb3c5ac,2-1,1,599413,835045,29763,135,0.21249650834244505,1073,30.936224721707447,desktop,1.0892619430439052,college,1.4018955456909203,English,0.6665202360145731,0.32084143379585794,Y,1.599343450116954,44250.712877214435
45d0a062-50e4-4bce-b410-65ce05905a22,1-2,0,470508,317363,78745,358,0.4498179909817926,462,35.22009059082268,laptop,0.7781175050327059,high school,0.7447061180328516,Turkish,0.5999591959086414,0.09795576589286181,N,2.3850574820162818,42232.22902285378
bdd0644d-d39c-4f9f-b351-42085d4174c4,3-2,1,124388,354074,8230,310,0.330142328215277,581,34.29010319139554,smartphone,1.4939013771517657,professional school,1.3984271042205607,English,0.6998427931872749,0.9766366784614504,Y,1.4011415204610405,42447.30983205388
fc06986a-ae94-4241-b930-3b90075bbcfb,2-1,0,122228,256838,135400,221,0.11154677064190954,1098,47.63848592288744,,0.9540319994454576,,1.141474417397639,,0.7177231835335034,0.6755903440277113,,0.5262384143144132,41328.04283350063
e1f48355-1636-4f4f-8966-a26d86a48b3d,1-1,1,641644,450674,30444,207,0.5139645397860367,1165,52.46969765993768,desktop,2.085792922654636,postdoctoral,0.5661226285795538,Italian,0.4796360339478465,0.9178881799192319,N,2.452530023038526,43147.82351143841
71ebc1ad-ebc2-4c5d-bc77-e372bc1b0159,2-1,0,923673,242541,114394,129,0.24711145442196503,1229,26.863049689883404,desktop,0.8156062888196494,college,0.15016135911415507,Italian,0.5934371585601369,0.24038955303358533,N,2.1564559310873257,46942.128870760906
9fa1aab8-97fc-491c-804a-f4676c40ea0f,3-2,0,1018750,1010917,77448,242,0.23352797675704678,394,26.19176295712772,smartphone,0.6256146919228153,pre-high school,1.4433313548706919,English,0.7223546140070445,0.5910485260293331,Y,-0.9089517606776822,45115.96371321678
6111a8de-8e09-451b-b8a9-ff41d2c985e8,1-2,1,840822,848794,1298,307,0.6033884240332529,720,57.495515805635414,laptop,1.2368220269533337,college,0.8786268708288177,English,0.5237482102346819,0.3286146654670052,Y,0.8993802359280806,43267.487346359725
63bc2403-a08b-4c51-8b2c-01e6cbfd54d3,1-1,1,742332,15110,85172,313,0.6962619574446172,1439,31.85662902160388,laptop,0.4653179743258077,college,1.3713394398620433,Chinese,0.5346910389279397,0.5405665819000486,N,2.862766816464509,43755.827034543756
db095ce6-bb12-4f37-88e2-d9e76be1b021,1-2,0,962855,304243,94562,153,0.6829998484246366,584,37.916867085452424,laptop,1.9547002605495685,PhD,2.1085980093442176,English,0.6153998876270826,0.5610454206613045,Y,0.01832156756449188,39972.45268791596
adec7fbd-3153-4612-846d-2a4183f03202,2-1,0,158725,713467,63326,206,0.7171751104063449,347,18.11267636087815,laptop,1.4582123930601483,high school,1.080825634808354,Chinese,0.6270471291053056,0.7086050996571979,N,3.777244944846763,45463.2695803034
020bf19f-ab82-4c2a-8fb3-fbaab33412fd,2-2,0,920166,601989,92912,360,0.5373864731203994,1352,45.38205310993105,laptop,2.0565300528729638,college,1.4126515390888887,Russian,0.5260507201740678,0.13301915816043353,N,-0.5360828699168776,43551.45119822367
9d35cb65-f33c-4a81-bcbf-a794582e6691,2-2,1,423568,606025,41829,156,0.5842320516145487,949,31.231386499323676,smartphone,0.18400090191049445,high school,1.1616925567779326,English,0.6187010158699978,0.527537942043261,Y,3.7258826450733578,42903.108907319736
ea2dec1b-93f0-4fdf-abd2-49c6087d3b5b,3-2,0,717454,170096,137060,290,0.5197239221346599,1417,28.518736598685585,laptop,1.5428710234387135,college,1.998030340554433,English,0.32865010459550054,0.8516703244089527,Y,0.9824759637437581,44222.158293851164
e5afeeab-aaf4-4200-a67a-5ea0b861dee3,2-2,0,521567,978947,54114,269,0.42562166412431623,887,31.8133391188157,smartphone,0.25871461450539557,high school,0.835183724658922,English,0.8526532308405609,0.2899991778426625,Y,2.037874583015919,42605.13386945193
55ceb008-47a1-41ef-82f8-5527e474f4bb,3-1,0,283408,424585,121781,263,0.1553093720091026,703,12.596881756179489,laptop,1.7333990878490182,graduate school,1.4839305714394102,English,0.6691178315178168,0.0822034933859383,Y,3.630183991656031,43452.57017991592
b90659d8-9551-41ca-b0f5-deaff4b679a5,2-2,1,58304,990435,17027,173,0.5232508402311676,793,45.10616122746301,smartphone,2.1058535777769123,college,0.6967120645781733,English,0.1292277288987973,0.9982391939477568,Y,1.5697393993323683,47767.86625381392
86fc00ec-2ecf-4b13-b031-7de5b98c4716,2-1,0,110989,684259,19148,239,0.5287547532286156,1084,27.927980699107813,smartphone,1.2233018123206023,college,0.5978070637709672,Dutch,0.5733079127504301,0.47841708740738237,N,2.0992234981506854,47118.01737839472
d5474dc4-83b3-459e-8435-aab6eb356a3a,2-1,1,999271,431811,130774,289,0.7489785311360866,1296,14.31561942805208,desktop,0.5404535144150544,college,1.235290580550494,English,0.20352956173553705,0.3486650455766789,Y,2.307311447609753,43727.6552667157
3979e883-9ca7-4771-a299-0d6a366f1a60,1-2,1,855534,468202,45527,132,0.5131756251199969,999,12.339130980851852,laptop,0.6898869369955845,college,0.2746203817701207,English,0.9413484438917805,0.14656316085614346,Y,4.321676550595464,48635.12145348403
be165b4d-f223-4403-9d2d-d186464c7150,1-2,0,606528,958617,130160,177,0.5287243056884203,1175,37.52007323309838,laptop,1.9631840168189578,high school,0.5253349995332509,Norwegian,0.40457831880216033,0.8794317231087151,N,0.16201558208903455,44439.92476783346
49ed1805-bfda-406e-af15-31507cb3c5ac,2-1,1,364382,854132,109351,263,0.9438630298716908,1338,13.571701482752207,desktop,1.0456061898536113,college,0.319395226552337,English,0.6583920579405584,0.6345326347078166,Y,1.7486441662035968,45699.92295586705
8e023aef-67dd-4d6b-bcf3-b12c776379b4,1-1,0,691616,618580,40093,335,0.4599236164500704,410,35.916728807837316,laptop,1.4395704159077412,pre-high school,0.40259038323388274,English,0.4999242312087831,0.3717102308940384,Y,2.081406728470934,44641.85103241703
27b4821a-e017-4740-b5cc-429d50c88f5a,1-2,0,760218,665155,66074,199,0.5553434244455049,930,56.27207102824461,laptop,0.8723157793155064,high school,1.487290566324129,English,0.7994076788741846,-0.30630265358295594,Y,-0.18194340082795257,46015.58814754806
471fa2d8-87bd-4cea-8ef6-6c24af87fbc7,1-1,0,373766,529243,82298,284,0.5529390498443325,1275,19.041186333037505,,1.030780215035883,,0.7266374262049006,,0.39146933466977607,0.5323470287982435,,1.8073199163827036,43653.16079723131
e15bc5a6-d4de-4e87-a1c8-e21fb441910c,1-2,1,721505,775687,14651,375,0.4923064938488909,1000,44.981011742704865,smartphone,1.3823338105392136,professional school,1.56738964085166,English,0.48049375845553466,0.7681287217629802,Y,-0.04635833464637007,45983.27979079043
a7961f82-b7d1-4a3c-a0e2-6f03d8424b4a,1-1,0,539644,10490,24783,231,0.35092992746093554,1394,49.5982302581748,desktop,0.49207476760840907,college,1.2475357598332042,German,0.7067157142973693,0.5994221937202854,N,1.6376980115542366,44874.84861027862
276e0af6-a9e3-4de0-8f77-6dbf7f9e3c15,3-2,1,910423,362628,18939,160,0.606441461328719,1139,41.107567777820734,laptop,0.4787769844393842,,0.1261227057673332,English,0.608632990337272,0.4436701521379271,Y,1.9920429831697795,45477.00824038058
fb6a141a-25cb-4495-9b22-48bc79dbd24e,3-2,0,255926,129671,23425,197,0.43602370332265084,1109,47.7779992676509,laptop,1.6525267139604303,graduate school,1.985262543711415,English,0.659830995619002,0.7682828878516157,Y,2.7401890772946684,47211.20797135122
03f385b7-6b1b-4549-95f3-1d999b1df64a,1-1,1,740139,949717,134989,340,0.4857940918266672,1347,38.34633738257675,laptop,1.9538322398973254,high school,0.09075827661902691,English,0.5890806385951429,0.744910287080727,Y,2.3393724147236696,41959.83544538192
16d93a7f-b378-4f6c-ba62-8e7479afc2d3,3-2,0,809356,881366,95995,171,0.7292470355937817,520,50.66171424055154,laptop,0.6033088370247427,college,1.8447842791960274,English,0.1719488401028076,0.12231234065690116,Y,2.5953298813662715,45460.10236853911
fc06986a-ae94-4241-b930-3b90075bbcfb,1-2,0,801774,50706,122362,258,0.2027691307024786,547,27.525417801930224,,0.8894606334708003,,0.29925642389654983,,0.3896403514665199,0.7957855649383985,,3.407403212777526,44039.31391513617
b90659d8-9551-41ca-b0f5-deaff4b679a5,1-1,0,303270,81350,46249,208,0.8952460034295746,298,32.6574133761437,smartphone,1.4800825756742304,college,0.8862990134206366,English,0.14500222141258845,0.04141879550196553,Y,2.346464528723339,45966.11479719052
485838c8-c7f2-4591-a8d8-7896e1327b7d,2-1,1,714747,377762,91455,242,0.6997668735450592,727,53.75698550964579,laptop,0.572988678934238,college,0.15665437857871856,English,0.40688185109390596,0.49038499940207636,Y,2.2456184282824334,47440.74858658403
540ad2c3-6798-4093-8f1c-3c3a0ea94ac6,1-1,0,137952,642746,79404,290,0.4745198253426586,1418,51.343301738906476,laptop,0.2584299991398433,pre-high school,0.4174282581990617,English,0.21726434335194716,0.18889392666742982,Y,1.98845875951306,42332.89589957228
902669eb-08bc-4e32-8e29-a4c99c57072b,3-2,0,999273,901977,81525,141,1.084839639213552,772,37.51925577270324,laptop,0.9878423434294025,graduate school,0.3233255848962737,English,0.4070257919985907,-0.06080527967258231,Y,0.5982966329563306,42912.03343738851
0befef59-998c-41d5-a028-cda46345a259,2-1,0,501778,865709,36662,343,0.4983229635593561,548,44.41705232969727,smartphone,1.7142893119093259,high school,1.8559568069182846,Other,0.5242509558276068,0.39049100238211487,N,2.820578820540705,45420.49073410528
591c5b25-b236-46fc-9796-d2e943430115,1-2,1,298951,467874,5151,228,0.2482761112840513,1323,18.526906916548928,smartphone,0.7205404677907601,college,1.405208314875162,English,0.42568994863310233,0.42343427945038237,Y,2.296923159434494,40501.8938072832
276e0af6-a9e3-4de0-8f77-6dbf7f9e3c15,3-2,1,916395,518801,1940,332,0.8317453257301384,1131,45.44294550285449,laptop,1.0992786769424907,,1.572688306124212,English,0.29940165328079577,0.24636173609110973,Y,0.6358965041520381,44646.64070155812
9841a311-d989-42d7-9ea6-f5d4e981c98a,2-2,1,884575,73890,15525,187,0.8393737892089339,841,32.75981494664201,desktop,-0.025170705668876137,graduate school,0.9369949635665826,English,0.31570553682123814,0.23931749232248228,Y,0.6984444074527492,45533.32287425176
76d25023-7920-4e91-a62e-db630eb472c5,3-2,1,399390,913497,60004,187,0.5650998169397897,736,42.06322469709504,smartphone,0.48293302319847675,college,1.0196357689395632,English,0.5436772697420957,0.5184826483104134,Y,3.106690847461362,42654.77725141549
6aa0c48e-1055-44d2-9d58-385715962733,1-2,1,243367,195208,103371,127,0.7476865623495665,562,22.739529367061,laptop,1.282712898916012,college,0.5734241379854523,English,0.8106601807183502,0.20152649306386106,Y,0.8885886741699696,45138.08636003666
db4b8bab-f58d-4d9c-ab15-18335ea4b16e,2-1,0,424254,859892,127861,137,0.7817472767703666,695,45.331970185540996,laptop,0.5292495991297292,college,0.8028926003798965,Other,0.8658951267567767,1.159007220004007,N,1.066183403007715,43784.933582960344
6aa0c48e-1055-44d2-9d58-385715962733,1-1,0,880646,158300,44067,168,0.6546986354336723,442,35.60920774826866,laptop,1.0923648807341593,college,0.6737838109599641,English,0.3369484108223386,0.30149234298714256,Y,0.5634981654560083,45479.690305737335
7c57c624-9ceb-493f-a5a1-f4542209969f,1-2,0,782124,604057,83598,331,0.8884641604502634,422,36.044132384013814,desktop,1.055946695062026,graduate school,0.06785895040899803,Other,0.5718864766723044,0.36828721355608224,N,4.23623220432372,42865.76587558512
f67e5c09-d2e4-47d1-9df5-bbf2a9c7765a,1-2,0,936182,508661,136053,319,0.6482785245219524,1099,28.67477496807613,desktop,0.9157320140121947,professional school,0.5019594291278684,English,0.655556441463144,0.05673517912977821,Y,1.6462043758277947,44211.57994969914
422c02a2-c457-4a5a-83be-bc1fb038be39,3-1,1,989974,608128,72544,219,0.5561048262086796,329,21.220801319839936,laptop,1.8415320808211857,high school,0.6766635891776485,English,0.5144763584658867,0.2646509266476334,Y,2.4035804654372295,41031.53457792547
74a79217-122c-4027-92e4-05a4e5fb0b4c,3-1,0,423006,987839,63446,107,0.31142775703344816,1253,47.98401379545568,laptop,0.4311917680587639,college,1.0023914053123402,English,0.5455428508165016,0.5354088523157522,Y,4.116894933119859,41687.780982117576
80377a90-a6d3-4092-ad16-1615a6f024b2,1-1,1,212103,44669,39804,300,0.16755351783881578,1082,21.26166393668788,smartphone,0.16966691629314123,high school,0.428631730612002,English,1.0080385719667746,0.6882817499853359,Y,0.7834525832222087,43753.34717165594
4a348423-fe96-4fcb-9b2d-f32161971b4d,2-1,0,662232,663061,58698,321,0.7106427695363614,622,25.033010508425868,laptop,0.6616091484231796,college,1.8529774858136827,German,0.17958033449377703,0.5785647825638238,N,2.680002072276076,46137.99589265337
14d4cd1a-7cba-4495-91d7-47fd9d0990e6,2-1,1,570059,229058,67994,118,0.6629741704230699,691,22.119424017955836,laptop,1.3795021520898336,college,1.0786487028989584,,0.5609448777265182,0.22637235548511614,,2.8268037669471413,43696.53912244679
4b19d929-d5f9-41df-a9d5-4176d450e799,2-1,0,737918,555657,30701,150,0.6406654346294873,770,37.96840717843021,laptop,0.7616421956229343,high school,-0.06606094248343708,English,0.4014381696086151,0.8755974978546935,Y,1.4667150994969766,45268.33966548186
5e3b5968-8333-4c18-987b-b413b916f904,2-2,0,918311,241073,74437,359,0.5169066116595334,916,27.78758904304682,desktop,1.4725763903850235,college,0.9411977490248928,English,0.5218853024381517,0.6163501697003431,Y,1.069622345286033,44398.89827497784
ff3d06e6-c5ec-4c24-87dd-0dfc42864aa2,3-1,1,194318,368932,25836,284,0.6317788567599188,1334,38.46103460337666,,1.4856710856738855,,1.5667543509498134,English,0.6488149705507494,0.4460068635824712,Y,3.3639771851994125,43459.03546589121
9d234aec-32d0-48e3-8160-e228d2816978,1-2,1,106950,856814,92561,298,0.26465329586343955,1067,37.7026030924205,desktop,1.1104933824410068,high school,1.8928037337198615,English,0.6255123634687239,0.6585997676601014,Y,1.8117274261891627,42860.935207510716
7a5fe584-0426-4d55-b8b9-782fdd635a86,1-1,1,459177,251006,8086,146,0.23844186510631254,898,36.81010662050175,laptop,0.3759863961246602,high school,0.8001431801395463,Korean,0.5767767618173711,0.34203912976527107,N,3.9793920499157536,42818.377063419
ad4c12c9-5088-480c-ac6b-07b6e44162bc,3-1,0,976108,299489,68402,319,0.580453729061095,1340,4.169108665312773,desktop,-0.0074687948351721545,college,1.0020388350014606,Norwegian,0.09677598464475667,0.1932009603273142,N,2.0989638361241667,43986.29029028799
79dcc136-af62-41a5-a697-40d9b8f68d3e,3-1,0,975553,264916,69050,298,0.636319526865434,967,27.42878128741164,laptop,0.47620987863874975,high school,1.3561051385032137,English,0.4937922946321373,0.35302564220950233,Y,2.3873127461245423,44887.47298114818
e1205048-076b-4e6f-a4f1-23fa25931539,2-1,1,29206,35041,102074,129,0.7536966160680223,980,28.603845932237114,tablet,1.5603874001113893,college,0.6253755638498646,Russian,0.5608880593000154,0.5498638146305568,N,1.5161891264920964,44797.76378136634
93ae865d-c378-43e3-ac66-f429add5f358,1-2,0,274992,225275,23418,332,0.9567924854716242,310,47.69830114701326,laptop,0.7775546939414373,college,0.5057773378618629,English,0.5874004649604865,0.6209499640488956,Y,3.111707611234929,44533.54295200833
7c73f8eb-7012-45e2-b6ad-2197ba40b925,2-1,1,12018,378493,195,187,0.5488523711744675,650,55.57741478818012,desktop,1.3597548483757,college,1.8588577464310174,English,0.6028173432316057,0.4189310849461344,Y,0.6146672999064828,45877.95447616123
9bf41690-b2cc-4709-964d-7c21b856bbf8,2-2,0,577111,445558,122603,145,0.7215613961795981,696,27.575088098470147,laptop,1.3044955005287175,college,0.836338750960727,Romanian,0.5612703314186862,0.78294490905531,N,0.43113586805624604,42728.61563029886
cfddbee4-d7bc-41a2-b2d3-a6380269d199,1-1,1,750190,341389,28461,288,0.8475090577894329,891,38.37824194267523,laptop,1.2810657776902186,graduate school,1.2883200742770957,English,0.28899721274148077,0.8321533881776988,Y,2.7542785101674885,41116.64811073685
94d5ae9f-66ba-48f2-93d0-19cf5aac6a3f,3-1,1,420337,220767,78099,274,0.023339362360872806,520,44.167165663306015,laptop,3.172264343225825,high school,1.0874884987851838,English,0.6005135689749606,0.5012526663725232,Y,2.523431797526543,44199.604627274086
f01af761-d426-46f0-ac95-33b120cf9e23,2-1,0,534565,27062,84393,250,0.4661610487408352,974,34.182165040081436,desktop,-0.17362341794257286,college,1.1965428747293652,English,0.7376779472194368,0.024160592078799448,Y,2.856873647537502,38385.614050422104
9ae62339-ac5d-4e6a-bcad-c0235c043cf9,3-2,1,252611,230502,131624,252,0.4295755930658054,608,35.09009302451675,desktop,1.5044762676467487,college,2.1614097670485855,English,0.6607231836839897,0.2012018106483186,Y,0.47197643577701287,43333.67233666941
902669eb-08bc-4e32-8e29-a4c99c57072b,3-1,0,97496,185060,119819,364,0.6645704256693914,1097,68.42378678590973,laptop,1.774784302049207,graduate school,1.572950453232973,English,0.632080294075533,0.4313806506241226,Y,1.1492958444074923,45372.40934136039
bb13e1f2-6905-4fb4-89d7-e517633755b5,2-2,1,538081,317582,123677,245,0.8937126566395199,293,42.9504572683507,desktop,-0.12537273310288688,college,1.3597208840226223,,0.5773095901595483,1.3702860428992552,,3.4219160160260866,45504.00744420603
8e023aef-67dd-4d6b-bcf3-b12c776379b4,1-1,1,146315,364566,8234,144,0.5467825988351573,540,8.722711037949704,laptop,1.1656828525648284,pre-high school,0.8741289596249273,English,0.7595073986883158,0.5833579215052377,Y,2.2739873946143008,44393.41398796984
2fd402f2-0a6a-46bd-9f79-244f46b106f6,1-2,0,456276,659693,78611,364,0.8560752998099979,747,49.05985197010822,,0.9560111869375565,,0.8540187875684784,,0.40448437244415925,0.34238929393179335,,2.9383603371036697,43142.76239328373
ad72ff21-0001-4c71-9657-91f0af317112,1-2,1,144016,806400,120251,330,0.7602534762094308,791,17.156840154957,desktop,0.6474946375004569,graduate school,1.2382773558983569,Other,0.43034080141893694,0.22559350732229733,N,0.5070109517000623,45487.691465941985
30f84640-2830-433d-94f8-24d5a11d93c1,2-1,0,725180,133088,3399,239,0.7112940694140367,1255,57.809691062975176,laptop,0.6431579616038421,graduate school,1.4347491854762793,Vietnamese,0.6482556578905443,0.10558453974413212,N,2.3843507050330714,44648.369447190395
123cbcaa-5ea4-4b59-85fb-394a9549a516,3-2,1,680605,239521,58695,149,0.38401589056453056,904,41.665139199208014,desktop,0.15393093568009264,PhD,0.7270293276520071,Romanian,0.6026724874934748,0.462260408328533,N,0.19737863485659113,43675.29599057168
884c8fa4-f6a9-4e37-a9ab-652c0f26d668,3-2,1,92819,369783,18875,149,0.24584040008767627,843,53.178339475164606,smartphone,1.3706031523901339,college,1.1504985118371975,English,0.36138468183181127,0.3184790005042207,Y,1.485523113080165,45672.63802981112
74a79217-122c-4027-92e4-05a4e5fb0b4c,1-2,0,177121,302661,113410,140,0.446223608233622,567,47.065130757857304,laptop,1.0131975325934974,college,1.2260744618643789,English,0.732172881276609,0.3072630253271169,Y,1.5689774416591407,47508.356829767734
b95563e8-9d70-4aee-8c29-b2d677981d92,2-1,1,431239,259867,114932,112,0.34786903059631147,880,46.541896706430784,smartphone,0.6160214457948879,college,0.8575969515006479,English,0.7019090162474493,1.226474023384784,Y,3.9860849807349514,42951.23564734414
b8f4ca6e-e390-464a-8d7b-7e81fcf0227e,3-2,1,9627,583086,85969,210,0.2171707423450127,1330,28.620773635404067,laptop,0.7751079126831598,college,1.1434110790344318,English,0.34306763895557774,1.330280458242762,Y,1.7788229501427149,42967.695828942444
fb6a141a-25cb-4495-9b22-48bc79dbd24e,3-2,1,218506,575036,102351,113,0.4235701283799531,981,26.052786895191776,laptop,1.8658681795664416,graduate school,1.0417245588572508,English,0.5269722248919871,-0.027740220984145858,Y,1.188552385857454,46237.19224365273
7a8f85f2-03e4-4714-995d-c15403d9d38b,1-1,0,76832,45983,35168,179,0.6017115179898671,622,32.80372306201901,laptop,1.0268618320500185,high school,0.057068249680545025,Finnish,0.7196633636402414,1.1747269430012595,N,0.9690959053919774,46030.01496988994
e1205048-076b-4e6f-a4f1-23fa25931539,1-2,1,175340,925717,95860,371,0.47921442695310745,1116,32.734643535112035,tablet,0.8565541429151191,college,1.7767357317550263,Russian,0.33503339111872443,0.783328102133183,N,2.12022360021505,44472.11738891246
05a92b52-f72a-42f9-936c-9258bf385bf3,3-1,1,98429,152540,9766,271,0.5544759882643087,892,19.653992397580698,laptop,0.05870233687748938,graduate school,1.2583052745880337,English,0.2981317718392277,-0.11008237722039205,Y,2.221464183173387,44381.726830617066
482de720-e72c-4225-b693-68609e6db53b,3-1,0,1017563,223523,112655,241,0.5354599648526599,973,45.183709428852765,desktop,1.0970349576655896,high school,1.4324035221027107,English,0.5043305296875115,0.6038142350197775,Y,1.9937856429760998,42394.15460346527
bca2bb1f-e075-4290-bb59-fdd14fd7f870,2-2,0,24994,948220,38590,281,0.2349919057066322,1412,59.23634138351136,laptop,0.8006829416380907,graduate school,0.41166671229687934,English,0.5233220232741501,0.4547610970615526,Y,0.9394763295544065,44406.104934514544
020bf19f-ab82-4c2a-8fb3-fbaab33412fd,1-2,1,963900,444173,102711,337,0.5688220820446948,1309,54.87889317924035,laptop,0.5282911246676346,college,1.0678921318878525,Russian,0.7943712308477147,-0.18327248232521043,N,-0.3245257679895821,43274.22466941023
0e77b20c-c1e1-467c-a359-0a2942538fcb,1-2,0,305661,556594,92824,279,0.34958905080101366,387,29.515119281101235,smartphone,-0.25713887010259273,high school,1.1027979179408234,English,0.3926077981693976,1.0160460539241267,Y,0.5786242648885345,42551.98788115483
44593a98-060d-47ea-9a57-97e0c70027d0,3-2,0,911448,488846,37183,150,0.6391614926261713,926,35.02372218697368,laptop,1.250424970511513,college,1.4835838229757583,English,0.48656458418959014,0.44243540667109965,Y,3.262426622903839,42952.99290605756
4b19d929-d5f9-41df-a9d5-4176d450e799,2-2,1,959124,921149,24212,243,1.0008184201902797,484,31.317842495359837,laptop,1.4067237319372885,high school,1.3428132062533458,English,0.6607709570012694,0.37313027153795436,Y,2.985017105354632,44282.87625718319
8053404b-3274-4b36-a3ed-c3f4cff86dee,2-1,0,538064,62459,42256,106,0.2008101033706028,1394,41.85070741703352,laptop,0.7666445828921735,college,1.2634080970760704,English,0.24747593897515657,0.6652273673315408,Y,2.3431225314263164,41307.49145738595
6e1bdd21-d51f-4497-a684-654edc44a6c9,1-1,0,906180,1016267,44822,218,0.2812129673703833,942,21.792175634411976,laptop,0.6476529345779998,graduate school,1.0913418122843648,French,0.515938324576999,0.4633898428981867,N,1.1044398035731349,43746.6050069067
ad72ff21-0001-4c71-9657-91f0af317112,1-1,0,793452,23549,123413,298,0.4139743682507242,679,22.985599363540828,desktop,-0.10763080157727534,graduate school,1.031516030332708,Other,0.06777732318047797,0.757881372702302,N,1.6218322664672173,41741.412020569995
fd573d43-4bb4-408c-a8c5-790b562841e6,2-2,0,510488,380609,105415,125,0.20112496346433306,1336,34.28224260356763,desktop,0.4291496503078155,PhD,0.7614735097137603,English,0.7623466601399465,1.1755548274477112,Y,1.5880814990439638,47783.9268676027
2de720d4-ef3b-4064-9437-2886a4fb5d23,1-1,0,533103,428607,2520,231,-0.02602619992290467,1126,30.14173851666503,laptop,1.2099729709164224,high school,1.8040933430812065,English,0.651066701785156,0.6731574567221368,Y,2.0966027491214234,45515.71030911897
525bf1c5-7405-44d8-a086-43a65dd46da2,2-1,1,467132,279001,27223,219,0.44441443044154405,861,43.17549832775502,laptop,0.9331186209033611,high school,0.9847656874927097,English,0.3295705335610159,0.11639307389926962,Y,-1.0252830586422448,42757.721862357765
5a403d6b-705d-4c75-aaea-443b79099f45,3-1,1,332179,798137,90407,118,0.8451050335457386,716,46.81475361149258,laptop,2.051367955015983,graduate school,1.573221172328742,English,0.6827541361436662,1.2555920145959405,Y,1.6349294179807234,42500.56274286336
8ee594b5-8f8a-4ac5-874e-70ae8f41cac6,1-1,0,482170,750886,28032,353,0.5340672901692071,902,40.420851928962186,laptop,0.7724069206727917,high school,1.148279538841158,English,0.5562921543618334,-0.16680434727440152,Y,2.770584056397393,39779.906914585954
c3cdf4d1-25d4-4f2a-b532-6b0cd92d2e30,1-2,1,191198,111913,26979,254,0.5560219495756242,513,30.315611025368426,,0.24472598769827936,,1.9304483430120944,,0.27768519273829595,0.9060511562262532,,0.41545579576569347,42022.716701319805
f5c14e8b-4996-4b12-b844-3d5e0f8548e1,3-1,0,753887,237220,341,111,0.6668169175869739,305,43.2226416677057,laptop,0.6824615787589614,college,1.633073176125584,English,0.590858392592208,1.7170475893273025,Y,1.8303181565725437,44658.279686416856
c76dd3b4-df4e-460a-91cf-30691faa6703,2-1,1,426744,659136,81153,253,0.5709539086701487,726,43.99256103443431,,0.3703270762762654,,1.3137230769520696,,1.027435681281933,-0.0058740369716495655,,1.6316281153634982,44112.367731057464
f1d9d03c-16e7-467d-8734-070773d65aed,1-1,0,698780,720029,104976,181,0.5430165200004977,642,30.181940661412135,laptop,2.0471958321949852,college,1.248283301022699,English,0.49014101980310565,0.7423182944173542,Y,-0.01788473138741109,45055.67321925725
0fd5e38b-fd91-40c0-b154-d407eba53e1f,2-1,0,864817,913698,98575,293,0.3042543379747869,947,37.50672080912059,desktop,1.1754239272223184,graduate school,0.0819231219172526,English,0.3646769760360617,0.4650762190144891,Y,2.707323822079612,41370.86053207595
30a1bff8-ce7b-4ea8-bfd0-579a06f06269,2-1,0,537783,211161,37789,189,0.3957486611035238,1238,27.40026432696451,laptop,0.8369505276003826,college,1.416129481289005,English,0.4882474040251329,0.6972799676868331,Y,1.9772910287371803,45928.313383138295
7c73f8eb-7012-45e2-b6ad-2197ba40b925,3-1,1,862791,974142,110898,146,0.7386274577418719,1169,39.25134880522268,desktop,0.6088247431063327,college,0.15283142449183618,English,0.5028615092078795,0.7790509746908489,Y,2.2503683792686595,43049.70925342889
9bd7345e-fc32-41f1-a8c6-ee371715652e,2-2,0,702836,179148,50237,353,0.2807690150168888,505,35.588116451153624,,1.6827720205269596,college,1.0348893124301801,,0.16433873817315175,0.35491409571858606,,0.9141352835156328,43021.54191959143
52094e6b-59e3-4905-9151-73e21750879d,3-1,0,1010732,780253,27182,287,0.49766587620143227,727,39.17573117923043,laptop,1.5776121757575368,college,0.6351462832665278,English,0.9736098910091283,0.8855916249666991,Y,0.9660229554057406,42636.5710808438
5d7b19c5-4d3a-4fc7-be3b-390f623433e0,1-1,1,898696,277461,61148,266,0.7358397833702156,603,32.7901219453402,laptop,1.1029686479102956,college,0.2765602166247838,English,0.6520120914025918,0.8605122853317062,Y,-0.44800079271387405,44811.60924213276
5d7f8090-1b2b-425d-acdf-31cf8ff2f527,1-2,1,605903,579436,17539,132,0.7233892954437071,1273,59.50651355338796,smartphone,0.8723534842720211,college,0.7544633368388419,English,0.1838212252236977,0.1712160803954828,Y,0.8563112338008867,42206.12198906789
74103437-cefd-47b1-a905-d85399f681db,2-1,1,433930,249602,48022,350,0.6197281908017008,619,43.852856221411585,,0.5368850941988063,,0.9424934358286589,,0.32686938979637814,0.30498230133475007,,-0.2983932761770203,45580.804455786034
0939d037-9073-4b45-beef-4b1a9cb29fc6,1-1,1,491650,96546,64190,177,0.7307234974458278,714,38.4348177693726,desktop,0.6289381198861226,college,1.1362661892286174,English,0.678696098586905,0.6110987782233827,Y,1.3243588028518798,43369.08238720728
d1ef7d2a-2a3e-4130-968c-2fbc045ee618,2-2,1,160155,216934,51482,182,0.43272486566283136,389,47.54223981138412,desktop,1.4065505754938068,professional school,1.027196582244859,Russian,0.3251474444871481,0.13703368964615836,N,2.21727329277189,41637.33170713047
45fb1767-91e9-4d69-83f1-3c781425982a,3-1,0,75988,261302,75252,123,0.5148193379230079,476,17.355664502500336,laptop,1.1809489214154723,college,0.5972057098608718,Other,0.5189670610892197,0.9318003826996668,N,2.520044946028616,42401.883359044354
e15bc5a6-d4de-4e87-a1c8-e21fb441910c,1-1,1,643894,445540,47793,366,0.12618872193611602,1368,17.883407820678705,smartphone,1.3517484560836681,professional school,1.2341338920461746,English,0.31968466930183903,0.5775776677570466,Y,0.22155241818116345,45044.150841383365
bafce4bd-e4e4-4d73-8424-2a9343c52f7f,3-1,1,310097,803040,130940,282,0.5151223622419779,989,32.298496807478834,smartphone,0.8245678504423578,graduate school,1.1231372795807457,Other,0.2895785041469351,0.3186603645358858,N,0.6982822366074453,44722.95948360748
5013da82-22c7-47fd-a245-d7131d2fab50,1-2,1,221231,134774,101066,197,0.2959116378970117,594,28.289423017398484,,1.2125657355827442,,0.41881854255480266,,0.40034469932396355,0.5107129279318946,,0.294896890914252,44824.71335572687
786e8403-6cca-47f4-810f-b94ae3880816,3-2,0,116653,564228,110297,117,0.7405976354700632,1225,36.60427715263632,smartphone,1.2852323029308148,high school,1.4749736896112955,,0.8886453045301806,0.6054421755768262,,1.8086757173100139,45126.43716394304
041129bf-1228-43d2-af14-173e38b15972,1-1,1,620498,213864,129090,192,0.39102996027194614,619,25.67495256755148,smartphone,0.0374965330740914,professional school,0.6221152205116063,English,0.4382355123665358,0.9475577079174513,Y,0.9525959938937956,42509.13455265564
10497147-ea3a-43a2-8c1d-61e871fbe21a,1-1,1,3960,878264,36182,256,0.7203481850833,828,22.304513924203675,,1.5525731404603635,,0.193478536293354,English,0.21128191511556405,0.6128130519956229,Y,2.785961504868709,45877.302781832914
817abbbf-33b6-4f40-a3e1-e0b38753e896,1-2,0,301062,504792,85609,376,-0.07337272240993353,785,42.52691205357539,,0.8420584729689126,,0.6347135795426645,,0.8799430646240924,0.9716102703095114,,1.443195685580553,46116.98126533868
aea24408-032f-4620-986e-f97f5f47c28a,1-1,1,993638,829882,80112,144,0.7492398250974855,1417,30.029569494755645,laptop,1.491723503253253,college,1.7460683030656852,English,0.5273143695807538,0.7856589079521394,Y,0.9855679859437235,41188.36937353359
817abbbf-33b6-4f40-a3e1-e0b38753e896,3-2,0,597839,818659,31619,172,0.650359096807329,735,32.01269244488421,,1.3680064064281705,,1.0626943945302134,,0.6879841933724608,0.7405356970955538,,2.6963548676317344,42035.516177940866
ad72ff21-0001-4c71-9657-91f0af317112,2-2,1,424827,888832,9062,345,0.6980476707877727,804,36.88598990641702,desktop,1.0789534845507003,graduate school,1.6186064263786026,Other,0.38042185011932383,1.4302089321110705,N,2.2260031606384545,46374.61781851738
9e875d92-b04c-452d-870f-c6d62912ff13,3-2,0,185558,113357,2053,189,0.6715428182345864,418,41.03114107331796,laptop,1.243320955383997,graduate school,0.9153170299416531,English,0.4882652506034717,0.8564589213905331,Y,1.7427331616426152,43979.04694676063
d0480270-621b-4343-80db-a5252e9d0a29,2-1,1,531853,816456,123426,134,0.6088157397621836,1301,28.854212276256074,desktop,1.6582510350369974,high school,0.49176747978356194,English,0.5291980041376564,-0.4379759869473231,Y,2.1698224260491914,43051.46302305412
8205439c-3064-403e-8fe9-b46a0c866470,2-1,1,955296,608898,78704,297,0.3313780558145572,650,42.11879151242059,smartphone,2.073025983834815,college,0.3331821961911655,English,0.5001581232263226,0.9135276811929511,Y,-1.1918025899701759,44275.492037329466
9d35cb65-f33c-4a81-bcbf-a794582e6691,2-1,1,325322,965814,56345,294,0.030464679899919467,768,50.39384659421349,smartphone,1.8073476731180074,high school,0.4395184094272946,English,0.2339359280302204,0.7490659544327021,Y,3.0661354263744443,45406.35485477241
76d25023-7920-4e91-a62e-db630eb472c5,1-2,1,632365,601502,63027,324,0.549799551191714,845,37.48351454959681,smartphone,0.896125280265427,college,1.7106339732641471,English,0.7087045356489671,0.38814625202321973,Y,4.2354867647314425,47984.43225833146
9175e447-1bf7-4667-bb18-dd7aacb6f4ef,2-1,0,155716,376857,97626,265,0.7058956082307906,757,35.26750958855587,laptop,0.6584444756625789,graduate school,0.9463409813554071,German,0.4431053462545324,0.4608015095456399,N,0.8894890537937853,47749.862017935986
2e50f9bf-12b7-4271-bed1-a1dff8a126f6,1-2,0,705281,970556,57994,315,0.22244740575509858,923,45.48008506669354,laptop,2.2894909387256197,pre-high school,1.0516755917579501,English,0.7215881628904834,0.5172576517546487,Y,2.0398447633997123,41432.74141973957
65856aa0-65ac-4bbe-835c-61ccafe631be,2-2,0,679763,466784,25677,211,0.16188106072010305,1430,26.080162072819135,desktop,0.43506404921075836,college,1.1770624452691822,German,0.17108146386643563,0.843304422550006,N,0.7515878074515926,44693.34395629608
8daf6eaf-3757-49a1-9fb7-77fce259e6fc,3-2,1,114338,999735,33993,221,0.3970067628915737,603,39.64993017299471,laptop,0.3075124109478209,high school,1.3850089871090985,English,0.3054944814212993,0.5478319338720035,Y,0.03674330637596035,46865.12438461646
60fc017d-b4ee-423c-9d56-6c2a06a3697a,2-2,1,800825,380421,126486,149,0.34810858501276565,1209,41.44845740090343,desktop,1.1868175055019525,college,1.416970138570991,English,0.33898782413855033,0.5570929058387226,Y,2.0183106721867397,44260.56602846337
24a6f167-5017-43b5-9dfd-891537602f94,2-2,1,842317,490915,14868,279,0.4992302059387065,1000,45.97367441498174,smartphone,1.374010654252125,college,1.6562901820511735,English,0.5747694570921904,0.2457182359489956,Y,0.9295693657631248,46558.06099267526
45b56b87-c43f-4c6f-baae-661bbb6e40c7,2-2,0,38699,870860,58076,345,0.3258395325312715,613,73.08488313078564,laptop,1.3711958879017332,high school,0.28294333211221445,Swedish,0.9655194643084322,0.9008518273611754,N,2.603892838228468,46538.05832565725
253f1616-4a99-4ebf-8086-6ecb195f5fc8,1-2,1,875066,228666,39703,244,0.5922443633590398,885,37.87577674245933,desktop,0.2680981157646284,graduate school,0.8157598411516637,English,0.34067828583638543,0.05014179264723273,Y,0.4634515718648846,44166.06939798289
6487b006-6591-4302-b387-45b630b259e6,1-1,0,270525,324052,59130,245,0.533135091324855,398,18.877111141578006,smartphone,1.3510280855311088,PhD,1.482794265548917,English,0.2521900059278317,0.03692075596102684,Y,0.6829596349628282,42161.219945886834
74103437-cefd-47b1-a905-d85399f681db,1-2,1,667146,846113,88913,112,0.5740347140743921,690,57.31032175106393,,1.480700537311964,,0.84161269954654,,0.4619357432803832,0.8581917222094984,,0.8545437320964533,47399.70363396059
8e9004ce-deac-4c35-8176-a799b50f944b,2-1,0,980428,734235,47219,276,0.48759923762970453,511,39.819475000097306,desktop,0.9529624296305798,college,0.9304750553011966,English,0.4798874520731059,1.311155726641049,Y,2.728654632504296,45932.83536491366
05407942-f651-4129-adc8-541378ce6ac3,3-1,0,463383,541825,125557,216,0.7013251615130567,930,35.307180975481984,laptop,1.7062813177601441,college,0.6791060886147686,English,0.43048763476676444,0.0849619264971575,Y,1.1864721221628114,43387.927969773904
332f3d22-0b01-4c63-9df3-aed8cc851469,2-1,0,961575,477007,32555,119,0.6951246795077519,995,40.9951839949341,laptop,1.1338100504520772,college,1.1379498728165047,English,0.44167482002444464,0.12677176029801546,Y,2.9513031241646352,46000.834581024
55b18dd9-dcd2-4440-a56b-8443f3fb1c43,2-2,1,996632,629443,131805,340,0.771805175581397,812,21.4467138141922,,1.2039825102067814,,0.21079117195648,,0.5311202210782143,0.2637316602025029,,4.112087877856164,42511.17605689813
020bf19f-ab82-4c2a-8fb3-fbaab33412fd,1-1,1,77784,59208,89587,189,-0.014485070031051817,1193,31.78011768546054,laptop,1.733889198518595,college,0.9824453088338299,Russian,0.6685015022673145,0.053633598003269334,N,1.4679649599054563,42396.554563998696
4aa80c95-24fc-45e5-b3c4-102653f15325,1-1,0,421504,524628,105336,260,0.525781417582125,1261,51.22062012224947,smartphone,1.306442460544588,college,1.492272639024077,English,0.4478940423432255,0.23256961103179996,Y,1.284385476631942,42169.990797734936
c2330187-54a2-48ba-be2c-d317fea39438,3-2,0,283889,871864,27083,229,0.82789507385272,305,29.132999434492646,laptop,1.725847089299974,graduate school,0.42570066798713624,English,0.5829491628351409,0.7243170839511685,Y,3.088066519803726,44018.033985251546
ff595b52-47c0-48de-a732-ca6f366d3dfb,1-2,0,523577,784307,64313,148,0.6994640189220644,483,48.59775667907073,desktop,1.0408290342251487,college,1.3285582307044042,English,0.48593812969009365,0.44102499255532973,Y,2.0985048818827985,42103.6265839878
7ddd2afe-d9fe-4533-b32a-056360bcb4c9,2-1,0,584079,666934,116582,177,0.5583398409212184,1075,17.794664165893252,laptop,0.6283504611216928,college,1.5650882476484707,German,0.6023906177518012,0.5333270742053444,N,3.4385924584055716,41486.02585542304
5d7b19c5-4d3a-4fc7-be3b-390f623433e0,1-1,0,996646,243521,109178,383,0.43526006903623987,556,34.29299953539618,laptop,0.37007507184599353,college,1.5044071390574574,English,0.4976216608729333,0.34193573952313583,Y,-1.1112969227058183,43058.467175468155
cc5900ac-23f3-4768-99c4-faf9c29e9382,1-2,0,418266,174266,121051,236,0.3850342277903378,798,39.661576701575015,laptop,0.3239036393499072,professional school,1.0901717424246133,Spanish,0.3116788008909857,0.12330471706896212,N,1.2122301637853532,45227.154557896676
fc081f63-4e8c-43e7-ba36-428995498f3e,2-2,0,287073,749167,83007,163,0.6186310450993718,548,42.75193427385329,smartphone,0.4962943782480731,high school,1.6638325397376246,English,0.4664818436221511,0.9271815091030153,Y,-0.13680983626065224,48431.89447459011
5d7b19c5-4d3a-4fc7-be3b-390f623433e0,3-2,0,614379,607756,73467,294,0.26420283630312136,1425,37.1390971072934,laptop,0.4935420476840289,college,0.9511847945332422,English,0.48336793739261424,0.8925801366127168,Y,1.5379052225524337,44480.67214662349
a17c35a2-ade1-4a79-a19e-5aa8093af1f0,3-1,0,388291,1004683,136938,368,0.3325906874470587,475,50.54408811996894,desktop,1.0760689576524798,high school,0.6980367844933286,English,0.5451113037625094,0.0470345003034785,Y,0.46742548540942774,45779.111406026714
264b7cb3-a20d-4fe4-9f75-2a0dda8f6300,2-1,0,932470,880712,47913,296,0.3999382551948414,721,42.54450915946336,desktop,2.4873377631419658,graduate school,0.9116183187338762,,0.6857506717321252,0.4471984747603435,,2.6008170447287178,46921.22455945112
a5e829ad-603c-4eb6-b078-c82074eae0a3,2-2,0,158138,202182,33942,346,0.645366553707547,448,33.52704515651958,laptop,1.5322066855664014,graduate school,0.6041937986732163,English,0.8377508471239983,-0.03492003919150555,Y,2.329554298994867,44247.84789987811
15a5a588-84f1-47b6-8ff7-3b5dd3065df8,2-2,0,696382,907522,121436,124,0.058501425699055865,1307,22.18779552831073,laptop,1.1975190667056164,college,0.9867249299700493,Portuguese,0.4454014637855771,0.13201609967088096,N,0.13682669264251435,46586.55247996064
482de720-e72c-4225-b693-68609e6db53b,1-1,1,947160,777526,113701,361,0.28442520514217784,1165,39.66861053499557,desktop,0.7996404957773384,high school,1.556321312126213,English,0.5316075851014517,0.15214546055945516,Y,0.7704116750724124,44451.32841838489
ba947df3-ae38-425e-a2c4-d6dd7839b0fd,3-1,0,543594,829512,99884,339,0.06347185094556707,891,36.58200231866641,laptop,0.6077457006138252,high school,1.0743347086386652,English,0.5893399180113219,0.8418393184262921,Y,2.2861315831319553,46885.869087187595
c2330187-54a2-48ba-be2c-d317fea39438,1-2,1,591511,568132,74083,201,0.5667049011035782,913,42.08175701091741,laptop,0.5101931596695389,graduate school,1.6825652035606238,English,0.4844161066203581,0.8543774295979789,Y,3.441717087020897,44955.701747403866
fc04e88b-4dcb-4ad4-8171-4e21fe5f259e,1-1,1,332184,945671,34874,142,0.7478962150660744,1057,30.518781709739095,laptop,0.023451739694372642,high school,1.5562815413540292,English,0.6139098321826232,0.8393942097571078,Y,2.0483114016341655,42688.74736662301
001d6664-0e5d-401b-bfd9-c2985739e2ca,3-1,0,88800,492525,65661,180,0.2326237857503788,999,32.241193286458184,smartphone,1.500566161032244,college,0.5540302275053073,English,0.6554572647362102,0.39490823561668736,Y,3.2828117299983983,45993.37706547619
4f197cbb-93cc-4852-aad3-46d35f809f47,2-1,0,603187,964272,19749,165,0.19921176053770534,553,26.489854954273543,desktop,0.9849748778742362,professional school,1.2360730141503746,English,0.6133838862544537,0.6459126584456008,Y,-0.05566281712224197,42915.85233858156
58489ac6-e6ac-479a-a4bd-f2c8e6575a10,3-1,1,238403,327156,9217,292,0.9634233079758627,726,54.92024465566904,laptop,0.39068217980771824,high school,0.6989268412679281,English,0.8779346605719112,0.2825520939412923,Y,1.1715972423368837,44412.903229157615
6487b006-6591-4302-b387-45b630b259e6,3-1,1,998641,312853,97153,218,0.3225312483556818,583,20.077819856379165,smartphone,1.6006585742117874,PhD,0.3239889793175563,English,0.5225106734808864,-0.06932538395211207,Y,3.442208394862781,44587.19015892187
63cdd570-1369-4f2b-9090-d5b6255c51d2,2-2,0,599396,1001655,120543,262,0.3594879202195352,423,45.30882509342835,smartphone,1.2034474608858783,high school,1.3093345248672743,English,0.5020560711288039,0.025800976825263888,Y,-0.07408409411856942,43762.150708172885
b95563e8-9d70-4aee-8c29-b2d677981d92,1-1,0,787778,710882,62717,158,0.5775608018192192,1006,19.966784163178794,smartphone,1.044768919435171,college,1.1690829805559189,English,0.12618573221900387,1.2297311322491258,Y,1.9228960577993137,46152.22277815385
253f1616-4a99-4ebf-8086-6ecb195f5fc8,3-1,0,763343,5079,10609,375,0.607521333133202,1376,29.468813128487767,desktop,1.6418091478595354,graduate school,0.5363200008914746,English,0.20970135540718648,0.537527258473493,Y,1.2520865453495986,46329.37612357745
de7bdd42-441a-4961-a547-2ccd7ccec379,1-1,1,585834,314203,56290,168,0.36101929695872426,1008,24.767738773049103,laptop,1.3677411748289832,college,0.5732368537727086,English,0.7625819326255814,0.6726267019600138,Y,2.3392495923895775,42241.99206464117
134bf53e-1ea2-4b61-b39f-a1e444535f80,1-1,0,887508,409168,15642,269,0.13227855749991824,1388,31.9806352249576,laptop,2.1719878562574655,graduate school,0.7293027489309238,English,0.64279752835048,0.4144153756858797,Y,1.6323169044753172,44131.533614016065
828fc4a0-e2fb-4de1-93f7-f828fbdaf97e,1-1,1,277271,870453,53007,200,0.3935785127097714,1433,77.66160711917306,laptop,0.9049097679052944,professional school,0.47988825979431304,English,0.4198966295594569,-0.5314773250212079,Y,2.059595874247079,44660.91559521361
e15bc5a6-d4de-4e87-a1c8-e21fb441910c,1-2,1,273356,270278,40726,117,0.31176052131605575,833,44.88207972425501,smartphone,1.1976670511994463,professional school,0.5466850304136501,English,0.3834794197887941,0.3552601001829917,Y,1.9938119036664845,44330.81760824343
b856a7a0-694d-44df-84e5-7df262774187,1-2,1,906574,414205,47749,161,0.728687775427597,862,36.63794397266255,smartphone,1.4619222722654452,college,1.345045326523642,English,0.9821058245873941,1.0637913561680568,Y,2.5910682796589932,42588.18573041888
54c3e853-e07a-4b15-ab2d-691a120c3b32,2-1,0,640437,830976,20558,145,0.8823435390977181,1266,54.426128849049746,laptop,1.466652634408306,high school,0.6796991535497918,English,0.33553048326624124,0.25310437358169247,Y,2.125347586699062,43525.44856339016
028c35ca-c434-4a6c-9706-5752290c6d4a,1-1,1,856019,516721,109491,256,0.4079475266362679,785,46.62188145449424,laptop,0.7610242971908664,professional school,0.9075134515034305,English,0.27585500337160657,0.6872207464880635,Y,0.6503069764358755,44771.83479751889
80377a90-a6d3-4092-ad16-1615a6f024b2,3-1,1,681966,696163,135863,235,0.6184536088339978,767,12.681904650427732,smartphone,0.2785175727827187,high school,1.1222280804593023,English,0.5539132218689342,1.0380402779262536,Y,2.039337949927459,42411.56162751237
45fb1767-91e9-4d69-83f1-3c781425982a,1-1,0,221690,787021,26400,269,0.7267316372099055,1276,45.820179993045684,laptop,0.5755356109146734,college,1.136200059301495,Other,0.6293052429321322,0.5485938007098806,N,5.113804164012337,46075.35802134939
9783faf6-c2f5-4343-a86d-f6312c95f762,2-1,0,838353,23070,141457,265,0.5308332599423647,435,54.72494231716399,laptop,0.6268614805136679,graduate school,0.963021269531989,English,0.4732814945224634,0.6221629638830994,Y,0.4482300980641831,43424.53841611335
a7961f82-b7d1-4a3c-a0e2-6f03d8424b4a,1-2,1,1008485,229187,76397,185,0.9042182160916779,544,31.011186779244113,desktop,1.152558253187821,college,1.983473291546428,German,0.6033032753230225,0.5277283548862297,N,2.315622716596282,46853.18229476798
db397e5a-8fad-4c15-bf93-e25495e0584e,1-1,1,421506,448793,138609,301,0.7680809876994896,624,26.811662854473013,laptop,0.9158137417639933,college,0.17984408025275678,English,0.5287148194703084,0.4753345064670408,Y,3.0434154981531596,42368.75832027274
30f84640-2830-433d-94f8-24d5a11d93c1,2-1,1,992701,206057,126071,293,0.7435481825022554,1347,42.708619865681754,laptop,0.8588980190494131,graduate school,1.7778719307458153,Vietnamese,0.9529764610039886,0.4368415402582305,N,2.0521185285541335,45979.39548006232
264b7cb3-a20d-4fe4-9f75-2a0dda8f6300,2-2,1,225661,838658,127388,142,0.21512181679133752,1202,26.09479721877372,desktop,2.12660523211595,graduate school,0.8897209383773139,,0.49562491982030454,0.5703301895739274,,0.21119388365356828,41498.00052770022
27d0e742-13f8-4911-a1d6-42cbea5067e2,2-2,1,837921,671017,51855,275,0.5945209279892629,853,28.26344815516668,,-0.9263375040178414,,1.3868315650953322,,0.38341462657380243,0.5380301472116918,,2.50972546556517,43643.32558400094
314782d8-515f-44b4-ba28-8365f8811ae1,1-2,1,996941,254053,18237,147,0.1561659319323428,975,42.06982465515841,smartphone,0.7588079924302763,college,0.783470686686946,English,0.23017855203585552,0.8027443825163654,Y,2.255364976178802,43762.48256944808
2ee3c271-be10-41d8-b778-9c5d7d5b6e52,1-2,0,511293,161992,38980,128,0.4253349314530683,956,21.401717232865526,laptop,0.8021225726698447,high school,1.7492110981535087,English,0.5938659289072401,0.757098851913806,Y,2.556170973268077,42707.10465725014
c7962751-a043-444e-807b-543a4b17b012,2-1,1,88645,1015129,124492,181,0.8331593536326569,354,36.15028792555413,laptop,1.8824621182025951,college,0.69275566074278,English,0.605686176329545,0.9761034549278348,Y,2.3159968568005977,43196.85767143618
ad4283c9-d606-4e9c-b45f-7f660b31f5d3,2-2,1,675251,19195,67486,120,0.3826728335253521,751,40.78658589096696,tablet,0.5872461723341993,PhD,1.6626063583917103,Dutch,0.5052963705345538,0.3684985497338886,N,2.685526938209148,46527.57056601277
bdd0644d-d39c-4f9f-b351-42085d4174c4,3-1,1,349035,825345,9269,295,0.16020284118475037,798,47.08761556458291,smartphone,0.7795794795997864,professional school,-0.09829140209231735,English,0.433838579141475,-0.01962296608305314,Y,2.1220785976331227,43205.50331697905
95ad60c1-7c93-4341-9da3-763bbed405b9,2-1,0,738357,536158,46859,343,0.32811085570497955,1383,32.381112935144344,desktop,1.8139104255962444,college,0.24220260656857973,Chinese,0.7043012433022223,0.3735705887820032,N,1.9860688244487814,44509.414084687785
482de720-e72c-4225-b693-68609e6db53b,3-1,1,391123,853647,140555,272,0.5278549683034093,1181,35.74176830099185,desktop,0.3125555031309667,high school,1.0489235386387308,English,0.38490102612623217,0.3060884642028855,Y,0.7849447620370387,45605.98181585825
041129bf-1228-43d2-af14-173e38b15972,2-1,1,330674,857503,18369,315,0.5088738267650471,998,33.56496003904593,smartphone,0.9023460191032757,professional school,1.658446266023235,English,0.1991405379983568,0.7766725273038841,Y,2.315324830051833,43664.20291200349
76d25023-7920-4e91-a62e-db630eb472c5,2-1,1,408931,648291,77237,226,0.26640169968587074,1165,28.297993726354544,smartphone,0.15748975878405125,college,0.01820792441493191,English,0.5954306647106643,0.6224403403716581,Y,2.375411579672845,41514.4976551497
fc06986a-ae94-4241-b930-3b90075bbcfb,2-1,1,140539,851851,28357,324,0.3845185175518504,1159,35.41849706454262,,0.4596787888692999,,1.372048038224142,,0.6984139971154748,1.1290806574837111,,1.8128155800865624,45663.7881211966
bdf3a343-8379-4a21-aa09-be0ea98c2e96,3-1,0,54383,546788,65483,207,0.760911389479948,570,53.28640629454263,desktop,0.5025672605681594,high school,-0.8431933446469666,English,0.6973995261407915,0.6137813792564738,Y,4.0155175186621825,43078.95767297961
ce41ecb5-d3d6-467d-8d90-0da4db858b7c,3-2,1,817784,660901,92054,297,0.7912357132249103,797,27.323388194520124,smartphone,1.5451783471818814,college,1.3349364907335706,English,0.40763141651871804,0.5762229191327055,Y,3.194734284711192,41572.36409067233
025562fd-3b78-416d-b71d-1bab3f5fe6b6,3-1,0,217787,175996,94836,260,0.7762238982826026,1180,37.4368700607449,laptop,2.4176929107425993,high school,1.7322355417819484,German,0.3577766410764425,0.4148320256577319,N,2.7745804595075745,45128.288261775466
45fb1767-91e9-4d69-83f1-3c781425982a,3-1,1,949716,523730,1990,228,0.25872801058911754,1097,45.16142424624033,laptop,1.2569979963526348,college,1.773523359966789,Other,0.8676637816199825,0.5026414189934274,N,1.1361838673487,47253.522259147125
485838c8-c7f2-4591-a8d8-7896e1327b7d,1-2,1,122763,649212,98741,186,0.0232956764135116,728,29.07253750972383,laptop,1.336376013886116,college,0.534809592684739,English,0.2791973386224937,1.0094305687509166,Y,1.8384632269426013,46742.30275835297
95be5385-2c68-450d-9591-83bb9246442d,2-1,1,513910,918616,100961,200,0.54303549561589,535,36.39156217257762,desktop,1.4929597829131411,professional school,1.6285741865584749,Norwegian,0.6182393431466627,1.0799760292148384,N,2.0630541809894125,43507.57873398758
2baf6ca8-ba5b-45f6-860e-359b139766f2,3-2,1,281078,54721,30832,326,0.32192494122255705,1317,32.303962444848906,desktop,0.5992879618720612,professional school,1.978617239315823,English,0.695750707801981,-0.16477013571157972,Y,1.996403020083434,47605.825400120935
58489ac6-e6ac-479a-a4bd-f2c8e6575a10,2-2,0,638062,209798,66067,234,0.8319218323071214,896,28.618706590522585,laptop,1.0313509866118673,high school,-0.7865019418584771,English,0.34077004890436435,0.46093940591495475,Y,0.2225187434155449,43996.017232559054
2fbeb59b-f93e-4073-8132-de082fdbda03,1-2,0,1019915,307601,16640,141,0.5118253432213684,1106,20.858812623263837,smartphone,0.45891771229342837,college,0.4685522171374763,English,0.8044923391419112,0.2746985286975079,Y,1.7854942707398485,45704.400754606446
b90659d8-9551-41ca-b0f5-deaff4b679a5,1-2,1,610279,691650,111689,182,0.0308740631028957,1353,37.35064250276667,smartphone,1.7267565495305954,college,1.3584337962088193,English,0.701232164490108,0.2544737638396867,Y,2.975912202250326,43733.15057170733
cfddbee4-d7bc-41a2-b2d3-a6380269d199,2-1,1,679111,618829,30515,209,0.027040714008014388,792,31.183027816102665,laptop,0.9451732407768716,graduate school,0.46679864943002436,English,0.31018284838753635,0.20269920362839772,Y,2.2439833419861475,44688.653417465124
db095ce6-bb12-4f37-88e2-d9e76be1b021,2-1,0,769914,638,123372,337,0.6933335985970648,1303,38.27188516932261,laptop,1.2395334756858087,PhD,1.8245669414076098,English,0.49342596717117626,0.4803469910598793,Y,3.3509618925678177,46129.076336973696
a12939e3-640d-42c5-87ed-83c1358c4698,3-1,0,407458,821476,102531,275,0.2822752267601597,761,41.52921506853829,laptop,1.0232416359406367,graduate school,0.8241015638945248,English,0.7370345595974999,0.5330765769114979,Y,2.9906508951339363,43406.094492000244
df64e0d9-db88-4977-a401-e1f442400556,1-2,0,724973,92821,110140,182,0.8646982112019796,1316,42.22154810275725,desktop,0.4055150009982148,PhD,0.19586678534845225,Dutch,0.8760025794880979,0.41444814907289146,N,2.129908900245711,42949.80528572932
1566f86d-93ed-408b-a7b8-90d409419736,1-1,1,812882,899665,20825,354,0.8684356195750746,838,44.96702469602621,desktop,0.7014670755872628,high school,0.8571627779055381,,0.26573066446368576,1.0012777482007817,,0.7231962267124306,42645.32670791192
45d0a062-50e4-4bce-b410-65ce05905a22,2-2,0,525840,575043,124990,368,0.17826957966202245,706,32.25550977352935,laptop,0.5927288529961866,high school,1.0841399342152318,Turkish,0.3096044499339868,0.692261458077343,N,1.8745257994700335,45045.13247671038
2a29612d-37ba-41fa-b45f-004677aa5908,3-2,0,523688,107996,34593,343,0.4507937378840156,1297,36.44624840596198,laptop,1.175308120862971,graduate school,1.1140030350140928,English,0.9768654426243066,0.18814251613117106,Y,4.123395430621292,45484.1571103321
dc68d578-d73f-4d91-a515-6a5569f35516,2-2,1,877258,497596,115765,276,0.7820754956412399,958,4.416609595146948,laptop,1.0243457417788273,college,0.6615159027892263,English,0.4376093383165636,0.6997353559064159,Y,1.1508884541431172,44826.68407325534
4bf638b5-36b4-4b87-977c-dbb48a337da5,3-2,1,753741,761945,95735,187,0.6231757742158837,932,49.754555280006734,laptop,1.359297355869026,high school,0.23537042453430834,German,0.5859431650753315,0.2472610354090672,N,1.3865874781477985,43456.52033875355
16d93a7f-b378-4f6c-ba62-8e7479afc2d3,3-1,1,351347,310345,43431,131,0.7274284604286088,1301,35.13010177633924,laptop,1.320741674167893,college,1.3301612411685992,English,0.7464044349717452,0.7127985373524697,Y,2.1487721538834808,46342.09042365389
c5f16c37-1a33-4562-9996-0f8262566ab2,2-1,1,547769,1024,117190,361,0.6489730948856205,784,49.51268505725751,smartphone,1.409407990935888,college,0.36831357309735424,English,0.5358669819418925,0.5933093844389365,Y,2.9270139608559234,41585.228650953024
6b74a260-9d07-49bc-9cfb-6fefbe9a718b,1-1,1,103293,278328,91598,348,0.5023595331035847,1407,36.81212949568743,,0.6770396045913745,,1.1301104623350118,,0.586273662895298,0.8141955540105228,,2.6231607114845046,43915.77584596328
14d4cd1a-7cba-4495-91d7-47fd9d0990e6,3-2,0,443028,287472,109935,377,0.6114970923500775,1125,16.581917997722034,laptop,1.720513523605406,college,1.2758569520829306,,0.8244704814729802,0.1658173827766634,,1.353118067851302,42754.248397547046
264b7cb3-a20d-4fe4-9f75-2a0dda8f6300,3-2,0,632895,785176,81760,182,0.5885574227775646,858,45.590187699284556,desktop,-1.0592082533874998,graduate school,1.1112804636328242,,0.6400380416779929,0.22113695153072416,,2.7272056749563074,42962.38075286329
4be26ab5-1d7e-44bf-bd62-0a66c914394a,3-2,0,843513,689839,120114,369,0.7419327127985246,1094,57.31543654811087,tablet,1.8726861035701365,college,0.31762580987493005,Chinese,0.24079449950777604,0.43983175675894465,N,2.4454542541508246,43029.65811669971
bafce4bd-e4e4-4d73-8424-2a9343c52f7f,1-1,0,192975,311742,4442,266,0.2727954038652227,1109,16.855678244041524,smartphone,0.8917165432521241,graduate school,1.1272067268097794,Other,0.37177583460890506,-0.06189772657445003,N,1.0878925704023663,46399.93336711378
f74db555-3110-484a-bdc4-b09f6cf1c720,2-2,1,539410,714513,53262,215,0.6079362381389728,541,37.141749511068426,laptop,1.472468185355066,college,1.5728259241108036,English,0.49951643911932886,0.5980498967626829,Y,0.9002865506282833,46812.828458112555
417336ae-daf7-42ca-ae3d-7ebc05e0c43f,1-1,0,505627,325170,113197,178,0.2908627847626607,1241,43.85233204931405,laptop,1.003011830676761,college,0.9195901909420879,Dutch,0.8244093322346642,0.39031101021115866,N,2.407493253153512,42894.307410939866
817abbbf-33b6-4f40-a3e1-e0b38753e896,1-2,0,649109,716107,95902,153,0.36608118154643565,1063,34.354399897777846,,0.11087333481839212,,0.4863527019379068,,0.31258303312343944,0.5941649090792291,,3.1191190831115296,43157.82397348981
3657cc44-95b2-45ff-9e4f-a4cd22079a32,2-2,0,775006,847171,115500,142,0.48653062270496444,1023,44.638288580267854,laptop,0.950312915486892,college,0.400084027671067,English,0.38126746154515884,0.6294686930612136,Y,2.7482700968672025,44244.592575904026
d6ab955d-3293-4ce7-9390-bc93ff535cbc,2-1,1,866599,774746,134187,375,0.4173760386322065,1054,21.645178700010792,desktop,1.2268142169732839,college,0.3337604604380401,German,0.2056359610720686,0.4155187642281762,N,1.9262420202047712,43000.394645813714
2a29612d-37ba-41fa-b45f-004677aa5908,3-1,0,74962,651048,81328,305,0.7128206635012194,680,37.96209070174187,laptop,1.1978744877439225,graduate school,0.42141328986351567,English,0.4970413055515409,0.8349616290999282,Y,2.1566070953973275,42879.67853930316
db397e5a-8fad-4c15-bf93-e25495e0584e,1-2,1,533669,658289,95344,131,-0.027381090106619932,1125,36.613592978355136,laptop,1.285723242028503,college,0.9277148560840144,English,0.32670403753030347,0.9470841437340962,Y,2.6209059451040737,44073.56728573985
4be26ab5-1d7e-44bf-bd62-0a66c914394a,2-2,1,356833,291117,77844,177,0.5812158405358222,682,29.818065863430455,tablet,0.7985441260163557,college,0.7947776112722844,Chinese,0.4023543738342372,0.9943273190418649,N,1.435614683351492,45443.96043734813
89f7f011-b480-4c6e-b249-c5a19f5c65d3,1-2,1,234719,295223,4639,230,0.5404317829499068,1073,19.723073706317024,laptop,1.8816249084606735,graduate school,0.8457833756418713,English,0.3017571315205646,0.39891267225281113,Y,1.5918702066718784,42512.77811275064
db095ce6-bb12-4f37-88e2-d9e76be1b021,2-2,1,982911,948695,14135,233,0.8305303182355908,581,44.844491450308595,laptop,1.3399429070372746,PhD,1.6822760728588075,English,0.5285749426475066,0.7493418563577181,Y,1.7779993665104432,43115.8754816905
8dbae56a-69d6-470e-837f-17b3df9f2ca8,3-1,1,811243,804194,142970,371,0.5477153015796561,1148,41.82196446939364,desktop,1.094798708378725,college,2.157288661416991,English,0.7473834790753873,0.5342759400185946,Y,1.3543962493242754,44214.21714671754
fa08b044-8623-4659-959e-63953534e08d,3-1,0,789951,435228,90525,188,0.35251256260522834,824,32.703551291942695,smartphone,1.0894919527625864,high school,1.2678249739187564,English,0.19457756718204888,0.6223195595714325,Y,1.3982798737023312,43462.49468929472
2baf6ca8-ba5b-45f6-860e-359b139766f2,3-1,0,200813,203041,86104,135,0.5076703789881453,597,31.889735815285643,desktop,1.5252062314889163,professional school,0.7524265098330647,English,0.7355659089538921,1.1418830150819046,Y,0.2067712864570883,46260.70398070755
c9912952-1990-4415-8cd6-b5b96d6e4267,3-2,0,864999,185001,57605,354,0.36826501354999974,562,35.34393616051869,laptop,1.0544124932851655,graduate school,1.6899023542006244,English,0.49836213943065993,0.07744723171079038,Y,0.5482233358776971,41452.808444581766
89f7f011-b480-4c6e-b249-c5a19f5c65d3,2-1,0,1007441,697913,1927,273,0.5285422373984274,1230,15.169140151589993,laptop,0.8619813680521078,graduate school,0.1327278726913118,English,0.43421469515180006,0.1889433819305043,Y,0.2661178810754583,42975.92972809865
1566f86d-93ed-408b-a7b8-90d409419736,3-1,0,229846,393062,4728,357,0.18997610526676983,982,50.442911409976205,desktop,1.7216596912522202,high school,0.8658541519251413,,0.7509679147700001,0.6528937721422745,,0.3308577022620385,40560.98609538427
0e27148e-216f-4fe9-9572-c1317d616ac9,2-1,0,129757,875882,7262,360,0.3343266183629894,895,38.231969900171144,desktop,1.0783163450501367,college,0.8186906245264122,French,0.6652688376132397,0.6245002018321079,N,1.8603386356280802,46115.98709642698
8dbae56a-69d6-470e-837f-17b3df9f2ca8,3-1,0,757579,453945,81422,299,0.3203926412050595,631,25.123686085761186,desktop,0.35676368202217124,college,0.6604703617191539,English,0.45075620924862314,0.9365697359701911,Y,3.014212545332878,44220.200889632775
63cdd570-1369-4f2b-9090-d5b6255c51d2,3-1,0,170144,54804,119706,368,0.6636202348987221,1075,38.47747125561229,smartphone,0.6915925648161219,high school,0.5598228649434758,English,0.5510125803252045,0.740239954839288,Y,2.042341395341177,43822.275124476735
336708c2-b201-4f59-803b-092eea309d6b,1-2,0,373436,627452,42706,161,0.7368572106542085,1397,26.941536007813433,tablet,1.0468743353568482,graduate school,1.049308743431936,English,0.5545544641744925,0.6281815013441717,Y,0.7145303780200185,41472.532306159046
4ba34db8-9baa-42a5-bed2-a6381f36d03e,2-1,0,942925,229075,39941,360,0.6207869561733785,662,29.757658840188633,smartphone,0.2935881756826765,graduate school,0.492178762070535,English,0.40689587712423625,0.8883558125042271,Y,2.858701551952022,47621.85823056509
d75a8088-c158-4ab0-a3b8-7927d6e80961,3-2,1,454861,670555,9266,272,0.2087489750964705,800,31.70618139356108,laptop,-0.009105217425982914,college,0.7422103684978427,English,0.6961347859764687,0.6026698754773567,Y,1.757783120718259,43674.59405308247
dd12faee-44a2-40b4-b2aa-276cd7e690dd,2-2,0,529986,573905,58816,295,0.578244292471342,486,24.565793519034195,laptop,1.209702683463556,graduate school,2.5334193493693293,English,0.6175873209274603,0.2639912951514528,Y,3.6961858223052646,46592.81787987237
4f197cbb-93cc-4852-aad3-46d35f809f47,3-1,0,981360,788460,140171,367,0.24910687060630526,865,52.11333702347578,desktop,0.39366770784085137,professional school,0.5490844558609129,English,0.5556245651381718,0.6657809118064824,Y,0.5839705601378091,42701.62282321514
0939d037-9073-4b45-beef-4b1a9cb29fc6,1-2,0,469520,653590,85730,119,1.0766576171822089,464,36.43485948165764,desktop,1.8012640988335016,college,1.9403495026050703,English,0.9225737976063146,-0.23366230132330346,Y,1.451576628800607,43405.8096069623
e1937dac-e29c-4679-b93e-9d6284fd9da1,1-1,0,529611,398502,112768,340,0.3846433571154153,610,72.26499103314137,desktop,0.7502907710516401,graduate school,1.2142465897560322,English,0.5640472451886258,0.2278820611337855,Y,0.8710863569950807,41868.861643341006
8daf6eaf-3757-49a1-9fb7-77fce259e6fc,3-2,1,984713,928941,101960,326,0.43006022069615113,908,39.47890803934532,laptop,0.36368628864909014,high school,1.3700132421161335,English,0.5517124324545809,0.42359738289149285,Y,0.26366002606369854,44020.33230584898
bc0678d9-a75c-448c-98ba-86c4ecc10593,2-2,0,444904,710623,42283,150,0.5656617223259159,665,48.37952875633441,desktop,-0.2006508422136617,college,1.4961021993825492,English,0.531949157381521,0.7971404909481219,Y,1.9574042013185422,40000.52317203083
036b67f1-2e0e-4bc3-9616-c53f4bdeebf6,1-1,0,256311,359795,59694,279,0.5845828046788717,319,57.118279315918926,laptop,1.9052198261231381,college,0.10181311829350448,English,0.5420683591997308,1.067676972151001,Y,1.386450760323433,45687.63445340298
d1ef7d2a-2a3e-4130-968c-2fbc045ee618,1-2,1,420018,293800,142777,271,0.5041882947051693,1040,7.229278393856596,desktop,-0.2321383125298806,professional school,0.2909244433361853,Russian,0.3203060777950076,0.4140549709939703,N,0.9278081445822748,40390.31554890598
95cad567-beb8-48bc-9d49-b9f5b17eb742,1-1,1,348255,250921,19737,156,0.6260426075129917,295,57.022370994425025,desktop,1.2106826311842507,graduate school,1.569285306618343,English,0.6453862190894051,0.2294496804010865,Y,2.8560046777311556,42373.5155811467
11c943dd-a2f9-4e88-814c-7812318b5999,1-2,0,361546,467474,71807,184,0.9016137607039898,1234,39.81895770491161,laptop,1.0620150041495566,professional school,1.5419081866107405,English,0.21746313389948468,0.7476547113759461,Y,0.029322270897753633,47068.126355758584
dcf4d35b-0244-403b-ac65-5593edf94d6c,1-1,1,162369,960415,140850,278,0.13176234904276962,1012,36.25424934721589,desktop,1.1598722401715933,college,0.4343281154693568,English,0.7199091175503234,0.1445206578234326,Y,6.182744790368756,43448.13233273914
023c99b1-f32a-4d79-b5d7-197ac75591e2,3-2,1,667665,637347,15339,326,0.09457332415225606,1357,40.82793977047261,desktop,0.6727142793852765,professional school,0.23022331447430755,English,0.40989891807390255,-0.060129041292354635,Y,2.578838749637081,42990.50361056845
be165b4d-f223-4403-9d2d-d186464c7150,3-2,0,544842,206779,116122,130,0.36431016792977455,342,31.398177838577762,laptop,2.0578357843055315,high school,1.0635633034647411,Norwegian,0.9190855890925644,0.795199504486603,N,3.197486877842845,46873.06291941928
db4b8bab-f58d-4d9c-ab15-18335ea4b16e,3-1,0,202462,121074,104339,302,1.0257006641500115,1139,15.547224434946532,laptop,1.0709777825972868,college,0.9896405452983689,Other,0.6379457653613015,0.8378073518807378,N,0.45506547664863195,44740.68253802946
4ba34db8-9baa-42a5-bed2-a6381f36d03e,2-2,1,775908,158061,121185,153,0.7448653785109112,365,3.806262622953291,smartphone,1.6538555269080386,graduate school,0.5172884229702652,English,0.6191649578246646,0.6145139747346378,Y,1.3097998679959943,45725.89464887902
db095ce6-bb12-4f37-88e2-d9e76be1b021,2-1,1,241425,254993,80685,287,0.4507347652368601,1240,53.26939577387887,laptop,1.5864370074023153,PhD,2.2201219496059696,English,0.6129255497582415,0.7058676041733102,Y,1.4460569714423208,43639.891750543495
c76dd3b4-df4e-460a-91cf-30691faa6703,3-2,0,911686,273496,137216,194,0.20136499827633525,1205,41.3194419428643,,1.0079414691869608,,2.3198652631304704,,0.3974069965266259,0.42964241377862145,,-2.1306228152493314,41419.78010820787
c10c2f4b-5e25-495d-be7f-9678adcb45ed,1-1,1,968673,931871,81930,250,0.39250322657668524,359,26.314648427119614,laptop,1.1486436466676668,college,1.9396292966700257,English,0.7739850603201671,0.4429096506110709,Y,1.9394840948720105,43973.95092635664
5a403d6b-705d-4c75-aaea-443b79099f45,2-1,1,486721,387995,75136,126,0.6081867858737426,588,50.83627789659874,laptop,0.6532778453259243,graduate school,0.3864511439816899,English,0.5397140934014243,-0.21137672049913303,Y,1.9162250455680216,43150.571768101
24a6f167-5017-43b5-9dfd-891537602f94,3-1,0,715484,6298,40751,311,0.7253517407309393,1256,5.255652363902808,smartphone,1.6287333850220498,college,1.0258038371038927,English,0.5381158521657743,0.5059993189289126,Y,0.5291048579527409,43771.68507843671
afb433da-e4be-42f4-a386-41690af0783e,1-1,0,401424,394537,114343,123,0.6874024377167505,1428,35.66481489249678,tablet,1.259719107490645,high school,1.3969419992266694,English,0.4341928925372654,0.44366169525429466,Y,2.3037881989724402,43519.94930063847
17e9c042-57f7-4dbd-b484-3216d2baa9f7,1-2,1,912238,93282,77589,172,0.3558713833619442,1237,38.19690376830439,desktop,0.5417532788522492,high school,1.0433285541762651,English,0.8426250840392164,0.16203387572871086,Y,-0.3887498755860266,44451.76649583648
bd594697-306c-4969-bc64-971a4c6a795b,3-2,0,787674,758572,86673,180,0.47247269981098605,1432,40.99470703250203,desktop,1.4056770218001091,graduate school,0.7663195334288342,English,0.23129449786507877,0.7011456290223282,Y,0.3388500647248165,42412.055875418366
45b56b87-c43f-4c6f-baae-661bbb6e40c7,3-2,1,755429,967090,111098,262,0.3214799637618263,1399,27.776508944767258,laptop,0.6365754162590974,high school,0.8190144603307724,Swedish,0.1568494221083594,0.8388951807778513,N,2.5072480489387616,43182.48616561972
05a92b52-f72a-42f9-936c-9258bf385bf3,2-2,0,146296,216949,42209,341,0.4053726173803004,508,37.08862379298821,laptop,0.4719970279010437,graduate school,2.1150441379651,English,0.6124276117098164,0.6865531396874436,Y,1.682121421622918,42386.1895091737
45b56b87-c43f-4c6f-baae-661bbb6e40c7,3-1,0,63547,995287,104652,124,0.5421194020232859,998,39.04830631714196,laptop,1.6135686955111417,high school,0.8496617060390069,Swedish,0.7713081060431166,0.9584359164705519,N,1.4911364652685442,45595.936625378185
c4ca4342-0324-4995-9111-fae627df7fc5,2-2,0,348275,795364,42197,359,0.2485488761857575,1194,28.290892549779034,,1.985232751098228,,2.7581263378337937,English,0.7495871767373093,0.17256668386417034,Y,3.681644943781613,39861.04702136303
028c35ca-c434-4a6c-9706-5752290c6d4a,3-2,0,323154,826993,97809,177,0.4181736951672977,1108,34.08530044903527,laptop,-0.0027579725694588664,professional school,0.677739142008768,English,0.38946027285536616,0.21588207537838883,Y,1.714905551272103,42464.79780531978
6487b006-6591-4302-b387-45b630b259e6,3-1,1,144711,175802,100188,267,0.7226889285872994,1156,37.14255919661727,smartphone,-0.1550013241597783,PhD,2.0747570375472435,English,0.38673221537782976,0.7118733891891074,Y,1.7658543011084356,44800.35364052258
9841a311-d989-42d7-9ea6-f5d4e981c98a,2-1,1,703353,119620,140062,113,0.7462557783545093,1145,26.31196679170437,desktop,1.2582322979412717,graduate school,0.9285062093994313,English,0.3825754925715253,-0.050858844545825566,Y,1.5373371205318318,41468.97635514049
399592be-b15a-4ab2-bd28-0a210fefea30,2-1,1,643381,81664,85390,142,0.34107280513557026,802,32.51095529852356,laptop,1.9400240298335605,graduate school,1.4823812238553058,English,0.23236346373142824,0.8015976063552249,Y,2.205132721700083,46084.52280237815
45e73d9d-cc89-4ee6-a6e2-ab4582ed166d,3-2,1,443885,622837,93782,341,0.7117132941893147,859,6.5089617538187845,tablet,-0.05869437714393366,college,0.25106123497199917,English,0.6512555010034633,0.6511563037410819,Y,2.777115619952348,41287.45925717922
94001a0c-b948-4223-a92a-eebe14c48d2f,2-1,0,769968,562939,75081,144,0.46991204499766653,1046,29.01108151059948,smartphone,1.5724709825691574,,1.2939941802952462,English,0.4435376457003558,0.6084219654568651,Y,1.2828539573866609,46025.38636693825
e726e53d-6183-4ec0-b300-896df7bca3c2,3-2,1,33184,790952,99991,153,0.4346597794608782,525,26.527083497275463,laptop,-0.3538503430699558,college,2.1447226618197694,English,0.5093296276785378,0.912482429614423,Y,1.256943459713048,40485.27435423289
3208209a-6dbd-4582-ba9a-63a144f479f2,3-2,0,675117,779736,13489,340,0.720837775735432,1021,41.507743821974046,desktop,1.6277307925431872,college,0.9206523688414621,Indonesian,0.8554179659384715,0.4909720415739103,N,2.0026436682804563,42606.43616384683
f0cad925-aff5-4a6c-a8f2-4a0eaeaa248c,3-2,0,247073,337301,23261,248,0.5070143514674558,1366,37.7432642369844,desktop,1.1926946758192456,college,1.0857365946836686,English,0.6901178255650411,-0.5837745596907697,Y,0.5981086433925449,45931.86954413928
c4ca4342-0324-4995-9111-fae627df7fc5,2-1,0,321012,784279,61706,162,0.38151060536197123,1196,37.85849985433271,,0.9554819005084938,,0.9582566951531603,English,0.5747256681254194,1.0452675701864218,Y,2.3708679726731092,45154.13029945667
70d89d2f-00f4-4b1d-808e-ed50b71c3e5f,3-1,1,656723,476286,41779,164,0.6037073007920363,326,20.185079132824804,laptop,0.7223389370369857,,0.6636689533370179,English,0.414963270199387,0.562586815319011,Y,1.0405888531015974,47770.636596919205
b1a27fa0-3a9b-4b77-9c22-2f7ffd839812,2-1,0,131603,982399,32339,227,0.6350666544900454,1184,11.578643273663051,,0.8179958787743264,,0.7296697022162957,,0.6963726799926311,0.27127191031436126,,0.07736448005377894,43969.76960751501
ba947df3-ae38-425e-a2c4-d6dd7839b0fd,2-2,0,975104,286742,14508,258,0.21013956076654494,726,33.0881327853299,laptop,0.6162311206292914,high school,1.5007622024189433,English,0.3361375443011479,0.6101014901105414,Y,1.914347174284469,44283.03094935302
e7ea4b52-7611-4c90-905a-fd388cea9c0a,1-2,0,405142,481873,71968,147,-0.015521365405529064,577,37.84355447976826,laptop,1.3215653670089114,high school,1.1080231048317455,German,0.2298051078857548,0.01750094008504488,N,2.399783244801235,46229.51154053704
d0480270-621b-4343-80db-a5252e9d0a29,2-1,0,701353,775418,51062,165,0.41222664474030546,881,45.4235592790705,desktop,1.0818937040316037,high school,1.3164576019959882,English,0.43301840317226026,-0.022152474157691615,Y,0.8517324282334743,41569.6595614879
74103437-cefd-47b1-a905-d85399f681db,1-1,1,416469,851218,37978,302,0.6342814923906802,1287,21.99202943352377,,-0.08867054355811121,,0.47127983225432823,,0.39691926288513885,0.8010382486315848,,2.701601583954694,47123.95035181254
e4766279-7658-4830-b9a9-93458033e880,2-1,1,872180,520638,131772,228,0.2707035573325294,395,8.579522947933494,,0.18939885616340335,,0.8342634986513466,,0.2427923922330022,0.7155180327316453,,1.342433585929453,44387.641372632774
e781e374-74ed-48db-8e39-bdd209a83470,1-1,1,949650,179852,101221,221,0.8399005268733375,524,18.541619334170523,laptop,0.06971113753528613,college,1.2123237415142079,English,0.886227495964383,0.05591381353669972,Y,4.040608015304188,41353.04983196702
6b74a260-9d07-49bc-9cfb-6fefbe9a718b,3-2,0,720790,963249,6043,185,0.2916189707850022,1077,45.20210065170302,,0.8445066538972039,,1.6702913465822191,,0.24077649900219694,0.3353571485830613,,4.142238172769769,44438.81367814905
f1d9d03c-16e7-467d-8734-070773d65aed,2-1,1,765450,432263,9509,338,0.29086867799620875,919,45.19365827631924,laptop,1.3132938093391906,college,1.5495087453776817,English,0.43963512584278025,0.5780932779391528,Y,0.9082927878764616,42346.617469519304
06d98056-2cc4-4216-85e9-e3fe7d5751fe,3-1,1,126886,32912,98945,256,0.9251067382314982,1309,29.664086638484218,laptop,1.0109226552980817,college,1.037674057923711,English,0.5386758157910173,0.6507205467585997,Y,0.5927702209963461,41904.244948302075
023c99b1-f32a-4d79-b5d7-197ac75591e2,3-1,1,202927,408375,26190,136,0.304800475135953,491,21.22554930367617,desktop,-0.00032983911431494484,professional school,1.4142018419902744,English,0.8847921647182946,0.39729751172490746,Y,-0.4845985330797751,42677.565154690834
20bc2c15-8c8b-4581-89b1-ce290be145df,3-2,0,246849,729276,18709,244,0.468360977211742,890,43.81121370035507,smartphone,0.16529048078682906,college,1.2745695343439634,English,0.5595639835865203,0.07942166420402513,Y,2.0159588951968015,41489.012700513136
692642eb-92da-4af7-b9c5-d9e588a1cbf1,3-1,1,922955,945463,71271,374,0.595317939348356,1434,29.84558609388349,laptop,0.9772605991887939,college,1.42794288881874,English,0.2292659955621889,0.11234879430607403,Y,3.1197317527765307,43569.048471902235
840a40d4-fee9-48cc-a027-58628a5ca9e6,2-2,0,405786,617368,56071,270,0.47402448222411986,831,32.09642314482896,smartphone,-0.12471057227479321,college,1.4788853543030032,English,0.32944005750118394,-0.036014958824585386,Y,1.6684176929783339,44345.96957725731
ce47cbea-65c1-46b1-9520-f23d669514e8,1-1,0,894281,646413,51551,313,0.47915364054481846,1410,43.71517052605738,laptop,0.21136574002526098,college,1.2530414689899716,Swedish,0.09488466633144621,0.3966187001730497,N,2.297284428986128,41325.9139359023
41f5530d-ed72-4608-a119-a71dd31aaec0,3-1,0,783837,904313,78953,305,0.4580179065293958,1349,33.79569446926479,tablet,0.7031389489478119,postdoctoral,1.88966905585128,French,0.6460091847361095,0.6537030566756266,N,2.177331753294286,44482.72339633216
bdd0644d-d39c-4f9f-b351-42085d4174c4,2-2,1,610867,862352,120331,228,0.533709656963012,374,41.27362250814586,smartphone,2.0356562162512626,professional school,1.5199093094675553,English,0.6977381651042144,0.4940617597724768,Y,0.43662365148499216,43810.85363946753
832f42b1-7702-43bd-a55f-a71c4ad85b9e,1-1,0,310302,656171,87072,296,0.23221152237263348,827,55.61418308235247,laptop,1.3423842629637222,high school,1.731613059142476,German,0.27381620609986745,0.20419896438101215,N,4.334251036574116,44637.18772609514
af359589-3ded-40eb-8c8e-8c820ad019de,1-1,1,710791,280855,108868,371,0.6349864700639172,1174,40.98801171648732,,1.686420589335258,,0.8767267672657488,,0.703898799327781,0.43579661506709155,,1.4690968622264504,45447.69402499033
1b57438e-b823-4e70-95b2-c4659c379273,2-1,0,436946,896609,16445,318,-0.03803520637774249,576,31.138977461929844,desktop,0.36279714764973403,college,1.5257017123546865,English,0.17459923623610635,0.7068872276991723,Y,1.417543787454725,43742.62014981741
433026dd-691b-4cc9-84a9-07dbfdd8a56b,3-1,1,400446,841898,101684,323,0.13554271205510038,1212,39.51402375903205,laptop,0.46588490133255755,college,1.7986552733024475,English,0.6288615437511336,0.9588658615978857,Y,1.1202558570529475,44685.315642840746
026078fb-bbd3-403e-9003-57ef39309521,1-1,1,703974,269159,72162,316,0.7067431161411604,762,39.72123173429543,smartphone,1.1233131948468467,college,0.7550290333782999,English,0.4985423547052051,0.7460828507866771,Y,-0.25133815874059406,46181.74817400382
49dd7632-70f7-4146-be5a-cad4473fb75b,1-2,0,774593,501161,35661,380,0.4366172924675426,1375,34.760024269959715,desktop,1.8178189488986831,graduate school,1.5841566339768889,English,0.19683826333852295,1.2549699139145636,Y,4.2516327437530395,41407.16790332496
3208209a-6dbd-4582-ba9a-63a144f479f2,1-1,1,806316,444276,98870,175,0.13448582128652126,1240,55.181902836221724,desktop,1.5610641942066237,college,1.7325261749458205,Indonesian,0.3572132600862794,0.08871609036692463,N,4.154762451061826,41931.141204659776
2e50f9bf-12b7-4271-bed1-a1dff8a126f6,2-1,0,258876,833665,52743,362,0.613271608204384,992,29.95922975007882,laptop,0.7477306732637182,pre-high school,1.8405481943195576,English,0.393898519163438,0.5371141188350682,Y,4.2373405272239495,44581.93465164343
014c91ae-55d5-4aab-87e7-77c677f8a128,3-2,0,7761,98168,1448,200,0.2158570147479721,491,39.06006728871244,laptop,1.5694067425054132,college,1.1405901021769043,English,0.26258012942152437,0.5256389161407122,Y,2.839148775727573,44034.087891737865
d75a8088-c158-4ab0-a3b8-7927d6e80961,2-1,1,770146,601504,81438,215,0.47408026463561953,1381,48.24587770541993,laptop,1.4137407179486063,college,0.7192714965507486,English,0.7772111691830286,0.09193046976561431,Y,1.6808475680610389,39772.21892752967
24aa2b4b-800c-4a4a-bac9-727b1065e142,2-1,0,273632,114359,94041,319,0.5104783790301038,832,12.434201148522238,laptop,0.9572145401738803,college,1.0150570216153303,English,0.3196168978279057,1.4401771787671236,Y,0.8985705724612052,45973.62847966786
3208209a-6dbd-4582-ba9a-63a144f479f2,1-1,0,440387,438200,94664,301,0.41014946711142763,318,28.015190336906514,desktop,0.9801603218019224,college,1.6519762369889235,Indonesian,0.4289398945116919,0.5768744459134398,N,2.201931031871361,45251.74586886102
8cc63a40-be0d-4ffe-bf7f-45d515c40b6c,2-1,1,520988,793878,51415,121,0.7926497012494703,841,51.386848782391596,tablet,0.3621229168705684,college,1.272014245412592,English,0.6097772750393503,1.0130976514858185,Y,4.231027505513016,44143.974364739486
591c5b25-b236-46fc-9796-d2e943430115,2-1,0,612168,454301,64706,331,0.5503845481515013,309,20.378820738039753,smartphone,1.0356960889126559,college,1.7190445049938066,English,0.4109373838826419,0.7794925802393979,Y,1.4756966550279849,43676.814322605016
6487b006-6591-4302-b387-45b630b259e6,2-1,1,441902,37022,135212,261,0.6827416932234708,1291,28.84736684845006,smartphone,0.5199914664865587,PhD,1.8624247949365476,English,0.7196993379424873,-0.12283243915772335,Y,2.2552417796970876,44792.752972087066
6487b006-6591-4302-b387-45b630b259e6,3-2,1,159862,202501,75097,343,0.462689500198765,444,60.91387126089124,smartphone,0.6950426430470564,PhD,0.8421759922703911,English,0.47140438051954714,0.02115582752359285,Y,0.2670264210991542,42809.152850658065
a8d07b3c-a7d4-49c9-b2b9-07c268f706fc,2-1,1,652424,752202,23968,142,0.35039468844250504,861,34.52113532462739,laptop,0.8876415096933782,college,0.3186832427587787,Other,0.5399533173524457,0.3737532599276091,N,3.719048931272308,42387.849705858134
5ccdee25-cad2-481b-8033-c90162b98ec7,3-1,1,988716,366597,22202,230,0.9118086190679258,953,31.80535751806987,desktop,1.3698138603941428,college,1.4240641314183935,Other,0.34866728616693576,0.2999924919889957,N,4.67970218138259,39597.819262803176
f33ac1f3-83dc-471c-9b3d-dacdf51395f3,2-1,0,959663,753769,77064,150,0.3534306252404799,1144,18.829453690419527,laptop,1.125871578031412,college,0.5502919564545845,English,0.3605447571696298,-0.026457377259601844,Y,2.1029771403892523,43320.028538321
b502be75-8bea-4412-9b7d-813e7bba3685,1-2,1,161515,523488,134630,125,-0.07287254818586997,816,33.300846706107386,tablet,1.8698030910369754,graduate school,1.488079057318199,English,0.7767246356544861,0.3325794071305311,Y,2.434493783706438,44454.04885934951
9bd7345e-fc32-41f1-a8c6-ee371715652e,2-2,1,330084,720514,26716,154,0.5666134936798928,1437,38.28740107045326,,0.29076356008063775,college,1.0856519851615236,,0.5770602423026783,0.2965730300398989,,3.516947584527104,46920.58259718367
be165b4d-f223-4403-9d2d-d186464c7150,3-2,0,76914,753215,95402,238,0.5184622212942147,1212,27.618801959542107,laptop,1.4542940766951438,high school,1.2768472383607254,Norwegian,0.359881736044489,0.19299597328813245,N,2.5598115691925667,43867.5559816978
7c73f8eb-7012-45e2-b6ad-2197ba40b925,2-2,1,170169,960950,8367,132,0.7816526125660025,703,52.210773749518744,desktop,1.7838468704722024,college,1.262796783593973,English,0.5600046893833373,0.34277862044460655,Y,1.9448990587409554,46529.5933822832
aa6ebb2d-1a1e-4fc2-8f8b-146561327a41,2-2,0,846402,395125,129673,113,0.6950159183326952,1145,29.257482111738007,desktop,0.8098220489362608,college,0.6787023152301082,English,0.515207239786411,-0.23630165063850206,Y,3.986550982337599,42393.13359377116
2f391d00-fce2-4b0b-9e09-e98753d78adb,2-1,0,129124,1001498,93997,379,0.4732215403735737,1279,29.54334760238081,,1.2848909136749176,,1.3678292222330253,,0.8170538565164829,0.8368961730738101,,1.7935498677498811,43560.44916655734
cf8cc387-399a-46fe-9313-9f73def19457,1-1,0,850712,292972,24858,263,0.14819408942154338,733,33.619521122970596,laptop,0.6163292330664254,college,1.0569004970059441,English,0.6572668984586938,0.637963202639765,Y,3.2937110573957504,43383.33216602899
482de720-e72c-4225-b693-68609e6db53b,3-1,1,1010888,450332,130838,191,0.7951936281012317,1012,29.728312023209362,desktop,1.6327762484401762,high school,2.3268833454286297,English,0.6221162837633749,0.8426058876857527,Y,1.0339563030107426,46187.93188229267
6aa0c48e-1055-44d2-9d58-385715962733,1-2,0,656911,726773,84456,214,0.4779273534870638,333,24.802468173162517,laptop,1.435511896699654,college,2.160733703415392,English,0.45448695014319573,0.40222625634645526,Y,2.7791802390698406,43854.898848534875
c4d4c7b7-bbed-4695-b98c-0b5c48e29abe,1-2,1,732048,523351,114822,165,0.47840097396719705,945,38.62997391911009,,1.9655467378070721,,0.5920237925774071,,0.6646938484909316,0.23653809384923152,,1.2581160926706678,45527.13641395087
86fc00ec-2ecf-4b13-b031-7de5b98c4716,2-1,0,862111,180511,4175,170,0.42544422225753925,1356,48.532186043177035,smartphone,1.6733456096144144,college,0.886084759261907,Dutch,0.41888926399674997,0.6954186379845264,N,1.0670618488733496,41779.63660417287
8205439c-3064-403e-8fe9-b46a0c866470,1-2,0,588516,617784,134882,215,0.4634776071195432,830,66.00028472255364,smartphone,0.9749594216853319,college,0.21346396499348397,English,0.46950347901723416,1.0628683677460162,Y,1.2239196675186272,43064.54154259581
d77f1a0e-29fe-4341-9629-55666d082f4b,2-1,1,987968,40689,79282,362,0.6598941409395486,562,11.589220983489312,desktop,1.262213848924465,college,1.3807514818522628,English,0.34793630730207137,0.39553842383735194,Y,1.9943849404439993,43877.31922483301
08aad1ce-a5a5-4558-819a-80e470e455fa,2-1,1,654692,186470,28945,293,0.8092967089082472,585,9.366769039323465,other,1.102421921420189,college,1.7089250406923484,,0.8168695273226625,0.784992120287324,,1.0154406602547668,41946.51779635484
332f3d22-0b01-4c63-9df3-aed8cc851469,2-2,0,299641,949715,120148,367,0.5161353185043586,1043,26.70053245071268,laptop,1.0006817170461533,college,0.8824165921681232,English,0.7296733099107982,0.6224121423299925,Y,2.0120130573081703,45112.963358831665
de7bdd42-441a-4961-a547-2ccd7ccec379,2-2,0,949776,498969,83754,245,0.8426295802830951,833,39.144854945873696,laptop,0.6691089597982072,college,1.3434535047225875,English,0.652202897118757,0.8521560723836197,Y,1.497920930938788,42027.569361549584
cf8cc387-399a-46fe-9313-9f73def19457,1-2,1,371015,310846,87649,282,0.43777033116869923,316,25.68264808242909,laptop,1.0304572287261626,college,1.028371291730358,English,0.7002841740379782,0.8365576826283879,Y,3.9607034311896876,43469.98388595505
a3dd9852-6cc5-4893-a6be-e0eed5e53e52,2-2,0,259362,559415,31448,232,0.4742477457056501,1152,49.84932343697908,smartphone,0.21810111086666006,college,0.6932170947044626,Other,0.6797098566956117,0.7521270282351926,N,0.9944429098615045,41730.939393658155
036b67f1-2e0e-4bc3-9616-c53f4bdeebf6,2-1,0,541447,585074,68426,343,0.5083229629007437,760,44.076808845908005,laptop,2.1316503679432977,college,1.1792247724940614,English,0.1860405526414624,0.9010112823463137,Y,2.3364962001230607,42770.699314418984
14bf8206-4d05-43c0-84e6-984bbe11a47f,2-1,0,316184,165312,124061,170,0.444116580698838,1107,26.769291309348123,laptop,0.3560390743340668,graduate school,0.23917852943348528,English,0.3898906237298273,0.4783787841963774,Y,0.35607505640679005,45322.06672046278
db4b8bab-f58d-4d9c-ab15-18335ea4b16e,2-1,1,462849,728970,43207,317,0.37767577957912585,1209,14.88159425182521,laptop,1.281560345404404,college,1.2773640502577435,Other,0.23252189787540584,0.5229696249939689,N,3.0157764423344466,42442.56480997329
76d25023-7920-4e91-a62e-db630eb472c5,2-2,1,312633,273507,127588,243,0.41749455680529235,388,42.160652460573836,smartphone,0.7265119645701368,college,0.3166251786973634,English,0.16797140242693737,0.5150621753503799,Y,1.5314696989011027,41407.07191435581
db4b8bab-f58d-4d9c-ab15-18335ea4b16e,3-1,0,334856,232166,45948,272,0.9281059760810608,1411,51.214581667804254,laptop,1.4904383157321337,college,1.961982900445817,Other,0.25026425213898906,0.45799879648941566,N,2.647213981971621,44481.94852727055
e66ac7c3-faeb-4b2e-8dbb-929d29a3bb65,3-1,1,71038,500478,106060,127,0.337551815281157,291,44.67161349083939,smartphone,1.1284794897699202,high school,1.4509180090173022,English,0.44534505183672946,-0.1373705308539065,Y,1.9448330847332582,43053.440893975625
087aef1b-10d8-4753-a39d-25591695d5fa,3-1,0,102142,681182,136649,267,0.6458933730368352,817,48.795882106604694,laptop,1.6410872162701549,PhD,1.5544133223175263,English,0.675581277078006,0.13705140924151998,Y,1.378964758188054,45431.9791239712
9841a311-d989-42d7-9ea6-f5d4e981c98a,3-2,0,819066,36350,95115,330,0.9481419185331662,1376,30.105878001716288,desktop,0.9491835094163386,graduate school,1.328718684227099,English,0.2234503589895811,0.5154663135076604,Y,-0.6002650141209096,45548.23933304654
cfddbee4-d7bc-41a2-b2d3-a6380269d199,2-1,0,582170,252183,138370,146,0.28804945702217677,654,48.36668702265811,laptop,-0.019928517192328243,graduate school,0.9177717420966547,English,0.8586119373820187,0.9775368328799083,Y,-0.12454795538617058,43897.047094824775
417336ae-daf7-42ca-ae3d-7ebc05e0c43f,2-2,1,47527,94755,88999,338,0.44151867138289297,450,29.397972353095135,laptop,1.03484204596773,college,0.5709459393023011,Dutch,0.29589494814315664,1.2561488680280606,N,1.0587518409464025,42673.075127291835
f9b78c22-3fa5-4a9d-b697-ca70e5a794a3,2-2,0,690891,837304,5735,267,0.5660480241236066,547,19.516637385494196,laptop,0.5446306982461457,graduate school,0.8390709755969644,Portuguese,0.32283651153426396,0.2753429829350792,N,1.771816013325534,44604.38953791509
9bf41690-b2cc-4709-964d-7c21b856bbf8,1-1,1,782623,425651,122439,148,0.6215406027244441,1250,16.186916254677126,laptop,1.6286759473449028,college,1.5955682450476143,Romanian,0.30747134908177776,0.13439275282563146,N,1.1802763469703816,41315.74391799336
8711ed93-34d0-4b16-b713-b1ac804d7742,2-2,1,692704,719529,80092,281,0.3638713854926362,1081,40.27251413644056,tablet,1.1778998127214453,college,1.2048964768091441,English,0.6354622962022096,0.38834920562509667,Y,-0.030863487374098053,43987.17541009301
b4161534-88a5-4dd5-9160-ccca3961fb40,1-1,1,65551,47374,131507,177,0.4228134640152187,524,49.88892552674367,desktop,1.4328186855467795,pre-high school,1.2130649663585178,Russian,0.8339331491676782,0.9021764684535541,N,2.9281411608034817,43440.24277621532
c4d4c7b7-bbed-4695-b98c-0b5c48e29abe,3-1,1,893488,437694,95247,285,-0.023946842980669514,792,35.99881205752674,,0.2724074245589422,,0.7719704966494276,,0.3466541896541408,0.42569062928296353,,2.155492894795378,42237.081128964426
ee53e6ab-48ea-4636-8141-e636a103cbb5,3-2,0,654935,459533,5522,108,0.012924788086838057,723,42.8508415978824,laptop,0.4230402797700228,high school,1.6457099659407741,English,0.6726879753002848,0.8227900564682669,Y,1.6768555220090946,44141.13509969443
58489ac6-e6ac-479a-a4bd-f2c8e6575a10,3-1,0,1017614,803034,3520,228,0.5817285704284958,1352,12.548299089276874,laptop,1.2071011410065013,high school,0.7407799466573926,English,0.6047283986319585,1.063709218874905,Y,2.2195301930211357,44882.13902460984
c6117094-afdd-4f97-9496-9df675e1485d,2-2,1,334319,855988,6589,377,0.31238869666361613,736,29.669549818137664,laptop,1.4127047031602424,college,1.3875377727583418,English,0.4553626662258537,0.6375465715425214,Y,1.0093641085089418,42404.8050424405
8716e0ad-f17c-4c46-97ed-2c9643a576b0,2-1,1,712657,729187,127523,360,0.14696109856852674,486,33.33893499177508,laptop,1.1059380743817164,college,0.6873295917382559,English,0.665054986988713,0.5467907823249423,Y,0.8873504356632449,44715.17836182522
95ad60c1-7c93-4341-9da3-763bbed405b9,2-1,1,659553,506441,140957,317,0.8246849902884525,559,31.529267650047192,desktop,0.752301144610636,college,1.7898590565565091,Chinese,0.3092828967474462,0.7639788144694539,N,2.157369513447646,43755.342239976875
ea2dec1b-93f0-4fdf-abd2-49c6087d3b5b,1-1,1,669849,803453,124481,304,0.2513373205160071,1231,28.74588321483033,laptop,1.6376324674323266,college,0.9774761705836269,English,0.8072540930891084,0.39004348952800544,Y,-1.8854616315741612,47365.93358823038
b0d76a60-3231-40e1-8fbe-d4d020b33e22,2-1,0,739784,227109,28952,232,0.6829389477940948,1334,18.154698699338233,laptop,1.542913550034255,professional school,1.7088567442672318,English,1.0113876310188883,0.8143119330727746,Y,2.095252426791424,45041.0890913662
a3dd9852-6cc5-4893-a6be-e0eed5e53e52,2-1,0,714196,374203,73662,196,0.3086107490865001,673,44.40938587485014,smartphone,0.6989089269243361,college,1.0067535962883143,Other,0.31970663313982606,0.4892884349430446,N,1.3036863423085139,42106.282670927896
9b2ec410-aab7-47b8-a6d3-19e9c1e54d4b,1-1,0,182338,181164,31961,287,0.2969269917341574,377,31.60310410342046,laptop,0.7621413763806871,college,0.5149475770148341,English,0.4398545945951292,0.7981392407874399,Y,0.8493373770801584,42801.492496326704
fff115a4-7e00-4376-888b-03c5bdee5f3a,2-1,0,606431,800298,119887,107,0.7361263140310856,1317,50.185635943481486,laptop,0.7817112351071407,college,0.08851556665021532,Spanish,0.422194516628951,0.4636531877838165,N,0.24200341128363556,44417.847278812136
f1d9d03c-16e7-467d-8734-070773d65aed,2-1,0,60992,353953,102039,137,0.8461100256401874,1066,29.457599104668976,laptop,1.7174428602544363,college,2.4710357341410374,English,0.44147888599752083,0.6724212027387034,Y,1.0479130186094474,40635.70126264582
a77a0634-aabe-420d-8348-0a7372b161d2,3-1,0,171611,721356,75677,267,0.46002705271682837,1239,38.96428071307372,tablet,1.8626089207991,graduate school,1.6114711605884253,English,0.8917113985748271,0.2893022673210156,Y,1.9169368798331425,44613.02322717156
769bc77b-f052-4fc6-8516-94a46941667c,3-2,0,568007,6273,102017,293,0.44718903027459483,1109,26.97392819051261,desktop,1.5619559857201448,graduate school,1.015089147636397,English,0.46189683696944217,0.5449951133378356,Y,0.04911194011024067,41767.460719831804
4ba34db8-9baa-42a5-bed2-a6381f36d03e,2-1,0,878939,906539,32501,114,0.6949296738624934,639,36.75684423180965,smartphone,1.3168188915356074,graduate school,0.8868118244689612,English,0.5713554114981185,0.9767930858280556,Y,1.3361964359562615,44424.86429262319
154c0760-9c47-435f-8335-5f1178d12e46,2-2,0,494232,389268,33452,247,0.5632633921202672,427,23.71909689284289,laptop,0.13358462062683973,college,1.4685857619435359,English,0.19940417350294576,0.7896924773032841,Y,-0.09297626521509561,45664.84387419583
6aa0c48e-1055-44d2-9d58-385715962733,3-1,1,915762,858012,3510,116,0.7057602942592813,687,30.58274422503017,laptop,1.1737930751962204,college,0.4175972552621725,English,0.3801587524860572,0.6256572936357472,Y,-1.353125629815747,43430.33501160396
14bf8206-4d05-43c0-84e6-984bbe11a47f,2-2,1,379710,596544,92944,138,0.41424874450981863,876,42.488385190321026,laptop,2.2920473088157625,graduate school,0.9437123642119333,English,0.5869114849242307,0.6008982074304877,Y,1.6476092248643528,45107.3595308386
5ccdee25-cad2-481b-8033-c90162b98ec7,1-2,1,557299,423538,90958,360,0.12691047307209935,1149,47.85233045597003,desktop,1.2003857788200218,college,1.280825163439851,Other,0.7917351629678355,0.3356698499967242,N,1.6522380775353123,43723.55506580047
8053404b-3274-4b36-a3ed-c3f4cff86dee,3-2,1,167389,962306,25066,365,0.38980893335512445,1190,27.200909542576685,laptop,0.9754803188824107,college,1.1833000641418467,English,0.7906474807969557,0.9299214212054966,Y,0.1460249827168587,41562.24121069097
0010d921-1f71-4511-834a-55096185fabb,2-2,0,129703,148339,17590,359,0.5245777876043739,287,43.38538391211163,laptop,0.7249570110170536,high school,0.9913421312036885,English,0.49360567137299705,1.1766508441914205,Y,2.5792905417711296,41175.33379771856
2e1d768a-de6d-4d56-ba2d-acc494ec8687,1-2,1,687274,552997,120060,241,0.47386891123915353,698,52.57322524531216,laptop,1.4760399879598105,college,0.677933413256363,English,0.4394942514308464,0.539402215777596,Y,1.0867986239175726,42899.11403524159
b1a27fa0-3a9b-4b77-9c22-2f7ffd839812,2-2,0,698974,453604,105000,208,0.4412292571587626,1152,10.731885787876315,,1.0094557368255876,,0.727837470704657,,0.4317705431239349,0.5048335840014686,,2.2332563464675195,40654.382638099436
03f385b7-6b1b-4549-95f3-1d999b1df64a,3-1,1,945185,174071,7825,239,0.34186366346667285,327,33.61396106915205,laptop,1.7743084110854976,high school,0.473772586787892,English,0.48081281774824547,1.0154667685034837,Y,1.655705424172723,41276.44485734028
0010d921-1f71-4511-834a-55096185fabb,1-1,0,823090,603013,97357,236,0.3734149136008895,773,39.601607861474896,laptop,0.6861413086444275,high school,0.860799950338675,English,0.4534290974818714,0.1329139149664852,Y,0.1947452859244423,45358.229127676364
bbf1911e-20bb-49c1-9bc7-c9103f55c169,3-1,1,329727,897388,53997,226,0.6001512877328778,554,66.28234926251994,laptop,1.2878685906877108,college,0.5734361174942817,English,0.42597502771436757,1.070199062894949,Y,3.584017940871122,43378.10815727067
43bf127a-e9f8-4553-8ed9-5bd8a1da3ac0,2-1,0,335842,156079,5024,285,0.5928677668016771,1088,18.523344605383745,laptop,1.2659997452828033,high school,0.8791512994582797,English,0.6929608060938202,1.3426242026017943,Y,1.5331134394158907,47131.5829738713
089fc400-90dc-483c-907e-f7143fe77183,3-2,0,754441,90707,27708,240,0.7880824994099944,880,41.895866510693786,smartphone,1.4746993719114927,high school,0.5575169042344843,English,0.5710257542114765,0.5449599142609962,Y,3.623751139072821,43745.73388305542
a77a0634-aabe-420d-8348-0a7372b161d2,3-2,1,495674,635419,137490,257,0.16899769135839748,1305,57.086677925418044,tablet,0.6276073127373701,graduate school,1.3150911914635985,English,0.3783395600616857,0.09501279859883566,Y,3.4443047364288364,44102.03268010218
ff86ae10-c0aa-47ec-8b3d-4d48cafa9039,2-1,1,767303,734860,109269,143,0.5283653229535474,839,65.79494126247721,desktop,0.7051340659059271,college,1.320776905078152,English,0.706484434860108,0.9411865191694939,Y,0.814865615555095,45654.697067132955
c9912952-1990-4415-8cd6-b5b96d6e4267,2-1,0,89255,418917,59289,260,0.3483827565608185,879,34.01065074023742,laptop,0.4184251330935882,graduate school,0.619352148211911,English,0.49747612245806144,0.8750773294503944,Y,1.8946770933986183,45876.8529864185
5defc8cd-7312-4744-9ac0-ff39228637ed,1-2,1,149264,905459,41574,247,0.8335858093377706,1064,18.313787529934373,smartphone,0.1365758992845547,graduate school,-0.2799563572102577,Czech,0.8743225495579774,0.3692114427168266,N,2.5643392189030707,43299.688063185444
95be5385-2c68-450d-9591-83bb9246442d,3-1,0,276230,662355,140430,246,0.2093249343568227,484,46.21905528806812,desktop,0.9244362379407097,professional school,1.2471109716732585,Norwegian,0.36319185504912144,0.6678258151457299,N,3.5752904125834357,43392.21201178342
100567eb-57a5-424e-86c1-4a02cc690c8d,3-1,0,855612,340414,76873,145,0.23555008666356037,1371,43.00243150269603,laptop,1.0483826703599934,college,1.0749373062178535,English,0.24693778588842474,0.25335877040532684,Y,4.798147270971438,41815.39021390041
540ad2c3-6798-4093-8f1c-3c3a0ea94ac6,1-2,1,15730,371858,22811,310,0.5422642798335802,395,27.97693712731015,laptop,0.047378370414642546,pre-high school,0.6450791628489054,English,0.23575882682311133,0.9186860048822387,Y,0.4107379794347259,45634.417957845006
934b7cd1-b84f-4fae-8981-c0231b37dc5b,3-2,1,711590,80035,49551,205,0.5315128554382056,466,65.89560413416862,smartphone,0.8410906962768618,graduate school,1.644116250824169,English,0.39460142838971674,0.2750383120414278,Y,2.3990909263840474,44688.24596598678
95ad60c1-7c93-4341-9da3-763bbed405b9,3-1,1,586326,964023,20888,258,0.38756294862636154,696,45.761099434164,desktop,0.036416708582157176,college,1.6619963002932034,Chinese,0.43956693798143714,-0.31324946593092906,N,1.7988914533941556,45450.39385548509
e15bc5a6-d4de-4e87-a1c8-e21fb441910c,1-1,1,958967,587262,134194,204,0.6695623367619886,814,29.151536621719227,smartphone,0.6288114311435764,professional school,1.7516192315824206,English,0.4426975204369256,0.553144488108357,Y,1.17755494916213,44548.22033690608
ad4283c9-d606-4e9c-b45f-7f660b31f5d3,2-2,1,539537,823962,77304,252,0.95128516108713,1327,36.70854072231728,tablet,1.7598872718092244,PhD,0.24162278272335003,Dutch,0.34705314914328966,0.8758456239134749,N,1.7429657832669387,46558.9265102634
eed8457e-2f39-4f4a-a3fc-7bc9fa57d880,2-1,1,449844,37198,67735,107,0.25891394099475856,623,32.94665004091776,laptop,1.244780603966904,college,1.2941877066406446,English,0.8017059018081614,0.3326735566712257,Y,2.05255291264302,42309.23006605362
94001a0c-b948-4223-a92a-eebe14c48d2f,3-2,0,678853,197421,25229,194,0.5492505662725307,325,46.6597382138675,smartphone,0.736858713162275,,1.1038763609244893,English,0.30777034676166065,0.4806300403891662,Y,0.8578399770057944,46463.02550652584
74103437-cefd-47b1-a905-d85399f681db,3-2,0,588786,277333,142985,141,0.8185704986281921,1273,45.4548074459604,,0.8562265307769013,,1.591305270497618,,0.42868108233543745,-0.013855608592708957,,3.746830863118555,45254.09313072902
b8f4ca6e-e390-464a-8d7b-7e81fcf0227e,3-2,1,949165,301953,68082,379,0.2946531251711394,1405,48.412959283586744,laptop,0.4472269280711505,college,0.7542107935023503,English,0.4912140023830761,0.8827755620023364,Y,1.7807364487599664,42007.70619941741
49dd7632-70f7-4146-be5a-cad4473fb75b,2-2,1,593708,738475,78111,164,0.5915264708001876,1079,40.60708775679741,desktop,0.05505358307029906,graduate school,0.44572029439597094,English,0.533908882377359,-0.009480838023839033,Y,2.611786698608337,44919.45076024867
134bf53e-1ea2-4b61-b39f-a1e444535f80,3-1,0,989967,478874,103792,283,0.44207489302327835,685,46.58059913014092,laptop,1.029829270552277,graduate school,0.6477940531805149,English,0.7480071256791287,0.5846652828462874,Y,3.1318114013290392,46317.24173414612
323a09e0-4da8-499c-b80f-5802dbf08cb5,3-1,1,425481,981914,48306,316,0.4759922751266322,856,31.75175091838996,smartphone,0.9003011871825706,college,1.2959355860734578,English,0.549178543807057,0.2727323646431947,Y,3.098795338504642,42178.87377598489
087aef1b-10d8-4753-a39d-25591695d5fa,1-2,0,338228,924179,115197,236,0.5811532621515508,1184,46.22870867594509,laptop,2.567009921988072,PhD,1.5735318354147476,English,0.9094682532426646,0.7474672249775546,Y,0.0904840473742996,49100.57463082521
dd3b3024-ad2e-4cd6-8c24-3b0c6ab90dc0,1-1,0,360602,144654,130404,161,0.6462408933260733,604,24.89910307614724,laptop,0.8419332017242773,high school,1.3378306839998624,English,0.0672801503003157,0.3601517440415759,Y,1.2153417022778246,44019.94292390011
34604f27-94d7-4af3-9b8d-7c9fa836e7cb,2-2,1,1019150,16141,125884,253,0.6352358297596683,959,40.115479836604294,laptop,0.9756859812406261,high school,0.8296225990139506,English,0.6896334723657973,0.5567279161328574,Y,0.1860729012341582,40399.750979847915
ce41ecb5-d3d6-467d-8d90-0da4db858b7c,3-2,1,649691,405113,141092,279,0.2530127870278923,953,34.52699692202007,smartphone,1.2873151660834528,college,1.3887035759413249,English,0.3521362149232066,0.4719098484604666,Y,1.5308548851240718,45317.38242429515
d816358d-20fb-48cc-8597-6ce3578251dd,1-1,1,158723,424393,128370,198,0.700945712907602,895,23.747659639731257,desktop,-0.5956424782535583,high school,1.885303056475986,Norwegian,0.495908851788035,1.110497852851192,N,3.4920678180840348,45199.714963950384
44593a98-060d-47ea-9a57-97e0c70027d0,2-1,1,820755,461542,142991,155,0.7211330095377636,537,23.717167608466404,laptop,1.6895759172836926,college,0.1766335694276181,English,0.22529801395937832,0.6551249209993877,Y,0.02108250826113056,41881.36554766886
203a6897-eaef-44f2-ac30-f8e9d95fa886,2-1,1,68325,257269,142927,347,0.36830314681637866,1404,23.4683519665409,tablet,0.3534603312612452,PhD,1.4111019222742356,English,0.33729045345644226,0.32132571733276494,Y,4.940820492006669,41722.60820275108
a12939e3-640d-42c5-87ed-83c1358c4698,2-1,0,841894,294311,80200,285,0.5904615363653465,1182,50.96024020784818,laptop,1.6642530780853533,graduate school,0.9086060617362584,English,0.7472678594175276,0.6952114415484614,Y,0.6484550098984341,43905.15142206077
b95563e8-9d70-4aee-8c29-b2d677981d92,2-2,0,173630,541477,36529,188,0.5191909925721401,1050,45.158134678330725,smartphone,-0.32802853039650093,college,0.5165138708744517,English,0.9080248254807435,0.8270923528002219,Y,0.770949133707425,43144.543799913496
c000581c-20de-42c2-9978-3278cb1cc4fa,2-1,1,522302,367238,101663,341,0.18132224379857786,639,47.19940673970051,smartphone,0.40691850199129465,high school,0.3617514278401658,English,0.699053435415474,0.3244308666103991,Y,2.182903511739911,45295.359114954874
0befef59-998c-41d5-a028-cda46345a259,3-2,0,679125,499556,100131,305,0.15543342920871528,874,35.68634217365885,smartphone,1.3758958815740852,high school,0.6082799573936573,Other,0.29540009500754794,0.059944409503202845,N,0.4276560249492818,41586.84766341639
c99a4a23-599b-4fcf-905b-a0330bb7b595,2-2,1,587803,676741,74628,315,0.294984446165561,363,58.660529261062464,laptop,0.2164957234254088,graduate school,0.7496719143453365,English,0.638996958737249,0.4649464673694109,Y,1.2076359619684864,45372.98122956939
e893554b-e41b-44f5-9247-2f1b1ca49f52,1-2,1,43654,953438,56044,192,0.8759948703171887,850,40.65746994221212,desktop,1.1888238909945947,college,1.4237308793321164,English,0.6618852740889287,0.6615347231202969,Y,0.03000961754449838,44361.80878869672
5a48e48b-30ca-48ad-a397-3ecf853bb5c9,3-1,0,23704,865379,138299,350,0.8273355556718083,607,49.60843690455423,laptop,0.050650737295881654,graduate school,0.8648433772328805,English,0.6327687577742938,0.4577623836062602,Y,1.9963640290041103,42850.74935157825
45fb1767-91e9-4d69-83f1-3c781425982a,3-2,1,993434,918140,105032,160,0.3677729099708898,876,47.43022930513144,laptop,2.0293191915157704,college,1.0235840344867722,Other,0.500517187382316,0.9041589384272635,N,1.485503294789538,41975.87274384331
cc5900ac-23f3-4768-99c4-faf9c29e9382,3-1,1,562628,494100,121356,366,0.44726994568739703,761,40.36793303115314,laptop,0.8672410007065472,professional school,0.7779523248295284,Spanish,0.35434373671413644,0.6977293510208116,N,-0.040172278234682945,43773.66707003246
001d6664-0e5d-401b-bfd9-c2985739e2ca,3-1,1,25782,554730,85412,153,0.46525801916746606,303,41.63581143668244,smartphone,0.4253458553788677,college,0.47268953033048766,English,0.5422651368250733,0.7812288310868633,Y,1.2589061737319853,41371.99516975274
16d05f08-7a7f-4b5e-ac3f-b7a64a5ec349,3-1,0,424012,572853,93693,251,0.8669306145956865,999,56.14493092512815,desktop,0.8778953263574617,college,1.5333123955863937,English,0.536727579624428,0.9129738653290409,Y,3.030780267857629,47486.465084700234
c16c936c-e99b-447f-b617-9453bbff6d31,1-2,0,122938,649900,69478,250,0.3693410434591919,935,47.10550460407629,desktop,0.8650782496629125,high school,1.2255270937410188,English,0.7329440316864931,0.2245581933399653,Y,3.1679245089164008,43367.5793874857
ad4283c9-d606-4e9c-b45f-7f660b31f5d3,2-1,1,416085,538597,85265,172,0.044471541132305725,1159,26.853120630470812,tablet,1.1452243391130192,PhD,0.5521862661019757,Dutch,0.6252241623852334,0.9063959924217191,N,1.3446402319762747,43707.626050953106
e1205048-076b-4e6f-a4f1-23fa25931539,2-2,1,538966,597812,25581,308,0.3318322294337246,1072,29.456843200155966,tablet,-0.22410272731911607,college,0.2786734320428331,Russian,0.7580715597049268,0.5703940018272069,N,1.1038774429807374,45224.07861914919
cea04555-57d4-4edf-9198-e8aa302bc070,1-2,1,280463,146044,127642,372,0.5155609374918888,306,34.98857183224803,laptop,1.213382232646473,college,0.49243822166341855,Dutch,0.2409761967435946,0.9029194549047228,N,4.910132854832469,44328.77400985388
79dcc136-af62-41a5-a697-40d9b8f68d3e,3-1,1,20432,182004,125204,133,0.8993255064853475,583,34.375358014722025,laptop,0.9116118673850041,high school,0.6423758063903933,English,0.27175617652029055,-0.03107414419615795,Y,-0.008468481227656977,43092.31859136064
a5e829ad-603c-4eb6-b078-c82074eae0a3,1-2,1,290557,743733,9668,121,0.4361653853244045,293,13.03433741755688,laptop,0.5056724774090768,graduate school,1.3866271628660196,English,0.7144453733745375,0.5595724280160915,Y,3.542678589754659,42725.35294468065
203a6897-eaef-44f2-ac30-f8e9d95fa886,1-2,0,528333,564791,61189,183,0.24426353788386218,883,36.47663723717191,tablet,0.7787989226532452,PhD,0.9126127654092777,English,0.49582625337820596,-0.03513237908090783,Y,2.1419785608598167,43919.349536622685
8d39576d-2b3d-4eb4-acfa-32254991618d,1-1,0,210520,704729,5923,326,0.5323750989979342,286,28.049867597952066,,0.8824917268342727,,1.6823820243003849,English,0.38768631272297316,0.35540027791085294,Y,0.24253906368091704,42115.262773461305
a7961f82-b7d1-4a3c-a0e2-6f03d8424b4a,3-1,1,388094,975377,132409,355,0.35291436228479844,776,20.709574048945434,desktop,0.9198505483388522,college,0.7441881626650229,German,0.1490457223768143,0.4265621885783817,N,0.621945685610787,44602.40215446258
ef9702d4-36b9-4de8-a045-dbce0eb27a98,2-1,0,326422,830291,113884,250,0.693506462676925,442,35.085009531336006,desktop,1.143838194996394,college,-0.07182294351125296,English,0.6128628016276355,0.2610668600412368,Y,2.0509230028275414,43833.76374491705
c76dd3b4-df4e-460a-91cf-30691faa6703,3-2,0,238074,514949,65181,326,0.6594327008095004,1421,17.217482067204223,,1.4067392781851749,,1.0278328790037385,,0.566440506054716,0.5832423662345146,,3.3720550922944064,41325.42150464168
c16c936c-e99b-447f-b617-9453bbff6d31,3-2,1,224944,445904,59904,317,0.302843122478892,1004,49.963373212275926,desktop,1.0858000449436316,high school,0.4137825172502507,English,0.5622033225247607,0.38862172115293675,Y,1.7945721154106942,43463.52337751134
cc5900ac-23f3-4768-99c4-faf9c29e9382,2-2,0,76734,443275,62972,117,0.40396178075753836,1002,43.13889366655712,laptop,0.15174352792406198,professional school,0.7974385160781248,Spanish,0.33875135558666636,1.111399228088725,N,3.342856153960436,44183.74456984962
71a4495b-b507-4fbb-b247-6be543b98550,3-1,1,445454,192189,120252,192,0.7842187452207589,1006,41.46704993158402,laptop,0.10281615148816603,college,0.7381369739142858,Other,0.7157043388248026,0.4427481634324599,N,2.729378539194614,44857.68461055894
a3dd9852-6cc5-4893-a6be-e0eed5e53e52,3-1,1,56822,64553,19117,271,0.49466029413922763,1075,39.43155186189309,smartphone,0.6955105154857228,college,1.5419956097765888,Other,0.5987300225611589,1.5328651483220197,N,0.8075225850527825,45649.87599661799
eec0e61e-7635-4527-a83f-977a09cafec8,2-2,1,847964,330728,110887,190,-0.05773039357622667,778,22.844389315289,laptop,0.7834567791420686,high school,0.410713971680042,English,0.21416921976391218,0.5481659995646999,Y,1.676371808988906,46106.236672081075
14d4cd1a-7cba-4495-91d7-47fd9d0990e6,3-2,1,499756,912834,142135,336,0.6511691658947911,1103,30.583842778788565,laptop,-0.02896521224805637,college,1.296226388415075,,0.5434017594596386,0.7414157925817043,,0.8296295027957207,45811.10906313718
c4ca4342-0324-4995-9111-fae627df7fc5,2-2,1,366930,539866,98827,303,0.6133076520504173,1192,51.38181415595226,,0.05248334763566709,,0.8905382283870964,English,0.3599074037824732,0.4906355924606684,Y,2.275115786027725,45889.34317227245
20707557-d86f-471c-bd39-ce12b5d290c3,1-2,1,673580,620380,58604,142,0.7668414110125998,1291,62.006880696325595,laptop,0.8403498163915156,college,0.704653490264783,English,0.4010311750170031,0.5308358325491234,Y,2.424711151008356,43916.18324918602
be9ad381-7efe-4b47-b2c8-04121156cd38,3-1,1,720782,366397,125599,258,0.230684731447654,1293,15.560514224031028,desktop,0.8372933773528027,graduate school,1.1100198115550408,English,0.34066873944237985,0.7294122770806993,Y,2.5592510406889017,42870.446802516744
253f1616-4a99-4ebf-8086-6ecb195f5fc8,2-2,0,261120,36709,5610,366,0.34895089379919764,1092,45.31586802143951,desktop,1.600270560545932,graduate school,0.3072644814852036,English,0.5476549405794952,-0.3006579374258692,Y,-0.7461821622328402,43916.1808273622
769bc77b-f052-4fc6-8516-94a46941667c,3-2,1,91016,783028,98310,338,0.45692460354580167,1236,66.77012342485833,desktop,1.7930002794647377,graduate school,1.04899953404003,English,0.5497955129522166,0.7100542646874162,Y,2.1523122840706908,45040.551440973024
9fa1aab8-97fc-491c-804a-f4676c40ea0f,2-2,1,813553,332854,142448,247,0.7391026243563816,416,36.073430362201705,smartphone,0.9762560812432806,pre-high school,0.8841472099924166,English,0.38104407882593877,0.8898462751067553,Y,2.6086369680482107,44418.23220132963
ffecc92e-4523-43bc-881f-86a60ec0cb05,2-2,1,655707,111266,42642,116,0.4398317418620367,711,36.98005255882843,desktop,1.620008254955993,graduate school,1.464033161774359,English,0.885318466120006,0.6577952202408998,Y,0.7536731694889813,42251.34517283584
87ae871b-9380-42b1-8130-7914f969a239,1-1,0,953219,185378,76362,177,0.8272882945481841,1321,41.57256997086691,smartphone,1.7682604936971393,professional school,1.746606072257371,English,0.5975317424514662,0.055385777799508706,Y,1.7535915429947764,44875.68412666384
bb13e1f2-6905-4fb4-89d7-e517633755b5,1-1,0,854613,922551,84754,266,0.42171368854741015,468,30.898755994506125,desktop,1.0410392296474003,college,0.5707565703960573,,0.49129510475034044,0.16724626422373812,,1.7715963803825496,44753.50859005848
8e9004ce-deac-4c35-8176-a799b50f944b,1-2,1,135821,245611,48329,174,0.7023276952940054,484,33.19428745157613,desktop,2.202892618829028,college,0.43431479562681996,English,0.4939319212936028,0.3874535726880429,Y,2.6662396209030654,42434.41398437528
55ceb008-47a1-41ef-82f8-5527e474f4bb,3-1,0,159043,260694,80579,261,0.9602152451583376,1053,42.42738951795932,laptop,0.7424358852946615,graduate school,0.08768137776518747,English,0.5094182428233338,0.2603060552788839,Y,2.0266654656452583,45665.79921638391
817abbbf-33b6-4f40-a3e1-e0b38753e896,1-2,0,333485,669272,64518,290,0.45315104860052674,994,51.87673735842482,,1.9435323701494047,,1.5404250353384004,,0.21738412089821746,0.9233220407188765,,1.232710460344848,44481.81991574839
ea0abfe5-f18d-4fad-9ee6-4114f292450b,3-1,0,289089,504454,102698,188,0.5562863741264616,1276,33.85293243365309,desktop,-0.01676275363148738,high school,0.3841321932942864,Swedish,0.5707790307569047,1.0493529211424908,N,1.241901638648764,44683.48826819397
bafce4bd-e4e4-4d73-8424-2a9343c52f7f,2-2,0,670604,208463,78817,374,0.47006010473162346,644,18.475857782593017,smartphone,1.302394898706981,graduate school,1.470317551435856,Other,0.9501173580057043,0.3221237170841122,N,0.5266959250785461,42322.65395221068
87ae871b-9380-42b1-8130-7914f969a239,2-2,0,441135,146278,53651,294,0.5486177730310047,329,26.80873645061758,smartphone,0.8257936004342499,professional school,1.5369030173444265,English,0.3941358641300558,0.524289856278427,Y,-0.13955630621995407,42353.79037973751
49dd7632-70f7-4146-be5a-cad4473fb75b,3-1,0,178494,110504,49237,322,0.6023862323754131,544,18.326986776417698,desktop,0.6299977522050744,graduate school,1.4264772332567053,English,0.3911118693636422,0.07061210669685031,Y,0.974732488244567,40733.876234537296
ce47cbea-65c1-46b1-9520-f23d669514e8,3-1,1,199364,220891,98459,127,0.5370478478115541,854,20.745686371340554,laptop,2.4375666551333754,college,1.6997095818915406,Swedish,0.6674392154531169,0.40325601239962267,N,0.3883700333567708,44813.79176883356
03f385b7-6b1b-4549-95f3-1d999b1df64a,2-2,1,80318,51610,107875,224,0.48246861135135904,627,18.063068485761097,laptop,1.4535663523870115,high school,0.7847608954855685,English,0.1543774484935861,0.5661050706621857,Y,1.936891273492339,42559.87049189497
08e0c3b1-652b-4be1-b8fb-e30789efca15,3-2,0,796217,929758,85045,236,0.552643260363689,326,48.37685499986055,laptop,1.5225578313874717,graduate school,0.2502232390665925,English,0.7190349228918534,1.3035751146143977,Y,-0.15304699523869525,45051.04866210109
399592be-b15a-4ab2-bd28-0a210fefea30,3-2,0,978968,913041,113875,310,0.4400514320887848,572,9.342545296595432,laptop,1.2247039534904718,graduate school,0.8931987200429415,English,0.7353801038025765,0.2664099131727194,Y,4.147344231521053,39273.080953698314
b502be75-8bea-4412-9b7d-813e7bba3685,1-1,0,68309,625326,142655,262,0.5130989270315116,400,37.26162748062214,tablet,0.281254360667736,graduate school,0.8539440026318514,English,0.47560700448925014,0.2716709745024203,Y,2.5029344845476844,44131.46286535103
6aa0c48e-1055-44d2-9d58-385715962733,1-1,1,234255,828030,53441,295,0.003741982257851939,831,24.93818399466484,laptop,1.190297385433572,college,0.19824927002121306,English,0.36080456697088126,0.34772463619965716,Y,1.2858502119399007,45075.639563478726
d816358d-20fb-48cc-8597-6ce3578251dd,3-1,0,238685,667353,121835,300,0.6339495467082505,835,34.11398482346325,desktop,0.947521235945259,high school,1.1971049362961999,Norwegian,0.5192619877095852,0.637110457594191,N,3.084260097118084,43015.85411402654
f74db555-3110-484a-bdc4-b09f6cf1c720,3-1,1,390276,568758,8948,258,0.20576745091790527,1147,22.904309634296794,laptop,1.6502838372773443,college,1.2550997039669411,English,0.6072083832886138,0.8404101647887405,Y,1.9843164783526572,44189.45358436873
ec830f1b-9018-4757-846f-ce2536ebed89,3-1,1,750467,966345,44235,369,0.9891991406622188,778,58.16796623774785,laptop,1.6800524560491596,pre-high school,1.032314282452705,Japanese,0.7215155987060393,1.0105122276498553,N,1.3057930307423373,44968.12134003722
bb6d86fb-97e8-406f-b440-8dbc6e8e7771,3-1,0,324394,328976,91188,166,0.8166947818855252,513,18.667458616955894,desktop,1.2857866117192398,high school,0.8524892893399367,Danish,0.6355180787584942,0.2065327363956183,N,1.2661673046344117,40694.615382368276
87ae871b-9380-42b1-8130-7914f969a239,2-1,1,966725,346722,103458,340,0.2554061827019968,1412,32.583841218682274,smartphone,1.0175019240516776,professional school,0.6600973481744339,English,0.46795483187539283,0.8183841305317037,Y,0.550027241167601,45550.29247191659
410395ad-1f39-4a21-93e9-298afee5d7e1,2-1,0,347709,418023,29752,374,0.6157732375121601,597,22.87115887917665,smartphone,1.3830474189273978,PhD,0.17986866030302007,English,0.7906868867967899,0.23497466325095917,Y,3.4633151587470703,44087.11416536738
f9557d5c-0a28-4f14-b9bf-1a0308ed9546,3-2,1,90829,193890,135591,357,0.7878878762035617,552,20.38441816747006,,1.214635226166363,,1.37369823490081,,0.4468138397798673,0.2803300677097219,,0.6074763899586892,45143.647121014226
bd594697-306c-4969-bc64-971a4c6a795b,1-2,1,168481,535817,88808,132,0.38863079168805315,294,31.748384647596353,desktop,1.5153639906711487,graduate school,1.5003401652090091,English,0.5062766388351086,0.8392609936525655,Y,1.8939887014233172,42300.22305317471
692642eb-92da-4af7-b9c5-d9e588a1cbf1,1-2,1,315987,895678,22274,372,0.4712636007094294,379,30.964382031134374,laptop,0.8167978261518022,college,0.43627320752529686,English,0.22928583771918776,-0.3976102125413632,Y,3.8040460627959436,46847.80628435105
352a4090-79aa-4827-b4b0-f1bffd883940,1-2,0,312707,332107,11507,123,0.22331201108388066,779,47.101362580445326,desktop,1.0572810389712408,graduate school,1.0013226525874255,English,0.6902956087052591,0.9140321346018688,Y,0.6109570210634621,44688.94357414831
de7bdd42-441a-4961-a547-2ccd7ccec379,3-2,0,211202,973456,111133,193,0.5475939276392123,1143,30.426060548701003,laptop,0.8541564062952032,college,0.6635354606926329,English,0.3960148095010678,0.23791895268405,Y,2.0801179006006127,43084.92562705613
61d89609-6242-4f26-b2cf-8a9f538a757b,1-1,0,587563,85478,110370,202,0.5049002068534425,859,41.69133017347771,smartphone,-0.29102509283266786,graduate school,0.9333155482681004,,0.366317482699249,0.14803739049983478,,2.336087905196809,43639.17195098031
de7bdd42-441a-4961-a547-2ccd7ccec379,2-2,0,138222,359208,90291,240,0.3399195340231535,594,38.26620298070263,laptop,1.2499511929438754,college,0.8855397536994214,English,0.27485144961147867,0.44976887849701735,Y,0.2124252363319139,42511.747643495146
817abbbf-33b6-4f40-a3e1-e0b38753e896,1-1,1,14414,630833,101643,200,0.36600876358012635,822,15.899025404258275,,0.6536904705158008,,-0.26196742109441384,,0.37049190861295045,0.30667993686532036,,2.4174256448826896,44025.129398209865
2fd402f2-0a6a-46bd-9f79-244f46b106f6,2-1,0,61824,175708,53365,133,0.5957500155244685,873,35.789227481516555,,-0.1753706262349206,,0.972298679179226,,0.6047780703107555,0.4156777897333671,,1.398209022514138,45797.63022939853
c76dd3b4-df4e-460a-91cf-30691faa6703,1-1,1,940715,283259,93837,331,0.7291561068504393,1032,40.72763546661678,,1.2904808132108208,,0.42923092540010865,,0.6025428665028731,1.2226865392417499,,1.3667225133733822,41563.648616891674
512ef0df-48a3-4796-9919-471f50f25df1,3-2,1,471845,360539,101881,114,0.8459951792564595,1248,41.36883614953045,smartphone,1.3998314720647018,graduate school,0.8833101200021957,English,0.41958520705058505,0.3741570752288248,Y,-0.04281655189717437,42706.19032634522
db397e5a-8fad-4c15-bf93-e25495e0584e,2-1,0,265680,423861,63100,317,0.4478560583137263,377,41.370838414463385,laptop,0.6248664272996067,college,1.4325941590096245,English,0.8448991196118236,0.5495241304030182,Y,1.8327624402275269,45560.316411757995
c4ca4342-0324-4995-9111-fae627df7fc5,1-1,0,388828,1002871,73772,243,0.5234096970429369,393,34.87799025787174,,0.2674272656708435,,0.4953499431919002,English,0.31922341716273206,1.1182453127684955,Y,3.0061436042923946,47482.31906203693
100567eb-57a5-424e-86c1-4a02cc690c8d,1-2,0,221478,433173,23161,269,0.9541789310245343,796,33.41031671116684,laptop,1.1014384380668567,college,1.6927843042931738,English,0.5030303972368161,0.5986384559136433,Y,0.7531308715424081,41375.70421406427
ad4283c9-d606-4e9c-b45f-7f660b31f5d3,1-2,1,337102,315567,101734,173,0.6259026120549457,1083,21.004765855573552,tablet,1.0157946854312832,PhD,1.4854293563972976,Dutch,0.2864570961108352,0.9051016967423169,N,0.7536702683337623,46111.70536295909
f651fa11-f278-4210-a9d1-b266fc9ea9b1,3-2,1,981462,461254,84944,132,0.6641733023565306,994,39.73741876876409,desktop,0.6381519725330087,college,1.1293580369531242,English,0.6552587610862176,0.7685281587143244,Y,1.0730582509398379,46507.699410877205
7a8f85f2-03e4-4714-995d-c15403d9d38b,1-2,1,655807,867788,6027,366,0.7092375145832237,729,46.68112007241038,laptop,0.2127381078350019,high school,1.0803475081600733,Finnish,0.7330060848340427,0.39228303500621914,N,3.24334074422901,42366.02138660621
95cad567-beb8-48bc-9d49-b9f5b17eb742,1-2,0,741663,638979,139504,114,0.5654552694339227,670,24.67109247105038,desktop,1.473806855382652,graduate school,0.7150371590159489,English,0.789161215463293,0.5906521803277268,Y,1.1422362269537454,44511.85021715297
a8d07b3c-a7d4-49c9-b2b9-07c268f706fc,2-1,1,494222,914608,40182,331,0.3141981982009139,790,38.156486480153774,laptop,0.7691914222086728,college,0.892679335644926,Other,0.37897722860186195,-0.16349128012768255,N,3.097476912817439,43054.72558446018
adff123a-e9fc-4289-89bc-8002fb8bb5f6,3-1,1,958319,566233,68415,235,0.5468655839370545,887,30.59713744656952,desktop,0.46575327018647394,graduate school,0.27391522023618164,English,0.49845233272082246,0.504870705912234,Y,-0.15795917322899466,45293.82111682832
8716e0ad-f17c-4c46-97ed-2c9643a576b0,2-1,0,259968,261548,109608,185,0.885453792985896,1157,49.498467203107566,laptop,0.41664265361055997,college,0.23450311066730567,English,0.22184045480438164,0.6551785548949738,Y,2.1225043159022476,44854.236772767465
cc5900ac-23f3-4768-99c4-faf9c29e9382,1-1,1,935317,739917,125177,198,0.4283113108252795,522,42.01370984425835,laptop,1.1486555585256464,professional school,1.1434304423901183,Spanish,0.5874920066971427,0.06265026507186333,N,0.8909593367261995,42855.95968141054
2ee3c271-be10-41d8-b778-9c5d7d5b6e52,1-1,1,372657,32282,138667,357,0.4468188166684943,925,26.333133221790565,laptop,1.0785115763419018,high school,2.2380966778811424,English,0.7227811085506209,0.39542880728786134,Y,-0.30022930444211937,45873.39317713508
8205439c-3064-403e-8fe9-b46a0c866470,1-2,0,464600,714727,69960,237,0.5907387662638344,724,21.442666913860236,smartphone,1.8411799502336241,college,1.164466033748342,English,0.06339405377127849,1.0944411009882657,Y,1.3834353633739012,43691.875624598615
5ccdee25-cad2-481b-8033-c90162b98ec7,2-1,1,854550,582644,105897,268,0.43474831882814857,387,16.97805838961508,desktop,1.4601332265909137,college,-0.615927670512256,Other,0.7826619323038199,0.5857980051422305,N,2.7199676985041434,46479.245579269
28c7542a-c3f8-419b-80a0-8f4c706e2c61,3-2,0,630597,988835,49515,192,0.6640556535969855,617,36.15263103813489,tablet,1.2328024702315032,high school,1.546935058337545,English,0.24535921896683355,0.6528914401809973,Y,1.9335180296611585,42607.74802779741
dfeed816-4de9-4be7-9ea0-775157c7bd76,2-1,0,811631,34195,127063,216,0.6126478102316648,1136,40.30035946047915,desktop,0.48168977792409684,PhD,0.5269516373319576,Portuguese,0.6714968224718638,0.3797256296260842,N,-0.015567175607564154,45955.79880010397
71a4495b-b507-4fbb-b247-6be543b98550,3-2,0,664134,27037,2193,307,0.4111404337643128,1229,36.95877513847651,laptop,2.0648398857760935,college,1.9977557966889874,Other,0.32952113119722515,0.03177438032845825,N,1.0813946975158977,45490.40387832475
5e3b5968-8333-4c18-987b-b413b916f904,3-2,1,410082,622083,73037,171,0.5311484111771253,644,47.35797256935215,desktop,1.206195352585834,college,1.8126041757279139,English,0.6599185866942434,-0.5618948680594107,Y,1.0478753536115364,43227.39116226507
ebe32dfe-f98a-490f-a017-f2872a47a1af,2-1,1,766922,57355,48014,252,0.3366217250180568,962,42.74783679732808,laptop,1.0181207615250574,graduate school,0.920514404069227,English,0.6767199193732824,0.6284233306249984,Y,-0.20987429761866383,44752.83424776748
832f42b1-7702-43bd-a55f-a71c4ad85b9e,1-2,0,688725,990001,33705,372,1.0050925232712749,957,31.082589225996855,laptop,1.5794711344822168,high school,0.49015326631988754,German,0.7114644341727938,-0.2580908651643101,N,4.13873899462403,46064.48842958417
e1f48355-1636-4f4f-8966-a26d86a48b3d,1-2,0,1010844,576785,12111,234,0.2752387655915681,622,40.67062205467736,desktop,1.0717670893546944,postdoctoral,0.35834015785865103,Italian,0.807055113580704,0.9217257291007676,N,1.276993979828483,42780.51464496225
bb13e1f2-6905-4fb4-89d7-e517633755b5,3-1,0,596689,695788,26267,266,0.6614481230864734,996,38.79358743500458,desktop,2.2116009305526907,college,1.4897197037210708,,0.5812844435071844,0.4729539926148455,,0.6006556056530223,44138.093110300346
314782d8-515f-44b4-ba28-8365f8811ae1,2-1,1,488036,607081,85218,188,0.30308348822523423,1428,31.837251701719723,smartphone,0.862485870728557,college,1.4831501791524766,English,0.11602100152687178,0.4722503160261725,Y,1.6317556877190331,45222.43603177394
ac03d866-ecd8-41e4-9938-c4b098048187,2-1,0,119102,190296,64662,188,0.3674453021524352,1333,46.08865238830519,laptop,1.4225504713141224,high school,0.1606925591206062,Turkish,0.7656946702062408,0.7528852954838277,N,1.1039266583372227,43985.62416122385
bb6d86fb-97e8-406f-b440-8dbc6e8e7771,1-2,0,256331,919672,26763,193,0.9258984950782905,853,28.976873202061597,desktop,0.9388435279262832,high school,1.152879915073029,Danish,0.3864905762378228,1.0551329525394115,N,2.081114777643808,44326.73326875326
74103437-cefd-47b1-a905-d85399f681db,3-2,0,75803,72064,15179,170,0.3473592025160887,740,37.0149701904596,,1.5479773426187944,,0.9784907510410565,,0.6741348945248788,0.20233153535534504,,4.609789675051815,46658.79147509496
c10c2f4b-5e25-495d-be7f-9678adcb45ed,3-2,0,566736,872195,62630,201,0.6052022613829589,1344,54.38264475981594,laptop,1.5389384518775064,college,0.9622497231965097,English,0.4972407115207592,0.7928122024034285,Y,0.8611990799918887,44397.2153187075
5013da82-22c7-47fd-a245-d7131d2fab50,1-2,1,880664,428096,124326,277,0.6114609799767075,850,71.22106890931732,,0.7344390433350039,,-0.2120606318432141,,0.24755201468335591,0.43494949524569515,,2.743101819641578,42545.41468674693
e66ac7c3-faeb-4b2e-8dbb-929d29a3bb65,3-1,1,27468,20090,137664,208,0.5797303968447467,625,42.332852891272914,smartphone,1.5004026338738692,high school,0.5645856737470757,English,0.33996332731934076,0.889830887665603,Y,1.9257647426107083,46556.166911031156
bdf3a343-8379-4a21-aa09-be0ea98c2e96,1-1,0,934296,992768,51972,223,0.8353041960039015,1026,33.548994426054136,desktop,0.9266344904981871,high school,1.1612846067023543,English,0.6518334908489182,0.1439581159659733,Y,2.161861093097608,43166.73685872606
e5afeeab-aaf4-4200-a67a-5ea0b861dee3,1-2,0,35521,678491,62366,146,0.6776032529660423,1026,48.56244698491395,smartphone,0.7526767236434516,high school,1.0431879822334524,English,0.814100370951619,0.32890585844557996,Y,2.937762329836537,46671.03828185103
cea04555-57d4-4edf-9198-e8aa302bc070,2-2,1,973356,689809,113258,220,0.40528831950472466,962,53.15410775168765,laptop,2.8946701421552916,college,1.1661736401979812,Dutch,0.2656448109991535,0.6963674827543543,N,0.4716859566638152,40920.19121127952
d0480270-621b-4343-80db-a5252e9d0a29,2-1,0,788224,113906,61781,381,0.5669594338327145,1304,26.970387208286667,desktop,1.0708394235601664,high school,1.2846708437467704,English,0.4518210177317866,0.7311414119939256,Y,1.111170291474186,42385.33280731022
eed8457e-2f39-4f4a-a3fc-7bc9fa57d880,2-2,0,831210,75461,94564,112,0.7125998884948508,1203,37.67165394618616,laptop,0.8533649953381168,college,1.1879196448791338,English,0.29094716088356026,0.9585024714239478,Y,1.5469720623984393,48451.36746063258
08e0c3b1-652b-4be1-b8fb-e30789efca15,2-2,1,424125,507217,35835,378,0.4871696861796558,1073,62.09183198209869,laptop,1.4698070137047177,graduate school,0.911457847510986,English,0.3644086833689874,1.1234548131506716,Y,2.728795919551249,43108.42215264624
05a92b52-f72a-42f9-936c-9258bf385bf3,3-2,0,864337,183709,52240,307,0.884253949086456,784,31.148097882172774,laptop,1.2004072774671735,graduate school,1.8005073913114211,English,0.5025197617870633,0.7601186597476208,Y,3.0058242495892413,42489.57657188106
c2a8d24d-9630-4151-8175-0b42eb1aa9ec,3-1,0,288071,880793,48518,339,0.12045595989183999,895,31.141834086726764,smartphone,2.0279531019564265,professional school,0.2018452036143047,,0.27170866215983247,0.15719542448016643,,-0.44300816948035715,41849.186868769524
4f197cbb-93cc-4852-aad3-46d35f809f47,2-2,0,815965,423458,25289,377,0.1568824724864365,380,46.72934953871122,desktop,1.253068952337121,professional school,0.52689785854038,English,0.5864281064066816,0.3647176861788708,Y,1.9223701987268442,44281.92424423662
ba55d704-303e-4928-9c5a-9c2838360e3d,3-2,0,765609,730173,117679,161,0.6366340630697422,1425,46.30646724503284,desktop,1.1497175912920166,graduate school,0.7098825476786882,English,0.2628200597830622,0.9059531004455935,Y,3.037425073773213,41241.89241640876
d5862d1f-db68-46d7-b717-dc2a7f78befe,3-2,1,666629,22701,142312,227,0.5615961263561463,287,34.722008089224325,laptop,1.4367783795858942,graduate school,0.5908400325809869,Dutch,0.3299105176909652,0.6191196563205972,N,3.244438465924553,40957.86619117351
ad72ff21-0001-4c71-9657-91f0af317112,1-1,0,484361,169670,141754,121,0.4614476125749418,617,18.667215287834175,desktop,0.41233304432711304,graduate school,0.8882030831561156,Other,0.3028683378761876,0.670608711451226,N,1.1791253199195801,41489.891276901944
001d6664-0e5d-401b-bfd9-c2985739e2ca,2-2,0,958728,417515,81147,285,0.2861298675310589,557,54.34905987185887,smartphone,1.909207458481528,college,0.928587860835104,English,0.40756388605858307,0.1725575922201273,Y,0.7272925932379549,45333.41133908439
bb6d86fb-97e8-406f-b440-8dbc6e8e7771,1-2,1,953086,975297,5117,161,0.5385971410936584,969,41.528248131079394,desktop,1.2163785291798812,high school,0.9045922272523405,Danish,0.28487017211052423,0.002899765139687205,N,1.0210047845652352,43569.955591526304
482de720-e72c-4225-b693-68609e6db53b,1-2,1,835826,854343,2730,338,0.8051385681613012,835,39.512732257158135,desktop,0.16054389395083124,high school,2.470026448240745,English,0.5934659041821987,0.2891534904773852,Y,1.3843479265366265,40538.528821067055
cf8cc387-399a-46fe-9313-9f73def19457,2-1,1,54254,936439,43803,197,-0.16331738393796402,484,37.23679279429022,laptop,0.712346317412436,college,1.6380660199802641,English,0.559955567402415,0.5463286844868075,Y,2.3951594960216154,41717.49764981438
5013da82-22c7-47fd-a245-d7131d2fab50,1-2,1,429357,77004,50575,269,0.6243952553915054,907,49.25844969056246,,0.41680969461422634,,1.681479851482693,,0.8398753441579367,1.079325235620112,,3.1138458090598577,43310.05968185383
2154a0f3-a816-47af-b00c-16d398859afa,3-2,0,605189,368462,12268,274,0.6108865964691277,1337,58.29912589966146,smartphone,0.8061795490717688,professional school,0.8112232020487421,English,0.4641279415913159,-0.2285790281335206,Y,1.5789643507636733,46768.29235537343
ecae14cf-e3fd-4699-80a4-5aa81bfd8076,2-1,0,956944,794724,94773,124,0.22232109425876473,673,26.87563445177834,laptop,0.6867340735203609,college,0.5467121038987998,English,0.29820423668766194,0.25382815382262897,Y,2.2674099534847185,45396.295129068894
24aa2b4b-800c-4a4a-bac9-727b1065e142,1-1,1,924907,359016,68091,196,0.30155251565901053,531,50.940289414580164,laptop,-0.34056631740124743,college,1.1179001838090645,English,0.5978227894686555,0.5170393578390196,Y,1.7381857810847567,43237.66430661259
f67e5c09-d2e4-47d1-9df5-bbf2a9c7765a,3-1,1,267245,743768,27844,380,0.533006311189509,702,56.025131605101215,desktop,1.5920201559848333,professional school,1.9218470505618055,English,0.6591289799756284,0.37687613328484854,Y,2.2763771567938904,42265.63924206556
e5afeeab-aaf4-4200-a67a-5ea0b861dee3,3-1,0,520144,470485,60907,182,0.504950173415047,1007,36.30008762568815,smartphone,0.7186932798232772,high school,1.2835939667557863,English,0.3131787948016116,0.8647637490147526,Y,2.5975502801424177,45616.825432873135
dd3b3024-ad2e-4cd6-8c24-3b0c6ab90dc0,3-2,0,178003,965361,93345,202,0.16216776246119552,923,28.03168829681713,laptop,-0.13813318027126287,high school,0.2587461933941073,English,0.4425306953981296,0.2687405664830819,Y,2.136521314602145,44954.22003210932
618f8406-daaa-433d-aedb-3a72a9f3a947,2-2,0,214046,655320,98752,356,-0.029904874931920955,349,52.3775351000202,desktop,1.353984821347469,college,2.32742707921071,English,0.6600772020658948,0.13012280956625327,Y,4.510456138299112,41994.448940185575
a8a7b6f7-3663-43c9-a149-88a058e52ccf,2-1,0,636765,721742,57653,190,0.3385301447158032,1027,34.377507992438844,desktop,1.1903336749783142,college,1.7150681241249666,English,0.6172791893046512,0.17311099598249374,Y,2.1377457795608477,42739.37779114232
52094e6b-59e3-4905-9151-73e21750879d,1-2,1,201364,550000,90418,209,0.17134373827028637,1030,53.57775404005547,laptop,0.8575465309879864,college,1.3308386172340003,English,0.8215273822065592,0.7786371532567792,Y,2.3158956060708342,45821.03711792965
24a6f167-5017-43b5-9dfd-891537602f94,2-1,1,397804,57250,54347,108,0.20286894048798787,747,19.764328769709252,smartphone,1.3322641667053645,college,0.9429235679946727,English,0.1852967809474247,0.4030024627691027,Y,2.0154042064746647,43274.029235058726
8d488770-dca3-4c48-bac8-af2e74d1dc4c,2-1,0,366494,130883,98992,319,0.47860434448211875,625,31.857777917843972,desktop,0.6792673454381406,college,1.5149848984568641,English,0.719502572383113,0.5604458003767766,Y,0.37824975945964856,47310.67510698919
bb6d86fb-97e8-406f-b440-8dbc6e8e7771,3-1,0,139479,848649,19154,122,0.40013959709257463,567,29.817419560668,desktop,0.5890470123457181,high school,1.3210262965024808,Danish,0.5608237998082596,0.5186479054655936,N,1.0800442424046177,42396.71809322667
08e0c3b1-652b-4be1-b8fb-e30789efca15,1-2,1,882463,798739,52356,193,0.12175696238040984,500,48.49413883204891,laptop,-0.004961235119340657,graduate school,-0.12858009773942336,English,0.19911226869305398,0.9364905074803709,Y,0.6643664616522491,44887.64004715819
399592be-b15a-4ab2-bd28-0a210fefea30,2-1,0,775416,216239,24633,232,0.8585501253723713,451,39.82827659538013,laptop,0.3350115839418685,graduate school,-0.2598222103369783,English,0.6150870626670413,0.6423399381342418,Y,0.4343785177897066,44135.98717045365
c0906133-d1a3-492f-99a2-6e5a6c56f767,2-1,0,448706,551971,42334,147,0.6066697716809472,1234,25.57855161005123,desktop,0.6121368393859333,graduate school,1.9792400090192195,Norwegian,0.4979787005379239,-0.05276107674217689,N,-0.4688375929776689,42840.269908676906
63bc2403-a08b-4c51-8b2c-01e6cbfd54d3,2-2,0,564074,525127,104613,180,0.40064128013281347,974,17.9187446842924,laptop,1.565246145938854,college,0.795172565783429,Chinese,0.15102382656060703,0.7872481168347876,N,0.7678909392777841,40914.78091509643
025562fd-3b78-416d-b71d-1bab3f5fe6b6,3-1,1,995134,435117,14747,189,0.7807863410091886,396,33.98881551723066,laptop,0.032043254356800444,high school,0.8226255775938799,German,0.35298713916450297,-0.370162032735472,N,0.7039064114326661,41744.4767281256
94001a0c-b948-4223-a92a-eebe14c48d2f,3-1,1,921326,478493,79607,314,0.39295465560896614,351,29.747014151586185,smartphone,0.9508156494026044,,1.4650724027524014,English,0.8369576455079435,0.5062700581737387,Y,2.3219248268035857,43044.311345901166
b6b69b9d-a92f-4ad9-aa34-a654185cbcfe,2-2,0,531438,902125,21355,157,0.3935367114976883,1250,37.016074406144945,smartphone,1.5265962624582574,college,-0.4325683000794236,English,0.3511479890358843,0.04476000760268156,Y,3.478828447541428,42643.773850164274
a7961f82-b7d1-4a3c-a0e2-6f03d8424b4a,3-1,0,174687,733694,118941,381,0.5771379636707255,751,35.68955043124306,desktop,1.2301220910737836,college,0.7818320481091756,German,0.5324134012454412,0.5329760595611454,N,-1.1007903983576819,43821.77662746437
a8d07b3c-a7d4-49c9-b2b9-07c268f706fc,1-1,1,898538,14575,128345,204,0.49241230126853686,949,37.17854656202518,laptop,1.9121212160673706,college,2.500505181775687,Other,0.5335637626553009,0.3842384641358208,N,0.17363397222316745,45242.64079056083
f9557d5c-0a28-4f14-b9bf-1a0308ed9546,1-2,1,69976,917106,118748,142,0.34301090703966497,1185,47.87469320265007,,1.6844260172843206,,0.9718819849057043,,0.7641723958758204,0.1476611389094336,,1.3660583219174633,45471.141583518736
7a8f85f2-03e4-4714-995d-c15403d9d38b,1-1,0,437545,555653,65114,323,0.6205493555092185,483,32.9105238649382,laptop,0.9996504854141535,high school,0.8294229608619111,Finnish,0.47535498575552615,1.0289236645342572,N,2.7061455411998927,43889.91269023427
bb13e1f2-6905-4fb4-89d7-e517633755b5,2-1,0,26949,927028,8240,111,0.8442295133681369,613,22.205141416449028,desktop,0.6685066616813469,college,1.6635417948312958,,0.9790788361097621,0.5812363899323485,,1.405908548337724,38340.57287991226
347a69b8-232d-4315-8829-4c6a7374bf6b,3-2,0,130999,291134,110497,239,1.0039898362611108,750,50.95091117450943,laptop,1.139119461132958,college,1.489243326207007,English,0.6335479834737799,0.963460173187175,Y,2.8420995612244146,46775.78849615629
f4c048c3-5be9-4b2a-b8fd-4e03516dac50,3-2,0,689887,412491,8310,273,0.29527211966307126,980,44.403960262620494,laptop,0.36674967468652386,college,0.41813732597377895,Chinese,0.03998066020619523,0.6991253459093402,N,1.7892260879805002,46537.408877093134
5d7f8090-1b2b-425d-acdf-31cf8ff2f527,2-2,0,649501,699591,7846,364,0.4170502364110978,1254,16.173599581991017,smartphone,0.7877331273448347,college,0.6935257826692478,English,0.5096193112260012,0.2900603360500145,Y,3.2369653148521227,39134.307064020795
c10c2f4b-5e25-495d-be7f-9678adcb45ed,3-1,1,765601,9574,74543,150,0.26511430526149266,803,36.8934652665771,laptop,0.8065968144021591,college,0.6027198278262913,English,0.6085918338842222,0.28057345853468096,Y,1.3734237005797993,41986.37599307656
8cc63a40-be0d-4ffe-bf7f-45d515c40b6c,3-1,1,90981,617791,105285,115,0.8703741395347077,512,22.173199340487876,tablet,0.08085275124244173,college,0.6668972316357764,English,0.5571723655462331,0.4891886279196435,Y,-0.19414361286089843,43800.34382220999
10497147-ea3a-43a2-8c1d-61e871fbe21a,2-1,1,559536,785815,139472,374,0.7459804985273681,373,44.233737210804634,,1.5961951911054562,,1.523429135957559,English,0.6060478977900424,0.847011276980694,Y,1.5460898853926877,43188.954460387555
ee53e6ab-48ea-4636-8141-e636a103cbb5,2-2,0,55678,322506,116698,257,0.4761128433961415,1330,49.44770298306159,laptop,0.5782685763168502,high school,0.9025648403797467,English,0.3193054754206905,0.7579529631205013,Y,0.7407243171012386,46678.41117579023
089fc400-90dc-483c-907e-f7143fe77183,3-1,1,830120,971430,56843,238,0.44417022897007075,1215,31.492733794754407,smartphone,0.5953019573384224,high school,1.4763710904270897,English,0.24274376103256018,0.532881243360297,Y,2.9958811624219868,45722.242440434726
5d94e05b-6915-4406-9c52-0e12b11f5c0b,2-1,1,542989,758537,54007,169,0.332244388744123,288,17.79042015329621,laptop,1.4093384890744096,college,0.44378571550151535,Indonesian,0.5625972013765753,0.5979030943549363,N,0.6667523699630686,43700.66322989662
352a4090-79aa-4827-b4b0-f1bffd883940,1-2,1,32103,340043,44914,268,0.5762449869743336,332,35.7098967646075,desktop,0.48721805196318346,graduate school,1.5747645250255535,English,0.4897126759327879,0.3948790053154515,Y,0.8712094058058452,44891.35228732288
e781e374-74ed-48db-8e39-bdd209a83470,3-2,0,936958,585755,127049,308,0.3456803138289097,771,17.927054764046627,laptop,-0.5395170728128333,college,1.747967305938453,English,0.3533396138686865,1.1855576535967263,Y,1.3788460164630645,39947.13820046365
332f3d22-0b01-4c63-9df3-aed8cc851469,2-2,1,23711,59707,79997,346,0.7128988469210512,1248,35.332685460738176,laptop,0.4603009038016528,college,1.9301606807138099,English,0.515204269996793,0.6023964624299896,Y,0.4116546797609755,44388.9365436999
a75e076f-3028-44a1-af60-ca3b3bcaeed0,3-1,1,290448,156230,94823,150,0.45921516396142464,1210,27.569048642396517,desktop,1.1034837734713832,college,0.9126309614020318,English,0.6753291706700546,0.7404197478738386,Y,-0.07171009633282188,45845.383758024844
d6ab955d-3293-4ce7-9390-bc93ff535cbc,2-1,0,404338,534476,45763,163,0.9154721325003836,963,59.26031120595686,desktop,2.1121815324964306,college,1.0166778047089686,German,0.3541170169915352,0.24522684137704226,N,1.257876024359085,44565.50151609026
264b7cb3-a20d-4fe4-9f75-2a0dda8f6300,3-1,0,585523,869262,89110,288,0.45072837625201884,1086,15.058536030269096,desktop,1.3007936951036472,graduate school,1.4360248030607485,,0.21216347816622272,1.1685288301606014,,1.940169028876234,43077.697861799985
2ee3c271-be10-41d8-b778-9c5d7d5b6e52,3-1,0,879086,515216,29603,317,0.39021002446415326,1405,60.60415126639958,laptop,0.6347221400785108,high school,1.1055185116326987,English,0.4882134588483313,0.5953230243188763,Y,1.3352826396826332,44044.13898671916
28c7542a-c3f8-419b-80a0-8f4c706e2c61,1-2,1,538755,166096,95088,370,0.20721940839672615,1079,45.043666280705004,tablet,1.8952932909861677,high school,0.04426151861364369,English,0.6743997814500312,0.0375578779418998,Y,-1.9329042888666428,40355.24044629902
f1d9d03c-16e7-467d-8734-070773d65aed,3-1,1,55986,717116,93911,212,0.8357557000648841,1183,16.03218426874167,laptop,0.7905240055444855,college,0.8077288135746286,English,0.40647641664452133,1.1833308200237243,Y,-0.19162979866400986,42648.486618516086
5d94e05b-6915-4406-9c52-0e12b11f5c0b,1-2,1,541173,782932,53020,117,0.40144622413326747,957,34.62184205858365,laptop,1.0537104120217076,college,0.8271572950913129,Indonesian,0.43809232752463534,-0.3656474033967413,N,0.8281068910771494,46456.57555438086
5fc65dc4-1722-4f54-bd65-720c734f2d00,1-1,0,220779,329781,88424,215,0.4056951527462233,738,39.26103084413512,laptop,0.4094274535960213,graduate school,0.1973528637444233,Russian,0.6575560405944216,0.7773925723708233,N,1.0305235871720275,46773.58010310469
55ceb008-47a1-41ef-82f8-5527e474f4bb,2-1,1,99375,697472,142071,272,0.32605315832479614,763,18.681707355776645,laptop,1.6954190039955714,graduate school,1.3539980683498896,English,0.24611131060441377,0.428256087331253,Y,-0.35778037789887795,43551.083261124826
4be26ab5-1d7e-44bf-bd62-0a66c914394a,3-2,0,722645,221665,79750,196,0.2006337805920267,1054,35.19457349560879,tablet,1.5298722665793196,college,1.241026562854308,Chinese,0.48187921077591817,0.38592225467670704,N,2.2591007902323117,40308.35802732758
7a8f85f2-03e4-4714-995d-c15403d9d38b,1-2,1,953944,256138,138711,107,0.15186005019454019,330,30.28437611627176,laptop,1.5848928860216573,high school,1.108744183974197,Finnish,0.43815804298572075,0.5601389165989653,N,0.8430094363171788,44506.651792103155
7a8f85f2-03e4-4714-995d-c15403d9d38b,1-1,0,10973,180554,34907,373,0.359356379999614,848,41.537143176971234,laptop,0.8618317944497054,high school,1.1022067768438921,Finnish,0.4182275015074422,0.5702579410342317,N,-0.3338669142225643,46567.350815975755
44e64898-8cc7-4234-86f8-f68036f35eac,2-2,0,236609,334026,130098,184,0.13823894427772943,813,50.59073648177039,laptop,1.0260483782605159,high school,0.7900774473405167,English,0.24702440681989035,0.212398519505829,Y,2.7537578689046813,44966.86079138688
014c91ae-55d5-4aab-87e7-77c677f8a128,2-2,0,396330,440005,49728,185,0.4581185890406897,750,37.18091838110061,laptop,1.0026278958904702,college,0.9183509422015376,English,0.6699860070708595,1.3753110809893916,Y,2.7441390666667997,44518.060015029565
c6117094-afdd-4f97-9496-9df675e1485d,1-1,1,767117,196351,8103,263,0.440216406005093,603,45.751745130900844,laptop,1.1327687365673933,college,0.6998010069343092,English,0.4974766296770782,0.44661543155773037,Y,2.363373412057196,43753.819403600835
7a8f85f2-03e4-4714-995d-c15403d9d38b,2-1,1,80582,594920,105616,139,0.5526786459152753,978,11.86712971338494,laptop,1.8278161163410909,high school,0.8127473329325556,Finnish,0.41430155920582235,0.80623714489814,N,1.090085607988458,42127.361014631155
482de720-e72c-4225-b693-68609e6db53b,2-2,1,120118,782678,45957,282,0.6447142060212472,1114,42.28574705066729,desktop,1.2126893897294784,high school,2.1500247842329103,English,0.30847112266386667,0.24114203087103708,Y,0.6787749247793273,43807.258204256315
bca2bb1f-e075-4290-bb59-fdd14fd7f870,3-1,0,80955,234529,90880,160,0.6104777564260141,565,23.35777264807684,laptop,-0.6782672806004431,graduate school,1.007222249299701,English,0.7001927327089166,-0.002731156573399618,Y,2.618660215457122,41719.159274564445
790f5896-c569-4e73-b88b-b931b27dc799,1-2,0,271548,624440,104656,294,0.20411138881754998,792,28.13249006002824,smartphone,1.3832915439952285,high school,0.36932399421486184,Dutch,0.3335318562000617,0.28592863898345816,N,0.8195737003624307,42899.24598864047
e15bc5a6-d4de-4e87-a1c8-e21fb441910c,1-2,1,981652,805327,42751,366,0.5476422287446833,383,27.577341245928988,smartphone,0.9786769088400161,professional school,0.69722155332797,English,0.44906381405038265,0.5834722037592845,Y,1.6451062117872919,44617.632816359284
1807eb20-6d3a-4efc-a8c4-8901ef1fca5f,1-2,0,385040,718489,7666,358,0.7982408069980071,1013,45.13006428022711,laptop,0.8119298089872884,college,0.6014939030778012,English,0.38743793919866537,1.0202321300673032,Y,2.4951301777705677,41289.34323335278
028c35ca-c434-4a6c-9706-5752290c6d4a,1-1,1,688755,53373,86826,183,0.8811458103310997,1032,50.46110514300467,laptop,1.5426070626200694,professional school,0.3606298087393681,English,0.6168434161454958,0.23217926496771896,Y,0.3717686981398678,45345.49313080489
638f2a54-a63f-43cb-bb8d-57d901598260,3-2,1,442885,49782,38191,139,0.2831895121411965,459,42.096321088071775,laptop,1.6608571152540268,graduate school,0.06766905648990651,English,0.49610528017503597,0.6978054996647888,Y,0.8523288598500013,42504.95050982093
44e64898-8cc7-4234-86f8-f68036f35eac,2-1,1,982767,99003,21410,376,0.6461188703299973,1031,41.93486257369988,laptop,0.9606517991305998,high school,0.8043860980972735,English,0.5388706241648875,0.3444990704202101,Y,3.30916944474954,43272.73955957412
dfeed816-4de9-4be7-9ea0-775157c7bd76,3-2,0,222604,902476,9851,135,0.679667327612762,1219,42.11093974730767,desktop,2.313718155853063,PhD,2.4004480871365614,Portuguese,0.5956420775611403,0.23659817534624333,N,2.129654641065053,45245.16199059565
9841a311-d989-42d7-9ea6-f5d4e981c98a,2-2,1,945312,53727,10681,309,0.6020086475717726,1204,41.74451763299165,desktop,0.06174839883082228,graduate school,-0.6099368288581448,English,0.49954354984079835,0.71214248219603,Y,2.0900085616587014,44835.1077675443
60fc017d-b4ee-423c-9d56-6c2a06a3697a,3-2,0,15788,621175,62589,233,0.2621702411593152,539,4.020089341136163,desktop,0.39068615880173596,college,0.34872224527773144,English,0.4501094739196153,0.6240335926149758,Y,0.9613820227903243,44036.198633233456
540ad2c3-6798-4093-8f1c-3c3a0ea94ac6,3-2,0,679508,759767,84287,285,0.15973565819689511,785,40.38427222346994,laptop,0.7774159204187994,pre-high school,1.3598861742308508,English,0.33227361292673385,0.7217689139286341,Y,3.552699510977307,46845.001699793145
716744fa-dda1-4423-a78c-87e4633852b3,3-1,0,410187,909705,74588,256,0.44242535632492636,1272,35.24397700681507,laptop,0.8275591682334392,graduate school,1.7456335200824165,English,0.1854598385035559,0.3843023674594347,Y,-0.33373721948891877,43443.92132854463
45fb1767-91e9-4d69-83f1-3c781425982a,1-1,1,114888,330218,96683,165,0.3876048928016432,759,27.225123407688926,laptop,2.7624547685876655,college,0.5665574757918233,Other,0.562751235292441,0.7877493792507733,N,0.3896158925828086,42489.469694230895
0c06a58b-c629-43ce-8f6c-2a140dd88b66,1-1,1,225911,698856,108327,299,0.5339497353784005,453,52.023198338335504,laptop,1.5011807553409366,college,1.406507809160311,English,0.46135039679355067,0.4391511213360878,Y,1.1279498204284968,43660.355509187284
20bc2c15-8c8b-4581-89b1-ce290be145df,2-1,0,332784,648605,113486,123,0.7111795350528703,811,38.76944283730814,smartphone,-0.09214320656283426,college,1.0203133189113462,English,0.4811306637191126,0.015682444492357617,Y,-0.1378659209635884,39943.04066506862
fd573d43-4bb4-408c-a8c5-790b562841e6,2-2,1,597934,70026,94346,321,0.2514143276531773,1227,12.365940600672339,desktop,1.598860803009278,PhD,-0.08380177715699322,English,0.7022033688483971,0.21347621366417063,Y,0.5668173762536202,42999.8098803523
6fcb6412-d8d2-42f2-b80d-d820f1f57684,1-2,1,499332,715727,80342,383,0.10010564148021511,850,18.058557924630705,smartphone,1.2686577412180076,graduate school,1.5938658024526222,English,0.3407689368309575,0.6061205822260931,Y,3.477187142764616,43654.0038363176
b038618b-9b28-43cd-b9c1-ac984372d993,2-1,1,894853,929624,104654,150,0.30464447578317166,747,20.757513249238794,desktop,1.590968656565066,college,0.5499217263170326,English,0.6806443231114161,-0.24492001723102041,Y,1.7006042922836795,46136.09405597713
8ee594b5-8f8a-4ac5-874e-70ae8f41cac6,3-2,1,908416,111038,131447,196,0.11542542514553011,406,21.361388079053214,laptop,0.909501112529136,high school,1.8799832781235735,English,0.6082400636610099,0.50934228083743,Y,1.8691484875107085,46745.00563068617
204f52c9-ca1f-4474-a4c9-ec189e17161e,3-2,0,495905,276641,2161,117,0.477962765424709,596,44.43882792600738,smartphone,1.8213992933669574,graduate school,0.2348293682558602,English,0.7316662361044003,0.9783770694386487,Y,1.5783061852769371,44948.13984387679
b6b69b9d-a92f-4ad9-aa34-a654185cbcfe,2-2,0,389555,395607,101509,207,0.2396069574149236,882,33.310583745305955,smartphone,1.398839383723095,college,0.9002926943328398,English,0.5939816819338575,0.5921096824779224,Y,-0.596844122905241,45613.16422028282
b4161534-88a5-4dd5-9160-ccca3961fb40,1-2,0,908042,358756,122587,310,0.43861505478615737,645,39.28297621399147,desktop,1.7585607606529896,pre-high school,0.7602700434528858,Russian,0.6909195416040375,1.3394160546174263,N,2.7535431718406076,42561.113952945736
618f8406-daaa-433d-aedb-3a72a9f3a947,2-1,1,260834,173069,78357,336,1.0105830429455782,851,45.74199162727773,desktop,1.1484782246632748,college,1.1228110152607267,English,0.7356198389793909,0.1420505410231333,Y,-2.1354963945602727,41957.823129311
e5afeeab-aaf4-4200-a67a-5ea0b861dee3,2-1,1,965482,547978,118002,144,0.5118040640277326,668,36.77637746645012,smartphone,0.9150071087045434,high school,0.15294580027452354,English,0.8290205912674867,0.6893691135474407,Y,1.2715062814183762,42537.87458122218
fa08b044-8623-4659-959e-63953534e08d,3-1,1,50877,464494,118871,256,0.33313043337815407,588,35.038470384264585,smartphone,1.6542233856071218,high school,1.96703272593318,English,0.38672465041778414,0.18277917324138826,Y,1.38111911444914,42384.009623690225
5e3b5968-8333-4c18-987b-b413b916f904,3-1,0,218195,36661,42203,353,0.5491639387175391,1044,36.980600489853614,desktop,0.6381560934223237,college,1.150211184383307,English,0.5886572308103994,0.6101060344875764,Y,1.9553330737329468,43978.34061706342
49dd7632-70f7-4146-be5a-cad4473fb75b,1-1,1,529107,612449,104857,247,0.050003862083284445,968,25.87734221807694,desktop,0.7948385360402508,graduate school,0.8197986913566131,English,0.6742310237514463,0.46385092308286535,Y,2.043968087280001,42897.4900732367
cfddbee4-d7bc-41a2-b2d3-a6380269d199,2-2,0,420088,878970,29086,214,0.8589313399104792,894,16.051919068460265,laptop,1.6790476466811866,graduate school,1.1781286397442308,English,0.5961615821779837,0.7282336124356467,Y,0.8536743839570511,44657.38418285854
eba4f35d-64b0-4b8d-a3cb-fe43c8fc6e77,2-1,0,975747,639471,18463,301,0.5675198682987608,982,35.444020463329856,laptop,1.6638333734120505,high school,1.1486242794891053,English,0.532989045810422,0.12910817921269713,Y,1.1600979360296002,46371.31360527247
2969f3fa-0544-46ff-b5ad-5f14fa846a7f,3-2,0,868232,525841,1105,294,0.14689176409558907,864,37.77977121107079,tablet,1.4497239109220463,professional school,0.823421845766539,English,0.5402236230519173,0.8114684062504138,Y,2.0719615418911244,39993.398532578096
9861dbfe-d228-40ed-9c0b-ad0a8866adfc,2-1,1,977183,1016954,55967,334,0.5244663427999928,1079,33.931979207125806,desktop,1.0121855604695515,college,1.1380443164237715,English,0.11078047874703917,0.37545093793225215,Y,-1.237067605711256,40924.04262116999
1807eb20-6d3a-4efc-a8c4-8901ef1fca5f,3-1,0,170259,599348,133421,238,0.6983843651285279,440,33.13799774064597,laptop,1.0220129533359104,college,1.2824624515189438,English,0.6656250461615628,0.3835590741050183,Y,3.157688465584024,44888.76692161166
cef9fb15-e845-46ae-8282-8e7247078df1,1-1,0,9392,573815,100810,251,0.34754148950173513,1367,29.57291972060509,laptop,0.6220493776991367,graduate school,1.2619439975798032,Russian,0.2368836499024129,-0.15575152358337907,N,1.6010647581287107,48582.519548118806
4bf638b5-36b4-4b87-977c-dbb48a337da5,1-1,1,556729,361,141108,177,0.6728864155002765,297,50.18018637131951,laptop,1.04032623581147,high school,0.8507544439006651,German,0.4970152102457761,0.8388940943761425,N,2.612013981047184,44375.00125372616
9175e447-1bf7-4667-bb18-dd7aacb6f4ef,3-2,1,238541,588814,51378,365,0.6527932580890405,660,44.26802835166184,laptop,0.8258068991212866,graduate school,1.5329535286027238,German,0.21646816625223098,0.5798031607899482,N,2.192826877178767,45065.15020588927
100567eb-57a5-424e-86c1-4a02cc690c8d,3-1,1,7226,506651,102063,108,0.4268406582621529,758,36.339821003172126,laptop,0.22403565390909852,college,1.2998009810752909,English,0.27932717727186984,0.7312835456859242,Y,1.4739375719207475,44962.763245142094
ff595b52-47c0-48de-a732-ca6f366d3dfb,1-2,1,361599,842875,64329,368,0.1662419822588977,286,21.13597546362755,desktop,1.601423527116438,college,0.8930045443714125,English,0.6732413260303408,0.21015599113137784,Y,1.7370968745222728,47358.81680882873
618f8406-daaa-433d-aedb-3a72a9f3a947,1-2,0,946234,139932,77102,364,0.4909226801501932,1393,52.59564885763382,desktop,0.010980795907990615,college,1.0019671980841298,English,0.34060708479961044,0.6761269831520695,Y,2.086937812285012,46097.03150477081
72deb366-7970-47c4-9c54-b58c17c8874c,2-2,0,272185,244615,1279,336,0.8696956405676902,332,12.395621959515623,laptop,0.3448985603949577,PhD,0.008114408530147554,English,0.4505462110078358,-0.4826513277194989,Y,-0.8823442651820939,45658.497322283154
dc68d578-d73f-4d91-a515-6a5569f35516,3-2,0,598971,650193,117232,275,0.6065181668186447,526,43.7301923539215,laptop,2.391460788629041,college,1.745512008199619,English,0.30423383879578786,0.4926687045845309,Y,2.2433325960238575,43531.86831612199
aea24408-032f-4620-986e-f97f5f47c28a,1-2,1,103505,718917,2787,209,0.264918018285683,1172,37.93042941982892,laptop,0.9834538320579702,college,1.9042342173383098,English,0.4879193630107502,0.773059139961531,Y,2.8597676970648607,40042.08746991559
5defc8cd-7312-4744-9ac0-ff39228637ed,1-2,1,295070,664673,53770,188,0.5343730270391324,390,25.95209598710335,smartphone,0.9166289158921931,graduate school,1.3955885353285606,Czech,0.6924785121804582,0.6303016708995637,N,2.1628106167310133,45203.24701180308
525bf1c5-7405-44d8-a086-43a65dd46da2,3-2,0,987871,50009,87565,185,0.5410681892087822,327,35.30612508064675,laptop,-0.23427951561871585,high school,0.8509749604020724,English,0.47129547859183035,0.4391729151715199,Y,3.9079042128514017,42643.74384790139
c0112282-2a3d-4efe-af95-387d581e0a98,1-2,1,902322,29309,16814,341,0.5265179640095226,1142,57.940602642071845,laptop,1.845683908516476,high school,-0.3003300736609993,,0.5097924989797564,-0.46021400023987025,,-0.3342790056223399,46639.04222530473
026078fb-bbd3-403e-9003-57ef39309521,1-2,0,272475,405544,88362,262,0.9276125448776668,1130,28.707097995303513,smartphone,1.3165162548397213,college,0.44797909811257686,English,0.4643531788212917,0.951967585330138,Y,1.7088609178514818,43979.77708778708
4f60135c-1cb1-4fe2-9178-b628b4c417e3,1-1,1,798820,926440,2380,300,0.8880501128579441,728,50.36889240669158,laptop,0.8543401221709634,college,0.8439753282332744,English,0.5835775693755413,-0.0702395222838802,Y,0.6778658527343229,43553.39212356515
4bf66c16-79cf-49d3-a150-110237af0243,1-2,0,742850,259128,74537,264,0.4054357620315164,740,28.583958738653152,desktop,1.117132926257253,high school,0.831785362790434,English,0.29811593302815353,0.954481632468551,Y,-0.24840807663437325,43200.50101488702
96b2dfab-22c0-43b4-8799-2c759dd9163e,3-1,0,855579,726601,27180,116,0.4282248556401158,295,31.223048919674532,desktop,1.0134134792533516,college,0.7592418770569566,English,0.6272773715342888,0.7680879552962789,Y,2.2796118630011004,44779.60151786555
bdf3a343-8379-4a21-aa09-be0ea98c2e96,3-1,0,902660,935151,32855,121,0.7460377005237785,1315,52.14934714915519,desktop,0.502870137386422,high school,0.39210033740095107,English,0.4804788640858565,0.39764566396987344,Y,1.0393849991056203,45204.48748251772
e0080083-9f88-4396-bb69-13c375543c8c,1-1,1,352615,87550,22596,233,0.6494612039662615,680,22.878355783933593,laptop,0.7568416446462831,college,1.7544861779877339,English,0.4780162976586592,0.4116248323672923,Y,-0.13459735558394526,43875.073902946475
d77f1a0e-29fe-4341-9629-55666d082f4b,2-2,0,883887,754175,64460,366,0.5882875684495918,1427,35.11614732008379,desktop,0.9839809766217065,college,-0.011237487883713593,English,0.36001343074829284,0.42778849464275565,Y,3.5051714162788303,42201.5985479423
026078fb-bbd3-403e-9003-57ef39309521,1-2,1,421015,956395,83719,238,0.3263437704582768,364,39.001029006581646,smartphone,2.509961589333746,college,0.7792261666691499,English,0.2501062757758864,0.3795042529465633,Y,2.3746197960438655,41112.341005819515
b90659d8-9551-41ca-b0f5-deaff4b679a5,1-2,1,964999,745341,123326,197,0.47339117749194937,559,54.04290726882576,smartphone,0.15448840152378096,college,0.7645220771345662,English,0.5881648246876617,0.6948257050776179,Y,2.847268409900595,39963.44944804592
7a8f85f2-03e4-4714-995d-c15403d9d38b,2-2,1,782259,782465,25005,373,0.3772370520362891,988,36.09150658790207,laptop,1.1358618960825035,high school,1.087762541592701,Finnish,0.5201113831260293,0.7868782156213641,N,1.2022750725764,44455.763983555684
525bf1c5-7405-44d8-a086-43a65dd46da2,1-2,0,243070,668596,17821,280,0.584121073181572,934,47.776241667043614,laptop,1.6671520132104143,high school,0.6467380073147334,English,0.5218125219960686,0.1196091203387269,Y,1.1934914913049806,43474.47631721239
1ea0eab0-36ee-4a7f-a855-db0d0c545a87,2-1,0,393014,452144,87809,271,0.6330430733000536,921,36.71090137241199,tablet,1.4584775346827392,graduate school,0.2423480154802602,English,0.48093410460766256,0.6274802871355214,Y,0.24349465837955075,47147.54121422904
bb13e1f2-6905-4fb4-89d7-e517633755b5,1-2,0,751132,966548,99768,127,0.7351546013353244,642,23.702880810731138,desktop,-0.7611412555991368,college,2.1975444715364194,,0.7459712444904767,1.04459391635027,,2.1082746068367064,45915.36878439076
c82105bb-8520-4727-b430-daec6fdef0dc,3-2,1,314846,905060,74968,201,0.5171152484559324,1042,28.513309558916056,desktop,1.7991127901746609,college,0.38498109503043354,English,0.6177775259016551,0.32502650420543994,Y,1.4178848300889237,41486.41762380599
c82105bb-8520-4727-b430-daec6fdef0dc,3-1,1,946008,716661,25256,148,0.30366425723406454,1033,37.300553166510326,desktop,1.3185473810353865,college,1.1291178461269062,English,0.16922648365886345,0.7660274053576165,Y,2.3483976679633853,42885.33971487366
fb6a141a-25cb-4495-9b22-48bc79dbd24e,1-2,1,62029,321682,40414,304,0.49207546172343186,841,23.272767895638736,laptop,0.5728693764261761,graduate school,0.878333513894774,English,0.5674698229124158,0.8776462474578985,Y,4.160494614093746,43523.264207556036
b6b69b9d-a92f-4ad9-aa34-a654185cbcfe,3-2,0,493818,182245,119357,120,0.2649569120555589,566,30.495317521257792,smartphone,0.8087833561205345,college,1.9144521695948105,English,0.48990346278774455,0.6322865103799258,Y,1.283482401217408,44874.33946962441
204f52c9-ca1f-4474-a4c9-ec189e17161e,2-1,1,2987,405151,43987,360,0.6351355651444736,590,35.777166397932604,smartphone,1.1110475490651035,graduate school,1.5677844270389685,English,0.5510875911837836,0.6537015673595801,Y,2.9614867786127235,43477.63864200342
84e4310e-79bb-469f-a212-a280f0defc2f,1-2,1,776531,534638,73637,296,0.39467265119185746,1034,43.43835292840435,laptop,1.182147515168867,graduate school,0.4696779835151754,English,0.6060195413041661,0.4244666749671486,Y,2.512373287553837,44135.39680891793
db095ce6-bb12-4f37-88e2-d9e76be1b021,1-2,0,776613,150232,93722,146,0.5798303522910203,1385,33.92883820716017,laptop,0.7424954952403722,PhD,0.7984146155415843,English,0.5659768406465657,0.8373167532802711,Y,0.0704553490375881,46291.191589785834
7169ffc5-813b-4e4f-8e7f-9c59e92ec66b,2-1,0,514724,180348,98385,319,0.6345842894636595,1371,20.622964553639036,laptop,0.8728739224053531,college,0.8678832364543514,English,0.4706028895411869,0.13338673945935742,Y,2.2871999252883577,42963.89838722658
8716e0ad-f17c-4c46-97ed-2c9643a576b0,1-1,0,264352,88499,136003,366,0.5078161913739241,1419,52.95996894269483,laptop,1.8388469908626845,college,1.8562840637471025,English,0.3125773603254874,0.4018937250708504,Y,0.5726390150871372,40786.963666802636
ff3d06e6-c5ec-4c24-87dd-0dfc42864aa2,2-2,0,329401,597068,51165,171,0.2785194275449483,931,27.89204470337206,,0.5842986006906898,,1.3132705774052897,English,0.40704660857222924,0.0995662371505232,Y,1.935018039274377,45328.53141076895
2de720d4-ef3b-4064-9437-2886a4fb5d23,3-1,1,62345,112168,92646,283,0.24877934564339144,1156,18.648151619570957,laptop,0.2506206775878286,high school,-0.043422081284444136,English,0.6234054786367148,0.632717418153812,Y,1.8844305142100106,46461.2284518609
9ae62339-ac5d-4e6a-bcad-c0235c043cf9,1-1,1,1002683,145788,92895,263,0.7039129994491815,668,42.01464425564785,desktop,1.5361048220298585,college,0.9642864902128381,English,0.8267102143575973,0.46363635081136656,Y,1.7055281608081103,44209.98999058463
0e27148e-216f-4fe9-9572-c1317d616ac9,1-2,1,283773,280698,138098,150,0.6083268070257748,996,38.692958323315416,desktop,0.6636633694351406,college,1.585459809417576,French,0.8739049069038176,0.5171908003880139,N,2.3715553719849196,48109.4144347597
0ee8e6e8-930f-441a-8244-d7788041cf5b,3-1,1,87510,768772,46578,356,0.8775351111940186,1150,26.74552270778466,desktop,1.5563704448925253,graduate school,1.709303190174123,English,0.5420527043350781,0.4741934334752018,Y,2.7909142807887095,41311.4764711846
fc8fca36-1e38-4e4c-9112-621a6a9471e9,1-2,1,363864,187344,22613,324,0.10095524208125456,755,38.053793099235925,laptop,1.5012597476977403,high school,0.1588137512130916,English,0.1861959558391007,0.5003643118532257,Y,1.9133195247183126,45891.92600095759
5b4774fe-d450-46f1-bbcc-c33bfa496261,1-2,0,166505,741335,71608,143,0.2981948002338346,1129,28.895585403571097,laptop,0.5310655965212285,college,0.23027704509664426,English,0.6596556907990476,0.9680334574522484,Y,2.390545649761682,43040.661693813956
52094e6b-59e3-4905-9151-73e21750879d,1-1,1,322163,32695,57290,111,0.5412496719128406,595,21.003714556028434,laptop,0.3866651277543376,college,1.722635257472262,English,0.5676669093454647,0.7955409732603191,Y,-0.044532504832261566,44119.607674036444
5defc8cd-7312-4744-9ac0-ff39228637ed,1-1,1,132604,192030,85857,155,0.7293623769507983,1404,33.17811489801909,smartphone,1.1502376230842302,graduate school,1.2252396743911718,Czech,0.6975601160191632,-0.14863659317443878,N,3.7769018167138846,41135.5344803351
c7962751-a043-444e-807b-543a4b17b012,3-2,0,308314,57913,138779,249,0.26763788775794956,794,29.752797420573803,laptop,-0.1576239988199697,college,0.5271814907616114,English,0.31151215832524726,0.395775300712071,Y,0.7236863634969956,41918.33060381141
ce47cbea-65c1-46b1-9520-f23d669514e8,1-2,1,39322,872454,45761,205,0.5642409802603593,489,58.69703048191323,laptop,0.9794698348736943,college,0.7706689802063886,Swedish,0.47402039282971176,0.6666266282923876,N,1.846743665898935,45048.56499714169
204f52c9-ca1f-4474-a4c9-ec189e17161e,3-1,0,902330,82450,98242,317,0.2307031983285605,937,40.26925782691229,smartphone,1.6053346493308909,graduate school,1.0453703604693025,English,0.9334105566988019,0.2626563723547267,Y,2.1722325565250804,45616.03835639146
4bf66c16-79cf-49d3-a150-110237af0243,3-2,0,667151,177367,23245,307,0.5065346137218417,1392,41.44325088176537,desktop,0.9806474050739918,high school,1.435974963931538,English,0.3556926400585493,0.21594666616159347,Y,2.8048260789998167,44898.078390874056
df64e0d9-db88-4977-a401-e1f442400556,3-1,0,23766,947723,98529,295,0.49617200819565765,1230,29.35083219512704,desktop,0.7246058098898698,PhD,0.7872278958333866,Dutch,0.5501103712134671,0.3067331998581252,N,3.191293730234278,42833.496822085195
0c06a58b-c629-43ce-8f6c-2a140dd88b66,2-1,0,219801,231065,106369,204,0.7153961179718137,1377,33.16565886731633,laptop,0.710978660368088,college,0.9784225241072859,English,0.251076818003037,1.0408081020795872,Y,1.1825901066928788,42880.773002640846
5b87a566-30eb-4ee6-abdd-aa5677afd103,1-2,1,524401,841274,13826,345,0.8270052584533297,718,47.10175708480948,tablet,1.4504042610827776,professional school,0.009301542208581148,Standard_Hindi,0.5242565474321288,0.43832236242790157,N,2.7345628088297342,42207.584254567475
9fa1aab8-97fc-491c-804a-f4676c40ea0f,3-2,1,715683,752071,129938,263,1.0759388392146523,807,25.635647546918765,smartphone,2.0220020884841325,pre-high school,0.20188838509576024,English,0.7463508599988973,0.95186786171049,Y,1.1241038340592389,43194.076783864286
8716e0ad-f17c-4c46-97ed-2c9643a576b0,2-2,0,15461,981456,69070,216,0.40804591375659527,1296,51.97675073284714,laptop,1.1132561664286234,college,1.2158355980662767,English,0.6198869470942359,0.7943062494528279,Y,3.782642733480279,43204.536255224404
041129bf-1228-43d2-af14-173e38b15972,3-2,0,910450,270758,30219,331,0.5445227553483075,692,40.768641549489125,smartphone,1.057355456764894,professional school,1.4783919250423176,English,0.7525587301982846,0.3878383579874717,Y,0.17419534966467287,46159.78834602296
30f84640-2830-433d-94f8-24d5a11d93c1,1-2,0,605080,554190,67547,277,0.12252377120763058,1061,57.673473027292836,laptop,0.9124630074264208,graduate school,1.971789299295704,Vietnamese,0.34487775631182527,0.5964394171733216,N,1.7767310841424973,48482.87856987861
c0112282-2a3d-4efe-af95-387d581e0a98,1-2,0,636714,59211,36329,186,0.6642098253468494,697,34.76609286346395,laptop,1.527944155213845,high school,1.124731375855569,,0.6888216171122382,0.7699633843020313,,1.3663061073948142,45471.30812216697
c16c936c-e99b-447f-b617-9453bbff6d31,1-1,0,878530,301065,119779,366,0.2995425541780041,451,27.89129485094314,desktop,1.5614401763520749,high school,0.23695368444987064,English,0.5074498224720413,0.579910458349581,Y,1.2667469313135968,44945.666367592115
4ae8593c-1ba3-42b0-9e6e-deed9cdb2161,1-1,0,90929,356233,62155,311,0.4970699591374228,1245,64.46007145349049,desktop,0.9940646861682517,college,1.0516689195284665,English,0.3717550382922028,0.4384691020609837,Y,0.9754990807369441,41901.83015422381
9294f017-a752-4e3f-9266-06922b940943,1-1,1,29233,555129,21410,142,0.36668848534199106,1272,44.99396724527389,smartphone,1.4717248874588296,graduate school,0.8814600977574103,English,0.6805408225641876,-0.03893087684518948,Y,1.0338799170736488,43471.04161519588
475f8bb1-e661-4dea-af87-86ca2a261e7f,3-1,1,506705,711111,139713,314,0.2764553344435766,902,24.32069859935374,laptop,1.3008286874771735,high school,1.327180694915129,German,0.4097142895604998,0.7086704104839576,N,-1.3092257609807776,41168.977738440284
2e50f9bf-12b7-4271-bed1-a1dff8a126f6,1-2,0,593788,485772,81946,157,0.5588109258058279,1096,39.40211353081387,laptop,1.377501985936538,pre-high school,0.9865193549399167,English,0.44937520854434126,0.47334758865695387,Y,0.1626179695224943,47655.78237991795
276e0af6-a9e3-4de0-8f77-6dbf7f9e3c15,3-2,1,595071,76896,18710,351,0.5391506464416698,1302,43.91825855660905,laptop,1.1718843386344164,,0.9243029187119883,English,0.5340559588944155,0.47810594779982446,Y,3.4720484846886857,42681.58894566684
9e875d92-b04c-452d-870f-c6d62912ff13,3-2,0,400543,936321,98670,171,0.3991569206567958,545,17.869514149477652,laptop,1.535319616789085,graduate school,1.0486924550656611,English,0.8456241529021842,0.8177373092907252,Y,0.6034662609199253,41631.91899078503
e893554b-e41b-44f5-9247-2f1b1ca49f52,2-1,0,622894,761828,101439,261,0.5210581045926018,304,23.65172144187435,desktop,1.0755975045776105,college,1.3884734688204885,English,0.3466234834654418,1.0382898990202363,Y,2.634534682088148,43472.60854473108
4f8c5f95-808c-404c-9613-d9ad53bad8c2,1-2,0,68558,9348,114066,214,0.627096490442181,1074,58.41620893360612,laptop,0.9093167757606704,college,1.463830906305543,English,0.48049050523778053,-0.2769028753096868,Y,2.5552446833486497,46688.60587738394
5d7f8090-1b2b-425d-acdf-31cf8ff2f527,1-2,1,929747,47847,9321,245,0.7644361334667439,712,23.895158755239578,smartphone,0.9582106474716439,college,0.36652776329870307,English,0.5147105232605086,-0.11407263504885778,Y,4.87598284136245,45225.89399638542
840a40d4-fee9-48cc-a027-58628a5ca9e6,1-2,0,848303,684778,133169,263,0.5617855390072916,1287,42.40025667255413,smartphone,1.4594347915622277,college,1.4019270727806372,English,0.6166884116471613,0.9901998200006615,Y,2.850029291531945,42223.39917986061
b1a27fa0-3a9b-4b77-9c22-2f7ffd839812,3-2,1,862816,607601,83071,233,0.8056000143021946,806,37.37649657414357,,1.1222306400010504,,0.7683766500670738,,0.4158494722910543,-0.08780315102218439,,3.9391839769120405,44802.62094039485
5a48e48b-30ca-48ad-a397-3ecf853bb5c9,1-1,0,495532,37720,126350,140,0.3736162120820775,1305,25.985876350799124,laptop,1.643369562592457,graduate school,0.8685495733011304,English,0.50670439279414,0.8911757780177638,Y,1.551842420617081,43290.67262979001
6b74a260-9d07-49bc-9cfb-6fefbe9a718b,3-1,1,124847,863903,131212,262,0.39182560970069663,553,28.172282507733335,,0.449028706106156,,1.3283239297650298,,0.4941192327191916,0.7343727242691311,,2.5847098264852826,46684.41627658742
bdd0644d-d39c-4f9f-b351-42085d4174c4,2-2,1,99215,243600,67162,251,0.2251029042164741,769,40.85025495711119,smartphone,1.343851965622297,professional school,0.9426375762994642,English,0.21138249735036685,0.8710754658567016,Y,0.9810434131705317,43531.07724861745
9ae62339-ac5d-4e6a-bcad-c0235c043cf9,1-1,0,81670,555699,133433,285,0.6056535306435586,389,31.04921896934293,desktop,0.4039716129284714,college,0.5755835653761936,English,0.1264836351860505,-0.059936549430023245,Y,2.0062317740120212,43974.61445273671
902669eb-08bc-4e32-8e29-a4c99c57072b,1-1,0,968852,2423,41488,212,0.701398371069958,1060,29.081301633651037,laptop,0.22828288026208055,graduate school,1.3935487860314584,English,0.3527149179890533,0.20163884331126986,Y,1.0389436163370105,41790.17817558235
8711ed93-34d0-4b16-b713-b1ac804d7742,3-1,1,322274,518933,30101,343,0.6389796069381225,1362,47.68662980159742,tablet,1.585885497223067,college,1.5117720334171956,English,0.5636942254289894,0.2959138636857076,Y,2.5786096661413374,46441.719833947966
388d3669-9c70-453c-ad4c-0d18eedac5f9,2-1,0,51678,667190,17233,213,0.45427639351681787,1422,47.17249862543308,desktop,1.0952302142900296,graduate school,1.0335158405614202,Other,0.2909438301936521,-0.0035480064384283416,N,5.23614131940683,45901.46489447582
d5474dc4-83b3-459e-8435-aab6eb356a3a,1-2,1,282280,774082,75003,180,0.6104899632186586,1354,31.311293555952762,desktop,1.6459000029086484,college,0.6979313813770447,English,0.6348199141386854,0.36312571163648577,Y,1.5483511470756446,44767.40286886571
08e0c3b1-652b-4be1-b8fb-e30789efca15,2-1,1,144020,265963,103479,175,0.34254911310684594,1167,26.290344876519576,laptop,1.3089286629554049,graduate school,1.3974899685490754,English,0.6870310147381329,0.5590311496321212,Y,0.3817682640840203,43450.25023637734
4a348423-fe96-4fcb-9b2d-f32161971b4d,3-2,1,543896,957899,70405,141,0.7960388252056276,915,53.44788310638458,laptop,1.5920544745573835,college,2.1796610946777024,German,0.3399123206616164,0.7981244512805812,N,2.175359859030268,44243.60158439737
314782d8-515f-44b4-ba28-8365f8811ae1,3-2,1,124329,636317,77904,356,0.6147572128087772,1151,40.813696157345746,smartphone,0.23051826385410734,college,0.8619271903768448,English,0.4358553523696757,0.19668597065616705,Y,1.1760609662660566,40087.19683458903
14d4cd1a-7cba-4495-91d7-47fd9d0990e6,1-1,0,80450,380404,3912,150,0.36875979064224196,432,69.07687014788053,laptop,1.3047170096492136,college,1.1504438504698637,,0.25954862005456203,0.8014393200885268,,1.8162039362847753,43772.842727928655
8711ed93-34d0-4b16-b713-b1ac804d7742,1-2,0,623081,158562,129469,194,0.582094932005317,1353,40.57591245194039,tablet,0.31223384592602266,college,1.3220795525574092,English,0.5326609887540092,0.9575671226723923,Y,2.239294635614797,41551.76373815378
b60fd095-b0c5-4946-ab0a-4901ce69f617,1-1,1,632286,754177,53753,364,0.7681484169527004,865,50.80848183115979,laptop,0.9444793045417421,graduate school,0.9487424126366935,English,0.4341027417536197,0.06321343850019284,Y,1.8733618046158684,42703.398724277264
86fc00ec-2ecf-4b13-b031-7de5b98c4716,2-2,0,946318,325961,123273,317,0.5369059347742391,682,44.67884284769846,smartphone,0.8649873202300378,college,0.6442272238915319,Dutch,0.46591809882313195,0.25046500893431334,N,0.7605715299313225,40682.72933632591
ff3d06e6-c5ec-4c24-87dd-0dfc42864aa2,3-2,1,903324,595877,50851,261,0.21853870389798996,855,33.23984251431053,,0.6100660654962045,,0.8208518011973073,English,0.8205409357090135,0.7522576647716926,Y,0.8151958407643553,42087.010872687475
ce41ecb5-d3d6-467d-8d90-0da4db858b7c,1-1,1,404714,136896,81690,234,0.1287110443802515,1236,43.49631066170962,smartphone,1.879546781385844,college,0.9073378584344715,English,0.5046265925875352,0.6277257176399715,Y,0.5662594719757676,45972.45791092643
2a4a5564-46af-455d-ac9d-673d538c2e7f,2-1,1,504836,169454,39035,186,0.44963881410044987,1126,8.000629393559183,desktop,0.1402324437827568,graduate school,0.4266232507059269,English,0.495297828396092,0.8501155854074038,Y,0.030239280769237764,44572.6502948114
cfddbee4-d7bc-41a2-b2d3-a6380269d199,1-1,1,437416,652566,29503,224,-0.013714846449651596,1303,42.89376780643329,laptop,1.6841753340148862,graduate school,1.4258507095513917,English,0.6003334937742296,0.491601491290541,Y,0.6751911394428314,42774.37446875812
4f8c5f95-808c-404c-9613-d9ad53bad8c2,1-2,1,863626,966396,127030,121,0.5553748189237039,662,40.89429172171094,laptop,1.0497092930630194,college,1.072909471625515,English,0.6494634704970081,0.41075322900987266,Y,2.2671006838667602,44872.14198930296
03f385b7-6b1b-4549-95f3-1d999b1df64a,3-1,0,409401,238705,42012,341,0.5806611920332877,388,33.67137964900236,laptop,0.012669527551872672,high school,1.0628597345008213,English,0.3602999057863752,0.8255430750335176,Y,1.9323057066479696,48156.66920777133
dcf4d35b-0244-403b-ac65-5593edf94d6c,1-2,0,960788,836821,120540,338,0.7620169017829346,1219,51.905852522415366,desktop,1.28988204361201,college,1.0814318160265632,English,0.7504776102100315,0.3150280818914112,Y,1.2881764592511262,44346.34604718231
d02dae2a-18e0-4019-84a0-e1f2d1b6360f,2-2,1,221629,195653,60089,376,0.36662407333230573,1035,46.87519824989542,laptop,0.911827893118216,graduate school,1.0746479793507957,English,0.524581969940781,0.8851650715613258,Y,1.5783812175356984,41129.46209895874
8ee203f2-ee28-4529-bce3-eac1a57be7f8,1-2,0,755815,526446,91053,328,-0.15173966736198186,1123,45.16603101932582,,0.6774195254469029,,0.8457575543844573,,0.6000678013851184,0.14351030623768818,,2.2177471472977834,43470.384455389874
020bf19f-ab82-4c2a-8fb3-fbaab33412fd,1-1,1,643408,508960,53491,109,0.7630035854881115,727,33.7557527337302,laptop,0.4207940786221749,college,1.5462845885677892,Russian,0.3206454882111018,0.5291221558775508,N,0.8370181661055993,45096.643525821964
cfddbee4-d7bc-41a2-b2d3-a6380269d199,2-1,0,105597,248825,69682,268,0.5806285698939462,585,61.557020999826044,laptop,0.017180042658137773,graduate school,2.810066231247939,English,0.6790547182835052,-0.09255831796476477,Y,1.299993702537578,46447.94651944432
aea24408-032f-4620-986e-f97f5f47c28a,2-2,1,869773,875736,32405,106,0.842467736695653,913,35.564207873664806,laptop,2.103295430114862,college,0.881787511285355,English,0.48947358799054047,0.2911897256877977,Y,2.6724872454296986,45507.716597663726
92549cea-1034-4ed8-8c3f-b94bbdd55d0e,3-2,1,254854,54065,104059,380,0.8078256164873817,1044,22.005223155818626,desktop,1.1688589083865146,graduate school,1.2615188548670269,English,0.3048329591269565,0.5126034206109997,Y,0.8711287542169822,45234.477449931175
373083c9-9167-4342-aeef-ada22adbfb20,2-2,1,207369,54477,117891,164,0.6530077096141964,564,33.8724411213718,desktop,1.3682175722304324,high school,0.5053730696581891,English,0.43542371427251014,0.2016259157426411,Y,3.2431568732086133,46137.44982792792
a75e076f-3028-44a1-af60-ca3b3bcaeed0,2-2,1,514607,868994,12455,120,0.4795641792550338,559,41.61098134735355,desktop,0.8928081813761479,college,1.3420366859302395,English,0.21502780321896053,0.9588215485747364,Y,2.330888977341451,43203.49456333768
20bc2c15-8c8b-4581-89b1-ce290be145df,2-1,1,443058,760749,46996,149,0.3253083706999627,1283,43.23897810437977,smartphone,1.7690897876567067,college,0.7334070267197034,English,0.17771439153214946,0.10614517623454361,Y,2.641806379150688,41308.28209029988
cf8cc387-399a-46fe-9313-9f73def19457,3-1,0,918736,987187,62529,184,0.44120738099320406,1350,50.392361009012525,laptop,0.48246576157572907,college,1.77532334481922,English,0.7542421909759889,0.5823371684046688,Y,0.1750133139627883,43594.51925397128
43bf127a-e9f8-4553-8ed9-5bd8a1da3ac0,2-1,0,98625,448739,23148,200,0.47625056230910345,1033,23.270359347018356,laptop,1.2438405129593275,high school,0.8541676055283363,English,0.8511287887878725,0.05372163096444932,Y,1.8400377839890563,46899.57093417877
49ed1805-bfda-406e-af15-31507cb3c5ac,3-2,1,827632,518419,62912,212,0.15811346613681193,346,39.704129338842556,desktop,1.1130856012366637,college,1.158999343442315,English,0.679113353367939,-0.32998136976087045,Y,2.9604665664038032,47290.82922822863
0e27148e-216f-4fe9-9572-c1317d616ac9,2-2,0,914633,988992,10657,131,0.8339405885295299,1054,50.35279055905966,desktop,0.35590428200051416,college,1.4632691040352075,French,0.327516662520809,0.9842322409445484,N,1.886667960525893,46508.73289349323
3b9eb1ad-94e8-4ece-9e83-bdaec18ce17d,3-1,1,917452,365709,53574,377,0.39116321101410956,354,20.0050434709008,smartphone,0.0753086307594647,high school,0.28058434943059574,English,0.753991954215733,0.6309227446884105,Y,1.593208686451886,44783.032050213245
e8b80ebe-59a2-424a-90a9-b6f699b54faf,3-2,0,594280,743955,57608,351,0.8191113393057533,302,53.45024299607984,laptop,1.6099606975696723,graduate school,1.3638313682812684,English,0.23525156566572647,0.9881255098328869,Y,3.3373000747039816,44221.73638451681
b502be75-8bea-4412-9b7d-813e7bba3685,1-1,1,969273,849749,128598,301,0.3757476563422063,1066,14.68697146062392,tablet,1.0630533054959443,graduate school,0.6623232924223972,English,0.4457112749874228,0.2779472976112329,Y,2.376691771995648,43006.75756068021
cc6bb97b-148a-434d-86be-1a4b7c05363f,1-2,1,82223,830948,86074,121,0.24430027995105297,734,43.115822706373066,tablet,1.3137894726650026,high school,0.5023111783045796,English,0.6579148049546181,0.514219230392176,Y,1.1725511489046978,42456.37796492184
2de720d4-ef3b-4064-9437-2886a4fb5d23,3-2,1,389885,924587,75907,349,0.20791295471566656,1390,28.795594105527446,laptop,1.6782060207172145,high school,1.6115154805996548,English,0.3579927337291251,1.1795702252319584,Y,3.11181503303877,42934.80277332575
af2dd336-540d-4ded-ae2e-6d21383207fc,1-2,0,990741,372031,108724,311,0.45254929737993754,840,57.994437605223695,desktop,1.837289403949107,college,0.6442267590041495,Chinese,-0.05482314774666497,0.5416869080554293,N,2.7638538427557884,47213.93892158742
471fa2d8-87bd-4cea-8ef6-6c24af87fbc7,1-2,1,954685,795191,116386,230,0.4939321643230455,1089,50.22048783147392,,1.2400334881778892,,1.612741266951398,,0.4301029505628143,0.8335795640937547,,0.8329120131839763,42718.0773180755
a28f6ad8-3ed2-4ddf-bee5-0ab05da1b6ad,3-2,0,563117,970209,66378,360,0.7604827343695147,427,50.99063520511637,laptop,1.3137057216007197,high school,1.024026150824747,English,0.6723855544308142,0.8345895234872416,Y,1.0941024399650894,43478.11547876101
08e0c3b1-652b-4be1-b8fb-e30789efca15,2-2,1,490299,255732,135713,378,0.44637643676860195,668,34.73930963238792,laptop,1.26965297401665,graduate school,0.7663553394948267,English,0.24497264636342514,0.08093529378358577,Y,1.709744481508676,41789.9043276144
bac15d0b-cf63-4ab5-a05c-66f39e2834bc,3-1,0,895052,191423,11185,229,0.6468557274383145,417,19.55697655509921,laptop,1.4228017588505295,high school,1.879267042874392,English,0.30592996107857867,0.5553612498678243,Y,0.8650658189460481,43951.90563173422
902669eb-08bc-4e32-8e29-a4c99c57072b,2-2,0,812125,76313,4268,132,0.42921480931416617,805,21.99817930657825,laptop,0.27600501421256995,graduate school,0.5480175515048313,English,0.5083271804039278,0.708533599181941,Y,1.2172920301399608,39405.96114010002
4658ea30-8a5e-4e6b-8d67-2fce1d6f7ef1,1-2,1,9469,214387,136275,378,0.2074488444982706,1175,30.832343156109545,desktop,1.874800347655814,high school,0.688826790441224,Chinese,0.6102413372421811,-0.017936526603561154,N,3.869935586773854,41014.06755816135
9175e447-1bf7-4667-bb18-dd7aacb6f4ef,3-2,1,226271,135786,97530,189,0.6866460716385734,489,48.84658472053273,laptop,1.139739474787064,graduate school,1.3884115656866542,German,0.6172540161378696,0.7406453993603256,N,-0.14065131494810834,45790.465927495934
4f197cbb-93cc-4852-aad3-46d35f809f47,2-2,1,175485,775359,136071,210,0.7662964976853244,1292,28.719996709962587,desktop,1.1385738015971034,professional school,1.4490237038816027,English,0.28823955721848094,0.8934283096705944,Y,1.7805410914713435,47331.7746160856
014c91ae-55d5-4aab-87e7-77c677f8a128,2-1,0,48870,609287,104745,198,0.5010883360742826,1011,16.617422077357684,laptop,1.407176369525672,college,1.2176235238322992,English,0.31244371730377174,-0.2392337596209564,Y,2.123864721690429,43054.35042821035
0c06a58b-c629-43ce-8f6c-2a140dd88b66,3-1,0,33890,261637,40840,158,0.5490513854137091,684,37.57642818432138,laptop,1.053393211149596,college,1.0215246967463014,English,0.436383780238615,0.17736739401871593,Y,3.323228439768913,44022.24487545675
87ae871b-9380-42b1-8130-7914f969a239,1-1,0,643105,262728,103823,285,0.8092965168715159,1160,44.832522853025786,smartphone,0.875930932099617,professional school,0.09225183579444307,English,0.5272829440933223,0.6689303203845892,Y,1.7848252568576715,44142.47151341813
cea04555-57d4-4edf-9198-e8aa302bc070,1-1,1,468711,937463,5758,267,0.5669487244082282,1079,25.082439794503387,laptop,1.3664901769108306,college,1.46683533862149,Dutch,0.5158288418964786,1.0114509910518557,N,3.593320184360969,47352.850452559265
72deb366-7970-47c4-9c54-b58c17c8874c,2-2,0,840921,710659,127408,323,0.12804681113086552,440,49.367128775451924,laptop,1.2730598207977208,PhD,0.3362580056725599,English,0.5534038588668826,0.6778918172558366,Y,2.5990537563742,44476.36407003063
0fd5e38b-fd91-40c0-b154-d407eba53e1f,2-2,0,939138,818293,123269,112,0.2968235078755128,821,35.47794528704449,desktop,1.3959933982223585,graduate school,1.1639378391743014,English,0.5555784187340246,0.7903775307863249,Y,4.214639635566526,44085.77725088009
817abbbf-33b6-4f40-a3e1-e0b38753e896,3-2,0,362452,376000,30739,196,0.2981420031215079,574,27.76318224231437,,1.4546470942880139,,0.7267249357603515,,0.5725971424826045,1.5948339540603078,,0.688331099694043,44178.85968399092
8cc63a40-be0d-4ffe-bf7f-45d515c40b6c,1-2,1,64423,401803,117535,200,0.7387831194023988,311,19.295718009700355,tablet,0.6108621154155237,college,1.3088277075517154,English,0.2707970097180803,0.5185579695310786,Y,3.85124238905793,46281.584541792625
0662696f-dad0-4850-8d7a-6a843036c294,3-2,1,449296,766420,6645,383,0.4869137679967009,796,32.5758388219103,desktop,1.2186304617617585,college,0.6553278214947985,English,0.15286840642534683,1.0686344360350426,Y,2.4203495459943296,45470.412634164226
026078fb-bbd3-403e-9003-57ef39309521,1-2,0,380917,591069,105957,240,1.0507636666281988,555,55.91739869589068,smartphone,0.03442818157534444,college,1.231440528201006,English,0.6227212481614234,0.07277438986854012,Y,0.6086280795855599,44383.724351537065
4ba34db8-9baa-42a5-bed2-a6381f36d03e,3-2,1,705769,111359,122496,217,0.32793695663488864,557,47.17423358769254,smartphone,0.5385815176035456,graduate school,1.6065239279445993,English,1.0354293359307913,0.9439965779099119,Y,1.52880122075623,44471.92587945514
27d0e742-13f8-4911-a1d6-42cbea5067e2,1-2,1,1013128,463074,106311,133,0.6078283762229815,742,43.844747682908384,,1.1261845277259852,,1.1577836805701878,,0.8816605635396358,0.41266247498381015,,2.4179180016284496,42552.965308797444
d5862d1f-db68-46d7-b717-dc2a7f78befe,3-2,0,473625,878316,130193,250,0.6109402150064842,983,24.436374745591984,laptop,1.712153250333369,graduate school,-0.11927952469732839,Dutch,0.5398472384708805,0.7423907545638329,N,2.905218207474959,40333.33818569424
8716e0ad-f17c-4c46-97ed-2c9643a576b0,2-1,0,82853,342148,134558,178,0.12297233920932915,336,45.65300057212638,laptop,0.16361377469144978,college,1.8350317242528273,English,0.31450201365973696,0.9093559608645677,Y,2.003046160508741,41700.27352138547
b69f0c92-ffd3-41e4-bba0-8c129a93d2fe,2-2,1,926613,789088,7281,198,0.4628499182981427,526,51.85149539293506,laptop,0.38185074388848017,college,1.400739556957321,English,0.24677234674126441,0.8246439419468371,Y,3.1804492238971367,43281.4365160844
4b19d929-d5f9-41df-a9d5-4176d450e799,2-1,0,413615,810934,100764,364,0.848346298697024,1250,40.689472981942885,laptop,1.5236983361111154,high school,1.6532180594480566,English,0.5356325132263575,0.7104760837462765,Y,-0.0936031982321206,44526.417405876506
b4161534-88a5-4dd5-9160-ccca3961fb40,2-2,1,773295,892692,18888,208,0.37242409139547417,331,52.678676374307486,desktop,0.5630021886294607,pre-high school,1.7139520397814205,Russian,0.7678705757012845,0.4643469754445193,N,2.6091061964771995,45445.02338590583
24aa2b4b-800c-4a4a-bac9-727b1065e142,2-1,0,918280,829776,42053,291,0.6006639427144946,567,42.30168777311715,laptop,0.3580410790720948,college,1.1687736795158354,English,0.08043786424204047,0.49607042434815646,Y,-2.3745278796279132,44957.01891795719
c99a4a23-599b-4fcf-905b-a0330bb7b595,2-2,1,710481,772181,41193,292,0.22854137729032142,836,39.9272331851987,laptop,1.5513199255708212,graduate school,0.9233356185966248,English,0.4941377133898733,0.6751696331108603,Y,4.118687977571455,47418.95888925774
2f391d00-fce2-4b0b-9e09-e98753d78adb,3-2,1,553159,476830,13922,317,0.4585538558779264,444,47.81732459545968,,1.464144592726674,,1.0740384003149859,,0.6614714399959671,0.8646354135273648,,0.7411259028491535,44352.7390528988
e260bb95-bce4-410d-b0de-baf551b2b5a5,2-2,0,140524,900639,43840,353,0.6928252201328616,1438,34.31231352609032,desktop,0.9725881811215804,high school,1.6028016155182145,English,0.7002473709164769,0.04096691427018795,Y,3.762123626538851,43806.27231622532
0d304788-a11c-471d-900e-323afd0cc99d,1-2,0,896905,612462,86043,235,0.432428539196387,303,43.88560325216596,desktop,0.23676051527489395,college,0.57051115907863,Other,0.4624298352283462,0.28185370370029234,N,1.3746290395993994,44125.14882323868
9b2ec410-aab7-47b8-a6d3-19e9c1e54d4b,1-2,1,359852,322723,87914,114,0.5419254078932715,900,21.018081311153292,laptop,0.4622595973809972,college,0.40582701775593655,English,0.2917281347319003,0.8577358200655656,Y,3.4495318284326926,43999.82063921805
d6ab955d-3293-4ce7-9390-bc93ff535cbc,2-2,0,727464,1013293,12252,351,0.6004943207149687,1090,35.03241479991536,desktop,1.2009364146104868,college,0.9427788181202751,German,0.31754713790750955,0.5244488227335513,N,2.6965660032897603,45633.18991015871
ec830f1b-9018-4757-846f-ce2536ebed89,3-1,0,637584,849690,39828,336,0.5266376943856217,297,18.67421767405557,laptop,1.7367758101611253,pre-high school,0.12850064152297158,Japanese,-0.06045738836181613,0.19816599748708918,N,1.814536987695281,43748.279449088746
65ff8233-c35c-488c-a692-f140a8bc5f64,2-2,1,728172,738362,28147,348,0.2329717341755556,468,8.800149461020087,desktop,1.7696057605476967,high school,0.6998536984253574,English,0.6820437788769952,0.49444734377159183,Y,3.882353185512465,47025.72008179635
acbf370c-b970-4ac5-b1ec-4335a936dbdc,1-1,0,220941,766830,3498,267,0.28222951170626265,333,18.245500975121207,tablet,1.2670756998281956,pre-high school,0.0946684407150632,English,0.3184868132549951,0.4095615103516536,Y,2.4101500969410004,43710.507119144575
80377a90-a6d3-4092-ad16-1615a6f024b2,3-1,0,827023,558593,39925,276,0.26498262440769216,1390,23.82327478996378,smartphone,1.8705945120530516,high school,0.865668175750164,English,0.6890722578412426,-0.6814102501495822,Y,4.767849772343688,42522.54876033819
028c35ca-c434-4a6c-9706-5752290c6d4a,3-2,1,744801,692478,66605,197,0.4612911184669566,476,34.65737489144525,laptop,0.9740157797310034,professional school,1.3691201446987984,English,0.6095079929323841,0.41763763517078234,Y,2.6624534868218914,46633.34781457772
5d94e05b-6915-4406-9c52-0e12b11f5c0b,1-2,1,1020353,149798,66371,310,0.8000311117622907,527,58.30708008745219,laptop,1.686094458787415,college,0.1669062298932853,Indonesian,0.054978863848462844,0.4514444849975553,N,2.314314460913302,44843.70290272162
a8a7b6f7-3663-43c9-a149-88a058e52ccf,2-1,0,196539,812799,116975,363,0.5695247131253098,401,58.94094017916976,desktop,1.1470954676662315,college,1.7456096978674518,English,0.5826387175373782,0.8677839616957224,Y,1.0793118297365831,43852.53949452137
d02dae2a-18e0-4019-84a0-e1f2d1b6360f,2-2,1,254269,29369,119938,148,0.7687716830907221,1350,39.469592158083024,laptop,1.7441375381093907,graduate school,1.3988571369408205,English,0.7174693096859803,-0.08425936195218187,Y,2.598313891218766,43872.64438711537
014c91ae-55d5-4aab-87e7-77c677f8a128,2-2,1,136162,221112,118602,348,0.4924417094195952,443,37.318615301086396,laptop,0.9514388552930286,college,0.6831641795387038,English,0.758820356510242,0.9368535249289673,Y,0.8664740223357309,40921.02443744646
6aa0c48e-1055-44d2-9d58-385715962733,1-2,1,204154,193798,59692,351,0.2964199980228258,840,40.62868106029461,laptop,0.5477293670122538,college,1.4237699473606096,English,0.07553669299047294,0.8406785629722571,Y,0.9184513626464657,43700.245971629476
08e0c3b1-652b-4be1-b8fb-e30789efca15,1-1,1,437297,735885,50901,349,0.4197170028314428,1075,46.17928608466163,laptop,1.3562032156872175,graduate school,0.5535191332930401,English,0.18814351366548904,0.6859881272657273,Y,1.0814206154634451,44863.26794294586
817abbbf-33b6-4f40-a3e1-e0b38753e896,1-2,0,722414,572377,54765,347,0.44853178328019927,942,42.48542832218415,,1.9893003590173106,,1.7988010922372084,,0.4515601145750579,0.6611567460782504,,1.8742570703516443,42838.47491949778
06d98056-2cc4-4216-85e9-e3fe7d5751fe,2-2,1,831482,171998,12486,249,0.24987498388663248,677,54.46034906629998,laptop,0.05344469070790647,college,1.1326549490162532,English,0.47846741518619207,0.2604090856884443,Y,4.2077821860169,46804.01807086224
0e77b20c-c1e1-467c-a359-0a2942538fcb,2-2,0,135890,834111,39516,185,0.92271594497249,1335,35.212221305503164,smartphone,1.097680302127896,high school,0.963481926232997,English,0.7868184830653857,1.172007391997828,Y,3.3630744779423796,44451.22796551377
95ad60c1-7c93-4341-9da3-763bbed405b9,3-1,1,473553,504024,67931,308,0.6496726868585594,625,46.444164881454064,desktop,1.0448057559745596,college,1.781527715064521,Chinese,0.4538593028010485,0.8849934899601044,N,0.6224659449045524,45015.71392608269
0662696f-dad0-4850-8d7a-6a843036c294,2-1,1,533395,418553,33102,321,0.1433745241510263,1241,40.26917803566454,desktop,0.5486828838133542,college,1.3632092267675677,English,0.20968888795910706,0.3866709196859384,Y,1.7012430453596548,48479.47227855574
ea2dec1b-93f0-4fdf-abd2-49c6087d3b5b,2-2,1,348966,343669,98651,284,0.5059442020712341,860,47.35752080858308,laptop,0.6166458133311234,college,1.6744879657822498,English,0.9025772630681683,0.23712939548866824,Y,3.4459739715162665,44244.23913519896
a7961f82-b7d1-4a3c-a0e2-6f03d8424b4a,3-1,0,281024,133768,93920,373,0.1587048481448367,983,42.06695346446542,desktop,1.2912390204945516,college,0.6705718367246647,German,0.5765832111397737,1.3930825907921938,N,0.37783490718634893,47403.60258252595
65ff8233-c35c-488c-a692-f140a8bc5f64,2-2,1,267009,354491,86205,112,0.48445616837288497,1147,35.94690272220293,desktop,0.949552511053709,high school,1.6513699483033528,English,0.47585297517382114,0.29527457302268334,Y,2.7219524130861386,41273.56915979797
204f52c9-ca1f-4474-a4c9-ec189e17161e,3-1,1,762729,767284,44751,182,0.8863211985735899,781,24.31113833677438,smartphone,0.8603312617192499,graduate school,0.9625428355245867,English,0.7006639145324113,0.7217775639900829,Y,4.249854886184059,44344.11489457697
9ae62339-ac5d-4e6a-bcad-c0235c043cf9,1-2,1,172597,553225,4076,166,0.5947431368103414,1076,42.19403628760421,desktop,0.4827443193139648,college,0.6660129568447014,English,1.0255412754822435,1.0385204758198865,Y,2.7646829903189443,44640.31490305912
001d6664-0e5d-401b-bfd9-c2985739e2ca,3-2,1,915898,637585,34943,247,0.8041312939784808,965,31.02693733420704,smartphone,0.603461635737675,college,0.1688460014308264,English,0.6386184468939967,-0.20442371733557574,Y,2.180324414053009,38840.11994739642
8d39576d-2b3d-4eb4-acfa-32254991618d,3-1,0,504990,737535,7845,233,0.3811398754535831,976,41.53389020244282,,0.996741609932759,,0.954099278847419,English,0.9257725430052306,-0.2797775606810361,Y,2.448388940807579,46230.138683562385
11db0111-539a-45d2-8e6f-8e0a3bb6cf36,3-2,0,766756,588537,51100,224,0.14579147245639695,1001,40.50713345466704,,0.36574048829084915,,1.4150952731590811,,-0.15473053824394833,0.5851879541572741,,-0.3141311935938851,41112.989669174436
20bc2c15-8c8b-4581-89b1-ce290be145df,2-2,0,429352,718687,59128,179,0.5455568759338043,793,19.92225890350035,smartphone,0.7606854704310492,college,0.7487168246839673,English,0.5622086060675506,0.4379719392781679,Y,2.675354829999177,44038.82990332841
b74b7a54-edf6-4d3f-92d3-8dc119424956,2-2,1,565250,230087,17851,163,0.27212415788236555,600,26.780810966310916,laptop,1.5878115385048452,high school,1.7790750688380084,Turkish,0.1249889130447574,0.7982775668449849,N,1.5250989181062027,43433.24411876099
b1872ef2-f148-440e-a44e-3f12578c14cc,2-1,0,843025,672161,54574,189,0.5430921423070619,1239,40.26767623939834,desktop,0.5673080636478343,PhD,0.6796552759278052,English,0.49171073636933577,1.0570802498663197,Y,2.3337252482459925,44757.59829243116
9ac5e209-cf05-47a5-a394-9c733e12d8f6,1-1,1,101583,922425,4616,292,0.5931738192990134,467,54.50776548574002,laptop,1.7010062496874703,college,1.360823024456206,English,0.7283004725225133,0.23947396161465234,Y,3.120980938029285,41753.30028294193
f4c048c3-5be9-4b2a-b8fd-4e03516dac50,2-2,1,94328,716292,7124,260,0.696811514784383,429,47.10609980521908,laptop,1.3102264155609666,college,0.7066525064122747,Chinese,0.6080475675359204,0.6033033428775744,N,0.17988485705376545,45602.93080885276
482de720-e72c-4225-b693-68609e6db53b,2-2,1,442524,976318,87887,167,0.6403092857509203,390,35.914086056282514,desktop,1.943874776490059,high school,1.7300676614059556,English,0.6446768137896363,0.5981853264197162,Y,0.3463700929877076,44829.23493028821
7ddcdb33-a18f-47fd-8476-4e5b117b5f09,3-1,0,82331,592281,30880,286,0.1802259638353782,754,58.0016343870233,laptop,0.41233359688576865,college,1.3180432843534744,English,0.5642308230546218,0.9060924895128188,Y,0.352115680927084,43837.27022510711
fc081f63-4e8c-43e7-ba36-428995498f3e,3-2,0,969022,324213,49435,370,0.37628228542356623,644,28.431539762026787,smartphone,1.2793864399133057,high school,0.42928641567887393,English,0.12316785491653237,0.2652730691077158,Y,-0.36443364789325017,41855.07553803945
7169ffc5-813b-4e4f-8e7f-9c59e92ec66b,1-1,1,180066,894884,59079,163,0.3205643040782611,1075,42.934530481324764,laptop,1.392304803385601,college,0.42115282827163714,English,0.48309343107787583,0.5956504626675914,Y,1.6751061055661731,44835.36970791966
8672882e-46f5-44a6-ac35-bfedb6323e69,1-1,1,146495,897277,134467,255,0.2996079060255691,293,44.779159281377495,desktop,0.9546318227310073,graduate school,0.9453760997531291,English,0.8275475678095607,0.4700507771647211,Y,3.5168436907748113,43679.641621269366
2fbeb59b-f93e-4073-8132-de082fdbda03,3-1,1,994565,273399,55542,281,0.37749750738947924,1105,53.475446828628215,smartphone,0.8747679345427287,college,1.9938396927697895,English,0.6603132425125394,0.765354345151416,Y,2.316700454864934,43763.577559966136
9e9c021a-b55a-4aeb-af94-847d6d457b62,1-1,1,252677,129686,66502,121,0.4998572560489199,301,43.312638543373,laptop,2.577847102913551,college,1.1511939180741937,English,0.7201004060475967,0.7215274324737322,Y,-1.1434524514934843,44626.91909831312
023c99b1-f32a-4d79-b5d7-197ac75591e2,2-2,1,715272,884102,27510,242,0.48567835493721406,594,32.44552904763717,desktop,0.25229418747632615,professional school,0.1634499010455437,English,0.5126646845830256,1.1491175298066283,Y,2.7929861099365727,47026.1294617853
4bf66c16-79cf-49d3-a150-110237af0243,1-2,0,40051,455188,80574,163,0.37251624076894896,774,46.5910591988505,desktop,1.2352297469935545,high school,-0.6951591999663844,English,0.16642598153591137,0.31271682436165693,Y,3.29335298748882,42965.370148472495
65ff8233-c35c-488c-a692-f140a8bc5f64,2-1,0,982249,207781,98622,222,0.6357732998791465,308,21.703918550604595,desktop,1.136769784194912,high school,0.6266989612740539,English,0.1989908651068648,1.4867799024374515,Y,1.3923804102439046,43959.99317369865
482de720-e72c-4225-b693-68609e6db53b,3-2,0,404933,142248,136984,280,0.24712346364012966,1310,29.360024354501594,desktop,0.3614100030666607,high school,1.007253355473659,English,0.8167323941529988,0.6123242746981022,Y,-0.9826303308290609,43773.37844647785
27b4821a-e017-4740-b5cc-429d50c88f5a,3-2,0,434822,231368,53624,115,0.4251000986282146,1184,39.162955511276245,laptop,0.5501832185888715,high school,1.1180753830849188,English,0.30246836170762703,0.24873155839966898,Y,3.4827146953948054,46918.35317083439
b8fe046e-0564-4ca6-909e-6177a1343917,2-2,1,667808,256063,80613,320,0.4956171575401668,1286,44.995518422929386,laptop,0.13410743373333134,graduate school,1.266580660180246,English,0.6167346052996054,0.07083479585392882,Y,2.1777045111149484,46786.695378284436
1566f86d-93ed-408b-a7b8-90d409419736,1-1,1,421525,641578,19055,376,0.4998282995239648,962,48.81363324375205,desktop,1.2173905525505644,high school,0.5661845477577625,,0.4629512641318656,0.7650146329795715,,0.9260759781041282,42486.082234076304
276e0af6-a9e3-4de0-8f77-6dbf7f9e3c15,1-1,0,694172,769358,77265,312,0.6284048632762143,394,21.04054926868693,laptop,1.3877453762860945,,1.4731144662521707,English,0.6509846452752579,0.30189575312398703,Y,-0.5607421091466871,44590.27755647839
20707557-d86f-471c-bd39-ce12b5d290c3,3-2,0,646244,457118,129749,170,0.4919446426934389,833,33.7740076998285,laptop,0.6669848256580773,college,0.9037323538117525,English,0.31696296061404994,0.32890929050994555,Y,5.19410726143529,45600.38295787709
41f5530d-ed72-4608-a119-a71dd31aaec0,2-1,0,739992,793442,32716,173,0.37329410746333186,466,34.393455679737656,tablet,1.047347706422853,postdoctoral,0.9719319637116755,French,0.3461219913479672,0.8981513255807826,N,1.642877708464058,42858.39559279715
0939d037-9073-4b45-beef-4b1a9cb29fc6,2-1,1,821257,717699,111887,224,0.485152398153345,541,34.43153699098706,desktop,1.5592503795133386,college,0.8564095457257592,English,0.9483933635655879,0.2939763816544825,Y,1.6042706659918462,43243.686631995144
9ae62339-ac5d-4e6a-bcad-c0235c043cf9,2-2,1,470363,956099,106394,379,0.1369619315968501,1051,28.916979424040658,desktop,1.2752621669684368,college,0.47874841452000794,English,0.30602536424735993,0.3970761691886231,Y,1.9914305692880676,41828.90165109431
52094e6b-59e3-4905-9151-73e21750879d,2-1,0,869583,570065,118829,311,0.5479615275450324,925,47.67835528750882,laptop,1.0646977554174808,college,1.1991563280312847,English,0.5554460040501853,0.7338585810118561,Y,2.888121239148655,43380.99733805443
49ed1805-bfda-406e-af15-31507cb3c5ac,3-1,1,312966,893113,81212,237,0.910525029232137,633,41.4389263595174,desktop,1.5052416996144657,college,0.2653378619669454,English,0.7127748972898754,1.389390312870478,Y,0.926568861750042,43513.49230358071
9861dbfe-d228-40ed-9c0b-ad0a8866adfc,2-1,0,223945,8198,37376,339,0.31738950897659407,654,38.20158760980079,desktop,1.2247951052571824,college,1.4646782164597836,English,0.7084813694912241,0.11089774370132294,Y,-0.5901844304587143,43843.954876121534
618f8406-daaa-433d-aedb-3a72a9f3a947,2-1,1,717462,215161,55900,136,0.28304541343299106,438,37.64004172887465,desktop,0.2838095601606302,college,0.21526796594145692,English,0.4287975505586189,0.5595887462004578,Y,1.2207881874938078,43263.576135004936
f4c048c3-5be9-4b2a-b8fd-4e03516dac50,2-1,0,693683,86885,20043,165,0.7712308621570934,672,45.82661091811388,laptop,0.7065431889392471,college,1.0902007132758587,Chinese,0.6318394474004849,0.6373132214987614,N,1.123396311500453,42881.48947594053
5d7f8090-1b2b-425d-acdf-31cf8ff2f527,3-2,0,150683,297600,121153,339,0.28994493279628786,953,46.41974749589295,smartphone,1.938024208106944,college,2.5665034968991507,English,0.4235093924069026,0.1359884377297892,Y,2.9695960856405277,44510.89050996408
27b4821a-e017-4740-b5cc-429d50c88f5a,2-1,1,455957,303037,39048,106,0.5919121535265898,743,28.283594893695525,laptop,0.6511450583939038,high school,1.2280887386086414,English,0.6320479958096314,-0.5249942045717277,Y,1.5883677800251745,45574.166301165795
95be5385-2c68-450d-9591-83bb9246442d,1-1,0,136632,96672,85286,364,0.4036812888794352,1351,34.29536346531923,desktop,0.7445344842552681,professional school,1.2083585279280045,Norwegian,0.5445718552942677,0.8607358908980168,N,0.0033749463815198055,45594.00727465771
410395ad-1f39-4a21-93e9-298afee5d7e1,1-2,1,164028,889813,80233,208,0.6733981279585917,1082,9.075559563247499,smartphone,1.3128457059764997,PhD,1.0486097055154233,English,0.46895738281764177,1.1579978817352983,Y,2.7801869782559208,44809.21407996653
86fc00ec-2ecf-4b13-b031-7de5b98c4716,2-1,0,191911,918299,24494,258,0.32473096890494224,591,57.818009671866704,smartphone,0.5179446809329344,college,1.6559151433193287,Dutch,0.6915770344705257,0.31351158861974776,N,1.224024588121244,42349.96261650004
790f5896-c569-4e73-b88b-b931b27dc799,3-2,1,81402,237292,30734,156,0.6201086382472292,601,30.278503758869174,smartphone,2.0055204634784096,high school,0.8790160714388201,Dutch,0.5605096252927027,-0.07199342962546162,N,0.6699804924786519,44450.507070595
e1b5288e-cb8d-4cdc-b021-45df6158c3be,2-2,0,855516,221008,19906,110,0.45828068124573856,1356,32.0554840023334,desktop,1.3327121437445102,PhD,2.3288738501935606,Korean,0.6666102009857157,1.357205872127981,N,1.1516222286997377,45292.932747158826
71a4495b-b507-4fbb-b247-6be543b98550,1-2,1,312074,458096,46135,279,0.5885397481900142,1092,50.3941727365325,laptop,1.368469853890982,college,0.921214201262681,Other,0.38972867502924,1.3433817905952357,N,2.1322655099415124,40067.09680349938
08e0c3b1-652b-4be1-b8fb-e30789efca15,1-1,0,538914,382661,72186,241,0.2872154682416329,833,42.07965595857209,laptop,-0.362686869692302,graduate school,0.1529598909465676,English,0.6246321167121063,0.8180877304587975,Y,1.6149043793124038,43802.47250874552
7a5fe584-0426-4d55-b8b9-782fdd635a86,2-1,1,851989,614825,41696,353,0.5960462239343526,340,39.7675385092908,laptop,1.6397640788357997,high school,1.3949563841233101,Korean,0.7178718870770363,0.5263565764426521,N,1.4301975463981245,47811.22773683366
0ee8e6e8-930f-441a-8244-d7788041cf5b,3-2,0,678464,566821,74065,299,0.4325867897009585,310,35.0020808819293,desktop,0.08783712224859075,graduate school,1.124439013349425,English,0.5621837844572846,0.18196965679344662,Y,1.7160645427067869,46632.97410268477
24aa2b4b-800c-4a4a-bac9-727b1065e142,1-2,1,909210,428894,29175,330,0.6503700816457645,1097,36.63629503475242,laptop,0.861230579971551,college,0.7858148396176659,English,0.6426813982675781,0.386029156268048,Y,1.8081597338802309,48130.84736795991
020bf19f-ab82-4c2a-8fb3-fbaab33412fd,1-2,0,607058,368506,70682,119,0.479518585475429,293,37.4786516399696,laptop,0.3402587522675181,college,1.426430963584981,Russian,0.5525215673904423,1.034230796905865,N,0.8534615683303561,44011.58648445772
ff595b52-47c0-48de-a732-ca6f366d3dfb,2-1,0,925279,700482,100576,232,-0.1420372174848744,451,44.76911368528549,desktop,1.2033901745253364,college,0.6075278758020743,English,0.48537369674191466,0.7278992834075468,Y,0.7345668988063135,45442.615172577454
8e9004ce-deac-4c35-8176-a799b50f944b,1-2,1,529314,500963,74249,192,0.9283109524114266,1403,29.948517768080414,desktop,0.8693955861753286,college,0.44100061063555873,English,0.3527452852076705,0.4989227669678876,Y,0.3409166550892051,45703.76215402806
5ccdee25-cad2-481b-8033-c90162b98ec7,3-2,0,618033,77844,127723,364,0.4579830729956018,887,21.951934578502193,desktop,2.068170074636299,college,1.1738839912522188,Other,0.2704092569392065,0.41043691969871643,N,2.595137974664059,45077.10858457698
0023cb4d-a3f6-4163-8761-a07914b40754,1-2,0,59981,45200,65860,183,0.7224096948075782,1367,36.86800629393179,laptop,1.0055787297303624,high school,1.8102713352256738,Other,0.4243965289382253,0.9125209442848702,N,0.31790876690538306,42581.94627315371
2fbee4a6-4fd6-4fa0-83b2-b180fee815e0,3-1,1,734922,482193,17617,207,0.3072208762569508,1368,47.12984614551844,laptop,0.8311768403414888,high school,0.6795996757048035,Chinese,0.8598271145220708,0.8030963462122305,N,1.5865211916783841,45896.177517093725
95165b45-dc58-4a62-bb78-afd606f1e34a,2-1,1,532225,845645,8303,191,0.5769956715302325,1318,40.67900507750584,laptop,0.4607529944033545,professional school,1.0760377389684783,Romanian,0.48965079066429457,0.6718683820597997,N,4.532188936920398,43508.217635934045
722b0462-7e9e-4278-8d36-9495f6928afb,1-1,1,986213,541763,99371,301,0.4887488566223849,1433,25.27346531956951,laptop,-0.046197376724957495,college,1.0244589861780817,English,0.7652503940219214,0.8532593205497989,Y,2.2573119693175068,47224.395926447185
1d254f4a-ccab-4a27-8b17-ee0f21b472b4,3-1,1,79864,431654,137363,202,0.32616376253322366,1095,30.9933605786339,tablet,1.3463474098668184,professional school,0.6367424053416916,English,0.38146948300107053,0.8121426488842375,Y,4.027666536920963,45981.12767430729
4aa80c95-24fc-45e5-b3c4-102653f15325,3-1,0,597283,976314,79931,312,0.4277112731407898,550,17.87436192676325,smartphone,1.8004291005503488,college,0.7109693083227278,English,0.5839717293046331,0.7690789730487111,Y,3.213683736479517,42880.41873409763
336708c2-b201-4f59-803b-092eea309d6b,3-1,0,793379,739979,72189,359,0.21256832827643946,522,44.71673629902328,tablet,1.0297023325940027,graduate school,1.5366006480661203,English,0.5615843653918935,1.512799203899029,Y,3.3859186534626513,44121.642791669095
f8f2d78d-c54d-48be-ae80-43fab72a956d,2-2,0,276906,738553,55972,220,0.28155156790104335,891,45.79585111954877,smartphone,1.605195712116816,college,0.8261339178342141,English,0.4658440522373095,0.5492348788896809,Y,0.9671701703471615,46744.123053574964
1566f86d-93ed-408b-a7b8-90d409419736,1-2,0,403432,730891,83862,351,0.6775021686324898,1199,25.310844097036238,desktop,1.0623182177067492,high school,0.5921261671069504,,0.11916718779872193,0.6840171819283192,,1.572858576658846,44737.690700059604
4ba34db8-9baa-42a5-bed2-a6381f36d03e,2-1,1,116032,282349,19881,188,0.42160557291939027,736,24.239889406416125,smartphone,1.4560907653950705,graduate school,0.5099103953670134,English,0.4146290256971205,0.9000756349723642,Y,0.7258727914001926,45944.436255863584
b856a7a0-694d-44df-84e5-7df262774187,3-2,0,1019922,717455,6428,251,0.6636459828157553,380,28.925515013265848,smartphone,1.7281942706434332,college,0.5401320865956254,English,0.35896011511330683,1.4356657387700573,Y,0.9831177630911975,42759.00357690608
86fc00ec-2ecf-4b13-b031-7de5b98c4716,1-1,1,384039,23823,44841,234,0.23037561594946138,298,29.35826808030282,smartphone,0.8700704389102076,college,1.062832787787746,Dutch,0.5580246088798452,0.4633593480243652,N,2.2712320506662866,45076.124440602085
a77a0634-aabe-420d-8348-0a7372b161d2,2-2,1,759005,746543,72635,302,0.6429311238064963,680,46.70482716167872,tablet,0.476643757612668,graduate school,1.618149711102222,English,0.47928070346432744,0.503005493094569,Y,1.482265747232988,44804.046621065514
c000581c-20de-42c2-9978-3278cb1cc4fa,2-2,0,471769,115364,87121,177,1.0374943194332906,467,42.30643349245352,smartphone,1.5644471267240978,high school,1.8705951572940709,English,0.17672486883384464,0.9340075494063962,Y,2.195122916843945,43058.58767036488
5013da82-22c7-47fd-a245-d7131d2fab50,2-1,0,452247,742506,119468,274,0.5247762118940132,708,42.71276986905827,,0.24402007733473963,,1.6551345019323964,,0.7141886860334459,0.34004519119969645,,1.679288343093999,42872.269817450084
014c91ae-55d5-4aab-87e7-77c677f8a128,2-1,0,574036,798042,36864,170,0.14714799810946766,1172,32.98619198835411,laptop,0.7722211617795368,college,0.8048888550759743,English,0.7979413396871651,0.979555964596817,Y,-1.538858832878978,44393.97339649005
5fc65dc4-1722-4f54-bd65-720c734f2d00,3-2,0,581317,80105,12604,175,0.2519467058617104,1272,28.729572387520662,laptop,1.6740990635146624,graduate school,1.764775476128675,Russian,0.1527611185465113,0.9966016227812997,N,0.9897271417182075,46997.47675280374
cb34d1a2-93ee-48a2-91ec-77e02c1028fd,3-2,1,544776,512372,125226,317,0.4660823806478209,435,44.42096795797857,smartphone,0.5509732424962094,high school,1.2123597442770082,Spanish,0.34607142233992383,0.2879733248659684,N,0.5679203335104326,41693.25638881635
2ee3c271-be10-41d8-b778-9c5d7d5b6e52,2-1,1,1001054,7794,48432,266,0.27622834214244074,1081,27.86259020936358,laptop,1.3925121205792752,high school,1.0934109558176168,English,0.6059578492303263,0.8538909866679819,Y,0.5150209759951798,46744.504759824915
1ea0eab0-36ee-4a7f-a855-db0d0c545a87,1-2,0,784984,900314,29753,282,0.8038481191361895,855,57.683017197395905,tablet,0.5276657089152993,graduate school,0.3768575984932042,English,0.8314996967224317,0.5368070510628455,Y,2.140209527027013,47253.96119566084
154c0760-9c47-435f-8335-5f1178d12e46,2-1,1,670855,540356,53485,127,0.6392591539588969,1379,36.339066934604126,laptop,1.3002311441477301,college,0.48720335719258423,English,0.5129809543995837,1.2648907898449075,Y,3.3444497810939553,42679.76892344475
4ae8593c-1ba3-42b0-9e6e-deed9cdb2161,3-1,1,714181,688285,43610,141,-0.01930258863883272,721,19.795726616559623,desktop,0.7032746110402819,college,1.438233607215471,English,0.6461914640469982,0.8021381714385805,Y,1.4725920350134307,44124.089004430774
471fa2d8-87bd-4cea-8ef6-6c24af87fbc7,3-2,0,700955,190523,64635,312,0.6562780909796265,1311,22.918537611098664,,0.9598982160636127,,1.0432749216241168,,0.49856438287065863,0.09218489098118376,,1.1323125918911707,47132.6176823104
177ecf4d-6409-4d73-8060-099d85c7a2f4,1-2,1,315411,673906,110894,206,0.3357449637682278,1370,15.805675652154441,laptop,0.546953538000166,graduate school,0.5693785139631999,Polish,0.6501494606625698,0.1364868953355745,N,3.1456341391441187,43877.00619084337
b502be75-8bea-4412-9b7d-813e7bba3685,2-2,0,305846,788547,85690,242,0.6380895734628032,844,45.07771955279388,tablet,0.22524697657744663,graduate school,1.189369167685985,English,0.5090964117415259,0.41946349729308463,Y,1.6718962338529948,43086.281436325786
828fc4a0-e2fb-4de1-93f7-f828fbdaf97e,1-1,0,117730,813292,24688,226,0.5363303762935291,296,41.13087764586381,laptop,1.960895581940655,professional school,1.1346002912131998,English,0.3331573700059238,0.1470005020828885,Y,1.3875144021892547,40879.55001424682
f50cdb0b-d082-4ab1-b5f9-17fa8540795c,2-1,1,45312,143710,135942,281,0.3353006614004792,682,45.101270466554055,,1.8574423666941606,,-0.08016295016089203,,0.646275383320073,-0.16391665162696745,,3.659157925458354,41287.17391235746
16d93a7f-b378-4f6c-ba62-8e7479afc2d3,2-2,1,517710,234949,10177,321,0.5786090548260935,1345,34.86298043720703,laptop,1.1288854360877947,college,0.40745403234519106,English,0.6374549199101589,0.1351379035212934,Y,1.8899681796471013,44921.59642021793
5ccdee25-cad2-481b-8033-c90162b98ec7,3-2,0,341369,967932,138136,309,0.6465815202193506,643,34.53099467802765,desktop,0.3074457520194326,college,0.49133077657375,Other,0.16924003518383562,-0.04661527479645067,N,3.187973683044912,45795.8003681168
20bc2c15-8c8b-4581-89b1-ce290be145df,1-1,1,658714,717690,91819,295,1.0524190705396226,364,60.201552052371966,smartphone,0.27013436400569835,college,0.29848115409627984,English,0.39234823563293963,-0.03749188202898035,Y,0.6114740946343413,45523.89535521778
264b7cb3-a20d-4fe4-9f75-2a0dda8f6300,3-2,1,999040,154577,106088,130,0.9498857948785384,507,37.49658499774044,desktop,0.8922046539507186,graduate school,1.9866536893460482,,0.16821292997267817,0.4988962221584879,,0.031718860722874,44134.25081569338
ce41ecb5-d3d6-467d-8d90-0da4db858b7c,2-1,0,112922,408528,77468,275,0.2544625180277009,863,32.83921260268592,smartphone,0.28512988324523836,college,0.670401819340817,English,0.45839797685610906,0.6482314154846284,Y,2.8381494312066886,44939.88778217547
76d25023-7920-4e91-a62e-db630eb472c5,1-1,1,960948,121128,96623,323,0.4914328640514916,522,36.831539315015426,smartphone,0.9966241447074148,college,1.1375880824403517,English,0.6042157412616718,0.8950794257022342,Y,1.9272018718260124,40664.07528721836
253f1616-4a99-4ebf-8086-6ecb195f5fc8,2-2,0,397289,763034,84133,108,0.6027025687624876,991,18.696634732658097,desktop,1.5268981522271678,graduate school,1.3796975591124583,English,0.45556274208652026,0.43520134026052,Y,1.803180161717306,42658.03126492551
cb34d1a2-93ee-48a2-91ec-77e02c1028fd,3-1,0,960263,75264,66360,262,0.8685134153104341,742,41.51524341638139,smartphone,0.4973619800129677,high school,1.5549955537751665,Spanish,0.7655553373732139,0.3201395867649751,N,1.2856056542338554,44451.81479243417
eed8457e-2f39-4f4a-a3fc-7bc9fa57d880,2-2,1,426869,252301,70495,175,0.9350162555858621,692,42.5885961063568,laptop,1.3006210724114076,college,0.5414796437090648,English,0.4892620852534002,1.016023376961173,Y,1.326947434424616,43186.540540030255
0c06a58b-c629-43ce-8f6c-2a140dd88b66,1-2,0,71751,969641,76440,232,0.6314494213909239,1380,47.38913684245469,laptop,1.1924854847353146,college,1.21828424396073,English,0.4373472111403829,0.8733860053183287,Y,1.431679502798075,45101.043462467176
c5f16c37-1a33-4562-9996-0f8262566ab2,2-2,1,206447,434644,96663,293,0.7652844182975809,637,30.936842684149035,smartphone,1.6412752153941164,college,1.532322070389436,English,0.30061985505530364,0.6590278778516903,Y,2.85310166324021,44569.7556761386
18ff52ad-d2e9-4d03-b775-d01403f19b51,3-2,1,293378,461367,96302,250,0.5155551885075643,1162,43.668905272102805,laptop,0.5356815599735854,high school,1.2958522033886304,English,0.4708451499457606,0.6194533889985269,Y,1.0550953188858143,45708.20939013486
2969f3fa-0544-46ff-b5ad-5f14fa846a7f,3-1,1,477275,198975,25652,251,0.5327698210051066,489,32.98459434885564,tablet,1.1200643088429583,professional school,0.3298234048454233,English,0.76746696616621,-0.03663632529464267,Y,1.3524651312202982,42941.27091137245
475f8bb1-e661-4dea-af87-86ca2a261e7f,3-2,1,665426,438608,132921,193,0.37207882523976854,1323,41.263069660907455,laptop,0.9641438233089525,high school,1.7568806771036822,German,0.4436804222625019,1.088729113111242,N,2.971319057981734,41762.24169986746
c7962751-a043-444e-807b-543a4b17b012,1-2,0,252670,524286,80474,221,0.4020655864295658,925,35.665650314869325,laptop,1.454680382316206,college,1.9712233944861524,English,0.3837898388249751,0.7417985611970028,Y,0.5502363013025544,46128.12425079338
27b4821a-e017-4740-b5cc-429d50c88f5a,2-2,0,906660,872097,50112,202,0.3839946793214531,1081,20.734644985166348,laptop,0.07655143062150738,high school,1.3481578205055216,English,0.08461129958122526,0.7141151606200984,Y,0.7571053391335023,42050.31708647348
606ec9ab-33fe-4f7e-9330-c0c5d30928c1,2-1,1,564983,136962,131211,214,0.6259262952267559,774,24.751441552551118,laptop,0.17816811842538416,professional school,0.15862718343118465,Standard_Hindi,0.573697681971415,0.37556730832069035,N,1.0394498478609924,47856.86174851525
e1b5288e-cb8d-4cdc-b021-45df6158c3be,1-2,1,762195,996052,43733,133,0.14883509421237057,816,45.35545484077329,desktop,1.5500447624568423,PhD,1.3753197923418803,Korean,0.5276379522866226,1.1350338808990754,N,-1.0751838850841193,46890.03146160323
cc6bb97b-148a-434d-86be-1a4b7c05363f,3-1,1,94594,845265,108247,151,0.7568202473669827,1111,35.55488858139832,tablet,0.944907071746153,high school,0.9477439888563761,English,0.5386946306607434,0.30193089885671687,Y,1.3816722402374264,42663.90758186457
b95563e8-9d70-4aee-8c29-b2d677981d92,2-2,0,235387,713206,3036,281,0.4342645065886501,1265,41.596258261410874,smartphone,0.7814147809504236,college,0.43351937965339526,English,0.43285017846056983,0.43755278015575677,Y,0.730673463524615,42721.01090032597
d5474dc4-83b3-459e-8435-aab6eb356a3a,1-1,0,146086,759921,63595,323,0.47030135372705784,514,32.40431022782113,desktop,1.8538809093616744,college,1.5647867883407545,English,0.2915605701538527,0.9224262102018397,Y,2.0735385893250124,42343.012759284655
5d94e05b-6915-4406-9c52-0e12b11f5c0b,1-2,0,707138,983420,26720,323,0.42877535916333454,520,63.44224170327132,laptop,1.2092714331409289,college,0.9492853100182613,Indonesian,0.3074590804378766,0.750770662943852,N,4.362314565485974,40611.63390078281
482de720-e72c-4225-b693-68609e6db53b,2-2,1,575513,683998,82157,172,0.581881208864764,779,41.97201029420123,desktop,0.8413636607607443,high school,0.05626255272949687,English,0.7647171861992517,0.7934061551894074,Y,0.39341876328625713,45845.25361718007
4f8c5f95-808c-404c-9613-d9ad53bad8c2,2-1,1,494455,164728,19450,220,0.6356492541512966,605,25.48358593344797,laptop,0.878680695902499,college,0.7835179971986718,English,0.715328965026865,0.4824859082043763,Y,1.6575872326280916,41931.828562430666
95ad60c1-7c93-4341-9da3-763bbed405b9,3-2,1,130850,204524,122431,264,0.7593120277715222,1304,26.96220444872187,desktop,1.0723423339706228,college,1.0932420259071214,Chinese,0.2026064316564602,0.35761799218743695,N,0.23242711335280264,41805.084575618996
884c8fa4-f6a9-4e37-a9ab-652c0f26d668,1-2,1,373542,105638,112609,128,0.46804428590471947,987,44.90367013820358,smartphone,0.2728034317448139,college,0.6832808535857166,English,0.4767001979802278,0.5491285054995445,Y,-0.07788604526789888,41029.30836219377
001d6664-0e5d-401b-bfd9-c2985739e2ca,2-2,0,209288,579037,11440,222,0.8081591953387762,1223,50.46294105756384,smartphone,1.0625446583651152,college,0.6736711316846002,English,0.3997339874013033,0.49799661911140075,Y,3.811515895040258,46882.11180947162
6e1bdd21-d51f-4497-a684-654edc44a6c9,3-1,0,248239,280260,101772,149,0.6662369453102992,798,45.78184699155301,laptop,0.5959155140654799,graduate school,0.9318752126403327,French,0.5234318435684674,0.2966989901136844,N,2.3298978184565318,43411.461572543165
bbf1911e-20bb-49c1-9bc7-c9103f55c169,2-2,0,321952,371769,126587,175,0.7951010479223077,1317,45.65953185796953,laptop,0.572410122238038,college,0.6007688731792908,English,0.3013001705318522,0.39059339103895263,Y,2.5544852411834142,43787.69225216458
e6086759-35ed-4d89-9e47-271e43001fe6,2-1,0,371097,421249,100312,295,0.6947478532674716,512,42.657845477346086,,0.6769678040018148,,-0.12824773659478672,Spanish,0.3613404396253198,0.5339595665823346,N,2.61081979966324,41651.033723258224
4bf638b5-36b4-4b87-977c-dbb48a337da5,3-1,1,605880,559320,64610,159,0.5956827323140047,534,27.091238231408873,laptop,1.476495839750249,high school,2.027010798041851,German,0.43724304190356766,0.7930370717225665,N,0.42529965884718557,44380.78200108923
a28afe06-386d-4288-994d-28b51c745e3b,3-1,1,909448,774997,131617,205,0.11068251334728019,707,28.085617506123832,desktop,0.6768006849843428,high school,2.2754049026417382,English,0.9936750412730213,0.6981546970766875,Y,1.7125798875700402,43011.491720212165
a3dd9852-6cc5-4893-a6be-e0eed5e53e52,1-2,0,644103,659533,128056,246,0.5823151767571849,1239,44.379699950084415,smartphone,-0.3009149918520504,college,1.4440588652511548,Other,0.1915607874093198,0.0524925533497011,N,1.4245098760574988,47351.03153407951
8cc63a40-be0d-4ffe-bf7f-45d515c40b6c,1-2,0,934748,888807,3874,171,0.6938125782887772,776,42.118522898454444,tablet,0.4882492117058471,college,1.3404838856890868,English,0.34949030637713385,0.8762958072748543,Y,-0.313826331597415,45473.28863143494
591c5b25-b236-46fc-9796-d2e943430115,1-2,0,644070,972371,93145,337,0.5038136115469591,880,33.66567255110529,smartphone,1.3727964633433902,college,0.6300670506800001,English,0.2867032940198869,0.6526642189108085,Y,5.030737806076187,43213.55172123421
902669eb-08bc-4e32-8e29-a4c99c57072b,1-2,1,630320,39029,93209,339,0.3037503840550907,1061,42.37543847737861,laptop,0.3386769610525191,graduate school,0.6898383119270265,English,0.4623698746085363,0.0815396945625192,Y,1.932311920482046,44111.57370919017
134bf53e-1ea2-4b61-b39f-a1e444535f80,3-2,1,130991,685703,12394,173,0.3614782121010418,1159,29.631506227177344,laptop,0.31198505318860204,graduate school,0.6625860970634827,English,0.04521069092109603,0.3087441814198885,Y,0.6491716386081725,43861.36477892027
52094e6b-59e3-4905-9151-73e21750879d,2-2,0,247374,123813,133069,159,0.3183167396766917,785,61.709082295869266,laptop,1.7285700237157415,college,0.3782183390474355,English,0.34767524123414584,1.0869195896442188,Y,3.291787048554059,43712.91984697238
e5afeeab-aaf4-4200-a67a-5ea0b861dee3,3-1,0,428565,433183,48228,166,0.4753103589924864,459,12.078918874602877,smartphone,1.2517702215500797,high school,1.150812676683254,English,0.5072091158339117,0.29930593644106274,Y,0.8611490107728939,44499.553758500675
5d94e05b-6915-4406-9c52-0e12b11f5c0b,2-1,0,960493,188341,48852,315,0.28434993438791356,892,32.88474582958865,laptop,0.7449383323089873,college,1.7771304662305045,Indonesian,0.5946715522504288,0.3039379192079146,N,2.2906932349500675,47393.06314819703
ff86ae10-c0aa-47ec-8b3d-4d48cafa9039,1-2,1,186257,632636,81223,315,0.41863033994041016,1258,42.01087634363715,desktop,2.291116414640194,college,1.5041318616350634,English,0.2500621090253451,0.2272133630877396,Y,3.3433192781066143,45173.98842726943
e893554b-e41b-44f5-9247-2f1b1ca49f52,1-2,1,191702,814400,7302,170,0.31014638987589505,485,52.61825761677193,desktop,1.0415963555922891,college,0.9845985664870417,English,0.5655875586412233,0.5454432155245179,Y,0.9467036111476352,45111.38201459373
be9ad381-7efe-4b47-b2c8-04121156cd38,3-2,1,107490,409186,61880,230,-0.2393557929751503,1324,40.344897695249564,desktop,1.029097591822776,graduate school,1.3178363064289838,English,0.5383206033532395,0.6920522708744145,Y,2.649121538506641,45424.30476126656
b74b7a54-edf6-4d3f-92d3-8dc119424956,2-1,1,478593,967962,68138,217,0.6583228218645745,1306,46.35215393612208,laptop,1.3941040849895732,high school,1.2045047464222667,Turkish,0.7297109422939417,0.7710078563259956,N,2.5396525403935,42246.28177489632
025562fd-3b78-416d-b71d-1bab3f5fe6b6,2-1,1,880985,256112,71269,366,0.42751358525049393,762,42.16957721412594,laptop,0.4590618141935522,high school,0.5140568791680253,German,0.3541320520147634,0.7374213260874767,N,1.2670764568134167,43081.038830306716
49ed1805-bfda-406e-af15-31507cb3c5ac,3-1,1,754924,34617,77688,341,0.8466400965176066,408,43.442781120314486,desktop,0.7340753377029311,college,1.0267698386712694,English,0.5666377668746956,0.8782100179165616,Y,1.6629258841779102,42086.552601938936
9d234aec-32d0-48e3-8160-e228d2816978,2-1,0,712971,713679,7750,149,0.5895717257406755,815,24.94591016155563,desktop,-0.11240490847778606,high school,1.4881135137133903,English,0.5168684186834834,0.43059104799364323,Y,-1.1022688115193326,45777.17893064381
65ff8233-c35c-488c-a692-f140a8bc5f64,3-2,1,588926,600526,8641,236,0.23638146391015263,625,27.82849548027606,desktop,0.5089518691806829,high school,1.5473245782854157,English,0.36317315629335634,0.7906564514573121,Y,1.5209014322165906,43993.75490825889
be9ad381-7efe-4b47-b2c8-04121156cd38,1-2,1,423315,93667,32361,236,0.5118004823717788,540,17.722621802389316,desktop,1.6709758063293232,graduate school,1.7954474737585158,English,0.5178815223370163,1.2335645771939583,Y,1.9326629890119278,43598.5897863108
b60fd095-b0c5-4946-ab0a-4901ce69f617,1-2,0,386623,420820,41515,318,0.49634731742250815,830,43.28879386309722,laptop,0.6890549692581808,graduate school,1.044468174121436,English,0.45119930388165974,0.730084948062114,Y,0.6401076216377521,44945.15660365522
a28f6ad8-3ed2-4ddf-bee5-0ab05da1b6ad,1-2,0,250062,175261,82472,267,0.39699900762704826,409,38.052762285316156,laptop,0.33769095589988085,high school,0.7721388194473741,English,0.37739961235477937,0.3523358083070501,Y,1.6091988060055513,46378.19890834214
c000581c-20de-42c2-9978-3278cb1cc4fa,2-2,0,510219,561283,105584,114,0.571479752160166,984,34.83590662606986,smartphone,0.5013156402814847,high school,1.7276684339406811,English,0.5607087690834237,0.840294337118686,Y,1.957525859659003,45963.09465657544
f9557d5c-0a28-4f14-b9bf-1a0308ed9546,3-1,1,123220,923099,57447,133,0.6504870768746931,1004,49.15986666732117,,0.5030679628973236,,1.3919482808164871,,0.4261964093663761,0.5837358972561068,,3.471714430032394,40491.77350094586
540ad2c3-6798-4093-8f1c-3c3a0ea94ac6,2-2,1,1004685,277255,30069,153,0.652241332168022,1212,31.124377419261968,laptop,0.257531355115578,pre-high school,1.2511246927915054,English,0.7831895774551421,0.12087273046216918,Y,-1.5001951827924276,42428.03755564579
d5474dc4-83b3-459e-8435-aab6eb356a3a,2-1,1,529119,605739,26409,216,0.312683057659616,1373,29.277294318902207,desktop,0.24925419767643342,college,0.8868067820415083,English,0.4939164168905907,0.39259935945737645,Y,2.423528232153085,44274.87345722579
e5afeeab-aaf4-4200-a67a-5ea0b861dee3,1-2,0,596679,242785,2030,361,0.48018774822480786,726,34.51009677607505,smartphone,1.2758434686216942,high school,0.9655328631779112,English,0.3782487221437107,0.36421564453156596,Y,1.4894804817581881,42411.47207743228
0010d921-1f71-4511-834a-55096185fabb,3-1,1,50687,587296,25498,272,0.6019975548957327,1157,33.07661526648451,laptop,1.3080692342160127,high school,1.9303505324780472,English,0.7365433463811676,0.14719859395461932,Y,1.9427470750526619,45096.64285417149
0d84e944-f2f1-4a68-8fc5-719111349ddd,1-2,0,1008865,276950,8353,204,0.4544314178732052,327,32.44648004668277,,1.5347327535979645,,1.532606279655823,,0.1856295586787146,0.49903574818476565,,3.5389598017142267,41417.117165083
4c958f8d-f3c9-40f1-8816-2b0c39a38bd9,3-2,0,737193,500673,74311,369,0.8390873219568964,311,32.75714968205465,smartphone,1.1264572529928554,college,0.9025269391133891,English,0.5445969435405006,0.0325396659315112,Y,-0.5475631024019334,41272.19646283066
5940aa1c-da60-4873-b97f-e4d89f2d1a85,1-1,1,163425,113177,135920,192,0.8004827350915453,771,23.790034777749668,laptop,0.4164355662585737,college,0.9080038676517166,English,0.4326321695862221,0.6728657099040836,Y,-0.22806997010365793,45116.85738877156
cb34d1a2-93ee-48a2-91ec-77e02c1028fd,2-1,0,651014,223586,57687,368,0.8180913515097328,1309,25.6732288128715,smartphone,1.8254940652900262,high school,1.428046317536992,Spanish,0.6355780163369648,-0.3005182699416564,N,3.390650829324068,42665.01362652335
ef9702d4-36b9-4de8-a045-dbce0eb27a98,2-1,0,535718,241118,131154,235,0.6067288968597226,1102,13.197949546118487,desktop,1.8932113434778772,college,0.8362587097408587,English,0.3539854506301381,0.7449398407097503,Y,2.4841676425848007,44015.24417972029
3657cc44-95b2-45ff-9e4f-a4cd22079a32,2-1,1,588630,483420,120193,127,0.7495280383265926,708,27.483102502236576,laptop,1.226783428808271,college,0.21189918124245644,English,0.42217926243895454,0.5359577337898881,Y,2.579828316085027,42299.96314958113
c10c2f4b-5e25-495d-be7f-9678adcb45ed,2-2,1,787574,190047,99881,180,0.25756074037744114,864,31.016108462523672,laptop,1.9846759248380668,college,1.4207079031072107,English,0.5502361418253459,0.14203820007909534,Y,3.637367782623399,48288.96185880751
8ee594b5-8f8a-4ac5-874e-70ae8f41cac6,1-2,1,105723,648619,10226,189,0.7026103640003426,1078,29.266668013832316,laptop,0.3998784461192837,high school,0.5050606320651486,English,0.01511930120772148,0.2999545506613749,Y,1.5932661066534672,40912.900291812955
8672882e-46f5-44a6-ac35-bfedb6323e69,3-1,1,732868,268796,49062,239,0.3269774915816983,519,27.805597534781697,desktop,0.9976933620559132,graduate school,0.08575884980331772,English,0.017408213695040142,1.1468618930533212,Y,1.0289005071593869,46016.91397300287
a8a7b6f7-3663-43c9-a149-88a058e52ccf,1-1,1,869384,520200,91614,121,0.6542189228195372,812,11.338098737926643,desktop,0.7032186270646044,college,1.125440840679416,English,0.5398802722797205,0.3102174977732224,Y,0.5337705064739726,48677.95350484735
5e3b5968-8333-4c18-987b-b413b916f904,3-1,0,933331,619135,50473,111,1.1239489063504011,455,54.92411603849695,desktop,-0.12941732645582893,college,1.6374180095453301,English,0.07260368740089646,0.8022359223817263,Y,1.2898196666726656,42642.88995704198
618f8406-daaa-433d-aedb-3a72a9f3a947,1-2,1,404533,877196,96950,223,0.6355426936628303,983,44.50677307389833,desktop,0.7309394170241883,college,0.6371769376894557,English,0.5378814229085004,0.5967747346109068,Y,2.2458832077813202,40627.13478632783
7ddcdb33-a18f-47fd-8476-4e5b117b5f09,2-1,1,500118,333262,138330,333,0.5267991639162033,312,24.256413555216,laptop,0.405797992055303,college,0.5242439296438461,English,0.6287466964381228,0.3735374805072147,Y,1.8640591037873044,45476.27718635364
5ccdee25-cad2-481b-8033-c90162b98ec7,3-2,1,727494,755895,137172,223,0.751995940438257,847,29.186509701675188,desktop,0.825132636106085,college,1.348077903793746,Other,0.20044207658969676,-0.05093807181968224,N,2.1772005962866516,42110.17284870443
8daf6eaf-3757-49a1-9fb7-77fce259e6fc,3-1,0,332352,230157,42507,374,0.583114602029775,805,40.61450504056315,laptop,0.7863511209693212,high school,1.5986311079303266,English,0.561019995350654,0.8339518527590795,Y,1.201855447135923,47357.58861684676
0e77b20c-c1e1-467c-a359-0a2942538fcb,2-1,0,646229,225671,21555,306,0.4082225436260535,355,42.48005563448997,smartphone,0.8682071838087357,high school,0.6920219615835368,English,0.32753134039094656,0.5662454358207325,Y,2.992007278032999,43740.504493006665
314782d8-515f-44b4-ba28-8365f8811ae1,3-2,0,571275,155998,32391,274,1.0302350497668615,510,33.43360550126604,smartphone,1.4277570286140606,college,0.28971614614898444,English,0.5858289275554671,0.685035741471883,Y,2.863783724786108,41612.693622709776
9783faf6-c2f5-4343-a86d-f6312c95f762,3-2,1,389882,760474,76401,299,0.40382481386865265,761,24.86875557934691,laptop,0.40298810695896736,graduate school,0.7682993586481119,English,0.7376302705483782,-0.15468300726284923,Y,0.9958597079604179,42832.56518670657
020bf19f-ab82-4c2a-8fb3-fbaab33412fd,3-2,0,45175,873931,117599,358,0.2900076085197206,514,26.754602633274043,laptop,0.28695031280702954,college,1.3310608952918206,Russian,0.49285511351608663,0.7389496061929033,N,2.3238615881710785,43237.30500335905
9e9c021a-b55a-4aeb-af94-847d6d457b62,2-2,0,954641,950986,49894,137,0.49772076503297563,310,49.776462580803816,laptop,0.118860283695014,college,1.0326399281667884,English,0.8344302702266109,0.301074279131191,Y,1.3686876078819443,43955.023334721125
93ae865d-c378-43e3-ac66-f429add5f358,1-1,1,831879,56525,57902,206,0.9353760437932461,1187,23.32094731297425,laptop,0.38964928904263474,college,1.0246137405587525,English,0.6705791690857844,0.44780655298440586,Y,3.3611510536874336,43204.6037760797
5fc65dc4-1722-4f54-bd65-720c734f2d00,1-1,0,996924,549816,102233,302,0.1998216881208682,581,11.901787678254696,laptop,1.495022696597456,graduate school,0.6319092931638918,Russian,0.678014667081198,0.8362476344596848,N,3.9942395311342653,43148.23336671574
61746fb4-9306-40b6-aeb3-31222f13e4bd,1-1,1,825443,845408,18400,164,0.4099380265098459,1288,38.83664835262067,laptop,1.0732224022349857,high school,0.6108068447983943,English,0.616570011360782,0.3410174379369221,Y,0.989343958387696,45752.74131252659
6111a8de-8e09-451b-b8a9-ff41d2c985e8,2-1,0,762829,86471,134251,236,0.4176720614268874,1437,49.304506760877544,laptop,1.441382441710864,college,1.1939594609332596,English,0.5439085105741589,0.1106075427608092,Y,3.158502635497878,42371.0242858881
020bf19f-ab82-4c2a-8fb3-fbaab33412fd,3-1,1,726794,915839,15249,270,0.4597951307026637,568,41.916567730851284,laptop,1.0842609607100284,college,0.43837348258728936,Russian,0.34135555908765225,0.4647671755347812,N,1.1135879608403498,41917.32638250027
eed8457e-2f39-4f4a-a3fc-7bc9fa57d880,1-2,1,814160,168182,75535,329,0.4630268132505011,1382,23.911297484498306,laptop,0.47239040627797746,college,0.39488606923204816,English,0.20752399684756356,0.5370235778067647,Y,2.340646418065946,41907.79025364224
832f42b1-7702-43bd-a55f-a71c4ad85b9e,3-2,1,273754,402997,53805,130,0.6546875352045424,1077,36.72851328969436,laptop,1.7590980768381896,high school,1.6468830436820014,German,0.5712432428343079,0.5732300541090656,N,1.8754045961486991,45783.43770889309
7a5fe584-0426-4d55-b8b9-782fdd635a86,3-1,0,67894,882805,107237,303,0.40406115174958207,809,34.46205626965727,laptop,0.9189319369049644,high school,0.4389440912073922,Korean,0.699119029469544,0.11771423579597518,N,0.5736500948145298,43531.33831236101
a75e076f-3028-44a1-af60-ca3b3bcaeed0,3-1,0,932176,669736,131235,167,0.404914649623614,390,19.485539669624366,desktop,0.6609507203821767,college,0.5095041530108944,English,0.4989997572853868,0.10147228466589098,Y,2.1089021631161042,43679.5444678797
5b87a566-30eb-4ee6-abdd-aa5677afd103,3-1,0,13194,486962,66999,252,0.9158002266365027,679,50.06730790508582,tablet,2.000293951594494,professional school,0.5241330271601139,Standard_Hindi,0.8247047562491185,0.8749735298787102,N,0.6856064964869082,44564.770858598284
2de720d4-ef3b-4064-9437-2886a4fb5d23,1-2,0,705976,961672,28967,206,0.4792205799030198,1032,46.37539011894217,laptop,0.71589007971521,high school,0.4008457906274814,English,0.36190491801228597,1.2820649302115226,Y,1.1066407604908233,44536.691125195815
020bf19f-ab82-4c2a-8fb3-fbaab33412fd,2-2,0,770241,568626,36397,344,0.3449030476645767,1200,35.1649238919166,laptop,0.023711359403481347,college,1.8018217152301097,Russian,0.8031698827401563,0.0021014993639614787,N,1.3789831382651554,43800.80255494307
af359589-3ded-40eb-8c8e-8c820ad019de,1-2,0,758565,906752,100450,153,0.10126871657177566,798,34.28763993509125,,1.4587407095595264,,1.8795729502593677,,0.44462060229571515,0.34926981676926167,,0.1440744983497415,44265.59806708399
4f197cbb-93cc-4852-aad3-46d35f809f47,1-2,1,974316,130150,38640,169,0.4439148702494148,941,38.50623880607389,desktop,1.3576482509325043,professional school,1.0488049317905115,English,0.5626479939876472,0.5720999867933462,Y,3.707617142386426,43525.583415869914
6111a8de-8e09-451b-b8a9-ff41d2c985e8,1-1,1,819453,561166,10695,248,0.5523168738824653,1313,13.76952513960424,laptop,1.599415989341284,college,0.6640921892611639,English,0.22209067445895025,0.46751785987654004,Y,2.9402097529009796,42964.12133957852
388d3669-9c70-453c-ad4c-0d18eedac5f9,2-1,1,822041,254429,71773,255,0.9486607358270833,548,27.525996013424585,desktop,-0.007702883131492699,graduate school,0.8622581960591953,Other,0.24861991330640099,0.5845468955411026,N,2.6947918305651237,42357.111768145245
72deb366-7970-47c4-9c54-b58c17c8874c,2-1,1,819864,843018,102318,132,0.4480074631957592,527,23.466902783224366,laptop,2.3175307112476764,PhD,2.187596264045533,English,0.24350571601104853,-0.019929681525500786,Y,0.8614178502774941,42500.22743044956
884c8fa4-f6a9-4e37-a9ab-652c0f26d668,3-2,0,105219,745297,37280,211,0.7109362338988336,1263,34.94585965685054,smartphone,0.6542134893333906,college,1.367209082065868,English,0.5164361755033926,0.08138639047112839,Y,2.17084954547453,44479.40402251163
e6086759-35ed-4d89-9e47-271e43001fe6,1-2,0,702645,805482,88720,348,0.2913966593224465,748,58.43335213716429,,0.7529733494097848,,0.7427223828652039,Spanish,1.011219362153146,0.49459160454492207,N,2.075018811894905,44672.866057667095
1ea0eab0-36ee-4a7f-a855-db0d0c545a87,1-2,0,348460,568198,114539,125,0.54410319497225,583,27.49421346051201,tablet,0.29349827442455967,graduate school,1.2859784995643524,English,0.47241536586921207,0.45272797224947336,Y,-0.6490599024293839,43792.38418642619
f1d9d03c-16e7-467d-8734-070773d65aed,1-2,1,608898,412677,69045,194,0.44185235332483874,726,51.00204145350577,laptop,1.236007965948037,college,1.0898893527320257,English,0.3490118007138088,0.6288501048141883,Y,1.4468192855868378,46115.434029353775
dc68d578-d73f-4d91-a515-6a5569f35516,2-1,1,44773,723107,98594,356,0.5597965800334788,419,49.51581304387798,laptop,0.8861458650965536,college,1.3336709299035032,English,0.4917884604090554,1.1036290773615094,Y,1.6711004810225727,40156.987305213755
8d488770-dca3-4c48-bac8-af2e74d1dc4c,1-1,1,141313,58280,124955,370,0.32947468876712005,536,34.54082574180982,desktop,0.0020844596267241,college,0.7499865927682272,English,0.9048977061208172,0.7356842992207507,Y,1.9625765216246622,44944.84649408217
a28afe06-386d-4288-994d-28b51c745e3b,3-2,0,417463,781063,113079,180,0.2311873005049908,888,35.02097551454785,desktop,0.8503135486918969,high school,0.5135216860286774,English,0.47284254724837027,0.36744175612842533,Y,0.5796791557603291,41706.63507950283
bd594697-306c-4969-bc64-971a4c6a795b,2-1,1,333710,702669,120529,203,0.5868364436098298,789,36.69136509053837,desktop,1.2322284420426355,graduate school,0.554974025611467,English,0.9046952722603547,0.8174484368578075,Y,2.061107669993115,44573.45899277511
cfee68d1-90c7-403f-be8d-bd8b7abc1b67,3-1,1,313332,994348,66067,248,0.4767838784928188,1226,26.833488261023934,laptop,1.1002614174254508,high school,1.8324699936090372,English,1.076210138434809,-0.04740512664851537,Y,2.469222378408153,42347.69509106467
c76dd3b4-df4e-460a-91cf-30691faa6703,2-1,1,612196,276296,134653,112,0.5034551425442886,393,25.726832461929384,,2.1637746536385696,,-0.0843792780650523,,0.5382801429809994,1.27536390023959,,1.4588823715714372,42078.126306822865
b502be75-8bea-4412-9b7d-813e7bba3685,1-1,1,590449,914577,118760,293,0.5287887602209372,798,29.393635276641923,tablet,1.319303797394709,graduate school,1.0686464892610035,English,0.46693990090409027,1.0843991977786742,Y,0.3811893785921219,42033.09285268655
8716e0ad-f17c-4c46-97ed-2c9643a576b0,2-1,1,776128,752349,48755,226,0.5010163622988145,1001,51.26278221653804,laptop,1.2718283549537224,college,0.65241692557248,English,0.4546686716899063,0.1436548633584297,Y,1.2414453660038889,40731.43775838363
84e4310e-79bb-469f-a212-a280f0defc2f,1-1,1,256374,366977,75369,135,0.13467093742805114,1311,23.655963903270305,laptop,0.63791347588477,graduate school,0.6565525169431989,English,0.3330639823558681,-0.0767364664545438,Y,0.8001184245894942,43809.05783720761
11db0111-539a-45d2-8e6f-8e0a3bb6cf36,3-2,0,342397,519205,81786,142,0.6182471829914925,582,8.02280601475422,,2.311532725642243,,0.09847779184041128,,0.8297623157607487,0.3655561547482671,,2.935338604793684,40884.17144859336
f01af761-d426-46f0-ac95-33b120cf9e23,1-2,0,323818,579985,68236,332,0.20041858493773368,1404,-1.7075978339215894,desktop,1.0544284023616615,college,2.2690969527505795,English,0.17373032141985345,0.8386471179960233,Y,2.468533777092871,47117.3841935155
d816358d-20fb-48cc-8597-6ce3578251dd,2-1,0,719030,184686,112940,372,0.2649512164573741,508,38.73408558795583,desktop,0.6086752869776428,high school,1.2201869882808214,Norwegian,0.5467669814649033,0.13325041211877509,N,2.8391776478762907,45441.33961883139
f21d665c-a1a5-47e4-a82b-fd8cf0b24f43,3-2,1,306283,153222,50136,141,0.20944221136732155,792,22.934605777533065,desktop,0.46816217705589536,college,1.564428798588861,English,0.7304219083358428,0.6690970821154951,Y,1.2767918351587781,43055.859789386064
af2dd336-540d-4ded-ae2e-6d21383207fc,3-2,1,908059,158820,109814,227,0.652457618386552,1233,16.454931141399985,desktop,1.4271970516857493,college,0.5285962057695963,Chinese,-0.10763220328357592,0.4715859655755588,N,-1.027649068925033,45354.76037272604
24aa2b4b-800c-4a4a-bac9-727b1065e142,1-1,1,353712,684387,125401,106,0.3503093090724264,846,3.8691646470020444,laptop,1.1811895192453925,college,0.8360465086620772,English,0.5820490807164149,0.1289919376980881,Y,1.6689476648911865,41674.30868406253
afb433da-e4be-42f4-a386-41690af0783e,3-2,1,988513,928656,139825,134,0.6889853126965323,485,34.077821958527934,tablet,0.7143676364719997,high school,0.7730025481263831,English,0.47894644851365936,0.33865703840670125,Y,4.036853365374826,45082.282419669056
79dcc136-af62-41a5-a697-40d9b8f68d3e,2-1,0,157673,993574,59968,337,0.378205043439529,1011,52.58768019498727,laptop,0.9324278209176341,high school,0.6338754643570051,English,0.5379136605962219,0.1556061315320042,Y,3.708793791850005,44765.07476537258
24a6f167-5017-43b5-9dfd-891537602f94,2-1,1,674189,247492,14770,363,0.6604214712250631,1270,45.02215201718846,smartphone,0.9147963382617342,college,0.4892693521862741,English,0.6268557678278507,1.298503719543318,Y,1.235985891144467,47097.79711891383
0fd5e38b-fd91-40c0-b154-d407eba53e1f,1-2,0,479598,261546,113989,287,0.8930250758538758,499,52.63460458491007,desktop,-0.011472504991512533,graduate school,0.6036893700924537,English,0.8418642221618746,0.08826599284508763,Y,1.0114155329735186,48250.5970734726
f9557d5c-0a28-4f14-b9bf-1a0308ed9546,3-2,1,249486,717471,50387,209,0.6938818485468807,869,35.0673654125695,,0.8289275859181573,,0.7199612614123969,,0.32260388225698255,0.44107467234601866,,-0.24913868359522384,45639.40090255071
471fa2d8-87bd-4cea-8ef6-6c24af87fbc7,2-2,0,248450,173499,79456,157,0.31231389167080753,1075,50.9349784259082,,1.1228604216681974,,1.129309942577222,,0.4142071231456479,0.1529721512835266,,1.0900437059301864,47504.581093884204
ce47cbea-65c1-46b1-9520-f23d669514e8,1-2,0,60305,230285,60850,125,0.7964516633496157,1352,56.56938885222227,laptop,1.136845850021973,college,1.6850078359122762,Swedish,0.41105663171034235,0.568728206620318,N,0.4375835355489144,43443.2067038345
dd12faee-44a2-40b4-b2aa-276cd7e690dd,2-2,0,621513,903730,135919,170,1.1293223871706493,749,30.656900952866813,laptop,0.8421801371533899,graduate school,-0.08309506459995397,English,0.27628592355200504,0.5875789213272478,Y,0.9647730064652197,42120.1319698808
345600be-501f-47c7-b3fc-124fccea4b69,3-1,0,590902,511534,6561,241,0.23803074479722852,589,45.2990337823001,laptop,0.8788960480856018,college,1.2061479581924333,Chinese,0.2789411625400058,0.7243651397469042,N,2.2825194310732706,45706.797936569215
52094e6b-59e3-4905-9151-73e21750879d,3-2,1,777189,892699,107650,375,0.44506846397127237,1343,34.31129750406173,laptop,0.7285839687340991,college,1.9108027442718623,English,0.5420564169566431,-0.11937320580635258,Y,0.6485780397768921,46442.17770378362
6965965e-87b6-46cf-97e0-3b7960e277c1,3-2,1,147054,746331,100703,268,0.19852505216820715,1309,28.804239965529163,desktop,1.6086910927896332,college,0.6829859401877656,English,0.07383840080854776,0.9649882790515458,Y,1.027434112698534,44071.41188402035
295fe5fe-cf5a-4c14-a7db-ab1d21f1348b,2-1,0,656891,877043,71447,215,0.5212103122201973,1425,22.595687386701933,,0.008062492763148632,,0.5185829343269721,English,0.279168626252468,0.17822943614208436,Y,1.7202083778545572,45367.92337783849
f33ac1f3-83dc-471c-9b3d-dacdf51395f3,2-1,0,115519,966738,8032,202,0.7333952279343366,1232,29.60323196252999,laptop,1.6053860552030907,college,1.541749166439562,English,0.541914906989886,0.5786539708656314,Y,1.1090774928777125,42740.469238645965
a12939e3-640d-42c5-87ed-83c1358c4698,3-1,1,291183,537638,31861,190,0.4361761283343642,670,23.124176077180636,laptop,0.8097877467861863,graduate school,0.908199226242279,English,0.760330207200387,0.8725951237031597,Y,2.6801440421426164,42799.62010023908
d75a8088-c158-4ab0-a3b8-7927d6e80961,1-1,1,313567,582079,129545,304,0.3366293555785328,479,62.68954114070576,laptop,0.8905012419983522,college,0.8619394291802116,English,0.49293284317513075,0.22948089074978484,Y,0.9980615053568257,41711.319022984215
f21d665c-a1a5-47e4-a82b-fd8cf0b24f43,1-2,1,777065,865316,84112,233,0.7834459357825432,807,27.259800139979298,desktop,0.8881211051683208,college,0.08069379177082747,English,0.4390195528420508,0.44983444535860684,Y,3.3253598556498263,44203.12534051835
388d3669-9c70-453c-ad4c-0d18eedac5f9,3-1,0,674681,870163,113745,153,0.5759818725680227,663,34.93916674624171,desktop,1.2741288699410631,graduate school,1.2463934633467768,Other,0.42088200612167254,0.06476982858136865,N,3.794823380613795,42707.64758330769
c94dde40-5c1a-4071-8a82-d9c9e525ddbc,2-1,0,923651,872499,101833,249,0.47949500366367637,833,42.05432406568897,desktop,1.2411091140921124,professional school,1.8952808140681183,English,0.28965437163438196,0.3180492002524903,Y,1.4185207362749515,44647.16365147992
9d234aec-32d0-48e3-8160-e228d2816978,3-2,1,220041,627979,53661,343,0.5052205416185235,417,40.99018603563655,desktop,1.529871471232318,high school,0.20318223686332426,English,0.2086352825077848,0.4130287304237218,Y,1.9326398709250876,44434.50883984458
1ab057fb-ac2e-4650-88bc-ede767006043,3-1,0,705911,773293,56923,245,0.3027658966825083,898,24.153108467692455,desktop,0.5687306852727189,pre-high school,0.5848821917579285,German,0.9164381991940822,0.5040936058967223,N,1.654452896123528,44248.880778870975
c5f16c37-1a33-4562-9996-0f8262566ab2,3-2,1,234960,968417,28996,148,0.253178067282938,478,22.68177032693256,smartphone,-0.13130812440050654,college,0.22570617416459648,English,0.4922631016454765,0.29498826362978525,Y,5.322292431720107,38976.047994295914
8053404b-3274-4b36-a3ed-c3f4cff86dee,1-1,0,41795,788507,81954,371,0.7508918345329341,1106,42.695947662267976,laptop,1.3596620292559005,college,0.9181634426822722,English,0.7012038271784962,1.06991281617908,Y,2.593467333099013,45019.59278558634
9d35cb65-f33c-4a81-bcbf-a794582e6691,2-2,0,390059,528916,5607,253,0.5993305088031144,1335,34.48816006682432,smartphone,0.7902540688209132,high school,1.475246878613597,English,0.20156048588019465,0.119503604693391,Y,1.211499715505512,41444.969091094805
adec7fbd-3153-4612-846d-2a4183f03202,3-2,1,916570,584212,5493,354,0.5916403460180661,1364,25.854135006543125,laptop,0.4132450205835151,high school,0.6507379420341033,Chinese,0.6325525123709727,1.1741353104589094,N,1.227738432859864,44722.33626846955
72deb366-7970-47c4-9c54-b58c17c8874c,2-2,1,833422,154133,131165,370,0.5700377629407647,843,43.7930496587225,laptop,-0.05457787288799376,PhD,0.7049210219415105,English,0.44414522311083754,0.43000417789659484,Y,2.008198117281728,44580.3793551846
8205439c-3064-403e-8fe9-b46a0c866470,2-1,0,66051,306022,109988,202,0.7943495466590382,502,23.65161289321646,smartphone,0.23286106566325127,college,1.0033948432928146,English,0.3219804701188084,0.09975263357150849,Y,1.2689592798273708,45762.024699125555
cef9fb15-e845-46ae-8282-8e7247078df1,3-1,0,29502,461357,46134,331,0.8743958418700712,796,34.10433496014725,laptop,0.7197410368993641,graduate school,1.119074791444345,Russian,0.8526499494906736,0.48506598493212166,N,0.6719801420489167,41901.41875999706
24a6f167-5017-43b5-9dfd-891537602f94,3-1,0,142317,171537,65124,218,0.47819548511507726,817,25.89163187081839,smartphone,0.9443584687615394,college,2.2269877210711346,English,0.26223816140561007,1.3293580894827581,Y,0.2797301931639067,43017.07662140413
471fa2d8-87bd-4cea-8ef6-6c24af87fbc7,2-2,0,322783,343185,37887,153,0.31117461989360773,753,37.55354472696738,,0.5966438568168639,,1.1978699778520938,,0.6121144570263369,0.36873828456679736,,1.4891287464847156,39287.448532560884
2baf6ca8-ba5b-45f6-860e-359b139766f2,1-2,1,97721,536964,73820,289,0.6150646752439081,815,27.249143072253098,desktop,1.0919894344389096,professional school,0.890607882401267,English,0.5392256645000788,0.6487465876509825,Y,0.6541045829238838,43887.595187907835
f3976e86-1195-43c9-a4d9-901ec02d365d,2-1,0,177574,722606,116688,179,0.46663872618530955,514,29.691267219968495,desktop,0.2682261780886436,high school,1.4487594537496555,German,0.256198866339562,0.389534857927506,N,1.8895300965810222,46245.9105620495
45d0a062-50e4-4bce-b410-65ce05905a22,1-1,1,467856,131992,315,298,0.816022608024055,590,36.66168869630952,laptop,1.5832463824506162,high school,1.8577055572286534,Turkish,0.11648607890389562,-0.41147022748939943,N,0.21840236267945157,44842.10256120794
638f2a54-a63f-43cb-bb8d-57d901598260,2-1,0,636439,845225,47142,230,0.6182245942801551,440,27.916368301750275,laptop,1.7271674233611742,graduate school,1.1489500417699574,English,0.44279918108531946,0.35426117602331997,Y,2.42753556233924,42791.178297771745
8d488770-dca3-4c48-bac8-af2e74d1dc4c,2-2,0,780454,518449,17023,234,0.3189796030943289,558,34.02589468196813,desktop,2.2224457697769875,college,0.9336157706284726,English,0.37872331318920205,0.6209197023297568,Y,0.6679173844822306,45216.34051363411
fc8fca36-1e38-4e4c-9112-621a6a9471e9,3-2,0,861855,114694,26644,335,0.6041052862978056,698,20.70168083571489,laptop,0.6905131692451897,high school,0.28270999812006703,English,0.3337194566796111,0.487320878262063,Y,3.2824832850337495,42486.29065001853
f8f2d78d-c54d-48be-ae80-43fab72a956d,2-2,0,683653,263185,110256,297,0.6994440400767785,1245,16.51243775437488,smartphone,0.5961212858626477,college,1.1386784761925242,English,0.5153773263805413,0.32709918468664523,Y,2.128187543774269,42626.24285786771
373083c9-9167-4342-aeef-ada22adbfb20,3-2,1,332252,705627,80508,159,1.0211516736876665,1234,14.617809846726427,desktop,1.1001326387434656,high school,0.6268456788091826,English,0.7007420531739926,1.431039642713368,Y,3.330172317861521,43260.47446241498
8205439c-3064-403e-8fe9-b46a0c866470,2-1,0,932050,456939,27735,378,0.959919939773096,504,43.61933285129221,smartphone,1.685919711963433,college,0.6018906243249305,English,0.8662301673375181,-0.024131536589762304,Y,0.33036295507828006,40875.8406760576
8053404b-3274-4b36-a3ed-c3f4cff86dee,1-1,0,680344,939448,142701,293,0.6438433511479402,1382,37.24412389924119,laptop,0.9338930939678037,college,0.8905043525658622,English,0.6771921208492195,0.8999680758948725,Y,2.443530435688907,42806.71532298616
61d89609-6242-4f26-b2cf-8a9f538a757b,2-2,0,348216,786697,86392,327,0.48339519747015935,1401,26.652574142253048,smartphone,0.894374913157709,graduate school,1.471754613893541,,0.8670788988090514,0.9134430171685912,,0.6677368699046875,43665.25470702507
949a9e93-0ca1-4643-b4d5-9852ceeeec03,1-1,1,601792,510985,31083,347,0.49747703121647385,765,34.532288657246895,desktop,1.565788488826231,college,0.0713330101044789,English,0.1283192096895855,0.9394707972575537,Y,1.0502279352374013,41050.79118851365
352a4090-79aa-4827-b4b0-f1bffd883940,3-2,0,802557,942778,79257,285,0.8819728036678377,574,21.23433469432876,desktop,1.1388486744647777,graduate school,1.2851036515745655,English,0.8444644884669485,0.7306114617568216,Y,3.211134452059486,44635.6406239194
f01af761-d426-46f0-ac95-33b120cf9e23,2-2,1,183306,983943,109487,370,0.6050610724201143,361,18.393016443840477,desktop,0.15636372298954948,college,2.072475942178805,English,0.5524859635028452,0.5340633313738998,Y,1.413533171508214,49059.30322390998
8053404b-3274-4b36-a3ed-c3f4cff86dee,2-2,0,722749,284265,138716,245,0.487630133312687,1364,45.527550429602485,laptop,1.78144750125257,college,1.473150583359559,English,0.5201980841099867,0.06727760670361926,Y,1.4070050772838623,44702.78642629093
cfee68d1-90c7-403f-be8d-bd8b7abc1b67,2-1,1,293704,47994,101974,141,0.5530839966095797,746,41.55458491263332,laptop,1.748141001200708,high school,1.8172036798970028,English,0.7508029436040669,0.6132876548097097,Y,2.595637298814279,43281.48208846337
618f8406-daaa-433d-aedb-3a72a9f3a947,3-2,0,269048,120038,96903,189,0.44761575334907217,1300,36.77226531694279,desktop,0.7279377150180973,college,1.1909833348874108,English,0.40581954924744956,0.5401474238878046,Y,1.6234496497475566,44145.80361954451
17e9c042-57f7-4dbd-b484-3216d2baa9f7,1-1,1,763662,227540,128839,192,0.42732991181799507,692,34.07026713051636,desktop,1.516498366257662,high school,1.1075289652007343,English,0.39819724881341234,0.3267934584580895,Y,-0.5275729692502846,44422.576648398055
7ddcdb33-a18f-47fd-8476-4e5b117b5f09,1-2,1,234719,636750,62260,188,0.18971361316791063,1223,36.983644729483245,laptop,1.3692290961244775,college,0.9506665654961032,English,0.5406678745999508,0.32040533843075636,Y,0.5070181856863702,47481.92155820876
bd594697-306c-4969-bc64-971a4c6a795b,3-2,0,500867,458668,95188,144,0.3854451711450383,728,42.82996660038566,desktop,1.1083626907819455,graduate school,1.1687989706818491,English,0.47243826077824114,0.728851481200081,Y,0.7705731217409834,46300.40472958498
2f391d00-fce2-4b0b-9e09-e98753d78adb,3-1,1,308974,167536,9380,376,0.6014687306569908,1023,31.847016551512322,,1.6614215461600952,,1.055673055764038,,0.3992010074932937,0.5232340362841985,,0.8221006116226852,42333.78442862081
828fc4a0-e2fb-4de1-93f7-f828fbdaf97e,2-1,1,217676,776505,28205,128,0.35777028360542074,665,58.637547395181386,laptop,1.1166800742854015,professional school,1.527739133958991,English,0.7088133288021736,0.7143406018223996,Y,2.8823041473189113,44216.06075166741
49ed1805-bfda-406e-af15-31507cb3c5ac,3-2,0,323251,96581,31793,281,0.4760253755138145,654,49.80602874871949,desktop,-0.07070303916499654,college,0.7612899536258577,English,0.5514574564130817,0.7337276446555425,Y,1.757010948642823,43051.336971695
e1f48355-1636-4f4f-8966-a26d86a48b3d,1-1,1,455247,648181,65498,306,0.015285745951003848,1418,20.803021518342458,desktop,1.2897995459218863,postdoctoral,1.2427611665821112,Italian,0.5870370754726415,0.21729728648019753,N,0.9114664971189618,46672.21632352745
65ff8233-c35c-488c-a692-f140a8bc5f64,2-2,1,339206,802138,97522,322,0.5290142513803775,643,46.83856858029681,desktop,2.4100713694723783,high school,1.192356955369498,English,0.48921136476445554,0.7153645403953696,Y,3.2938275420992205,48185.72394187952
5b87a566-30eb-4ee6-abdd-aa5677afd103,1-1,0,347685,728058,49738,132,0.6541224937723933,1077,14.06655778198278,tablet,1.812717053650272,professional school,0.8312684956164865,Standard_Hindi,0.8120870140543734,0.938466274586411,N,3.777872191914294,46287.83227427009
f74db555-3110-484a-bdc4-b09f6cf1c720,2-2,0,997652,240633,102850,109,0.6472467280392049,781,33.98526547187005,laptop,1.1585491096330174,college,0.6106862844079135,English,0.5159524641253784,-0.17291741142158124,Y,2.743220734166684,41792.79434135762
591c5b25-b236-46fc-9796-d2e943430115,3-1,0,727017,156338,105648,243,0.5941033741448333,1197,37.54845349705852,smartphone,0.30732191234079886,college,1.089894753689519,English,0.578765124240572,0.3181685066788097,Y,2.413922852604119,45901.05832282098
0111fc3b-685f-4756-9692-67ace3297314,2-2,0,623173,592607,113270,193,0.2186471005917479,451,25.33725298817299,desktop,1.4259559577780527,college,2.184230138372996,English,0.28368291520027766,0.6255241271214333,Y,-0.0015460748661804136,44771.74227196
2e50f9bf-12b7-4271-bed1-a1dff8a126f6,2-1,1,189844,615222,62803,182,0.176352722895609,856,43.48758845057149,laptop,0.7295833711643742,pre-high school,1.0595435834061446,English,0.587467246410176,1.2108444917900403,Y,0.9297161871897611,45224.726425422785
e4766279-7658-4830-b9a9-93458033e880,2-2,1,673526,700877,59719,136,0.7966693452783632,868,48.12057123162342,,0.6914245354973931,,0.23414948223398047,,0.26853055412492344,0.12970430254112786,,1.0082582079356128,47208.99496590547
ed0920d4-b642-455e-bd2a-ca21865b50e4,2-1,0,873221,831587,115928,186,0.6768871870690226,1355,51.38735493765549,laptop,0.15513387495139053,pre-high school,1.4704854795412774,English,0.5492607478671917,1.0236170771305595,Y,0.0044294972114045095,45176.81744540205
475f8bb1-e661-4dea-af87-86ca2a261e7f,1-2,0,345638,221503,131071,227,0.16532369856397322,809,30.48568897336056,laptop,1.238554285670252,high school,0.5554777023406517,German,0.5392774677720266,0.4026392995310429,N,2.1202404311573493,43079.13911182121
45fb1767-91e9-4d69-83f1-3c781425982a,2-2,1,546257,449018,48625,234,0.25307365347982647,1089,41.37487932893951,laptop,0.12507513702287465,college,1.0049225315975423,Other,0.15660260184532399,0.15781552038990138,N,0.015277285312659705,44329.7103959043
1807eb20-6d3a-4efc-a8c4-8901ef1fca5f,1-2,0,1003963,466854,122371,226,0.41278349187565044,314,44.64840136147977,laptop,1.1078332471312553,college,0.8178784954345444,English,0.2750761869296935,0.623879467089696,Y,1.4557628130965081,46807.98259183505
485838c8-c7f2-4591-a8d8-7896e1327b7d,2-2,1,832752,196161,42843,372,0.20336759318319025,1234,33.02127370827309,laptop,-0.32061000037709686,college,1.7781869787334639,English,0.6108853314874898,0.27385505928496195,Y,0.5740337550606907,47044.93917435416
4be26ab5-1d7e-44bf-bd62-0a66c914394a,3-2,1,940201,166862,142095,297,0.5081881434588561,988,24.019193600926535,tablet,1.1933168676611756,college,1.9165202335992042,Chinese,0.5666870098774691,0.9509765034737703,N,1.8325412668760301,45311.98609095109
817abbbf-33b6-4f40-a3e1-e0b38753e896,3-2,1,293456,317296,138572,236,0.4326637074166543,330,28.261006546735604,,1.6751083376906135,,1.5166687337992846,,0.6264122614091845,0.4591241077047489,,-0.8123140929152037,42594.32661409982
5defc8cd-7312-4744-9ac0-ff39228637ed,2-2,0,721526,669837,114004,364,0.26154260474806,1252,38.581826326174756,smartphone,1.2621719386950185,graduate school,1.0184857324488767,Czech,0.37508219239598667,0.3529386789433019,N,1.2448795156611057,42251.996453484775
f50cdb0b-d082-4ab1-b5f9-17fa8540795c,2-2,0,228215,365614,91223,155,0.8603560812167321,858,45.24401606443812,,0.10290496849653041,,1.5912845486452118,,0.48622605864388213,0.7551756475675799,,0.20818010422976907,45982.04832224425
fc06986a-ae94-4241-b930-3b90075bbcfb,3-1,0,288689,359160,34779,123,0.45789545030721024,931,41.21535127304958,,0.8511476855269106,,0.9869486275633819,,0.482722959753825,0.32491165560879187,,1.5061873633743295,46593.662667341
6487b006-6591-4302-b387-45b630b259e6,2-1,1,105200,619004,137543,242,0.706640364116474,578,24.37328054368497,smartphone,2.2022277477560217,PhD,1.3518774086963903,English,0.35874185175225093,0.7100347759460597,Y,0.7497061201875916,44267.58871727831
014c91ae-55d5-4aab-87e7-77c677f8a128,2-1,1,204128,479542,81082,258,0.30516587933647044,647,36.48367938802453,laptop,2.1069468717133946,college,0.9776469373804417,English,0.5170748826261082,0.6699706833749373,Y,1.2731723164386524,45111.56861057483
5b4774fe-d450-46f1-bbcc-c33bfa496261,1-1,0,405663,879319,8,277,0.7457007661871806,1175,26.43198852654765,laptop,0.585661855631151,college,1.2772458662127295,English,0.3992664274705137,0.35033355009672396,Y,0.222387271122507,43706.43646489663
d75a8088-c158-4ab0-a3b8-7927d6e80961,1-2,0,318435,495157,104661,243,0.35096755504060484,505,4.27717630510444,laptop,1.3225782376153774,college,1.8118504638660857,English,0.628424770865629,0.8047364680318582,Y,2.9229538230111247,45091.56756312489
fc06986a-ae94-4241-b930-3b90075bbcfb,1-1,1,145811,303662,22535,115,0.3996100054400764,1284,20.125569551261425,,0.5944081291737887,,0.31676662840124725,,0.5095894684372633,0.6696599152339412,,-0.4333741033185041,45319.123196472996
347a69b8-232d-4315-8829-4c6a7374bf6b,1-1,1,367011,161166,116332,359,0.2352836972307611,978,37.0507518176368,laptop,1.1370715848536548,college,0.4036141250280555,English,0.6638266640668958,0.06923515697854421,Y,2.3509703485122353,43768.44465148247
c82105bb-8520-4727-b430-daec6fdef0dc,3-1,0,163902,156100,72145,308,0.052515159298699765,631,39.941564112668104,desktop,1.5255873425009747,college,0.7264970385799481,English,0.8119303795483037,0.3513149154068421,Y,1.741770604490025,43306.26900551925
95331a06-3cd7-4ced-a1f9-7baeee03847e,1-1,1,453646,427995,81243,114,0.6084674784060864,567,36.50609378644642,laptop,0.7152921654402704,college,1.7776269743167723,English,0.49055294256307147,0.2556107965799911,Y,1.471253592891225,45676.705172882204
4a348423-fe96-4fcb-9b2d-f32161971b4d,2-2,1,755323,674580,132134,212,0.5460481110028146,700,45.978145845567454,laptop,0.3500778507393517,college,0.6619705062322112,German,0.37087316330781056,0.24921290758329828,N,1.436650451889996,41711.95762581732
30f84640-2830-433d-94f8-24d5a11d93c1,3-2,1,57589,898025,2947,356,0.29514972674434037,600,16.17071373590906,laptop,0.8779002345183554,graduate school,0.07273014067056971,Vietnamese,0.42455741240102746,0.6645778763523047,N,1.8528230460395654,48781.37853745318
c7962751-a043-444e-807b-543a4b17b012,2-1,0,990410,16082,49210,303,0.25637904111367776,875,29.975383574790737,laptop,1.4224291549573234,college,1.2632792330301252,English,0.6131848059651429,1.3007922683395114,Y,0.62993738552018,43700.05037765431
f67e5c09-d2e4-47d1-9df5-bbf2a9c7765a,3-2,1,262092,517545,93967,144,0.31785124884766547,319,20.61738349904823,desktop,1.6113069633264687,professional school,1.6611253746579862,English,0.48959797255754006,1.2357453065828572,Y,2.5309178143466835,43627.10452210294
020bf19f-ab82-4c2a-8fb3-fbaab33412fd,1-2,0,897838,969743,66807,189,0.4408624620851218,1183,40.241428774989764,laptop,0.7847280786688327,college,0.7814821832241841,Russian,0.38542424693961463,0.8353227664563392,N,2.651790370432973,43481.44495448398
591c5b25-b236-46fc-9796-d2e943430115,1-1,1,852556,27575,61083,165,0.6049337567855652,440,35.85790450051261,smartphone,0.2658335035069255,college,0.988063159018572,English,0.47110528872502966,-0.02533745865145598,Y,0.6259265812212575,42150.37923600299
dfeed816-4de9-4be7-9ea0-775157c7bd76,2-1,1,640479,160494,132768,174,0.31681308833659205,1295,51.41160654733501,desktop,1.1536399042815655,PhD,1.2980533087469568,Portuguese,0.21107445986202006,0.11375531195943966,N,2.437177447635048,47195.64358922504
70d89d2f-00f4-4b1d-808e-ed50b71c3e5f,3-2,0,716141,238561,1355,256,0.7079900381884043,398,56.469433584194256,laptop,0.9713495070671211,,0.6884564472419903,English,0.7932569872283842,-0.01017919736631323,Y,0.7645972279359055,45458.12183619567
b90659d8-9551-41ca-b0f5-deaff4b679a5,1-2,0,288682,333326,11604,360,0.6334874849233351,372,52.585377675602544,smartphone,0.653129191269359,college,1.3660588531815228,English,0.09843508875090373,0.8038896500478216,Y,1.460660065823182,42007.1789168043
af359589-3ded-40eb-8c8e-8c820ad019de,3-2,0,943068,690737,12634,317,0.35846280404846753,612,31.356246942925097,,1.3817289868945908,,0.553113341438085,,0.6041135940552333,1.032122655705395,,1.009846472593095,44198.418119340844
6111a8de-8e09-451b-b8a9-ff41d2c985e8,2-2,1,418076,537851,61788,296,0.5054037282522428,375,23.492528546820992,laptop,0.8190906719334644,college,0.5141272220896462,English,0.6066968543668709,0.46878573210976354,Y,1.3553370904801363,41293.796367370735
9e9c021a-b55a-4aeb-af94-847d6d457b62,3-2,0,462445,778857,77558,169,0.5185801116772323,1254,18.489559864633506,laptop,-0.20628503308846247,college,0.6138800314758053,English,0.30064783136615647,-0.21463127010389982,Y,2.4182620332144,41565.998239122826
618f8406-daaa-433d-aedb-3a72a9f3a947,3-2,1,553046,1016761,31007,379,0.8794832316806667,821,22.703362559178785,desktop,1.39609271125006,college,0.4291898417945137,English,0.4992080575022202,0.3588304701077799,Y,1.0964188469753016,45212.84277393789
0111fc3b-685f-4756-9692-67ace3297314,1-1,1,472235,815820,81365,278,0.3908347399435767,646,35.56369866834204,desktop,1.3263279088898867,college,1.0396417523753918,English,0.4846919710878219,-0.013637550302381563,Y,2.4445094321436147,42209.255956892375
ecae14cf-e3fd-4699-80a4-5aa81bfd8076,1-2,0,70646,844537,73536,136,0.12421557858523163,1167,32.294951022624595,laptop,1.7875928417089408,college,1.0449932648884235,English,0.8116144052722852,0.7768268168633626,Y,3.39334456644301,44530.14228582453
55b18dd9-dcd2-4440-a56b-8443f3fb1c43,2-2,0,278556,449158,125769,150,0.5423262559248055,602,31.7148497119347,,1.5302925795767415,,1.3648302214488164,,0.3765759062434889,-0.07656467423125024,,1.310532204556558,46142.44694890238
041129bf-1228-43d2-af14-173e38b15972,3-1,0,239371,167099,16712,310,1.0702753840107193,1338,4.898108523644513,smartphone,1.1002497651208536,professional school,1.5761202786837738,English,0.5673623467348942,0.7555541704418317,Y,3.3289743092994044,43519.52095856708
ad72ff21-0001-4c71-9657-91f0af317112,2-2,1,318197,438972,64698,325,0.4094648071982482,687,32.80929017726207,desktop,1.1179935444430984,graduate school,0.9159937858534705,Other,0.652563587776266,1.064885400203591,N,3.637080135332936,42241.639343273775
c4d4c7b7-bbed-4695-b98c-0b5c48e29abe,1-2,0,881936,585715,30072,289,0.4110170956525236,589,21.480179599135333,,1.5009221698221233,,0.7499858405380722,,0.6914294908962325,-0.04673667207638321,,1.7143330264620225,42164.46791735218
934b7cd1-b84f-4fae-8981-c0231b37dc5b,1-1,0,654364,148108,67944,191,0.6579354620976146,304,25.589963692480346,smartphone,0.5129872939433638,graduate school,1.7289906893699327,English,0.5053317568132994,0.9637061018105586,Y,2.2223187833786042,42396.58397335579
9bd7345e-fc32-41f1-a8c6-ee371715652e,3-1,0,439025,531716,34978,371,0.5195311998354859,703,39.231997851736516,,0.25254686808395477,college,2.2084437337738723,,0.6522721503175397,-0.06727089736100889,,1.0876235863926298,47617.459091722
347a69b8-232d-4315-8829-4c6a7374bf6b,1-1,1,10453,967274,47737,230,0.05585970502411103,293,45.123375276106586,laptop,1.3517351576601846,college,0.7800844272046533,English,0.8095021948740699,0.8861671458611969,Y,1.434874815964176,45003.3970391911
5d7f8090-1b2b-425d-acdf-31cf8ff2f527,1-2,0,177794,828998,58623,222,0.1286598042785163,981,38.102949119040375,smartphone,0.005438830701378183,college,0.9151348086391773,English,0.4630255467947131,0.45285031787057484,Y,3.213364922670191,43438.523891151686
c5f16c37-1a33-4562-9996-0f8262566ab2,1-2,0,496475,137250,120492,139,0.5249888211194441,975,43.35856244338581,smartphone,1.225966727577254,college,0.5379831063902283,English,0.4690131924459402,0.3156977447136833,Y,0.7369445123946389,46075.34527278859
bb13e1f2-6905-4fb4-89d7-e517633755b5,1-1,0,901796,116543,112144,119,0.12286824111436856,870,32.74308471433061,desktop,2.440519541821672,college,0.19229043919664146,,0.529983468433929,0.37266906545797673,,0.878294583998163,42780.95945936035
4f197cbb-93cc-4852-aad3-46d35f809f47,3-2,1,960518,31558,129277,183,0.34755707468137287,1053,29.80811550896398,desktop,0.5788724558583878,professional school,1.3903482779528489,English,0.48923359786517767,0.05742543079701401,Y,-0.09067712766427904,38924.62595278896
4eab4ba9-b923-43e9-94b2-b50f8ae543ad,2-1,1,475690,165862,35577,145,0.4111592273540561,546,10.844024062558912,smartphone,1.717490570336508,high school,0.4284928188117272,English,0.3665414432707561,0.5557506050822616,Y,3.8520686200107757,42629.291333027824
b8f4ca6e-e390-464a-8d7b-7e81fcf0227e,1-1,1,132822,836667,39909,283,0.15618628315331762,435,58.611627843915244,laptop,0.504600723310864,college,0.0015839624566003074,English,0.6238343092229912,0.4670406978295216,Y,3.0246172395942397,40366.62276784396
8672882e-46f5-44a6-ac35-bfedb6323e69,2-2,0,792071,119697,64938,198,0.10738085194835861,1353,41.22996266595778,desktop,0.7780536217108123,graduate school,1.05628167969306,English,0.2548225535585814,0.5392800003300615,Y,2.382748844062652,42442.92637797714
ff3d06e6-c5ec-4c24-87dd-0dfc42864aa2,3-1,1,916215,430480,73471,376,0.5183485778476022,415,40.18416001453229,,0.7492892528239805,,0.8527208591672701,English,0.7506092833871891,0.3529831020636487,Y,2.446145329687733,45386.414562644284
e3e994b5-c070-4cf7-941a-e2cf1f64f510,1-2,1,800322,249061,106877,250,0.8385111181573256,462,40.18260390349662,desktop,2.3884320198742603,high school,0.8075013287335961,English,0.6203110216881393,0.7676612032226784,Y,0.674279752415238,41159.06797709213
a3dd9852-6cc5-4893-a6be-e0eed5e53e52,1-2,0,829732,699763,14714,349,0.22110284101099031,1325,54.45012785069642,smartphone,1.5222298601023052,college,1.3701095820354758,Other,0.4458517805017493,0.8070583942295633,N,0.5446512274806403,40177.7035019885
6e1bdd21-d51f-4497-a684-654edc44a6c9,1-2,0,406187,635124,85510,328,0.527001773567981,578,28.458568124638617,laptop,1.664310076684398,graduate school,0.8162473944971338,French,0.5436756215574859,0.4731952664285152,N,1.9649843614962454,46166.195449041894
f9b78c22-3fa5-4a9d-b697-ca70e5a794a3,2-1,0,1013600,687318,42500,179,0.3679676215903468,328,34.66249021562065,laptop,0.6998289365426427,graduate school,0.9665015035594041,Portuguese,0.6032246391628946,0.6334237521114787,N,1.0852795376984674,44058.12053542632
618f8406-daaa-433d-aedb-3a72a9f3a947,2-2,1,371145,722337,14588,344,0.6598748095676608,660,57.95591632278548,desktop,1.1976781546808355,college,0.7687770807222571,English,0.8406450514892642,0.3589612592026114,Y,3.2072630091143712,43367.881972753676
ad72ff21-0001-4c71-9657-91f0af317112,1-2,1,512655,605236,39377,196,0.5594235071308158,911,40.450982257136,desktop,1.2413210509889272,graduate school,1.1030279604827908,Other,0.08457961927860425,0.059027563337791134,N,2.908385656918184,42636.815436331286
314782d8-515f-44b4-ba28-8365f8811ae1,1-1,0,594802,37041,13256,282,0.6737538886500019,361,17.507123366034723,smartphone,1.6702389937586635,college,1.3192377884388078,English,0.25385597081887956,0.4657471637561501,Y,2.4771612789824218,43124.56768399376
388d3669-9c70-453c-ad4c-0d18eedac5f9,1-1,1,875569,666586,2981,147,0.8418951196952491,892,30.736138685308074,desktop,0.8347380660038515,graduate school,1.3490142036380781,Other,0.5174918548050865,0.4497174691565063,N,4.149766114195311,43716.813196399744
6965965e-87b6-46cf-97e0-3b7960e277c1,1-1,1,22802,685134,119625,151,0.5987022465933818,1108,12.627958608359393,desktop,1.3200915916990268,college,0.6804438192468327,English,0.03547412049338272,0.46661732144904894,Y,4.523382537637238,45926.122565651705
af2dd336-540d-4ded-ae2e-6d21383207fc,2-1,0,71252,845208,53032,245,0.8660514034052491,1075,31.395550623189756,desktop,1.6382521437354578,college,1.3415205344553127,Chinese,0.3334609189034236,0.32267042035514515,N,0.779487874900421,47446.32562156704
cc5900ac-23f3-4768-99c4-faf9c29e9382,1-1,1,438141,397996,107950,243,0.6664173345607977,601,44.17133002086006,laptop,0.87425590050577,professional school,0.4180125649652877,Spanish,0.5816582423583552,0.30622030560255714,N,2.1764861558478024,43217.514796350304
e260bb95-bce4-410d-b0de-baf551b2b5a5,3-2,1,16810,288161,3182,212,0.47292280068243636,596,35.78459352612103,desktop,0.9881084290099422,high school,1.0155087344309075,English,0.2511852582186639,0.8277091359083579,Y,0.8492036174097158,44712.04478868287
f5c14e8b-4996-4b12-b844-3d5e0f8548e1,3-1,1,471680,431970,131198,373,0.5184150060946972,1003,31.994384272543243,laptop,0.478796828870523,college,-0.0024747647595102507,English,0.6522045674217551,1.1725316716747627,Y,3.4641491191243956,47283.20433697299
215f1a41-46c0-40a1-85ef-c155bf665a45,2-2,0,730794,773701,35001,150,0.247060822566865,442,17.358680045806963,laptop,0.8932778819050455,graduate school,1.1639533206569306,English,0.37712075170874676,0.1358907965140136,Y,3.8871341276699596,42181.08015322275
5fc65dc4-1722-4f54-bd65-720c734f2d00,2-1,1,86952,178572,35164,361,0.3241524159186832,1310,46.86239921723491,laptop,0.4787496955234175,graduate school,-0.08311220105142958,Russian,0.7845162588856461,-0.08725583183058205,N,-0.14475839495930476,44253.17636874976
c47a9043-7826-4044-9b51-d59a6b6c53e3,3-2,0,342956,215514,45848,371,0.8870060626970485,323,29.99088065420841,laptop,0.7130215612820279,high school,1.2851711723152475,English,0.5665678838965366,0.6249575256206339,Y,0.07228961320801153,44490.71523026944
4658ea30-8a5e-4e6b-8d67-2fce1d6f7ef1,1-2,1,820666,135188,43587,199,0.4082768225090661,653,34.15931982392598,desktop,1.435804763129661,high school,-0.2557892668518469,Chinese,0.5550385137960049,0.13449835241141322,N,-0.07337897528147197,47467.043034790826
9e875d92-b04c-452d-870f-c6d62912ff13,2-2,0,715983,762919,25759,304,0.5101336160346106,879,27.610317740375052,laptop,1.2036160059532341,graduate school,0.9614977917852284,English,0.46723694941846516,0.960216993523859,Y,3.737132092589201,47442.276750567406
253f1616-4a99-4ebf-8086-6ecb195f5fc8,1-1,0,1007159,976708,63723,333,0.5409053274509491,966,32.634922178256396,desktop,0.7388122113365071,graduate school,1.1057978832117572,English,0.5106430496011153,0.45211253209886415,Y,1.9773944513531998,45876.55788646298
3208209a-6dbd-4582-ba9a-63a144f479f2,3-1,1,383277,416111,90543,322,0.5188630011898575,611,27.84426588139274,desktop,1.1956326590401105,college,0.8842900182727963,Indonesian,0.4623645100057533,0.6273859647850899,N,1.2477709780626427,43316.33714014655
e3e994b5-c070-4cf7-941a-e2cf1f64f510,2-1,1,346446,413246,61956,208,0.700818662646638,693,40.906356593717184,desktop,0.7577820634611919,high school,1.7037455563585495,English,0.9188750459846747,0.1506036061468834,Y,0.27333048768218093,43872.708406405356
fc06986a-ae94-4241-b930-3b90075bbcfb,1-2,0,966728,137936,72386,240,0.5094851412521315,1146,39.56931210499977,,0.7531395743898932,,1.1689541268207964,,0.13935726613299354,1.2616300364374604,,1.6797767203783858,44473.96766487452
8205439c-3064-403e-8fe9-b46a0c866470,2-2,1,156437,393751,92021,363,0.6042867838959823,665,9.862065756019334,smartphone,0.8486207787429524,college,1.98799110962044,English,0.548993230345238,0.6517644141306606,Y,1.336308169925612,44874.49286283264
bc0678d9-a75c-448c-98ba-86c4ecc10593,2-2,1,349132,316735,76115,137,0.7048500270069715,657,12.181642478493217,desktop,1.5737535622799077,college,1.4189199081819788,English,0.40485428212722224,0.3813519931198845,Y,0.00834987853278335,45394.85625629788
b4161534-88a5-4dd5-9160-ccca3961fb40,3-2,1,545277,895578,11075,125,0.374608212987721,1190,39.96742093516996,desktop,1.53961629237322,pre-high school,0.3358667285805923,Russian,0.4834623283419531,0.5588985120309649,N,1.8527438692864757,43422.60484912535
314782d8-515f-44b4-ba28-8365f8811ae1,3-2,0,648443,806264,40147,350,0.8941740797524342,759,36.11391850202417,smartphone,0.5718590321555557,college,0.18652893315508168,English,0.11165567461010883,0.5084111634692675,Y,0.6499676532156351,43301.94009792145
aea24408-032f-4620-986e-f97f5f47c28a,1-2,1,546074,789828,109656,259,0.2132514406864186,313,33.07894497637815,laptop,0.4942752079431715,college,1.9354576174881548,English,0.42505443184554265,0.33312644248741463,Y,3.03893347654412,47875.166931514315
63cdd570-1369-4f2b-9090-d5b6255c51d2,1-1,0,20039,461105,99589,221,0.9283749377574378,1426,54.86070191090015,smartphone,0.17261995962084553,high school,1.0863327288031277,English,0.21873171493066046,0.654814745852426,Y,1.3474401388150536,47109.67177095145
63bc2403-a08b-4c51-8b2c-01e6cbfd54d3,2-2,0,600255,380021,117029,233,0.5598832621862403,1101,35.33439433629466,laptop,0.6345244845637908,college,2.2584470902309333,Chinese,0.473299707260402,0.7722270273670806,N,1.2507024916235312,46515.82162905795
ff595b52-47c0-48de-a732-ca6f366d3dfb,2-2,1,174389,37194,93177,290,0.26845877091694614,1072,40.74443886145557,desktop,1.9373542642524653,college,0.9932016386037923,English,0.38872566918409845,-0.07349373490669775,Y,2.215630643722354,44081.66220633916
089fc400-90dc-483c-907e-f7143fe77183,3-1,1,995845,200742,121497,362,0.42720124145287236,1160,44.87249195994194,smartphone,1.441600013065972,high school,0.9844106482367612,English,0.2951567412661398,0.6446012014122093,Y,1.971561866807607,48530.062823065455
f5c14e8b-4996-4b12-b844-3d5e0f8548e1,3-2,0,409950,518744,52541,172,0.4702385478306402,767,49.45470835517834,laptop,1.0129651684973282,college,1.3936839691024112,English,0.4758640852916725,0.3024121695514943,Y,2.6931049284275335,41206.65014005429
8e023aef-67dd-4d6b-bcf3-b12c776379b4,2-1,0,644423,53621,133710,225,0.7088631722559586,809,30.21746443994693,laptop,1.37167193664877,pre-high school,0.4981452036265105,English,0.588818242951528,0.024976198899948343,Y,1.8003924978161383,45740.72123508306
373083c9-9167-4342-aeef-ada22adbfb20,3-1,0,314732,2711,87997,312,0.47927026630925507,391,35.12789994024767,desktop,0.29834837924208735,high school,-0.5580384795944098,English,0.8509176262049847,0.7444817285348277,Y,1.15394135019666,43590.34797588876
276e0af6-a9e3-4de0-8f77-6dbf7f9e3c15,1-2,1,295452,975177,105366,203,0.40436868218560856,805,21.817419069590038,laptop,0.17401400148937662,,0.6098191331849783,English,0.3416433967752477,0.016331998014745386,Y,0.92957743097202,44525.28183173007
6fcb6412-d8d2-42f2-b80d-d820f1f57684,1-1,0,1011340,488264,133002,108,0.5060081029955079,792,51.8136794885928,smartphone,1.1380602888788784,graduate school,0.6063025784077974,English,0.43107762396956667,0.3155707547560634,Y,4.295934613324713,45065.44782820999
036b67f1-2e0e-4bc3-9616-c53f4bdeebf6,3-2,1,552078,473694,86412,289,0.3371989715425307,874,55.01483187429159,laptop,1.195106924253795,college,1.6523352070833683,English,0.5978508527374136,-0.6652850412239573,Y,0.7802781169407893,44955.72644539195
177ecf4d-6409-4d73-8060-099d85c7a2f4,2-2,1,659474,952304,8899,119,0.30108066908127634,510,25.22607507982088,laptop,1.0560256254924651,graduate school,1.0828523867959021,Polish,0.38885824734043395,0.36140719966667184,N,3.622962156537839,41531.43320329203
c94dde40-5c1a-4071-8a82-d9c9e525ddbc,2-2,1,722728,171469,62730,215,0.3811185637104404,783,25.78620270846845,desktop,1.5432727971519946,professional school,1.5287866814399973,English,0.7661162742562171,0.07071040719134603,Y,-1.027448276469193,43445.90388721945
8d39576d-2b3d-4eb4-acfa-32254991618d,2-1,1,114886,172828,7155,165,0.3697824544203387,859,35.55488602629927,,1.0863783618779947,,0.3652088816803625,English,0.360878533783623,0.5582173650747895,Y,2.1136830237166087,43401.67349812469
20bc2c15-8c8b-4581-89b1-ce290be145df,3-1,1,26253,462324,909,352,0.39949928404435187,1342,32.727023355034646,smartphone,1.2613595360845493,college,1.3379438287694998,English,0.25517505961447057,0.4107414743018835,Y,1.460779151649814,40740.89765826529
902669eb-08bc-4e32-8e29-a4c99c57072b,1-2,0,284269,978154,16487,142,0.23240063847680098,380,48.381907079794544,laptop,1.2965805344093293,graduate school,1.489079902686722,English,0.3880577885249677,-0.18727596749368514,Y,1.6349835230350913,42875.3004516947
3b9eb1ad-94e8-4ece-9e83-bdaec18ce17d,1-2,0,527028,416536,2390,238,0.44697332611400914,600,33.369013000869565,smartphone,-0.003794872823633666,high school,0.6600940186817783,English,0.5639387780536292,0.07617436965764751,Y,0.05269927090591975,42739.14069060363
0e27148e-216f-4fe9-9572-c1317d616ac9,2-1,0,570932,883216,34110,210,0.5124946174166647,1042,29.14133310049838,desktop,1.0709699895896685,college,1.7020954434025954,French,0.4920919655116384,0.6887269947245719,N,3.934586927094139,41225.18449311269
9fa1aab8-97fc-491c-804a-f4676c40ea0f,1-1,1,233276,131253,90512,294,0.6165625325541173,1154,37.25237436564549,smartphone,1.600713277531699,pre-high school,1.8798962387622704,English,0.30190368259180067,0.9413458067124156,Y,0.8204198036575632,44680.40701054522
cea04555-57d4-4edf-9198-e8aa302bc070,1-1,1,938010,406676,139546,307,0.3348708050128282,1200,58.448245540992026,laptop,0.07102958260450831,college,1.091161032602479,Dutch,0.3810308722721233,0.47262205043149946,N,2.6054422596412645,46533.03968212342
884c8fa4-f6a9-4e37-a9ab-652c0f26d668,3-2,1,876431,906190,133294,232,0.3977231337310111,1432,30.572853393825255,smartphone,1.806155081076143,college,0.5165735425522403,English,0.5297598628181832,0.6660348816748982,Y,1.4183669477852618,43274.259925594095
49ed1805-bfda-406e-af15-31507cb3c5ac,2-1,1,11648,327117,569,106,0.4390983922860837,361,38.66113036819761,desktop,1.6155044027299617,college,0.27016122783534846,English,0.26305386731757363,0.2020673737257193,Y,2.547406978526812,41536.4147227727
cc6bb97b-148a-434d-86be-1a4b7c05363f,3-2,0,1015756,636748,19651,138,0.15235299061910273,1339,32.608638320457146,tablet,0.7195461634490519,high school,1.0549419310784671,English,0.7248085054529888,0.17168806351208493,Y,-0.9002385438924234,39949.29255407704
0662696f-dad0-4850-8d7a-6a843036c294,2-1,1,674242,676678,77362,124,0.6997548933177982,809,30.672158368149653,desktop,0.9542234866736162,college,1.586731819306785,English,0.6197582152420223,0.46017622602716113,Y,2.3005147027027295,42983.702315388655
934b7cd1-b84f-4fae-8981-c0231b37dc5b,3-2,1,590249,533722,4833,186,0.7504935960922254,1074,40.10920863047125,smartphone,1.2541685000144005,graduate school,0.6336911977719523,English,0.4103631493582708,0.8458510721764496,Y,0.46024106770884554,44398.51594739667
4bf66c16-79cf-49d3-a150-110237af0243,3-1,1,37503,73875,109201,138,0.7965091648696649,1278,71.15206845265132,desktop,0.40645436792875234,high school,0.4321897601439678,English,0.6280561275651234,0.12374001481048136,Y,1.260029357542171,44467.49720163852
11db0111-539a-45d2-8e6f-8e0a3bb6cf36,1-2,0,966012,690161,8730,131,0.39840779822402606,725,57.68431761359119,,-0.38524716537160564,,1.0825735542536112,,0.6837317260705746,0.3575003136622733,,0.6050028763038615,44138.92612369698
7169ffc5-813b-4e4f-8e7f-9c59e92ec66b,2-1,1,976246,535997,95485,286,0.37750351008215877,1194,30.57290010753564,laptop,0.5583643265476939,college,1.4853043248277806,English,0.7116922877553484,0.04945791494340096,Y,0.21686438389784057,45479.99537378299
a12939e3-640d-42c5-87ed-83c1358c4698,1-1,0,469456,98471,21128,247,0.5421061354855442,309,45.57638222896528,laptop,0.7298901883508411,graduate school,1.022974085576972,English,0.4794942610185854,0.6595183085206727,Y,-0.31184019476180325,43626.246795648716
f74db555-3110-484a-bdc4-b09f6cf1c720,2-2,1,271553,832751,50015,159,0.418150580405987,1076,20.403855064410077,laptop,1.7046956023778568,college,0.5678242855987392,English,0.3611430936779203,-0.06803145193738924,Y,2.545218958901325,43905.509122271986
adff123a-e9fc-4289-89bc-8002fb8bb5f6,2-2,0,527953,940897,7017,251,0.5647877725538204,559,12.480399502934482,desktop,0.8291559917982492,graduate school,0.9751071347000211,English,0.07369509739933211,0.9221339422445882,Y,3.0769356777987795,41856.67156770224
388d3669-9c70-453c-ad4c-0d18eedac5f9,2-2,1,761204,624571,69847,219,0.5607995329216717,547,28.065521205773873,desktop,1.0958852491308144,graduate school,2.013747444511424,Other,0.6713478919797081,-0.013244085678568052,N,3.7639396910964447,44708.19367818991
8cc63a40-be0d-4ffe-bf7f-45d515c40b6c,1-2,1,979049,237497,117341,114,-0.03881573668677918,1131,40.52482213320585,tablet,0.6868357462656894,college,1.3635771972042752,English,0.4243791923130415,0.029809275772449906,Y,1.6534450249860695,41808.19172343749
716744fa-dda1-4423-a78c-87e4633852b3,1-1,0,768395,383746,21856,211,0.24791516042825484,1384,20.21930550534408,laptop,1.1309953564416715,graduate school,1.6650571669897727,English,0.42759557788895497,0.48786615190214894,Y,1.1641209999206517,44969.243068808
d816358d-20fb-48cc-8597-6ce3578251dd,2-1,0,856533,629659,93844,190,0.6142549974877604,479,44.43492123327229,desktop,0.8055987405862948,high school,0.4399310978494708,Norwegian,0.750689396218234,0.5703105351270424,N,5.051007196281141,46891.44084151624
482de720-e72c-4225-b693-68609e6db53b,3-1,1,631484,780514,1032,321,0.44924009364973144,965,31.69704465961571,desktop,0.8192816714312514,high school,1.1281916036127557,English,0.23231580818608916,0.8115290031434701,Y,1.53836289491713,39922.25156352681
5d7f8090-1b2b-425d-acdf-31cf8ff2f527,2-2,0,682616,712940,105895,221,0.5110891666121836,730,54.47060243064237,smartphone,0.43847793484912945,college,1.1177645907911615,English,0.6453847500394629,1.1924943967784452,Y,1.5097309301502266,44971.52758233116
c2a8d24d-9630-4151-8175-0b42eb1aa9ec,2-1,0,198864,57390,48862,353,0.7567325888032694,639,66.75325424360824,smartphone,1.7368555797044192,professional school,0.7822050952107918,,0.1846520061334772,1.0931028272534233,,0.8951038001771765,47421.70732228652
154c0760-9c47-435f-8335-5f1178d12e46,3-2,1,13997,154720,124992,107,0.2955534979357616,1351,24.006307594124657,laptop,2.488199564116915,college,0.6660171675718111,English,0.5712829080193225,0.8787705046131007,Y,2.9713816446439103,44694.994703920675
cc6bb97b-148a-434d-86be-1a4b7c05363f,3-2,1,1014402,852920,135673,357,0.43230628712715535,714,44.51011139226837,tablet,0.6971398506081217,high school,1.378780034114223,English,0.23204073974338263,0.09294339245834138,Y,2.0153950506958176,43882.74333906381
0010d921-1f71-4511-834a-55096185fabb,1-2,0,888267,876206,68670,179,0.6738260920279696,350,30.94184527748319,laptop,1.8692217447240411,high school,0.3630676602499582,English,0.38982036564705447,-0.08226635465467702,Y,1.232522288718442,45001.61977830731
e6086759-35ed-4d89-9e47-271e43001fe6,3-1,1,261078,918101,58053,313,0.4509703613462039,982,41.324459356999185,,0.5320113004618989,,2.0887049618798477,Spanish,0.7275335164571355,-0.2612710139884148,N,2.8720535126361915,41912.96907725524
b4649c6a-01ed-4f21-be3f-a0f29b97fc1b,3-1,1,525063,510390,22412,296,0.046374443418289446,1057,1.9932339850421812,laptop,1.6479277862914854,college,1.4351580768749332,Dutch,0.4745618495048411,-0.42434604282077115,N,2.7044162301480723,43012.411856120154
c2330187-54a2-48ba-be2c-d317fea39438,1-1,1,639730,714637,12466,218,0.6463901675127555,440,33.70594061002828,laptop,1.2145352348040475,graduate school,1.4241217551788985,English,0.6937111611930238,0.40749327373529326,Y,2.4900630015291267,45165.248604146895
dc68d578-d73f-4d91-a515-6a5569f35516,1-2,1,466199,46508,81925,360,0.21235570692444106,418,46.60829719487211,laptop,0.7025989808804862,college,1.3866224391178115,English,0.8596364344130665,0.681766757631624,Y,-0.16068082961001906,46915.651487145005
5b87a566-30eb-4ee6-abdd-aa5677afd103,1-1,1,176760,527616,88992,317,0.7508646884851947,537,46.208801793051876,tablet,0.3276562953565917,professional school,0.8902964364449067,Standard_Hindi,0.3608617005371705,0.5692599398960126,N,3.504006485622562,40997.14317814241
e1f48355-1636-4f4f-8966-a26d86a48b3d,2-1,1,766777,519909,87834,186,0.32581001646014346,544,33.744847145981254,desktop,0.1043213214856119,postdoctoral,1.548519583958187,Italian,0.3520602170771625,1.0695365318159877,N,4.652197871196956,46326.628595346025
05407942-f651-4129-adc8-541378ce6ac3,3-1,1,105304,384875,109395,187,0.5646573330525216,615,40.95608778781653,laptop,2.298280543923705,college,0.5061847559730499,English,0.8637966663717824,0.2950652285206552,Y,3.9339230330119053,42396.23267924625
af2dd336-540d-4ded-ae2e-6d21383207fc,2-1,1,623560,817268,41156,195,0.13506287112259135,1039,36.007565741109644,desktop,1.0852231118128695,college,1.3385121160342188,Chinese,0.43949300962233684,0.13035534745642768,N,4.152318178982647,43536.71999160697
dc6fe456-3569-43f2-b793-afaf3225c316,1-2,1,629456,349739,132127,222,0.013846666277992803,870,28.868485370081288,laptop,0.7526448868051552,high school,0.06277777093200654,English,0.6285087839018693,0.6251202974596571,Y,2.538615575076552,45536.97595942059
0befef59-998c-41d5-a028-cda46345a259,1-1,1,636673,608718,52272,184,0.3315239132013199,406,26.1658769131881,smartphone,1.0172341174096118,high school,0.9736116900841079,Other,0.8147035767826099,0.4058968172555268,N,0.8129603749682219,44127.855578207855
06d98056-2cc4-4216-85e9-e3fe7d5751fe,1-1,0,942102,29144,24802,175,0.5855663350961621,1156,29.269887354001366,laptop,1.825828791720593,college,0.8972925960282836,English,0.12955753111780133,0.9441777132092488,Y,1.3132733829413497,43335.93635481072
591c5b25-b236-46fc-9796-d2e943430115,1-1,0,632659,68844,138750,179,0.3070204158316437,1292,49.433883887060254,smartphone,1.0479716821916902,college,1.1651151208397568,English,0.5329000071953034,0.22771206685652318,Y,1.9185436390120674,43363.1654396652
2969f3fa-0544-46ff-b5ad-5f14fa846a7f,1-1,1,642202,746711,27514,255,0.6180541100683627,383,25.306185262134562,tablet,0.3601244530030271,professional school,1.187674732434539,English,0.6020426713143906,1.0942209386194868,Y,1.0260927136122757,45307.26360001146
89f7f011-b480-4c6e-b249-c5a19f5c65d3,2-2,1,651399,164048,43247,221,0.12940495446273292,289,48.65031305242488,laptop,0.8183022877554853,graduate school,1.057257432229876,English,0.7159690719213454,0.5014828008102111,Y,2.8441411136642634,44863.200325031314
bdd0644d-d39c-4f9f-b351-42085d4174c4,2-1,0,535739,259631,34539,376,0.6744924213632559,632,20.44638682923538,smartphone,2.13373104621955,professional school,0.3471591265881935,English,0.5426924243482815,0.9577834174728801,Y,2.436795832302161,43617.04448896138
c76dd3b4-df4e-460a-91cf-30691faa6703,3-2,1,677408,210480,141329,176,0.43679332809985527,919,35.50538549697033,,0.6588369227959734,,2.130941688940447,,0.6016763734508688,0.5686562964138694,,1.3486886216347416,43193.4966612917
1ea0eab0-36ee-4a7f-a855-db0d0c545a87,3-2,1,884917,497699,102942,286,0.34898920588942034,349,39.923372459115136,tablet,0.6591362550938704,graduate school,0.5513785438954137,English,0.5552595360202354,0.899377465149066,Y,4.612094453793469,44614.01206655489
c6117094-afdd-4f97-9496-9df675e1485d,3-1,0,423959,439503,108175,248,0.520616260311039,1229,44.95039462600158,laptop,0.43092190235341554,college,0.07907217811784317,English,0.3827332016429842,0.40326765109059515,Y,1.6249300076627367,41685.10781831391
422c02a2-c457-4a5a-83be-bc1fb038be39,2-2,0,649928,121087,40398,307,0.4036153121895989,642,28.26064585172842,laptop,1.5637044114773049,high school,0.6791810448431104,English,0.40157920125051244,0.8876642160924668,Y,0.1868017994061515,42169.45666880043
c0112282-2a3d-4efe-af95-387d581e0a98,3-2,1,961328,172765,125855,370,0.6162506863851039,437,31.372139935289344,laptop,1.433240381889256,high school,0.7553465789681292,,0.5649524494625549,-0.40021005050422076,,1.4711653905425093,41333.54088328367
ce47cbea-65c1-46b1-9520-f23d669514e8,2-2,0,946889,92523,100130,116,0.5538961237824018,330,41.61655756614816,laptop,0.6611928588076135,college,1.3991712502423586,Swedish,0.4131392969293434,0.6583242141167533,N,1.131209922922099,43693.9896452537
e6086759-35ed-4d89-9e47-271e43001fe6,3-2,0,571430,97532,93027,226,0.5764815216453574,645,8.79919030646353,,1.7551481780105194,,1.398700497847921,Spanish,0.4585826691833931,1.3524896115499434,N,2.6543842875620913,43090.659026017835
949a9e93-0ca1-4643-b4d5-9852ceeeec03,2-2,1,247653,920177,874,336,0.643631633092846,1079,41.105538256217024,desktop,0.8075350409399183,college,1.514441441165645,English,0.5781796493140983,1.1950115782969788,Y,0.38150379871954376,39337.6874712605
345600be-501f-47c7-b3fc-124fccea4b69,2-1,0,876540,248406,133901,145,0.4307846915360444,1410,43.52378382413993,laptop,0.4933991432598933,college,1.062328022138267,Chinese,0.48992314651992924,0.37772877524546644,N,3.283357736959613,43284.56792419275
485838c8-c7f2-4591-a8d8-7896e1327b7d,2-2,1,21723,295954,52982,257,0.18904029027683827,1299,48.759327846144096,laptop,1.4842319042134473,college,1.4091208169809035,English,0.8832149575454101,0.6019483190503593,Y,5.0185493755668205,45039.34332781603
84e4310e-79bb-469f-a212-a280f0defc2f,1-2,1,53424,558865,73287,107,0.21901865775738094,650,42.52774759670758,laptop,1.602199958119904,graduate school,0.6403813127150735,English,0.7794500999989779,0.536129551755485,Y,2.4112253525597946,47333.87554635521
af359589-3ded-40eb-8c8e-8c820ad019de,3-1,1,861509,884233,43166,160,0.5019684312134716,1285,41.484730860297354,,1.2229661360108193,,2.013969486395971,,0.5313169859679222,0.2262961204001383,,4.430992783290235,44509.72393049007
bca2bb1f-e075-4290-bb59-fdd14fd7f870,1-1,0,395114,938156,49183,120,0.2829764316706914,1328,47.71581903638995,laptop,0.838364057170868,graduate school,1.5500281668517644,English,0.6798655572081541,0.4187853127078439,Y,0.7277822375547132,43056.578710098154
716744fa-dda1-4423-a78c-87e4633852b3,3-1,0,526776,43692,98120,313,0.7875383944311576,1027,23.675551766572767,laptop,0.19877190325523042,graduate school,1.9087503898957339,English,0.44965210860747784,1.288466250607533,Y,3.5883319527501345,46171.21401341181
8d39576d-2b3d-4eb4-acfa-32254991618d,3-1,0,946046,267779,93819,310,0.44724942506111015,657,53.6520050251067,,0.7125118162858969,,1.9377496659679383,English,0.39413541978628314,0.8006974183760626,Y,-0.6551975680830266,41357.502284595575
087aef1b-10d8-4753-a39d-25591695d5fa,3-1,0,791907,490378,37209,199,0.2867060019501563,633,35.916900454199705,laptop,0.9810609996353553,PhD,0.7647020292110404,English,0.2705975239055302,0.7944245045042553,Y,2.855354487721441,47452.30831221373
1566f86d-93ed-408b-a7b8-90d409419736,1-2,1,771682,112059,88127,323,0.5302228910085506,949,23.84542719389108,desktop,1.8718516384338437,high school,0.27202233167084877,,0.4658982768665904,1.1102814655089217,,1.4174644939224037,44087.17702844535
f5c14e8b-4996-4b12-b844-3d5e0f8548e1,2-1,1,349260,849348,77455,167,0.7897956134859979,898,36.73611690042824,laptop,-0.2904231405244988,college,0.9525006769488636,English,0.47466042888024046,0.05802954736633298,Y,1.4185970604901048,42486.29322698506
ce47cbea-65c1-46b1-9520-f23d669514e8,1-2,1,634718,769324,104259,318,0.37635837919707105,981,16.868903355877222,laptop,0.08670134093793991,college,0.21415351397167393,Swedish,0.7192489549428156,0.4005528780166855,N,5.013588750082125,43532.37582544496
2e174514-6907-4570-ab73-1d42a3521a95,2-1,1,450251,571705,111143,296,0.2928120718349788,549,27.945767572011167,laptop,1.3034425725010044,graduate school,1.4978848359663948,Finnish,0.5102509079929284,0.021928290179458354,N,1.5779139617586453,46888.96659070664
716744fa-dda1-4423-a78c-87e4633852b3,3-1,0,114013,377345,14319,173,0.6976483479047488,1183,59.27191766794358,laptop,0.37154893356229235,graduate school,0.2964458836994156,English,0.08260084073239471,-0.37421071912654913,Y,2.838728100123401,46202.6096198658
11c943dd-a2f9-4e88-814c-7812318b5999,2-1,1,254539,90826,49323,355,0.3766628580360732,1169,51.64878288984852,laptop,1.3001041744037143,professional school,1.0866295674253779,English,0.39829291066724765,-0.03411072304295104,Y,0.29806121568348165,45645.82483063821
5a403d6b-705d-4c75-aaea-443b79099f45,2-1,0,769519,1006677,8746,330,0.539596445414647,1380,36.47615425711676,laptop,0.8560662193952641,graduate school,0.5520385086601258,English,0.5713580923887045,0.20655731660026438,Y,1.735982631887639,47380.785790162874
0111fc3b-685f-4756-9692-67ace3297314,2-2,0,232224,391679,69998,345,0.15250301293896568,326,41.64224671391392,desktop,0.8286067985644996,college,0.49753236501885767,English,0.6886474887090737,0.5478213316610459,Y,1.6348727708817616,40969.277113498116
28836691-af28-443e-9b0f-aa6a75dd4f43,3-1,0,800300,596052,106430,151,0.11788021918769426,1279,6.826479060452133,,1.0326567272508889,,1.3612480058996068,,0.20474367785279068,0.7177275796898879,,0.23257384047168905,48111.04267512291
5a403d6b-705d-4c75-aaea-443b79099f45,3-1,1,330341,700371,92647,260,0.9483540842364968,299,42.875566664238335,laptop,0.4217252473813685,graduate school,0.9707481556620707,English,0.15302108274839954,0.6413652089443826,Y,3.0351059316671263,44123.82434540089
30f84640-2830-433d-94f8-24d5a11d93c1,2-2,1,212581,608782,56590,219,0.7050228195342498,1159,31.363213951576327,laptop,1.0581407493853345,graduate school,0.015249643522569967,Vietnamese,0.3747292291115303,0.7900908661079609,N,1.4530124432029272,43363.03098121151
4f8c5f95-808c-404c-9613-d9ad53bad8c2,1-1,0,248488,67805,74403,112,0.08073089739235151,520,25.483737815772734,laptop,-0.3722691673225267,college,0.5399703707277878,English,0.04566430244216291,0.8845567859515902,Y,1.6525650628897512,46608.20675047963
55ceb008-47a1-41ef-82f8-5527e474f4bb,1-2,0,777381,341157,126797,140,0.40000156933577324,1015,32.3983015453769,laptop,1.1781801224302413,graduate school,1.6301964633277153,English,0.2238754862114174,0.39264231993766296,Y,-0.5707193099821586,46032.476270576175
0023cb4d-a3f6-4163-8761-a07914b40754,3-1,1,726865,645311,31794,370,0.6927297314639476,1355,54.630564413112324,laptop,0.7775582178608862,high school,0.8755198394041052,Other,0.4758653171132261,0.8588286092783104,N,2.3760843531223155,44660.42308885592
60fc017d-b4ee-423c-9d56-6c2a06a3697a,3-1,1,263012,98358,66518,322,0.0160504578762809,1009,24.090591436727472,desktop,1.0266002146867026,college,1.2584248589495646,English,0.4121306482543288,0.708790337446101,Y,0.5448200842124888,45285.23666870192
d77f1a0e-29fe-4341-9629-55666d082f4b,2-2,1,682674,973229,83321,179,0.2583385367950196,934,45.430283492715425,desktop,1.0237580651082552,college,2.054897866664077,English,0.5641061579326064,0.1948202313005516,Y,3.6379880116902323,45513.169450659116
9e9c021a-b55a-4aeb-af94-847d6d457b62,2-2,0,417920,150766,82581,153,0.037020643373732565,301,45.01496987183556,laptop,0.9059945367792908,college,1.3881610018955421,English,0.30248189868985187,0.35729928942776845,Y,2.170614346369657,42469.42279191022
884c8fa4-f6a9-4e37-a9ab-652c0f26d668,3-2,0,95236,692190,77930,379,0.8740369042434526,711,52.10737922746844,smartphone,0.4664791127822838,college,0.8562165139965752,English,0.43813358666484675,0.00018358207068963628,Y,3.4921325674922388,45495.77438072646
82997735-0e98-4a00-bcf1-f2f0aafb0705,3-2,0,28400,337869,41725,180,0.490426037465136,370,35.6694035953719,smartphone,1.528837584217472,graduate school,1.0790690932912603,English,0.5968505498719512,-0.21961164891801865,Y,5.116711633377839,46543.909486632
dc6fe456-3569-43f2-b793-afaf3225c316,1-2,1,792754,848672,135664,166,0.6418421757569717,1279,33.89527077836537,laptop,0.47654913242720887,high school,1.06762991883315,English,0.6379438947391948,0.9971493564104118,Y,1.6426231759718544,43626.63696222257
4ae8593c-1ba3-42b0-9e6e-deed9cdb2161,1-2,1,814716,269195,73290,139,0.6240638901594526,821,31.016377874839122,desktop,1.0391334861772983,college,1.3971007593006013,English,0.5064599606141742,0.7717428768580481,Y,2.691871694582011,41913.007661900905
45fb1767-91e9-4d69-83f1-3c781425982a,3-1,1,743562,71903,107414,335,0.38772640344232207,1106,45.45134006005199,laptop,0.7822031528853435,college,1.4663269334154434,Other,0.32460927824583286,0.23790761069076205,N,2.224614812908157,41382.88938806659
c0906133-d1a3-492f-99a2-6e5a6c56f767,1-1,0,281024,488036,111007,290,0.9106912973130127,872,36.24350777394347,desktop,1.623012297559029,graduate school,0.24053271718789548,Norwegian,0.4104685723399774,0.10427045958743231,N,0.5263530743087983,45378.17421349392
ed0920d4-b642-455e-bd2a-ca21865b50e4,2-2,1,621871,250186,43700,195,0.11254784820497798,707,35.38481917872321,laptop,1.3970693851236051,pre-high school,0.7238266234813864,English,0.40848638939383325,-0.6408850742434908,Y,1.5333317211786681,40925.74319087877
4658ea30-8a5e-4e6b-8d67-2fce1d6f7ef1,3-2,1,301274,940871,31030,243,0.26328897204804325,908,30.880883326378225,desktop,1.0338454988873123,high school,1.2065102232014593,Chinese,0.8709785439624689,0.3664946506049746,N,3.688421215626648,40910.74070095101
ebe32dfe-f98a-490f-a017-f2872a47a1af,3-1,1,643898,238790,142113,211,0.2689318053445318,1004,48.29489368871979,laptop,0.8092831015639346,graduate school,1.7161497064677491,English,0.7195198870038535,0.6333637147299626,Y,-0.4469666655252036,46011.180102613835
1d254f4a-ccab-4a27-8b17-ee0f21b472b4,1-1,1,696071,314391,127229,154,0.9439375406103991,1406,50.412663253666075,tablet,-0.15818474057132392,professional school,0.4528217154162697,English,0.7734814995851989,0.4501382663235237,Y,3.8472781448525892,43456.03673816763
c6117094-afdd-4f97-9496-9df675e1485d,2-2,0,668107,344641,116647,296,0.6001115791407732,1256,33.73147780949806,laptop,1.0699821997796208,college,0.5982677318102614,English,0.20671469181451063,-0.30467880771667133,Y,2.0048659145200527,44815.77062177074
44e64898-8cc7-4234-86f8-f68036f35eac,2-1,1,66213,682901,91257,291,0.4974465025246129,1216,38.26977666541667,laptop,1.171478275526662,high school,1.481932354977624,English,0.5147106625528862,-0.31455228867313967,Y,0.7942933206469914,46791.77286179211
3410fc57-2a6f-4350-94d8-800423702f6a,1-1,0,450282,671404,114026,128,0.10081698498859976,1436,34.00021850466039,,1.0725227992499509,college,1.085417586593125,English,0.2537693013927947,0.6503147412985202,Y,3.8092202990275763,48584.60694323966
1d254f4a-ccab-4a27-8b17-ee0f21b472b4,1-2,1,847842,1016288,30529,232,0.3201265078836093,598,26.043621188448455,tablet,0.8368468476776549,professional school,1.6272039937823397,English,0.7177130438738684,0.20743854762851838,Y,2.8713862482122723,43382.29334323674
6e1bdd21-d51f-4497-a684-654edc44a6c9,2-1,1,798940,586153,15953,240,0.8210557489798579,403,25.920737819038028,laptop,0.5555466422614195,graduate school,1.5508436510636887,French,0.5632364474476748,-0.2364512617888529,N,0.5363677113411445,44494.06180121792
b1203ed6-31a9-42e9-b3a1-61384a0d18a2,2-2,0,380505,867501,102430,266,0.45121222192440713,836,39.830262055851996,smartphone,0.9125409958753791,professional school,0.9897907793108625,English,0.6256017958278657,0.9820562632835752,Y,2.2668206572885334,43180.189969038925
4b19d929-d5f9-41df-a9d5-4176d450e799,3-1,0,1350,486618,136835,255,0.6084929546211968,1236,45.38640731873847,laptop,0.04607846244936109,high school,1.6317549071634174,English,0.4018108655099105,0.9057807221133759,Y,2.473999540918052,45302.385285870725
01793098-f0e2-4ef8-a0eb-706a0584332d,2-2,1,607532,303794,68673,207,0.15074793617972782,1017,30.057144321637992,desktop,0.4509216337403138,graduate school,1.5529039643420495,,0.7105690468960292,0.49298607378496573,,2.6531210272753785,46173.53579180563
2baf6ca8-ba5b-45f6-860e-359b139766f2,1-1,1,847486,499684,114019,282,0.18703288359266795,631,29.76631207980213,desktop,1.7925698356377242,professional school,1.1464033533742397,English,0.7310195801559235,0.596182813065744,Y,2.28182996053608,44693.924841774475
d816358d-20fb-48cc-8597-6ce3578251dd,3-2,1,289566,800253,108561,180,0.501916815260515,631,28.358960063872967,desktop,1.9694211092237381,high school,0.4484482590725716,Norwegian,0.47433832347403126,0.6147349849294388,N,0.8818027161491594,41604.39943813192
c5f16c37-1a33-4562-9996-0f8262566ab2,1-1,1,153855,154965,58005,374,0.7308121719015113,802,27.44770565069623,smartphone,0.412718096126112,college,1.313507484276943,English,0.474638333825576,0.9691076220125061,Y,4.024835906171388,43232.56599784752
801b0890-5265-4faf-95db-452ce047f74d,1-1,1,188194,760820,41862,368,0.7166729817740746,581,26.072785209766693,laptop,0.7651409264657942,college,0.036629137418508484,English,0.3164819207795737,-0.09389195909639314,Y,2.0258501062590106,46102.718851442085
215f1a41-46c0-40a1-85ef-c155bf665a45,3-2,0,860383,590235,123453,245,0.7874807992717435,393,15.56274453878158,laptop,0.9478494715457368,graduate school,0.822023384862107,English,0.610008486062759,0.884829872357321,Y,2.627967407970089,46422.159093598224
5a48e48b-30ca-48ad-a397-3ecf853bb5c9,2-1,0,401750,961686,75729,164,0.6824900785938633,1287,40.572035933829056,laptop,0.804799825083959,graduate school,2.2098836960978603,English,0.41142911961547857,0.33991408213906543,Y,2.381328885854594,45827.91009452213
8daf6eaf-3757-49a1-9fb7-77fce259e6fc,3-1,1,695009,202996,21606,253,0.5639349013332215,619,37.29855286746318,laptop,0.6586315470290914,high school,0.7549821409742196,English,0.7797725015904282,0.26298741528375325,Y,1.3749443998731414,45106.49993585999
b1872ef2-f148-440e-a44e-3f12578c14cc,3-2,0,865037,399579,101640,372,-0.022394987175779035,1077,33.63425334332186,desktop,1.6681083086530157,PhD,0.7505742979688758,English,0.40353869930591557,1.0271658668753312,Y,2.7919542777494177,42610.60836394914
0d84e944-f2f1-4a68-8fc5-719111349ddd,2-2,0,506849,921070,97843,191,0.9460626446416093,384,37.29644735891926,,1.366178125377549,,2.149610149937925,,0.2047950975370736,0.4937703205323445,,0.9877580147677353,44123.18589128299
c4d4c7b7-bbed-4695-b98c-0b5c48e29abe,3-2,1,728372,68342,10745,340,0.24754910183257972,455,44.67949446577523,,0.9502290972848048,,0.17359097168470294,,0.5095891027550914,1.2010767808284821,,1.7444364522890445,43065.570099220204
5fc65dc4-1722-4f54-bd65-720c734f2d00,2-2,1,463373,100255,114510,294,0.6042521281824074,647,41.72963773207977,laptop,1.9111376655449581,graduate school,1.539146057068663,Russian,0.7440906772977396,0.6724932509428785,N,-1.1675910272188084,45841.6962667115
cf8cc387-399a-46fe-9313-9f73def19457,3-2,1,759924,911387,11851,240,0.6338683461570961,1336,11.72845951968091,laptop,1.0114067025084708,college,1.2269425877652853,English,0.28286598098805693,0.9040844241515602,Y,0.42417610463642963,43036.95626408337
27d0e742-13f8-4911-a1d6-42cbea5067e2,2-1,1,665914,256642,45733,358,0.46547861163857196,1201,15.041814460405337,,1.6083715960303802,,0.681893900517425,,0.9280917292380113,0.4772111773347339,,1.7225260477815358,46769.77937588009
30f84640-2830-433d-94f8-24d5a11d93c1,3-2,1,625890,721237,95042,337,0.4936281644945606,1223,30.170173120369835,laptop,1.1236144722313746,graduate school,0.9766166519138074,Vietnamese,0.45592841157733716,1.0085554671573411,N,3.523912656307336,47180.955789927924
902669eb-08bc-4e32-8e29-a4c99c57072b,1-1,0,184223,170449,87811,153,0.4571335817727769,666,48.85933532878631,laptop,1.9054698562092085,graduate school,1.1139531389501955,English,0.5794574867125312,0.6994159175188459,Y,3.688810202381165,44090.33120499673
5fc65dc4-1722-4f54-bd65-720c734f2d00,3-1,1,312513,723965,118480,184,0.675617705566737,508,32.94090599856327,laptop,0.9581752309621236,graduate school,1.2649809741318092,Russian,0.41393047796924987,0.678647170538382,N,2.7211569363772523,46308.810350866224
df64e0d9-db88-4977-a401-e1f442400556,1-1,1,748093,892070,122695,148,0.5515750122494444,1102,26.248388069571778,desktop,2.039429144214501,PhD,0.3914357890791125,Dutch,0.6215259655409427,1.2849873112470216,N,2.126683555170884,42955.35897847038
af359589-3ded-40eb-8c8e-8c820ad019de,2-1,0,789154,438902,124927,325,0.7079606479230096,943,37.20940196428363,,1.2976962247361543,,0.4509512494307468,,0.6687165267039773,0.4586283511507767,,1.322967633838123,42989.367896380456
3b9eb1ad-94e8-4ece-9e83-bdaec18ce17d,3-2,1,218712,332482,78303,145,0.2578220069811751,768,24.819352344026875,smartphone,0.5742930087324897,high school,1.027560076174131,English,0.4015322432408379,0.3555099550275097,Y,2.0038153818109397,46855.036991227455
f9557d5c-0a28-4f14-b9bf-1a0308ed9546,1-2,0,78430,220842,120071,252,0.6448887817088751,496,30.035465068405117,,0.11097179490536124,,1.6751037028700118,,0.5311398180525888,0.23897983502897013,,1.3272856065319498,44161.60441791217
832f42b1-7702-43bd-a55f-a71c4ad85b9e,2-1,0,508580,707266,8461,163,0.9049751876261581,1199,25.949652030846863,laptop,0.777342953224726,high school,0.8865345338970243,German,0.5745502662320984,0.6086744121821261,N,4.799543768650843,44567.09895014816
9bd7345e-fc32-41f1-a8c6-ee371715652e,1-1,0,375965,738303,11210,299,0.07368510442149911,940,38.20368635026109,,1.5364716191538852,college,0.93537073266364,,0.7361487412153003,0.32883507618135577,,0.9423495443061857,42116.07568862769
f01af761-d426-46f0-ac95-33b120cf9e23,2-2,0,853745,468911,980,180,0.2952053989585739,685,43.176056763651204,desktop,0.8514715115331997,college,1.627686847018032,English,0.5705633141059203,0.9692473626931933,Y,1.858013602802766,44302.07560844926
94d5ae9f-66ba-48f2-93d0-19cf5aac6a3f,1-2,1,546920,999,58104,149,1.0652547890474504,1396,29.027020368770117,laptop,0.5059579698593741,high school,0.9278365044972046,English,0.590614460095536,0.948141299678049,Y,0.8424307119862258,47155.29917808402
b74b7a54-edf6-4d3f-92d3-8dc119424956,1-2,0,435211,1007347,34329,296,0.1381133718179426,901,39.40426672396376,laptop,0.9601728189850686,high school,1.2861407887499607,Turkish,0.5694922022108726,0.19482940658722914,N,0.9634523954007,44873.56665463575
1ab057fb-ac2e-4650-88bc-ede767006043,3-1,1,499441,539286,14650,124,0.32241905434440205,1256,39.6858677977271,desktop,0.6744956674154217,pre-high school,1.206429092956399,German,0.3837454003731168,0.3070928061952399,N,3.805262426707563,44857.67638724474
4b19d929-d5f9-41df-a9d5-4176d450e799,3-1,1,664684,617967,11545,370,0.6693254107208497,1303,23.80814849539688,laptop,2.392280103500366,high school,1.446397884537971,English,0.4708561875589367,0.714822284394088,Y,2.0664482496126917,43870.74275826649
9175e447-1bf7-4667-bb18-dd7aacb6f4ef,3-2,0,604764,220860,115364,220,0.6805551646314485,319,45.594120879378636,laptop,1.3212018318495955,graduate school,0.58917080115543,German,0.7033130105126284,-0.09042166659798967,N,0.28724543742213116,42449.196926320095
0ee8e6e8-930f-441a-8244-d7788041cf5b,2-2,0,538645,401316,79249,383,0.5510251195456544,1228,48.07379810979308,desktop,1.4187661591242877,graduate school,0.6296338519741203,English,0.4111123557429113,0.06369775722283183,Y,2.127923557674316,44021.125776386434
82997735-0e98-4a00-bcf1-f2f0aafb0705,1-1,0,205243,489356,121419,196,0.6471010561349168,1283,24.823369488784742,smartphone,0.2079583113742658,graduate school,0.5939314714728798,English,0.1859843733417667,0.6959050436041312,Y,2.818334564318546,45449.99791420585
433026dd-691b-4cc9-84a9-07dbfdd8a56b,1-2,0,769629,763059,100384,233,0.3967062289850868,1079,23.295472217307637,laptop,1.920276678484073,college,0.4428764158347338,English,0.21774378210845874,0.14572926741568348,Y,-0.07340228400451587,45652.200887284926
8672882e-46f5-44a6-ac35-bfedb6323e69,1-1,0,40019,428416,92477,127,0.5560558977144592,538,43.238881012692545,desktop,1.7440915087166249,graduate school,0.9113184781992212,English,0.5710869755154193,0.5645528116057094,Y,1.971551359438444,43945.73335984557
323a09e0-4da8-499c-b80f-5802dbf08cb5,3-2,0,534129,874603,40497,255,0.2782998324631568,695,48.442261194868884,smartphone,1.3789337684576188,college,0.5771363558097049,English,0.7576211210842676,0.07618146851440516,Y,1.81510467996084,42748.16952720273
cef9fb15-e845-46ae-8282-8e7247078df1,1-2,1,87220,862480,81261,202,-0.15514401201014494,1279,28.101012419334857,laptop,2.1844338175513927,graduate school,0.616712667225056,Russian,0.4483430794003066,0.5447668232583169,N,-1.8985245098545689,39160.59294769264
4f197cbb-93cc-4852-aad3-46d35f809f47,2-2,0,18539,991226,137055,203,0.544114150092678,580,17.34659225989593,desktop,0.4326549448702104,professional school,1.0039441105790707,English,0.36516350251321994,0.5239345556282262,Y,0.06548972140438503,44969.95816282032
db095ce6-bb12-4f37-88e2-d9e76be1b021,3-2,1,645119,190358,92995,198,0.5911031168326836,1178,28.913279455800897,laptop,0.6113422822808985,PhD,1.6800436661699925,English,0.9406607904803888,0.7537530400679425,Y,3.8847907377604534,46629.95143384705
2ee3c271-be10-41d8-b778-9c5d7d5b6e52,1-1,1,962183,645702,131603,343,0.5711523459279377,1331,30.413262716382917,laptop,0.27073841089212825,high school,1.9554110852121136,English,0.1482572135237042,0.6812713354688748,Y,0.42521514732043997,43219.80018216286
a75e076f-3028-44a1-af60-ca3b3bcaeed0,2-2,1,483083,529389,44127,379,0.5498560171149128,1320,37.389359379160375,desktop,0.8534610319424311,college,2.1828452270935648,English,0.13849491562088706,0.5036064753994233,Y,0.30969424352314023,46489.53835071454
5d94e05b-6915-4406-9c52-0e12b11f5c0b,3-1,0,29764,760852,133976,302,0.7484015775723498,726,29.409349273460663,laptop,1.139037111875052,college,1.7766164344444393,Indonesian,0.16643649198529792,0.8318115986907806,N,2.398815222040061,46900.79185898307
3208209a-6dbd-4582-ba9a-63a144f479f2,1-1,1,530660,863187,118046,322,0.34685242895791474,801,43.20346823360852,desktop,1.5368538621209988,college,1.7057028464452144,Indonesian,0.8962034085118127,0.9161315529074565,N,2.9547680522306043,45681.300569889594
ef9702d4-36b9-4de8-a045-dbce0eb27a98,3-2,0,584663,343692,7955,288,0.3632452744869934,708,14.963974169068411,desktop,1.2220939697586066,college,0.6281976913953908,English,0.8308038455475955,0.9236600396888572,Y,3.0596783514565655,44212.64764003537
0010d921-1f71-4511-834a-55096185fabb,1-2,1,505442,244049,43205,368,0.20606757644804885,653,37.81105860943999,laptop,0.1909571937916419,high school,1.1125817231615933,English,0.46644583675347107,0.20754516196631967,Y,4.324947217436188,42263.55885230087
253f1616-4a99-4ebf-8086-6ecb195f5fc8,2-1,0,99359,110283,118073,283,0.3524386437121405,637,29.202647308473857,desktop,0.47974734097651084,graduate school,0.5747340621540213,English,0.4833605452377648,0.20227668694721496,Y,1.9637182598160046,43864.30799029698
ec830f1b-9018-4757-846f-ce2536ebed89,3-2,0,789782,68104,33833,162,0.4593952442606587,1423,47.9675138837767,laptop,1.467331657170137,pre-high school,1.1214327789933818,Japanese,0.4771793422364074,0.5526206202938312,N,2.1564590344745773,45928.886313604446
345600be-501f-47c7-b3fc-124fccea4b69,2-1,0,667614,486633,97888,312,0.5576906104013408,1411,30.204886995296377,laptop,0.20384476864376377,college,0.515775142891842,Chinese,0.6021437611477302,0.7199695600096445,N,3.3510047367624507,42733.888318190526
eec0e61e-7635-4527-a83f-977a09cafec8,2-2,0,90516,744516,2895,208,0.14136435456790591,734,39.81030080571107,laptop,1.4663619542686654,high school,0.31424312177183034,English,0.407237469630432,0.39418270700857305,Y,3.3156001206487,43729.75211523836
9b2ec410-aab7-47b8-a6d3-19e9c1e54d4b,3-2,1,866215,698795,89928,298,0.545425769990633,374,17.34265175842017,laptop,1.477028942586791,college,0.7973156768026269,English,0.7585529217821126,-0.061025728627062015,Y,0.9003120682813279,45719.97650534572
bafce4bd-e4e4-4d73-8424-2a9343c52f7f,2-2,1,581324,432242,110149,297,0.6209672111761938,944,30.822063928201825,smartphone,0.32435022457288676,graduate school,-0.8134117585222442,Other,0.8901081462766406,1.04028383493133,N,1.3425967581342266,39724.011015102136
255498f6-e198-4a41-a057-5d4ddc6af950,3-1,0,463764,54836,5398,237,0.6060077238696724,1290,29.892821314667316,laptop,1.7666316733300904,high school,1.421709866853816,Swedish,0.467834575770317,0.769168611111742,N,1.6411874748313349,42200.2570316137
a8d07b3c-a7d4-49c9-b2b9-07c268f706fc,2-1,1,857741,930243,107265,278,0.3901372889351389,1425,15.000605745762453,laptop,1.7527739896490853,college,0.08895152040014231,Other,0.24159824424607157,0.8699663758155047,N,2.0383551030150544,40720.45024609793
0023cb4d-a3f6-4163-8761-a07914b40754,3-1,0,50075,910573,121554,288,0.9114044566632441,903,40.46534859579101,laptop,1.3034670800880404,high school,1.4038660990768406,Other,0.47245016283428803,0.9972903081679528,N,3.082808144137263,41337.46480979461
2fd402f2-0a6a-46bd-9f79-244f46b106f6,3-1,1,716215,203570,124842,371,0.16672253033904183,993,52.29336096654224,,1.407142349860416,,0.4876106964684447,,0.5430560983474871,0.8329217995924802,,1.8041930627540572,43582.36217208403
e66ac7c3-faeb-4b2e-8dbb-929d29a3bb65,2-2,0,95197,517392,70348,137,0.039879018463186255,1389,44.64491215304099,smartphone,1.3028152671153883,high school,0.9343555755551741,English,0.7226742950477334,0.8279361894642645,Y,2.5737763406813396,44975.54341600507
c82105bb-8520-4727-b430-daec6fdef0dc,1-2,0,100814,5447,111113,296,0.626582179883252,1033,47.446632294101526,desktop,1.2616891233915357,college,1.8156115069019423,English,0.7160127568921244,0.26974407496500885,Y,4.169858384994685,48078.487767268685
08e0c3b1-652b-4be1-b8fb-e30789efca15,2-2,0,706364,982351,17356,191,0.4128586959959142,1170,49.5609484082699,laptop,1.5996260128779478,graduate school,1.3164905155220759,English,0.6790673274037553,0.88000739135829,Y,-1.0522782075944974,43181.08477709263
52655f97-f8e7-48eb-9269-d5ee71ad6db4,1-2,1,314783,353631,52162,254,0.19314989483840794,1309,41.3624877724689,laptop,2.3503677867853523,graduate school,1.461954337285007,English,0.11901455734603533,0.27839988011853395,Y,4.036841853405089,42968.57233464827
cc6bb97b-148a-434d-86be-1a4b7c05363f,1-2,1,552089,778129,134602,124,0.8773560215323093,1265,35.722732922410124,tablet,1.7542672721035126,high school,0.1803015540319841,English,0.5624153789663437,-0.31878230195930024,Y,0.7462487485250401,44924.3518269607
014c91ae-55d5-4aab-87e7-77c677f8a128,3-2,1,141564,281737,75855,191,0.4137469000778041,1395,35.37666154352434,laptop,1.2927614669994794,college,1.4657934874780354,English,0.5489381833327528,0.7606748960750298,Y,3.9028937404506983,43777.42935020253
d5862d1f-db68-46d7-b717-dc2a7f78befe,1-1,0,799537,984039,45908,137,0.5805897400438995,405,31.540169730439313,laptop,0.7535961571983922,graduate school,0.9445911435734732,Dutch,-0.025886253292625283,0.915616169728346,N,1.678236982772479,45860.413608350405
817abbbf-33b6-4f40-a3e1-e0b38753e896,1-2,0,1000468,513664,142287,220,0.7091254580492307,933,57.43041471647526,,-0.21616701855593323,,1.0598380085567647,,0.42924187278015885,0.28960179442707407,,3.4148275037106752,46442.693249192685
16d05f08-7a7f-4b5e-ac3f-b7a64a5ec349,3-1,1,625071,557331,87650,122,0.610003261590948,439,18.728576471667253,desktop,2.1601479179457606,college,0.9346534936736579,English,0.4830162800495781,0.6249096086895348,Y,0.6040622697430287,42257.141972229954
ce41ecb5-d3d6-467d-8d90-0da4db858b7c,1-2,1,14190,839878,89726,158,0.47559027437708634,1003,26.626502160911528,smartphone,0.4233742884769931,college,1.1363163543871977,English,0.36373139283602013,0.38322588034819455,Y,2.157841655151151,45098.976683756235
95cad567-beb8-48bc-9d49-b9f5b17eb742,2-2,1,763208,386788,82262,154,0.47201416068298974,455,38.38561077116607,desktop,1.5409731112970784,graduate school,0.4941883252733126,English,0.23784401974558583,0.8165748882387873,Y,1.850964781415107,44767.912984308336
95165b45-dc58-4a62-bb78-afd606f1e34a,1-2,1,266444,212151,133288,196,0.15949252260663122,882,41.98319150855779,laptop,1.447173983611717,professional school,1.1857647499678108,Romanian,0.48059070222007055,0.41623962647502444,N,3.3613793477685157,43330.14898086069
2e174514-6907-4570-ab73-1d42a3521a95,1-2,0,773596,1000254,114493,263,0.5825825699849315,607,53.553092328127015,laptop,1.1085555286891529,graduate school,0.9873496712942106,Finnish,0.22443986043870834,0.14213982254034047,N,2.7891535384683683,43970.56543555319
1b57438e-b823-4e70-95b2-c4659c379273,3-1,1,834646,833161,110326,172,0.5046653155114109,1120,28.38532764081629,desktop,1.0738475882275589,college,0.2741225289705551,English,0.49954080518200816,0.8661839477922684,Y,1.3380843762103065,44634.36779897541
ebe32dfe-f98a-490f-a017-f2872a47a1af,2-2,0,467211,837148,14445,346,0.6878044977564113,1380,42.13073936382111,laptop,0.40707072596120963,graduate school,1.2012296333857737,English,0.5296584050275995,0.25527432662638083,Y,-0.6553804980946332,45791.03400315344
41f5530d-ed72-4608-a119-a71dd31aaec0,2-2,1,1007902,846699,58775,377,0.4845787701296478,898,40.830370941716865,tablet,1.6077658402827475,postdoctoral,1.0048280873171778,French,0.5952926622610744,-0.07232755002728053,N,-0.8003843111604412,48141.82041679916
16d93a7f-b378-4f6c-ba62-8e7479afc2d3,2-1,1,349784,373361,135777,250,0.2661566840453016,467,37.97606610822523,laptop,0.25129559116901656,college,0.3968424360762849,English,0.9023075109944394,0.38326701023301485,Y,-0.2653019742961624,43766.071604836696
c76dd3b4-df4e-460a-91cf-30691faa6703,1-2,1,798523,514142,94418,286,0.6845276454414275,1377,31.197384211993285,,0.27728501507454406,,0.7112710704710314,,0.6217819237701777,0.31695424479437584,,-0.8446869422908314,42934.05157184024
a77a0634-aabe-420d-8348-0a7372b161d2,2-1,1,209705,311549,55609,354,0.4161904021793636,1102,41.25017948978198,tablet,1.5771252049479094,graduate school,0.8870461137198372,English,0.8205707312050428,0.4844352330128299,Y,1.4573478998648333,44588.08544487073
b856a7a0-694d-44df-84e5-7df262774187,1-1,1,503714,1015230,20277,354,0.5379625760988507,785,35.94206253592321,smartphone,1.5012276037160253,college,1.007161437416558,English,0.5053287596584765,-0.08477619185309204,Y,0.2040116667860299,44580.37186999112
5507df65-d963-43c6-9e0d-a8c375c02b6c,2-2,1,679433,198957,54640,202,0.3039689662640754,914,15.730301683985836,smartphone,1.035145270255959,postdoctoral,0.23493381667950453,Spanish,0.8417144585924239,0.8009316883345088,N,3.5454360872933366,44895.567234966125
840a40d4-fee9-48cc-a027-58628a5ca9e6,2-2,1,991278,806322,60442,271,0.7575837837159118,869,35.520979153010515,smartphone,1.7897841036573985,college,1.036693736009986,English,0.6420164614150858,0.6538254454661233,Y,0.6614747034573494,43208.06523008366
dd12faee-44a2-40b4-b2aa-276cd7e690dd,2-2,0,23967,264888,36965,304,0.6893917168813456,710,9.778724456154812,laptop,1.1736932646953704,graduate school,0.38819429217720247,English,0.19570925464765038,-0.2350470522317073,Y,1.346056826162458,42347.41571931115
b74b7a54-edf6-4d3f-92d3-8dc119424956,2-2,1,335315,613200,97868,237,0.6085456097821209,743,49.79192179948687,laptop,1.8199514662738467,high school,0.8053466740661921,Turkish,0.5778827717718883,-0.07255621352639807,N,1.4925799656289087,43458.53055006959
af2dd336-540d-4ded-ae2e-6d21383207fc,2-2,0,345084,458111,32311,353,0.46600253698065663,1051,43.60996455986187,desktop,0.8849660323707648,college,1.1867699695798715,Chinese,0.36207372977068464,0.5600384811132882,N,2.2215569847790753,43825.636394590925
ffecc92e-4523-43bc-881f-86a60ec0cb05,2-2,1,171448,174298,34599,240,0.9959072947500581,818,50.69452536922367,desktop,0.5974129656664036,graduate school,-0.27689849284764634,English,0.3077144013980484,0.4466678094326352,Y,4.822647660329345,42332.19172787336
ee53e6ab-48ea-4636-8141-e636a103cbb5,2-2,1,438412,787845,34371,114,0.3947831802185048,960,20.518343858738348,laptop,1.4980966956747936,high school,0.7418497965029466,English,0.4986407398578807,0.7922801216891158,Y,3.3081436722427,42438.92745568767
352a4090-79aa-4827-b4b0-f1bffd883940,2-1,0,726523,400673,43894,272,0.6835010678270851,807,32.872668133034885,desktop,1.8095126749879857,graduate school,1.6021915834887421,English,0.4339706794628869,1.0479693613300993,Y,1.3550981636130404,46084.11939696208
c7962751-a043-444e-807b-543a4b17b012,2-2,1,218542,198698,69681,209,0.23728515243236964,1325,34.02611422150955,laptop,1.366016264560319,college,1.2582326494884521,English,0.38269559757904753,0.6386033815988941,Y,1.7482243551766,44251.92320506929
8711ed93-34d0-4b16-b713-b1ac804d7742,2-1,0,880736,372234,29446,194,0.36601498645489083,1053,38.76815676139875,tablet,1.789392109017836,college,1.500457838148752,English,0.7837335775828069,0.6886512851483374,Y,0.5712572172096535,45751.12014347241
c3cdf4d1-25d4-4f2a-b532-6b0cd92d2e30,3-1,1,965114,783771,95737,115,0.2922206170379229,1289,20.304568774318035,,1.5113574836619936,,0.49848332733934986,,0.8889813476046986,0.0783645783274331,,1.484084348225276,44379.57500872456
c9912952-1990-4415-8cd6-b5b96d6e4267,1-2,0,779707,68204,1973,311,0.5478011367182154,1154,39.24015017069671,laptop,1.7266675926167974,graduate school,1.4106040891406968,English,0.32136770929347824,0.5969569552532555,Y,1.9923439797441118,44852.31021424168
e0080083-9f88-4396-bb69-13c375543c8c,2-2,1,827898,136645,54571,128,0.5294700955595839,971,43.85684629539601,laptop,0.5913769071427836,college,0.2640671747034101,English,0.8018381029159967,0.531982811849645,Y,1.6001720547777347,44046.237533901105
ed0920d4-b642-455e-bd2a-ca21865b50e4,3-1,0,677953,970740,126618,296,0.395706808367597,442,31.09237812336727,laptop,0.8122856036145694,pre-high school,1.044247338224843,English,0.6167328137166831,0.3407864617535584,Y,3.124643128869221,39100.06922334161
aa6ebb2d-1a1e-4fc2-8f8b-146561327a41,3-1,1,296334,11706,49469,115,0.3878461928430248,526,31.737926319848825,desktop,1.2835006212519655,college,0.92193447001653,English,0.3618490990999485,0.2127870607960542,Y,2.6786159997567953,42108.08354801334
a17c35a2-ade1-4a79-a19e-5aa8093af1f0,2-2,0,234014,543693,20739,320,0.3291599482631907,486,41.47780919454272,desktop,0.6169663418756856,high school,1.447032755143429,English,0.5485705664064343,1.1407653365492871,Y,3.258181904794295,45476.022421084315
bac15d0b-cf63-4ab5-a05c-66f39e2834bc,1-1,0,254455,56695,102878,356,0.8744799055566485,1309,42.12222474512757,laptop,0.5171169894998595,high school,0.5993709404565235,English,0.23294546321672022,0.2504656706829149,Y,2.1133865336956226,46569.809608081305
dfeed816-4de9-4be7-9ea0-775157c7bd76,3-2,1,48936,907551,127184,229,0.42472285845659186,680,29.301339034354033,desktop,0.4882913186296348,PhD,1.5513933376969695,Portuguese,0.5344441925688705,0.7994753173249249,N,2.8525523435401396,43333.85730429859
902669eb-08bc-4e32-8e29-a4c99c57072b,3-2,1,80595,505516,48472,294,0.6232227241411455,315,16.56694268295404,laptop,1.432744378955617,graduate school,0.6036787664073453,English,0.4617726492893145,0.3247300501643836,Y,0.5195187204330807,44962.964172280415
b1829797-b60f-46cb-803a-c68dd04440b3,1-1,0,845933,661044,36649,326,0.9963160437935917,796,48.55078657300344,laptop,0.4235852737493576,college,1.300953702802869,English,0.041746193581125135,0.13672037058209568,Y,2.8496525489655635,45389.28174835036
c0112282-2a3d-4efe-af95-387d581e0a98,3-2,1,681415,906722,94664,250,0.2440871609800636,1265,29.438725343670615,laptop,1.7812125674833492,high school,1.0048150049696982,,0.42857050683278775,0.2470410752780347,,-1.6945339468901772,44009.51600664616
417336ae-daf7-42ca-ae3d-7ebc05e0c43f,3-1,0,725894,650964,80530,144,0.2200579010849364,935,50.16652544913867,laptop,0.6901709109976939,college,0.6761027951954555,Dutch,0.3816639142479901,0.44520606676197694,N,1.9618386840887247,42881.612064301175
832f42b1-7702-43bd-a55f-a71c4ad85b9e,3-2,1,802261,621038,114277,311,0.5469406953569202,837,25.451110760714805,laptop,0.09063051820222356,high school,0.8407749568413806,German,0.637270986181653,0.5053664163895126,N,-1.1955162591884707,44236.95013929527
5fc65dc4-1722-4f54-bd65-720c734f2d00,2-2,0,459221,15069,114721,152,0.3987071865527912,889,30.577723032410923,laptop,0.9422749409181113,graduate school,1.333828347067763,Russian,0.441885640645396,0.46029871340836914,N,-0.12866861057477608,44496.44659120913
c16c936c-e99b-447f-b617-9453bbff6d31,1-1,0,75174,929297,133758,378,0.7469779741211023,326,36.37739285698569,desktop,0.8425094447765871,high school,-0.25034908090427765,English,0.2266257053399537,0.8553315709236636,Y,0.9368189501744333,43660.05805381412
ef9702d4-36b9-4de8-a045-dbce0eb27a98,3-2,1,232826,218193,6836,234,0.9136242475268721,373,56.212261110897266,desktop,-0.4876420133301387,college,1.0385488897935664,English,0.320473096828794,0.09200306372207545,Y,1.642281924001355,46020.67394143459
60fc017d-b4ee-423c-9d56-6c2a06a3697a,1-1,1,173125,742167,91784,293,0.434807432738636,603,59.58386520438875,desktop,0.6815758460829218,college,1.634361291440996,English,0.5401823071069797,0.09715911151694434,Y,3.340650334283545,44201.15228667745
ffecc92e-4523-43bc-881f-86a60ec0cb05,3-2,1,23215,606571,29669,368,0.7141435305243845,766,44.38586801129946,desktop,0.9748208535716065,graduate school,1.0900288911571607,English,0.6742624465882587,0.5713398088788486,Y,3.350963352455329,43634.28943624928
87ae871b-9380-42b1-8130-7914f969a239,3-2,1,114887,309122,65523,127,0.5695070532515557,288,-4.8098975180301125,smartphone,0.6287265934562922,professional school,1.0160475401538347,English,0.39375520013449095,0.30461360834935747,Y,3.165285799095609,42791.27176467684
65ff8233-c35c-488c-a692-f140a8bc5f64,3-2,1,319426,950617,129978,181,0.5264330603764461,647,38.73239810412385,desktop,0.35352967231559906,high school,1.03209150928637,English,0.4302694161984044,0.2094360949163705,Y,1.5533806753305108,45123.70426443826
17e9c042-57f7-4dbd-b484-3216d2baa9f7,3-2,0,199215,833461,112142,373,0.6937932248542227,1408,44.410770501535126,desktop,1.594101104559842,high school,0.6281707221046426,English,0.7060780403117201,1.1573740806808905,Y,2.1277680507593475,40751.80242517603
dc6fe456-3569-43f2-b793-afaf3225c316,3-1,1,434512,336193,31196,280,0.4933197089673543,983,30.59498998304493,laptop,0.9637404000665981,high school,0.945911072230168,English,0.5288159078847429,0.37948827719574946,Y,0.9343272677919302,45898.05886388808
69ca58fa-5eb3-4e00-8658-df2640b449f6,3-2,1,318400,308355,105520,334,0.3059502855494684,1215,35.20989428907938,laptop,0.7401350248211885,high school,1.0421724943913087,English,0.8508716289218125,0.677377919942197,Y,0.4807425697157912,44948.37545388864
100567eb-57a5-424e-86c1-4a02cc690c8d,1-2,0,467607,752530,66173,211,0.35892877481850854,1008,43.241750645366174,laptop,1.3623614626331502,college,0.5052578732517667,English,0.4573393086580019,1.0663763855657442,Y,0.8129114079544938,45100.96489659506
fecaf7b1-1db6-46d4-92ab-aa1864c179ac,1-1,0,40027,64501,25758,142,0.3444648462348482,881,23.660097243290178,laptop,1.0334713806706946,PhD,1.3309385555902837,English,0.9076549275021681,-0.677164185095076,Y,0.4177583343778575,41888.20006273426
6e1bdd21-d51f-4497-a684-654edc44a6c9,2-1,0,691671,818538,142062,184,0.6789955250016302,900,42.30378465708403,laptop,0.6544847887140093,graduate school,0.5646368390506068,French,0.29178571850079327,-0.09024412764121093,N,-1.1599103985739885,44165.17656590214
790f5896-c569-4e73-b88b-b931b27dc799,1-2,1,433629,598420,42957,380,0.34492216579910095,1096,45.657116214937446,smartphone,1.2081316273130862,high school,1.4993194321573267,Dutch,0.34170355159782756,0.702373014405274,N,2.0260823081609187,42214.73341405959
63bc2403-a08b-4c51-8b2c-01e6cbfd54d3,1-1,0,382366,214254,56913,266,0.13634036180247344,362,61.283535525070214,laptop,0.2204915565926706,college,0.7433361303416632,Chinese,0.7821961307176726,1.0566438449071294,N,1.745568629744217,43825.163565223134
7ddd2afe-d9fe-4533-b32a-056360bcb4c9,3-2,1,609048,741798,94669,276,0.6793070814582157,1028,42.90927841078606,laptop,0.9604422810297197,college,0.9284518244676245,German,0.43399543331960333,0.3920752970249902,N,1.5252043424472266,41269.94523265
65856aa0-65ac-4bbe-835c-61ccafe631be,2-2,1,168757,185657,105638,260,0.6031649592727497,651,13.542680360611069,desktop,1.6496950439446996,college,0.8226568134006668,German,0.6772089362319267,0.7967826523237775,N,3.1645148158380136,42958.60130767497
2fbeb59b-f93e-4073-8132-de082fdbda03,2-1,1,89696,88948,103167,199,0.5722386118056313,795,15.175672490048441,smartphone,1.6938866751307526,college,1.0918244143297933,English,0.34365034215949336,0.331899814913866,Y,1.768334887092831,41525.04281408891
177ecf4d-6409-4d73-8060-099d85c7a2f4,3-1,1,559579,562996,137390,242,0.3465585240026531,998,42.70586239841616,laptop,0.39744151190721844,graduate school,1.2567547926890594,Polish,0.45314887236511636,0.4143182676843535,N,1.0409982379771745,42816.7267425
e781e374-74ed-48db-8e39-bdd209a83470,3-1,1,798984,388222,99422,304,0.8854360431149941,1073,41.85029051298697,laptop,2.076189397162148,college,-0.5459134788087252,English,0.7192298304051812,-0.23135054742081207,Y,-0.4549732684222829,44879.796333126775
80377a90-a6d3-4092-ad16-1615a6f024b2,2-2,0,74913,506370,18983,180,0.5722302097099805,931,19.88642313392886,smartphone,1.1506724024466428,high school,1.2446204547577917,English,0.5359378164750549,0.4171415698972172,Y,2.4985702190090118,43694.44357897825
832f42b1-7702-43bd-a55f-a71c4ad85b9e,3-2,0,558717,142664,19273,311,0.3909775782333501,653,52.196017997619066,laptop,1.4493956901348022,high school,-0.49661041812376205,German,0.5919562864948156,0.9007915474290219,N,0.8456427984614806,45272.09207417972
08aad1ce-a5a5-4558-819a-80e470e455fa,2-1,1,311477,281037,142921,203,0.637098436841407,1303,35.33278446350242,other,1.4765512682605333,college,1.4011667482155403,,0.7317681069134543,0.19682107060216797,,1.6713288604517458,44489.32908123596
123cbcaa-5ea4-4b59-85fb-394a9549a516,3-2,0,81996,244070,132062,124,1.0311667989528654,342,24.00032122729319,desktop,0.7774502627268121,PhD,0.03210870612527306,Romanian,0.37764894625693984,-0.09950823822793475,N,2.5020015268169447,44237.93141619865
7c57c624-9ceb-493f-a5a1-f4542209969f,1-1,1,843780,24421,43244,111,0.43277353503958516,574,52.90596373110014,desktop,1.683949483074357,graduate school,0.8982489474502472,Other,0.685734218548846,-0.27372164969763124,N,3.4958798848835446,41492.63677848047
8053404b-3274-4b36-a3ed-c3f4cff86dee,3-2,1,619169,369118,77927,315,0.7653589275787678,432,53.820939346703376,laptop,0.49170642410479337,college,0.8321773419190786,English,0.758628772122719,-0.26296131984487736,Y,3.138034905003922,43539.098458502216
ff3d06e6-c5ec-4c24-87dd-0dfc42864aa2,2-1,1,103453,195144,118340,198,0.6481628512383444,450,41.26741770259245,,1.0227312807269382,,1.2179442092724315,English,0.7674992489998769,0.9791697227145237,Y,0.5126939422435137,46596.232406796364
f9b78c22-3fa5-4a9d-b697-ca70e5a794a3,3-1,1,643123,974060,21171,306,0.6812819641475727,1222,42.52890752775475,laptop,0.6090675329640566,graduate school,0.07232603522809578,Portuguese,0.43391273410191966,1.1203332229469916,N,1.1157606288858015,43072.07723948916
5ccdee25-cad2-481b-8033-c90162b98ec7,3-1,1,966913,721523,47243,156,0.3407833052692286,1290,33.06262474147001,desktop,1.0659905833370358,college,0.08396390327453918,Other,0.6373402254010471,0.5016676313142774,N,1.2755478769598265,44368.69786023621
87ae871b-9380-42b1-8130-7914f969a239,3-1,1,726332,642467,9401,116,0.7485373060788314,800,14.431488707482114,smartphone,0.6811746654597306,professional school,0.9632907659659272,English,0.4753413901846734,0.9506849220860503,Y,2.95408781270636,43572.18205524823
df64e0d9-db88-4977-a401-e1f442400556,3-1,1,670706,648146,110535,333,0.2692869951835387,691,29.789922587291006,desktop,0.24052231943213753,PhD,1.6792122758056323,Dutch,0.6729670946488098,0.37045172891469746,N,0.9812608729529007,44600.56160564756
f5c14e8b-4996-4b12-b844-3d5e0f8548e1,1-2,0,885688,366008,139627,284,0.4408807083425469,331,25.965337761626948,laptop,1.5490066087546208,college,0.8966239622082445,English,0.23156674401032679,0.39915507136142825,Y,-0.5050801335620614,43681.929082438146
ac03d866-ecd8-41e4-9938-c4b098048187,1-1,1,520937,743228,100459,331,0.6913687620112516,1067,10.245318640951265,laptop,0.04773419552285019,high school,1.865325865786649,Turkish,0.5100200406648955,0.40754321678740857,N,3.850012453151953,46524.22863937107
1d254f4a-ccab-4a27-8b17-ee0f21b472b4,3-2,1,192667,142220,65829,224,0.18212109934218818,1347,37.577475021060636,tablet,1.1119183572046567,professional school,0.27587419123739,English,0.45240930439764593,0.41116617822670204,Y,1.0243268539101686,45971.75250333146
8dbae56a-69d6-470e-837f-17b3df9f2ca8,2-1,0,91493,897069,117861,259,0.6336630649145717,391,39.342364822146386,desktop,1.053258792697645,college,1.91544854924742,English,0.8209491084029574,0.4166233042326483,Y,2.6920182586053607,43976.750094273644
c4ca4342-0324-4995-9111-fae627df7fc5,2-2,1,489921,646153,121381,380,0.5908861741813464,1190,38.063239521907825,,1.8060743040197904,,0.48485183248154695,English,0.597816863240195,0.5219141156515792,Y,2.5104173755082435,43576.76774015772
5940aa1c-da60-4873-b97f-e4d89f2d1a85,2-2,1,395975,870737,142315,363,0.5118762972624445,338,39.90359640327156,laptop,1.5549215931349032,college,1.0472853586786723,English,0.28792158144286195,0.8578239111881808,Y,2.9899276869510647,45220.770788908805
253f1616-4a99-4ebf-8086-6ecb195f5fc8,2-1,0,324424,97880,111643,206,0.9315337652602437,1281,25.17684966093516,desktop,0.9892945681242409,graduate school,1.8272349008038384,English,0.8216503533935051,0.3324015959914012,Y,0.5429122425681443,43209.015125587466
cb34d1a2-93ee-48a2-91ec-77e02c1028fd,3-1,0,686028,378662,59959,181,0.3676066370219099,1227,46.797913527352684,smartphone,0.9918108081155588,high school,1.1050365661121693,Spanish,0.6320468867361017,1.127325660234049,N,2.2445247691343075,45923.2454323021
8e023aef-67dd-4d6b-bcf3-b12c776379b4,1-2,0,661199,170959,37605,343,0.46031818948812214,1156,39.44479271469409,laptop,2.591059717981135,pre-high school,0.7641185301469027,English,0.6283337604761238,0.5549471667232441,Y,1.5955464561384036,44708.72674312311
08e0c3b1-652b-4be1-b8fb-e30789efca15,3-1,0,70977,408521,47452,294,0.6530221905509495,596,46.354937230752455,laptop,2.0613916937470576,graduate school,0.8818136262809401,English,0.7168872816862734,-0.12412048772177064,Y,2.9440062579661417,44704.323316637
63cdd570-1369-4f2b-9090-d5b6255c51d2,3-2,1,828976,405760,126776,317,0.5324152920804154,790,39.61510017439756,smartphone,0.8456684106015626,high school,1.3248782802252548,English,0.667139898522932,0.24985072167245748,Y,-0.5616464498748317,44165.16115683958
b74b7a54-edf6-4d3f-92d3-8dc119424956,2-2,1,398666,249723,118666,200,0.43683825354940226,1339,51.19613564134447,laptop,1.669567165177768,high school,0.9015691686880822,Turkish,-0.0357308649693715,0.44161150056817366,N,1.7232928388374675,47345.738099056536
8ee594b5-8f8a-4ac5-874e-70ae8f41cac6,2-2,1,148700,437298,11077,372,0.8211159729662052,748,45.875499681021466,laptop,0.5139459185721424,high school,0.03238649044463704,English,0.5842398052808273,0.9838114053894762,Y,1.1969255301409345,41780.844453194215
314782d8-515f-44b4-ba28-8365f8811ae1,2-1,1,909269,635070,138063,313,0.4217749953688085,1419,46.09330471231015,smartphone,0.10255846073906916,college,0.9128948665817234,English,0.6274236299476991,0.03851119514422979,Y,3.739819059643723,45278.78045976093
9ae62339-ac5d-4e6a-bcad-c0235c043cf9,2-1,0,100328,169491,33570,351,0.606346942806317,1379,42.699884408039026,desktop,0.2792345877121327,college,0.42037601346015185,English,0.4718113741736416,0.8116939229179292,Y,2.453165066106976,43502.37550331042
05407942-f651-4129-adc8-541378ce6ac3,2-2,1,897890,60751,40304,327,0.588505579297047,522,39.35400246423352,laptop,0.719494980698465,college,2.0758372042373567,English,0.19053948091209177,0.7939329916329125,Y,2.720857645055064,41278.19663452672
7a5fe584-0426-4d55-b8b9-782fdd635a86,3-2,1,78562,672258,27532,252,0.37213522155980033,1384,38.508060456611496,laptop,0.1780646546126099,high school,1.9769185207728406,Korean,0.49710878337192715,1.117230761396525,N,3.2325278803139725,47099.50342056433
ee53e6ab-48ea-4636-8141-e636a103cbb5,1-2,0,314364,393814,110318,110,0.7196954747665897,1154,35.641982943435345,laptop,1.7688957000101824,high school,0.3889253121003533,English,0.36477159111195134,0.7030457848281673,Y,1.4272537292298448,42790.72130384466
74103437-cefd-47b1-a905-d85399f681db,2-2,1,976426,137795,87162,351,0.750972199872834,1272,20.639681460526997,,0.2572447753752831,,0.6178482498470678,,0.2647462257385029,1.1646389128929056,,3.541691483756976,45343.976742680556
f9b78c22-3fa5-4a9d-b697-ca70e5a794a3,3-1,1,412536,870915,60612,267,0.12735441677834863,575,14.616648264072374,laptop,0.36811827593084556,graduate school,1.0215710421514375,Portuguese,0.6492279591295422,-0.22740984658190344,N,0.6951297022710352,45589.15424811293
c76dd3b4-df4e-460a-91cf-30691faa6703,1-2,0,610867,684522,105289,150,0.35320497888138036,1206,35.167582224926655,,-0.07782338484826523,,0.4398585110576628,,0.44628153417313926,0.6153317472134278,,1.2544205204328995,41892.90409622458
dc68d578-d73f-4d91-a515-6a5569f35516,3-2,1,967969,107588,99889,111,0.09199895222349996,1078,42.394699415412276,laptop,1.015136757992233,college,-0.2214005950810316,English,0.5408573983379761,0.8299193613086884,Y,0.4262096994651987,42385.58024803095
1b57438e-b823-4e70-95b2-c4659c379273,2-1,0,321629,46962,9436,310,0.2654221704323234,769,46.214413101900426,desktop,0.5440785624721085,college,0.4226087304348771,English,0.4202199372301002,0.4312018533974178,Y,0.0745498656132797,45709.78246549225
373083c9-9167-4342-aeef-ada22adbfb20,2-2,0,265457,710172,64983,323,0.33605530573019177,421,30.94391283693826,desktop,1.2185193053773713,high school,0.9090947655278712,English,0.2597796954234907,0.6674749564319489,Y,0.7846828323128558,37788.5522775634
618f8406-daaa-433d-aedb-3a72a9f3a947,1-1,1,31617,165160,108785,329,0.66815172603771,801,22.75557773989836,desktop,0.6179188746595288,college,1.067813094576298,English,0.6493603621802965,0.6244994825175324,Y,1.63618038787171,45159.497505198255
bb6d86fb-97e8-406f-b440-8dbc6e8e7771,3-1,0,337235,449753,105117,220,0.9658608174410819,1283,47.752726363370684,desktop,0.2733817318310565,high school,0.7570700072158505,Danish,0.465947960232529,0.45686384888564463,N,-0.7305753197707343,46058.322690046836
2154a0f3-a816-47af-b00c-16d398859afa,1-2,1,894275,571583,76003,276,0.13938086885488565,433,30.42703641321547,smartphone,0.4440469320870083,professional school,0.4505560936936548,English,0.6315785058593028,0.9819822641505527,Y,2.386513954775353,42648.95614451294
5013da82-22c7-47fd-a245-d7131d2fab50,2-1,0,481144,783388,14678,346,0.4544885367268155,1264,55.67228780653806,,0.8670020624542654,,0.2447711394999219,,1.0005839953211584,0.36378855687983414,,2.0347115826788365,43323.352647134416
c6117094-afdd-4f97-9496-9df675e1485d,1-2,1,341183,903372,51820,211,0.5212910643549801,1371,33.796942449685204,laptop,1.3248899005836816,college,1.4530486576510222,English,0.4725264937176176,0.12410047333110547,Y,1.1483769757947486,44960.109625477984
8716e0ad-f17c-4c46-97ed-2c9643a576b0,1-2,1,560156,505133,40589,171,0.4125526975582978,888,46.68634492113543,laptop,0.2962517038716932,college,0.4822134086909524,English,0.5563613414564381,-0.06678544547856369,Y,2.3402756795333404,43542.8885656028
c7962751-a043-444e-807b-543a4b17b012,3-1,1,431076,453331,62757,319,0.3105892173296563,1202,35.62414394039936,laptop,0.7980481403256995,college,0.6581167035795443,English,0.5665098139109697,0.927764401219722,Y,-0.3488379505136461,44044.516619694536
ad4c12c9-5088-480c-ac6b-07b6e44162bc,2-1,1,762976,494621,33023,174,0.4483946869387468,1059,30.639167761049208,desktop,1.7562780156543267,college,0.7752521646590044,Norwegian,0.2518315055267216,0.4905894863649453,N,2.781908676479784,43813.62941355826
89f7f011-b480-4c6e-b249-c5a19f5c65d3,3-2,1,585796,433663,22804,259,0.6752484665069701,1305,35.02639803430378,laptop,1.1270837009280084,graduate school,0.7993423453756933,English,0.20711164151371048,0.07537948516276938,Y,0.8047534052669126,44408.27847709982
6fd65cf5-962a-4227-b24b-b2ef6f590a96,1-1,0,367509,156940,50174,343,0.3619811416091975,1276,33.935714753872105,desktop,0.6471353556952968,college,0.42345164404111657,English,0.7707624022774889,0.1460098989457756,Y,1.040294580909761,44429.64596024929
f33ac1f3-83dc-471c-9b3d-dacdf51395f3,1-1,0,789154,529158,87829,374,0.3380643399491873,340,43.905562988048885,laptop,1.5119091428918172,college,0.893987323834737,English,0.4623114966270214,0.4284959945217478,Y,2.423396057728353,43245.454048695785
63bc2403-a08b-4c51-8b2c-01e6cbfd54d3,3-1,1,626014,906688,41669,299,0.3345311470824426,657,29.470586136833276,laptop,0.5995301181862207,college,0.4040292184382701,Chinese,0.4237174115945194,0.12337584432902421,N,2.5970655675880985,43656.73066255183
475f8bb1-e661-4dea-af87-86ca2a261e7f,1-2,0,282876,80463,43011,285,0.5280739000718634,731,32.705910426829185,laptop,0.2953495894275757,high school,0.6583569931799307,German,0.10552417058162905,0.6548485793031329,N,1.824310358807332,44664.89351599754
352a4090-79aa-4827-b4b0-f1bffd883940,1-2,1,783225,732637,77082,177,0.6400330837468358,1120,36.23529061462421,desktop,0.4275253070584172,graduate school,0.49183019765950564,English,0.09745315844523145,0.358745018638602,Y,-0.11879108672513405,45177.175607982324
a4ad1191-04ac-455e-aff5-2c63a910dc59,3-1,1,297684,473028,49664,269,0.6220602036124497,1142,38.92525121606217,smartphone,0.9554992872264219,college,0.867225130772787,English,0.8898717372256211,0.09683233305621147,Y,1.9544823732131305,47265.913244620926
7169ffc5-813b-4e4f-8e7f-9c59e92ec66b,1-1,1,587215,424903,128539,172,0.37301740226299196,1353,44.32144868257917,laptop,1.4979206025162277,college,1.7429675246413905,English,0.2725478254635484,0.5956223466864641,Y,1.9760171500417745,40579.8868612932
45fb1767-91e9-4d69-83f1-3c781425982a,1-2,1,28091,682414,31434,287,0.6129268826518477,1150,34.64468937036604,laptop,0.3576519579416032,college,0.468776336580205,Other,0.6173743957387677,0.5096302599286129,N,5.218377188936583,40632.23573551122
2fbeb59b-f93e-4073-8132-de082fdbda03,3-1,1,99831,510806,37254,337,0.36545118139978766,919,21.90266444804436,smartphone,1.061043691124459,college,0.8232679629189047,English,0.5435066352395997,0.5513576724833394,Y,2.5571130004242306,46688.00073448099
8d488770-dca3-4c48-bac8-af2e74d1dc4c,2-1,0,4011,233161,52899,135,0.3372529765543716,873,43.240636160066785,desktop,0.8567090421866062,college,1.2529407399921249,English,0.5082304295221522,0.1513276891993265,Y,2.009818780945868,47559.437493444144
2fbee4a6-4fd6-4fa0-83b2-b180fee815e0,2-2,1,171561,207689,116935,231,0.8094680772605939,527,38.56881242524796,laptop,0.431852279371267,high school,2.142410767555398,Chinese,0.3948521077344633,0.4419675864912798,N,3.1095795336153067,44460.56779289385
acbf370c-b970-4ac5-b1ec-4335a936dbdc,2-1,1,979158,521254,139052,263,0.6878428684629418,489,64.62503488558816,tablet,1.387255063873317,pre-high school,0.4971560553937584,English,0.3356631985098648,0.19713452719669816,Y,1.0142872190993446,43795.11303343255
a7961f82-b7d1-4a3c-a0e2-6f03d8424b4a,2-1,0,793244,179421,121734,151,0.5073889441301452,935,25.618857149357144,desktop,0.14302028786534238,college,0.3061549467880592,German,0.47761635730242247,0.7833542564809228,N,2.340833052074962,42933.745323412346
0111fc3b-685f-4756-9692-67ace3297314,3-1,0,227289,227614,114260,279,0.47595405334058805,888,32.54835805385059,desktop,0.8213438967538247,college,0.9616387820752837,English,0.44689015402219534,0.05726022747984849,Y,1.3584762535780366,41871.46432323142
f67e5c09-d2e4-47d1-9df5-bbf2a9c7765a,3-2,0,626594,161680,108432,119,0.4662369436767303,982,53.13663358405174,desktop,1.093869723000424,professional school,1.0080587397465302,English,0.268839103757547,0.5893055449529767,Y,0.6721661639201775,44459.509222172666
621bf4fc-6499-4c5d-af7b-25ab04eeb70e,1-2,0,993525,71891,102976,225,0.11134485417261542,1362,60.610532873647884,smartphone,0.8448254432340787,college,-0.020507863053371045,English,0.13831485899495805,0.588151136454412,Y,2.292892730544755,43506.778601099126
540ad2c3-6798-4093-8f1c-3c3a0ea94ac6,1-1,1,393239,748928,140173,282,0.5605652408730475,1287,33.86278306862475,laptop,1.145094412614064,pre-high school,1.1763234768722866,English,0.6622247504235408,0.6345231122604647,Y,0.14857484450122205,43717.52304346539
902669eb-08bc-4e32-8e29-a4c99c57072b,3-1,0,61927,946026,131056,284,0.26021888369775653,887,34.38340850186412,laptop,0.9779213686754664,graduate school,1.501763243159689,English,0.44202855267539876,0.7974425477020448,Y,1.21746062852048,41514.356182213014
8daf6eaf-3757-49a1-9fb7-77fce259e6fc,2-1,0,356480,630466,91568,231,0.6018680510701359,1358,27.513173742499674,laptop,0.8059942458496727,high school,1.0854549475179787,English,0.09333038774952623,0.24879106951570967,Y,2.2940255509073584,43751.80010860765
8e023aef-67dd-4d6b-bcf3-b12c776379b4,2-1,1,800834,694810,113545,289,0.3607067217624177,307,22.367995218030625,laptop,1.108085962556041,pre-high school,1.2693833946423188,English,0.6703114903967307,0.3569049017394976,Y,4.595234761490197,44576.286811195154
512ef0df-48a3-4796-9919-471f50f25df1,1-2,1,397416,181564,54921,237,0.7166817837771349,537,26.81418551961736,smartphone,0.4629818552763183,graduate school,1.5986175365757547,English,0.566936632335793,0.1215962995321811,Y,0.9085251500744523,44525.02431913498
2de720d4-ef3b-4064-9437-2886a4fb5d23,3-2,1,174428,871310,68550,201,0.7037309808369926,1255,21.367991506164145,laptop,-0.30201965272075415,high school,0.9645216166701023,English,0.2309581046262269,0.5687328589388186,Y,-0.1675877422833023,44273.24928733194
a75e076f-3028-44a1-af60-ca3b3bcaeed0,1-1,0,196383,62554,70321,247,0.5934293829837315,392,51.48000257925852,desktop,0.6339076605278811,college,0.933144029663028,English,0.4212062153023615,0.1771932897951965,Y,0.19402849064905525,47397.895510361355
482de720-e72c-4225-b693-68609e6db53b,3-2,0,782148,28533,16848,315,0.69734445772557,1409,59.57674301212176,desktop,0.3071389064226323,high school,0.9209397516798606,English,0.4578544381690082,-0.17940845374452774,Y,3.105387856527706,45047.32716370004
de7bdd42-441a-4961-a547-2ccd7ccec379,3-2,0,32389,573284,103659,108,0.21502517560773715,509,35.787002642435816,laptop,1.2381146455654182,college,1.8614006402449141,English,0.6742481704983438,0.4826123380119783,Y,1.11879919660929,44405.8077154391
5b87a566-30eb-4ee6-abdd-aa5677afd103,3-2,0,462674,494151,134175,200,0.3982106881350224,973,33.00371401580722,tablet,0.7529339993465343,professional school,1.706258819818369,Standard_Hindi,0.5790078744144551,0.09029834871289888,N,1.3433219195287387,45630.97616613066
984a4027-117c-4a02-894d-deab7ced44c4,3-1,1,104770,339731,26884,129,0.49707915506593187,567,63.21793494673518,tablet,1.422825532083818,professional school,1.405424429734551,English,0.35079583056465347,-0.2598531842868932,Y,1.7724834838699475,46764.02615539209
94d5ae9f-66ba-48f2-93d0-19cf5aac6a3f,2-1,0,562849,825797,97685,278,0.8205224607779871,312,39.83793284730903,laptop,1.0190071804514704,high school,1.7424994120537507,English,0.7973583736525587,-0.07369652551039307,Y,1.6324629273667766,45279.720206265694
1b57438e-b823-4e70-95b2-c4659c379273,2-2,0,451130,110533,28016,253,0.4789207499960618,484,44.3786386618313,desktop,1.1756290845186605,college,0.9822480717230319,English,0.27259702503683986,0.26467803174056115,Y,0.197165391512933,43617.76051530945
4a348423-fe96-4fcb-9b2d-f32161971b4d,3-2,0,485852,690748,33578,114,0.6620903351268326,332,41.87537397355105,laptop,0.20206652802466163,college,1.649841735572422,German,0.450058213865959,0.6536034464783587,N,3.8113901304703743,46283.53949914089
ebe32dfe-f98a-490f-a017-f2872a47a1af,1-2,1,420660,552108,20950,135,0.6304118389692569,1022,63.98161466068058,laptop,1.6437420758304189,graduate school,1.5645658387413586,English,0.26137814618270894,0.9290905610980813,Y,2.7043530748714586,43519.204948272134
c47a9043-7826-4044-9b51-d59a6b6c53e3,3-2,1,734997,759673,123578,145,0.334206851869092,370,18.4576960727614,laptop,0.45841520963242466,high school,0.8666560070716746,English,0.6535373697118143,0.3077467936517646,Y,2.0107790632483193,41971.93139958486
db397e5a-8fad-4c15-bf93-e25495e0584e,2-2,1,182886,695819,117643,351,0.40895394051267964,1386,22.345521161985744,laptop,0.772822436282824,college,0.05904428685708474,English,0.30345426394512026,0.610839237860942,Y,1.5605148241812334,42944.79751797263
c82105bb-8520-4727-b430-daec6fdef0dc,2-1,0,407672,545326,95886,291,0.08131672409055596,978,10.80291339201677,desktop,1.0840064072976319,college,0.8239581017121771,English,0.42966808574555576,-0.004220866881175733,Y,1.682913164704997,37799.420102620854
606ec9ab-33fe-4f7e-9330-c0c5d30928c1,3-1,0,64466,660344,40739,312,0.8426644880759111,797,39.040460498064476,laptop,1.0758339658905194,professional school,1.2663544475797863,Standard_Hindi,0.4393460508959323,-0.16089256456030887,N,1.4081632828039448,45334.081154636966
6487b006-6591-4302-b387-45b630b259e6,3-2,1,380157,698315,108638,220,1.0404495911352476,519,24.87938441216103,smartphone,1.9895924712033242,PhD,0.4408618511293976,English,0.6202345773852637,0.931703674527423,Y,1.4084314148155161,46592.43185430858
d77f1a0e-29fe-4341-9629-55666d082f4b,3-2,1,972203,521511,122483,118,0.7762356346580379,805,46.89369002994648,desktop,0.6234252502612351,college,1.3440287378773887,English,0.08975542343541304,0.4960364914519528,Y,1.5640296985706894,44881.73855452398
eed8457e-2f39-4f4a-a3fc-7bc9fa57d880,1-2,0,290035,970899,15377,314,0.09846787410409419,932,49.52041560319122,laptop,1.5670964638385025,college,0.751666418746277,English,0.7830447285619231,1.274464706323946,Y,3.8573560891595964,45871.52788714533
95cad567-beb8-48bc-9d49-b9f5b17eb742,1-1,0,10484,854309,88594,134,0.3934215926558105,983,44.17952560397113,desktop,0.5509304529407368,graduate school,1.0547989077322877,English,0.6887278907235701,0.18097151115780097,Y,2.9735737986915387,43958.41568579627
fc04e88b-4dcb-4ad4-8171-4e21fe5f259e,3-1,0,138060,107369,12197,149,0.9662546547869486,1430,45.595541264666345,laptop,1.605421000825987,high school,0.3530392955496173,English,0.44519716667910325,0.6606656553326331,Y,0.8314045482255308,44648.97175073624
c2330187-54a2-48ba-be2c-d317fea39438,2-2,0,607606,733980,51373,237,0.4917314942014296,1247,43.51093396872286,laptop,0.6055854323466153,graduate school,1.4122675796495068,English,0.6534710510083148,0.8140686001095913,Y,0.4409352369140782,42620.446040997085
78dae403-7187-4be7-86de-8a1543649957,1-1,1,205880,834769,17214,193,0.49057815290877316,822,24.63458638545754,laptop,1.503246481318612,college,1.0609817455358515,English,0.8722720207782804,0.47036348296201536,Y,2.0982190134779652,43412.88276240522
44e64898-8cc7-4234-86f8-f68036f35eac,1-2,0,576855,98161,96047,334,0.44076164992208,965,31.703200768192353,laptop,1.6344834360419884,high school,0.9726037753053408,English,0.6505664520720134,0.6142953685534802,Y,-0.020944089653351483,45264.360190140775
001d6664-0e5d-401b-bfd9-c2985739e2ca,3-2,0,1019427,1000010,128238,343,0.006554551877774373,415,27.59606526727872,smartphone,1.6703195972338003,college,1.2945687542296,English,0.5930064823998279,0.6127259556797274,Y,4.640031461408595,44298.9847631788
74a79217-122c-4027-92e4-05a4e5fb0b4c,3-1,1,144645,444421,21368,207,0.4022053849625306,666,52.99670999985246,laptop,1.1322279286899173,college,0.6750475382242769,English,0.5171549377939829,0.4743538784195916,Y,3.252333146140475,43745.73533092594
1b57438e-b823-4e70-95b2-c4659c379273,1-2,1,57015,655138,66851,321,0.29071526152699323,334,39.62088956913054,desktop,1.4007417415500139,college,1.9211823216310946,English,0.4653247820322677,0.3393982836062064,Y,-0.3431967670655087,43677.02846822974
b4161534-88a5-4dd5-9160-ccca3961fb40,3-2,1,789794,629329,29045,108,0.17855384581011602,1356,60.224164292745556,desktop,0.20975072481952406,pre-high school,0.95792710823929,Russian,0.49930034145235735,0.8032860329416873,N,3.6547502346403933,43056.628564602725
023c99b1-f32a-4d79-b5d7-197ac75591e2,3-2,1,501337,913063,114939,255,0.3108035682586916,298,24.215096937441842,desktop,0.7269753688830606,professional school,0.5334445190575888,English,0.3360322520081581,0.8731272192922397,Y,2.2064394545788457,46111.091801750365
5defc8cd-7312-4744-9ac0-ff39228637ed,1-1,1,254221,788560,40633,145,0.2680723700641083,689,53.49564841455165,smartphone,0.8556162220597833,graduate school,1.94182418051522,Czech,0.80986438036562,0.23597650156982947,N,2.7519650542730014,43877.87814152075
f0cad925-aff5-4a6c-a8f2-4a0eaeaa248c,1-1,0,295579,294782,14125,170,0.30946897743070195,671,37.68568722426421,desktop,0.7741905634154149,college,0.7459932800462846,English,0.5643342399323424,0.39860232845443005,Y,2.3994727431449014,43799.80234572913
8d488770-dca3-4c48-bac8-af2e74d1dc4c,2-2,1,220247,203104,45970,367,0.9833779175325228,1379,51.38056429417338,desktop,1.3830084941787397,college,0.23698232130758656,English,0.031169991725901236,0.3806169686562945,Y,3.1792318055875746,43963.00229230022
ff595b52-47c0-48de-a732-ca6f366d3dfb,3-1,1,665710,224274,2643,315,0.7451373677663713,1213,41.071214189625294,desktop,1.5783270005220116,college,1.8006365637355275,English,0.47097741141242,1.5367463746126593,Y,2.6924320450836166,41381.05225376621
f33ac1f3-83dc-471c-9b3d-dacdf51395f3,1-2,1,958781,628708,36812,243,0.1907787551878568,816,43.91708111082149,laptop,1.2751810734110707,college,0.8102390896176829,English,0.24816374695412358,0.9955194071533495,Y,1.784003084295239,42710.483706901185
5940aa1c-da60-4873-b97f-e4d89f2d1a85,2-1,1,273937,396743,115695,302,0.8539420883003314,674,42.019416383795374,laptop,0.07676514723458594,college,0.5732812666097633,English,1.098581916071906,0.624245473855914,Y,2.50789732981028,43787.98613606412
f9b78c22-3fa5-4a9d-b697-ca70e5a794a3,3-1,1,104735,138879,42085,378,0.30369651082611004,720,38.558759298738536,laptop,1.5331978467982315,graduate school,0.9984615938311763,Portuguese,0.5640721194431544,0.5172077056236255,N,0.1554146240812746,42129.849587773046
638f2a54-a63f-43cb-bb8d-57d901598260,2-2,0,453891,820954,107527,136,0.5815286980939726,738,38.204277096983425,laptop,1.2802090890465905,graduate school,0.15117251199415194,English,0.48877261510290154,0.4819792686478823,Y,2.0858775257517306,43296.78025247145
0111fc3b-685f-4756-9692-67ace3297314,1-1,1,334842,239063,103905,306,0.5396452927538772,897,33.81145084254685,desktop,1.1404604922633717,college,1.0263168612991254,English,0.5359854869050914,0.34365012803961054,Y,1.7374340357206468,43347.69699120221
27d0e742-13f8-4911-a1d6-42cbea5067e2,1-1,1,855088,600854,47357,342,-0.10118025314040491,1261,41.71377373565508,,0.9909132207432955,,1.3630237506399672,,0.6188387741332488,-0.026732796209093745,,1.9511956031678712,39293.04656866535
63cdd570-1369-4f2b-9090-d5b6255c51d2,3-2,1,653166,737067,136243,177,0.569089394648717,778,43.78908059233942,smartphone,0.9718701456287576,high school,0.5841580962014747,English,0.3841692343782433,1.3678903093962937,Y,-0.3387708313289046,44219.09184377303
20707557-d86f-471c-bd39-ce12b5d290c3,2-2,0,283651,121240,95404,224,0.16769522643527512,698,20.677131615474465,laptop,2.1820177953515274,college,0.9814334209112743,English,0.5146256199480702,1.0757634977511117,Y,2.6000195691804793,42063.016840283686
ba947df3-ae38-425e-a2c4-d6dd7839b0fd,3-1,0,629060,285989,135415,243,0.17750393973773926,816,28.9434048125532,laptop,0.5401457842414713,high school,0.9658525222168483,English,0.47882853271715525,0.05185620662119789,Y,1.0111544919708608,42848.31753201429
7426e023-5833-4949-b5c7-457d0e2a29d3,2-2,0,536759,555001,74209,192,0.5459227900311532,1070,31.837594503466075,laptop,-0.05497248551543632,high school,1.3764196600651308,English,0.3737724511526743,0.4977621874131299,Y,1.1417902545095018,48340.331255391786
f67e5c09-d2e4-47d1-9df5-bbf2a9c7765a,1-1,0,494235,979234,126448,166,0.48899866950322823,582,23.23706035521373,desktop,2.269461080072629,professional school,0.026245679889659423,English,0.2861207435794181,0.05882278375738387,Y,3.2572783149014537,45712.9628667629
b95563e8-9d70-4aee-8c29-b2d677981d92,2-1,0,874664,937472,37873,162,0.7051313814479261,437,21.776126117873275,smartphone,0.4029028535524777,college,1.377337575696754,English,0.683331572669489,0.39625844709303176,Y,-1.561545068932054,43916.07727381323
485838c8-c7f2-4591-a8d8-7896e1327b7d,1-1,1,209830,538196,72723,173,0.12931343896721847,855,35.81746837819795,laptop,0.8431049061982863,college,1.5497622025476825,English,0.49734196930303254,1.2797713242147708,Y,1.5464996560488196,41889.43862372745
025562fd-3b78-416d-b71d-1bab3f5fe6b6,3-1,1,755499,879196,129596,228,0.4459960723742047,1379,44.42882795355164,laptop,1.342127469068707,high school,1.2157299003721052,German,0.2681273842565784,-0.042650473428295976,N,4.2063991805399805,44559.87465839756
203a6897-eaef-44f2-ac30-f8e9d95fa886,1-1,0,23584,251320,130040,247,0.40487950277046747,828,44.644446316656726,tablet,0.7653403799741533,PhD,1.5035727946476725,English,0.4444151316422885,0.28871030052342816,Y,0.5718303614904177,43452.30980307501
4eab4ba9-b923-43e9-94b2-b50f8ae543ad,2-2,0,486744,476766,50422,230,0.23017048750905383,860,16.61076974310108,smartphone,1.44954110159021,high school,0.7907214027763698,English,0.38757335237503926,0.7360569326089045,Y,4.518508993603557,41843.35125242668
0befef59-998c-41d5-a028-cda46345a259,2-2,0,405236,437001,11789,316,0.5760508270944653,356,23.108201383606186,smartphone,0.9053653626967462,high school,0.9707847226226944,Other,0.46441203268713604,0.7134969566746054,N,1.5659106661953541,46135.649112663974
2e50f9bf-12b7-4271-bed1-a1dff8a126f6,1-1,1,374678,959795,26495,151,0.37891265026753157,1358,49.34921161085654,laptop,0.36974516531259405,pre-high school,1.4784055760909522,English,0.33978261547350513,0.36968253036970466,Y,-0.00807667815647961,43097.966472005086
4eab4ba9-b923-43e9-94b2-b50f8ae543ad,3-2,1,325103,511573,118961,254,0.3724167914367193,1175,31.766897200343074,smartphone,0.7284033140001781,high school,1.4654572898986102,English,0.6931712999890384,0.49240380923714855,Y,1.0312232585597234,41459.00325092121
b95563e8-9d70-4aee-8c29-b2d677981d92,1-2,0,355824,99661,80339,375,0.4598438660053881,1419,40.252913483636966,smartphone,0.2960457700202612,college,0.10516570722128715,English,0.5632921267038307,0.5115067302659432,Y,2.4223952191955296,44666.94610048367
8dbae56a-69d6-470e-837f-17b3df9f2ca8,2-2,0,751316,55640,106695,276,0.5486652759067946,1236,29.81196058863733,desktop,1.2598926345178838,college,0.8540630446239509,English,0.8455436353101082,0.9823196530343867,Y,2.1819686560764877,43093.02132500804
c000581c-20de-42c2-9978-3278cb1cc4fa,1-1,0,800882,541860,62896,374,0.2730432450042306,968,28.41825342193802,smartphone,0.16356609817342027,high school,1.2368087150977876,English,0.48753819862596504,0.5984280781944825,Y,2.4006327000947763,42263.08953113189
606ec9ab-33fe-4f7e-9330-c0c5d30928c1,2-1,1,634391,787497,123248,322,0.43823087091848745,1357,34.04407946338883,laptop,0.4149988567685561,professional school,0.9352897981161,Standard_Hindi,0.486715081828631,0.7662014066164198,N,1.6914736544588531,44399.73383937707
253f1616-4a99-4ebf-8086-6ecb195f5fc8,1-2,0,296346,287335,7801,257,0.3001798595362133,674,34.417557007308574,desktop,0.28113574492071436,graduate school,0.7679851996004091,English,0.7176121032641375,0.46383536275087917,Y,1.7964991957450376,42937.54150865852
ff3d06e6-c5ec-4c24-87dd-0dfc42864aa2,3-2,0,126192,958865,434,348,0.6815625926144759,720,45.968063184868285,,0.3894734169273515,,0.6929894231641613,English,0.48871149358126764,0.49035136012310215,Y,1.8907515215167192,43860.5690114615
adff123a-e9fc-4289-89bc-8002fb8bb5f6,3-1,1,792412,704395,142349,302,0.7451609084619758,1283,42.76236160815269,desktop,1.5226903687741529,graduate school,1.0415222530308392,English,0.8425274328234671,0.4152902566734058,Y,1.7658270345438918,44196.10811135932
78dae403-7187-4be7-86de-8a1543649957,2-2,1,595716,44867,24199,134,0.4837769629535669,1158,44.34080469791717,laptop,1.0992379326045119,college,0.6650135931189965,English,0.5261685593024976,0.1564232865683629,Y,-0.6725483314047338,44427.92747292367
ebe32dfe-f98a-490f-a017-f2872a47a1af,1-2,1,399264,964499,106678,277,0.19424937411994625,332,30.757334342449045,laptop,1.158805524445089,graduate school,1.351116276380217,English,0.43873363680927546,0.5166507821551473,Y,1.9480097153131686,43203.000644644
ad4283c9-d606-4e9c-b45f-7f660b31f5d3,1-1,0,883537,977183,141154,312,0.24957594903354252,672,45.09566796853673,tablet,0.982162569217919,PhD,0.7692185808911374,Dutch,0.663926740112781,0.6168338948402194,N,2.853066161206764,41891.1138466748
06d98056-2cc4-4216-85e9-e3fe7d5751fe,1-1,0,403715,354521,137072,333,0.4316928235451013,1310,41.42794204187701,laptop,0.9988224402325585,college,2.3662167019379856,English,0.42999187261210536,0.9463548934455912,Y,-1.1422765525391902,42060.632986517754
94d5ae9f-66ba-48f2-93d0-19cf5aac6a3f,2-2,1,613003,984669,74285,145,0.6624771026020142,1135,25.008728491546854,laptop,1.23481308423025,high school,1.1827214489438223,English,0.525757461859091,0.5797296034581633,Y,0.6697961452517167,40942.473435164924
ad72ff21-0001-4c71-9657-91f0af317112,3-2,0,704071,186801,85981,214,0.6050674932103819,1048,47.12570435345915,desktop,0.35024839214485026,graduate school,0.674501716809059,Other,0.6531935360162765,0.602704729514302,N,-0.7641283483398174,46024.0627416051
0010d921-1f71-4511-834a-55096185fabb,1-2,0,301346,152881,10873,185,0.5948975258869468,1152,6.171982886178345,laptop,0.6809441335275909,high school,0.7498747282113717,English,0.522353319300723,0.6733671633507783,Y,2.849705731369082,45177.329117455185
d816358d-20fb-48cc-8597-6ce3578251dd,1-1,1,541895,918668,42390,151,0.6436829861484626,1000,36.716244589699045,desktop,0.7737235729198377,high school,2.239358831352158,Norwegian,0.414919780878861,0.4363474852720266,N,0.26033706016254765,41541.65949711666
215f1a41-46c0-40a1-85ef-c155bf665a45,1-1,0,829741,962352,74426,170,0.39741294082307355,1144,28.968792336527176,laptop,1.6727240260784393,graduate school,1.6836553936481846,English,0.7228979163035122,0.02575640805584478,Y,0.6032071052968431,43175.49820295204
84e4310e-79bb-469f-a212-a280f0defc2f,3-1,0,454746,1011671,69104,260,0.18162089334656112,881,51.30493483058977,laptop,1.4326202624988598,graduate school,1.2888675431052266,English,0.5814832169401019,0.07671497127956312,Y,-0.3761060340634308,46343.21565654284
6aa0c48e-1055-44d2-9d58-385715962733,1-2,0,832984,230515,83144,300,0.41292799279612924,946,24.943346373380976,laptop,0.16463573723458602,college,0.07566940682883516,English,0.20723074464843882,-0.22411434527207363,Y,1.9433102502997224,45565.14210833773
dfeed816-4de9-4be7-9ea0-775157c7bd76,1-2,0,498530,294761,108428,139,0.3119044395321938,792,34.99213890705547,desktop,1.0386893350646735,PhD,1.3940710351117973,Portuguese,0.47212969250857617,1.2277980643965227,N,3.474172095777516,42309.623601491985
ee53e6ab-48ea-4636-8141-e636a103cbb5,3-1,1,796718,987203,68541,367,0.6724406559215609,1116,34.47997395514583,laptop,1.1548869684969523,high school,1.7122049432811648,English,0.6476523987468241,1.2086449921227,Y,2.216024301761105,48000.1742298015
2baf6ca8-ba5b-45f6-860e-359b139766f2,1-1,1,751678,440598,111131,159,0.43615163369055676,1330,18.801840245303044,desktop,0.4878381534430397,professional school,0.4429233892876284,English,0.41140104582035136,0.8013551900216983,Y,0.7359870757624217,45652.402936096754
ec830f1b-9018-4757-846f-ce2536ebed89,2-2,0,454121,35892,43233,312,0.5875526998305418,1007,17.388712330159777,laptop,1.1143279341483643,pre-high school,1.3342200756242808,Japanese,1.0125360476651846,0.5928343240318599,N,1.502639518850925,47177.506056102386
5e3b5968-8333-4c18-987b-b413b916f904,3-1,1,802803,900056,116253,373,0.6330713990587035,663,51.67039080883751,desktop,0.872716063231735,college,-0.026135122985526005,English,0.499362735275776,0.6343748071948684,Y,1.4829426355696633,45101.012786895066
01793098-f0e2-4ef8-a0eb-706a0584332d,3-2,1,760165,673436,58035,159,0.3588239821587753,905,39.92576688156146,desktop,1.4724703554242289,graduate school,1.938222449020854,,0.5525975399522834,0.18530487319655403,,0.8775134829997392,46765.85697258032
716744fa-dda1-4423-a78c-87e4633852b3,3-1,0,725501,376034,119502,155,0.556999044310212,862,28.19142713704354,laptop,-0.7320772521234877,graduate school,1.2218073186933611,English,0.25812353189776926,0.5085341805938648,Y,0.6073181701977075,45843.26156437226
95cad567-beb8-48bc-9d49-b9f5b17eb742,2-1,0,724088,841228,125633,171,0.2074182103897652,1132,53.35702614498404,desktop,1.1747998124889594,graduate school,0.6661264339608584,English,0.4253113438220025,0.18696490234567775,Y,1.4619011442950354,42702.192952403886
b74b7a54-edf6-4d3f-92d3-8dc119424956,3-1,1,558568,294962,38233,206,0.4854827213488376,624,31.169796995633053,laptop,0.8304276727815592,high school,1.1622852378503534,Turkish,0.3020160540461354,0.45000394765547364,N,1.6409719689666635,44503.21427538562
bac15d0b-cf63-4ab5-a05c-66f39e2834bc,3-1,0,1894,677347,92031,227,0.11399252564370488,1235,43.8450667564334,laptop,1.303130322823383,high school,1.34248809271896,English,0.20889945779852215,0.903641720969275,Y,-2.0032801927316477,45076.43730678239
9294f017-a752-4e3f-9266-06922b940943,3-1,0,375103,705689,7529,262,-0.20253532150803377,743,12.262653016733651,smartphone,0.5635013442852298,graduate school,1.1460474784104115,English,0.6535536844145096,0.38324705782042434,Y,3.0077475674273932,41330.902784310725
7a5fe584-0426-4d55-b8b9-782fdd635a86,2-2,0,750559,939233,18596,185,0.3186744042316729,1193,34.185469395158734,laptop,1.8521618412465326,high school,0.14471615847863806,Korean,0.6155515506830087,0.15511435080640146,N,1.9192468407919572,46165.71027695529
92549cea-1034-4ed8-8c3f-b94bbdd55d0e,1-1,0,294796,998785,85119,119,0.15076595461090203,1287,47.93074352884172,desktop,1.5832620537318194,graduate school,1.3916477567660863,English,0.36633738290400913,-0.029919111145061628,Y,0.3765169068414058,46116.05586578211
af2dd336-540d-4ded-ae2e-6d21383207fc,1-2,1,738435,407274,34501,375,0.23036311070872517,562,41.504068033403954,desktop,1.4519193554952956,college,1.2011307825073227,Chinese,0.5738764309266843,0.3169887369405279,N,0.9192752303521531,41090.52024222755
8ee594b5-8f8a-4ac5-874e-70ae8f41cac6,2-1,0,954728,678045,31856,290,0.35551956118580985,589,24.804206685069357,laptop,1.2087708720886816,high school,1.7713749927906286,English,0.38118180103785315,0.9680202599224775,Y,2.862450956659444,49033.02053488828
dd3b3024-ad2e-4cd6-8c24-3b0c6ab90dc0,3-2,0,1000482,383957,119226,340,0.468768709364731,1226,48.10477356889863,laptop,0.800284117915835,high school,1.5137765665337963,English,0.7501656085633241,0.0765728957926608,Y,3.025347562186801,45426.997281172924
86fc00ec-2ecf-4b13-b031-7de5b98c4716,3-1,0,301519,601651,99013,348,0.3260112922538919,365,35.697325263615475,smartphone,1.716433897431234,college,0.3564829359349524,Dutch,0.3348392223210995,0.5282272743430937,N,2.887736109955391,44680.13065300548
8053404b-3274-4b36-a3ed-c3f4cff86dee,2-1,0,739651,840136,14441,156,0.46764082190747835,1376,44.73629821117974,laptop,1.3053592293626775,college,1.7637761388738136,English,0.3345227698978797,0.4116864503951604,Y,2.7859600369678703,44356.946888985316
314782d8-515f-44b4-ba28-8365f8811ae1,3-2,1,349607,757467,91303,317,-0.055239488907251166,1231,7.224496969784578,smartphone,1.3683714295626317,college,1.1836652992736452,English,0.5989232011737669,0.4843561986506208,Y,0.5510937384103003,42709.21068500559
b8f4ca6e-e390-464a-8d7b-7e81fcf0227e,2-2,0,479978,452817,97111,146,0.6576635041214798,915,46.98405582374086,laptop,1.5801083315087538,college,1.2585721690609895,English,0.6033473297112661,1.4207870688958009,Y,1.3729714206088184,44468.3821651004
001d6664-0e5d-401b-bfd9-c2985739e2ca,3-1,1,243807,995700,29173,176,0.5717351387289207,338,44.92349404766105,smartphone,1.3679963755019713,college,0.8187582124310929,English,0.2577854954721124,0.050809412732002346,Y,2.176024031392863,42271.395551427835
61746fb4-9306-40b6-aeb3-31222f13e4bd,1-1,1,702819,238158,80345,208,0.6075635589851924,970,10.804566379847369,laptop,1.2165688702446902,high school,0.5465265864383633,English,0.6343110934243523,0.62771362408667,Y,2.0589071870334585,45688.281010145074
f50cdb0b-d082-4ab1-b5f9-17fa8540795c,3-2,0,946540,518696,134144,190,0.7212685975446413,1210,38.50485490594948,,1.2730535894484245,,1.0388300972274016,,0.5877197569496967,0.33133821696842847,,0.9179872379983535,43051.78315089148
ac03d866-ecd8-41e4-9938-c4b098048187,3-1,0,775378,193443,79480,331,0.6003886337043008,979,36.89682745337678,laptop,2.0712007397090924,high school,0.4438487896372375,Turkish,0.5583862902135515,0.15663592154846567,N,3.6514204711136546,43692.13685160152
ac03d866-ecd8-41e4-9938-c4b098048187,3-2,0,219473,316666,77057,240,0.28404430326152375,463,30.966415013921814,laptop,1.570323361296173,high school,1.0206922592594194,Turkish,0.2956173820153992,0.6495075713389513,N,2.3453086677894186,39092.40224811398
df64e0d9-db88-4977-a401-e1f442400556,1-1,0,181741,234742,68980,366,0.013585593355101844,1006,47.012167835761545,desktop,0.30995030660260847,PhD,0.3143790656200134,Dutch,0.41287806054425497,0.70768598850461,N,2.3084477853941134,43586.09762747601
485838c8-c7f2-4591-a8d8-7896e1327b7d,3-2,1,777794,147801,17266,341,0.4821898916225879,396,35.48508231040741,laptop,0.7192787328171482,college,0.4641173590619446,English,0.6992488051306044,1.3205116665182233,Y,2.5099019681816,45638.29522625154
6b68642b-ac9e-40c0-90d9-91bd6ffd92a9,1-1,0,962142,342617,29641,234,0.5700005881857984,1279,32.88645049284171,,0.8335846734342853,,0.5031599668266564,,0.5977586818155212,0.8142000946571212,,0.3506799446639046,43752.32302436646
5507df65-d963-43c6-9e0d-a8c375c02b6c,3-1,1,627543,95182,16175,294,0.8958101861767158,1169,31.5345008887679,smartphone,0.656184843253057,postdoctoral,0.46644637320002513,Spanish,0.3026554588591345,0.6947493675028583,N,1.0969756452946107,41141.827215486446
87ae871b-9380-42b1-8130-7914f969a239,3-2,1,21836,113747,112710,182,0.06511254469302385,749,29.522672171739615,smartphone,0.9036774368437993,professional school,-0.1647387456174194,English,0.46828867700471927,0.9787702309710649,Y,1.4533394958994803,43949.7218710523
a3dd9852-6cc5-4893-a6be-e0eed5e53e52,2-2,0,434638,267518,114649,267,0.11724708723608546,1368,25.301623001128274,smartphone,1.9479840980390613,college,0.2357271075623828,Other,0.7634571161540726,-0.022172562552859043,N,-1.0958287509606355,42377.449574009916
025562fd-3b78-416d-b71d-1bab3f5fe6b6,2-2,1,708222,617667,76347,313,0.5316617608939801,362,31.490175394305776,laptop,1.1489155497835446,high school,0.6230416268038774,German,0.45530170944981513,0.42022713720722615,N,2.1596715815384933,45310.76457129531
0c06a58b-c629-43ce-8f6c-2a140dd88b66,1-2,1,292626,119637,107806,313,0.18064223030056192,363,27.224713876848348,laptop,0.14828256198645817,college,0.63178525151832,English,0.8846801596657201,-0.05611262885794155,Y,1.4617604042156205,44564.96917835217
5b87a566-30eb-4ee6-abdd-aa5677afd103,1-2,0,623860,62056,73714,192,0.4864798110700489,1091,19.900673096281025,tablet,1.351999618766651,professional school,0.5231235956820435,Standard_Hindi,0.5952770574264097,0.4801989564918647,N,3.3183726720677935,43877.102594515345
95ad60c1-7c93-4341-9da3-763bbed405b9,1-2,0,259827,92821,137333,251,0.5418964340952107,903,49.417369317898164,desktop,0.21322699720854554,college,0.8529678039657534,Chinese,0.5780767221611629,0.8429883417684316,N,3.6243114371949163,45382.03507045937
e781e374-74ed-48db-8e39-bdd209a83470,3-1,0,97033,278943,16715,167,0.7364517182760759,332,21.336447997475148,laptop,0.2551563241653896,college,-0.041672638038325216,English,0.045120496939874466,0.6768028115524918,Y,2.3189293120657473,42851.8349689053
3657cc44-95b2-45ff-9e4f-a4cd22079a32,1-2,1,591856,6793,95553,175,0.31873146963274057,454,38.36523631353739,laptop,1.3890736026075607,college,0.7234754180293117,English,0.35059112170581824,0.8213551672273586,Y,1.6892418170522239,45170.110868737844
a1f22d02-0b2f-4c57-8736-0957dd153f8d,2-1,1,661966,913827,33729,219,0.4878615435614578,931,42.156703633956596,laptop,1.0860136001877265,college,1.4153917279484425,Dutch,0.5918894154349437,0.5101267764960031,N,1.0236653458406444,45641.43815074689
2f391d00-fce2-4b0b-9e09-e98753d78adb,1-2,0,681334,538750,76757,348,0.5832588942532376,1430,53.40651403887879,,1.1357924234153391,,2.3167885317388244,,0.6196316767628033,0.5307487691073891,,2.646905836514268,41253.07864036096
817abbbf-33b6-4f40-a3e1-e0b38753e896,3-1,1,873439,309512,128927,371,0.5180634824255678,1001,22.561334436160376,,1.370747653128674,,0.3735793204280863,,0.41659822845357447,0.3208911571431643,,0.8345216632540737,47107.63852320332
45d0a062-50e4-4bce-b410-65ce05905a22,2-1,1,850096,692218,90074,171,0.31117694815375097,761,27.189895692256762,laptop,-0.49123813313646414,high school,1.5400822643010552,Turkish,0.5737758219237489,0.6012007279076197,N,1.347494163429968,44795.6818310033
422c02a2-c457-4a5a-83be-bc1fb038be39,3-2,1,459293,802129,41862,141,0.487667858885764,1422,29.21443235615437,laptop,1.0064509093849208,high school,0.17890702485794407,English,0.6101419759394315,0.2612972735076001,Y,-1.1640138705189282,43780.45384562077
44e64898-8cc7-4234-86f8-f68036f35eac,2-1,0,444948,400140,85330,193,0.5032041740414123,1339,43.48792274093606,laptop,0.4759876896874944,high school,1.4765935448034448,English,0.3186516269139651,0.5000131612591217,Y,-0.1593058957618234,46025.54157808498
f9557d5c-0a28-4f14-b9bf-1a0308ed9546,3-1,0,228082,800118,44079,267,0.5602017560855241,1393,33.60783661136858,,0.8563796983608062,,1.1744335260000145,,0.7140824561339929,1.020856751745518,,3.7074227414734064,42650.26376951625
618f8406-daaa-433d-aedb-3a72a9f3a947,1-2,0,193533,948352,49198,197,0.28934463180079883,827,28.952370460491633,desktop,0.689633642807348,college,1.2193711959977331,English,0.3464560390970674,1.092601023956651,Y,2.696077427629577,46761.747170661714
9d234aec-32d0-48e3-8160-e228d2816978,1-1,0,505156,253049,24748,362,0.5317932463784307,402,37.52039091600372,desktop,0.3193785140895694,high school,0.8126463844662453,English,0.6252471282683119,0.11763572183170601,Y,2.9366138256393164,43996.75114727131
44593a98-060d-47ea-9a57-97e0c70027d0,1-1,0,467429,105396,100400,169,0.6961221792309178,580,36.713327832041024,laptop,1.9025384874253413,college,0.36483951236405376,English,0.7359240032105132,0.45277118292153096,Y,1.3854317049600215,42845.97354781879
60fc017d-b4ee-423c-9d56-6c2a06a3697a,1-1,0,806805,948651,5724,368,0.6005210610945032,1000,40.620054593834766,desktop,1.9266103402111359,college,-0.1898239085322273,English,0.479291664663699,0.2798629246035925,Y,2.026813472236471,43740.14706354728
70d89d2f-00f4-4b1d-808e-ed50b71c3e5f,2-1,0,574166,260237,80068,161,0.5986629600402386,659,35.71700125662427,laptop,1.1652279631679565,,2.346187710777121,English,0.5134006889054747,0.4002826551474714,Y,1.2336838136993602,46652.208999685674
ffecc92e-4523-43bc-881f-86a60ec0cb05,1-1,0,54600,39567,55073,368,0.5136109999773636,1044,51.43433082200429,desktop,0.09897213218705914,graduate school,1.3252698312504505,English,0.6186066944710188,0.9228269359286558,Y,1.3662509590191527,44353.50699907938
2a4a5564-46af-455d-ac9d-673d538c2e7f,3-1,0,842705,580233,97472,162,0.4366570415318894,391,30.48755125266952,desktop,-0.26100361423872953,graduate school,0.31453110129614026,English,0.7694499162136508,0.5902284839372388,Y,0.7471626586458822,40557.17998956382
5ccdee25-cad2-481b-8033-c90162b98ec7,3-2,0,695016,225399,48934,208,0.6654013138025598,449,21.162126640777757,desktop,0.6336652805449547,college,1.2876381008819995,Other,0.5670815415021424,0.4543416163096362,N,1.7088347604411496,47284.25841597265
4bf638b5-36b4-4b87-977c-dbb48a337da5,2-2,1,490819,6475,108718,166,0.4375024117319663,1384,33.33454808849914,laptop,0.6730161082200711,high school,1.8257106238048086,German,0.4809354573644006,0.3051721297734492,N,2.219189878698575,41728.321525415995
8d39576d-2b3d-4eb4-acfa-32254991618d,2-1,0,875680,102834,42604,167,0.5847274255280603,704,19.571358938870826,,1.198110372399384,,0.7523818407903832,English,0.17482209046095543,0.7866898486618914,Y,0.5060965601179401,46373.54194467564
b95563e8-9d70-4aee-8c29-b2d677981d92,3-2,0,231242,74922,29567,120,0.2749710039880844,1168,7.526739846210944,smartphone,1.3377153680992446,college,1.0253746284742127,English,0.950079396817062,1.092955700786735,Y,0.6749516877323622,44787.740398987895
16d05f08-7a7f-4b5e-ac3f-b7a64a5ec349,2-2,1,462909,602477,139750,119,0.7246559880590158,942,34.0176018451669,desktop,1.8712336553236688,college,1.3164744585349804,English,0.6187975811577267,0.25283071306896177,Y,2.825180097454951,44174.652004861004
a12939e3-640d-42c5-87ed-83c1358c4698,3-2,0,943087,202608,26092,239,0.164842873816877,1119,53.536954911325275,laptop,1.3689443842663538,graduate school,-0.007290954631017144,English,0.8312966240787252,0.097659173730131,Y,2.948224129244728,40838.690982933
fc06986a-ae94-4241-b930-3b90075bbcfb,1-1,1,985315,25946,59503,293,0.5332190555901767,1366,37.860188794570966,,1.141322459319455,,0.15583179123474067,,0.7499424691687258,0.2766506548530456,,1.5721682482340578,43460.76566377219
621bf4fc-6499-4c5d-af7b-25ab04eeb70e,3-2,0,946982,934397,16850,291,0.27454465380859394,705,43.771611618996566,smartphone,0.8620524514674144,college,0.9069149670150598,English,0.799195225540352,0.13817248222207912,Y,1.2190913336300535,43027.08268702349
471fa2d8-87bd-4cea-8ef6-6c24af87fbc7,2-2,0,422696,491939,86303,244,0.44609373823339415,905,39.842332710753084,,0.8314514489031491,,0.6697175700716329,,0.44525004041118615,-0.19474265892679998,,0.14458351540167147,42173.344665629884
ecae14cf-e3fd-4699-80a4-5aa81bfd8076,2-1,1,333963,246450,73124,367,0.3027939661346074,594,43.49132489704353,laptop,0.7876387194439649,college,1.2692867922776943,English,0.4711289001066881,0.4472753547222094,Y,2.3827561280595715,44124.7442854621
a3dd9852-6cc5-4893-a6be-e0eed5e53e52,2-2,1,507807,654827,129152,282,0.5606677947250158,1280,44.54261438354933,smartphone,1.609800956407121,college,1.085411338289573,Other,0.47497532661731623,0.20828133948177574,N,2.9679617997003005,43659.14016981866
80377a90-a6d3-4092-ad16-1615a6f024b2,1-2,0,314597,727956,99617,313,0.9324320327638604,792,29.614245187551752,smartphone,0.672564114565996,high school,1.621017897656214,English,0.64053730776157,0.20207732710800902,Y,-0.25119437459387073,43229.86323709412
71ebc1ad-ebc2-4c5d-bc77-e372bc1b0159,3-2,0,295228,111630,24396,271,0.5810052967026139,876,47.801454503192836,desktop,1.510838512155365,college,1.9878475258420774,Italian,0.4680385915478159,0.5463116835664186,N,-0.30558109649465504,39901.25854559431
ebe32dfe-f98a-490f-a017-f2872a47a1af,3-1,1,227634,348939,104735,154,0.5702710323264522,1120,26.31702495418874,laptop,1.088121792693533,graduate school,0.5850711213745236,English,0.44749474173694054,0.3552909853675159,Y,1.0375801003881726,44458.0787873892
79dcc136-af62-41a5-a697-40d9b8f68d3e,3-2,1,907633,460945,88466,235,0.3081616880340885,809,15.179854862491009,laptop,1.9643911079889436,high school,1.737078122037866,English,0.81683286381365,0.9600442981694175,Y,2.114513568656756,42628.12439811671
638f2a54-a63f-43cb-bb8d-57d901598260,3-1,0,430178,233227,10159,173,0.5214907986172913,634,43.528981193453426,laptop,0.833230606194346,graduate school,0.9250931810880644,English,0.42909118069797264,-0.28928791661253006,Y,-1.6948765342881904,40451.55516256089
01793098-f0e2-4ef8-a0eb-706a0584332d,3-2,1,969000,481458,14302,232,0.4374802961399625,590,48.119983387462305,desktop,1.6774934280609877,graduate school,0.061015724165839336,,0.8137009532594722,0.28864546680642583,,2.8871338781864733,45268.64476728688
4aa80c95-24fc-45e5-b3c4-102653f15325,3-2,0,122936,692149,13714,162,0.4089775471215294,1218,41.92354129532543,smartphone,1.3201079249057708,college,0.4227215884559349,English,0.41403610574929456,0.14901140983713368,Y,2.904175779087441,43030.304153371355
b4649c6a-01ed-4f21-be3f-a0f29b97fc1b,1-2,1,586427,682727,123477,196,0.7525909249608662,1037,19.83921701458291,laptop,1.1636505016035485,college,0.7633939363864493,Dutch,0.410210190628974,1.3707914992221524,N,1.0356596814681494,42780.3029918991
215f1a41-46c0-40a1-85ef-c155bf665a45,3-2,0,517019,819588,80640,187,0.36535723896711914,1299,36.580430194004556,laptop,1.7094482721188815,graduate school,1.2392338237488025,English,0.5869487463664078,0.5146223964150739,Y,1.1719842508461387,42884.44850090696
c0112282-2a3d-4efe-af95-387d581e0a98,2-1,1,52767,845321,124966,306,0.18852494690621058,1248,50.67670224481665,laptop,1.0048806534690167,high school,0.5874475418383445,,0.545236173186759,0.4350315204814056,,2.208977690598568,41386.561878656474
03f385b7-6b1b-4549-95f3-1d999b1df64a,3-2,1,660005,788220,99864,118,0.4239725309066725,610,51.24310642107846,laptop,0.8995998579148086,high school,1.1326189200422643,English,0.4895066951490434,0.7525587820689212,Y,2.038430473946068,43637.20929252174
8ee203f2-ee28-4529-bce3-eac1a57be7f8,2-2,1,120026,677280,129926,258,0.613852518214181,1153,34.88015876218452,,0.047553612707559756,,0.05262433295517255,,0.9077429086259139,1.3176913032730284,,1.6433573838202284,45277.226288991165
c000581c-20de-42c2-9978-3278cb1cc4fa,2-2,0,377303,485761,83080,198,0.11485582290153801,473,32.03471040904744,smartphone,0.4966377955697082,high school,2.181268265166329,English,0.306402655200787,0.7179116158053473,Y,0.7597267384190454,44171.82778498236
6fd65cf5-962a-4227-b24b-b2ef6f590a96,3-1,0,47029,788024,89712,182,0.06680673572768492,840,35.41468150351981,desktop,1.045438384033086,college,0.7388722670038048,English,0.042603240947317045,-0.35179454377686914,Y,2.5468511002303407,43837.82959043653
f9b78c22-3fa5-4a9d-b697-ca70e5a794a3,2-2,1,926511,391865,90292,280,0.6687335253124815,824,7.1180306479350755,laptop,1.4153815766225484,graduate school,1.0894273171746747,Portuguese,0.09810205144064271,0.6749431202639082,N,2.0883678133752177,40960.33935229384
475f8bb1-e661-4dea-af87-86ca2a261e7f,1-1,0,423366,722114,92931,249,0.6712719300581296,534,-6.040999547990339,laptop,2.15236732631196,high school,1.2170934596116447,German,0.49528452515763527,0.7415312262215851,N,4.42950556127875,42242.798973421726
b856a7a0-694d-44df-84e5-7df262774187,3-2,0,559637,417059,81365,185,0.15853881241240192,1139,49.1501001798144,smartphone,1.4404238185643345,college,0.3172082169814705,English,0.5974914333735861,0.569467638725498,Y,0.6038406182005216,44222.622762269915
5fc65dc4-1722-4f54-bd65-720c734f2d00,3-1,1,955242,594582,141821,269,0.42867760534622057,1353,41.26187741210533,laptop,1.1628018229169033,graduate school,1.5423078555947076,Russian,0.5738719601371738,0.7810775063738972,N,3.534476281182396,43347.56972337364
fff115a4-7e00-4376-888b-03c5bdee5f3a,3-2,0,268395,587642,47418,344,0.5633873479255673,570,58.323136030977494,laptop,1.2441737490100553,college,2.064282838776304,Spanish,0.18142993535240481,0.7741200975690417,N,3.073775728491176,46301.348606012056
f9b78c22-3fa5-4a9d-b697-ca70e5a794a3,1-1,1,940702,855746,1853,216,0.5658896784766699,1230,43.81530804243434,laptop,1.5115901099702693,graduate school,0.8582049515264243,Portuguese,0.4805036322284291,0.21031795071013304,N,0.6066663085053379,44428.702204595436
0d84e944-f2f1-4a68-8fc5-719111349ddd,1-2,1,374198,937580,110788,187,1.0896964752451146,1428,54.05252714131332,,0.788284708830325,,0.03278201329254726,,0.6788357137743679,1.273523337311298,,1.173154574610503,43228.0137116135
df64e0d9-db88-4977-a401-e1f442400556,2-2,1,676455,186552,99909,151,0.6878174296818393,557,18.172659715218433,desktop,1.2356008943399082,PhD,0.03397205438232709,Dutch,0.47794892221602314,0.8050416028013778,N,1.8361188873401597,45218.6270936334
b1203ed6-31a9-42e9-b3a1-61384a0d18a2,1-1,1,262137,708574,19563,247,0.45472105652180683,538,44.253018910479085,smartphone,0.6880320995987558,professional school,0.959557595464947,English,0.1565945049725137,0.681537623309865,Y,-0.2019612665334447,43414.060254267046
a1f22d02-0b2f-4c57-8736-0957dd153f8d,3-1,0,541336,135009,43413,259,0.15230384021371518,888,41.47767664106289,laptop,2.164983234823138,college,0.3817011625453406,Dutch,0.33197275666720305,0.5903289034438146,N,-0.2721177163511823,42757.96579539293
036b67f1-2e0e-4bc3-9616-c53f4bdeebf6,2-1,1,970478,498551,105957,248,0.8158767082027805,556,34.28747695807821,laptop,0.9490842484534333,college,0.3467125817069461,English,0.22632374977273606,0.4030815504188505,Y,0.30594614930557174,42055.186516795744
f50cdb0b-d082-4ab1-b5f9-17fa8540795c,2-2,1,943006,721149,106392,139,0.5190059517399661,1245,59.166268246246304,,0.697785542393264,,1.0783981125263902,,0.46444416661710086,0.7056453676588915,,1.3188601923875432,41776.51625503814
026078fb-bbd3-403e-9003-57ef39309521,3-2,0,95370,627891,142165,133,0.5510324217639487,657,46.99817270130417,smartphone,0.3308431027381389,college,0.7025702480688975,English,0.7124756132037825,0.36584676160009666,Y,2.8424194029873626,43934.38488907028
20bc2c15-8c8b-4581-89b1-ce290be145df,2-1,0,985655,379401,63476,108,0.6267251537381652,598,58.052462968303075,smartphone,1.1854215585427486,college,1.4621580662433087,English,0.4044422449024266,0.5909536697947824,Y,2.7154878011199126,45522.37655204335
74a79217-122c-4027-92e4-05a4e5fb0b4c,2-2,0,237186,212323,27345,279,0.42863991871263624,908,58.05740571585841,laptop,1.2057032976110862,college,0.06347344344629235,English,0.5107704833837033,0.6303481033337827,Y,1.1981466530970935,47421.06427987804
7a5fe584-0426-4d55-b8b9-782fdd635a86,2-2,1,205078,128136,66044,344,0.5011949863275256,1092,39.460327314824546,laptop,1.1570280734309542,high school,1.2626040110736436,Korean,0.5365769184379694,0.7428410751516098,N,4.214284518511635,41661.52090862873
801b0890-5265-4faf-95db-452ce047f74d,3-1,1,473626,1010179,120229,287,0.5192864629906375,1317,25.783713045946868,laptop,0.8889666930200202,college,0.11864410660794511,English,0.34903165102117506,0.21369111623579762,Y,1.2324612779788946,42366.08406240696
f21d665c-a1a5-47e4-a82b-fd8cf0b24f43,2-2,0,348058,1005415,6335,106,0.3315234701910394,393,49.15039127193456,desktop,1.4170902437589818,college,1.55623196711528,English,0.4835745759535551,-0.28851231553235834,Y,2.2782179864920895,44004.43647318659
984a4027-117c-4a02-894d-deab7ced44c4,3-2,1,225838,546461,96043,267,0.7815002941752225,1020,20.426776728776694,tablet,0.5105033090134719,professional school,1.3300104327398734,English,0.502782856722481,0.036360861168711234,Y,2.574198813941753,46349.09215014079
b90659d8-9551-41ca-b0f5-deaff4b679a5,2-2,0,144407,80637,86799,260,0.18995826998580279,1316,43.21285655231279,smartphone,1.1662940480604038,college,1.3061684335950248,English,0.3350692949210812,0.6463718076846183,Y,1.5473334390558933,41563.5161203409
089fc400-90dc-483c-907e-f7143fe77183,1-1,1,528006,543455,138604,154,0.4244840361122855,657,42.315713727480855,smartphone,0.7070820487975168,high school,0.6592131824078333,English,0.6323842860675665,0.7075642551134066,Y,0.23198302047708563,45468.002589236086
44e64898-8cc7-4234-86f8-f68036f35eac,2-1,1,213145,336157,9157,257,0.49297998295476547,924,30.081803253126466,laptop,0.6821163155409484,high school,1.1935148490159655,English,0.5393459529458029,0.16828039172889836,Y,1.7648347742759383,42761.83868939838
95be5385-2c68-450d-9591-83bb9246442d,2-2,1,682752,766714,27425,159,0.40765233401591716,963,40.013123357696784,desktop,1.8795020787325059,professional school,1.1487967064572124,Norwegian,0.5262543004824519,0.33053623299420376,N,1.9864581310557943,41857.763591911
fc04e88b-4dcb-4ad4-8171-4e21fe5f259e,2-1,1,720896,89014,31570,122,0.6525014726854286,470,43.625655071134936,laptop,0.7478529369527511,high school,0.49926901179039207,English,0.5436853804427918,0.21914612794439453,Y,-0.23932442078512195,44266.782377492054
bbf1911e-20bb-49c1-9bc7-c9103f55c169,2-2,0,550497,959182,568,174,0.76224580663747,784,18.24650517339901,laptop,1.9074170945003233,college,1.202099683759592,English,0.7417870015774253,0.21025295764808016,Y,1.5858406207825873,45844.96304839236
ebe32dfe-f98a-490f-a017-f2872a47a1af,2-2,1,837418,691606,99387,359,0.6247086569498389,1198,54.4949777211892,laptop,0.8780716472800756,graduate school,1.2446103677645266,English,0.36260552876706537,0.716462102388562,Y,0.8531343425688742,43121.78460006447
63cdd570-1369-4f2b-9090-d5b6255c51d2,1-1,0,172986,787108,39245,246,0.6629300722765219,932,21.75239319924438,smartphone,0.6002567411250446,high school,1.1372979671576158,English,0.5396073043265066,0.8950854770712087,Y,1.145190101372195,41791.76322885639
1d254f4a-ccab-4a27-8b17-ee0f21b472b4,3-1,0,788372,658347,120986,156,0.5503884690413107,683,40.19520290292344,tablet,1.3462872557775436,professional school,1.3078730388770865,English,0.5941262783069294,0.9104971512496206,Y,0.6548301409481385,43208.17173911595
11c943dd-a2f9-4e88-814c-7812318b5999,2-1,0,34825,41243,101212,318,0.23258280160925104,484,24.788060833383888,laptop,0.856863186117529,professional school,0.7977692053361767,English,0.2434407680297468,1.0039789939236736,Y,0.08181528009798411,45437.95971351773
fb6a141a-25cb-4495-9b22-48bc79dbd24e,2-1,1,987542,828161,92080,148,0.23621683924527787,360,35.21319664366615,laptop,1.7562696457222582,graduate school,1.5631135879422775,English,0.5518603581635877,0.49902929367941384,Y,3.1952751309438554,43081.50970156166
422c02a2-c457-4a5a-83be-bc1fb038be39,1-2,1,663424,430135,58007,152,0.6233441909533283,835,40.00897139293157,laptop,1.3674986234473097,high school,0.7262663037374041,English,0.24660257178160688,0.513005740969296,Y,-0.19550132635401152,43683.87571428442
d1ef7d2a-2a3e-4130-968c-2fbc045ee618,3-1,0,588621,383434,49550,144,0.7541862493274134,1161,25.018254157579786,desktop,0.9643037471045348,professional school,0.6315598484626529,Russian,0.6324372780904207,0.6669088061875463,N,-0.06062707382614785,43056.86322186435
44b8d6dc-2654-4d3e-8ae8-d34908f2fe54,1-1,0,897438,198782,124764,228,0.7356097247366817,448,40.30804320672736,laptop,1.2656680796151576,college,0.6724475428963408,English,0.39036485136806115,0.7514572161170952,Y,1.387050995222605,43125.10325517594
93dbdc35-b0e5-4dc1-bd4f-0a15eb5378a2,3-2,1,715723,283518,106199,232,0.6903559151022927,451,32.82476702058485,desktop,1.236425973453543,pre-high school,1.0254190589131935,Vietnamese,0.7088579094504015,0.2225122226769506,N,2.3956583838636982,45101.157736896275
c0906133-d1a3-492f-99a2-6e5a6c56f767,2-2,1,1001916,458517,74143,312,1.0427289036123943,1326,33.86626587930154,desktop,0.7421127086649792,graduate school,0.9523069976015568,Norwegian,0.42158046184710485,0.6590430512803104,N,0.9904697347102787,42920.94313377949
fff115a4-7e00-4376-888b-03c5bdee5f3a,2-2,0,502402,235253,17846,346,0.6227595025251803,376,3.6672836304956107,laptop,0.32685481160231056,college,1.5030252400724686,Spanish,0.5305195506223469,0.43671603213858307,N,2.4293010669369353,42758.852713095584
ad4c12c9-5088-480c-ac6b-07b6e44162bc,2-2,0,54036,740435,16985,245,0.5341682559736072,632,48.37535225707222,desktop,1.3410201282322953,college,0.7555550819075925,Norwegian,0.49326988601421007,1.0575284550877493,N,1.4724068017402945,44311.421132727715
14d4cd1a-7cba-4495-91d7-47fd9d0990e6,1-1,0,367788,984172,102178,150,0.23978922512122225,588,38.453857076769566,laptop,0.6698726661354393,college,1.3089258166056572,,0.33441998297641,0.5777299775958108,,2.815273066623171,41462.99537469646
2154a0f3-a816-47af-b00c-16d398859afa,2-2,1,900460,723881,5182,195,0.5123732377558643,473,32.03282585202083,smartphone,0.19898495364174873,professional school,0.05741995256002852,English,0.4671009091553876,0.7296374254702828,Y,2.463229190383445,44931.764493037605
41f5530d-ed72-4608-a119-a71dd31aaec0,2-2,0,366415,75854,134703,153,0.1742713465768791,1208,38.91538652982134,tablet,0.6512004886854283,postdoctoral,1.736194998379116,French,0.3533813377530449,0.9986571512905666,N,4.2244656588976435,46967.60762398899
9bf41690-b2cc-4709-964d-7c21b856bbf8,2-2,1,80127,428880,100057,368,0.6941461805715747,684,49.221541950266484,laptop,1.3654253183870135,college,2.0333059959654225,Romanian,0.43563010182289935,0.2148572248462094,N,3.1099973795842564,40804.0474068244
c7962751-a043-444e-807b-543a4b17b012,2-2,1,246499,650745,107700,337,0.4077860262704635,774,20.734367708190945,laptop,0.7420085817723285,college,0.5253373009393514,English,0.42629571915252434,-0.14307586001668482,Y,1.3648272829200685,44210.43546857196
82997735-0e98-4a00-bcf1-f2f0aafb0705,1-2,1,410891,747168,135511,235,0.29281341273050954,1118,50.58381845532135,smartphone,1.20062958581322,graduate school,1.9137361544400275,English,0.08108035687932758,0.5627335190508671,Y,2.884083613071786,43078.03902021817
24aa2b4b-800c-4a4a-bac9-727b1065e142,1-2,1,90960,926063,22994,313,0.616015013486379,899,24.778875865341305,laptop,0.9156226176758788,college,1.0934351549858963,English,0.4760570276892244,0.19445041704519322,Y,2.1910633902054975,45486.948843023674
eec0e61e-7635-4527-a83f-977a09cafec8,2-1,0,1018145,630141,60351,216,0.6244071314835816,727,24.630803588691506,laptop,0.8799021357918761,high school,0.7320525924712372,English,0.46123650574973907,0.7119369391682044,Y,-0.2825821702033924,43206.831182511014
1807eb20-6d3a-4efc-a8c4-8901ef1fca5f,3-1,1,441248,163596,25325,213,0.6578390932358227,912,32.638261985893436,laptop,0.3454994365132702,college,1.3613902020361115,English,0.6283951702285628,0.06037460943017481,Y,3.353460547772775,43359.65508821987
0c06a58b-c629-43ce-8f6c-2a140dd88b66,3-1,1,310477,162332,54564,322,0.3034042075845356,1113,33.39854089674332,laptop,1.1449013784632727,college,1.6056563909186474,English,1.1027973818647427,0.7587533498400689,Y,3.8770610784485577,45031.409399393546
716744fa-dda1-4423-a78c-87e4633852b3,3-1,0,959112,422280,78137,243,0.5732293678512441,547,33.79705176502997,laptop,0.15924781313194403,graduate school,2.145717266094726,English,0.5674317391743207,0.7969182353196353,Y,0.44413450989546654,44077.11995481769
f74db555-3110-484a-bdc4-b09f6cf1c720,1-1,1,154241,543030,61091,330,0.8131620796949317,890,19.29608481300874,laptop,0.8002252200668326,college,0.7290703750844181,English,0.17426601420418458,0.32577025421491024,Y,1.5756958564565517,41510.540848146964
2de720d4-ef3b-4064-9437-2886a4fb5d23,1-1,0,410792,528590,110958,346,0.288746969537117,1278,38.96466581958316,laptop,0.18650741007381144,high school,0.27975042894161617,English,0.6881221445445022,1.235773647064851,Y,2.311865178503984,43403.106172959895
b4649c6a-01ed-4f21-be3f-a0f29b97fc1b,2-1,0,884524,384341,8665,213,0.5294621446845277,1280,9.71056771458781,laptop,1.0589294177917727,college,0.5223721230816959,Dutch,0.6734586141894665,-0.2244116936325964,N,-0.032986320164902994,43224.293402984695
4f60135c-1cb1-4fe2-9178-b628b4c417e3,1-1,1,644029,359877,54773,316,0.6914960211042473,732,21.5865230392577,laptop,1.7236572244944726,college,1.066711445779517,English,0.7040304328744139,0.9602862768222781,Y,1.76299097943709,39322.88692266247
790f5896-c569-4e73-b88b-b931b27dc799,1-2,0,688771,879988,95321,333,0.43859912821629965,603,39.01045682580686,smartphone,1.025919827981663,high school,0.7516924480144695,Dutch,0.33982342986114034,0.3991818229633347,N,4.4136876847743345,43483.053912016
63bc2403-a08b-4c51-8b2c-01e6cbfd54d3,3-2,1,161165,731784,6605,188,0.5527877693470786,444,52.85478620122438,laptop,1.8662454345815624,college,0.6589330782626845,Chinese,0.3072535763352666,0.2857190671385951,N,2.352258807667591,42748.538243720024
fc06986a-ae94-4241-b930-3b90075bbcfb,3-1,0,166336,388862,90715,238,0.13456330330939958,1009,21.967199890565176,,1.1439686992332903,,0.5242867109990617,,0.21777283857764373,0.5048004205036178,,4.269414817374133,44103.071793060684
9ae62339-ac5d-4e6a-bcad-c0235c043cf9,1-1,0,858401,310429,11873,282,0.7535427511457639,1435,16.09003683258916,desktop,0.497084251547929,college,1.6664637839446206,English,0.4657440156258623,0.7394139527133009,Y,1.8073804473518995,43348.43485242634
ffecc92e-4523-43bc-881f-86a60ec0cb05,1-1,1,271216,399502,117100,281,0.8210667211949685,1085,18.559064111393788,desktop,1.3612033152431504,graduate school,1.418084464025615,English,0.8404867695458662,-0.11610446963595211,Y,2.6653498564108,44521.83293938453
2f391d00-fce2-4b0b-9e09-e98753d78adb,2-2,1,916414,448117,126075,361,0.6648005522202178,421,45.627383344275565,,0.7841639567824198,,0.9287357726514262,,0.4874796273070758,0.19566071358964277,,3.4622682590128515,46465.67653379488
adec7fbd-3153-4612-846d-2a4183f03202,1-2,1,536883,705449,66105,238,0.2401357231718369,808,34.884883650147046,laptop,0.7498192853281689,high school,1.5035077129903864,Chinese,0.492028125219772,0.26154303855768857,N,1.174154378449413,46035.20507005058
dc68d578-d73f-4d91-a515-6a5569f35516,3-2,1,930578,640182,74736,181,0.6138055166685401,776,9.447309969448185,laptop,2.012153175137727,college,0.9448991137347574,English,0.32407708634462823,0.5156429441273993,Y,2.7605624067428605,46425.34565230164
a28f6ad8-3ed2-4ddf-bee5-0ab05da1b6ad,1-1,0,76437,857173,132882,191,0.2402254681024697,1262,26.448434823749352,laptop,1.513937605522254,high school,0.4394402647763679,English,0.5282641357492192,0.23624022091006636,Y,1.8874414944333404,41238.659835538725
f33ac1f3-83dc-471c-9b3d-dacdf51395f3,1-1,0,656906,930638,76963,204,0.9480376805460657,1109,28.007834347385558,laptop,1.120642107805962,college,0.27762512882330337,English,0.3523533367257683,0.6254221925865768,Y,2.202475339756479,43487.43451590203
20bc2c15-8c8b-4581-89b1-ce290be145df,1-2,0,132034,25603,96508,264,0.6400823727437885,1151,9.842236917801735,smartphone,0.5934789151105404,college,2.3106178649052156,English,0.2218043681447857,0.41516531585176475,Y,1.866571159825908,43659.43708054852
c94dde40-5c1a-4071-8a82-d9c9e525ddbc,1-2,0,752684,995832,16777,221,0.15015553173664564,1405,18.987685731673682,desktop,0.891657548266037,professional school,-0.27126857548303884,English,0.7251630734549345,-0.23204004808495804,Y,2.470686743492208,39519.67374723056
fc04e88b-4dcb-4ad4-8171-4e21fe5f259e,2-2,0,395285,657161,56136,167,0.3554875302918076,698,38.89531795758061,laptop,1.1348243213771185,high school,1.6516019083458666,English,0.8933753916703822,0.8032040135259724,Y,0.3783244826598424,44142.44041775342
bbf1911e-20bb-49c1-9bc7-c9103f55c169,3-2,1,809402,12201,7728,237,0.45976453741735845,1415,18.795767716863367,laptop,0.4150240645431834,college,2.1195144533542507,English,0.6463152651684518,0.5456108211305639,Y,0.38275151762338444,42831.45932466193
52655f97-f8e7-48eb-9269-d5ee71ad6db4,2-1,1,93348,584946,68804,256,0.4584930796541929,1346,16.14949724702093,laptop,0.6177803418573045,graduate school,0.867596598328214,English,0.42234595640008304,0.9457877585197096,Y,1.0190863460923203,44288.544382937966
7a8f85f2-03e4-4714-995d-c15403d9d38b,2-1,1,646733,308324,1074,202,0.532710092293467,1093,40.18896805594862,laptop,-0.1374333869407871,high school,0.9075845857594429,Finnish,0.4549432857281371,0.13910828533480907,N,1.8449805022118944,41224.829428194455
b038618b-9b28-43cd-b9c1-ac984372d993,1-2,1,929456,610738,77543,118,0.25294252711083653,966,43.02515760567835,desktop,1.4236869317545071,college,0.7308760745482015,English,0.5999608655367907,0.20818681250218657,Y,1.2222002242458592,45232.638379961565
adec7fbd-3153-4612-846d-2a4183f03202,2-2,1,646666,30897,32175,138,0.1378409143687438,1154,62.980805041697266,laptop,0.6031497697636149,high school,1.8731401127561589,Chinese,0.423698288080429,1.2112726016222344,N,2.569470241765812,44718.4352944212
1d254f4a-ccab-4a27-8b17-ee0f21b472b4,3-1,0,595351,397157,108631,151,-0.01852157140524313,883,14.743594437397075,tablet,0.5909196601618717,professional school,1.5321411574297565,English,0.5021508480704919,0.8522728477139595,Y,1.7761643485175298,45821.26639292855
16d05f08-7a7f-4b5e-ac3f-b7a64a5ec349,2-1,0,320861,569141,50572,364,0.31457831455246,536,30.16571334001278,desktop,1.2094875723937273,college,0.4897201339432169,English,0.7488440711312291,0.21576966818818183,Y,1.1335037955331457,46205.019698933014
94d5ae9f-66ba-48f2-93d0-19cf5aac6a3f,3-2,1,309193,246735,64455,232,0.5892858411831207,320,52.45525123193396,laptop,0.5915928175392196,high school,1.2658665952310517,English,0.1564091625150999,0.6417030500447012,Y,2.009047742556401,44266.04242306015
27d0e742-13f8-4911-a1d6-42cbea5067e2,1-2,1,167973,973796,59422,237,0.5800785861529504,998,42.27768873400544,,2.4334520484137085,,1.1480199989292525,,0.5309897715003838,0.3218190622136704,,2.6654074598995505,46295.93225656187
de7bdd42-441a-4961-a547-2ccd7ccec379,3-2,1,649424,140688,40901,258,0.2718549679227497,533,29.044840444385976,laptop,2.064337515804964,college,1.4628409578793498,English,0.44448901631763993,0.7308190844463907,Y,2.4414067243793234,42421.224763729406
20bc2c15-8c8b-4581-89b1-ce290be145df,2-1,1,443609,330078,134655,132,0.1889325167615925,452,17.458679795825656,smartphone,1.922689362940791,college,1.247370817338984,English,0.4560449128682946,0.4313446910738574,Y,2.468332933674543,41649.851375910264
8d39576d-2b3d-4eb4-acfa-32254991618d,3-2,0,365448,276832,103109,323,0.00759733737676932,872,42.629262160760845,,1.3246618308040246,,1.7150262688697198,English,0.838512365500985,0.6260172338237164,Y,0.68880339397913,43246.786180997806
154c0760-9c47-435f-8335-5f1178d12e46,3-1,1,792225,364797,50034,333,0.42420404048757787,1030,36.09430329751623,laptop,0.9783022231974893,college,0.08085265083452808,English,0.7188252294741129,1.653374738867466,Y,1.374762498166989,44676.427079227215
2fbeb59b-f93e-4073-8132-de082fdbda03,2-1,1,129444,873467,29338,281,0.7464245204244268,789,23.901270961494703,smartphone,0.9598618553748732,college,1.4182845507709065,English,0.16513607445057943,0.8460947704032569,Y,1.5355954506230067,44130.091492498126
001d6664-0e5d-401b-bfd9-c2985739e2ca,3-2,1,219902,734771,2726,168,0.6136100131416139,1073,29.579050546963405,smartphone,0.10774614836996133,college,1.088756403809462,English,0.04744535855744686,0.951699821438456,Y,1.3792720492603716,45042.46660758684
34604f27-94d7-4af3-9b8d-7c9fa836e7cb,2-1,1,647625,835704,55214,268,0.47109975682766814,964,57.27975979976583,laptop,1.1930625589076385,high school,0.9701307173694526,English,0.3947642365466628,0.3051729637898848,Y,-0.3193745905504257,43175.037784930006
020bf19f-ab82-4c2a-8fb3-fbaab33412fd,2-1,1,994240,914567,136784,270,0.9226042818548279,1226,10.379489389148201,laptop,0.947459890157293,college,0.37133860963831145,Russian,0.7085881917073642,0.3834559483113511,N,3.95895320844903,44925.006636110535
388d3669-9c70-453c-ad4c-0d18eedac5f9,3-2,0,852349,137894,49701,129,0.27317859184965,827,6.52875948153185,desktop,0.07875767922625532,graduate school,1.13541179892266,Other,0.5886174681152901,0.14599926360115634,N,3.602813374511566,41270.33993339293
95331a06-3cd7-4ced-a1f9-7baeee03847e,3-2,0,186553,61360,535,259,0.32894273600960017,1112,49.49876010060802,laptop,1.4991158653066075,college,-0.31694353122244734,English,0.7711846129961697,0.05980305701618155,Y,0.23914456658638916,43421.05225843314
b95563e8-9d70-4aee-8c29-b2d677981d92,3-2,1,712261,480525,53040,281,0.46741065925402436,433,30.670618049767725,smartphone,1.1455915878347378,college,1.1339871797526069,English,0.5374765807982065,1.0307149325162557,Y,1.2839310046449188,42343.79899482104
adff123a-e9fc-4289-89bc-8002fb8bb5f6,1-1,0,112299,250199,42011,199,0.7076267919727943,985,29.775625990999565,desktop,1.127116541814062,graduate school,1.056492872800906,English,0.5462467805723729,0.6611476105694305,Y,3.5214541631104277,44191.77034194005
0939d037-9073-4b45-beef-4b1a9cb29fc6,1-1,1,399306,192960,117322,199,0.4031102908714386,842,33.06144568959219,desktop,-0.4425387488275272,college,0.5568941107439132,English,0.6155584694307522,0.2976025487941797,Y,1.355200468492464,45437.56672791233
5defc8cd-7312-4744-9ac0-ff39228637ed,2-2,1,638106,634182,4901,167,0.44485440055543934,810,45.834623748973655,smartphone,0.5155707312454573,graduate school,1.1124221922964181,Czech,0.49416320496216315,0.8942033411214055,N,0.43939810914087785,45656.443045903194
03f385b7-6b1b-4549-95f3-1d999b1df64a,3-2,0,711800,586631,125119,157,0.5300418562739785,881,17.902965579320988,laptop,1.4674307064389298,high school,0.5185653169951084,English,0.6654253609001699,0.11695077355733491,Y,2.748911452660966,46909.40301831369
27b4821a-e017-4740-b5cc-429d50c88f5a,2-2,0,626825,68815,82555,345,0.36675473962569294,693,35.60329458019173,laptop,1.0569701289198556,high school,1.860608651551921,English,0.23551411014304563,0.8341723601613231,Y,3.27426668097145,40324.93403774616
94001a0c-b948-4223-a92a-eebe14c48d2f,2-1,0,807984,246642,83059,246,0.7551914698110683,687,28.925181767372305,smartphone,1.2801357228549015,,0.8629998558387704,English,0.32978168738903835,0.13494369728430755,Y,2.113965540863136,43460.002840953624
08e0c3b1-652b-4be1-b8fb-e30789efca15,2-2,1,389083,419184,112081,288,0.5177900124502438,831,29.523183572009625,laptop,1.5304889543414402,graduate school,1.1806154956506258,English,0.3128102784270514,0.3727921607176656,Y,3.037441830764106,45275.797044269435
b8f4ca6e-e390-464a-8d7b-7e81fcf0227e,2-1,0,487346,462486,135790,305,0.8622653954687336,295,23.777162151956375,laptop,0.5375415605728365,college,1.0625288544789862,English,0.6196310280875312,-0.09832067710038761,Y,4.208132187997297,43524.68242943978
c7962751-a043-444e-807b-543a4b17b012,3-2,1,341508,712215,28119,140,0.7905793240579775,326,44.91491175280689,laptop,1.1127481386584006,college,1.0348940833774352,English,0.27775539155860396,0.9410027072501148,Y,1.5839707750713417,42368.75691729401
16d93a7f-b378-4f6c-ba62-8e7479afc2d3,2-2,1,299599,309939,138443,180,0.7143730139011346,1031,32.906279159924466,laptop,0.6496011142822326,college,0.1041890337845286,English,0.6079981475897233,0.4169547107091958,Y,2.950848862091923,39917.41583108246
9e9c021a-b55a-4aeb-af94-847d6d457b62,2-2,0,391923,498062,134167,258,0.4785068579097255,976,39.3783987854419,laptop,1.3989756983335564,college,1.0059069477891465,English,0.6091405240954391,0.6709991678817568,Y,1.6582362974763496,44743.74239857978
c5f16c37-1a33-4562-9996-0f8262566ab2,3-2,1,279226,293737,48790,252,0.6069119305554658,870,57.95302308350871,smartphone,0.8056728105750011,college,1.0830825551015744,English,0.6792868804709746,-0.5758493216055218,Y,-0.10110428884302225,45606.99791158239
4f197cbb-93cc-4852-aad3-46d35f809f47,3-2,1,924897,476929,49678,185,0.5478952724287665,1346,36.86568417557635,desktop,0.43521268196593854,professional school,0.8686031100974835,English,0.5427880722145026,-0.08750408425624112,Y,-0.26489596398895543,43016.688704914515
e8229c81-5d49-4981-abd0-3f3478f9567f,1-2,0,753144,349901,99625,265,0.3533891558023027,756,29.190070961989974,,0.2043348784386051,,0.5329855626310689,,0.5810469008379155,0.5776082746621001,,1.3905227041917618,44245.48834796467
8716e0ad-f17c-4c46-97ed-2c9643a576b0,2-1,0,180158,281819,104563,280,0.5440992156333636,1382,34.58886782367495,laptop,0.6384543778148575,college,0.3140877164542544,English,0.8205242487578691,0.5445896211969224,Y,3.5401143825180252,41641.106658551886
0e27148e-216f-4fe9-9572-c1317d616ac9,1-1,1,909063,141853,21577,108,0.9700959794651067,869,21.16310511082898,desktop,0.748389196584327,college,1.2729097286059081,French,0.5390672452332457,0.7190890635928877,N,2.231215117808018,47077.01082810131
05a92b52-f72a-42f9-936c-9258bf385bf3,3-2,0,41393,162930,142874,285,0.49209940941077907,1047,60.09146094713947,laptop,1.2902505200423182,graduate school,1.2148261871894852,English,0.557917982571305,0.7551560898158141,Y,-1.926415666271616,46209.807910701544
b856a7a0-694d-44df-84e5-7df262774187,3-1,0,161881,557806,83300,216,0.26598859104468814,1363,22.233813754326484,smartphone,0.3045359445554032,college,1.537431811840873,English,0.6856046287099354,0.6175253453611353,Y,1.4167627408134467,42852.51503741954
722b0462-7e9e-4278-8d36-9495f6928afb,2-1,1,356787,237831,24783,370,0.7279414032336367,954,54.062826226882834,laptop,1.3398723681226845,college,1.2293160354019157,English,0.5181114555928021,0.7015510990989307,Y,2.3252488429566665,42851.5354720639
f01af761-d426-46f0-ac95-33b120cf9e23,1-2,1,639368,2862,16362,223,1.01827912490787,600,29.47776380151539,desktop,0.8767912615909846,college,-0.21610521460108534,English,0.5264216240230284,0.18107950815441648,Y,1.634851580127666,44614.61410563404
512ef0df-48a3-4796-9919-471f50f25df1,1-2,0,414222,572025,89227,251,0.7287355802006688,1421,28.911180684186448,smartphone,1.4123072108997725,graduate school,1.8186072928010124,English,0.2245313014311367,0.4284770051182156,Y,-0.1796984830374606,48727.27606011644
14d4cd1a-7cba-4495-91d7-47fd9d0990e6,3-1,1,993641,688053,65867,164,0.3552472656317026,373,52.419216330810656,laptop,0.7204432776085768,college,0.48764859285502704,,0.8454412477132287,1.1146881539500129,,2.575585916745065,41846.61815115745
f50cdb0b-d082-4ab1-b5f9-17fa8540795c,2-2,1,192083,475959,1220,189,0.36922682377219196,1296,39.5110930674879,,0.7899042509972158,,1.667636784676698,,0.5024527055627297,0.045564523033215454,,1.4592278214949872,47753.68243814231
fdcd623e-9c2f-4ad2-9d62-6901fea13049,3-1,1,44349,425498,19756,165,0.5348702901976903,428,10.175562393805293,,0.5075156432413368,,1.0796807161102346,,0.31916352635003997,0.6462651067638383,,2.519678395298995,44026.920357487405
c3cdf4d1-25d4-4f2a-b532-6b0cd92d2e30,3-2,0,870538,758597,42995,258,0.279021883071272,708,38.71069904234634,,1.8433260406275975,,0.6978137191496505,,0.5399177965238787,0.8809571785532824,,1.1838286459168803,44814.10074861644
692642eb-92da-4af7-b9c5-d9e588a1cbf1,2-2,0,433827,820820,46618,136,0.3371893747049246,1197,16.54702352642531,laptop,1.4726619752191605,college,0.9689851360390895,English,0.629098302428318,0.16794495344441818,Y,1.8568333734643456,45048.459173902746
ad4c12c9-5088-480c-ac6b-07b6e44162bc,3-1,1,621411,4212,114183,300,0.07081838393032325,805,29.18401502490395,desktop,1.3755186583239183,college,1.2739510991010157,Norwegian,0.1398072819766017,0.37962411955449116,N,1.4765581491459692,46452.191836159065
fdcd623e-9c2f-4ad2-9d62-6901fea13049,2-2,1,789751,420195,80581,340,0.669038956328545,429,15.115918537588193,,0.370948549689901,,0.75199654341489,,0.511271141991613,0.23566381555088822,,1.0939951518628697,41807.54485825541
606ec9ab-33fe-4f7e-9330-c0c5d30928c1,2-1,1,69005,633183,74540,296,0.2225453509414767,1242,51.78069983591961,laptop,0.32171963971215023,professional school,0.484179282930839,Standard_Hindi,0.8256131171899255,0.7365557376243208,N,2.323372613995149,44442.21041981035
332f3d22-0b01-4c63-9df3-aed8cc851469,2-2,1,844620,658142,95539,346,0.1181319876145121,1257,46.17265451948761,laptop,0.41546537006587647,college,0.7083987774883764,English,0.7154518358582025,0.824686421835872,Y,1.6065849477367216,43351.84443716602
a3dd9852-6cc5-4893-a6be-e0eed5e53e52,2-2,1,413268,485685,39880,317,0.6317599143242195,510,26.985674854943728,smartphone,0.8438126870223329,college,2.067979152996897,Other,0.3649212154560205,0.2829674569737233,N,1.5555374192665592,43057.59451939852
c4d4c7b7-bbed-4695-b98c-0b5c48e29abe,1-1,0,100014,448928,41778,179,0.4850096901705868,864,47.53439515309819,,1.9637372066587548,,0.76829773095178,,0.46203160039305724,0.5205218343411359,,2.734678574024546,45516.95482769104
08e0c3b1-652b-4be1-b8fb-e30789efca15,2-1,1,833449,682905,98561,160,0.6047913952949948,1332,34.96253383382526,laptop,-0.5154283888789182,graduate school,1.711940998281202,English,0.2567932479121994,0.5552340862570705,Y,0.24453444934367052,45046.49568063895
05a92b52-f72a-42f9-936c-9258bf385bf3,1-1,1,312885,713520,54699,259,0.8342660634298309,722,32.487565697631084,laptop,1.8356406045660274,graduate school,1.308706088991973,English,0.502452120266537,0.2746164897315454,Y,1.2735507635274952,45654.183140699795
336708c2-b201-4f59-803b-092eea309d6b,2-2,1,625815,21327,70692,199,1.0474673668405317,1195,37.16434923703375,tablet,0.8490968745914351,graduate school,0.9555696965176965,English,0.2930082835555532,0.16226339207612583,Y,1.8314025633909894,42548.58815818555
529af3c4-1f6c-4ced-ac86-165cb41a1629,3-1,1,707787,663839,98427,303,0.4909920930599348,589,33.7687348077348,laptop,0.6493395112254194,graduate school,0.7890596801519465,Spanish,0.675999098454962,0.47080904410589514,N,3.5779250904846984,43040.03651826096
ad72ff21-0001-4c71-9657-91f0af317112,3-2,1,338672,934544,123204,378,0.41923166814621105,496,28.908716935598648,desktop,0.5658502120386835,graduate school,1.2150376910143699,Other,0.10444989061298043,0.9168288536820492,N,2.4690538479615043,42112.26380076037
bafce4bd-e4e4-4d73-8424-2a9343c52f7f,2-2,1,569382,21463,142844,312,0.5022928730321733,400,23.792552074753146,smartphone,1.5404546672128545,graduate school,1.3547034192477276,Other,0.1441437056763199,1.1099655863074438,N,1.1626584763526497,44548.76347717943
fb6a141a-25cb-4495-9b22-48bc79dbd24e,2-2,1,23363,984440,83918,340,0.6258282766296417,828,23.344392565489223,laptop,1.0085408438751418,graduate school,-0.011194088045882955,English,0.7447852737948913,-0.13146878057975508,Y,2.173264134286111,45130.797822281434
264b7cb3-a20d-4fe4-9f75-2a0dda8f6300,2-1,1,996043,48624,137861,322,0.8974074371800055,810,44.81061492685176,desktop,1.5941640820883198,graduate school,1.4541933862274785,,0.5735996171225307,0.6744995598353146,,0.6728902097945839,43921.3311036039
bd594697-306c-4969-bc64-971a4c6a795b,3-1,1,975975,185081,124245,133,0.5225969953964937,1439,46.48541282432984,desktop,0.10234621183971493,graduate school,0.6943144938747104,English,0.3479913046869415,0.32826252908962117,Y,1.4671599830387527,41179.60612152711
023c99b1-f32a-4d79-b5d7-197ac75591e2,3-2,0,359736,907074,24268,212,0.27546374647565386,835,54.30999997154973,desktop,1.0133776630313287,professional school,0.8355916507619612,English,0.1488317909024004,-0.22335311735279728,Y,0.7649127528465997,44377.69762409532
15a5a588-84f1-47b6-8ff7-3b5dd3065df8,2-1,0,60391,928013,101695,366,0.5552230307756263,516,21.378326456869637,laptop,1.2724851416031369,college,1.1474351022288378,Portuguese,0.4443831028059903,-0.25198471953972945,N,1.6027159363560022,42356.52335246525
6e1bdd21-d51f-4497-a684-654edc44a6c9,1-2,0,924387,72491,137370,215,0.5058275628015998,738,57.497645926497725,laptop,0.786123770225469,graduate school,1.0782098665399484,French,0.5319313262284633,0.5041556109183036,N,1.1430762339464002,41707.88147559161
fc8fca36-1e38-4e4c-9112-621a6a9471e9,3-2,0,954900,26921,66253,229,0.4213532429362199,628,15.445757592242455,laptop,-0.0994224951889644,high school,0.9915290490531639,English,0.6492073106189282,0.5248389848975157,Y,1.3927167181423585,46702.63433100298
ebe32dfe-f98a-490f-a017-f2872a47a1af,2-2,1,96903,915119,31847,361,0.67661283426664,1426,27.740633105775846,laptop,1.5594117151121845,graduate school,1.285134354554232,English,0.3194846894720177,1.287144619429269,Y,1.387750113815687,42151.51356245973
9bf41690-b2cc-4709-964d-7c21b856bbf8,2-2,1,627506,207583,129200,340,0.45322163276079014,768,34.92650400186481,laptop,0.5010442821739309,college,1.545286380452056,Romanian,0.3093655047421738,1.1020268442428094,N,-0.41593432351464354,44377.0673798231
c2a8d24d-9630-4151-8175-0b42eb1aa9ec,1-1,1,200773,432730,72515,143,0.3837331846983533,912,19.73979822847594,smartphone,1.5401188106482584,professional school,0.06342561639339939,,0.5518672171523864,-0.17139764217667186,,1.0530587246508925,44043.37039353626
f0cad925-aff5-4a6c-a8f2-4a0eaeaa248c,2-1,1,364047,208330,55637,231,0.4713096859525781,880,21.253186175600952,desktop,1.0084853019307816,college,0.30030521783839204,English,0.3537773204354465,0.09247056649967922,Y,1.612957871990921,42663.81364818636
433026dd-691b-4cc9-84a9-07dbfdd8a56b,1-1,0,787986,218865,14764,113,0.03538287500008508,455,39.237084043814114,laptop,1.345168346518718,college,0.9832018203253474,English,0.3899971845783472,0.9435149169052357,Y,1.927124444149747,42935.55316367204
f50cdb0b-d082-4ab1-b5f9-17fa8540795c,1-2,1,380694,920056,56165,253,0.7050024623020845,751,29.67164027412377,,0.860631190657609,,0.9992501110669124,,0.688468941286058,0.7471078600772647,,0.7237201795065695,43777.73099450506
45fb1767-91e9-4d69-83f1-3c781425982a,3-2,1,566539,922865,87665,318,0.348637041171251,1385,43.666550943367646,laptop,1.2081047914469882,college,0.19538220135471251,Other,0.24840274223940761,0.14480759038139956,N,1.6559750152044486,46856.627512893574
832f42b1-7702-43bd-a55f-a71c4ad85b9e,1-1,1,365646,375490,83822,311,0.23571505924649994,1042,30.23344580359511,laptop,1.0802609820719993,high school,1.092992882466307,German,0.3878002293027144,0.3484067737403739,N,1.4911856885623023,44820.82871183414
c2a8d24d-9630-4151-8175-0b42eb1aa9ec,1-2,1,917832,665537,38232,204,0.7119387344966939,598,55.81515386252457,smartphone,0.44592249454778665,professional school,1.9716880460057489,,0.56269918673822,0.06402599950749999,,1.1331309213375802,46759.78017669993
6b74a260-9d07-49bc-9cfb-6fefbe9a718b,3-2,0,796651,843401,121255,242,0.8132292519866746,579,36.616553223028475,,1.050149153683805,,1.778107937711197,,0.5794151306469482,0.04673289485952631,,1.7401949811183839,45654.25627412872
9783faf6-c2f5-4343-a86d-f6312c95f762,3-2,0,444491,18036,131110,111,0.22686746559438042,672,21.25275708208316,laptop,0.7362498486975828,graduate school,1.2933694798190527,English,0.4742873947879211,0.327178682688513,Y,0.1169300269737541,42595.323429226984
2e174514-6907-4570-ab73-1d42a3521a95,3-1,1,489498,965668,123078,312,0.24712897959555807,1314,46.89306108242721,laptop,0.855232303043316,graduate school,1.1520968278427428,Finnish,0.45219604273087005,0.9532372182685203,N,2.5103318927665246,42416.55633917878
61746fb4-9306-40b6-aeb3-31222f13e4bd,3-1,1,1018866,568517,109723,274,0.8786676438724291,1374,24.863710017131545,laptop,1.1016950057817858,high school,1.1596026005035296,English,0.5470189879625473,0.2970823029426267,Y,0.6632287232176897,44568.361022807185
d77f1a0e-29fe-4341-9629-55666d082f4b,1-1,1,203875,894861,3927,211,0.36907519366987973,1006,39.266640115082886,desktop,0.36322869293516913,college,0.5838925694912497,English,0.7644969468885754,0.5439398003532896,Y,2.592713796692877,45099.11139833206
71ebc1ad-ebc2-4c5d-bc77-e372bc1b0159,2-1,1,653802,581511,25574,219,0.23519451961969606,1169,47.581269918091664,desktop,0.21073237396190148,college,0.7820033778667788,Italian,0.4788911912307198,0.6806360095008751,N,0.6553635295196583,44637.700767455935
0c06a58b-c629-43ce-8f6c-2a140dd88b66,3-1,0,400963,807375,113397,270,0.5815617469176044,1125,14.068239698128334,laptop,2.2054132259242474,college,1.4347998686674415,English,0.44119263925352903,0.3999114122523091,Y,1.08717850353531,43099.31593958649
8daf6eaf-3757-49a1-9fb7-77fce259e6fc,1-2,1,931645,816180,112139,299,0.7822923700212776,1069,33.86836445791454,laptop,1.4608911409973222,high school,1.0857620892756874,English,0.9001470177293716,0.28818055161320466,Y,1.080673879708707,41938.00843780859
78dae403-7187-4be7-86de-8a1543649957,2-2,0,170022,3803,59134,196,1.0441647127768712,510,39.879297287798316,laptop,1.3267942900649987,college,1.2557709458849418,English,0.49311940824381684,1.0310376068284954,Y,-1.1000222594806477,42574.58483375854
0fd5e38b-fd91-40c0-b154-d407eba53e1f,2-1,0,1005880,1006797,78370,231,0.825115269455865,496,29.56539833151315,desktop,2.37603572393979,graduate school,-0.15550001160933546,English,0.63433449231814,0.6665354490267065,Y,2.088973134514089,44101.67960960527
591c5b25-b236-46fc-9796-d2e943430115,2-1,0,581684,146789,98717,145,-0.09712866916493967,884,47.779789247962356,smartphone,0.37041885902342586,college,1.0655698113081125,English,0.3682292341521506,1.1978633319771808,Y,5.331615163379976,43548.13557258884
e8b80ebe-59a2-424a-90a9-b6f699b54faf,1-2,0,757479,916991,40626,146,0.4346457885388017,1277,51.54440870463414,laptop,0.41365847088779173,graduate school,0.8133190261354588,English,0.5720468243939215,0.6797131515965555,Y,-0.20425422925350478,40793.60686889054
27b4821a-e017-4740-b5cc-429d50c88f5a,3-1,0,758813,67806,61132,361,-0.07815878447087121,749,42.26736927687668,laptop,1.0009556564981383,high school,1.2306106432285393,English,0.5944131608020597,0.24688289159366417,Y,1.4794373738616409,41468.60271855844
3b9eb1ad-94e8-4ece-9e83-bdaec18ce17d,2-1,0,998505,643045,120483,139,0.3060625556071151,1358,33.823872384981414,smartphone,0.5243497738286917,high school,0.5087615460529392,English,0.535118528717962,0.6197436583210588,Y,1.7748994235876947,42664.85721279327
b74b7a54-edf6-4d3f-92d3-8dc119424956,3-2,0,87563,194098,124866,135,0.3398313712042754,704,33.198754715373205,laptop,1.2390933636105217,high school,0.4206846427166473,Turkish,0.5956291758676591,0.7982219688431103,N,-0.5041088759001071,43423.268506463806
a8a7b6f7-3663-43c9-a149-88a058e52ccf,3-2,1,388154,313484,52977,112,0.402021278284464,1427,34.37712513906535,desktop,1.0981015394241525,college,0.5163977488723346,English,0.2645828411704547,0.5265593738576926,Y,1.8097373846988034,40993.264917867964
a12939e3-640d-42c5-87ed-83c1358c4698,2-2,0,285900,690000,41164,283,0.5492866465280402,592,43.39202011066153,laptop,0.6849297168208215,graduate school,1.2162764605828296,English,0.6435712890582339,-0.00010133941438994487,Y,3.348277655105943,43588.424621466234
db397e5a-8fad-4c15-bf93-e25495e0584e,3-2,1,941536,326264,90921,342,0.5133251359486937,326,29.41482239284136,laptop,0.9744743452181516,college,1.1585295606671342,English,0.36416477816697423,0.5104844538909085,Y,-1.0604870016036498,45830.76607431863
8ee594b5-8f8a-4ac5-874e-70ae8f41cac6,3-1,0,10832,310305,86549,381,0.5969841337148712,1400,21.59512812926632,laptop,0.49575477393337597,high school,1.0574027369599963,English,0.24403275281372183,0.30822336816852114,Y,1.456568387140306,41315.32340276288
92549cea-1034-4ed8-8c3f-b94bbdd55d0e,2-2,1,326385,446804,53001,170,0.11285995614717159,414,27.12569367949376,desktop,0.2695278380939099,graduate school,1.1960151916976316,English,0.27050601668024066,0.24770937840846602,Y,2.0726524173878005,46486.65140526312
512ef0df-48a3-4796-9919-471f50f25df1,3-1,1,158139,205208,24884,273,0.5864210545078197,1261,45.829807362008296,smartphone,1.1618325774169995,graduate school,1.107510267972583,English,0.637440803379903,0.19136265515240836,Y,0.7752962158433327,45240.69764578107
512ef0df-48a3-4796-9919-471f50f25df1,3-1,1,380871,528712,38917,198,0.5558196958403135,787,12.21945617605526,smartphone,2.252050112354657,graduate school,1.603130450144149,English,0.5914802645758719,0.9044382981618998,Y,1.624206853328642,45866.906884094344
28c7542a-c3f8-419b-80a0-8f4c706e2c61,3-2,0,473991,279755,102986,274,0.8176282010535392,1140,51.85828579892323,tablet,2.221726609461346,high school,0.38911772332378014,English,0.47221367618041715,0.41352033857638104,Y,-0.2240944395359079,42917.30744614625
08aad1ce-a5a5-4558-819a-80e470e455fa,3-1,1,561736,565105,28778,221,0.1594316489614203,431,38.34510854406829,other,0.9500188858658427,college,0.9894589425499317,,0.3990186282326336,0.9731477017413154,,2.6968868283693013,45826.790630002586
295fe5fe-cf5a-4c14-a7db-ab1d21f1348b,1-2,0,145178,517804,89469,271,0.6418796917233567,465,35.11839057665087,,0.2561075990166658,,0.7985683809756856,English,0.2645371666316664,0.6276730744662276,Y,2.2884994659983384,45478.3800886851
9ac5e209-cf05-47a5-a394-9c733e12d8f6,1-1,1,464291,604992,1417,182,0.27792156867876894,395,43.59403036073876,laptop,1.1231195942403154,college,0.4469026169581064,English,0.3265618814928356,0.6765982979290303,Y,-0.30971452850020675,43347.80536028647
a28f6ad8-3ed2-4ddf-bee5-0ab05da1b6ad,3-1,0,6510,827523,13598,178,0.2060234452991373,840,44.52735099729142,laptop,0.947470335094199,high school,0.08525314420904495,English,0.475667649067383,0.371177068372156,Y,-0.5236265514236407,42635.05997508654
4be26ab5-1d7e-44bf-bd62-0a66c914394a,1-1,1,647884,570559,23504,326,0.5780696499088108,815,41.87430243029382,tablet,0.8625300900846328,college,1.337188122041638,Chinese,0.3495911403823148,0.7559904622588824,N,1.631814714425238,44420.705709934475
cc6bb97b-148a-434d-86be-1a4b7c05363f,1-1,1,909114,357960,139262,278,0.2603385286814338,756,25.57389647233786,tablet,0.5231957191376118,high school,1.7502758555190248,English,0.49538537596022686,-0.029336793618337187,Y,0.9311849055290172,43144.37240655085
fdcd623e-9c2f-4ad2-9d62-6901fea13049,3-1,0,314395,957136,66509,198,0.7157009330471816,926,34.04913666647617,,0.9507668332642852,,0.852813151078551,,0.48435621602521195,0.08007258413791485,,3.2160625357589376,42119.32733741051
fff115a4-7e00-4376-888b-03c5bdee5f3a,3-1,1,171447,529961,41695,232,0.23873314374315746,714,26.362362490699454,laptop,1.1199551178641491,college,1.0875875228671383,Spanish,0.6284695882642041,0.8583069512648651,N,2.622101527326749,47811.678743674296
dfeed816-4de9-4be7-9ea0-775157c7bd76,1-1,0,262531,1015038,52624,372,0.4574431696933773,572,29.285593104000142,desktop,0.4839525615475978,PhD,0.28695259456070665,Portuguese,0.1676767622556823,0.20273537081858956,N,0.6934852964949338,43946.05589896566
d816358d-20fb-48cc-8597-6ce3578251dd,2-1,1,320322,879671,48138,218,0.12757127159769682,405,22.034736317774204,desktop,1.44424722103825,high school,1.291592018432673,Norwegian,0.7096883843683042,0.869148743186172,N,2.4972120806732168,43112.911246461
9d35cb65-f33c-4a81-bcbf-a794582e6691,2-1,1,758071,909548,32188,266,0.24902813602519563,397,39.60578266420168,smartphone,2.291350067222465,high school,0.9862256205293534,English,0.15842267136905447,1.1983813358466404,Y,2.469292088973273,43827.28442835723
fc06986a-ae94-4241-b930-3b90075bbcfb,1-2,1,702068,393131,40740,218,0.7575897880923272,974,46.82467108236362,,0.9878033408454923,,0.09494334574505525,,0.4456857568542532,0.34155049465710374,,1.7473328770042482,46388.31152179704
b4649c6a-01ed-4f21-be3f-a0f29b97fc1b,1-2,0,139028,701743,35333,280,0.5861212112685724,526,-2.094060426211719,laptop,0.3772410117991408,college,2.0666884173230597,Dutch,1.1255719434261535,0.9909998975804335,N,2.619940351978728,41444.134922207115
cc6bb97b-148a-434d-86be-1a4b7c05363f,1-1,0,211808,671586,7929,353,0.6081358446050655,1215,3.749439405157503,tablet,1.027573059821676,high school,0.8644896050667191,English,0.6695518678272766,0.7882348119097917,Y,1.636006385285235,44031.67954295882
30a1bff8-ce7b-4ea8-bfd0-579a06f06269,2-2,1,177691,901777,14569,307,0.7711672138408736,539,46.44631780708377,laptop,-0.03317851739321176,college,1.2429183263854071,English,0.6191768519526982,0.3986403227791682,Y,2.135357625731953,40895.68549766207
7c57c624-9ceb-493f-a5a1-f4542209969f,2-2,1,663719,457287,96706,224,0.15056361866387918,850,23.648705036903245,desktop,0.6032795302950025,graduate school,1.2460940074594575,Other,0.5638490603905308,0.3677377032037726,N,1.6773982524115318,43386.27059201803
264b7cb3-a20d-4fe4-9f75-2a0dda8f6300,3-1,0,198293,98785,63646,163,0.38088401040465003,1236,13.840545451820205,desktop,1.0057155816776553,graduate school,1.0403292226079235,,0.4729703649359835,0.3185725044123893,,1.839739064748114,44924.0768188528
a28f6ad8-3ed2-4ddf-bee5-0ab05da1b6ad,3-1,1,961222,579187,91638,162,0.4564133540718201,1314,44.76000362990827,laptop,0.7094485689283971,high school,1.428476790900237,English,0.7763222989220107,0.43958800267927434,Y,2.9037257936991705,43534.65605126114
f74db555-3110-484a-bdc4-b09f6cf1c720,2-1,1,626028,276179,120480,269,0.8533311490304196,1307,17.57535919519929,laptop,0.4793762889347851,college,1.7007937765389647,English,0.5791927783058901,0.8089180889314802,Y,3.1642426750091124,44647.25433524851
e7ea4b52-7611-4c90-905a-fd388cea9c0a,2-1,1,602339,800977,49179,275,0.4453085310149282,977,42.35659096782271,laptop,1.4165673220148494,high school,1.554159706752972,German,0.4661959698999795,0.49249167023982166,N,1.438689298240005,40516.95180824306
4aa80c95-24fc-45e5-b3c4-102653f15325,2-1,0,597063,929702,58351,380,0.7561596102657363,436,33.077156510064405,smartphone,1.2367314213110718,college,0.5290867626291743,English,0.47457790091572316,0.2958686199379118,Y,2.375034949066036,45283.41199921953
be9ad381-7efe-4b47-b2c8-04121156cd38,3-2,0,290120,376779,49282,155,0.47789727230073176,1313,72.27900807896641,desktop,-0.14199325149389241,graduate school,-0.06110409695542307,English,0.5087843191796072,0.763501686152078,Y,3.617486960545758,42271.67681093652
95165b45-dc58-4a62-bb78-afd606f1e34a,3-1,1,862232,293849,118092,164,0.2472103547716255,992,38.34993629794188,laptop,1.3727240601377941,professional school,1.8098906497471998,Romanian,0.48527499037285693,0.7000077094607446,N,-0.2177325882697756,41035.180514725405
5a48e48b-30ca-48ad-a397-3ecf853bb5c9,1-2,0,66681,93373,126105,136,0.1485826466483654,904,18.555618518576374,laptop,1.2339655145635609,graduate school,0.6574673549501335,English,0.41979111817606307,0.3314388657349966,Y,0.8365690385854985,44272.17304965392
d5862d1f-db68-46d7-b717-dc2a7f78befe,2-2,1,560058,439419,16520,273,0.685552779795464,581,32.80569486212229,laptop,1.0176766403542588,graduate school,0.8403154372007853,Dutch,0.8930273726766716,-0.1382505668807591,N,3.1089536253762997,41928.371615910866
e4766279-7658-4830-b9a9-93458033e880,3-1,1,768053,312425,94991,259,0.788644138081193,1048,28.907749108835134,,0.4224351583588112,,0.47175121188564617,,0.3609673721449448,0.12414662989316594,,4.517966960990087,41762.048046529424
c82105bb-8520-4727-b430-daec6fdef0dc,2-1,1,81690,378862,39161,263,0.7604655254517505,752,57.0489860625056,desktop,1.4055837348346678,college,0.6815548115992327,English,1.0977587352611757,0.5736591062824836,Y,3.976639850795374,45527.63573645326
154c0760-9c47-435f-8335-5f1178d12e46,3-2,0,136072,233393,106775,129,0.9450444056870058,788,30.69908105432694,laptop,1.711102140388352,college,0.7087086471269806,English,0.2826965847433352,0.3310620136190492,Y,1.8502327505025127,40973.85713796615
ff3d06e6-c5ec-4c24-87dd-0dfc42864aa2,1-1,0,4205,475942,127064,291,0.40561819699165425,395,29.85679968540324,,1.3624734532850649,,0.41739133693563646,English,0.4636009958710688,-0.5190048283194808,Y,0.7217774735741663,43530.082786788866
f01af761-d426-46f0-ac95-33b120cf9e23,3-1,1,534507,455606,75559,225,0.6099073619925488,750,35.44003952194204,desktop,2.3144940501324403,college,0.7927212303056017,English,0.5096023631416626,0.29272296898603756,Y,-0.40924513877155455,45440.190501739926
c9912952-1990-4415-8cd6-b5b96d6e4267,1-2,0,189249,6012,60615,203,0.6628573499004675,495,59.79385455614302,laptop,1.5522126799754283,graduate school,1.1233724603815725,English,0.37816125681191404,0.20117282859634128,Y,4.104516579081595,45041.20467443624
0e77b20c-c1e1-467c-a359-0a2942538fcb,1-2,1,745454,288480,33061,196,0.6209683341855039,827,38.39991441918074,smartphone,0.2831400767604877,high school,0.8098507956323449,English,0.6010426468485683,0.9843444413097228,Y,1.8255774238346258,42160.71155458302
45b56b87-c43f-4c6f-baae-661bbb6e40c7,3-1,0,473116,778771,101709,307,0.5744842133607537,1136,17.767317911507124,laptop,0.4872970468785708,high school,1.2365689948738623,Swedish,0.3223610034340474,0.7746763017664402,N,0.5188326422226002,46988.192019122595
0e27148e-216f-4fe9-9572-c1317d616ac9,1-1,0,333761,835823,134211,263,0.08637777422960996,1190,36.19954857052539,desktop,1.2465893246704964,college,0.9267475287929113,French,0.8227200372426442,0.5567474628021133,N,0.06289024225236317,46726.36305974934
2e1d768a-de6d-4d56-ba2d-acc494ec8687,1-1,1,378924,845689,113648,288,0.6105968473929406,699,51.57194157751019,laptop,0.05789959966249458,college,0.27359458604975173,English,0.10266457064697992,0.9693111203196043,Y,3.993870820429207,45676.812507113485
2fbee4a6-4fd6-4fa0-83b2-b180fee815e0,2-1,0,285853,313005,38292,131,0.5825430628082101,1323,43.37028270605744,laptop,1.3641689829607118,high school,0.4460248107680441,Chinese,0.6158868929199923,0.7453160362913169,N,1.1145922813401539,45497.47621872733
471fa2d8-87bd-4cea-8ef6-6c24af87fbc7,2-2,1,71943,532957,38807,326,0.24847230680574273,869,45.78612173076752,,0.7621900901577571,,1.6565765515997577,,0.5820939026748733,0.7259575062837746,,-0.0631136956541074,44917.87622532355
f67e5c09-d2e4-47d1-9df5-bbf2a9c7765a,2-2,1,251804,893184,123698,294,0.3144721841128508,970,42.29583965468831,desktop,1.768264980686977,professional school,1.2209966062186368,English,0.6692505530665321,0.44448719345434157,Y,3.091768263529705,46124.188460957535
475f8bb1-e661-4dea-af87-86ca2a261e7f,2-1,1,991962,262704,2513,228,0.6117018049170628,997,19.900856144662782,laptop,0.37951762281083523,high school,0.44406333186184777,German,0.7754585666154047,0.6923373501444424,N,0.4846766560009439,44505.750982117
c16c936c-e99b-447f-b617-9453bbff6d31,3-1,1,758329,580954,34730,168,0.33841705184758386,1123,43.057399204562955,desktop,1.2383683115878914,high school,1.5217043013841804,English,0.39074555017306645,0.5768428378683568,Y,2.8273204669042133,40825.21192537685
ed0920d4-b642-455e-bd2a-ca21865b50e4,1-1,0,762718,517807,1058,163,0.3004749137764794,924,42.91642530205947,laptop,0.9318579144318179,pre-high school,0.7031807507773156,English,0.2636140103461334,1.5104029257338725,Y,1.9214107520601469,41755.889867863414
b6b69b9d-a92f-4ad9-aa34-a654185cbcfe,1-1,1,450494,952251,105841,242,0.6956745407681961,1146,37.437240594826925,smartphone,1.6131155167772708,college,0.7501259750646627,English,0.29330106320057003,0.6345046563924589,Y,2.666690886068724,46977.418665803336
0ee8e6e8-930f-441a-8244-d7788041cf5b,3-2,0,465208,776122,28348,213,0.5757229226836698,1344,52.877952478353265,desktop,0.65627486397559,graduate school,1.3761761574965237,English,0.49968012065464446,-0.23106436554651422,Y,2.2223796063946684,41968.991599941546
41f5530d-ed72-4608-a119-a71dd31aaec0,2-1,0,979234,880918,129187,153,0.22695568702535657,1335,19.904826962778955,tablet,0.8705125452019599,postdoctoral,0.7906361274647155,French,0.1999070264821735,1.0106407385150098,N,0.5738349063610415,44999.3501873509
ffecc92e-4523-43bc-881f-86a60ec0cb05,2-1,0,637677,434322,63170,213,0.4293932487572991,1225,27.97388202317103,desktop,1.6889559051752434,graduate school,0.8722552735612095,English,0.5011934320888828,0.9122041130060874,Y,0.6047669591039608,45654.48158958639
b0d76a60-3231-40e1-8fbe-d4d020b33e22,3-2,1,412427,191627,103991,316,0.10636959193668144,617,39.808011905184955,laptop,0.8610748053756028,professional school,1.4294455048266463,English,0.2850596544882631,0.5596305324626145,Y,0.7996011061131901,47106.02957010372
336708c2-b201-4f59-803b-092eea309d6b,3-1,1,753689,771135,86083,308,0.6226982744399568,1314,40.26345777811693,tablet,2.2237854983134184,graduate school,0.500199288332507,English,0.45014088673948355,1.2672336704308582,Y,3.7597132076718114,45110.72507255715
a1f22d02-0b2f-4c57-8736-0957dd153f8d,1-1,1,556059,571326,87322,115,0.42472305685879164,304,42.96473630944541,laptop,0.39744475289089765,college,1.2731333911555043,Dutch,0.6176882958693953,0.14618288543379193,N,1.5321331389343396,44019.18918273615
417336ae-daf7-42ca-ae3d-7ebc05e0c43f,1-1,1,288723,344154,33885,313,0.3787370102621656,639,39.15216463830765,laptop,0.7755934055280602,college,1.2682925934675415,Dutch,0.5086238725888887,0.2895040983554865,N,3.955360214739081,48934.47440881411
388d3669-9c70-453c-ad4c-0d18eedac5f9,3-2,1,477209,908722,42264,241,0.28296084757385487,456,38.95405422512229,desktop,1.3797946663340825,graduate school,1.0217580910350839,Other,0.6462924554502777,-0.016062488903261674,N,3.002007878633397,41184.00249588973
4aa80c95-24fc-45e5-b3c4-102653f15325,3-2,0,320861,58730,102590,296,0.6808067521723665,717,26.358162006270554,smartphone,1.2945689562581797,college,1.0488838742014632,English,0.31541362321813704,-0.023303276773590564,Y,-0.6249387645574331,41174.64490124394
b4649c6a-01ed-4f21-be3f-a0f29b97fc1b,3-1,0,249083,614075,90664,169,0.6645704057225734,632,47.72114537437313,laptop,0.902308256755204,college,-0.14757565743447776,Dutch,0.5385765193750126,-0.047097559091311414,N,1.7295399742788,44965.609260659345
95ad60c1-7c93-4341-9da3-763bbed405b9,2-2,0,322336,999545,9013,266,0.38025912167385645,1020,17.630370563253265,desktop,0.6411803610156375,college,1.3345385548607835,Chinese,0.755924416397248,0.6588432375140749,N,1.786364693553525,43967.09699287023
c2330187-54a2-48ba-be2c-d317fea39438,3-1,0,272026,657321,142575,197,0.8464259567369529,1111,31.028847072416138,laptop,0.7032069225910543,graduate school,0.34043292080942045,English,0.2557261198341514,1.398533384469086,Y,2.436567090145432,45229.05439860608
cef9fb15-e845-46ae-8282-8e7247078df1,1-2,0,210737,20898,15635,319,0.8281135668468389,662,46.537562751430976,laptop,-0.35267335613091677,graduate school,0.6272852987691607,Russian,0.20089107834034564,0.8394199661224191,N,0.45434923628419854,43978.45707531
f67e5c09-d2e4-47d1-9df5-bbf2a9c7765a,3-2,1,1015104,523117,37331,154,0.42913307072839046,567,25.96488575579128,desktop,1.220870055155086,professional school,1.1052646392395964,English,0.2685037907229392,0.3763611643231764,Y,3.7399518464577146,45982.590552278
06d98056-2cc4-4216-85e9-e3fe7d5751fe,2-1,0,738759,675434,54081,213,0.6016599128120446,1295,32.15112834807254,laptop,1.4119358609915083,college,1.764812954895822,English,0.45868443322525976,-0.20053418609973794,Y,1.8512778342846195,45940.675330222606
e1f48355-1636-4f4f-8966-a26d86a48b3d,1-1,0,652965,775946,49475,128,0.3172301515987511,1316,42.27883589429504,desktop,0.9712200690695059,postdoctoral,0.92669862340757,Italian,0.45665275249297466,1.2938671891012228,N,1.220756528235763,44255.73169363521
0023cb4d-a3f6-4163-8761-a07914b40754,1-1,1,348454,608411,5791,237,0.6699748854879779,338,59.52739788544578,laptop,1.7108207780860056,high school,0.09691245555165406,Other,0.8067545551857145,1.0378049087202132,N,3.3528749945755805,44379.95906729045
276e0af6-a9e3-4de0-8f77-6dbf7f9e3c15,2-2,0,533767,743363,109663,149,0.7678918108929591,1019,21.69757065261995,laptop,1.1456497434289759,,0.7733380880526912,English,0.5062302031786204,0.652052509857179,Y,0.9000510275102516,42290.83939207962
295fe5fe-cf5a-4c14-a7db-ab1d21f1348b,3-1,1,137392,1002592,106237,347,0.5368813675391096,808,29.622284538478326,,0.89513680623405,,0.6080405497161931,English,0.538201408671462,0.7811378107981422,Y,0.7712340036567128,41793.44700267839
dcf4d35b-0244-403b-ac65-5593edf94d6c,2-2,0,127216,913144,140738,379,0.23629709644746244,1294,61.06754076317607,desktop,1.0814659910925075,college,0.9298953725062603,English,0.31604674467715194,0.7265768929020368,Y,3.601048395965902,42844.471593698705
352a4090-79aa-4827-b4b0-f1bffd883940,3-2,1,242002,76884,15637,217,0.32806782580473764,335,23.241642485424904,desktop,1.1084116492352707,graduate school,0.893517981939492,English,0.7509059911171045,0.8064396146620887,Y,0.6311097032788207,43789.084195839954
cfddbee4-d7bc-41a2-b2d3-a6380269d199,1-1,1,417,813691,34934,261,0.5348227881121086,424,40.34131665889052,laptop,1.4213789894761364,graduate school,1.708845830179604,English,0.5236084707079144,0.737476170892057,Y,1.5996419632084387,45249.311190840795
71a4495b-b507-4fbb-b247-6be543b98550,3-2,1,506899,369543,22921,297,0.3772168350329793,1085,15.009114234396787,laptop,1.7901123922226185,college,1.5676654464339612,Other,0.5851384947717854,-0.26482864327004796,N,2.6070734763241443,41561.21912915838
154c0760-9c47-435f-8335-5f1178d12e46,3-2,0,488753,443195,132314,121,0.08375066993439284,374,54.42745648014777,laptop,0.9583150141132355,college,0.43314888334306567,English,0.5871053164720978,0.44750314730492086,Y,0.9066431386234592,43534.27922871703
e66ac7c3-faeb-4b2e-8dbb-929d29a3bb65,3-2,1,662913,991556,125262,138,0.6179902077950131,820,46.36003803094984,smartphone,0.8571940947606995,high school,1.1847454701957398,English,0.6261808167842325,0.8843042610243197,Y,3.790969327591904,48133.78870601751
4eab4ba9-b923-43e9-94b2-b50f8ae543ad,2-2,0,290721,626718,101886,329,0.4874644995164861,638,31.969401231684753,smartphone,0.3980294275447893,high school,1.2367001548157555,English,0.4831258382976945,1.0268884846207698,Y,-0.1501569002873917,41575.472451070025
485838c8-c7f2-4591-a8d8-7896e1327b7d,1-1,0,939694,300681,117720,191,0.3507983756997356,909,42.65720215114714,laptop,1.0815006403380638,college,0.8694000046117112,English,0.3559159679620828,0.5661652804083366,Y,2.502275019314069,47543.55531766456
4ba34db8-9baa-42a5-bed2-a6381f36d03e,2-1,1,705122,195232,81573,308,0.49777329178375757,856,35.06092831087714,smartphone,2.2619331795420097,graduate school,1.4970575627949056,English,0.4742253014352249,0.34308708976829966,Y,1.762423083263237,43270.165666028646
4bf66c16-79cf-49d3-a150-110237af0243,1-1,0,67767,727407,141676,163,0.27270538151885926,783,25.093174013869138,desktop,1.268627002157106,high school,1.2760301653529524,English,0.4242854663395955,0.4808990074481703,Y,0.957204375547729,44755.443615294345
e260bb95-bce4-410d-b0de-baf551b2b5a5,3-1,0,816802,983146,122255,200,0.6580148103898611,685,38.08997498624934,desktop,0.450345516502357,high school,1.8626936322482903,English,0.5684141455580781,0.7476650083340591,Y,0.059865122245079894,43119.51414843358
041129bf-1228-43d2-af14-173e38b15972,2-2,1,353817,101116,123344,143,0.08361712710399255,296,34.307493045305925,smartphone,1.1118358993983792,professional school,1.92269764769821,English,0.40413264730262394,-0.02440550851078671,Y,1.356720836919004,42444.537029857085
54c3e853-e07a-4b15-ab2d-691a120c3b32,1-2,1,240081,953057,6203,212,0.5654842833927709,585,33.47298493626202,laptop,1.6207447110722297,high school,0.6149631835265816,English,0.38676226981972595,0.5847574867446157,Y,1.316257344220678,42685.09992231194
fc8fca36-1e38-4e4c-9112-621a6a9471e9,3-2,0,717865,188547,117510,372,0.45494358465837675,939,23.094037167232226,laptop,0.27734295533891096,high school,1.6229986382612382,English,0.36474228622821747,-0.05896363331921617,Y,2.3835612309524707,45920.58301354452
949a9e93-0ca1-4643-b4d5-9852ceeeec03,2-2,1,949401,85215,101339,370,0.17915190206774134,1337,32.9197896150279,desktop,0.6504258413577488,college,0.2476855215554461,English,0.5620150633108766,0.5274701235249047,Y,4.521439213632583,44803.930173115696
fc04e88b-4dcb-4ad4-8171-4e21fe5f259e,2-2,0,618719,581091,124749,188,0.6370323012569529,1216,17.18359825956673,laptop,1.0733848165861886,high school,1.7583369106814615,English,0.8151885610971896,0.8308797324918669,Y,2.872276267183708,44081.96133938683
d77f1a0e-29fe-4341-9629-55666d082f4b,2-2,0,21010,81173,132528,358,0.3604637584374789,1156,-6.380828414301618,desktop,0.5945326877832234,college,-0.5417146472766041,English,0.23150371141546383,0.5358767681182734,Y,1.9911814966015493,46187.15685432997
db397e5a-8fad-4c15-bf93-e25495e0584e,3-2,1,646742,458753,88960,288,0.4674570605796354,1416,46.735767474754574,laptop,2.118338589443348,college,1.1287512098362542,English,0.1349958122718991,0.5489761296098763,Y,-0.5727569384657745,42204.57979825358
6487b006-6591-4302-b387-45b630b259e6,1-1,0,437374,679293,56431,279,0.676235895211482,764,19.88049849088404,smartphone,0.048687964515476745,PhD,1.487860149800523,English,0.37933985771819,0.26340499072916057,Y,-0.07255009940533585,44138.646799878625
529af3c4-1f6c-4ced-ac86-165cb41a1629,1-2,0,555186,405611,6963,204,0.1252931849514784,1314,23.496616507282816,laptop,0.25990978825026634,graduate school,0.7433267493557574,Spanish,0.44329365393487363,0.1174344119237754,N,3.8704226426307162,42686.88977535098
05407942-f651-4129-adc8-541378ce6ac3,2-1,0,422158,195736,14385,156,0.41683173049627364,904,29.80613467023077,laptop,0.17093111544160267,college,0.7455011208024366,English,0.6576662003227888,0.6100615932366065,Y,0.6905561235240376,43139.346877590826
d02dae2a-18e0-4019-84a0-e1f2d1b6360f,1-2,0,626162,117552,104245,125,0.5601901001616116,1033,10.232992113827166,laptop,1.1476632629008372,graduate school,1.2218343517086743,English,0.7664028070109284,0.7469511848908928,Y,1.505710611772066,47970.290034468504
27d0e742-13f8-4911-a1d6-42cbea5067e2,3-2,1,470802,77300,50859,192,0.13337265099867168,409,59.21513989171493,,1.1318169462126646,,0.8133761764277303,,0.8133174490569158,1.1710654199549544,,1.6096844682266438,45127.30540733991
ad4283c9-d606-4e9c-b45f-7f660b31f5d3,2-2,0,998968,13104,37793,232,0.5776661577930848,1399,23.81979010547919,tablet,1.4518428676460329,PhD,0.3123769576677877,Dutch,0.6342818254298611,0.28160401933105594,N,3.237638493694095,48088.688836156594
0c06a58b-c629-43ce-8f6c-2a140dd88b66,1-1,0,719898,988533,26774,370,0.4732886673085578,1201,25.274035696389653,laptop,0.09064804823591666,college,0.551056809406081,English,0.6965169736255833,-0.20883146156263532,Y,0.14372554719714392,46666.55127296623
ea2dec1b-93f0-4fdf-abd2-49c6087d3b5b,1-1,0,574241,876001,90737,317,-0.028248676317687238,1367,43.04123828752205,laptop,0.596812322436177,college,-0.009822494098950196,English,0.35965562428045117,0.8628965716517278,Y,2.383304525372395,46644.95073743423
14bf8206-4d05-43c0-84e6-984bbe11a47f,1-2,1,859720,179133,46574,314,0.36967364525380575,895,36.90664771959553,laptop,0.7728608833282825,graduate school,-0.3323090031438365,English,0.6014765796319445,0.4241761788822551,Y,0.9809000375599497,43830.33876758353
c2a8d24d-9630-4151-8175-0b42eb1aa9ec,1-2,0,937010,42296,99607,383,0.49067771051791303,1236,34.06748987849742,smartphone,1.3396988625001613,professional school,1.4016968102835274,,0.7099400726294703,-0.15055457122941562,,2.291137603146386,43697.74679545563
24aa2b4b-800c-4a4a-bac9-727b1065e142,3-2,0,1015464,136871,130037,172,0.0926749937190603,607,69.89198588819546,laptop,1.3207420331465987,college,0.7345815662673223,English,0.39226015231598954,0.18390088678947125,Y,0.038283849915582646,42489.58630411723
ad4c12c9-5088-480c-ac6b-07b6e44162bc,1-2,1,599184,274351,53612,167,0.5062404724021727,385,49.014832233449376,desktop,1.334829890705998,college,-0.5954973702457218,Norwegian,0.5513922184663175,0.9375891888989111,N,1.832134396666154,45718.841694888724
2a29612d-37ba-41fa-b45f-004677aa5908,2-1,0,382843,606523,99857,195,0.31555647079255034,1390,61.10853272584064,laptop,1.3429917232102484,graduate school,1.3691559349514222,English,0.6019543882056704,0.7001960875588126,Y,2.4950310177856867,47790.357156347665
27b4821a-e017-4740-b5cc-429d50c88f5a,2-2,0,945706,505839,90098,168,0.3126939528679662,933,51.583102888321164,laptop,1.078448680836739,high school,1.2952769467572098,English,0.4754685645834715,0.4666415793976029,Y,0.3022542596862885,45279.87206630621
801b0890-5265-4faf-95db-452ce047f74d,2-2,1,782503,482526,130626,198,0.5096051676657565,1273,45.84252692719957,laptop,0.6207611719451056,college,0.5719700801898007,English,0.6364301021765745,1.1120640449546761,Y,2.3247270973674325,44527.904270009916
934b7cd1-b84f-4fae-8981-c0231b37dc5b,3-1,1,835804,388429,95595,320,-0.14039758473431296,1304,22.637836509420225,smartphone,0.4666141644158486,graduate school,1.1834545532986247,English,0.2902584335010268,1.0399837169491466,Y,3.3638206891031,40437.817777970275
ff595b52-47c0-48de-a732-ca6f366d3dfb,1-1,0,830299,540228,69594,163,0.49749597473069457,1256,48.66416530656759,desktop,1.6256181879861433,college,0.8263793327311578,English,0.5240579663408348,-0.08458172954712995,Y,0.8255592415671136,44347.21578338053
34604f27-94d7-4af3-9b8d-7c9fa836e7cb,1-1,0,62259,840611,140455,237,0.24915024156633603,1393,57.75554899165608,laptop,0.6982858690846054,high school,0.5549634157084005,English,0.6401423318121292,0.6080629015636473,Y,-0.8839673433335049,42028.33087417639
fa246754-e497-43c2-b08f-7b8daea1b410,1-1,1,876912,662802,130234,245,0.6576468508291509,968,50.00878320081179,desktop,-0.14329827504605452,PhD,1.8856828054471668,English,0.7071538006874891,0.6611210768932005,Y,4.6231205451605195,42744.68599034221
84e4310e-79bb-469f-a212-a280f0defc2f,2-1,1,142225,918947,60906,281,0.8594129431607215,497,21.31694994887723,laptop,1.6634494454344275,graduate school,1.004522210304449,English,0.7783292320833537,0.21145091766205287,Y,0.7308502854519493,42233.12205019024
4bf638b5-36b4-4b87-977c-dbb48a337da5,2-1,1,658053,929386,123037,287,0.43778515052222944,818,35.216162099756176,laptop,0.9442653756762791,high school,0.30560551275269654,German,0.48744006342039864,1.136130174638593,N,1.8838442315776611,46695.93542251682
f1d9d03c-16e7-467d-8734-070773d65aed,2-1,0,841361,336040,133480,255,0.7399655267931762,1304,47.72535073945085,laptop,1.9067108390466285,college,1.1775545899682125,English,0.7200595252310465,0.3557053383950596,Y,0.8169922840050903,42496.1680146814
cc5900ac-23f3-4768-99c4-faf9c29e9382,2-1,1,618567,969244,103150,240,0.5262900039924588,470,35.96867131124972,laptop,1.694652891383733,professional school,1.3282101198673368,Spanish,0.6206903479588475,0.015043719189887061,N,1.331338796706073,43948.016975643775
fff115a4-7e00-4376-888b-03c5bdee5f3a,1-2,1,741441,346222,30442,297,-0.03415031241730804,353,43.05779645332538,laptop,-0.6006220870529995,college,0.65811665546864,Spanish,0.45702011857894564,0.12232479126070317,N,3.1533645967647526,41592.59694107852
8d39576d-2b3d-4eb4-acfa-32254991618d,2-1,0,677859,740448,132060,369,0.5689973387149463,938,28.25864197791892,,1.2219927293369293,,0.964542265904691,English,0.7593456525608262,0.30714366864346676,Y,2.697704142297563,43802.33662639021
dd3b3024-ad2e-4cd6-8c24-3b0c6ab90dc0,1-2,0,857459,963601,90750,353,0.27896547305985075,926,55.863443544041886,laptop,1.1018059667107596,high school,1.363950657753977,English,0.27687815609838895,0.6191042020543213,Y,3.0906412540400026,42557.84438220397
a12939e3-640d-42c5-87ed-83c1358c4698,2-1,1,720707,824232,48504,381,0.5236312991029871,770,38.24204716042635,laptop,1.147109728637045,graduate school,0.8206310108108199,English,0.1821013760352252,0.6819501126844465,Y,-0.16600668379112204,42736.62042117921
61d89609-6242-4f26-b2cf-8a9f538a757b,3-2,1,11941,967368,36059,160,0.9318358451253443,883,35.90101101122894,smartphone,1.6169546076869548,graduate school,0.6388183492167567,,0.457930230673311,0.11154846555122577,,3.239637644882782,42844.47063456665
f3976e86-1195-43c9-a4d9-901ec02d365d,3-1,0,918893,750758,44064,174,0.6241597843404972,760,35.87754334291779,desktop,1.0074440492124574,high school,0.3895130173196787,German,0.62837065335873,1.0538468316854241,N,-0.9994065315746865,47650.78103619245
8053404b-3274-4b36-a3ed-c3f4cff86dee,3-2,0,309632,27178,80254,376,0.5654196546012449,381,36.584552842687614,laptop,0.40712989708452907,college,2.24544857418932,English,0.3909638733074688,0.7046156184756862,Y,2.9968224214675443,46144.65856894465
24a6f167-5017-43b5-9dfd-891537602f94,3-1,0,80702,180403,33284,232,0.35031111388974256,862,27.349264370605134,smartphone,0.5678815705767829,college,0.5158036431841484,English,0.5734962324150934,0.47042442372013343,Y,-0.40156548997196584,44234.017783002266
5ccdee25-cad2-481b-8033-c90162b98ec7,3-2,1,739387,49086,67748,383,0.49924441535904096,571,29.30134716970961,desktop,0.25836290384645555,college,1.07268814174371,Other,0.6052763340980419,1.0509852282847616,N,3.57153230596276,41697.17508904844
ef9702d4-36b9-4de8-a045-dbce0eb27a98,2-1,0,488366,771333,51466,300,0.45169268924331124,631,28.134074947042613,desktop,0.7257716621819597,college,1.472655518320881,English,0.44031369695649974,-0.14623220921808378,Y,0.11353234068051066,45606.01203455737
fc081f63-4e8c-43e7-ba36-428995498f3e,1-1,1,103704,631943,129540,314,0.3506535796528918,315,55.43955560472317,smartphone,1.2607855964318357,high school,1.066145834458314,English,0.5968445991437472,0.37462840951624465,Y,-1.1276262584997205,43880.951053608645
606ec9ab-33fe-4f7e-9330-c0c5d30928c1,1-1,1,314038,746121,37466,298,0.45554777209644143,853,24.168850379914232,laptop,1.3566167595391094,professional school,0.9452512245621244,Standard_Hindi,0.76074056199371,0.4232485057064982,N,1.9835145954175812,42160.973413471285
b95563e8-9d70-4aee-8c29-b2d677981d92,2-1,0,161182,488815,136013,242,-6.650047433387485e-06,1127,35.388002592738054,smartphone,0.963369060130951,college,1.606361814935251,English,0.9022390029539435,0.5717437977834646,Y,0.2983868178913207,44033.19038023582
a4ad1191-04ac-455e-aff5-2c63a910dc59,1-2,0,837486,62455,58279,329,0.5278893264731714,978,34.278422808027244,smartphone,0.622149497631775,college,0.6734857675782917,English,0.43249620839821906,0.9774124544832963,Y,1.074953501406347,42723.83189802032
a8a7b6f7-3663-43c9-a149-88a058e52ccf,1-1,0,673828,162941,130047,130,0.6193871935172982,407,23.297647144033863,desktop,1.4221183289279835,college,0.32373597080263417,English,0.8339678997526503,1.3086780669873952,Y,2.1705215924159105,41697.04593694254
e1205048-076b-4e6f-a4f1-23fa25931539,3-2,1,71597,113251,58251,347,-0.1659970755675627,1428,14.349519903227598,tablet,0.2961529577023323,college,1.472905470103556,Russian,0.36193019853537245,0.20958489858517942,N,2.934722426959229,45490.39973699131
123cbcaa-5ea4-4b59-85fb-394a9549a516,3-2,0,542372,929543,121500,318,0.9081610224088779,493,36.27944746439636,desktop,2.028909738786335,PhD,1.1954223455622877,Romanian,0.9437842651506649,0.5837642291920715,N,0.4356594472040811,42383.481989135296
253f1616-4a99-4ebf-8086-6ecb195f5fc8,1-1,1,97702,599563,78700,310,0.4817823342624373,1401,33.620318954664675,desktop,0.7369415055432171,graduate school,0.5303652016427809,English,0.6558862828710323,0.686364104495842,Y,2.087786148324978,42202.79072685667
089fc400-90dc-483c-907e-f7143fe77183,1-2,0,692404,731140,99062,201,0.5859117889950237,1427,35.70241237884183,smartphone,1.5187449642996143,high school,1.393946186305378,English,0.39237504823547187,0.5781717385439615,Y,3.152600355472562,47617.91842146283
0fd5e38b-fd91-40c0-b154-d407eba53e1f,2-1,0,998668,299737,142926,308,0.5819592488540518,497,35.948619954901424,desktop,1.6185896383117826,graduate school,1.09652953867712,English,0.6582293067598826,0.420533440332319,Y,-0.20026176140235097,44257.83722902301
24c1cc74-742c-4c92-860a-7a2fa7659727,2-1,0,175227,555227,119746,256,0.5156704474321263,459,36.633529490972776,laptop,1.0992274531483859,college,0.8149891005433044,English,0.40303659760800786,0.44349542200934355,Y,3.651403831680998,43204.894976573014
b856a7a0-694d-44df-84e5-7df262774187,1-1,1,915736,600062,35322,214,0.3910082764163368,827,36.83089157593564,smartphone,0.4083875769605433,college,0.733139434166939,English,0.5378329243085087,0.7631154519217518,Y,0.35157725435209497,46523.130252588555
df64e0d9-db88-4977-a401-e1f442400556,2-2,0,580767,145872,39286,289,0.1838585720662323,520,25.44096219984457,desktop,1.1672038447951705,PhD,0.6478497663264127,Dutch,0.7689956640299749,-0.2446288132996981,N,1.6822341671707695,42900.60508799104
44593a98-060d-47ea-9a57-97e0c70027d0,1-2,0,837492,24508,38813,176,0.540863627055796,1410,30.372808944997747,laptop,2.0623875709275303,college,0.5046787936129403,English,0.4802563451097732,0.2675682755243439,Y,4.287598245743039,44754.3478188467
bca2bb1f-e075-4290-bb59-fdd14fd7f870,3-2,0,881777,336741,109933,245,0.6567137466151851,323,42.08206880605462,laptop,0.8365714662827655,graduate school,1.4600420403976753,English,0.2823848042860221,0.6549206053398344,Y,1.0976896238824865,44453.73307134299
9ac5e209-cf05-47a5-a394-9c733e12d8f6,3-2,1,30468,899632,101400,327,0.7078589450513812,1107,32.12694720374859,laptop,1.4339424647396797,college,0.19861582593859028,English,0.2577088884305643,0.7730067400376823,Y,1.1754522499975346,45957.05069783215
4bf638b5-36b4-4b87-977c-dbb48a337da5,2-2,0,524959,873326,100028,229,0.6836395253974623,1079,34.31188285922261,laptop,1.4389119946213813,high school,0.9162632129490542,German,0.5579924050392114,0.09458969389780536,N,1.3490242954532712,44000.54498766554
f4c048c3-5be9-4b2a-b8fd-4e03516dac50,2-2,0,73538,629783,34742,270,0.3045346132242831,421,25.15175983826076,laptop,1.107844921222464,college,0.55976045436248,Chinese,0.40088702470751303,0.39109690397780883,N,1.6383321144768488,40943.40171056338
4c958f8d-f3c9-40f1-8816-2b0c39a38bd9,3-2,0,169997,590754,19230,335,0.4684864277909496,793,41.095300292273386,smartphone,1.0670995429431176,college,1.0384396823177806,English,0.4972398619303483,0.6896466435105673,Y,1.9308319521652508,47433.26609914678
afb433da-e4be-42f4-a386-41690af0783e,3-2,1,104335,687822,93520,315,0.7497326251208298,554,7.61123384634746,tablet,0.5468043100168152,high school,0.8137733241786114,English,0.4829899481215162,0.3714787604131264,Y,2.512403856342364,45480.13536226613
dfeed816-4de9-4be7-9ea0-775157c7bd76,2-2,1,783390,594297,12653,262,0.2541939164722127,1132,51.69838452115869,desktop,1.1492968248313977,PhD,0.1552873539852463,Portuguese,0.8631437972261842,0.9024450465385903,N,1.0097691654964485,46850.43105973846
f1d9d03c-16e7-467d-8734-070773d65aed,3-2,0,538510,883190,46273,235,1.0423235884436033,559,41.982242117227855,laptop,0.12056012490438539,college,0.4175415869909238,English,0.2644043552874835,0.5257121667716578,Y,2.625791331129457,43541.48422005826
8716e0ad-f17c-4c46-97ed-2c9643a576b0,1-1,0,526127,384437,95413,250,0.5606142936928358,433,39.691422711879724,laptop,1.2476758711257008,college,1.252301102058238,English,0.2172598118959223,0.06381604730236179,Y,1.2339711112591891,47702.07715539857
817abbbf-33b6-4f40-a3e1-e0b38753e896,3-1,0,76695,28305,64782,127,0.6103690052326133,320,37.13576370461566,,0.7789246429179968,,1.2084075980961528,,0.6419913528472626,0.14791944042981298,,1.72139170325036,47802.683845448824
3208209a-6dbd-4582-ba9a-63a144f479f2,1-2,0,201418,142129,114796,267,0.3649793596221042,523,5.006322340131458,desktop,-0.006765227039071897,college,0.5822244812827944,Indonesian,0.49571117555277594,0.22534569683293004,N,1.0454389574320375,44610.57365645576
314782d8-515f-44b4-ba28-8365f8811ae1,3-1,0,480634,242787,89832,240,0.5991947973490049,1285,15.918606775168811,smartphone,1.198236275970643,college,1.0899015672451289,English,0.27782562305506997,-0.2836220281087042,Y,-0.7433266931536968,43534.182767515216
4c958f8d-f3c9-40f1-8816-2b0c39a38bd9,3-1,1,621419,274320,51773,109,0.7589640256324464,944,24.170170955420986,smartphone,0.17069068788360542,college,1.2151699475300253,English,0.625678977318625,0.3476459667431626,Y,0.8019570422425628,45590.40720431842
ea0abfe5-f18d-4fad-9ee6-4114f292450b,2-2,0,206358,296308,20161,140,0.5232819193117417,1102,20.210060060082718,desktop,0.8762391954403488,high school,0.8412900281337223,Swedish,0.37036023981764415,0.6844964324298473,N,-0.34743219374559997,42324.458391326036
5d7f8090-1b2b-425d-acdf-31cf8ff2f527,2-2,0,66744,32791,64324,266,0.31725619965766355,942,34.45915728214398,smartphone,0.8760890687912449,college,1.1025142246061423,English,0.7637617351167064,0.4041524434533328,Y,1.4258523865741912,44489.76205142283
e1937dac-e29c-4679-b93e-9d6284fd9da1,2-1,0,575625,818980,53193,181,0.585377946449011,429,28.774812138147922,desktop,0.5065768532599508,graduate school,1.4107858867807104,English,0.6509971138584691,0.33705860708040825,Y,2.5873933889682705,43506.96949152993
adec7fbd-3153-4612-846d-2a4183f03202,3-1,1,357376,734108,69567,190,0.6196284557657227,292,25.99071290746039,laptop,1.3986237182993597,high school,0.7398158198123275,Chinese,0.2929298666672747,0.9470091101380582,N,3.199597959186762,43842.78651474285
2fbeb59b-f93e-4073-8132-de082fdbda03,1-2,1,877683,189092,64699,170,0.47581324846297407,1206,19.62565897276352,smartphone,1.0648671926689537,college,0.4828138186232299,English,0.4404312608721658,0.8324240280113213,Y,1.8956731205469688,44262.343147526066
bafce4bd-e4e4-4d73-8424-2a9343c52f7f,1-2,0,883199,43426,42136,348,0.7668080628194824,1144,29.639536288441626,smartphone,0.8272057189396826,graduate school,0.02861463130965769,Other,0.5786816178775305,0.6444201998497806,N,2.326698479180361,41503.88549970092
529af3c4-1f6c-4ced-ac86-165cb41a1629,3-1,1,834972,686351,76308,176,0.5348787550001026,1292,30.89426901970561,laptop,1.193458521787752,graduate school,0.49723473537171226,Spanish,0.27856435483390785,0.18973243411964497,N,1.8169583697366036,44243.89388979166
dc6fe456-3569-43f2-b793-afaf3225c316,3-2,1,466449,104617,74731,257,0.7064899944601061,388,40.76883932944675,laptop,1.2404534324717702,high school,1.4769543323099343,English,0.4437960944073086,0.2839122610602298,Y,0.7184126777962117,43281.74597320206
f8f2d78d-c54d-48be-ae80-43fab72a956d,2-2,1,693162,115420,112796,216,0.30157693780704986,459,33.39242488349025,smartphone,0.08348907876699008,college,1.011052423926041,English,0.5424398043069477,0.1765962068714378,Y,3.0735669553760214,43576.81885025338
c7962751-a043-444e-807b-543a4b17b012,2-2,0,555755,742667,87541,279,0.5599393686443845,781,61.2123162095008,laptop,0.42926177472568405,college,2.4067942421366797,English,0.2370896412351569,1.0175150154940906,Y,2.8265714180146793,43214.776142248535
b1872ef2-f148-440e-a44e-3f12578c14cc,3-2,0,3266,482662,77696,121,0.707190227635726,321,40.32944114726815,desktop,1.1671110987126978,PhD,0.9669535962037038,English,0.33533212556275305,0.36702364324418246,Y,2.881763692607583,41975.43274980397
45fb1767-91e9-4d69-83f1-3c781425982a,2-1,1,486082,120983,136861,292,0.696298208229463,516,33.14034824399203,laptop,1.9108515943269657,college,0.7660179823106862,Other,0.41719637869931003,-0.008346071164839874,N,3.0642001010597033,45941.80844864708
dc68d578-d73f-4d91-a515-6a5569f35516,1-1,1,991441,498542,61540,317,0.6217508165710315,781,18.151505446470665,laptop,0.6889286235136406,college,0.5026044376303818,English,0.5858374967116684,0.11790842303056964,Y,3.8384046662915354,40721.93104057141
dc6fe456-3569-43f2-b793-afaf3225c316,1-2,1,444852,125369,64460,125,0.4013565012428022,463,42.67262181652636,laptop,1.9691072044302351,high school,1.3325596512232605,English,0.692841370223138,0.5192599939183662,Y,2.7978348472108254,41266.8188048655
9fa1aab8-97fc-491c-804a-f4676c40ea0f,1-1,1,588942,1016078,68392,290,0.8306892926346781,1181,49.58015187462854,smartphone,1.8088580167368684,pre-high school,1.80979592244665,English,0.6136966434111484,0.08870716920907018,Y,1.1689300455765599,45546.41388795184
8053404b-3274-4b36-a3ed-c3f4cff86dee,2-2,0,847030,110702,116091,222,0.5346963253805654,502,51.79810046583742,laptop,0.3733746044520042,college,1.6941497744888405,English,0.48925551106359544,0.6230890359264004,Y,2.6963585771967864,43966.52782899425
020bf19f-ab82-4c2a-8fb3-fbaab33412fd,1-2,0,755368,900425,25324,245,0.9005474657436523,699,8.858182977158098,laptop,1.2518958978050312,college,2.0990674361599586,Russian,0.3368908435355662,0.003132853127988222,N,2.9191079309271855,44924.77793640204
ff595b52-47c0-48de-a732-ca6f366d3dfb,2-1,1,221387,956197,142371,249,0.546434994124981,557,50.803327006993115,desktop,0.5892693334179004,college,-0.3031263932055148,English,0.5816236336120951,0.1749602028302411,Y,0.24625782589732537,46389.53520626876
4bf66c16-79cf-49d3-a150-110237af0243,2-2,1,841608,780862,40628,174,0.4788225989081781,1040,27.366415847254807,desktop,0.7569532237636514,high school,0.2397734671804187,English,0.34796174890070275,0.22772102217217705,Y,1.3492076580946997,42408.783916788496
8205439c-3064-403e-8fe9-b46a0c866470,2-1,0,752348,569313,21023,237,0.5917033249417754,971,35.36418959424853,smartphone,-0.03677671566244323,college,0.7876324026459308,English,0.33683403627518466,1.112839849199867,Y,2.306739741282299,42048.064106220976
df64e0d9-db88-4977-a401-e1f442400556,2-2,1,714730,608316,18036,194,0.4717236300872126,653,49.38814532581358,desktop,1.4372537458278754,PhD,0.9519971409434762,Dutch,0.5570328966024355,-0.24073504427037296,N,3.333068395612969,45230.13919232317
c0906133-d1a3-492f-99a2-6e5a6c56f767,1-1,0,359977,242951,271,240,0.41487168523606316,1245,55.221110344689535,desktop,0.7158298947601893,graduate school,0.4351768222124216,Norwegian,0.49623271309406586,0.8837213334404312,N,4.686419744434611,42624.983924969085
1b57438e-b823-4e70-95b2-c4659c379273,1-1,1,214584,183182,33465,110,0.4810134181966666,774,36.48613428581326,desktop,1.1325319295453913,college,1.237922430789258,English,0.2923064133492107,0.47136046899732037,Y,1.2553386019758008,44067.33670396268
e726e53d-6183-4ec0-b300-896df7bca3c2,3-1,0,17248,842490,77614,362,0.21392919715975162,671,33.93585016210957,laptop,-0.26941581679532045,college,0.5444804312556717,English,0.5852694617292358,1.053081251951535,Y,1.11426393872047,40599.35899254583
43bf127a-e9f8-4553-8ed9-5bd8a1da3ac0,3-1,0,400633,661214,119376,343,0.9531227443849171,1426,25.44504075236592,laptop,0.6137215488750051,high school,1.4914370585437489,English,0.6654813313350738,0.4235204345701059,Y,1.8675382888936563,45380.28723863527
44e64898-8cc7-4234-86f8-f68036f35eac,3-1,1,243511,485714,82515,246,0.6286296565054235,669,21.72730882906147,laptop,0.8406886151514854,high school,0.840742540441374,English,0.06347790501671907,0.451018005344094,Y,1.451129456572025,47222.633677606405
e726e53d-6183-4ec0-b300-896df7bca3c2,2-2,1,332437,480169,70434,110,0.37701224962454916,769,36.78228611412796,laptop,0.6705711056525,college,2.1949076044802354,English,0.4420038949153338,0.7607194102608268,Y,3.162764942097843,43200.721111353174
b4161534-88a5-4dd5-9160-ccca3961fb40,1-2,1,601631,553092,135231,251,0.7772517977253182,1324,53.34240340010257,desktop,0.16729828088003007,pre-high school,0.23994250803945827,Russian,0.6506408908356953,0.7230966392318847,N,0.3954573820304299,42214.13766761023
e3e994b5-c070-4cf7-941a-e2cf1f64f510,1-1,1,436054,736023,131031,230,0.34894543371357656,862,62.230795279973606,desktop,1.4562170648056516,high school,1.3750848144213808,English,0.6656120770771986,0.7559342230670789,Y,0.2851321064203036,41455.862097217774
15a5a588-84f1-47b6-8ff7-3b5dd3065df8,2-2,1,482456,95642,11244,333,0.8070752713531433,1263,35.2262893673429,laptop,1.8479060176212059,college,0.7450426235631602,Portuguese,0.3568501683295832,0.7498601662502931,N,1.7380229639073863,42948.48601488914
3979e883-9ca7-4771-a299-0d6a366f1a60,2-1,0,626214,807314,135414,171,0.7262338307876608,422,32.042048096300604,laptop,0.7564063533470724,college,0.42155019490547196,English,0.41786762244920245,0.6392397969777894,Y,1.3212912375654606,45925.13045276884
44e64898-8cc7-4234-86f8-f68036f35eac,2-1,0,311214,1002278,73097,198,0.44428762827760027,701,41.010725443092284,laptop,0.6086681753186161,high school,1.216693220202829,English,0.28710732490029806,0.2965543605164822,Y,0.41115549255722716,43235.4510792321
14d4cd1a-7cba-4495-91d7-47fd9d0990e6,2-1,1,112367,509048,105162,370,0.37847175744510203,1372,43.36930865662891,laptop,0.8706362286662956,college,1.823210276991345,,0.6211321820765552,0.6484172419590455,,1.8581750033052675,47033.51261643127
8e9004ce-deac-4c35-8176-a799b50f944b,1-1,0,369958,126103,75342,127,0.31568995780944986,399,33.33917781175467,desktop,-0.062108178928516056,college,1.3276933346769395,English,0.536444227060481,0.890614778058095,Y,2.6770386779242124,44094.725962167184
4bf638b5-36b4-4b87-977c-dbb48a337da5,2-2,0,382597,157575,142089,187,0.49158587111385116,665,45.687236274706095,laptop,0.8903549474863992,high school,1.502438148013432,German,0.6003071938295426,0.20154615748076476,N,3.1596437297999653,44232.24100503445
11db0111-539a-45d2-8e6f-8e0a3bb6cf36,1-1,0,987510,55668,140986,265,0.42622548564124246,1217,41.05375627567872,,0.5650858012281283,,0.984291957167601,,0.5164692348235116,0.012161158890154511,,1.925469455425184,42675.878393161714
2e1d768a-de6d-4d56-ba2d-acc494ec8687,3-1,0,170947,66321,11048,240,0.14155128693397911,1171,52.5967742495629,laptop,1.236616855720346,college,0.7454190352974841,English,0.4265622360518853,0.31736450389952975,Y,1.2000608250309823,44354.470583848335
fa08b044-8623-4659-959e-63953534e08d,1-2,1,493818,21847,48650,139,0.2511322136854388,1264,36.157924989691026,smartphone,0.03342140442828745,high school,0.24407208372802403,English,0.49620318956991855,0.8231433865467737,Y,1.2054390545781608,43629.2559198171
1807eb20-6d3a-4efc-a8c4-8901ef1fca5f,2-1,0,469591,456741,132475,208,0.7409329173933604,832,19.70478840043928,laptop,1.3480462423697166,college,1.1666670189234583,English,0.8913115950835424,0.9275478131422812,Y,2.131516091910545,42388.800505908766
9783faf6-c2f5-4343-a86d-f6312c95f762,3-2,0,689110,778321,126503,261,0.7515993485957907,941,48.670831622063865,laptop,2.1121606382107108,graduate school,1.0926269930066068,English,0.9447592081406195,0.3634210376315359,Y,1.8433582040366407,43517.79030909728
94001a0c-b948-4223-a92a-eebe14c48d2f,3-1,1,985968,503956,86687,358,0.6368003606183472,727,23.135157895363626,smartphone,0.780227986309777,,2.4342358266073916,English,0.6701055114990335,0.29704842196836384,Y,1.7838890046936435,44099.043202440815
05407942-f651-4129-adc8-541378ce6ac3,1-1,1,902206,122673,49783,331,1.1515621670560146,1042,51.8882178318227,laptop,0.8404653567870836,college,1.3641860648420254,English,0.49578863267527207,0.8525335989744101,Y,2.5654215484252902,44130.57334931599
6aa0c48e-1055-44d2-9d58-385715962733,2-2,0,1011138,474135,105409,365,0.37724092939276044,788,23.36374977755908,laptop,1.2808520351399433,college,1.23885465790409,English,0.6207851528312814,-0.32811273377276584,Y,2.737801333022538,43832.755361550626
2e174514-6907-4570-ab73-1d42a3521a95,3-2,0,961464,438453,46832,134,0.5038327568151553,528,31.461125134786517,laptop,0.9096701316449043,graduate school,1.098102182861515,Finnish,0.8873116796571789,0.6404377732122796,N,2.0142425421349337,38936.5163393358
ea2dec1b-93f0-4fdf-abd2-49c6087d3b5b,3-1,1,965460,321008,58147,221,0.3058356890210119,544,49.722777618542835,laptop,0.5928392554816282,college,1.2139651590853944,English,0.5722050966531882,0.33933101238016616,Y,3.2857971079915487,42889.24362566785
f9557d5c-0a28-4f14-b9bf-1a0308ed9546,2-2,1,353379,644187,67078,132,0.15858747361017478,1150,29.220949870672424,,1.6585599482873303,,0.8740161273634688,,0.6764785359361035,0.8524573329443402,,0.6958953871240701,42527.12492443373
b038618b-9b28-43cd-b9c1-ac984372d993,2-1,1,423693,825486,139413,288,0.6995709249159255,703,19.80208512565923,desktop,1.619402675310412,college,1.7899378310125516,English,0.3910871166347179,0.5362654908939632,Y,0.1360024882792683,41943.928007065064
8ee203f2-ee28-4529-bce3-eac1a57be7f8,2-2,1,791737,22079,101090,359,0.8958714215334689,362,24.656455838275733,,2.245407911051827,,0.807798221435795,,0.41325409429559556,0.8430094967253194,,1.034159816287737,45736.976436583616
30f84640-2830-433d-94f8-24d5a11d93c1,2-2,1,656277,229982,51408,201,0.5120858600037864,992,42.27442023301706,laptop,0.9621196405387846,graduate school,0.7327233272348098,Vietnamese,0.7533996638339552,0.46831118056299836,N,1.3867020474991487,44566.36028038746
475f8bb1-e661-4dea-af87-86ca2a261e7f,2-1,1,974071,495410,64090,172,0.40259440378572414,395,50.379109150140394,laptop,1.6650417594416944,high school,1.1461288544081045,German,0.2017502402495034,0.2449894725728799,N,5.214546086465093,41258.9279968391
aa6ebb2d-1a1e-4fc2-8f8b-146561327a41,1-2,1,241015,5524,64367,282,0.4525884988559107,1347,55.38926977123057,desktop,0.7182148163231474,college,1.147522847891104,English,0.49960254027982154,0.5617259332056586,Y,1.258979525552827,44034.81180346397
cef9fb15-e845-46ae-8282-8e7247078df1,2-2,1,606343,492582,59108,162,0.38064630512381137,1102,36.24680858137398,laptop,0.09067505594449488,graduate school,1.5625824528494627,Russian,1.0351833913538968,0.5464782327407113,N,1.8299367653452918,42700.83594045329
0111fc3b-685f-4756-9692-67ace3297314,1-2,0,448068,233514,127890,301,0.7020090575411065,1221,50.60309067372522,desktop,1.1455465300707244,college,0.14310837929588693,English,0.3652233276217573,0.31665057817321884,Y,1.1107674306287318,41533.373648436
f8f2d78d-c54d-48be-ae80-43fab72a956d,1-2,1,774702,241051,24594,343,0.3512978872730135,1139,40.65808297273301,smartphone,1.5955631465296127,college,1.6746572450694972,English,0.38338556345617864,-0.2420186231819299,Y,2.790973060618721,45404.722335109225
6965965e-87b6-46cf-97e0-3b7960e277c1,2-2,0,744105,49973,26750,141,0.7342479613669171,953,31.548831030582782,desktop,1.1243170174164125,college,0.22700623505251738,English,0.4555957173420476,0.03648702834561929,Y,2.2571433586862666,43415.69503057795
ba55d704-303e-4928-9c5a-9c2838360e3d,3-1,1,507802,33212,122757,350,0.2954266608171361,685,40.246874823797015,desktop,0.9875355353714632,graduate school,1.3385909149264457,English,0.580353230173353,0.4903902112078641,Y,1.7279563631093484,43504.03542085529
db4b8bab-f58d-4d9c-ab15-18335ea4b16e,2-2,1,453518,46607,44940,351,0.6014245025811149,341,44.177715587260344,laptop,1.1866968975783898,college,0.7532331669820149,Other,0.18895758221872094,1.0296786454336657,N,-0.003151009436945129,43376.51567409008
8711ed93-34d0-4b16-b713-b1ac804d7742,1-2,0,15532,67116,4930,375,-0.10940500882861337,641,42.90317124521658,tablet,0.730004663169961,college,1.3542099763366109,English,0.4162851363169454,0.08593589062707757,Y,2.9621586249985055,42422.01819613829
72deb366-7970-47c4-9c54-b58c17c8874c,1-2,1,842487,936811,56570,210,0.547513898070336,473,36.008871478100964,laptop,1.3034742911270187,PhD,0.2557732427573298,English,0.45666745070112236,0.2288714242956088,Y,2.42432107122389,46093.62256529934
dd12faee-44a2-40b4-b2aa-276cd7e690dd,2-1,1,816919,969220,33543,116,0.6096402773605392,1413,31.685402225512483,laptop,0.8211803582916226,graduate school,0.8614285257998942,English,0.6269028520560086,0.7351062313095872,Y,0.58723086064701,39030.28558171098
24aa2b4b-800c-4a4a-bac9-727b1065e142,2-2,0,248295,470585,68995,124,0.3412631853477386,441,38.03885447560772,laptop,0.8989922628438402,college,1.0127705949351622,English,0.16311209290519868,0.5201893669741485,Y,3.7906022029825213,43344.48339719832
dcf4d35b-0244-403b-ac65-5593edf94d6c,2-2,1,910059,232814,19309,178,0.6319948742196765,1372,24.538142387745058,desktop,0.8008440325444989,college,0.8236020936782303,English,0.04185469065102737,0.4153136606691741,Y,2.9843398498908247,43458.97906010559
bdf3a343-8379-4a21-aa09-be0ea98c2e96,2-1,1,962244,253791,92267,189,0.3767367540535532,1375,44.52563179058765,desktop,0.24092165598343007,high school,1.3243806432420622,English,0.6396929223613925,0.14698209977261112,Y,1.6846392156991818,46523.99417688239
84e4310e-79bb-469f-a212-a280f0defc2f,2-1,1,81062,734157,52981,380,0.1862548349457423,776,31.76012208472323,laptop,1.2680136109867899,graduate school,0.7191791048358895,English,0.5731690729767935,0.4561273195119965,Y,1.09718680435006,43886.949203889795
30f84640-2830-433d-94f8-24d5a11d93c1,2-2,1,398448,64785,70299,294,0.6724265929209388,430,22.78626071483314,laptop,1.3044513428389237,graduate school,0.8625489369099782,Vietnamese,0.4147403657032868,-0.18474423412404029,N,-0.8193898543844411,44470.811768692336
2baf6ca8-ba5b-45f6-860e-359b139766f2,3-2,0,852384,961721,23004,369,0.4571841297110766,988,47.257899636373935,desktop,1.5432749383066455,professional school,1.0383050619033907,English,0.6193034868247093,-0.02593199909892485,Y,2.1307851288386837,43536.93426277107
c0112282-2a3d-4efe-af95-387d581e0a98,3-1,1,967895,746960,50902,178,0.6607364132925083,633,57.822092897142255,laptop,1.1162460535088783,high school,0.9154606302519834,,0.5406261347833671,0.4201031981227236,,1.7717752930231172,46127.690246265105
9ac5e209-cf05-47a5-a394-9c733e12d8f6,3-1,0,15188,995684,14284,171,0.40367615535564816,1064,40.45189196558213,laptop,0.846495457860003,college,0.7278086846094574,English,0.2597824977548418,-0.1391444458148524,Y,0.9410139489054795,45514.62082707437
8053404b-3274-4b36-a3ed-c3f4cff86dee,1-1,1,67756,603581,307,210,0.47575208178621436,1245,43.877341009792005,laptop,0.5567221727354557,college,1.9766541225921497,English,0.3923057561861151,0.08136043753346006,Y,0.014901825755413212,44670.11388884915
bb13e1f2-6905-4fb4-89d7-e517633755b5,1-1,1,420668,143043,26397,283,0.7601780730597416,1267,23.526047370533412,desktop,0.5477777848727733,college,3.068886625709239,,0.30943314501149466,0.014745126040901613,,1.389696719009329,43102.53302144552
55ceb008-47a1-41ef-82f8-5527e474f4bb,1-2,1,392100,594474,60556,211,0.7878401271733552,416,29.859621372135443,laptop,0.5744618601784248,graduate school,1.0459251325874224,English,0.49671237449077216,0.12377267928726171,Y,1.8795063925699969,43504.99130682073
fd573d43-4bb4-408c-a8c5-790b562841e6,2-1,0,785743,632697,70598,303,0.6880976732681997,551,23.947880997088824,desktop,2.112920189643666,PhD,1.0192388718701018,English,0.4323407114643278,0.28939521239828603,Y,1.137060294409694,44576.11632490415
94001a0c-b948-4223-a92a-eebe14c48d2f,2-1,1,161636,594707,22827,341,0.7750845727034748,1007,60.70815181425705,smartphone,1.492172043888248,,0.402134985448667,English,0.4694913499517007,0.4531564082500884,Y,1.0589601634171348,42769.18523759041
ecae14cf-e3fd-4699-80a4-5aa81bfd8076,2-1,0,110468,90795,25868,258,0.4528868042011642,1128,33.165406671123186,laptop,0.3260138325240445,college,0.4096460251888161,English,0.38509766147121094,0.6679952856788118,Y,3.142046260890846,43928.35844964705
e66ac7c3-faeb-4b2e-8dbb-929d29a3bb65,2-2,1,411193,972198,116783,307,0.24166095896688727,869,32.544063154497515,smartphone,1.6852813373526916,high school,0.9715469824434505,English,0.4473789889634089,0.9806771906468534,Y,3.231501788366972,41505.7569079059
b1a27fa0-3a9b-4b77-9c22-2f7ffd839812,1-1,0,597246,691297,52952,209,0.5689377857319958,1026,25.65188368654416,,0.6927748206849641,,0.19838947703589693,,0.6285190857663947,0.6189267554552752,,1.073552684660248,41502.2695665593
5ccdee25-cad2-481b-8033-c90162b98ec7,2-1,0,2997,813335,81468,142,0.42413903457904456,328,41.75432432563915,desktop,0.6211827331308962,college,1.3142536302326806,Other,0.41876452519577645,1.1977628369329878,N,2.6554838773934417,40894.53363512437
db4b8bab-f58d-4d9c-ab15-18335ea4b16e,1-2,0,137920,614802,136583,222,0.4046106374917957,1139,50.764147988423446,laptop,0.6256767955434763,college,1.1371052596000764,Other,0.6244011849960869,0.22872177826293272,N,1.4978182953485655,40884.09175174813
65856aa0-65ac-4bbe-835c-61ccafe631be,1-1,1,443095,356273,97626,358,0.20530026225135134,558,51.85156277960364,desktop,1.712663479843819,college,0.5697212216164196,German,0.6331769113309013,1.3175571179128385,N,1.1380622507457665,46934.761051603506
93ae865d-c378-43e3-ac66-f429add5f358,1-2,1,417075,494054,102439,112,0.617498082335604,1324,29.998592125375882,laptop,1.025817386837243,college,0.7288665900179983,English,0.33965621974826554,0.674219113862941,Y,3.1208683206022796,45539.68578850241
ff595b52-47c0-48de-a732-ca6f366d3dfb,3-2,0,615200,579092,129158,235,0.5243389112140227,534,57.470130986389876,desktop,1.714161048870622,college,0.807515829663616,English,0.6959316047660475,-0.02497905634359099,Y,1.1646766681048715,46522.12885813888
e726e53d-6183-4ec0-b300-896df7bca3c2,2-1,1,120920,564603,134803,198,0.6066425486199376,906,47.21931318273849,laptop,1.5198592894511063,college,0.6656754056633845,English,0.43247736375108986,0.352486416128553,Y,2.043268696935018,42576.81971056937
1ea0eab0-36ee-4a7f-a855-db0d0c545a87,1-1,1,908344,364392,123027,313,0.12599024085116073,1133,33.173007666118515,tablet,0.6220525147435203,graduate school,1.1513608627580378,English,0.26662255789434963,0.9594166235521936,Y,-1.0509508506262888,48507.13238871908
e4766279-7658-4830-b9a9-93458033e880,1-2,0,47218,74970,38292,144,0.44545334105258566,891,59.802610493741895,,1.1421867059619628,,2.2248746575971685,,0.340229478720661,0.7145864662933196,,1.4814341504110047,42562.58964975928
c76dd3b4-df4e-460a-91cf-30691faa6703,1-1,1,736233,529555,36417,308,0.4078426383874911,996,32.57465445706542,,0.1335010197886568,,0.4315247753858441,,0.4041669764945116,0.10373093379772186,,3.307078386230118,45773.66894530086
65856aa0-65ac-4bbe-835c-61ccafe631be,3-1,0,605241,512797,65693,157,0.5691425683904601,1283,46.26705735577105,desktop,-0.10030491666707331,college,0.869704170840878,German,0.4564405674074733,0.6999666031766676,N,1.6785557865106748,45366.9064216357
ac03d866-ecd8-41e4-9938-c4b098048187,3-1,0,632522,534881,76803,249,0.14184937151678323,852,19.672686753076135,laptop,0.9830062700843543,high school,1.3424225925638709,Turkish,0.6997994213000684,0.7921454266419456,N,1.791487937973282,43866.438275966546
b60fd095-b0c5-4946-ab0a-4901ce69f617,3-1,0,171034,158877,50568,259,0.024657091214016047,1149,47.47034868477602,laptop,1.538256295517411,graduate school,1.357510967931998,English,0.764324688798248,-0.03413819567008758,Y,-0.025043991677986988,44154.330563670446
63cdd570-1369-4f2b-9090-d5b6255c51d2,3-2,1,936533,51938,105811,321,0.5201356595084233,372,22.001692442916266,smartphone,1.2438249962767496,high school,0.5967851589283792,English,0.5005738475314019,0.3897642990999808,Y,3.5550715604500924,42898.749820218036
6fd65cf5-962a-4227-b24b-b2ef6f590a96,3-1,1,82327,163137,27254,220,0.7880701841299306,811,26.03562131742213,desktop,1.5905275250708824,college,1.4875319962537696,English,0.45278023093144915,0.9432319273197494,Y,0.7093344873082577,41941.510461123755
71ebc1ad-ebc2-4c5d-bc77-e372bc1b0159,1-1,1,24569,910295,46024,233,0.06507251631337041,777,35.23167466067898,desktop,0.5236882565101959,college,1.4306882265943657,Italian,0.23165393371353643,0.20678251897369382,N,1.7098276795663414,42675.1886599239
471fa2d8-87bd-4cea-8ef6-6c24af87fbc7,2-1,1,176593,688272,14440,158,0.2477433771578334,1278,16.85662772463577,,1.1983887668149606,,1.6582723475760583,,0.3711038538714363,0.2336939944141022,,2.203453644510164,43930.68745342962
dd12faee-44a2-40b4-b2aa-276cd7e690dd,1-2,1,593249,496282,63758,281,0.47626590566928184,480,20.516232335959188,laptop,0.7292980309268291,graduate school,1.6188834031062833,English,0.4343361448046661,-0.23064574867195342,Y,3.981822136241042,45387.42021538807
9294f017-a752-4e3f-9266-06922b940943,2-1,0,20904,877520,57500,154,0.5460056603141876,1075,39.96850448306171,smartphone,0.5529380055890927,graduate school,0.9922427170701902,English,0.7116101137467995,0.9068962961366569,Y,2.437142710100023,43989.406458114005
74a79217-122c-4027-92e4-05a4e5fb0b4c,1-2,0,133470,368458,7486,165,0.7079210511785874,1025,42.46786760149008,laptop,0.16529451430223796,college,1.7232367860937536,English,0.7768900534294656,0.4943685040968381,Y,4.163244952438503,44830.363438630746
65ff8233-c35c-488c-a692-f140a8bc5f64,3-2,0,471966,912228,5828,296,0.5971202269045823,703,42.644712611387895,desktop,0.9827270333950995,high school,1.3316554174370734,English,0.8636026127665841,0.7684204031628783,Y,3.0595082053753555,42106.161223928764
c0906133-d1a3-492f-99a2-6e5a6c56f767,3-1,1,295228,747098,85470,121,0.3811223898501965,300,18.4881124056919,desktop,1.02529477601379,graduate school,1.3332335796017118,Norwegian,0.37624520424542607,0.503583287342479,N,2.370935108391503,46372.65658967918
63bc2403-a08b-4c51-8b2c-01e6cbfd54d3,2-2,0,955289,73023,107628,279,0.36281773391776295,1015,21.25804143225642,laptop,1.798795222571469,college,1.1725949599056253,Chinese,0.26090497286890324,0.668569932066088,N,2.0866552342929965,43125.56812473166
134bf53e-1ea2-4b61-b39f-a1e444535f80,2-2,0,1013130,488671,96021,318,0.43893997726651424,371,37.59156253818803,laptop,1.0634802879177703,graduate school,0.610864191867569,English,0.5293471103114847,0.5680534518732717,Y,2.375349972066889,41734.067748257716
b95563e8-9d70-4aee-8c29-b2d677981d92,2-2,1,704309,812942,108461,117,0.04883351164317645,646,23.307806007321567,smartphone,0.9434238169912483,college,1.4475062208406988,English,0.2973204420507759,-0.18395826586012953,Y,1.1477470609221272,43210.71362344223
9841a311-d989-42d7-9ea6-f5d4e981c98a,2-2,1,22339,818329,117250,228,0.627209312729599,849,46.78155823109894,desktop,0.28230359696510776,graduate school,1.559451219437162,English,0.6507160270062234,0.6993736175050442,Y,1.8402263919827957,39450.84528984304
512ef0df-48a3-4796-9919-471f50f25df1,1-2,0,583769,41990,7986,295,0.17165214521326644,1246,37.869334787362746,smartphone,0.3356296056569401,graduate school,2.152831109513829,English,0.48408698480615625,0.8942561917492755,Y,3.4104542306766525,44839.166503870874
c99a4a23-599b-4fcf-905b-a0330bb7b595,3-2,1,617398,470329,29947,193,0.1354424787703471,733,42.26153314263227,laptop,1.1302005292597772,graduate school,0.2993999120878956,English,0.5659825350978025,1.1683744105783989,Y,2.5330419060797236,43661.73675244069
55ceb008-47a1-41ef-82f8-5527e474f4bb,2-2,0,183091,322950,39252,305,0.2671201083869388,442,38.102450288425835,laptop,0.8927476262468909,graduate school,0.6579510107794024,English,0.3361721268394276,0.4827307043268192,Y,0.7048560057694515,44948.10341232313
f74db555-3110-484a-bdc4-b09f6cf1c720,2-1,0,1572,138582,69791,369,0.5728916926891426,1012,25.942449583491307,laptop,0.953012856193662,college,0.7848175645980265,English,0.4621896031376517,0.7657753119824383,Y,1.0065618816031852,44498.503377126384
e260bb95-bce4-410d-b0de-baf551b2b5a5,1-2,0,700533,479470,46329,143,0.19648732375635058,1138,54.63636630983174,desktop,0.7661054018974072,high school,0.32767585403733435,English,0.7958673114638094,0.17653551848078164,Y,0.9146279519090705,43637.97500826317
cfee68d1-90c7-403f-be8d-bd8b7abc1b67,1-2,0,190315,820381,130695,144,0.5199198522049981,544,42.67919351033753,laptop,0.5941241811820299,high school,1.560157535312673,English,0.7062588991721157,0.5923189331199479,Y,2.304559162822232,43841.973732518636
b74b7a54-edf6-4d3f-92d3-8dc119424956,3-2,0,708357,21124,30586,366,0.0845842792487877,1078,35.28532076030104,laptop,1.033458757293828,high school,0.9641024289724521,Turkish,0.3786421149370712,1.053428753064834,N,0.9579025213014325,45917.26359087032
0fd5e38b-fd91-40c0-b154-d407eba53e1f,1-1,1,281774,723756,114062,328,0.34553458640203,968,57.61722013537389,desktop,1.049741451022961,graduate school,1.4537238480398191,English,0.4766902984912577,0.8085303331087981,Y,1.5094606799899972,43009.221698394635
6e1bdd21-d51f-4497-a684-654edc44a6c9,3-2,0,245938,326288,125458,180,0.9538440446098306,1369,36.22929088323449,laptop,1.0663602721215901,graduate school,0.2803985208108062,French,1.0237919968255036,0.3934915707326705,N,2.4861843636094725,44660.247087672244
5d94e05b-6915-4406-9c52-0e12b11f5c0b,2-2,0,288984,417547,51928,252,0.5376088078792968,778,25.52824298602007,laptop,0.5807730903791614,college,0.3824647155110512,Indonesian,0.11245651020884212,0.19607277390369393,N,2.2540541127447904,43004.171950075644
ea0abfe5-f18d-4fad-9ee6-4114f292450b,2-2,1,1012163,831982,101162,296,0.3734075859521792,749,26.036936319687015,desktop,0.6995168603044528,high school,2.3855178455132524,Swedish,0.4371473900582905,1.0563830561737113,N,3.8885824821925064,43959.18812656634
fff115a4-7e00-4376-888b-03c5bdee5f3a,2-1,1,321408,437117,10361,307,0.3135425536769226,831,50.57116452996591,laptop,0.6145780333471312,college,0.8136381226544274,Spanish,0.5531607666190481,0.9168067080504563,N,-0.9145781765806476,43773.4677186866
3208209a-6dbd-4582-ba9a-63a144f479f2,1-1,0,512886,109723,128819,124,0.6448033060787657,396,47.6086697386667,desktop,1.7503269907274075,college,0.5457631379149132,Indonesian,0.9905817728758752,0.4960624697332688,N,3.684547446789386,44381.09633882198
20707557-d86f-471c-bd39-ce12b5d290c3,2-2,1,946353,885313,142464,219,0.6608829215448826,995,24.705618574333933,laptop,0.9105237525175423,college,0.9701217010413189,English,0.2170113737696781,0.5990695230624115,Y,2.6398263745560997,44900.78793245115
6b74a260-9d07-49bc-9cfb-6fefbe9a718b,2-2,0,503308,305401,88350,379,0.7444501000020339,524,44.84409274837535,,1.0821998869097338,,2.2589202902538035,,0.7547953754161182,0.8971996291987898,,-0.2602007465817129,45574.18449815542
ff595b52-47c0-48de-a732-ca6f366d3dfb,3-2,0,646993,765259,70722,260,0.8734396591387115,490,29.01627234469774,desktop,1.4780729914310469,college,1.6442891569340783,English,0.6597487745120992,0.6464414382369598,Y,3.270002941656725,43753.92871696369
0d84e944-f2f1-4a68-8fc5-719111349ddd,3-1,0,369134,232570,116535,303,0.5503565165279611,1129,30.84074178926452,,1.0298312512394945,,0.49376224077328,,0.11274724645231221,0.2351417568698223,,0.852375902665538,42576.89810432179
388d3669-9c70-453c-ad4c-0d18eedac5f9,3-2,1,839655,770134,65591,310,0.5578912015493636,528,36.92371714004955,desktop,0.6343312102315692,graduate school,0.8777244891187883,Other,0.44133806710705054,0.38573172729914174,N,-0.4875081912431565,43474.135435963035
c16c936c-e99b-447f-b617-9453bbff6d31,2-1,1,164674,70479,49835,269,0.41530637545959237,788,19.85786025401987,desktop,1.400312662431126,high school,1.5152621092305236,English,0.6198209324406085,0.47497282855367456,Y,1.409078797250675,46025.03812833009
dfeed816-4de9-4be7-9ea0-775157c7bd76,1-2,0,378521,23015,66660,289,0.3963002195323058,1372,51.73230565986823,desktop,0.2826574734112073,PhD,0.9537722147117588,Portuguese,0.4066972410523547,0.9775716469921986,N,1.5668302051686676,44242.46873052815
026078fb-bbd3-403e-9003-57ef39309521,2-1,1,755238,185358,37965,362,0.6187314404460499,1227,34.65615579259599,smartphone,0.5830800988614532,college,0.43150535178463634,English,0.14619286262477288,0.8098940703265433,Y,1.9924737442893425,42929.53762003223
bdf3a343-8379-4a21-aa09-be0ea98c2e96,3-1,0,941080,1015442,97706,245,0.23631263854998813,1281,11.63059510436251,desktop,1.3231209940155546,high school,1.745278702435738,English,0.5218298306135676,0.6081509189732922,Y,0.8992832070297792,44546.57408966051
e4766279-7658-4830-b9a9-93458033e880,3-2,0,799969,472650,114333,188,0.4454222528201896,1315,44.2430448694503,,1.4002173968167617,,0.5820147658909715,,0.2921664058209376,0.6820994178813125,,3.3425332488901818,43850.92430113939
27d0e742-13f8-4911-a1d6-42cbea5067e2,1-2,0,1005306,774655,120220,311,0.636533481869201,1142,27.238193950752063,,1.725463593843452,,0.7926921272016844,,0.41777854298123296,0.24282451284215634,,3.484615793872292,40117.21506768996
44e64898-8cc7-4234-86f8-f68036f35eac,2-2,0,793589,213664,120557,243,0.43104956062094923,1326,52.851730815053074,laptop,0.7134997482076259,high school,0.5745532567517166,English,0.5942500878858415,0.5936004483667292,Y,3.8724201867821764,45151.336485321845
722b0462-7e9e-4278-8d36-9495f6928afb,3-2,1,866516,925444,94053,141,0.5050098196751862,1254,40.92847648819001,laptop,1.3219216362611519,college,1.2000709664115676,English,0.36705186216245783,0.3798912677295413,Y,1.5737637706589398,43308.49123918084
70d89d2f-00f4-4b1d-808e-ed50b71c3e5f,1-1,0,386389,1007959,93775,310,0.4716243900805326,1325,50.44429818389682,laptop,0.5921980934303326,,0.5400789321737254,English,0.4447693540107714,0.6979491185179678,Y,1.5311024337628336,44858.4306747204
336708c2-b201-4f59-803b-092eea309d6b,1-2,0,249159,763371,141091,222,0.204867115400781,1059,35.27540049642879,tablet,0.45117717787640943,graduate school,0.6703313655398672,English,0.2094290996766866,0.5066249903402104,Y,1.2946829068691164,46543.16389466392
8cc63a40-be0d-4ffe-bf7f-45d515c40b6c,2-2,1,134313,631749,126068,294,0.26248603697125955,798,21.869787871932758,tablet,1.5531866270119155,college,0.798055327291558,English,0.09376891939036791,0.4024611262476497,Y,1.2112541718328949,45364.593789124585
621bf4fc-6499-4c5d-af7b-25ab04eeb70e,1-1,1,661491,197853,121306,303,0.15786120224042627,1091,36.76113581249016,smartphone,0.7919146231841935,college,1.2923969730173608,English,0.4189178315567327,0.26812407422439466,Y,0.27014952421686744,41798.73072223925
74103437-cefd-47b1-a905-d85399f681db,2-1,1,982070,884360,62828,303,0.796622964826424,1368,25.559917112879546,,2.2775069832941135,,0.5979408810325312,,0.5375716412909655,0.5896669625042631,,1.0771912134623327,44622.08397008495
55b18dd9-dcd2-4440-a56b-8443f3fb1c43,3-2,0,109130,64273,132311,231,0.5479203199050506,490,2.1865261168036128,,0.5918381260326144,,-0.32300970239985416,,0.6123827253386595,-0.18228108559719158,,1.1842326972158315,47082.79522817402
cef9fb15-e845-46ae-8282-8e7247078df1,2-2,0,465077,928018,40952,310,0.012908568518922414,1064,59.563080705791634,laptop,0.38615536510666604,graduate school,0.6037255595022368,Russian,0.3089705941918609,0.6218862922394145,N,-0.28995754301727983,42189.944240714656
2969f3fa-0544-46ff-b5ad-5f14fa846a7f,3-1,1,881343,37221,52160,379,0.5717147091340085,1227,43.64009707498226,tablet,1.4573967982477434,professional school,0.14218447641044407,English,0.6896269089418656,0.13174578766192346,Y,0.5203835053848846,45309.90779190047
4aa80c95-24fc-45e5-b3c4-102653f15325,1-1,0,708419,824800,44704,318,0.450905258702818,1240,37.46212625955831,smartphone,0.7610524282543816,college,1.677176958598946,English,-0.10343407783752612,0.25289220570427606,Y,0.7870350917683095,42939.79167802244
8e9004ce-deac-4c35-8176-a799b50f944b,3-1,1,990742,77222,26626,253,0.5590616695025078,771,15.737861769772657,desktop,0.4989802167102111,college,1.1566515476111243,English,0.7133401310578371,0.3917741238740443,Y,1.8233688814284126,42733.31703485607
0ee8e6e8-930f-441a-8244-d7788041cf5b,3-2,0,13690,609813,9177,227,0.06048022588934526,726,61.36777272915877,desktop,0.5749431907615272,graduate school,0.9379384601332701,English,0.3535405747070287,1.0952752396362355,Y,2.015026134052859,41388.34676001209
dc68d578-d73f-4d91-a515-6a5569f35516,1-1,0,987867,731681,102547,214,0.10590510984277945,1059,35.92705846074722,laptop,1.7252803594948527,college,1.4288517145459148,English,0.5220364912884483,0.9126650552580005,Y,1.700892264783525,42995.70105035116
7c57c624-9ceb-493f-a5a1-f4542209969f,2-2,0,796062,925265,140670,235,0.23234410495675611,1359,22.044612290075413,desktop,0.34137809457669765,graduate school,-0.1013294541972738,Other,0.3151076491704004,0.8865609970786997,N,2.444437875802519,43304.30060523669
fdcd623e-9c2f-4ad2-9d62-6901fea13049,3-2,0,914571,355545,16152,346,0.7820434248857241,1301,39.844269981047134,,1.2012997104518641,,0.637993782975276,,0.11482771069337361,0.3917279828998013,,2.1423346281672098,45402.38732099038
76d25023-7920-4e91-a62e-db630eb472c5,2-2,1,822424,653,48851,217,0.5646834314675864,415,47.036546207871396,smartphone,1.5360344549847662,college,0.7042614016819086,English,0.7069372620170578,-0.17515550710645922,Y,0.740733167651056,46354.5260747861
525bf1c5-7405-44d8-a086-43a65dd46da2,3-2,0,466338,657132,43890,265,0.6087820785805622,1351,45.05104770521784,laptop,0.9711399092239918,high school,1.5449429035019735,English,0.6444745314112923,-0.284309940058722,Y,2.1129297134449,43193.9466605694
aa6ebb2d-1a1e-4fc2-8f8b-146561327a41,1-1,0,491214,98912,28788,235,0.6258509196249127,625,50.87882402353089,desktop,0.8227070749168011,college,1.5439789904137524,English,0.35659873929142205,0.5538388099293879,Y,0.8071416228882478,43379.904941272136
72deb366-7970-47c4-9c54-b58c17c8874c,2-2,0,746087,668816,552,299,0.45345756818655963,742,23.21067022896633,laptop,1.8656366369190098,PhD,0.8813767094123495,English,0.3343406799923011,0.7068350527300375,Y,0.7541803412526233,41178.556467484756
2ee3c271-be10-41d8-b778-9c5d7d5b6e52,1-2,1,754115,912444,88278,383,0.5198531409434202,1221,46.3884803589199,laptop,1.1102583901434564,high school,1.3452586346546953,English,0.24172843179026932,0.9503354120093735,Y,3.876668156603974,44974.357359522546
89f7f011-b480-4c6e-b249-c5a19f5c65d3,1-1,1,225339,985758,14794,190,0.22058666893582818,319,59.589132178988564,laptop,1.896135407504427,graduate school,0.9398717085427833,English,0.26471897913823456,0.9868742099411602,Y,2.929947759149866,44834.49318995896
60fc017d-b4ee-423c-9d56-6c2a06a3697a,3-1,0,682406,914367,27220,227,0.7032976824053888,511,26.16464724100948,desktop,1.4637931540423237,college,0.6217979547095056,English,0.4861096081185209,1.5952365643406707,Y,0.5793722955939946,42442.78669911931
63cdd570-1369-4f2b-9090-d5b6255c51d2,3-1,1,361298,98224,28816,147,0.415066012057564,1198,28.57464583163008,smartphone,0.5307468408725455,high school,1.1040269230872402,English,0.5649871301656838,0.8921883054954425,Y,2.682953926458459,42794.83330513107
74103437-cefd-47b1-a905-d85399f681db,3-2,0,631690,490862,108189,290,0.4354332890631384,861,39.13753707405435,,0.7127888528716297,,1.2228416634224535,,0.6460958322282555,0.48671334907238156,,2.9329300905951334,43954.76581067576
ba947df3-ae38-425e-a2c4-d6dd7839b0fd,2-2,0,925520,923957,112300,330,0.23129614898976425,314,35.598042367431766,laptop,1.7174171950777612,high school,1.7412572559451527,English,0.8800914100215171,-0.3118338607311857,Y,1.3793806956905263,44832.080905573486
0d84e944-f2f1-4a68-8fc5-719111349ddd,3-2,1,473614,6354,101252,213,0.46462230068442806,1391,34.277546698686166,,1.0957231843525947,,0.7531522160366394,,0.5736086254740135,-0.04743594557159325,,4.310149855131194,45045.164651069375
f74db555-3110-484a-bdc4-b09f6cf1c720,2-2,0,320261,712892,88802,370,0.6552053113384428,868,41.64704614456946,laptop,1.8084696575076968,college,0.44999318945412214,English,0.6200016327909026,-0.11669369454051137,Y,0.3328560517631185,46031.695102007485
100567eb-57a5-424e-86c1-4a02cc690c8d,1-2,0,458168,2279,121994,270,0.975080671838957,393,31.39214877480285,laptop,1.2860057695011502,college,2.5359175945300745,English,0.40313897681156247,0.4634107585634756,Y,-0.07105007305808009,48454.17832490235
840a40d4-fee9-48cc-a027-58628a5ca9e6,1-1,1,138375,280807,66509,341,0.5922443749633951,1113,20.273384201515878,smartphone,2.421591139414687,college,0.17330503552740228,English,0.7820591135983356,0.9499416167591361,Y,2.8466869964480237,45164.1332298102
44b8d6dc-2654-4d3e-8ae8-d34908f2fe54,2-2,0,261208,407160,133782,353,0.10698949882235015,1049,33.74307165794313,laptop,0.8886443340449803,college,0.9460954754119917,English,0.6675701737807249,0.2952349483007496,Y,1.9234276307562994,43963.779406715825
b502be75-8bea-4412-9b7d-813e7bba3685,3-1,1,415849,535359,127433,127,-0.04326228306069624,453,59.48470619484882,tablet,1.3652453526458235,graduate school,1.5661407107427563,English,0.6527155062454897,0.5147612565680585,Y,-0.7965225301035965,43365.74564360859
6b68642b-ac9e-40c0-90d9-91bd6ffd92a9,2-2,0,196648,863491,33552,360,0.37522978633666304,505,23.017950897265838,,0.3732239331550188,,0.8093867961787559,,0.45793250635479543,-0.18782211122194525,,3.415442278947251,44681.145200284554
c94dde40-5c1a-4071-8a82-d9c9e525ddbc,1-2,1,842868,216320,130624,314,0.11474838066074167,564,21.204632247206202,desktop,0.9059787430450491,professional school,0.9177757290745528,English,0.4179100314559596,1.1211408614095213,Y,1.6233270395365789,47881.37224771654
27b4821a-e017-4740-b5cc-429d50c88f5a,2-2,0,647098,974410,47351,159,0.15425801473537915,1353,32.201846776795776,laptop,0.6400352929097772,high school,0.8754016021581732,English,0.5212083807469396,0.6426937579193167,Y,0.9771335499909964,42577.3098527881
b0d76a60-3231-40e1-8fbe-d4d020b33e22,2-1,0,666784,191072,116104,108,0.46361378307166645,834,36.28828548741443,laptop,0.45825823830926316,professional school,0.7308285171510402,English,0.5443492188824364,0.030278514247150723,Y,5.595774701145029,42942.47441135506
a17c35a2-ade1-4a79-a19e-5aa8093af1f0,1-1,1,404192,677995,133307,255,0.6264316388502518,1227,61.57273030137528,desktop,-0.4791131277379961,high school,1.1107645535553932,English,0.5331186129953454,0.8013572901929888,Y,1.880557860032983,45050.14440230332
d75a8088-c158-4ab0-a3b8-7927d6e80961,2-1,0,844646,510060,62363,271,-0.22189434384532458,524,26.976182340501424,laptop,1.0638940331491664,college,0.6582803228938885,English,0.33798752774012997,0.2133793829647735,Y,2.0149368808357435,45363.911175554225
dc6fe456-3569-43f2-b793-afaf3225c316,3-2,1,592967,836961,62705,360,0.2214322285737761,1164,40.43303009937781,laptop,0.5132612511823386,high school,0.38912466022386805,English,0.16253506912940924,0.2869409875888622,Y,-0.37638803094759954,46065.332950996315
03f385b7-6b1b-4549-95f3-1d999b1df64a,3-1,1,910666,440151,26947,373,0.7800587701165348,415,54.698747970594624,laptop,0.3057654359537033,high school,0.1409846115573945,English,0.4364487246156993,0.647947765660845,Y,3.39857093325514,45836.87709462564
dd3b3024-ad2e-4cd6-8c24-3b0c6ab90dc0,3-1,0,617958,303375,54411,374,0.5472747016290209,867,48.65448142529664,laptop,-0.07611930756126117,high school,1.3807197837174914,English,0.5385739851008302,0.675015484666884,Y,0.9273915759113199,43635.857336905974
399592be-b15a-4ab2-bd28-0a210fefea30,2-2,0,437220,51948,36883,300,0.027249133510722556,1333,22.49826429549868,laptop,0.7577223293057329,graduate school,1.6516591084698948,English,0.8026045310832826,0.8242301680445298,Y,0.554128762634511,44508.56780050033
52655f97-f8e7-48eb-9269-d5ee71ad6db4,3-2,1,516032,878994,44108,177,0.37319762112716265,521,43.225458637790936,laptop,1.630045803338522,graduate school,0.6064882042395766,English,0.37306637387635955,0.9879393885589924,Y,2.140069150185869,43594.64554824328
9b2ec410-aab7-47b8-a6d3-19e9c1e54d4b,3-1,1,766064,731643,107224,316,0.3148880738647643,866,20.305604396021117,laptop,1.1507646004347774,college,1.1197312174543976,English,0.8178647458242009,0.9137889095233331,Y,2.4144847312617537,46345.71741782842
2fd402f2-0a6a-46bd-9f79-244f46b106f6,1-2,0,609097,152541,109484,132,0.5972655455586515,492,44.69575205277107,,1.255959573688438,,0.43651575519228025,,0.5026880906414409,0.2808701748398346,,2.4462493418396036,44246.18810562466
a28f6ad8-3ed2-4ddf-bee5-0ab05da1b6ad,1-2,1,469910,833758,100102,254,0.43629664270692803,909,25.855965593556036,laptop,0.7310538571459771,high school,0.6794713260080079,English,0.2614947133237749,0.09894791628780181,Y,2.227788193950782,43101.80704273407
0939d037-9073-4b45-beef-4b1a9cb29fc6,1-2,0,538905,223060,15261,137,0.65137003597506,1224,55.254375654006544,desktop,0.9070993710652823,college,0.5266660705181433,English,0.522013483601095,0.84217922321251,Y,1.316719064226802,45832.16334781727
d0480270-621b-4343-80db-a5252e9d0a29,3-1,1,508701,616883,16520,298,0.09807308363811768,709,49.788196340106005,desktop,0.5135867526374241,high school,0.9325820499851313,English,0.5273467553761552,0.5716059139879642,Y,3.33015591909783,42774.91615674533
b74b7a54-edf6-4d3f-92d3-8dc119424956,1-1,0,489903,944038,75947,221,0.29429945194579005,1364,46.26671055476108,laptop,2.348739425681633,high school,0.7746795566556106,Turkish,0.5786255303396348,0.15941144892863734,N,1.9806904696290601,46669.762159937745
6111a8de-8e09-451b-b8a9-ff41d2c985e8,1-1,1,451598,517953,26254,356,0.34720442884521163,464,33.09497859039519,laptop,0.18520375737858874,college,0.38069319213173347,English,0.41957089789557006,0.6872901624183853,Y,1.0458455776464568,43157.53385014398
a8a7b6f7-3663-43c9-a149-88a058e52ccf,2-2,1,499110,253470,36417,382,0.16392195952374045,439,31.81434521808786,desktop,0.9370850324092432,college,1.2927490107109065,English,0.25083670067923863,-0.08057689097748899,Y,1.7011680986850801,47495.437087715465
bd594697-306c-4969-bc64-971a4c6a795b,1-1,0,336868,117409,1487,318,0.5144593774071016,941,41.42431528280119,desktop,0.37422256144888555,graduate school,0.6057922685426704,English,0.5790635131863883,0.2495499840212838,Y,1.6842911953569988,41673.62348929247
e8229c81-5d49-4981-abd0-3f3478f9567f,2-1,1,864874,986778,84351,119,0.8967205856134393,776,28.277629602698944,,0.34324470925381256,,1.2874308182065044,,0.357841010249081,0.4585955313902338,,1.2957575940788235,43886.99282694593
cb34d1a2-93ee-48a2-91ec-77e02c1028fd,1-1,0,68761,505539,62718,112,0.4787908176288136,809,41.26558082891851,smartphone,0.44624538824166604,high school,0.5389882669416393,Spanish,0.4576078433067265,-0.09862987332821582,N,3.0546929169191372,42712.10347182585
bdf3a343-8379-4a21-aa09-be0ea98c2e96,1-1,1,640967,925277,35499,246,0.9300807662078936,1066,53.419771423239936,desktop,2.2634253491806593,high school,0.6010882998375922,English,0.8401644502263026,0.673981764908038,Y,0.6386698589874613,41428.88394988187
95165b45-dc58-4a62-bb78-afd606f1e34a,2-1,0,426926,26133,8365,293,0.5427597367270716,1252,49.509745561693514,laptop,-0.14502167890994144,professional school,0.8053222730302838,Romanian,0.21948886869861595,0.9333901655762123,N,-0.19776522800342033,43613.27131007963
3410fc57-2a6f-4350-94d8-800423702f6a,1-2,0,693836,831278,103321,255,0.7590437730626793,1357,32.29708185872579,,0.851877351340815,college,1.7835128109127,English,0.8491127486826251,0.7981806781292715,Y,0.9948196844650556,44468.14597883347
5ccdee25-cad2-481b-8033-c90162b98ec7,2-2,1,571338,628333,23917,255,0.8686023415089297,1292,33.944009521774305,desktop,1.193218130066467,college,1.4427775754576189,Other,0.7486859779935479,0.7902131658059424,N,0.5499613314482816,46944.06161083709
3657cc44-95b2-45ff-9e4f-a4cd22079a32,1-2,0,198790,352288,49324,346,0.7871409071639823,1323,34.158795113002625,laptop,1.2519748792375667,college,2.055719772221381,English,0.7254658477019071,-0.708053996740893,Y,4.588630077676218,43302.652680703286
8e9004ce-deac-4c35-8176-a799b50f944b,1-2,0,931974,277135,78442,269,0.5773328615993285,553,32.27226391078664,desktop,0.2120052111172328,college,1.1592831157452836,English,0.314254548107341,0.45179021271525904,Y,4.025138977285737,44073.17472794474
c3cdf4d1-25d4-4f2a-b532-6b0cd92d2e30,3-1,1,106863,31049,92417,130,0.39049692955625864,868,17.109824391728782,,0.5703956613643324,,0.7608915755521363,,0.5168505312773718,0.3237327237732829,,-0.7495299951904877,45677.83492743846
c7962751-a043-444e-807b-543a4b17b012,2-2,0,464231,922790,29277,225,0.3148865150655983,789,23.746239220571443,laptop,0.7550170485139176,college,0.7055352510783113,English,0.6483966108176717,0.5577702192597176,Y,-0.90372906574341,41857.65152860526
d0480270-621b-4343-80db-a5252e9d0a29,1-1,0,1018144,553379,114702,209,0.7916298326706384,437,41.34554419155761,desktop,1.8351223388758433,high school,1.0273215118816763,English,0.3951595529475614,0.3123408937032849,Y,1.255035070327143,42882.78113310073
475f8bb1-e661-4dea-af87-86ca2a261e7f,1-2,0,461294,1015999,78784,159,0.4070127090703811,1106,30.687684864775306,laptop,1.409522815243601,high school,1.1111157258751858,German,0.41527432094434763,0.4519113886141932,N,1.4556939200474595,45284.19519988184
e893554b-e41b-44f5-9247-2f1b1ca49f52,2-1,0,389099,711213,3025,206,0.22816921079247338,355,35.80867461441827,desktop,1.737590874633226,college,0.3577841534886219,English,0.6963852982299106,0.13267469491051487,Y,0.5069257748820923,41008.901759657194
f21d665c-a1a5-47e4-a82b-fd8cf0b24f43,1-2,0,118134,1006728,77484,153,0.377863656488034,1362,36.674149008779544,desktop,1.3185570360384902,college,1.2753805076721172,English,0.23618710796073417,1.1500502176927911,Y,-0.19378794324784754,46716.32788659718
a75e076f-3028-44a1-af60-ca3b3bcaeed0,3-1,1,337150,172218,66208,352,0.7595467446159017,314,22.48470554198704,desktop,0.9183733584098485,college,0.5968893298868242,English,0.8101367188678377,0.6244716878418255,Y,0.6444373786865023,47976.46419110718
433026dd-691b-4cc9-84a9-07dbfdd8a56b,3-2,1,144444,74121,76254,237,0.28995579233950297,810,30.06244935911154,laptop,1.851113776759418,college,-0.5938237787803275,English,0.39129752291882147,0.3374114119384975,Y,2.8409213592138602,46421.267379718905
63bc2403-a08b-4c51-8b2c-01e6cbfd54d3,3-1,0,827953,326432,29924,263,0.45673484100859907,1245,51.37582650576931,laptop,1.0320091431862137,college,0.986700537812551,Chinese,0.5193629243246368,1.0774436897498512,N,3.8955859658195733,43885.05497023577
433026dd-691b-4cc9-84a9-07dbfdd8a56b,2-2,0,605222,284080,13836,181,0.5545774555960119,426,37.04368235564967,laptop,1.3939895794977772,college,1.7630317648185896,English,0.5206972784275983,0.8797994672681275,Y,1.7894703407394104,44746.28387023915
bb6d86fb-97e8-406f-b440-8dbc6e8e7771,3-2,0,845706,347605,112075,318,1.2708244500036738,1280,21.490004071490613,desktop,0.0037274718078841307,high school,0.9719658933167954,Danish,0.53386973091445,0.7121732602314943,N,1.6867664536262725,42224.72749042743
7a8f85f2-03e4-4714-995d-c15403d9d38b,1-1,1,866538,357944,14640,216,0.27925537601650485,472,38.45048319528127,laptop,1.9909371233863866,high school,1.0441459020924135,Finnish,0.4124502599737123,1.3832320587885936,N,2.9112200368458225,44994.9755731559
45fb1767-91e9-4d69-83f1-3c781425982a,2-1,1,612704,962400,73699,340,0.5824482259435113,290,14.003502190572757,laptop,-0.27341373613880404,college,1.5681415570411663,Other,0.38203179393175674,0.2165373931532576,N,2.288680103649152,42108.61559384039
bafce4bd-e4e4-4d73-8424-2a9343c52f7f,2-2,0,667759,916069,31898,364,-0.19596756526707437,1308,61.721118728517766,smartphone,1.0266193858008474,graduate school,1.2463082293951586,Other,0.3062771727015845,-0.06132033674797144,N,3.128865019560892,45576.12365037738
0fd5e38b-fd91-40c0-b154-d407eba53e1f,1-1,1,337318,858129,92264,311,0.7890094992362753,496,29.89380881645385,desktop,1.7308581769904672,graduate school,1.0020702895850746,English,0.6330397662867556,0.6546104402885263,Y,0.31198002533450553,43205.36004263442
a5e829ad-603c-4eb6-b078-c82074eae0a3,1-2,0,642262,297254,134289,211,0.7299785596358559,1299,35.19982317420425,laptop,0.7259747500041405,graduate school,0.5092726178821199,English,1.0021032936909426,0.9725154679874763,Y,-0.03465000061559653,44957.062743415074
adec7fbd-3153-4612-846d-2a4183f03202,2-1,0,137885,694084,49276,380,0.7789683504627294,1283,42.08192907971845,laptop,0.931302885173511,high school,1.091009454699453,Chinese,0.6729277747777795,0.3456945758893907,N,3.1460540021927157,41801.05245655404
618f8406-daaa-433d-aedb-3a72a9f3a947,2-2,0,334297,345243,23552,175,0.683232162659888,495,25.02095386672519,desktop,1.5267090416719098,college,1.095911186542817,English,0.5705425661371443,0.20200334546258608,Y,4.1803523060620575,41551.37829824119
3410fc57-2a6f-4350-94d8-800423702f6a,3-2,1,519288,340622,139778,121,0.14009161502803863,771,48.91346686498571,,1.0089815848912878,college,2.0020205849173816,English,0.2197629866894923,1.4047665722470652,Y,1.3771190200212913,42805.07955865747
94001a0c-b948-4223-a92a-eebe14c48d2f,2-2,1,871502,513239,15081,280,0.5996640967202553,455,29.075090319232128,smartphone,1.2527089052428826,,0.8791715105369792,English,0.24365723983360926,0.9924791893948115,Y,1.3402433590914824,46223.35073150127
55ceb008-47a1-41ef-82f8-5527e474f4bb,2-1,1,887348,806212,65792,306,0.7366636217884841,490,27.491468832401452,laptop,1.1359284161519378,graduate school,0.32542895082137113,English,0.7805255997741423,0.93953699794107,Y,1.3924436639391318,44581.273932341894
410395ad-1f39-4a21-93e9-298afee5d7e1,1-1,0,900771,978358,133423,160,0.7970407733413505,725,25.824104618132488,smartphone,2.1642674414797316,PhD,0.5632236843403636,English,0.29696722009089815,-0.23030130419062034,Y,0.565753652193191,44897.9158280799
f8f2d78d-c54d-48be-ae80-43fab72a956d,2-2,0,885031,561550,135503,370,0.25868475500055843,743,35.28379029663285,smartphone,1.3454883968687747,college,1.2932597571993671,English,0.2847063580035074,0.37116414156341543,Y,0.8149214808921263,45257.84218760204
8e023aef-67dd-4d6b-bcf3-b12c776379b4,1-1,0,476394,471491,13542,272,0.6027164885583811,1346,13.276095352164457,laptop,0.1820479743988801,pre-high school,1.7569183130819321,English,0.40554141626162354,-0.042664354539233784,Y,1.6211754133876064,46173.28262103515
8053404b-3274-4b36-a3ed-c3f4cff86dee,2-1,1,580924,397348,23189,145,0.6611035136473618,379,21.026857809798095,laptop,0.7668410619686216,college,1.4083951567131199,English,0.4458029011299215,-0.069859449900877,Y,1.057861672557754,43617.8702711877
5a48e48b-30ca-48ad-a397-3ecf853bb5c9,2-1,0,451261,915890,70025,351,0.0846068898411318,1075,49.25078207145952,laptop,0.49740207489495414,graduate school,1.0766743536795074,English,0.6191668722326277,0.5292652287392302,Y,1.4089104475216734,43995.41182087141
0e27148e-216f-4fe9-9572-c1317d616ac9,3-1,0,813586,783445,97462,294,0.9061911577895083,547,11.277251804792158,desktop,1.0498923339090411,college,0.4579146814349515,French,0.5083324767023307,0.23626374061745542,N,1.0418246140683805,40969.12234344053
c4d4c7b7-bbed-4695-b98c-0b5c48e29abe,2-1,1,36665,69760,99361,242,0.3008383152038139,450,48.80798005944468,,1.0068770560367613,,0.43094721257457,,0.39915040366017596,0.39965829470176106,,2.4679373634005146,43559.6651886337
16d93a7f-b378-4f6c-ba62-8e7479afc2d3,2-1,0,69852,153622,91008,282,0.9032096762284099,1305,46.008501220089414,laptop,0.18380533465824012,college,0.7337275165864094,English,0.827064195000355,0.6604016356463999,Y,0.6056015221979871,45138.63697474483
422c02a2-c457-4a5a-83be-bc1fb038be39,2-1,0,560751,549911,94103,322,0.6358418710240996,1407,33.6626260308178,laptop,0.9050890271562855,high school,0.5091412756132756,English,0.42956170907779856,-0.03618662051378585,Y,3.417025968651403,46124.07445441122
5a48e48b-30ca-48ad-a397-3ecf853bb5c9,2-2,0,81645,115602,131493,195,0.26081682502505643,287,34.80554747931977,laptop,1.7691127760052043,graduate school,1.786379467217328,English,0.1773410759378607,0.5129425726196065,Y,1.743891813412033,45801.400244518176
c94dde40-5c1a-4071-8a82-d9c9e525ddbc,3-1,1,773024,634555,19466,291,0.500916462054523,1292,44.343113589439405,desktop,0.3239158921755646,professional school,0.5231320296304703,English,0.5957801892582123,0.5653912056903239,Y,0.9208943263725933,46329.749232020455
a8a7b6f7-3663-43c9-a149-88a058e52ccf,1-2,1,611361,158803,123994,349,0.5077147491273548,438,55.190780568128886,desktop,1.9669111874794718,college,0.6547794735340715,English,0.5244910873766591,0.9226503757507323,Y,-0.6432104519274233,46404.01458704124
11c943dd-a2f9-4e88-814c-7812318b5999,1-2,1,294518,796286,70687,208,-0.0715977448336671,459,43.119929646622694,laptop,0.5239447796736891,professional school,0.46276584446114233,English,0.3078518482106536,0.31010585570301236,Y,0.5978125414035993,44644.40432104027
3657cc44-95b2-45ff-9e4f-a4cd22079a32,3-1,0,881946,463631,51243,292,0.9732226900918388,930,30.251646278209574,laptop,1.453075305112832,college,1.182586739281778,English,0.49534019738896207,0.2611312815209439,Y,3.3128707736254244,42861.547751385195
a17c35a2-ade1-4a79-a19e-5aa8093af1f0,2-2,0,187450,868079,41054,110,0.431929776690461,298,56.71343530968987,desktop,1.3656946031535755,high school,1.381582842597564,English,0.33278506367916494,0.48856745738296936,Y,0.08433618636151441,45125.19523956218
529af3c4-1f6c-4ced-ac86-165cb41a1629,2-1,1,685362,792735,29619,310,0.45290829272466604,1124,37.66526619738569,laptop,1.2030984790874444,graduate school,1.627555925043588,Spanish,0.5399101951847324,0.8649989189363756,N,2.1903034514324293,40329.9426064823
ba947df3-ae38-425e-a2c4-d6dd7839b0fd,2-2,0,771748,799320,90310,149,0.40591555238808374,810,29.985556212101073,laptop,1.5332420816834187,high school,1.0283635284206578,English,0.5389850846193263,0.9010175910084932,Y,1.9922270530933437,46396.52072344451
817abbbf-33b6-4f40-a3e1-e0b38753e896,2-1,0,892330,755549,76495,314,0.2909955203157175,772,49.23943126223665,,0.6578085946801095,,0.8527157899484457,,0.387792881646697,-0.35813521118293135,,1.8237391212765803,43185.60231859167
afb433da-e4be-42f4-a386-41690af0783e,1-1,1,86261,383984,39654,367,0.44414017106612486,399,59.33574999435933,tablet,0.5367630028646861,high school,0.6643200233765532,English,0.3308605652253272,0.7680461854767244,Y,1.8292593669098365,43402.074103200335
a8a7b6f7-3663-43c9-a149-88a058e52ccf,2-2,1,369366,1017245,134679,151,0.7865725559111947,842,41.81601341094459,desktop,0.7822143473135402,college,1.2742308633398332,English,0.5019762403709416,0.8709653821937955,Y,2.778565314661468,47185.750836504805
e7ea4b52-7611-4c90-905a-fd388cea9c0a,3-2,0,366228,597326,137823,315,0.519050083908193,364,40.36735364915601,laptop,0.19501570704809845,high school,1.86501253324987,German,0.6537411243252295,0.38354861827165837,N,-0.1668430496540927,42529.28605267435
55ceb008-47a1-41ef-82f8-5527e474f4bb,3-2,0,342631,612320,81562,324,0.7536001698609835,1260,10.247882282982204,laptop,1.0271981514097785,graduate school,0.7439116590149226,English,0.9003219530125645,0.8117971695881132,Y,0.8594342978369758,41787.723825642526
95be5385-2c68-450d-9591-83bb9246442d,3-1,1,909908,257019,81867,323,0.4169286905395633,844,19.57701017571761,desktop,0.7317212157765458,professional school,1.2293216994522085,Norwegian,0.631210831590269,0.9638846600183321,N,1.7107282859418822,41026.287805580134
e1f48355-1636-4f4f-8966-a26d86a48b3d,1-2,0,412609,530334,115026,109,0.39408702706675036,1148,40.39505840116228,desktop,0.17962231623982172,postdoctoral,0.8091533030524949,Italian,0.4113553851667112,0.8014739119427292,N,0.9745862132312231,42584.24164004593
45fb1767-91e9-4d69-83f1-3c781425982a,3-2,1,431819,714213,27190,226,0.45046142116160875,868,58.494935710661416,laptop,0.7378327801209046,college,1.366778253802275,Other,0.366188525739783,0.24964435349513775,N,-0.5725967389093989,46752.835330750495
c94dde40-5c1a-4071-8a82-d9c9e525ddbc,1-2,0,153455,189935,36554,205,0.36818544370174944,379,40.12320057990671,desktop,0.9635070619182613,professional school,0.27695305826877004,English,0.37435511319500336,0.8665610770285702,Y,2.02883366252666,46201.63722096466
93dbdc35-b0e5-4dc1-bd4f-0a15eb5378a2,3-1,0,850186,122365,63938,187,0.33439381478335545,734,33.261262373000505,desktop,-0.31455457939503106,pre-high school,0.4531619025529443,Vietnamese,0.5765947703071225,1.4092404726409207,N,0.17087831850538815,43958.347845602424
c7962751-a043-444e-807b-543a4b17b012,3-2,1,197620,20388,74898,382,0.7259146120199891,777,22.529168258485235,laptop,1.030545090815228,college,-0.1924428018027884,English,0.4672766758144752,0.9295986977932924,Y,0.5712818635129939,44906.003831059184
45b56b87-c43f-4c6f-baae-661bbb6e40c7,3-1,0,445568,46480,137360,329,0.3715351911739192,741,24.561992794185638,laptop,0.7712055944798636,high school,0.604161986816832,Swedish,0.08465030827507719,-0.23096902929189222,N,1.05869007235604,44937.87968444887
786e8403-6cca-47f4-810f-b94ae3880816,1-2,0,120709,587839,11936,148,0.3199714142825665,1236,20.767626944308113,smartphone,1.1548644466867999,high school,1.1028127122211362,,0.31390083081167175,0.7568295459838639,,0.6078034074992253,46747.08817389141
984a4027-117c-4a02-894d-deab7ced44c4,2-2,0,926076,896117,74780,250,0.5813955488249822,1024,53.62433622142429,tablet,1.4330434095720173,professional school,1.758726756463363,English,0.19947554092087105,0.875397776395989,Y,3.1427249123328336,42476.215306291226
5defc8cd-7312-4744-9ac0-ff39228637ed,1-1,1,23723,705541,30516,310,0.49707637885768446,481,28.18223320881489,smartphone,1.2700860945620804,graduate school,0.9313537823094793,Czech,0.24431713596853166,0.40983776753644696,N,1.6354487027656777,45605.52572630198
e260bb95-bce4-410d-b0de-baf551b2b5a5,3-2,0,821679,154539,138764,110,0.6372922697757446,1321,28.150269770251242,desktop,0.6720920059442872,high school,1.5224253292218122,English,0.7068995944700384,0.5385739158157837,Y,0.5982451713431802,43776.12701884482
95165b45-dc58-4a62-bb78-afd606f1e34a,2-1,1,982375,662262,127367,220,0.6824806506962315,914,29.24965924322193,laptop,1.06736956497928,professional school,-0.2025531667535181,Romanian,0.3498162361439752,0.7004305447807024,N,2.688082681262142,41370.21711246676
ff3d06e6-c5ec-4c24-87dd-0dfc42864aa2,3-1,1,662852,583816,123822,254,0.5443360754587847,1049,20.903122530712253,,1.0270913456672885,,0.7800838107159731,English,0.6737884995389389,0.9673358588923353,Y,2.866735424047678,44603.15370443234
5a403d6b-705d-4c75-aaea-443b79099f45,1-2,0,638423,307627,109917,148,0.5847509932071551,719,45.06206717104898,laptop,0.8098551721484665,graduate school,1.876958749058395,English,0.2299264973084535,0.4594966877286357,Y,2.2920012967961645,43303.47408478269
dd3b3024-ad2e-4cd6-8c24-3b0c6ab90dc0,2-2,0,481583,19642,8107,272,0.5928082399774568,296,53.70561520448625,laptop,1.3399863816755526,high school,0.4066358519297578,English,0.5962341119547745,0.0037299318108958146,Y,1.069869861557614,47586.13189377441
8cc63a40-be0d-4ffe-bf7f-45d515c40b6c,3-2,1,544613,977361,114924,329,0.5317465432053013,1338,58.848602379764415,tablet,0.7289528071218889,college,0.9226541149260439,English,0.5858068924604184,0.009197198597040102,Y,1.3100124422602843,41989.53524071883
0e27148e-216f-4fe9-9572-c1317d616ac9,1-2,0,571218,533940,77931,324,0.41381935366890954,514,43.972859932969065,desktop,0.4330671058991573,college,1.4637654798312443,French,0.5335226832303168,0.4302629240122481,N,1.8590388025460094,44870.65043852279
ee53e6ab-48ea-4636-8141-e636a103cbb5,1-1,0,670712,290255,104097,377,0.5576195302667184,542,46.89289948016461,laptop,1.0070285314240615,high school,1.298770235596349,English,0.41092432318628874,0.708297632828112,Y,1.4298196359376818,42745.538529162375
cef9fb15-e845-46ae-8282-8e7247078df1,1-2,1,825807,167433,29767,121,0.4165407777170056,1305,34.3965572465338,laptop,1.346355617991121,graduate school,1.335605855017215,Russian,0.9199567783414564,0.46996067980498896,N,2.092544717930359,44067.95675981925
716744fa-dda1-4423-a78c-87e4633852b3,3-2,0,234324,173087,45493,151,0.643838853435153,1170,20.152367628055963,laptop,0.5061490275198401,graduate school,1.0863700203347324,English,0.7553379882111109,0.4558947413853646,Y,2.3866708926511904,48841.907971237626
b1a27fa0-3a9b-4b77-9c22-2f7ffd839812,2-1,1,694813,958353,108595,367,0.991157511178281,524,14.15813158487163,,1.6232346773856436,,0.7345335333750118,,0.7376380910227045,0.6551639497368873,,1.2166790931230596,42293.02637602637
ed0920d4-b642-455e-bd2a-ca21865b50e4,3-1,0,625258,47488,83332,379,0.26079423770118915,891,44.76843591812212,laptop,1.1884600658439983,pre-high school,1.4361352213498901,English,0.492238254570303,0.3802879230644275,Y,4.673946053330948,45584.21434284313
c16c936c-e99b-447f-b617-9453bbff6d31,2-1,0,703192,42915,112364,128,1.1061933054115678,1172,37.36898492671965,desktop,0.6614380745446309,high school,1.0048720532674464,English,0.7213651494409339,0.3840537090278826,Y,4.766400575304607,44244.344273884926
24c1cc74-742c-4c92-860a-7a2fa7659727,2-2,1,976715,22859,3487,272,1.0643593725555118,609,44.20958786105892,laptop,0.5268837573619993,college,0.9253417891548592,English,0.5421562567952938,0.3870100751231718,Y,0.8854364904471104,47001.16166366069
bca2bb1f-e075-4290-bb59-fdd14fd7f870,2-1,1,217636,61158,19174,263,0.4022785722689337,579,12.898431510351234,laptop,1.172199162463828,graduate school,1.3212078283539421,English,0.5967683106286106,0.9967222082815422,Y,2.0569552542486402,45423.8081478934
54c3e853-e07a-4b15-ab2d-691a120c3b32,2-1,1,705517,303022,123221,143,0.5558624320623784,726,34.34332369972756,laptop,0.2301194452958668,high school,0.7786000496420185,English,0.5042488210534285,0.46492401117799875,Y,1.2745145043649206,45104.33426649525
255498f6-e198-4a41-a057-5d4ddc6af950,1-2,1,356541,504859,57613,110,0.49041135536632335,1378,27.441073638479708,laptop,1.055743053328938,high school,0.2089831100295937,Swedish,0.6609341634846828,0.31993034593506703,N,-0.8151566037577971,45130.64293095279
c0906133-d1a3-492f-99a2-6e5a6c56f767,2-2,1,494872,635658,116439,327,0.1817515355426469,512,32.25263621320643,desktop,1.5319409669212876,graduate school,1.8842839743447866,Norwegian,0.6861160361932743,0.3754537076517447,N,0.6326946201072257,42003.58160279264
fb6a141a-25cb-4495-9b22-48bc79dbd24e,3-2,0,54740,690093,2526,285,0.5128084321878249,1273,30.26264960702659,laptop,0.25651708378493543,graduate school,0.923801357728261,English,0.3428668221742896,0.449043078808073,Y,-0.0512839062649304,42776.931813154304
295fe5fe-cf5a-4c14-a7db-ab1d21f1348b,3-1,0,672862,440792,93413,323,0.512754388932267,1339,35.33279446734332,,2.0708906685173583,,1.243764161546308,English,0.6407871145560389,0.017460219524048304,Y,3.3513562183406584,43080.5365057555
e0080083-9f88-4396-bb69-13c375543c8c,2-1,0,655550,37079,20043,339,0.4927666788691944,1331,33.409039411793046,laptop,1.2351910232553889,college,1.1721563530904684,English,0.6358382997496649,0.6403078718368597,Y,4.260436551491386,43639.6890329009
41f5530d-ed72-4608-a119-a71dd31aaec0,2-1,0,756068,870911,127114,171,0.5546305290846456,1125,38.95087830261422,tablet,1.8987190893287316,postdoctoral,0.5950976858314478,French,0.4932295351861734,0.7593490133746077,N,0.1367496711318854,42746.84072301162
5a403d6b-705d-4c75-aaea-443b79099f45,3-1,0,391202,817504,93703,276,0.4949407446882402,668,48.983865486306875,laptop,1.7148825698038423,graduate school,0.7799157873338256,English,0.23379624641029456,0.7070734780184971,Y,1.9347133086692367,46595.57591679045
fecaf7b1-1db6-46d4-92ab-aa1864c179ac,2-2,0,916118,472158,346,168,0.7124594624953086,1319,25.32507389853468,laptop,0.7941887730159123,PhD,1.5197604388033394,English,0.6845555667881307,-0.2185271262737023,Y,2.8442306691628874,43774.362091426316
eed8457e-2f39-4f4a-a3fc-7bc9fa57d880,3-2,0,142837,317228,87840,222,0.22238060186721226,1387,28.229023320782197,laptop,1.104440045936808,college,0.5433927199306015,English,0.8331183593174993,0.8595698442857479,Y,1.0307009443523545,47484.73350150297
3979e883-9ca7-4771-a299-0d6a366f1a60,2-1,0,99674,780056,106937,184,0.2534983179972172,1035,22.514168288316768,laptop,0.030571616148343916,college,0.27049753205969107,English,0.2904616768906672,0.16270081929746683,Y,-0.1096136272689634,46229.937181284105
ebe32dfe-f98a-490f-a017-f2872a47a1af,2-1,1,985197,308271,106951,129,0.5276261633770444,403,48.536984218684054,laptop,0.37140448207012133,graduate school,1.2196631834272484,English,0.2990471318222059,0.8575502241232472,Y,2.9368357923695836,42633.121120829375
388d3669-9c70-453c-ad4c-0d18eedac5f9,2-1,0,611393,712038,30182,211,0.2468805403795934,999,32.76390368543085,desktop,1.209453176756215,graduate school,0.8900279919814075,Other,0.7661618521104677,0.35596137201139266,N,2.899936818107525,43458.802414042475
adec7fbd-3153-4612-846d-2a4183f03202,2-1,1,151135,409479,85305,263,0.624772295030746,971,36.16925715257142,laptop,0.30093249605667594,high school,1.2520759812730786,Chinese,0.224741004011421,0.6190240212020259,N,1.0759168622480069,43433.54600259557
352a4090-79aa-4827-b4b0-f1bffd883940,3-1,0,828772,80748,52342,132,0.4643891858661218,1414,29.492864813844974,desktop,1.257655873963054,graduate school,1.2753676476675868,English,0.5609538788367574,0.41968432867048727,Y,-0.09973414564408589,43821.999020295945
cf8cc387-399a-46fe-9313-9f73def19457,1-1,1,719745,18953,101569,274,0.14101503881551114,287,51.541816739924755,laptop,1.815581233253158,college,1.1778299746526515,English,0.5008464136372562,0.5946758178211162,Y,1.089201899599422,44491.55589700247
d02dae2a-18e0-4019-84a0-e1f2d1b6360f,1-2,0,703320,744227,105848,327,0.19106597171319945,1334,35.157542629150306,laptop,2.028461838110404,graduate school,0.4481247957662883,English,0.6011694894278687,0.5548227406306381,Y,2.783134143910914,45138.88085606921
af2dd336-540d-4ded-ae2e-6d21383207fc,3-2,0,895244,638701,124141,258,0.7893418914109613,1007,31.314574265924005,desktop,1.4545018902271303,college,0.7944720712764539,Chinese,0.6504523135760683,1.2206019211484684,N,4.170181879483664,45770.5711884233
f9557d5c-0a28-4f14-b9bf-1a0308ed9546,1-1,1,165769,589491,69719,251,0.712301136161522,491,66.48998307570305,,0.7013984021552476,,1.3469622377738744,,0.23710854755612254,-0.09882792229298465,,1.631401366610212,44031.77053827341
0ea68c5a-057a-46c5-afda-4dbf75e4c5c4,2-2,1,355987,912174,142666,322,0.3969984515461124,848,31.662780330532012,laptop,1.7008537784989701,graduate school,1.8493358535766,Other,0.34438943473665556,0.6659219303694976,N,2.224081241835301,43980.17816653649
323a09e0-4da8-499c-b80f-5802dbf08cb5,2-2,1,904877,973704,65293,298,0.4255498895982189,683,16.91775561934308,smartphone,1.0795357631845575,college,0.20712449932092247,English,0.4384230537862741,0.11668999995078255,Y,1.1304815285525542,47333.89846667075
a7961f82-b7d1-4a3c-a0e2-6f03d8424b4a,1-2,1,731497,283918,124174,325,0.2480768372854959,1436,29.774299684286795,desktop,0.5195400825039995,college,1.2420718346763413,German,0.6976130955368806,1.1825219811499288,N,2.5541889905850286,44357.250960123376
606ec9ab-33fe-4f7e-9330-c0c5d30928c1,2-2,1,829624,888851,6643,287,0.7919206755889396,1099,45.61307964519257,laptop,1.2637006517465186,professional school,1.1615292661220176,Standard_Hindi,0.28301108920939466,0.5824393735357913,N,1.2532299058805068,49413.72057779114
9ad793c8-00ee-4105-85c4-5e9513b219b5,1-1,0,932507,210047,114901,345,0.4980064345133283,839,52.23829444875476,desktop,1.8432778983843154,college,1.1991637516595293,English,0.3602688865070711,0.23594992337833703,Y,1.8904043390723753,44176.891159518986
100567eb-57a5-424e-86c1-4a02cc690c8d,1-2,1,282770,373864,83765,337,0.37879487191198213,1104,34.36155607458354,laptop,1.227964357114453,college,1.414897135824382,English,0.2339172070998723,0.30022485016253153,Y,1.425589664210721,46028.416364514414
54c3e853-e07a-4b15-ab2d-691a120c3b32,2-1,0,889657,693276,12140,378,0.5629342688976324,819,49.207656635708446,laptop,1.5973184525752853,high school,-0.40802231119887744,English,0.6149409179071106,0.9520653943051345,Y,2.0903630754773603,44868.89934063578
9bf41690-b2cc-4709-964d-7c21b856bbf8,3-1,0,273337,19689,22996,349,0.5287398527699829,446,32.54411306231128,laptop,1.2995951021003953,college,1.2995412015772017,Romanian,0.369824247467343,-0.10464640549412985,N,3.686049607909462,44481.71231661606
cef9fb15-e845-46ae-8282-8e7247078df1,2-1,0,606371,26301,78872,151,0.49775158617051385,543,31.087737127064358,laptop,0.9583308769818389,graduate school,0.25511447724650016,Russian,0.35658347719184824,1.2352175965819336,N,-0.7373391042612569,45970.66673966663
6e1bdd21-d51f-4497-a684-654edc44a6c9,3-2,1,33054,292045,60233,115,0.5243397625663102,343,11.176232524677758,laptop,0.8960804980431804,graduate school,1.569446295322007,French,0.5433177607433627,0.11945684417339814,N,1.7387335307400733,44071.45216659666
0662696f-dad0-4850-8d7a-6a843036c294,3-2,0,65234,669904,115712,112,0.5415805215153546,1142,40.074222096941874,desktop,1.460189644683454,college,0.6312338446920661,English,0.413144665189835,0.8902289891514893,Y,3.161390038338932,45590.05883546715
be165b4d-f223-4403-9d2d-d186464c7150,1-2,1,924707,304518,58511,326,0.5215141257906946,437,34.508347465486594,laptop,1.0975773688209283,high school,0.20937974026953343,Norwegian,0.439104653902693,0.4796431709695391,N,1.4340164082562392,44686.364236463516
2a29612d-37ba-41fa-b45f-004677aa5908,3-1,0,741070,354459,47069,270,0.5978106353910435,1010,48.81898705269998,laptop,0.4928033473380924,graduate school,0.7872100611254511,English,0.5304571692171051,-0.003650963305868893,Y,1.7057217814956456,44864.06548203025
433026dd-691b-4cc9-84a9-07dbfdd8a56b,1-2,0,174702,316391,1632,251,0.3978386016024521,889,48.133289137101784,laptop,1.2197439075411625,college,-0.054966676501035705,English,0.06398419229255142,0.5605386336343385,Y,0.47351348661350956,44221.39075599592
373083c9-9167-4342-aeef-ada22adbfb20,2-2,0,705459,789830,91062,153,0.7671800950752758,1146,32.66771343323786,desktop,0.8428852948884853,high school,0.1420096992963522,English,0.7946502599267291,0.4757910636058624,Y,-0.6068524669439834,44928.09016960909
2154a0f3-a816-47af-b00c-16d398859afa,3-1,1,261132,900246,133547,235,0.6235281196396407,1427,39.66459775800525,smartphone,0.7150086627590698,professional school,1.4490972841064913,English,0.5651301671258822,0.368405831627617,Y,2.1813452354814746,45540.98491019257
87ae871b-9380-42b1-8130-7914f969a239,3-1,0,360146,431534,13642,323,0.45383199127596485,779,39.6120576913724,smartphone,1.3043684685848298,professional school,0.6787154355288976,English,0.8785847006265171,0.6596856410243338,Y,0.9305243443507543,44606.64864152463
c4d4c7b7-bbed-4695-b98c-0b5c48e29abe,1-1,1,973630,345224,86100,375,0.5486291634760774,966,45.95858184932314,,0.8603482482382464,,1.1791598715379217,,0.47309056323862597,0.8959270266475987,,-1.7707419239406965,43848.61333643685
352a4090-79aa-4827-b4b0-f1bffd883940,1-1,0,403517,409622,74679,149,0.5318204728064396,718,23.371375126914998,desktop,0.7676044191900617,graduate school,0.874415006184212,English,0.6401416779431299,0.44159260817636364,Y,1.9644053309131118,43409.28361913317
3b9eb1ad-94e8-4ece-9e83-bdaec18ce17d,1-1,1,712473,500537,69502,123,0.2560983698570265,725,35.28856974486366,smartphone,1.002220607521159,high school,1.016635675092893,English,0.4282807011520239,0.9868283390482175,Y,0.8175715838016371,44281.45378974439
b038618b-9b28-43cd-b9c1-ac984372d993,3-2,0,665221,699251,49155,267,0.6403333641753313,555,45.75504619112361,desktop,1.591380690421799,college,1.0432664172285337,English,0.2867162662970153,0.7131867141612994,Y,2.8410998310141835,45952.29480877617
