Unnamed: 0,female,black,housing_expense_ratio,self_employed,married,mortgage_credit,consumer_credit,bad_history,PI_ratio,deny,loan_to_value,denied_PMI,accept
258,0.150734022191449,0,1.426323549993002,1,0.9314545873391507,1,6,1,0.4690347607145813,1,0.8626444599218694,0,0
2215,1.0123775504627341,1,1.5366766529912925,0,0.7209281587402991,4,5,1,0.4746349688203356,0,1.304286912668295,0,1
2008,0.6903547017147036,1,1.464327153059409,1,0.6199083785370323,4,1,0,0.3912096425103663,0,0.8906473959391014,1,0
1337,0.3333408001127149,1,1.5955153871784733,0,0.7278044150262406,4,4,1,0.5568687777338338,1,1.1901082292678131,1,0
1904,-0.22371300118420923,0,1.4818155471527,0,0.17792817960895624,2,1,0,0.503448337860375,1,0.9699692043540363,1,1
1094,0.6071483170505164,1,1.5115015652245252,1,0.7687983099262052,4,1,1,0.34099501846478614,0,0.7750498148751561,0,1
1733,0.08655490244551828,0,1.3459053526109261,0,0.7093552393290945,2,6,0,0.5579593236222579,0,0.7195849045200653,1,0
620,0.15913635781760416,0,1.558866070036146,0,0.17657483406701396,4,4,0,0.3954970575519599,1,0.9775566507887679,1,0
1092,-0.18257517113096988,0,1.6678092483426326,0,0.8078517049731944,2,4,0,0.5998982952210008,0,0.9794533636525522,1,0
582,1.1148950222604377,0,1.3943694417412957,1,1.255556536040127,4,4,0,0.5399956817026793,0,1.0371200253889927,1,0
563,0.4690142017493644,0,1.2997222434892164,1,0.8053782697746111,1,4,0,0.3934331765025643,0,0.7886995820084002,0,1
1523,0.16926245764263514,0,1.4612675038070966,0,0.5645613731133743,3,2,1,0.45461614912384607,0,0.8927082243439696,1,1
2197,0.32007233586411776,1,1.5396252177737555,0,1.255211112454261,4,6,1,0.47091389134019207,1,0.9460682653238194,0,1
1847,0.485150825446576,1,1.6626516233206787,1,0.07241309831454673,2,5,1,0.24109033375960687,1,1.3841965550962851,0,0
612,0.5910435838281681,0,1.4063233957015906,0,0.17276930160982656,1,4,1,0.4269324255924363,0,0.6033774095718638,1,0
1485,0.4981312735753391,1,1.4713954842057324,1,0.5188278098096069,2,5,1,0.4842046533773562,1,1.1116072163845958,1,0
750,0.23709839199849425,1,1.5518149304736424,0,0.3569775511617389,3,4,1,0.3575825518932656,1,1.0885060502565873,0,0
897,0.1692585484829644,0,1.4916368968134257,1,0.8182182379728706,1,4,0,0.36086364657262465,1,1.0149584754361136,1,0
1148,0.8344772391894657,1,1.4071584826957266,0,0.2198769812898344,4,5,0,0.36322250129052547,1,1.075239922444894,0,1
373,0.49729127497345554,0,1.5413360406419094,0,1.1749597326861272,3,6,1,0.45166038990259605,0,1.1370399402177285,0,0
1415,1.1234126964295292,0,1.5649439614930543,1,0.17365832602766162,3,2,0,0.3819971624482234,0,0.7659500350981228,1,1
527,1.0758632889642998,1,1.573468941774228,1,0.7170315485282706,2,4,0,0.48102345823970105,0,0.9993010025650162,0,0
1779,0.20551665475633069,1,1.4206386218002691,0,1.0193469157991268,4,3,1,0.4793107593342825,1,1.0183336360819009,0,0
392,0.666246718851137,0,1.3076126392244027,1,0.24228480286851928,3,3,0,0.4334818950174121,0,1.0164148343218906,1,0
695,0.2725424937636028,1,1.4214840804413649,1,0.7173110304688903,4,6,1,0.5373727742729978,1,0.8399156334685838,0,1
710,0.700701694206353,0,1.3803852991684633,1,0.4722912703864377,1,2,0,0.2854891830547915,0,1.0405839154148186,1,0
434,0.45231858904500594,0,1.4214044302504174,1,0.4227573102108527,4,1,0,0.41249897382706396,0,1.2239283517707404,1,0
1212,0.2596394356530123,0,1.5225629166565064,1,0.694858528511172,2,2,1,0.46345010711851875,0,0.8175814964935151,1,1
364,0.8207386703318517,1,1.5701791967171321,1,0.1334759041322976,3,2,0,0.41622067822801867,0,1.0220805614132091,1,0
286,-0.015753968512048466,1,1.3741941031880984,1,1.081501368778835,3,1,0,0.5946053122455972,0,0.8731222662320323,1,0
2244,0.7421083713138341,1,1.524292434762251,1,0.2361525405365743,2,6,0,0.5782309383615355,1,0.9925048022326052,1,0
1425,0.5193652038517309,0,1.3875844407727713,0,0.7002518048396136,2,4,0,0.5456690081012184,1,1.0744854544244506,1,1
2071,0.2111794114081177,0,1.45538989747888,0,0.8175668785587922,2,2,1,0.39277083454459394,0,0.735753327115258,1,0
1876,0.544002421077522,1,1.458834610941687,0,0.5254841086283627,4,4,1,0.531276713505511,1,0.7536851616732262,0,1
879,0.7264002781636375,1,1.4592711195264718,1,1.4362422643988966,2,1,0,0.41714394189678144,1,0.8049135086977541,1,0
1859,0.21994827988011095,0,1.4804263208242976,0,0.8138156610320381,1,3,1,0.5088023235159693,1,1.0279326638834092,0,1
1635,1.114114358168624,1,1.635779682968938,1,0.8576600147269895,3,1,0,0.5413721132009753,0,0.8751636379006458,0,1
1067,1.0256058710710372,0,1.5721905719076439,0,0.423711445713111,2,3,0,0.5943763371456916,0,0.8697452240851448,1,1
885,0.7079073753292822,0,1.4207427299905544,0,0.048369994655157844,2,5,0,0.45574027849078846,1,1.1123057001617151,0,0
2194,1.014073058376006,1,1.18258428458888,1,0.3221999464428795,1,2,1,0.5351709179089333,1,0.9679529395198355,1,0
1225,-0.07289489200854571,0,1.5257034574121786,1,0.8168477500283722,1,2,1,0.5822384876982215,1,0.7042761074079977,0,0
750,-0.1730110410448087,1,1.472157468933477,1,0.9663831887836343,2,4,1,0.45829570110454965,1,0.9535463117065458,1,1
278,0.5991707597555825,0,1.5087308225066467,1,0.49833274199151817,2,1,0,0.34446091128262724,1,1.0641018403336846,1,1
2078,1.0013632501283098,0,1.6263911395587396,0,0.7986438031166287,1,2,1,0.47831169963308046,0,1.122254193055662,1,0
938,0.5533351586246753,0,1.3747091939759004,0,0.2588910552806508,1,2,1,0.5431049036798263,0,0.620202304520747,0,0
614,0.5023177123629391,1,1.6428591114729623,0,1.0929395407102924,3,1,0,0.46746646430525074,0,0.9023393272774256,1,1
855,0.6254406306490102,1,1.462531966807707,0,0.08528585567132113,1,5,0,0.456086664009802,1,0.7854420255171553,0,1
654,0.4506247249861547,0,1.4908678191219982,0,-0.019981507611416482,1,6,0,0.5084733639531707,0,1.2117750117707815,1,1
2302,0.006792895027070367,1,1.408820554916242,1,0.3691317435586652,4,6,1,0.4891985261504177,0,0.800473199546808,1,0
471,0.045127678643244795,0,1.5089609093952698,1,0.7024239283911762,1,4,0,0.4252191698359228,0,0.9833678089344368,1,0
1514,0.35203947096759436,0,1.6192712871344488,0,0.04059543732463017,2,1,1,0.5291231081090217,0,0.7590114061111938,0,1
551,0.7488008681274552,1,1.3048640831372136,1,-0.27046071708137676,4,6,1,0.5270675610437614,1,1.148896664568739,1,0
27,0.010263520011113247,0,1.4307742564279677,1,-0.08543073797354839,1,3,1,0.4682601473639333,1,0.9048297012102772,0,1
651,0.3332577275365468,1,1.42135111493309,0,0.40268827712964267,1,4,1,0.5087288320879081,1,0.8885181459031168,1,1
407,1.4436544127587867,1,1.4367530201533523,0,1.1765400379819348,1,3,1,0.6274451482785877,0,0.9838036195148796,1,0
1838,-0.22573963381139517,1,1.3162117748030084,1,-0.38947350619263565,4,3,0,0.6317967577514138,1,0.8696248276343109,0,0
1002,0.4880392396373159,1,1.6009821902727321,0,1.0629778956780398,2,3,1,0.5779515187706544,0,1.2028193130315157,1,0
1208,1.7814243499725992,0,1.5226075466396285,0,0.3151687317512889,2,2,0,0.41438858242138293,1,0.8680776409599387,1,1
1361,0.21317498445826605,1,1.4170121290796902,1,-0.5612108355356837,3,6,1,0.5281377972911365,0,0.9771838800256907,0,0
1318,-0.24149032920886948,0,1.4612895141875142,1,0.31855974479928506,1,2,0,0.4495709036015336,0,1.0327096650051726,0,1
286,0.24535803549602964,0,1.4180734704827693,1,0.2725464470280933,2,5,1,0.44513203336341034,0,0.8612045920161476,0,0
1811,1.4563784460685247,1,1.4722966400827924,0,0.13736715434874575,1,6,0,0.3649568299634053,1,0.9322346138608503,0,1
59,0.4862648255149018,0,1.5670976768855365,0,0.6237703754467528,3,4,0,0.5272751858076399,1,1.1281844682473752,0,0
1537,0.5229043971999591,0,1.5282106533354165,1,-0.029446891099123018,1,4,1,0.5684313422776271,1,1.129888463110303,0,1
772,0.513291030303722,1,1.5005548614964797,1,0.02765415557685269,2,1,1,0.47012069904766274,0,0.9472175296063216,0,0
1828,1.3646136809617326,0,1.472289151111651,0,0.7801468935389505,1,3,0,0.5304438701747509,1,0.8452720455212269,0,0
1997,0.49295851759481374,0,1.3967166596210234,0,1.0303778524449752,4,3,1,0.6039731228170668,1,0.9577635406618729,1,0
1972,0.6871120129156957,0,1.4515921781800227,1,0.7652308275739954,1,5,1,0.5400382842916609,0,0.7201405183324238,1,0
888,0.08331276723505376,1,1.4858717282655236,1,0.5773899014257218,3,2,1,0.4488966759436547,0,1.2527643183089467,0,0
1992,0.6045509346595763,0,1.2751973699399333,0,0.9947132470621646,3,3,1,0.3582149867814337,1,0.8850818007851259,1,0
216,0.2396599676111127,1,1.605431487298631,1,0.7095816923665712,2,1,1,0.3717870120750931,1,1.3542564496821774,0,1
2114,-0.6070427759353565,1,1.6276855529018373,0,0.011362999723768752,4,4,1,0.46110379374460075,0,0.6150623952913681,0,1
1007,1.0132903677801381,1,1.4139877719765273,0,1.1453728866024682,2,4,0,0.37447397740853067,0,1.0534861265617077,1,1
1594,0.6290623043174663,0,1.4887316059462572,0,1.038266533663462,1,3,0,0.48037700315612225,0,1.1796394264482892,1,1
221,1.0197164167535995,1,1.3632065504521458,1,0.9648257093789266,1,1,0,0.5160929439443771,1,1.1123275502766814,0,1
2288,0.7521182179827915,0,1.5367260301062164,1,0.07728242374506866,2,5,1,0.5462387390330249,1,0.8997096653246108,0,1
293,0.6918970706244595,1,1.6320376706549107,0,1.5395499615266255,3,5,1,0.48963688881675854,1,0.9022252149930128,0,0
701,1.4507718681172732,0,1.441982444318461,1,1.4304500543875132,3,1,1,0.5692937103327289,1,0.9105058964770607,1,0
1969,0.6667660811239695,1,1.5252835350308467,1,1.1602791184802197,2,3,0,0.4303655449649605,0,0.9515393609451097,0,1
1909,0.11498758306764562,0,1.5639816608189958,1,-0.7352036304812333,2,3,0,0.46058283328440897,1,1.0379052952154784,1,0
2267,0.7521592316560606,0,1.473245340470135,1,0.6989069277823536,1,1,0,0.47329853307314457,1,0.9973251315262184,0,0
2096,0.12942405805220658,1,1.3831741862947455,0,-0.14378252893467713,4,3,0,0.48416485000798615,1,0.8930187374045038,1,1
854,0.7153532043117352,1,1.508044432712893,1,0.1660430995768878,2,4,0,0.5560410380903822,0,0.8690145755588569,1,1
1106,0.3417353666508268,1,1.5460545860745358,1,0.7473071136136447,3,5,0,0.41795847210161946,0,1.0359977677043912,0,1
393,0.7929887409599462,1,1.5513854507738507,1,0.8120109057855525,3,5,0,0.4245750733053636,0,0.576984429574023,0,1
1068,0.8097282382279287,0,1.4700167566531626,1,0.81735840564816,2,5,0,0.3194251363209084,0,0.8519184179018182,1,0
840,0.5976454695960984,1,1.4644765492312373,1,0.777410747172226,4,3,1,0.45950199786021656,1,0.9435269194614359,1,1
2165,-0.13841287715420703,1,1.5381441323598648,1,1.089713051210896,4,1,0,0.4766249515926351,0,0.7730269531446048,0,0
702,0.3376813362143724,0,1.3897402799803174,0,0.5595308592207742,4,6,1,0.3579951996741722,1,0.8229084558417581,0,0
1,1.2980590690544107,0,1.3891430023355253,1,0.7112074226322853,2,1,1,0.5574313401572191,0,0.8057153681662779,0,1
794,0.6735057537826654,1,1.5714798023398877,1,0.5966116114707253,3,6,0,0.3030004523094224,1,0.5937468637371861,1,1
1244,0.8204693698249645,1,1.5987525625770893,1,0.18120608933547483,1,2,0,0.49912021707494725,1,0.6211309305432531,0,1
1727,0.7054437045773162,0,1.4158864146857502,0,0.17519345657504093,4,5,1,0.5605706672545377,0,0.7850301897341021,1,0
2206,0.6829263930966796,0,1.4149101558773547,1,0.43452904642255447,1,3,1,0.6590529233747626,0,0.9507633358163226,1,1
2252,0.22010313666282644,1,1.5330820491845536,1,0.3487778538193951,2,5,0,0.35850803355750754,0,1.240576924019598,1,1
1542,0.8020434751514905,0,1.5951156055051865,0,0.5170731829975884,3,5,0,0.5477501292837603,1,1.0221785855416987,0,1
349,0.2708631721561628,0,1.4351428449536596,0,1.1482367547047756,4,4,1,0.4173389942242182,0,1.4236463995057231,1,1
1558,-0.28477538813018666,1,1.5425190683437515,0,0.23824138974506942,1,4,0,0.46140932854603744,0,0.9302164151237088,1,0
1608,0.7074073239724061,1,1.5429119745003028,0,0.9421509412430324,3,3,0,0.5108876450960673,0,0.8617625798432742,1,1
237,0.8386094244909237,1,1.5742324779837635,0,0.7693000343290783,2,2,1,0.6109449230296129,1,0.8780689769056471,0,0
742,0.3759734920815708,0,1.3944528582410916,0,0.8047186865588098,4,6,0,0.4860812472231039,0,0.8423981122555904,0,1
1644,0.3490894129142861,1,1.5324793167524087,1,0.21625136684419977,1,4,1,0.4618477106693303,0,0.9798797970625931,1,1
605,0.8184143593324869,1,1.5522477178416134,0,0.018116001501146617,1,4,1,0.5146690529761571,1,0.8722581846689638,0,1
348,0.7375245952347667,0,1.448494199895871,1,0.1728007032117561,3,2,1,0.6481128079915616,0,1.168535528916453,0,0
1189,0.7435511569263071,0,1.4873436291736468,1,1.288960328415663,2,2,0,0.5354878404065397,1,0.7553686883325736,0,1
1545,0.8303964913265541,0,1.52282782212695,0,0.7378318427885793,3,6,0,0.46459656498982904,1,1.0148253527422892,1,1
843,0.24952844114836986,1,1.521400368620453,1,0.6927494026256048,1,6,0,0.4071793857386516,1,1.0212447649112342,0,0
1420,0.7016138386481832,1,1.5350696430570423,0,0.0944332864315281,1,4,1,0.3703322069832811,0,1.1324950357168349,0,0
1845,0.62727763765968,1,1.5715943966238615,1,1.4176645331837046,1,2,0,0.40610641028782307,0,0.8941095016274714,0,0
1702,-0.45084163643315645,1,1.5855699469082576,1,0.46368078116653344,3,3,0,0.6434737022508501,0,1.0369304335759681,1,1
288,0.5989549912992675,0,1.4255085533593028,0,1.2344008863011462,2,4,1,0.5088784183975095,1,1.1868130363316831,0,1
825,0.6687761163637125,1,1.5259532317165279,0,-0.156644658355099,4,6,0,0.5335022736242553,1,0.8409795514740259,0,1
1538,0.5445232849889324,1,1.269323655413101,0,0.6901125615485438,3,5,1,0.4993899140136476,0,0.8173656206835633,1,0
1987,0.7670123369150534,1,1.5102986266257759,1,1.1133937690724325,2,4,1,0.45214978438727477,1,1.2586431392526785,0,0
933,0.4708086143199718,1,1.2955891586226578,1,1.1003775565771283,3,5,1,0.5034523110187603,1,1.079195516958176,0,0
542,0.5709845166314722,1,1.6100795126945122,1,0.046188600581777095,3,4,0,0.4480837233742043,0,0.507141542413371,0,1
1046,0.2251111147365965,1,1.5376623452329243,1,-0.10378253978749752,4,2,1,0.5441653734968247,1,1.3789582943242273,1,1
649,0.5360915704018712,0,1.4763246849260248,0,0.7833694361894057,3,4,0,0.5251988598502483,1,1.055100709593647,1,1
2233,0.3998254955240307,1,1.4303701554370603,1,0.0958345847149672,3,2,1,0.48811076035951106,1,1.1499419354434748,1,0
358,0.6335528463577722,0,1.5161744306027314,0,1.085618030127547,4,4,1,0.5870325066385698,1,0.8433313166978521,0,1
1969,0.8112103019873543,1,1.4805065094447718,0,0.1886648687852287,1,5,0,0.5039413551213004,0,1.0082112777183974,0,1
858,1.4447536770535496,1,1.4789047152139199,1,0.4732119713565402,1,3,0,0.35915636107461746,1,1.0959511753568416,0,0
1517,-0.6123870022835256,1,1.571325046640231,1,0.40735666009847676,3,4,0,0.31260774609047,0,1.0376040853729522,1,0
1145,0.2985786301405779,0,1.34098393013239,0,-0.14185810970098212,4,6,0,0.45667202375169114,0,0.9533971452475778,0,1
2244,-0.16759059187824987,0,1.3016496015893342,0,0.42333103008459533,2,2,0,0.6231809701175114,1,1.071916788287289,0,1
2100,0.035654216923777626,0,1.5494154807524483,0,0.5788651206965633,3,5,1,0.4770496884164659,0,0.5765702607662717,1,1
782,0.6829433805339354,0,1.3789849296760623,1,0.5509323815975004,4,1,0,0.5361441963886802,0,1.174430141473157,1,0
235,0.33670541516730557,1,1.488257095090779,0,0.7414699224255618,1,4,1,0.5874998613931358,1,0.7467468010642738,1,1
337,0.7333038970394063,1,1.456657298314959,0,0.8218653395991924,2,3,1,0.5693062403152771,1,0.9451508088690189,1,0
1882,-0.25022039507224714,0,1.4185663682050942,1,0.25815398221319896,1,5,1,0.40173183075761176,1,0.9732706135794061,0,0
1311,0.24989045152607553,0,1.5120174597502696,0,0.5512589113482771,3,1,0,0.5323262146857338,0,0.9935333014771803,1,0
430,0.510054948123452,1,1.5040641972321334,0,-0.13173364352061923,4,4,1,0.5244975784385217,1,1.016229659465603,0,0
802,0.4660569210198194,1,1.3599650307890765,0,0.10347642624515896,2,3,0,0.5388119257633784,0,0.864772070440284,0,0
353,0.11590577671084606,1,1.4403012289173678,0,0.24051932050807784,4,6,1,0.5654087407616009,1,0.8514577292810008,1,1
1019,0.5380328582294233,0,1.51972927257031,1,-0.1803525062537631,3,2,0,0.49654024916578937,1,1.1111073190471132,0,1
2036,0.8245596183120332,0,1.4493909168305277,1,-0.2871658915465809,1,3,0,0.4959181432204069,0,0.9655965985293392,0,1
786,0.33465479765119455,0,1.3760218109347084,0,0.38424959911801404,4,6,1,0.3530918291985808,1,1.2258901468265933,1,0
2302,-0.13021980681802392,0,1.4980938220983824,1,0.3376847632760495,3,1,0,0.5222284923926211,0,1.1217855523462448,0,0
177,0.5653015548303804,1,1.5046703799337409,1,1.142975388974897,1,2,0,0.5007676803132634,1,0.7186217615050235,0,1
42,0.1157970795121393,0,1.5376787484476795,0,0.6516856214173146,3,1,0,0.4291731086079417,1,0.6301743259948323,0,0
1147,0.946161404294735,0,1.52711132334841,1,0.6420570005213158,3,5,0,0.46482088695302276,0,1.0787995733626294,0,1
1071,0.6294984595998967,0,1.6179552225875873,1,0.7829002185580947,1,1,0,0.5149833786611794,1,0.9129192563068107,0,0
1097,0.3498672048714713,0,1.3758493364224598,1,0.5744047555760772,2,1,0,0.40529548821052896,0,1.0937765697831476,0,1
257,0.2658750103112807,1,1.5666676491546485,0,0.8814624858493905,2,6,0,0.5695729439675441,0,1.061284158443809,0,0
665,0.7975227874343178,0,1.4970690157848139,1,0.4736729364186611,2,1,1,0.48456608406915963,0,1.0358687797720871,0,0
2294,0.4713797686546861,0,1.457575082069918,1,0.7947134168927079,2,2,0,0.4562989007202008,0,0.7414674417814817,0,1
634,0.6047772512979653,0,1.5805609280284831,1,0.024403085491739696,1,1,1,0.4416073817770596,1,0.7500669366741827,1,0
83,0.5427544695149418,1,1.3265269922292418,0,0.13454338762004853,1,6,1,0.4133574946457964,1,0.9123790961727335,0,0
2127,0.00020228829065682685,0,1.4685249345655806,0,0.3928393221398312,1,6,1,0.43481957733099563,1,1.2295112612496004,0,1
22,0.5118029619173252,0,1.5341113032434577,0,0.26652568277307276,1,6,0,0.2820458893860106,0,0.9478221452496911,0,0
1553,0.09987457239394942,1,1.6133463935889727,1,0.596322852647186,4,3,0,0.4665249036019842,0,0.7654461843301995,1,1
503,0.6960992255385392,1,1.7445585546728473,0,-0.6973859025730704,2,4,0,0.4735148914196598,0,1.319948211316257,1,1
1047,0.18213896260650153,1,1.3131241864702872,1,-0.0446312934716645,3,5,1,0.5753973795341082,1,0.8544330296461902,1,0
2105,0.8662916821954405,1,1.3989021075774448,1,0.4493587176933388,2,3,1,0.39995958966241146,1,0.9110898082908421,1,0
1590,0.6567607273119458,0,1.5009095297397834,0,0.4261864906160947,4,3,0,0.4998671135169592,0,1.1159978912211488,0,0
1146,-0.15193516620696057,0,1.3166791158286653,0,0.5981526185135715,1,4,0,0.48638971207831216,1,1.1385926225231837,1,1
503,0.7018564458185399,1,1.3889796376458619,0,-0.14045092473442133,3,6,0,0.43062979124789275,0,1.3918409161630256,1,1
32,0.09044486406784874,0,1.6047905402289646,0,0.46067831940736653,4,3,0,0.4178334349461501,0,0.784099059528179,0,0
2201,0.4022470982929952,0,1.6695963410755337,0,0.849477372487289,2,5,1,0.4977820111736708,1,1.2386076299037478,1,1
2285,0.35590165740571733,0,1.4902525848287766,0,-0.07485317518495493,2,2,1,0.40903681290559674,1,0.6592168742039304,1,1
1569,0.36541127790545036,1,1.2856388477526972,0,1.1944741446990617,2,6,0,0.38770765519490935,0,1.1651678014081983,0,1
869,0.4156218632935226,0,1.5435012138572126,0,0.22422329553502363,1,2,0,0.47003989016128545,1,0.9601297480667126,0,0
95,0.8630592435197186,1,1.473846681486772,0,0.6081548303637051,1,2,0,0.6184754029684577,1,0.8673149767878484,1,1
997,0.9799653368081005,0,1.71906760062417,1,0.01814943981939826,3,2,1,0.48538488309621264,1,1.0679035822500147,1,0
227,0.39959735913414884,1,1.6624079101694744,1,0.0744734673124745,2,4,1,0.38118681470556925,0,1.1926213832896946,1,0
630,0.16057183143365727,0,1.5591037565577957,1,1.1201872534366646,3,6,1,0.5859516775642605,0,0.7696998436783492,1,0
99,-0.07279661669562498,1,1.5921916786371773,1,0.6141732479849431,2,4,1,0.39192789893837177,1,0.9639321173565016,0,0
2181,-0.2611011641262416,0,1.4997930025738038,0,0.5102451984316339,2,4,1,0.49090365741174424,1,1.1891141527648066,1,0
638,-0.04605126055640851,0,1.3791466431798052,1,-0.722394166033403,3,2,1,0.40746222077234273,1,0.8190664121819499,0,0
88,-0.7665045042181706,1,1.4499325609026155,0,0.2146322271716976,3,6,0,0.5643591133433468,1,0.9349655478400607,1,1
322,1.0451988028824526,0,1.4590785174339993,1,0.15871904248876217,2,3,1,0.5384272489511392,0,0.8733985411808048,1,0
172,1.1846161792784775,0,1.4537050988099671,0,0.7186845577525085,2,5,0,0.5237204743592722,0,0.8420042770799616,1,1
36,0.43241463782258954,0,1.4973713564661897,0,0.6308973656080513,2,2,0,0.4363407079419095,1,1.0182717600629174,0,1
1550,0.4557742524172313,1,1.4194423920246857,1,1.1977398513200945,1,5,1,0.3889104520591343,1,0.843570598646312,1,1
10,0.36269661841646783,0,1.4894317193297313,0,0.1604280611768742,2,6,1,0.4588942897260607,0,1.0148689537018551,0,1
1226,0.13762644703677024,1,1.549759735811215,1,0.9239688599046929,4,4,0,0.3520776173849825,1,0.7579629289128071,1,1
216,0.6473824985948979,1,1.4876964078443793,1,-0.32456763620069495,2,3,0,0.3387980612413839,1,0.8349629525648381,1,1
932,0.37898350143033843,0,1.49417677623528,1,0.7259133294629154,3,5,0,0.586735728011887,1,0.9123672983794473,0,0
554,0.7936869338558687,1,1.3022123810741366,1,0.4259573463911813,1,4,1,0.545330911013892,0,1.1303901717486249,0,1
313,0.7770955389186512,0,1.6012516590946526,1,0.10489141687433146,1,5,0,0.3625770376337055,1,0.9698831671536099,0,1
1289,0.8729903735772646,1,1.4702744931033112,1,-0.35199526582845486,4,5,1,0.4210118518670593,0,0.7242323373794674,1,0
1284,0.23605356824706109,1,1.4537829245484997,1,0.30267208698588133,3,2,1,0.5494429619759961,0,1.3117799513978878,1,0
749,-0.0710802302901079,0,1.4371432025419386,1,-0.2741869405815148,2,5,1,0.46385778045823084,0,1.1371653614249948,0,0
520,0.8683328929826037,1,1.530932646217715,1,0.4223084521055529,4,1,0,0.43033899835623385,1,0.7308922900823537,0,0
654,0.09351730496078825,0,1.672867287966214,1,1.4040066923991268,1,2,0,0.3623175834001244,1,1.3950624040820878,1,0
1483,0.5168988724580466,0,1.612200730872644,1,0.4861228826787911,4,3,0,0.45972035542384493,0,0.9478476559429796,1,0
675,0.845233389040895,1,1.5504910048511005,1,0.705418457095027,4,6,1,0.4698825634014369,0,1.1144253747916006,0,0
337,1.1169806251639824,1,1.5582887953795448,0,-0.5104210689880906,3,4,0,0.3032568279026484,0,1.1684838788900098,1,0
2246,0.5720702888716105,1,1.4741729192038011,0,-0.017338553333225315,4,5,0,0.49941543234578734,0,0.9846246951724497,0,0
617,0.6067182720833812,1,1.4027534796312093,1,0.35082455142145663,3,1,0,0.5676571017834909,0,0.9882685214621296,1,0
1912,0.6255962690674345,0,1.5822890130538152,1,0.19846933039438797,2,6,0,0.6356251143453707,1,1.000055851690103,0,0
1298,-0.010224563657244556,0,1.4378047785798274,0,-0.007901826018973379,3,6,1,0.397016845488197,1,0.8698329317906865,0,0
1830,0.22804495513884315,0,1.528136706736574,0,1.4195362551353066,2,6,1,0.4974911332942264,0,1.4215919697109256,0,0
44,0.7163334158714542,1,1.3950310253097595,0,0.8328023809484403,2,6,1,0.520845994198543,1,0.754414530006731,0,1
186,0.2215672795711115,1,1.5820788393660712,0,-0.5230842848335253,2,6,1,0.5284099987001857,1,1.2704915199847393,1,1
1832,-0.011540844892463764,1,1.486965133663925,0,0.7907034744143189,3,2,0,0.49444189748263856,0,1.2609794016366629,1,1
931,0.024991072636685374,0,1.647870480977577,1,0.6727887112639278,1,4,0,0.31115779011647765,1,0.8161885655195585,1,0
1122,0.5147945761539037,0,1.4305157370060333,0,0.2988124386268628,2,2,1,0.34676280069342313,0,1.0200966210451308,0,1
1470,0.640029472497188,0,1.4484091202134453,0,0.6463220579098554,3,1,1,0.4766185098014962,0,1.1759063944085044,0,1
79,1.3131171430257036,1,1.3426408817287119,1,0.8035609183094589,1,3,0,0.6082609749036735,1,1.224477930485226,1,0
1828,0.2917093441998414,0,1.4388089678272251,1,0.1260236508054467,3,6,0,0.4796629641528587,0,1.01912915275119,1,0
652,0.971673374268557,0,1.3181767773743254,1,0.7692839457821774,2,5,1,0.4873983039400074,0,1.209310742826899,1,1
1374,0.28688437437386033,0,1.5369960526172115,1,0.8036604917541126,2,2,0,0.39196871110283693,1,0.9841822587270299,0,1
2178,0.9235555592912302,1,1.4030649787131475,0,0.11140711509912904,4,2,0,0.4151499246828677,1,0.8061135354115302,1,0
1230,0.7677934194700949,0,1.474938900262475,1,1.5317960896218883,1,1,0,0.3772454713071242,0,0.8750985529652158,1,1
2154,0.7698229254031441,0,1.4393301477127265,0,-0.3892928053997389,2,5,1,0.48106246462023944,0,0.9933511269208104,0,0
1213,-0.26934489974853293,0,1.636655991674738,0,-0.26868959459854436,4,5,1,0.42811106293914525,0,1.039808703840395,0,1
1133,0.2328872127718407,0,1.6030550520989686,0,0.13982094471503187,1,1,0,0.3412833300874075,1,1.079346467312752,0,1
326,0.2195895634495753,0,1.4474258261691995,0,0.37589992154509455,3,3,1,0.47503217744465126,1,0.9878284849072891,1,0
1754,-0.40908207632781224,1,1.5628764313835017,1,-0.09903614840245001,1,6,0,0.486232641861296,0,0.6132670035938219,0,0
208,0.5481236240961032,0,1.6186127196293678,1,1.0395399983425968,4,4,1,0.5712186731531353,1,1.100797736529744,0,0
2139,0.7028466746145927,0,1.4968607736272526,0,0.24797734725125947,1,4,1,0.4191846548475221,0,0.9472222943182849,1,0
225,0.5941735819859555,1,1.516918380849192,1,0.0649681470821506,3,2,0,0.5111469780472986,0,0.934988393941128,0,1
168,0.3668747696604168,0,1.5100035124787814,1,0.8319066711834644,3,5,1,0.5056281963135733,1,0.9048049338387445,0,1
1546,0.39687718856794263,0,1.4812418863988712,1,0.488635953785391,4,1,1,0.33729704157159035,0,1.3105100182493592,1,0
2330,0.2600503078757864,1,1.5143088961347604,1,0.9026742353637602,2,2,0,0.5312166633445414,0,1.0135111601325473,1,0
2288,1.157072936094174,0,1.5479702891079006,1,0.16216480441398962,4,5,1,0.3931189518958405,0,0.9849498854823068,1,0
700,0.24131840588717446,1,1.3531937365677653,1,0.5040937261859335,4,2,0,0.6357135718413375,0,0.6200003498152691,0,1
1897,0.7348988698434721,0,1.5872360648105057,1,0.7928329053443326,1,5,1,0.43529105985649263,1,0.8869447354970381,0,0
1728,0.37042564657614796,1,1.5392090999693737,0,0.2518170185114391,3,2,0,0.5289384106340437,1,1.0772166482761907,0,1
1975,0.6427124283320796,0,1.4160123425042692,0,0.8061654966738364,3,3,1,0.33276817183233676,0,0.9303799477915399,0,0
573,0.38883678671912525,0,1.5477473812418878,1,1.0122083110085542,2,1,0,0.5145061750127248,1,0.9220142344429789,0,0
1002,0.502961027049419,0,1.549878868980363,1,-0.012971838331692798,1,1,0,0.543915394870069,1,1.304040286166745,1,1
227,0.3571704705133703,0,1.6635384423208617,0,0.5592680905888371,2,6,0,0.5132407331428347,0,0.9021328455444572,0,1
825,0.6808529107920442,0,1.4236944170111934,1,0.26923851265320997,4,4,1,0.4805043958829586,1,0.9323842910348525,1,1
1047,1.1011494299307916,0,1.5178814614352985,1,0.7685065167178557,4,3,1,0.43926653998326043,1,1.1423485270959461,0,0
2195,0.5302344766538688,1,1.493151401920904,0,0.8646396677363968,2,1,0,0.45508934520507277,1,0.9001984220082624,1,1
351,0.7750213310735954,0,1.6159658149848357,1,0.6001416721529174,2,1,0,0.5341492508562125,0,0.9526966267486734,1,1
1408,1.1123049943613226,0,1.5933915382679822,1,-0.10866396149988522,3,1,0,0.6294968360579193,0,0.8717149193607217,1,0
819,0.3623765684907215,1,1.4408564018611711,0,0.345573581835265,1,1,1,0.3138815279110396,1,0.8098873312271861,0,1
1900,0.4831121591496732,0,1.4817404761408308,0,0.2421952334181497,2,4,1,0.39062476463911294,1,0.7610695373370762,0,1
1889,1.224141503494418,1,1.6283049123403728,1,0.3709969178779421,1,4,0,0.5587748815628272,0,0.912201723431292,1,1
2373,0.3470025167295996,1,1.4127831109959958,0,0.37972598529236873,3,1,0,0.48109388469894476,1,1.071487651195804,0,1
1947,0.5602449317215368,1,1.5626330749888986,1,1.0160919119550667,3,1,1,0.409400052146995,1,0.842539586191742,0,1
1058,0.020041102830783697,0,1.5415809917193444,0,0.5746599067794081,3,5,0,0.4059237359208766,1,0.8927208084835404,1,0
1402,0.5729323561261068,1,1.3625493757051192,0,0.2923920369259011,2,6,1,0.43605256359734734,1,1.0866898298053378,0,0
137,0.3270429505917456,1,1.5574335595794664,0,0.6487693165689827,3,1,1,0.5382503924388539,0,1.1200618346633748,0,1
189,-0.3567324453453543,0,1.374502317305597,0,0.5685935138625954,2,1,1,0.41181538789472844,1,0.9893498487732608,0,0
1773,0.14426062207893453,1,1.3662065157185836,0,1.133743540055688,4,6,0,0.39582229167584937,0,0.9209994063700916,1,1
916,0.043181182456211775,0,1.4459691957792908,0,0.8549921665077023,3,3,1,0.40132557759029786,1,0.8461227831707306,0,0
1325,1.0513516161620355,0,1.5603989894544794,1,0.38180544297756014,2,1,1,0.7069562992892815,0,0.9935909355270032,0,1
1777,0.37109189708065293,1,1.3872586215357745,1,-0.4785910484692717,1,5,0,0.4721047645845686,0,0.6889897866378781,1,1
886,0.3143578909998986,1,1.6429042258561273,1,0.21993993451090638,1,4,0,0.39090431259389896,1,0.9643573135629183,0,1
262,0.7034023513121516,0,1.5799946768088147,0,0.7849018511987667,1,4,0,0.48170559724430995,1,0.5031660769648247,0,1
1347,0.8720788182020902,0,1.5340043825294085,0,1.2641870767219818,4,2,0,0.5059115334680152,1,1.0466844592128552,1,0
134,0.2857284612255556,0,1.5811484667467575,1,1.1797344438988515,4,2,1,0.48432173990475863,1,0.9214820901196606,1,1
903,0.634452917311217,0,1.6797049199796263,1,0.40544229621516664,3,5,0,0.5425059059656114,0,0.9428275526012462,1,0
126,0.746699541672007,1,1.307736805982839,0,1.099712826128219,2,2,1,0.46272475142524283,1,0.7261492527820801,1,1
644,0.8873490260411688,0,1.7093673736056163,0,-0.01813112737463385,3,2,1,0.428803149519433,1,0.7449816547929721,1,0
1847,-0.13187170249465885,0,1.579923064177247,1,0.45522329680132456,2,5,0,0.4993852383783405,0,0.8334078017355456,0,0
2012,0.09958270653827772,0,1.634397040700428,0,0.5704456029235845,4,5,1,0.4725678282747273,0,1.154880199060476,1,0
141,0.7669783205203691,1,1.57074234413897,0,0.22705513610185435,2,5,0,0.5417285281567181,0,1.044678575873543,1,0
371,0.4688192707839844,0,1.4015802836880498,1,-0.08899936757104687,2,6,0,0.41688536243947766,1,0.9775145605015524,0,0
1849,1.2245389865782008,0,1.4782321706903851,1,0.7079248466622726,4,2,0,0.48695941436706297,0,0.8374517740945133,0,0
1470,0.04201856795124159,1,1.433339432043628,1,0.5643497838433971,4,1,1,0.5074762713985552,1,1.1010223848520742,0,1
472,0.13884114860074415,1,1.4486161215570603,0,0.655609447722411,4,6,0,0.4210739731370217,0,1.0796844940095773,0,1
389,1.3426478090616363,1,1.2832124770153002,0,-0.5429468848557932,2,2,0,0.530907419446413,1,0.973753816946256,0,0
1076,0.4432068963270922,0,1.471824378042877,0,1.0503382621367554,1,1,0,0.5781002133353208,0,0.6216299754600842,1,1
484,0.5081033557144224,1,1.46615438161005,0,0.7757967504088844,2,2,1,0.40727604998595895,1,0.9218885850754963,0,0
2316,0.9133977116618168,0,1.412435607062202,1,0.46078878954854985,3,3,1,0.579059903506093,0,0.7130160462684529,1,0
364,0.43722236899143024,1,1.5657957176568247,0,0.6742403750018922,2,2,0,0.6134795166069429,0,1.1170750267858378,1,1
1569,0.6705060987036708,1,1.491197734287258,0,0.4712773333428002,3,1,1,0.4676955269575433,0,0.7485982249246769,0,0
451,0.9078064429270258,1,1.3854712808046998,0,0.36111888871174835,1,3,0,0.48483411491148953,0,0.9502735240333837,0,0
1305,1.2908741104540469,1,1.4380467247678144,1,0.14661149791956463,4,1,0,0.4239549276157522,0,0.9659088890281086,1,0
1150,0.40620429895417576,0,1.3870750626234698,1,0.23293249731745402,3,6,1,0.5329653133477144,0,0.8876303866708251,0,0
515,0.3238766550316048,0,1.3649196952294467,1,0.5163288087150918,2,2,1,0.47071216537259564,1,1.1275616699958855,0,0
169,-0.014468760986602214,1,1.3417657550625257,1,0.938593754771544,1,6,1,0.4290582405346344,0,1.142880246091207,1,0
313,-0.34259604830419954,0,1.5916405316750926,0,-0.043746348283415615,4,4,1,0.4507285114405862,0,0.941900499045547,1,0
1354,0.5187843815390659,1,1.663838875969743,1,0.11173197492840564,2,3,1,0.47131448954117616,1,0.8720790583864656,0,1
1302,0.1580871184065753,0,1.5914300539276192,0,-0.2603068897670584,3,2,1,0.5108895885123855,0,1.1642859360618791,0,1
1099,0.21900442093016914,0,1.5587967062870347,0,0.6731393332469365,2,1,1,0.3958468907585305,1,1.2019088370081312,0,0
2344,0.2841496271671444,1,1.5578087870237027,1,0.9649927594951864,1,3,1,0.4549464342551721,1,1.0168553546189218,1,0
2280,0.004831475612784353,0,1.3974319206550192,1,-0.07965483551531327,4,2,1,0.5316210373763619,0,0.9405305608986355,1,0
1984,0.17755874206259437,1,1.564419372964028,1,0.8162770217794147,4,2,0,0.5184630041587018,0,0.9831877890046473,1,1
614,0.3515082775842218,0,1.641754221209866,1,0.7817776063913798,3,4,1,0.5858466208965784,1,0.5070482815363055,1,1
1683,0.17770755174637087,0,1.4538152209130983,0,-0.31066145276952917,4,4,0,0.4114193591152716,1,1.1376238903678753,1,1
2203,-0.39899706604410823,0,1.5113102230728053,0,0.6405408530411627,4,2,1,0.4579648538591422,1,1.2390717130120381,0,1
368,0.8912879384282966,0,1.455176403870074,1,0.8966161330505782,3,5,1,0.596984832162207,1,0.9700400838634995,0,0
342,0.19502464960395632,0,1.4455171803521016,0,0.37441696825188614,2,2,0,0.4960728543877545,0,1.280144356931726,1,0
336,0.15361757343898713,0,1.6176866250499249,1,0.5614300343921109,4,2,1,0.3655310234235225,0,1.0605619376992121,0,0
2072,0.09660301619459932,0,1.558241097987662,0,1.4374847982666061,1,1,0,0.5518629577386049,1,0.8753042913088663,0,1
1964,-0.3482551792840791,1,1.3593303131000911,0,0.7635138053298316,4,6,1,0.47031507497105196,1,0.794466771145346,1,1
1203,0.810046855117873,0,1.5292345171970851,0,1.4450750862803128,1,4,1,0.4489279717251262,1,0.8714537943426011,0,1
2068,0.34732842654516893,1,1.5672270003889892,1,0.13552562018661785,4,4,1,0.5583675319049483,1,0.8980368097092194,0,1
2275,0.3226319199258177,1,1.4881472144145391,1,1.5007006382305317,2,6,0,0.45961896717998624,1,0.5936945574957386,1,0
13,0.3231152878439598,1,1.4231542665802013,0,1.2502279170305446,3,5,0,0.3809285713985917,1,0.8797467953005529,0,0
715,0.2569355458899115,0,1.4110083842138383,0,0.1317931805654487,3,5,0,0.4311553847266293,1,0.7236114061100136,0,1
744,0.20311863620643894,1,1.7220998140163042,1,0.6797914372338006,4,5,0,0.35804807493727975,0,0.7844554197217338,1,1
799,0.36699439346285234,1,1.3296081212230229,0,0.4641962178186804,3,4,0,0.45560059692738236,0,1.0505213478577358,1,1
966,0.1188523337371139,0,1.736490873199004,1,0.5650500622404988,4,4,1,0.5913652661368358,1,0.9463425481027115,0,1
1048,0.7463520020220037,0,1.3162114866059973,1,0.2128959824357471,2,4,0,0.5700653924975895,0,0.9639259145343604,1,1
2171,0.903112284234844,0,1.350380976027974,0,-0.09641916774814263,2,3,0,0.4209302592617496,0,1.2447123006861536,0,0
2165,0.5448138940700042,0,1.5329323747199533,0,0.5581808120903362,2,2,1,0.3424924441605798,1,1.2811825606958573,0,1
1198,-0.19378482039028144,1,1.6278359433202325,1,-0.06985078510468345,2,2,1,0.40249069678323063,0,1.3958207224373838,0,1
1026,0.785059251212801,0,1.4684344955828692,1,0.7669564408174734,1,2,0,0.3904119847925334,0,0.8683535694936501,1,0
416,0.5727634922528115,1,1.3704145608477853,0,0.04896432438938836,3,3,1,0.514155353876083,1,1.1857298209298732,1,0
1202,0.8457193189223855,1,1.588184441179612,0,0.3903464653586268,1,5,0,0.496757309988956,1,1.1453389569494494,1,0
1205,1.084982251784719,0,1.5765271391971563,0,-0.38025441864197806,1,1,1,0.457364105661207,0,1.0753311350290427,0,0
1669,0.35856989161816155,1,1.4181054507205912,1,1.5457368061231151,2,3,1,0.6900631231052007,0,1.0000589826388888,0,0
1313,-0.06194149393117809,1,1.514084617525588,1,-0.04328808129471873,1,1,0,0.4836886316659305,1,0.9353853904653273,1,0
2095,0.4341032957685492,1,1.4551486634398425,0,1.438192070347457,2,1,1,0.49885387545294047,0,0.7573193989801286,0,0
1222,0.7560646710492291,0,1.6939971705752666,0,1.2502271476095097,4,6,1,0.4362343193413304,0,0.9720390696563854,1,1
1013,0.07659323205514534,1,1.5037659178099045,1,0.8456325105332283,2,3,0,0.3908737067657357,1,0.9615806897904288,0,0
580,0.7724184958450333,1,1.4079577298384598,0,-0.017128211678668848,1,3,1,0.4132960084497647,0,1.0772674093227692,0,1
2090,0.6035632976849418,0,1.5446953867086117,1,0.3062734336544356,4,5,0,0.43032272997123466,1,1.0043886873596823,1,0
1022,0.8256395245884378,1,1.4609214003366982,0,-0.4669301967330073,3,5,1,0.4908980662649786,1,1.3068558098995955,0,0
501,1.2844314676471793,0,1.562993452637748,0,0.9702171276321523,2,3,1,0.43331933641328574,1,0.7370146124844945,1,1
1672,0.5775840384308049,0,1.4583074025271965,1,0.34921711620175,3,4,1,0.4548901785452802,0,0.8457674634877741,1,0
441,0.6305439632831046,1,1.5369086933165481,1,-0.11915258463252731,4,4,1,0.5355753671607179,1,1.2805417992572339,1,0
749,0.7501434099301407,1,1.5698697780601685,0,0.7341862796409151,4,3,0,0.47807428336532715,0,0.9973891168013469,1,0
2041,0.44238730588707337,1,1.4654873418969079,1,0.27313668681400105,2,5,0,0.43600188626890746,0,0.7717524152057452,0,1
1369,-0.03257070005319673,1,1.5187947217055857,1,1.8027628795016422,3,6,1,0.5854535280279124,0,1.060803287442399,0,0
655,0.34097492715149696,0,1.5508951036840188,1,0.4150924345248529,1,4,1,0.3118350991823166,1,0.853121377611586,0,1
1710,1.4982896007641868,1,1.6271338098866357,1,0.6339959196767453,2,1,0,0.40637991588032657,0,0.8704107982168121,1,0
113,-0.10462711814143155,0,1.6759563612008264,1,0.8111183012482936,4,2,1,0.3514150412718854,1,0.8761340923044724,0,0
438,-0.00546667955601321,0,1.5385826478772355,1,0.3289846099684489,2,2,0,0.5066570424149992,0,1.085132336477445,0,1
2112,0.8014215591361509,0,1.5131336145013083,1,0.34320121153793137,2,5,1,0.3034755311149365,0,0.8976586701446949,1,1
2027,0.9530205884873104,0,1.4270451684353833,1,0.7213635532615092,1,3,1,0.4199221525811336,1,1.096555391177554,0,1
1491,0.059918317052439996,1,1.4272817970119025,1,0.8250164620084569,2,5,0,0.44464264437717993,0,1.082333247674327,0,0
1580,0.5385574245748722,0,1.4383280234156857,0,0.29345961375979257,1,4,0,0.5072760337573696,0,1.0171589712302471,0,1
1063,0.22985566124995677,0,1.5401798921665815,1,1.221916824879995,3,4,1,0.39411378834488575,1,0.8964857200017745,0,0
525,0.4547318447418846,1,1.4910239369407121,1,0.4006978534500693,2,1,0,0.5487118493136958,0,1.043996971389147,0,0
932,0.18745050356561987,1,1.4195649352706972,1,-0.06195152587611141,3,1,0,0.43114685666862773,0,0.928197607229582,1,0
1441,0.8161274591198415,1,1.4858168507083478,0,0.7702233523642278,2,3,0,0.4394413106308347,1,0.8900387305628544,0,1
1450,0.8897579601879502,0,1.361300739507103,0,0.6615500013696827,3,6,1,0.4496120397985429,0,0.829742631043263,0,0
2293,0.6063951081446963,0,1.5907728048648577,0,0.7016518280491649,4,2,0,0.5340543846442398,1,0.8104155057949357,1,0
302,-0.09588643937608499,0,1.5883239847113626,0,0.8938432064772817,2,1,0,0.4653003277991265,1,1.1110186215274942,1,0
183,0.430442061806788,0,1.2642195202058142,0,0.015231044887122513,2,6,1,0.4910875292810713,0,1.001485285137145,1,0
670,0.7897958055357517,1,1.4921361052934619,0,0.40849881822261774,3,6,0,0.4668757788371456,1,0.7600100322564497,0,1
2177,0.2264781865039504,0,1.4221436904249822,0,0.8718387951056223,1,6,0,0.5044972114191151,1,1.117634702307341,1,1
1667,0.25727468660450603,0,1.5958376540336003,1,0.5272832724401555,4,1,1,0.5869649420610266,1,0.9496968453519656,0,0
2330,0.30003125031849703,0,1.496714543553406,1,0.20321591853320853,2,6,1,0.4692247689597394,0,1.1650497024852238,0,1
1306,0.6127902365891136,0,1.5999707795567366,0,0.2451793547479189,4,6,1,0.41150500060641915,1,0.8861545448827219,0,0
376,0.48128568287612095,0,1.2879427573701279,1,0.23190922369600575,2,5,0,0.4773278489056603,0,0.851110740208643,1,0
864,0.36564168393292446,1,1.5508491614656263,1,0.2629046653147059,4,3,0,0.47876537972287303,1,0.9973860750885746,1,0
1250,1.216899602842418,0,1.5104130574687566,1,0.8703844833073509,1,1,1,0.46302554400857154,0,0.7318967984075331,1,0
632,0.5144009380575275,0,1.4631274252592665,1,0.6039456460183603,1,6,1,0.47966473252395114,1,1.0205713501954805,1,0
90,0.7803603684613645,1,1.5810491052472786,0,0.8975822530366157,2,6,1,0.544798616203171,1,1.1088929642567498,0,1
1274,0.03738920157776332,1,1.4895388101621547,0,0.5081506314736627,4,1,0,0.5763639984595189,0,0.7647582978654236,0,0
1610,0.22261210251840763,0,1.4612481962587613,0,0.56090601072717,2,6,1,0.38495530256397453,0,0.8765626962323481,0,0
2221,0.04269496458526317,1,1.5495957747753788,1,1.4384555792535672,2,6,1,0.6848922935892323,0,1.0211493907819789,1,1
1314,0.40179573103766203,0,1.5302230447442589,0,0.04099733364664471,1,5,0,0.5382285898507021,0,1.0805306057003319,0,1
726,0.8394340530158166,1,1.4079009902060955,1,0.619291262174755,4,2,1,0.4238809568769002,0,0.6907683099190081,0,1
1328,0.5239039578659026,0,1.532379660881803,0,0.006431105224614098,4,4,1,0.4064758900528105,0,0.7016029853201984,1,0
2133,0.39019547778157804,0,1.4288739887707504,0,0.15962904380383836,2,5,1,0.5371375905632346,0,1.073481899533988,1,1
2261,0.3414363247509334,0,1.3854712409850605,1,0.2579943313506997,3,6,0,0.3125815486830756,0,1.0691930607261506,1,0
1577,0.41990811715804116,1,1.4970214075389936,0,-0.2875313849397353,2,4,0,0.4612670427110991,1,1.0997358774278754,0,0
1233,0.558553506713827,0,1.4665432538042233,0,0.5247260639307956,2,1,1,0.5285628374301603,1,1.1192394391990994,0,1
2064,0.5106725736518448,0,1.5357828029349603,1,0.5209465148627456,3,2,1,0.385069546545077,0,1.2911140918522421,1,1
2342,0.7415058198446873,0,1.4539660530887113,1,0.5309786593133545,2,2,1,0.40518518309728857,0,0.8325913948585889,0,1
1007,0.8197840468586756,0,1.4860184118222304,1,0.04210646717277283,1,2,1,0.5144290544181319,0,0.9242958738005651,0,0
518,-0.03693704862050384,1,1.4741836430818949,0,-0.004287986076744965,1,1,1,0.35113805250868807,0,1.2512758871644238,0,0
1161,0.42993741841172445,0,1.5343886540904323,0,0.14098690622303356,3,4,0,0.5502105683264894,0,1.3360934601336378,0,0
979,0.0905524680833058,1,1.5389684726909654,1,0.6127541003692686,1,3,0,0.6451714702529945,0,1.0483912850443207,0,1
1554,0.9877658787415547,1,1.4664929825648207,1,0.2581461106282683,3,3,0,0.5238269171893599,0,0.4775755971326271,0,0
1052,0.8565505704985967,0,1.480324506163734,0,0.8770973830063309,2,1,0,0.4713385542312347,0,1.0114564663620738,1,0
592,0.8307072972039239,0,1.4441331810784817,1,-0.4378300057568042,3,6,0,0.4767617184312602,0,0.9932739710238403,0,0
816,0.7914737945099186,1,1.5500367647874163,0,0.6589709063110288,4,6,1,0.39618945993618293,0,1.1893161120399036,0,1
1818,0.5162461125286112,0,1.5491455307194144,1,0.19523227301007479,1,2,1,0.5042635247053686,1,1.105232013768446,0,1
705,0.10311624187860247,1,1.3787833078807428,0,0.4880263089326526,1,6,0,0.5007062602861244,0,1.061880480244978,1,0
2289,0.018880458336628547,1,1.5091391865968429,0,0.18281887727672658,1,1,0,0.2998452018595262,1,0.978667089734103,1,1
2190,0.8924952322181576,1,1.433150101485302,1,0.18061089323388313,2,6,0,0.3284603927516876,0,0.5923320380694918,0,0
1664,0.7306547170299477,0,1.4675023827833682,1,1.2653014131405456,3,1,1,0.46041154223358866,1,0.7137819228274487,1,0
1770,0.30497241464460145,0,1.6180153597885663,0,0.3542378255032519,4,1,1,0.44076707569515416,1,1.193857237504912,1,0
1492,0.7757794862822531,0,1.505410364719746,0,0.9153367710500167,3,1,0,0.49512547364350173,0,1.0211840199813798,0,0
1836,0.8931491757525547,1,1.5289918707383845,1,0.5477114520534958,3,1,0,0.5657814613719023,0,0.8082164121036292,0,0
2207,-0.15230005689176584,0,1.2657528142748053,0,1.0489479409178157,1,3,1,0.5345234288744513,1,0.8193342143799769,0,1
1303,0.07358161289177878,0,1.5184704578478156,1,0.8513072079622684,3,4,1,0.33752872627559266,1,1.1615605581801176,0,0
374,0.5261445920272821,1,1.6102942281184207,0,1.3747827873443716,1,3,0,0.4839760613740648,1,1.1870524518562795,1,1
1128,0.8712392737436814,1,1.4581809633008305,0,0.21982367758792842,1,5,1,0.30551861518988477,1,0.8054598021969646,0,0
1187,0.596721679239615,1,1.4865209500658736,0,0.3633567276479319,1,4,1,0.5371848993027957,1,0.7810618416794942,0,0
1755,0.17049512368546194,0,1.2922424975813684,0,0.8507947213919771,2,1,1,0.5210135846469411,0,0.8876811865004395,1,0
551,0.8262331447870093,1,1.493330547447438,1,-0.4262096251776145,4,3,1,0.515042517007317,0,1.0215720341436307,1,1
611,0.8535882758509539,1,1.5613319343925385,1,1.3778394519343902,2,1,1,0.5087733329502465,1,1.0389631686308667,0,1
1870,0.8133433124440743,1,1.3911016763189932,0,-0.07719978632795266,3,2,1,0.5734835385004211,0,0.8710350205884811,0,0
684,0.7629485179863273,1,1.3294967913281552,1,0.20676780113718207,4,3,1,0.5491368968505311,1,1.1111987335885964,0,0
591,0.6416171786011597,0,1.3663968092999172,0,0.06841460604787786,2,2,1,0.575142081155665,1,1.0082037956978627,0,1
1719,0.5456849994814421,1,1.3855646131963453,0,1.2178832130905666,3,6,0,0.5757906648831201,1,0.8105460951715926,0,1
140,0.3389483803553356,1,1.6329428281914173,1,0.39120892618991615,2,6,1,0.4906652379685094,0,1.0015084097581282,1,1
1363,0.7496801838666215,1,1.7005682694811368,1,0.8213099457612935,4,3,0,0.5864007568165803,0,1.1042550923640722,1,0
1510,0.6361757434030801,1,1.4992922566550417,1,0.6398263967098649,4,1,0,0.5478834974693528,0,0.9027869646559865,0,0
2306,0.3367464199864964,0,1.6296472798748438,1,0.310233530581952,3,5,0,0.599986284987549,1,0.8583606093228477,0,0
2255,0.2586836904293971,0,1.3025083814531329,0,-0.2500208766059433,1,5,0,0.4594777008677731,0,1.0796051483917333,0,0
1825,0.5061450422897802,0,1.468364449248982,1,0.13723190693967113,3,2,0,0.4662705581958976,0,1.0343088087366488,1,0
321,0.22073315976079105,1,1.3405700412399637,0,0.6872679864821147,4,3,0,0.34680265691425394,0,1.0479470715926886,0,0
1156,0.3493875258006212,1,1.389671997510073,0,0.8688354028694889,3,5,1,0.5099462582610664,1,0.8299159262349634,0,1
204,0.021273191045226125,1,1.4161662864510525,1,0.4067503642891181,1,3,0,0.3961429210606652,1,0.8222217063207775,0,1
615,0.0746331494147045,0,1.393224308525524,0,1.028647835546916,1,1,0,0.5719550631473869,0,1.0724492732178577,1,1
1164,0.1471693223977979,0,1.2862593948199994,0,0.8386625778075807,2,1,1,0.463702072340336,1,1.112700917961834,0,1
1759,0.6096146778314125,1,1.4930989064116158,1,1.3082304034200787,3,6,1,0.474133151633424,0,0.9511165032936749,1,0
685,0.1991595378501373,0,1.414071424014825,1,0.6157479534593222,2,3,1,0.3638205701592916,0,0.982788742753509,1,1
2306,0.7050013006625682,1,1.365023485106198,1,-0.21399102791649016,3,2,0,0.4483324390471986,0,0.7604376935791112,1,0
713,0.6228956901356419,0,1.4229444835246987,0,0.18732517040840918,2,6,0,0.504858932706819,1,1.1754668554613728,0,0
1764,1.064355873543629,1,1.4944797077196166,0,-0.36306907953441814,1,2,1,0.4247810564288357,1,0.6012981830914123,1,0
1953,0.5782720082102424,0,1.2922561747037766,0,0.41148228558635896,3,3,0,0.46740166245243886,1,0.8537295363791247,0,1
886,0.7490592945107489,0,1.6238649172041932,0,1.4135433579217571,4,1,1,0.4248157805556322,1,0.9745846446475924,1,0
1416,0.965764299603931,0,1.403506428290557,0,0.41674783912260127,1,4,0,0.5277473384829053,0,0.8817667675865057,1,1
819,0.20703564492148818,0,1.5841895298081277,0,0.22235740519954278,1,2,1,0.5219796945421566,1,1.269087600892836,1,0
495,0.5957284050980144,1,1.4920347536505365,0,0.30026976095579117,1,6,0,0.386588874082448,0,0.9929735885131024,0,1
1559,0.3536330109201174,0,1.5636963342550931,0,0.7406623530959674,3,3,1,0.4026611474644458,0,1.0085958307866474,0,1
333,0.9621538189980674,0,1.4390772629675093,1,0.8883864001653826,2,2,1,0.48870599447942537,0,1.0743791088820154,1,0
1462,0.41022566796203563,0,1.559181104511265,1,-0.6996650477990964,2,3,1,0.4413445652971567,1,1.1246055548007838,0,0
1084,1.6818203470174957,0,1.5869426921733252,0,0.5191178644198992,3,2,1,0.4364037787406421,1,0.8735668848767247,1,0
836,0.19707270589124776,1,1.3537132418859459,0,0.9534631009323976,3,6,1,0.560440670015531,1,0.7011145967660808,1,0
710,0.3341259352213984,1,1.3619349052121992,1,1.7556917861824883,2,3,1,0.4256850889870012,1,1.02981559765712,0,1
882,1.1925518319870627,1,1.3957558467552318,0,0.16650632770546103,3,4,0,0.4078936940649093,0,1.035687670202574,1,1
2359,0.5518837392582918,1,1.428501099825212,1,0.7780001225235009,3,1,1,0.45911882418329536,1,1.1061660755090288,1,0
1980,0.8000907730181882,0,1.5868227891417097,0,-0.2816413085359971,4,2,0,0.5310042728666773,0,0.8032709761043871,1,0
1625,0.3515342250969339,0,1.575323932083132,1,0.8644262313070004,3,5,1,0.3857609181851785,0,0.8763009782802492,1,0
2319,0.15688163463153038,1,1.4258427686347412,0,0.7541470555380045,4,6,1,0.4065423888094695,0,0.8967146982717509,1,1
1684,0.806309317132098,1,1.498647562001063,1,0.9883047238274061,3,5,0,0.3289399676553787,0,1.2712006631807773,1,1
606,-0.5775902502672827,0,1.39748352152895,1,0.6914606778184389,3,6,1,0.46417789269465787,0,0.7993810536962767,1,0
1523,0.5555839954974484,1,1.4560524882604176,0,0.24309242305346018,2,1,1,0.509623852717607,0,0.5722760385136134,1,1
1194,1.3815486252944407,1,1.4778336207196343,1,0.024882272289380336,4,4,1,0.4887877919295452,0,0.6879191367859687,1,0
1670,0.22860670464954608,1,1.6244121615558398,1,0.02036069119862849,4,6,0,0.41707052486832064,0,0.7291793785605478,1,1
1269,0.7208319479196748,0,1.451852746018303,0,0.245769671870885,1,3,0,0.4242725524270373,1,1.0181638791664218,0,1
2293,0.314587915133104,1,1.471026523171959,0,0.14696270921497845,4,6,1,0.4729213110068546,0,0.9651701262672174,1,1
1654,0.6956241921972774,1,1.5137144653851646,1,-0.09172600668233033,4,5,1,0.4438842859626185,1,1.168044235016373,1,1
484,0.9820808212992438,0,1.686053203073716,0,0.17217717873209343,4,4,1,0.5647706881673976,0,1.0218496604345488,0,0
1543,-0.3211516296120509,1,1.4406055687730417,0,0.3645667784751428,3,2,1,0.4726848647677343,1,1.1300797850439706,0,0
94,0.6295484006605776,1,1.479849302909007,1,0.5691694157068234,2,2,0,0.5107892753675044,0,1.102855608764082,1,0
2177,0.03992575781826635,0,1.3201735626438398,0,-0.24441474165868726,1,2,0,0.3517167294742254,0,0.6888482175841322,1,0
1587,1.0659209737276107,0,1.5349563995714128,1,-0.11342742857811694,1,1,0,0.30602744618936484,1,0.9827711251245111,0,0
937,1.0897555480096912,1,1.5964494924948558,1,-0.1325877939991693,2,2,1,0.49920542731341977,1,0.9433666725051767,1,0
1562,0.3253729723516179,1,1.6065851734280114,1,1.0810531336235711,3,2,0,0.47424959191655935,0,1.0454218968087428,1,1
549,0.20733463512817146,0,1.5991152081107256,1,-0.0662275289609221,4,6,0,0.5933318850808577,0,0.7640509416129531,1,1
770,0.642872969132041,0,1.5932262794852179,1,0.8396620562987993,4,4,0,0.39329113099104884,0,1.0011814132877772,1,1
708,0.6772575937979343,0,1.2908178649556064,0,0.17876801711970364,2,4,0,0.4731730515799083,0,0.9076606716151199,0,0
1799,1.1988631051021632,0,1.3798108255283807,0,0.22797561304556824,1,3,0,0.4105850887936116,0,0.9348497963149294,0,1
884,-0.35172001296359834,0,1.502393777572844,0,0.8699301881626844,1,5,0,0.5788190466309724,1,0.8956801094922071,0,0
1705,0.053275383911284835,0,1.4973740882836006,0,0.4930866320439955,2,5,1,0.43317529817036615,1,0.9921998399287381,1,1
273,0.9302888289035076,1,1.6310997374272909,0,1.151655837438098,3,1,0,0.5251475907979773,1,0.9100502275294889,0,1
2367,-0.06680467964485237,0,1.4011660129840295,0,0.42720817139954614,3,2,0,0.5448334651597679,1,0.923425764032437,1,0
1593,0.731771920254514,0,1.5686872989410126,0,0.9332363662116494,4,5,1,0.5619173342762778,1,1.1868317234635346,1,1
1445,0.511934659122239,1,1.566852918177327,0,0.8919258689089705,4,4,0,0.4406897048284376,0,1.1632471195404794,1,0
1737,0.7218459650683234,1,1.4138302831414327,1,0.7117765125640755,1,5,1,0.4008109625560781,1,0.6405162122273053,0,0
236,0.17970927799759645,0,1.4311266585712008,0,1.0784751428366954,4,3,1,0.5355500686047998,0,0.6875727797777988,1,0
129,0.06447060173422547,0,1.4989707375951706,0,0.6820691019488619,1,4,0,0.5006141872124246,1,0.9364324518938483,0,0
947,1.0099289815208823,1,1.5755548074384687,1,0.4242131470751655,3,6,1,0.5395047416063071,1,0.8783079148071089,0,0
1712,0.6536620966694434,1,1.5017144839174952,1,0.15172749475955322,3,4,1,0.47727366751072203,1,1.0896197449137173,1,1
1342,0.18775201323025237,1,1.6370603865063225,0,0.31141438565171,4,6,1,0.39463722305106524,1,0.8716720252705549,0,1
2056,0.6906230371812845,0,1.364021176404103,0,0.7488170168252014,4,2,0,0.4891960999005663,0,1.0366143947350925,1,0
1528,0.47725970906989895,0,1.4291434388101134,0,1.1819567209486985,1,4,1,0.5372050439054683,0,0.9743948656788148,0,1
2032,1.0092031965377646,0,1.5627475841654894,0,0.2709674596385182,2,4,0,0.4424028379767449,1,1.1458548448741779,0,1
184,0.4196655303542687,0,1.6658402142391913,0,0.6683615334704447,3,5,1,0.5057274497804818,0,0.9488370535126103,1,0
1326,1.289712226100403,0,1.6004252601661553,1,1.0990286927255979,4,4,0,0.4428371648165177,0,1.1146706351570812,1,1
925,0.8603856122632174,1,1.6577912184140924,1,0.3201602911690639,2,2,1,0.453275140399077,0,1.270395187875101,1,0
1496,0.6479086126650191,1,1.4543888701042877,0,1.0940007832344931,4,5,0,0.4395231838827419,0,0.8717549118010877,0,0
529,0.6124475114255148,1,1.5290220173652351,1,-0.008249316889632707,2,6,0,0.44152481274160943,1,0.8003001489137821,1,0
751,0.4780768804770159,0,1.5760760773485352,0,0.27100599995956326,1,4,0,0.47126759938019835,0,0.9119833442601412,0,0
1541,0.10010142464655736,1,1.6039518618031023,1,0.6649804913186329,4,6,0,0.5256583852577397,0,1.1851096042077993,0,0
2350,0.783452594275226,1,1.297769163349414,1,-0.4000205783461509,3,4,1,0.5918671159122655,1,1.1767571745619128,0,0
2365,0.727784080658751,1,1.3749025102692431,0,0.3838602830317671,4,4,0,0.5281002766762175,1,1.1555555624677718,0,1
2345,0.4349696743042241,0,1.514497164535574,1,0.4724531444377913,2,2,0,0.36699712087770486,0,0.7584562994621055,0,1
665,0.660725611164536,0,1.4694498085264769,0,0.900173150234326,3,2,1,0.48004646894041203,0,1.1798092816320673,1,0
2136,1.5556581806254217,1,1.5384070403175827,1,0.11173481536707952,3,2,1,0.49442739472702585,1,0.5380370406641044,0,0
666,0.7129143654067964,1,1.580460133292522,1,0.933914894077619,3,3,0,0.38043493388038285,0,1.152814296585079,0,0
1793,1.4381266677343463,0,1.6274076049144166,0,0.6046759633888074,1,5,0,0.31151138748296503,0,0.7617887840887063,0,0
697,0.5184855608880283,0,1.4910314157496012,1,0.6082638871806174,3,1,1,0.2796491267649531,0,1.0159608732451524,0,1
567,0.6161361397305262,0,1.5095436561741642,1,0.6212101629892964,3,5,0,0.455172246416032,1,0.9997441298413483,1,0
2006,-0.2387546467211572,1,1.4741397759000001,1,0.08909142301501966,1,6,1,0.5468420169388113,0,1.0268927604064064,0,1
1498,0.9703966182379318,1,1.5059110713092887,1,0.16788736859628028,4,4,1,0.4747535725706338,1,0.9701925304190977,1,1
531,0.07812646781663102,1,1.30758893652894,1,0.12848996487422437,2,5,1,0.5755347513687554,0,1.1892375169483487,1,1
2358,1.1610429370605848,0,1.6624730127392324,1,0.7484202081416647,2,2,1,0.5868708655028188,1,1.013576117967863,1,0
393,0.3091753147954159,0,1.5756823762762047,0,1.197609103546895,1,3,1,0.4725492856639119,0,0.7128066511704068,1,1
60,0.703537709389255,1,1.554080845435538,0,-0.6732718242486111,3,3,0,0.4983252639389447,1,1.3263292424308584,1,1
895,0.45655845182116944,0,1.6172851646787447,1,1.1336010594473638,2,4,0,0.4689287183509867,1,0.890782480957734,1,0
177,0.4991041469856494,1,1.5782446204498541,0,0.5466638221749469,2,1,0,0.4120924596291784,0,1.1709200553286978,0,1
490,0.7775089674356518,1,1.4547857981356784,0,0.5699998193990787,2,6,0,0.5336603294241118,1,1.205024471777029,0,0
966,0.8986115123447111,1,1.5237942701236213,1,0.5167776893577672,1,5,0,0.3935448592220222,0,0.7195515494138275,0,1
1735,0.11753291726201909,1,1.4043001945378766,0,0.9259966885016278,4,6,1,0.40903049955817306,1,0.8545026932738258,0,0
1658,-0.192023979838994,0,1.5376835706732144,0,-0.6463259747195673,2,2,1,0.5131269953923482,0,0.9643032887150813,0,1
670,1.2770264021748974,1,1.4263631510396209,0,0.7940291544905204,1,3,0,0.49645257452416797,1,1.1923536535428854,0,0
2370,0.4517511842593866,0,1.5443606877560367,0,-0.042172912991965905,3,2,1,0.6065174210078201,1,1.3572749566860949,1,0
2249,0.17874917958342507,0,1.7485669118974694,0,-0.2044108441747332,4,3,1,0.4579716782195712,1,1.0483541123508333,1,0
766,0.5465558931769474,1,1.6142658000378278,0,0.9232081175674154,1,5,1,0.4598149071283995,1,1.178415929616575,0,1
180,0.9774105259028476,1,1.5474242167010739,1,0.702807239351359,1,5,1,0.5452673226158568,1,1.0583698888798267,1,1
1186,0.20402515165045132,1,1.379664020366985,1,0.8830987325365104,2,4,1,0.4818685847631747,0,0.8793952043164145,1,1
783,0.6593348028998954,0,1.6562811931272017,0,1.1597565175447313,2,6,1,0.33223768425539957,0,1.0083497927210918,1,1
1959,0.47852403453180686,1,1.6014540076324815,0,0.2544723825825973,1,5,1,0.5303734573810291,0,0.6633096929859897,1,1
221,0.2627075474439443,1,1.3194869378282432,0,0.6194873900494102,3,3,1,0.5415845737114066,0,1.0006706434962513,0,0
1778,0.08010689584854558,1,1.3412054522568755,1,0.632617289896368,4,2,1,0.5028550469320963,0,1.1264704443854994,0,1
971,0.3831298746554406,1,1.619041043658671,1,1.3449284017466074,3,2,0,0.5191970614243837,1,0.7780082917249256,1,0
1677,0.4782145768387669,0,1.3901070279985084,1,0.8172255665386021,3,1,1,0.4299391920856364,1,1.1826012153432899,1,0
2188,0.8147021536035447,1,1.7015763425706054,0,-0.012573591952435126,4,1,0,0.43054442685696126,0,1.0893575986709603,1,1
787,0.36616269590708755,0,1.5825451358989853,0,-0.07304878148466387,2,4,1,0.3624142784351821,0,1.0755547757249928,0,0
177,-0.30466987539135304,0,1.4830459922152461,1,0.49058301468198184,3,2,0,0.46152277961236104,1,1.0577733674080438,1,1
1967,0.41372559523811364,1,1.5621497766341454,0,0.25934813536671186,2,6,0,0.43605155975364096,1,0.8871794754439308,1,1
1281,0.9107795841089426,0,1.5731291131907572,1,0.6151162686814843,2,5,0,0.5614880173000463,0,1.1052779528825096,0,1
673,0.6635922000794869,0,1.596900004554955,1,0.37128564675436937,3,4,0,0.5049443426055699,1,1.1822857320600684,0,0
419,-0.09430920014503552,1,1.4855573573835594,0,0.047132588685908416,2,6,0,0.3999414211560689,0,0.8715829153102679,1,0
1393,0.4146346053146998,1,1.583883905001025,1,0.12268866666544531,4,5,0,0.5434144242471073,0,1.003660907332964,0,1
1419,0.5377313796903368,1,1.4950093738656665,0,0.28772803856150836,4,6,1,0.5727926750058562,1,0.8927962125487205,0,0
2282,0.2870861847985837,0,1.5479515457586157,1,0.03603466554789353,1,6,1,0.5099653336036836,1,0.7955749100099228,1,0
1040,0.5893217242353745,0,1.411720305584904,0,0.3890352227013045,2,5,1,0.5084527176590988,0,1.0815675875627409,1,0
2367,1.1877969866978426,1,1.5969305408984877,0,-0.2778193798894598,2,4,0,0.5417364844032809,1,1.0159562416621626,1,1
2024,0.6667476161054857,1,1.2296578497323696,1,0.7185720281080961,2,1,1,0.46459444348764417,1,0.8052896912204264,1,1
2046,0.9849069644989465,0,1.631463430990364,0,0.19836766690958868,2,6,1,0.4949806352066743,1,0.7758395205983257,1,0
375,0.8747716471949308,0,1.6263331540346664,1,0.8426609798843085,4,1,1,0.38825782426611477,1,1.056135446000276,1,0
954,0.8618990476216486,0,1.347419437248969,1,0.6496106765008334,3,2,0,0.36452177671355424,1,0.7504275118409365,1,0
1958,0.4377316815006405,1,1.5199506939704477,1,1.0778607932944257,1,2,0,0.5937948773661733,1,1.1497956202604145,1,1
1354,0.5104782948143838,1,1.7449508084326433,0,1.085827951227282,1,5,0,0.5305282345262209,1,0.9296463251919318,0,1
5,0.16090658660916546,1,1.1503134398062276,0,0.49127965351870645,2,5,1,0.5312583064730554,0,0.9012730686505618,1,1
1122,0.7458212223452861,1,1.5761238715520962,1,0.38960882860425466,2,1,1,0.48204273293847155,1,0.7647394661321945,0,1
1942,-0.1419666603592339,1,1.398096511587112,0,0.08883640397878173,2,2,0,0.5359778560114827,1,1.0087705735437587,0,0
1283,0.5687024171055481,1,1.4547541192669855,1,0.19055823415720657,3,1,1,0.5992991787580718,1,1.1173140324577455,0,0
1764,0.6531989589878683,0,1.5241051955141465,1,1.1313625151657645,3,5,0,0.5418814041444151,1,0.982145699438761,1,0
135,0.5721027122780276,1,1.6160262412230986,0,0.31480656227600085,4,4,0,0.5750971301136337,0,1.1088100418370763,1,0
1833,-0.6305159216987077,0,1.5318826751604586,0,-0.1591134197240588,4,2,0,0.48167652961341517,0,0.9370147901791116,1,0
2027,0.24644851068056634,1,1.5416603815193939,0,0.42876471296204,1,6,1,0.6280902820385408,1,0.9246229855052522,1,1
749,0.9476479794866408,1,1.4571984668915752,0,0.6436888471207238,4,6,0,0.420230211275395,1,0.7121459000179378,0,0
1156,-0.06724954958390916,1,1.6143578656966564,1,0.6215799174786115,1,4,1,0.5218098196778288,0,1.0444715324123728,0,0
844,-0.052162167058986686,0,1.596311760684219,0,0.08564035537168346,3,1,0,0.51073355898626,1,0.48315172225139263,0,0
1412,0.29290326375797465,0,1.2780668919989477,1,-0.268869179635144,2,4,1,0.36625478085525964,1,1.299201971070815,0,0
1444,0.22591154681863973,1,1.5635255764269798,1,0.3775958394387349,3,3,1,0.38739568808262204,1,0.9402154313642423,0,1
935,-0.26643793803762084,0,1.5091290930487036,1,-0.2588435586772211,3,3,1,0.3869532151631094,0,0.8820208295659303,1,1
1047,1.2524760005506694,1,1.4067278050109135,0,0.3543393296780225,3,3,0,0.5371762957455157,0,0.7600005750576508,0,1
1635,-0.2936271709730831,1,1.5672056501644867,1,0.30907710292241913,1,1,0,0.24398995697330683,1,1.0676807082829949,0,1
1093,0.8063301088909234,1,1.5159907914373298,1,0.10905474891957695,3,1,1,0.6474657829207703,1,0.9282155277355296,1,0
1142,0.45385467533507445,0,1.4353279813935163,1,0.45222264211293023,2,1,1,0.31994222957526675,0,0.7628385476912857,1,0
39,0.8945265871631166,1,1.5822787739262054,0,0.8396491252697702,2,1,1,0.426255456877617,0,0.710107853120335,0,1
1297,0.019668375825548423,0,1.6036612918261381,0,0.2727977318326922,4,1,0,0.5088342726518303,0,0.8272396466310592,0,0
769,0.7291165913531313,1,1.3326156289324642,1,0.3282540432936166,4,3,1,0.4509600869002161,0,0.7985787976584433,1,0
138,0.27778753292584313,0,1.4561507681732797,1,0.9251360743614501,4,1,0,0.3346785974695377,0,0.8671536297054306,1,1
3,0.25710842326370253,1,1.4246891801842594,1,0.349304149428179,1,6,0,0.2814508969905235,1,0.9859902442591763,0,1
135,0.29422781393251984,0,1.4601020144806003,0,0.6702670400071573,2,1,1,0.3222654301293114,1,1.0015815370513683,1,1
940,0.3106637302987373,1,1.4728475616028853,1,0.16853047826757156,4,3,1,0.5092788620300233,1,0.9014231316619443,0,0
224,0.5835624932210511,0,1.5651272529118019,0,0.5237943172393099,1,6,1,0.4137917786386116,1,1.119790960978513,0,1
720,0.43529583429375035,1,1.262364893205583,0,-0.1567457136686239,1,5,0,0.5223149968099003,1,0.9365677179919912,1,1
1162,0.014030137254186392,0,1.5537890293649785,0,1.1682556958428476,1,1,0,0.5073769159738367,0,1.2317793192001794,1,1
173,-0.03394897973371025,1,1.4664196228489228,0,1.3514865089597559,2,1,0,0.4117499357656143,1,1.1647336218463238,0,0
636,0.416265406904994,0,1.372939805043856,1,0.26846052499188516,3,1,1,0.4598188977570186,1,0.9250559362555435,1,1
144,-0.11477249392290467,0,1.4105324804578863,1,0.3924946711398557,2,4,0,0.7045745024485599,1,1.039617117920888,1,0
536,0.5051540754183181,0,1.4117181384374573,0,1.1180545483087738,4,4,1,0.48398352440696984,1,1.0490616725317017,1,1
1470,0.03045501980412385,0,1.544531643694902,1,-0.1181535055303069,2,1,1,0.3457246516481946,0,1.3222615817824008,0,0
2115,0.7797340473708634,0,1.3613931418048515,1,0.5984183998294064,4,4,0,0.40245303992576015,0,1.0269894891143456,0,0
2215,0.3499954948951717,0,1.5675200721685694,1,-0.10697513989571994,3,2,1,0.5431148193719615,0,0.852960526833978,0,0
1654,0.29840489337246967,1,1.5291639607934366,1,0.6222950968411955,4,3,1,0.565893001055751,1,1.0252711887441004,1,0
621,-0.1630441963796183,1,1.6892543264382138,0,0.4466499372152547,1,2,1,0.43265901128386497,0,1.0227989468670688,1,0
2231,0.2416286749019526,0,1.5488235690916488,1,1.1801153409370007,2,1,1,0.6148546581632199,0,0.6788814558707872,1,0
350,0.67468644772862,0,1.6016615374234449,0,0.6678968711617352,2,3,1,0.4614943269791313,0,1.0823536936106353,0,0
728,0.3327179661563615,1,1.5293493310746793,0,1.0373775889968466,3,3,1,0.4597769032107056,1,0.9711024960798185,0,0
965,0.7388953563362042,0,1.4418989566897433,1,1.2820500366128444,3,3,0,0.4145232656110762,1,0.6482730764905884,1,0
2286,0.2671929300257986,1,1.457394886705741,1,0.5098240765963918,1,3,0,0.46196282602139005,0,0.7583816064956469,1,0
579,0.6288967920469889,1,1.5104360599495987,0,0.5235684259733161,1,2,0,0.38166775851632473,1,1.1986499221742162,0,1
1184,0.5139640144664481,1,1.4453401181314613,1,0.8965169755782657,2,2,1,0.5716308528167267,1,0.9786241986045765,1,0
841,0.3404734378612889,1,1.4099904761991155,1,0.7936992035497968,2,1,1,0.5256545667575251,0,0.9082101332747173,0,1
1538,1.0513665312206584,0,1.5450568029709755,0,0.455701291435149,2,1,0,0.32550823116601396,1,1.30954561778484,0,1
1115,0.323420308120583,1,1.3007629564300336,1,-0.08231483732131228,2,1,0,0.5123975496633318,0,0.7656433341358966,0,1
418,0.7805318389034304,1,1.3572182454276258,1,0.4111505405914616,3,6,1,0.41025792951673506,1,0.8977090589370225,1,1
1194,0.08994957509197687,1,1.4888792762803071,1,1.0482514169151178,1,3,1,0.483263699459176,0,1.0622053661923911,1,0
1382,0.18084631579712962,1,1.5580658763424684,1,-0.44921095801080535,1,5,0,0.6505513555208804,1,1.0304871527335246,0,0
1945,0.20812921316469607,0,1.5204746678539665,1,0.8591214965519152,1,5,1,0.3421298654592366,1,1.1014896136921615,0,1
1054,0.02531589630757869,0,1.3786199362396003,1,0.5763949494343785,2,5,0,0.42747772660109234,0,0.8581492495984744,1,0
2144,0.7470472219305562,1,1.65902566978143,1,0.3287226890946039,3,5,0,0.6665545554129981,0,1.1109434333683468,0,0
1363,0.3541027759397495,1,1.5075170017810946,1,0.35948448981445125,3,4,0,0.40420102722588436,1,1.0345547632934995,0,0
973,0.44799266451904063,0,1.5012188961105337,1,0.4596792145380011,1,3,1,0.6646949975553432,1,1.0129724482228628,0,1
766,0.12895090465189618,1,1.7198687831205095,1,0.26447970208332994,1,5,1,0.43598583581007067,0,1.0549575112461085,1,1
1316,0.6930136863577693,1,1.3716929831966354,1,0.6542708086411149,2,5,1,0.46854927728270446,0,0.9526326134535322,1,1
1996,0.9232245004021689,1,1.4452484841822868,1,0.4488493333501827,2,3,0,0.5590561760450493,1,1.098745749588932,1,0
2177,1.1298141062536216,1,1.5643898760666077,0,1.0490397255623836,3,1,0,0.39343790768604525,1,1.0491355784162972,0,0
188,-0.15029036220916459,0,1.5257541642936234,1,0.7400573593177521,2,5,0,0.5607096300140019,1,1.312114085734362,0,0
893,0.46857410528038196,1,1.4787300559565852,1,-0.40038527379618005,1,3,1,0.43121933183511135,0,1.1640161185118338,0,0
411,0.5765407809911582,1,1.5706613558201798,1,0.8567756522954701,4,3,1,0.4424012152078736,0,1.0330807380658709,0,0
1938,0.2342689444926715,0,1.4799073929834226,0,0.225131050318725,3,1,0,0.5366220008609374,0,1.0072017430195264,0,1
1269,1.5444013574697346,0,1.4322602206912478,1,0.11787839316094634,3,3,1,0.5098927158508973,0,1.028497595865234,0,0
850,0.8734886329100036,1,1.678582604060332,0,0.07788396868011971,2,1,0,0.5007739022425711,1,0.7903649148486733,0,0
1728,0.1192348932501146,0,1.449891726038226,0,0.390910337108459,3,1,0,0.5952136707439097,1,1.0510712328221423,1,0
704,1.0184832556451258,1,1.2847965224746098,1,0.8436232752371775,2,5,1,0.5200434585486835,1,1.138158015394877,0,1
183,-0.35697259220469835,0,1.4465151026679985,1,0.14112706401469,2,6,1,0.4249671379509616,1,0.930113868283989,0,0
817,0.6762348841984729,0,1.4824624191713556,1,0.376830821927702,1,4,0,0.5115932337676656,1,0.8975282852843158,0,0
109,0.6961004945082823,0,1.4416337301424966,1,0.7212322972133236,4,3,1,0.5274415408381726,0,1.0124570221823235,1,0
2171,0.7597199355263287,0,1.587899321043713,0,0.7927283232861323,3,4,1,0.5662517154649254,0,1.012283407903184,1,1
1898,0.5242496267387639,0,1.4291319706129404,0,1.4657383068427328,1,1,0,0.3426688307072566,1,1.1700490642113288,0,1
435,0.694712963856708,1,1.5148613425565312,1,1.3624552661633273,4,4,0,0.3797088305831114,0,1.1454110388739849,0,0
2209,0.4739998719633809,1,1.475676693121139,1,-0.01941462395969673,2,2,1,0.5118515267659999,1,0.8530084112916708,0,1
198,0.7532722779951266,1,1.348953504408834,1,0.5734210624610895,2,3,1,0.5879035211941288,1,0.5390705372137348,0,1
485,0.7900879945871027,1,1.5320949096200147,0,0.7526906027645095,2,1,1,0.4620543321971048,1,1.2649338074697336,0,1
1003,0.17944137154755102,1,1.5947200354355187,1,0.7439688039068556,1,1,1,0.3361626363387749,0,1.1642738236844512,0,0
532,0.13467895650910344,1,1.5115673299976935,0,0.48984589595676914,4,1,0,0.4469409877672706,0,0.726564904518982,1,0
1622,0.6862167306314348,0,1.570519802890997,0,0.643650502008252,1,5,1,0.5959341010524538,0,0.8420821016139912,1,0
630,0.26344924201381137,0,1.429853888377771,1,0.3651441302512599,4,1,0,0.49259987118184123,0,0.8674042477104097,1,1
1345,0.4237147489778383,1,1.4470023868514332,1,0.006200068257034674,3,6,0,0.468429327909374,0,1.1527705239853665,1,1
2072,-0.05199630226014362,1,1.5235948700775832,1,0.9667175086389508,2,2,0,0.49713162555361085,1,0.6137813481868679,0,1
1394,0.07882250332662954,0,1.7620536492180259,1,0.1996380835223056,3,3,0,0.4616753270387248,1,0.989784208630985,0,0
314,0.9165987057961682,0,1.5331284203096196,1,0.9036169840895285,4,3,0,0.5237079466257846,0,1.1771749490704504,1,0
794,0.6450557613499861,0,1.408131105125567,0,0.6487250729823307,3,3,0,0.48959251644277185,0,0.9585710943687314,1,0
1223,0.9763301238964432,0,1.5169640422070072,1,1.049282916768354,2,6,0,0.4743542257086052,1,0.905839727631235,0,1
2165,0.27313540150945315,0,1.5548478008977182,1,0.49248726274582666,1,5,0,0.49962697139468765,1,1.0073697011032487,1,0
976,0.5030955879171959,0,1.5351954627074589,1,0.09196620421285728,3,3,1,0.46872767834811585,1,1.0469294611420892,1,1
472,0.16091066894484296,0,1.5171995904222635,0,0.784263905606388,3,2,1,0.5384624315039603,0,0.7836116786837914,1,0
1208,0.5262312802943926,0,1.4899697768358913,1,1.3172277509022297,2,6,0,0.5855341262272702,0,1.3032754391008057,0,1
848,-0.43900410110552135,1,1.5205011560746111,0,0.21369514096739683,4,1,1,0.6481912552132132,0,0.8628447148665659,0,0
1697,0.3123119579459995,1,1.4574037836633529,0,0.9430220722469317,4,6,1,0.3844550500666813,1,1.163383764006249,1,0
965,1.131857411651739,1,1.4123710687448074,1,0.3945693485464482,3,1,1,0.6152844074447947,1,1.0023936403745333,1,1
1401,-0.12026400854275465,0,1.4714486395611388,1,-0.07094247473748605,4,6,0,0.5956048226914896,0,0.8216742652790139,0,1
418,0.3673569943035291,0,1.5791700854354405,0,1.0912305139957696,1,3,1,0.4862029688201086,1,0.9543510376522133,1,0
740,1.0228742048874238,0,1.6376524967810475,1,0.4385768208611692,2,3,0,0.4240372370654233,0,1.03617387334621,0,0
1512,0.7997426115757043,0,1.5499231077797013,0,0.5267111638582556,3,6,0,0.5082554762118786,0,1.194507311458703,0,0
180,-0.046085223043431656,0,1.4549351818782392,0,1.0278688925468762,4,5,1,0.5381243857478023,0,1.3239181344125854,1,0
24,0.6246612024777121,1,1.517151422268865,1,-0.1900943437971241,1,2,0,0.5110421949726689,1,0.976749297396619,0,1
1874,0.3676151684207731,0,1.5189487837962947,0,0.5872202230881184,4,4,1,0.4931524252695519,0,1.0224455987829155,1,0
2120,0.36513112065392717,1,1.5896140058217034,1,0.15475485328001243,4,6,1,0.6278286227905975,0,0.8168141893192333,0,0
1388,0.25355195739118475,1,1.3737631442231457,0,0.9177139817491857,2,6,1,0.4399988687495796,1,1.0237545964246089,0,1
2011,-0.37101176572915995,0,1.4984807391180386,0,0.6037885369988689,2,4,0,0.4107077105691021,1,0.9468580506579654,0,0
1887,0.7988047903980031,1,1.6601427719676674,0,0.789804445711008,2,3,0,0.5616169161364571,0,0.8564725939292287,1,1
415,0.8218685724311598,1,1.6528013427923518,1,0.8144848006784191,2,3,0,0.5071725501185804,1,0.9001689232739938,1,1
386,0.7003967866642342,0,1.4724557658030697,1,0.5736192832499626,3,1,1,0.41121876298672305,1,0.9173847480891036,0,1
617,0.3248252552586147,1,1.275080678110228,1,1.0508199305346442,3,5,0,0.36571448683821806,1,1.124278559780294,0,1
2282,0.8265469868622397,0,1.629922784438732,1,0.4041332068355694,1,1,0,0.49158990898656213,1,1.036375060581181,0,0
749,0.6801005209319656,0,1.5003624541811729,0,1.33988245250361,1,5,1,0.5330218228632572,0,1.1251917838012155,0,1
2278,0.809401089283412,0,1.3412527036406159,0,0.3305503759957197,3,2,0,0.5606563465045841,1,0.9334312111641684,1,1
442,0.034536195091364186,1,1.4140745867322528,0,0.42031854539716107,2,3,1,0.5312250963441225,1,0.7578653700491123,1,0
689,0.4138656658781349,0,1.4692094313574575,1,0.30118044765372526,4,6,0,0.4204984636064275,1,1.0534215673048586,0,0
1679,-0.10966687973350087,0,1.4730534907512844,0,0.3987408068570786,2,4,0,0.4252419432175919,0,1.2110920841162904,0,1
693,0.17735136423749537,1,1.5297003147904982,1,-0.22873560061992093,3,4,1,0.5796726581691511,0,1.1748736146828525,1,0
1554,0.7991734747599761,0,1.519225670563047,0,-0.37122583556676514,3,4,0,0.587446591860255,0,1.0261854691499197,0,0
2364,0.770331060165288,1,1.2818829718419513,0,1.375347932584334,3,6,0,0.46352798543930507,0,1.113437724249011,0,0
807,0.025768202639172344,1,1.4147007194615298,1,0.8252502133725931,3,1,1,0.44813007343209454,0,0.9490638103529787,0,0
1992,0.6129843725865354,0,1.6726297611206336,0,0.44413359437281047,3,2,0,0.5131839112885349,1,1.2235567350569385,0,1
1078,0.8902186680524588,1,1.5267587367730227,1,0.2713046628937281,2,4,0,0.5006630417194817,0,0.8450147228812952,0,1
1475,0.0063142638525851,1,1.422995893071476,0,-0.1488142455222321,4,6,1,0.4404253199437322,0,0.7477029465315865,1,0
1166,0.33835935402676864,1,1.6369625885660792,1,0.25651645453515937,3,5,1,0.47213356563912157,0,0.8293146910337189,1,0
129,0.388313778402944,0,1.596679938336238,1,0.940803627626284,1,1,0,0.4166704653961048,0,0.8607133714751616,1,0
1084,0.36531519245934196,1,1.5355409097652648,1,0.26363130794508116,4,6,0,0.4220266474913448,1,0.9712167976835215,1,0
141,0.5310566490314022,1,1.4905385812417649,1,0.4829828322604361,3,1,0,0.5664139029633096,0,1.0722440791987329,1,1
721,0.3335872561851607,0,1.5437522104358714,1,-0.38384045377462883,2,5,1,0.269485860511813,1,0.9989985798750046,1,1
1312,0.21662572650383205,0,1.608429460608207,1,0.731934210783567,3,5,0,0.40308403176197105,0,1.2507225004421387,1,1
1128,0.5741825483119223,1,1.5985328609876688,1,0.5947101384804245,2,4,1,0.38045031702938314,1,0.7754608594736928,0,0
448,1.0600431281334606,1,1.505453996417909,1,0.7934847741746522,1,5,1,0.496280489638926,1,1.0758768480460734,1,1
1011,0.29595925226452396,1,1.7168957987425424,1,0.7577297209619331,2,3,1,0.6411021597958887,1,1.0916529000250836,0,0
1455,0.5103570106116518,1,1.4398140197498914,0,0.07032845968951296,3,2,1,0.5208371995435805,0,1.2092647030520698,1,0
2096,0.23904966778226677,1,1.4599701908117013,0,1.0937095820916176,4,1,1,0.5624618185421639,0,1.0590846359622217,0,1
235,0.42577423835080036,0,1.3298560540920346,0,1.3315397006236536,2,1,1,0.5830470643153269,1,0.8714820884657076,0,1
256,0.1510456273246339,0,1.2951614902872506,1,0.6277443128505501,1,1,1,0.5537865732558597,1,1.2362644963968352,1,1
680,0.16350287910412303,0,1.5075098625241599,1,1.1007700938329688,3,4,0,0.46326078232977846,1,1.047136721702594,1,0
1969,0.09430465786728504,0,1.545984067163743,1,0.6647035349656402,1,2,1,0.3868510976986074,1,1.2363018261436198,0,1
1184,0.44132133507355226,1,1.4347051608431383,1,0.36273930864979087,4,4,1,0.4912358042235642,0,1.1696528921551523,1,1
793,0.27700845249631617,0,1.6105856915111227,0,0.7977352267996352,4,6,1,0.4108812880353728,0,0.8477485701338845,1,1
2293,0.25218080952221256,0,1.5548566588622745,1,1.085878909604234,1,2,0,0.5025206317782553,1,1.221219860236846,0,1
114,0.5155736218073135,0,1.6112912209547934,0,0.7867768375012796,3,2,1,0.5085477466075408,0,0.9487971756214344,0,0
2053,1.1225465247851407,0,1.477946149555146,0,1.3054759945007088,3,6,0,0.4724566690544519,0,0.8198840645974825,1,1
1361,0.6166451438332368,0,1.6327090466498864,1,0.8798973280292366,3,6,1,0.5845785254434698,0,1.1291835300027053,0,1
479,0.4237362134502388,1,1.4664825681638372,0,-0.21975887881325584,4,6,1,0.43580685927793955,0,0.9311153000986272,0,1
1428,0.18826160385045437,1,1.3700342896080469,1,0.604432518072525,4,2,1,0.5021081479851096,0,0.9295173206434902,1,1
1341,0.6712714297276383,0,1.6461402245393388,1,0.2941214539505781,1,3,0,0.4479085451411181,0,1.0972003128459253,1,1
1292,0.5898811845893887,0,1.4907638609847789,0,0.8241655334213946,4,3,1,0.461648870445711,0,1.0657694285363097,1,1
1959,0.8269951038631396,1,1.5379976610511061,0,0.8916788929359449,3,1,1,0.5248823753853041,0,0.8294769163192531,0,0
290,0.521261011820285,1,1.5948945706496414,0,0.3759465968628327,3,3,1,0.43462035989635267,1,0.8889918427972384,1,1
1389,0.18562924287231342,0,1.4977701501976033,0,1.208682535005067,1,2,0,0.4021272385693123,1,0.6094867856886997,0,1
794,0.1539948637154695,0,1.4151762903554665,1,0.9336070187428861,3,2,0,0.5538500453367232,0,0.869423306754757,0,0
1856,0.3203000714631261,0,1.6888680939000198,0,0.8622298020418362,3,4,0,0.5304011656577513,0,0.8184690099811823,1,0
1971,0.77649508829237,0,1.3439034363859645,0,1.0146571014897,2,2,1,0.4604158516928268,1,0.8354248447647059,1,0
2241,1.27300729774645,1,1.4886203614656075,0,1.4672093102851405,2,5,1,0.5202585576940517,0,0.7170692893571283,1,0
627,-0.013549475557380508,0,1.507970018848905,0,0.6891874276133616,1,2,0,0.5042355152948942,0,1.2628181384988377,0,0
2277,0.7962541362357436,1,1.3788131865583773,0,-0.10449821112546664,4,5,1,0.45591354187379846,0,1.1915863067450116,1,0
1674,0.4163430099791906,0,1.5192639221227544,1,-0.13818340422534103,4,4,0,0.4926600764418631,0,1.0478048529071204,0,0
1521,0.8244754807870247,0,1.4901066916402486,0,0.6522883957006236,3,4,1,0.5338227356434629,0,1.0286864795921815,1,1
1861,0.08390354335273004,1,1.451684244585884,1,-0.3456239591853497,1,4,1,0.4817772856311414,1,1.0971678251943813,1,1
1717,-0.21420841115396694,1,1.6273081112313856,1,-0.12450041864114947,1,4,1,0.47505967236087004,0,0.5849747068034585,1,1
379,1.1355340766637192,1,1.5951433877682164,1,0.5973709145367615,2,4,0,0.37237096383549506,0,0.9166116335399214,1,0
905,0.6976398344860406,1,1.4322719728643811,1,0.7157940862766832,1,3,0,0.5678639382773365,0,0.8912148782094826,0,0
1114,1.0637425166945018,0,1.3410330135325457,1,1.3941266213663877,1,4,0,0.5458193803007062,1,0.6903486536394,1,1
2046,0.42829059035009465,1,1.3948350071218234,0,1.186725983029045,2,4,1,0.47022087833465254,0,1.0375366382402533,1,0
1158,1.258901711942821,1,1.6173288902423018,0,0.7738696049999201,3,1,0,0.2877501795716333,1,0.8658314908243576,0,1
345,0.7266858392122435,0,1.4854146350446906,0,0.7065965672487453,4,1,1,0.542118823024406,0,1.3308577838846656,0,0
1675,-0.017828974600078595,1,1.4519258297834752,1,0.8253363950737137,1,1,0,0.4866942477455331,1,1.0958658901858147,1,1
2147,0.45735074069935333,1,1.428978970916596,0,0.6234827771177449,2,6,1,0.4265281098316188,1,0.7796696277216033,0,1
1615,0.470512015657177,1,1.6192522679866928,0,0.8675247882521325,2,6,1,0.5057703701461876,0,0.9502845239891524,0,0
1916,0.804587757343421,1,1.5951996666244372,1,0.726429256081845,2,6,1,0.4511409381582585,0,0.9949389963656283,0,0
942,0.5094781492167708,0,1.5191673382409434,0,-0.2958520371061041,3,6,0,0.3563848953518647,0,0.8295039492606,1,1
2070,1.1933927167219447,0,1.7108247602810753,1,1.272579445393364,2,1,0,0.46668422264419085,0,1.0367490018278673,0,1
1941,-0.23338936986687253,0,1.6403390826999615,0,0.420275388374985,3,6,1,0.5066743658879984,1,0.9480310787132624,1,1
878,0.6846125874118485,0,1.5320825445701147,0,0.11314274081774828,4,1,0,0.5245845813902785,1,0.7006947927221394,1,0
513,0.8346871871483551,1,1.6241002727796807,1,0.17031742158847807,3,1,1,0.38606577469487435,0,1.0704771536441464,0,1
2305,0.5439532121987701,1,1.4260480171669194,1,-0.44774619294373785,4,4,1,0.4809567988959463,0,1.0321784238264509,1,0
1712,0.8514836434692012,1,1.6123993402217185,1,0.04519754696164635,1,2,0,0.4985848931415957,1,1.0046361014058958,0,0
338,0.20722236546508177,1,1.440635771915083,1,0.6592400218665453,2,3,0,0.39296904587034726,0,1.1669063635312664,0,0
1389,0.4312933106070288,1,1.4126038036316182,1,0.17552838294625805,1,4,0,0.4111575058110347,1,0.9307701414638008,1,0
512,0.9044831761053358,1,1.5448646033701323,1,0.738183522890534,4,5,1,0.5400147120852876,0,0.7778364863509741,1,1
1928,0.8307769266462397,0,1.6205226250048441,1,0.6998443451749623,1,6,1,0.45123272944304227,1,0.7677987017617113,1,0
578,0.24703575825495455,0,1.4949178744630716,1,0.04807820555106057,1,2,1,0.4909033706573169,1,1.2293942446279968,1,0
1039,0.2974006202544477,0,1.5064084641961855,0,0.6504267093908228,2,3,0,0.5157696715626823,0,0.9646923316186615,0,1
1208,0.45150646931356575,0,1.4046637291009076,0,-0.03443186314404245,4,3,1,0.4774920552572822,1,0.896396265505715,1,1
2142,0.6097291689579356,1,1.4885740032542083,0,1.1667012758485902,3,6,0,0.48030249971768535,1,0.964597947757104,1,0
105,0.5300745296543394,1,1.4000986193445366,0,1.2028223740725146,3,1,0,0.2875040318551672,0,1.0813864625460397,0,1
728,0.658633934113414,1,1.3893201919358718,0,0.5527247391184745,2,6,0,0.3578626832691811,0,1.2530145592272648,1,0
1428,0.6481570534117788,1,1.498736316931498,1,1.4778757934932496,2,6,1,0.47716675809276804,1,0.6334996190302151,1,1
1022,0.5651624095154215,1,1.4648613893473714,1,0.18633737211545776,3,4,0,0.36804415918527256,1,1.1758934698046157,1,0
211,1.1537009031040562,0,1.47564779230648,1,-0.5910456963946489,4,5,1,0.34477937101379913,0,0.8689771118749581,1,1
1363,0.504486975815106,1,1.4897956929431018,0,0.4507110915793809,2,3,0,0.42987686140817594,0,0.8722680197132435,0,0
834,0.5784132949806152,0,1.4052908801055293,1,-0.12253619139230532,4,3,0,0.37897297874849484,0,0.9638645303454153,1,0
1121,0.20365731853425512,1,1.4100116481432934,1,0.39203720144931203,4,6,1,0.48695391890151857,1,0.9695537777762633,1,1
1971,0.7408883547963981,1,1.3891855654608758,0,0.5041326789905087,4,5,1,0.452844521229146,0,1.1514731437933996,1,0
1739,0.6065467485441651,0,1.584610433134491,0,0.6641414829618639,1,3,1,0.423880901538383,1,0.650968374074901,0,1
1751,0.5203085162248146,1,1.2462777919349266,0,0.19250865463211014,3,5,1,0.5109683216713273,1,0.9402101059505854,1,1
1703,0.34161847115384336,1,1.5908835241608068,1,0.8640578973811497,2,3,0,0.6584422242847983,1,0.9056728568604704,1,0
1563,0.658588428713706,0,1.355174182973587,0,0.5693560873753933,1,6,0,0.3402477819548241,1,0.8569528759692184,1,1
366,-0.017647151803963146,1,1.5341301632489543,1,1.0227533179735724,4,4,0,0.4317324800671006,1,0.768025687312522,0,0
682,0.05721520569091526,0,1.4286064362706468,0,-0.6934131014424858,4,4,0,0.5094322159383443,0,1.1566139547153012,0,1
1411,0.6730291297092139,1,1.5795473513564748,1,0.5451522964802373,3,1,1,0.4612515852451753,0,1.1983757292171069,0,1
1215,0.8330088228577037,1,1.4362090455331769,1,0.08510205093879825,3,5,1,0.5421672549868007,1,0.863700942645387,1,1
157,0.8893610172333799,1,1.4389158636261525,1,0.5972743733874237,4,5,0,0.492752925786653,0,0.5159323645201136,1,1
295,0.10908084173556098,0,1.4734037109461446,0,0.11057941848414615,3,4,0,0.5353464834113406,0,0.8189360799164785,1,0
16,0.5416097709105595,0,1.585128414200637,1,0.035731119396697264,2,4,0,0.46231544836254446,0,0.9260042100885325,1,0
1846,1.4265138904294337,0,1.5970082172081956,0,0.7497417380781055,2,1,1,0.42635575327016567,0,1.0512740471977875,1,0
1971,0.18373359925811222,0,1.621115329057318,0,0.673241566788772,1,6,1,0.4722677416764839,0,1.0793948070324508,0,1
1674,0.4256873767451035,1,1.509071125404841,0,1.0012894578359874,4,5,1,0.35034438152191705,1,0.807429157249987,1,0
1432,0.591197760887801,0,1.5216448820629072,1,1.0810660746275933,1,5,0,0.42771223753390114,0,0.8865855565481007,1,1
2324,0.4065225026418628,0,1.4808430497508143,1,0.545764117016621,1,4,0,0.4586445563885735,1,0.7305603486222718,0,1
1848,0.5960635181260359,0,1.3542499700933484,0,0.7657907926754219,3,3,1,0.41881860673565674,0,0.9589527898604263,1,1
1271,0.9269122024470221,1,1.465525038634259,1,0.2079133461638331,1,3,1,0.5465858176681369,1,0.9234694417292888,0,1
1090,0.4192172576731395,1,1.4913675729399407,1,0.5799681491455723,4,6,0,0.44131576746001255,1,0.8286546399947811,1,0
1543,-0.46444851068520754,1,1.5108833665896466,1,0.5736739038305266,4,1,1,0.3702800507167472,0,0.9238396065369711,1,1
1081,0.1727733359472568,0,1.468484468580155,1,0.8319701923039333,1,4,0,0.5516110600103227,0,0.9457800966553472,1,0
971,0.7621297599014185,1,1.517352466097322,1,1.122628405419581,4,1,0,0.24984960138696097,1,1.0808622480864933,0,1
1183,0.07999134952789377,0,1.3751969757137417,0,0.8941647919095059,4,3,0,0.5443676188462663,0,1.0909461884317473,0,0
1305,1.606729850828951,0,1.383661461695002,1,1.7162924923277956,2,4,0,0.36804004827041487,1,0.9867619945271104,1,1
550,0.3103384967858388,1,1.6029146334863402,1,0.7509093264589122,3,6,0,0.3587932426107575,0,1.0587588808369828,1,1
2279,0.9175665646589448,1,1.4949879279636709,0,0.39676783700186,2,4,1,0.39686105409823996,1,0.9360772930007174,1,1
1,0.6012659912330792,1,1.4741707084470965,0,0.5529036518124283,2,1,0,0.526683213266424,0,0.8323804053540501,1,0
1736,-0.3141244110066391,0,1.4653951668739649,0,0.3270034310938523,1,1,1,0.583794215448797,1,0.8477180139984634,1,1
1537,0.26621011903520925,0,1.7704399872127534,0,0.030579299305887875,2,5,1,0.47075528766731295,0,1.2955222951417562,1,0
863,0.6835799607023146,1,1.594288310891301,1,0.0066202393833391104,3,3,1,0.5404675402507193,0,0.895809273590802,0,0
1716,0.004622657885706538,1,1.5883805822875467,1,0.6781232568994546,3,2,1,0.34941542743669934,0,0.7949326589165703,0,0
133,0.6097418845914678,1,1.5950988474163008,0,9.425891208969528e-05,2,3,0,0.44038658995939284,1,1.1058233821000363,0,0
2258,0.5827682927818759,1,1.3461787971486623,0,-0.4826034051118475,3,3,0,0.5610513918109994,1,1.047841483073394,1,1
1279,0.2650530176798235,0,1.4710997065600788,1,0.6802044768338881,1,2,0,0.5761500241123361,1,0.826554062565787,1,0
2357,0.674564855829204,1,1.6505521925334528,1,0.6560909250438646,3,1,1,0.495283537007134,1,0.7912750797685764,1,0
778,0.8939637425269213,0,1.2414718925955106,1,1.4028690644324597,3,5,1,0.48060760069238845,0,0.9473087121498689,1,1
1424,1.137932991307162,1,1.4445292872942512,0,0.3461024098901589,2,1,0,0.6339960502068623,1,0.9231702801024736,1,0
1648,0.5488267668558307,1,1.661660894991909,0,0.23660455801264713,2,6,1,0.5324204532331097,0,0.8092088239493211,0,1
1215,0.9188959559185534,0,1.4706342684451499,0,1.533119505499444,4,6,1,0.4208782163348631,0,1.0988683066646556,1,0
756,-0.04364345057001939,1,1.3887530269974961,1,0.5559364433210301,3,3,0,0.4603703627617967,0,1.0098663092525484,1,1
670,0.924241257649836,0,1.5103813824570083,0,0.3573055199931173,4,5,0,0.43065894301661717,1,0.8492030698411519,1,1
1986,0.685871567143267,0,1.5372116723699258,0,1.0686562300432545,2,3,0,0.3220085272957206,1,1.4389400069033498,0,1
48,0.4471011754349281,0,1.532641128591161,1,0.47589677620514487,4,4,0,0.5164240012677966,1,0.7295869375821045,0,1
1472,0.41507970492534574,0,1.3583706238038806,0,0.9497861278349358,2,4,1,0.4859515815628728,0,1.5136067933861619,0,1
503,0.8337013434144425,1,1.5774289958127308,1,1.2735084919454183,3,4,0,0.44425147872975224,0,0.9201473963193436,1,0
703,1.111723387788056,0,1.5205833912986757,0,0.06552298908050808,3,5,0,0.4796856180691474,0,0.7065319859306161,0,1
1932,1.2735068521801507,0,1.6347147427750746,1,0.13777855502455427,2,4,1,0.453564322421509,0,0.8396273506172247,1,0
915,0.48098656202271295,0,1.5133220741132751,1,0.3076128534568845,4,1,0,0.49635985372905533,1,0.8551829193798197,1,0
8,0.884858538423791,0,1.524831259341866,0,0.7064256047253606,4,3,1,0.43085397260550534,1,0.9748511008011985,1,1
341,0.05453620528094305,1,1.4696477888525485,1,0.688217480105017,4,4,1,0.5110796891357902,1,0.7923866436614333,1,1
1751,0.5037926884396199,0,1.5303273034444036,0,-0.46598391749604284,3,5,1,0.37957407329884435,0,0.807444446321687,1,0
2057,1.0920330286693738,0,1.377189672309659,1,0.5864090791006495,2,6,0,0.4585831421437804,0,0.7983916609992184,1,0
960,1.1981772189524904,1,1.6270304433536384,1,1.002661815700129,1,4,0,0.5703465178703456,0,0.762442151510542,1,1
809,0.9780162504811025,1,1.6614600087988174,0,-0.4733126592297425,3,2,0,0.5670824140871044,0,0.964046890964734,1,1
311,0.1206875788624871,1,1.496221619190042,0,0.4788692283991647,3,5,0,0.5750696038846324,0,0.9109826531973702,0,0
1877,0.4692812390624974,1,1.4535472875412065,0,-0.18006236634493877,3,6,1,0.46846721759286963,1,1.088020795429491,0,1
379,0.4749460775161111,1,1.4848342131453298,0,-0.7926143943494075,2,1,1,0.4321252175851876,0,0.941014459724262,0,1
901,0.8202114016676076,0,1.6994206081834549,0,0.771975399500404,3,2,1,0.4426607825126955,0,1.0511928100153445,1,0
841,0.12652133525868492,0,1.5790052460866701,0,0.11991558944908753,1,5,1,0.42414503051881663,1,0.8348755348384364,1,1
199,0.2982090877873729,0,1.4570586602006237,1,-0.3680620403892475,2,5,1,0.44139151034058394,1,0.8722239081486,1,0
1257,0.2821260796132382,0,1.3990473193844917,1,0.1347862921341153,1,6,0,0.6110732121352498,0,1.232929274923381,1,1
2112,0.1508671088685557,1,1.6117036315390465,0,-0.597336669783008,3,5,0,0.5887232738523844,1,0.9434418327791492,0,0
1592,0.7759983970103923,1,1.3195570585768668,0,1.226709798349823,1,1,1,0.5130783877326555,1,0.9181991992474403,0,1
440,0.5288801379070978,1,1.4893230782844904,0,0.4965714630010299,3,1,1,0.4898953335402362,1,1.106170661023876,1,0
1965,0.09726775573544572,1,1.3518483985262573,0,1.1003542034187095,3,5,0,0.4780382393690776,1,0.7008795652988102,1,1
1597,0.2702630044618104,0,1.7482309512359229,1,-0.2737946621682342,4,4,0,0.381192297283563,0,1.0714685868772091,1,0
1646,1.25185683284881,1,1.5973917267882218,1,1.5748945768595985,2,4,0,0.46001803174404904,0,0.5776801631746831,1,1
281,0.2216431993614168,0,1.7342369971191662,0,-0.154025679323175,3,4,1,0.4137946172892719,1,1.1750025990948132,0,1
1362,0.45672267872051714,1,1.641822683032396,0,0.009477129389199368,3,6,0,0.44883967623694626,0,1.116806618300179,0,1
1479,0.7638430791853484,1,1.4760586720372524,1,-0.10493751413231023,3,1,0,0.5988393407843844,0,1.0395982780314161,1,0
420,0.3399473222255801,1,1.3498779838604613,0,0.7646490454049659,3,1,1,0.4664647059015048,0,0.8014249574875074,0,1
486,0.690688646057741,0,1.571503751857597,1,0.2761297105387299,4,6,1,0.44811823212695456,0,1.107621663712187,0,0
67,0.5317950770515845,0,1.4086651536141976,1,0.2023560516457234,1,4,0,0.47704179119887397,1,1.2000219687734004,0,0
1181,0.32528614768503494,1,1.6018359213098683,1,0.8473113346241743,2,4,1,0.3102370842449912,1,1.1079303422419213,0,1
2258,0.09734636096437499,0,1.4221389984007375,1,-0.7674064585013762,4,1,0,0.30579529941903816,1,0.772483882775445,1,0
359,1.0550626676855193,0,1.4871700039831113,1,0.20202069956075147,4,5,1,0.6133046413676118,1,1.214035889789703,0,0
422,0.507213071011554,1,1.593288005473419,1,0.6405434266319772,3,2,0,0.42867221510240466,0,0.8711299400532552,1,1
834,0.23388551025303933,1,1.4713254246578622,1,0.8494756862496133,2,3,0,0.4086322091378122,1,0.9585848646123744,0,0
782,0.8560527268883897,0,1.5390302117769206,1,0.32474688808398366,4,5,0,0.41513467300043755,1,0.90297404937702,0,1
705,0.735855373174545,0,1.545981298815417,0,0.20199889873346816,4,6,0,0.4750544865664677,0,0.861470932531972,0,1
2170,0.3824573458598233,0,1.4836342178865425,1,0.6579035584744787,4,6,1,0.5138988226928667,0,1.0044041818571845,0,0
682,0.2170905430853261,0,1.6810853781157629,1,0.39113978312648956,1,3,1,0.47171314901286854,0,0.9594822719032402,1,1
555,0.9986797278377633,1,1.4593840989295408,0,-0.1446867617029538,2,3,1,0.300040104073618,1,0.6910671045907646,0,1
1023,0.6872976001734301,1,1.2242145113847003,0,0.721181490590569,2,2,1,0.5193856413743573,1,0.9157072280890642,1,1
1818,0.33796824479986115,0,1.5374772297220574,1,0.3776102957172329,2,5,1,0.5325060483813122,0,1.1265190805060648,1,0
2222,0.1881708380275558,1,1.4477969267264061,0,0.7884761446365035,4,6,1,0.4203789161984351,1,1.1738820297477,0,0
2104,-0.045039124221181503,1,1.50140612298325,1,-0.003956975652968597,4,2,1,0.4437287378278359,0,1.158639556104365,0,0
2183,0.10536694592437068,0,1.5005763526558527,0,0.7073916210898868,3,2,1,0.42639710177925494,0,0.5194681306562652,1,0
1992,1.1763660348000529,1,1.5469618677524049,0,0.7452675896184295,4,4,0,0.4871350390068939,0,1.054867872406987,1,1
2281,0.4035362146005854,0,1.2990357998595656,1,0.5590856168429094,4,5,1,0.3523097958709164,1,0.7004940670500459,1,0
417,1.0685430380627978,1,1.3201165780287663,0,1.0694000660911558,1,6,1,0.5212794091239127,1,1.0373928896635658,0,1
596,1.4604570815029234,0,1.5315879410589628,0,0.6124776447012213,2,3,0,0.5363438488970514,1,0.8457248792884077,1,1
276,0.2707414759300508,1,1.391929370751564,0,0.2887230672108059,3,5,1,0.5545145947039406,0,0.9817646266496497,1,1
1869,1.2918179052813274,1,1.6036970816520288,0,0.7708922279447278,1,5,1,0.5749820037479483,0,1.0532193538708159,1,0
717,0.5811068129865523,0,1.738036434401886,0,0.26357386145532447,3,2,0,0.5656392796392898,1,0.939890054515139,0,0
965,0.2713264176007925,1,1.5045543585136183,0,0.30423638146626963,3,6,0,0.392716974722604,0,1.18750683281684,1,0
769,0.33288540890272433,1,1.6176344860588368,0,0.33578649213240436,1,3,0,0.4305234256350515,1,1.0748096626475148,0,1
743,0.5838157644225904,0,1.6090990622110226,0,0.7897358576260298,4,6,1,0.5023375268454878,1,0.8321669211949276,0,1
2009,0.5391693721761681,0,1.4604372958113445,1,-0.8569312597328338,1,3,0,0.5900026508579733,0,0.6948953483850309,1,1
1992,1.4463652251089292,0,1.5615690757495064,0,1.309901649158578,3,1,0,0.4164817365456814,1,1.0104165306744057,0,0
1894,0.48039944137508295,1,1.6138400575811214,0,0.42151590929399263,1,1,0,0.5609841315384947,1,1.0815495004632276,1,1
1657,1.5183724115216235,1,1.4636338436490375,1,0.8545644035079504,2,4,1,0.5256127691942427,0,0.895925494812011,1,1
1608,0.40809247825886774,0,1.431315573411016,0,1.2628789132322138,2,5,1,0.3923264069074667,0,1.147724056489106,0,0
2297,0.2264038280596809,1,1.431131036954667,1,0.9211753129019526,3,3,0,0.47210185083927164,0,0.8296374314278947,1,1
1164,1.0966179504581572,1,1.4227379629129584,1,0.3540622070019364,1,5,1,0.5170349147823182,1,0.9887536709387268,1,0
2201,0.24708961103360166,0,1.4204370472211179,1,0.8199489130571118,2,6,0,0.45021324285081554,1,0.8873477739897966,0,1
755,1.3639657448080968,0,1.5980581833059115,1,0.5903544786284993,4,4,1,0.4283161254403256,1,0.7582178649205242,0,0
1776,0.6617492737848575,1,1.6368884245529967,1,0.5069764542165534,4,3,1,0.4288379303078009,0,1.4163442725555149,0,1
777,0.5669671818365444,0,1.499804687665141,0,0.9669977293708811,1,3,1,0.5072368979702541,1,0.7781788632058348,1,1
698,0.952827202939927,1,1.3402923186881723,1,0.39256472488055283,1,2,0,0.45244253355366076,1,0.8254119016442898,0,1
80,0.5679359246687011,1,1.6380198671287693,0,1.4682131186251002,2,1,1,0.6175536080277786,0,1.0886643311724944,0,0
1236,0.39889834633932725,1,1.4935719006711756,0,0.5923426261575856,4,1,1,0.5881562031602615,1,1.2197089461323758,0,1
2311,0.3441870628927272,0,1.4502887906272663,0,-0.6251638026302939,2,6,1,0.43185376009179877,0,0.8003383271286575,0,0
1383,0.4207521856008397,1,1.632431706886633,1,0.39000575648762004,3,1,1,0.48122854852171365,1,0.694529504179261,1,0
1766,0.7134224500803662,1,1.6560026142431752,1,0.7297875170877806,2,2,0,0.46240244160724037,1,1.0684325255156464,0,0
8,0.40529045206660586,1,1.6287486570639766,0,-0.4207011190937463,2,5,1,0.5073236903099423,0,0.7852950818174255,0,1
2356,0.35714177089595744,1,1.3665853966809944,0,0.9421020285787544,4,5,0,0.5571947953527935,0,1.028327859012014,1,1
1753,0.720000812210692,1,1.4275740556502405,0,0.5801387550492179,3,2,0,0.4370835568590072,0,0.9307229262810014,0,1
838,1.0549098531660233,0,1.4691379984419224,1,0.6119805009036348,4,3,0,0.3685790151209827,0,0.8604567750405028,0,1
2166,0.09500965922113314,0,1.4584995463630994,1,0.7632652943322371,4,4,1,0.5493446568850331,0,1.2075324517158315,0,0
2072,0.518072993785471,0,1.4746772250282807,0,-0.3644940189858179,3,5,1,0.529618196663878,0,0.8364881366091564,0,0
1935,0.5966713728593895,0,1.5575545298409559,1,1.4185446579875987,4,1,0,0.705918302520979,0,1.208622568964012,1,0
728,-0.028545913015601276,1,1.450313994678834,0,1.1188066891005448,3,6,1,0.4417050798219361,1,0.9026301634847449,0,1
1334,-0.12848352474913327,1,1.672856510099769,1,0.1992078593326595,3,3,1,0.3795591139378811,0,0.9654031726795054,0,1
4,0.6824995815394843,0,1.3627962996857383,1,0.21304452450963723,4,3,1,0.3822148077345675,0,1.1035253440758188,1,1
1658,1.3672323514766702,0,1.36028776003109,0,1.1049370334626727,1,2,1,0.5680710859031397,0,0.9472697341462274,1,1
261,-0.3585347638120543,0,1.3902241857219744,0,0.6848679932875664,4,1,0,0.6705577447254025,1,0.9517690197848623,0,1
2226,-0.2852376387381488,1,1.510537364156414,0,0.3575200635050031,2,6,0,0.33959413782300263,0,0.5761944920410484,1,0
2019,0.9465156605546572,1,1.5554887244887672,1,0.3007543318928877,4,6,0,0.5364989917714332,1,0.7121579449197798,0,0
2154,0.6205467646747955,1,1.6063128214731548,1,0.32663037402678063,3,2,0,0.617048465370099,0,0.8955902229650476,1,0
1426,-0.21469554741230545,0,1.5300272814118248,0,0.1840547893580181,3,4,1,0.4523689021726861,1,1.0563233799535656,1,1
363,0.34197465034107033,0,1.2312253481665745,0,-0.2892794248553979,1,2,1,0.45789785769404706,1,1.144941245864218,0,1
1639,-0.07676059642951072,1,1.5076927532239424,1,0.6709642285529621,4,1,1,0.49923279437423895,1,0.9631152590158892,0,1
1549,0.49572626727880487,1,1.4841672487563713,0,0.09885847322313818,4,6,0,0.4982414615309889,1,0.9479584676247205,0,1
1352,0.46179288640365074,1,1.4222412011790175,1,-0.2980006349688754,3,4,0,0.49847329914688715,1,0.7239680035283744,1,1
249,0.926406567508749,0,1.637779292403268,0,1.1371169391311313,2,4,1,0.39309424403284743,1,1.0622953660744514,1,0
1558,-0.15369509960467187,1,1.5701351272871762,1,0.15873504325660426,2,1,1,0.5605176729426182,0,0.9262621457265726,0,0
1789,0.4504278262930489,0,1.5787717951515159,1,1.108473585774338,1,3,1,0.5825811333854337,1,0.8375194639948866,1,1
894,1.142339663930112,0,1.4625732846890824,1,-0.2242607463747326,3,5,0,0.510421083553042,0,1.0223071550409366,0,0
1480,0.40999016491709545,1,1.445505592623251,1,-0.009490031960484924,3,4,1,0.451069093201193,0,1.1500506715259988,1,1
1345,0.717563286976297,1,1.4640808558998868,0,1.6144771478861748,3,6,0,0.5137103400962668,0,1.2519909656621775,1,1
16,0.34509977106663886,1,1.4024859415991449,1,0.7189999605641246,3,1,0,0.5194677119745909,0,0.9907154082739598,1,1
136,0.36278074265044713,0,1.4108079717999764,1,0.21454483504362082,4,6,0,0.4407504127899351,0,1.0482519943252013,1,1
666,0.1175551715309392,1,1.508911656400186,0,0.5639180386226856,1,4,0,0.5165744391432019,1,1.1462923839316845,1,0
664,0.5635151166908376,1,1.5983430982685745,1,0.9093804125216226,3,2,0,0.6037527476696506,0,0.8238836311705623,0,0
713,0.4769174640344769,1,1.5398872596885573,0,0.6030730604280373,4,5,0,0.5605640649361271,1,0.8134461043752078,1,0
2282,0.2834961467399162,0,1.3934040740294003,0,0.09849527004703351,1,3,1,0.42814395079663004,0,0.88168520363524,0,1
869,-0.3901969357755193,1,1.3763452759005774,1,0.8407404435698965,1,3,1,0.49399937314138115,0,0.7403198240726205,1,1
876,-0.08623287135653901,1,1.6234234706234558,1,0.3759021052177495,1,1,0,0.5043109671120815,1,1.0146471998512876,1,0
1465,0.10609099707701086,1,1.4498069275296086,1,0.050910728896054136,1,1,1,0.4086308183803241,0,0.585382402971727,1,0
1267,0.29694378663239357,0,1.5802615622859149,1,1.5824869997556883,3,4,1,0.5052806146646623,0,0.739630663142854,0,1
766,0.43125435302712617,0,1.6084038271624217,0,0.7678647195514443,4,3,0,0.45019251704458274,1,1.2487511628836285,1,0
2162,1.2485073675861864,0,1.521388194724948,1,0.7191202232993859,3,1,1,0.4711530136304349,1,0.866420443736309,1,1
303,0.42847266940314566,1,1.389871041287931,0,0.6525680232962638,3,5,0,0.3945758543861466,0,1.154070524632184,0,1
1369,1.0252729759282664,1,1.5753737832287487,1,-0.40165213951469037,1,2,0,0.45578228478062277,1,0.9711032809667265,1,0
1369,1.1935797742836103,1,1.5468890324882902,0,0.8565905006065602,3,1,0,0.4267854571059659,0,0.7453815511190585,1,1
1035,0.2808242378442898,1,1.671835855179428,1,1.166908605300091,3,4,0,0.42235905119323314,0,1.0797903683233052,0,1
1457,0.7083122578049911,0,1.5296731958890828,0,0.38362946755931393,1,5,0,0.48383392021576643,0,0.8615948043703838,0,1
344,0.20770330734635173,1,1.5096335434356707,0,1.0252316764885903,1,4,0,0.5403793374560906,1,1.0708700231499433,1,1
2161,0.9282225607654392,0,1.445867443958721,1,0.3308748089703375,3,2,1,0.3455322627279907,1,0.8550089824715127,0,0
1489,-0.47939961727679337,1,1.3970702049177866,1,0.9851315230286928,3,5,1,0.40761703822323136,1,0.9233941685282877,1,0
994,-0.5467700622990981,0,1.487086810710284,1,0.5242705651062822,4,1,0,0.5602774543705215,1,1.040002733887758,0,0
1458,0.05315872970855878,0,1.490850584896928,1,1.2349221657576002,1,1,0,0.4237810723536411,1,0.6344915512363987,1,1
701,1.1031222811624368,0,1.5548109500485174,0,-0.02564692171195815,3,1,0,0.5998350800271119,0,0.9702305653296531,1,0
2292,-0.2676421623142482,0,1.397464473176398,1,0.7806605988367572,3,1,0,0.4883339239447143,0,0.8376543465200563,0,0
1463,-0.13290860998008336,0,1.3808250716639305,0,0.8544676373605412,2,1,0,0.3177787341993604,1,0.9215610462515275,0,1
2003,0.44120684104976404,1,1.401074250176737,0,0.5342980099347734,2,3,0,0.4512719627585235,1,0.9592535326354272,0,0
1166,0.49828068699153394,0,1.5532022746975152,0,0.5895847713115175,4,6,0,0.5238635012098098,1,0.968403705261306,1,0
992,0.5952895330398973,0,1.5224603414159592,1,0.8367979558346788,1,1,1,0.3585935073051654,1,0.8665830550134623,0,0
775,0.19219959467686343,1,1.543091751429213,1,0.8423160328197281,2,2,0,0.580221431414484,1,0.8845833664317049,1,0
1296,-0.06595162601821836,1,1.4094665870066116,1,0.6770538430707975,3,2,1,0.4492173571307787,1,1.0098075687630519,1,1
1288,0.2655671381788999,1,1.5268087337840333,0,-0.16646526679721207,3,1,0,0.5415251255480169,1,0.6610087327049827,1,1
162,0.4440716641304187,0,1.3133535859582544,1,0.47019595441226375,2,5,1,0.5831033174201772,0,1.1173651048997706,1,0
938,1.0315338821410034,1,1.4712308466526567,0,1.181373376463057,4,6,1,0.4792641150284564,0,1.0779975063707212,0,1
123,0.08013065224239752,0,1.594794002556057,0,0.4144745890371023,3,5,0,0.4884220354162341,0,0.8472566154410914,0,1
56,0.4891618968984496,1,1.5357759581243342,1,1.4686986789511804,4,3,1,0.551377847719379,0,0.8676547504001769,0,1
96,0.07599773564459605,0,1.4031788841216783,0,-0.20100762682169449,2,4,0,0.4476423887339803,0,0.785865518535586,1,1
1055,0.6444924526312429,0,1.316904684435302,0,0.7043439329706035,2,3,1,0.4524622408122637,0,0.8916183466667393,0,1
91,0.9231584641059046,1,1.4878212402318092,0,0.573531680079604,4,1,0,0.5277569389306958,0,0.807711724815633,1,1
665,0.6864704919894424,0,1.5670694875249103,1,1.2070507540357793,2,4,1,0.3905406039248007,0,0.9837107298963499,0,0
932,0.6140153538330797,0,1.4830262287425646,1,0.3533980572222072,4,2,0,0.4657766571945383,1,1.1232905510709534,1,1
1470,0.2420657770102469,1,1.6424654672702146,0,1.1016974039595104,3,3,0,0.33559716945066376,1,1.034179779907544,1,1
257,0.29795091530968915,0,1.641014893555213,0,0.49164753309663434,1,4,1,0.5581566758506138,0,1.110027486956094,0,1
1375,0.0909421907014556,1,1.5415266844121343,0,0.13814425662485486,3,4,1,0.5357796606033511,0,0.9637674161352907,1,1
1636,0.626504820334935,0,1.5026652410791868,1,0.5315440719075841,2,5,1,0.3795479293845713,1,1.1627482684249402,1,0
1391,1.0289025706460206,1,1.5614981120620304,1,0.3913888715432303,2,6,0,0.5086185580419249,1,0.8035526617750587,1,0
717,0.9055249219172532,0,1.4822286897111676,1,0.2930128928255148,3,1,0,0.40283597733396204,1,1.1027876292119707,1,0
482,0.2590544296887016,0,1.4903231617770367,0,0.6464220334832913,2,6,1,0.5347593379507414,0,0.634850480766076,0,1
5,0.8375014322723062,0,1.4577484087324355,0,0.9720748045671291,4,4,1,0.30460655235996703,0,1.0180505978352212,0,1
854,0.2484680211701195,1,1.5547496327757098,0,1.5104796282530288,2,6,0,0.41018093973152203,1,0.9898700605035491,0,1
1839,0.7360534615439377,0,1.4316836730964904,0,1.0376721379820277,2,3,0,0.42484721403857595,0,0.9884079478031473,0,0
968,0.49755434681759325,1,1.300761758379275,1,0.09902127250203491,1,5,0,0.4065993941436204,1,1.031677307606099,0,0
1696,0.514440295932683,0,1.5085577699954433,0,0.538909265679754,2,4,0,0.5162079367163119,1,1.062513553978007,1,0
357,0.988298166973655,1,1.643867876831848,0,0.3267589586316826,2,6,0,0.5098300461169512,1,0.9138624666576101,0,1
2001,0.0873870196604577,1,1.6136018724371466,1,0.8649725031786556,1,2,0,0.49623098700384805,1,1.1794118065775923,0,0
756,1.0320695677591298,0,1.4515063846762486,1,0.011535784670409444,2,4,1,0.4967899287229225,1,0.7283856500464809,1,0
2350,0.4131423124240137,1,1.5692290479943518,0,0.20970824170577795,3,6,0,0.3790416284778154,0,0.8462567107411095,0,1
2271,0.29735776129335667,0,1.479075519272459,1,0.7380794375448056,4,4,1,0.464152710584328,0,1.363880572892819,1,0
1665,0.16463508329963994,0,1.3343742861663317,1,0.7736140996928158,4,3,0,0.3606349516413245,1,1.0613775404335166,1,1
592,0.45672428926302283,0,1.3617275402112492,1,0.0543686462092236,4,6,0,0.4523807596395151,1,0.8697341173196211,1,0
2153,0.438502056852065,1,1.4474090110814044,1,1.12576994139692,4,6,0,0.44445019225098537,1,1.1310879673283765,0,0
292,0.3344072152312102,1,1.6089685669705887,1,0.8015266427038535,1,2,0,0.2078335508351713,1,0.7918504018461474,0,0
317,-0.2865291211360984,0,1.6637294234157236,0,0.41602488990534137,3,6,0,0.5218867557154211,0,0.8447671101949947,0,0
155,-0.07794239125729696,1,1.1621642733112336,1,0.3016579955720866,1,4,1,0.4664325433786808,1,0.7394875330718448,1,0
1952,0.9817377612406785,1,1.3410731401870213,1,0.16072720437326038,2,3,1,0.35193666569264825,0,1.211460236222641,0,0
127,0.6533187505376387,1,1.4915781319113424,1,1.1237697339237116,4,5,0,0.4748071731154653,1,1.2454650202672264,1,1
1317,0.18138279557408038,1,1.5101463380582378,1,0.09923574051855777,4,1,1,0.6229689402010652,1,1.2064645423513982,1,1
6,1.1493045505345154,1,1.475015757373839,0,0.7486539128631273,1,4,0,0.42568002953765255,1,0.8576398362176213,1,1
2097,-0.26830551757771526,0,1.442106445321291,1,-0.2771569216386658,1,2,1,0.3690154370677371,0,1.129522760195285,0,0
1177,0.22575913969971761,1,1.3419490995863792,1,1.2489513102832848,2,1,0,0.502141595743048,0,1.0943068629069823,1,1
1597,-0.3809266637357166,0,1.4632168285164089,1,-0.18139299054678282,2,2,1,0.41446266308727764,0,0.8799868370180113,0,0
1353,0.6986801033164807,1,1.5212386071705783,1,0.861557860466515,3,3,1,0.2641580387178555,0,1.0899556300705504,1,0
1108,0.6470273455647101,0,1.4631433355050565,1,-0.1797313310711942,3,3,1,0.5882879144180491,1,0.9193336874933885,0,1
2201,0.3301868942793288,1,1.519454347669792,0,1.0818621288782464,2,6,1,0.42985756048563045,0,0.6827919335954724,1,1
1911,0.3943360693541529,0,1.4011295640654937,0,0.5868605342964527,2,1,1,0.49337476537852665,0,1.164078030551573,0,1
1943,0.18856504448096684,0,1.5469386122705904,0,0.35117227895372644,1,6,0,0.39056895989387796,0,0.688443972200506,1,1
1867,0.8131900402408606,0,1.601226855169755,1,1.3796782179343254,1,2,1,0.5157633119874305,0,0.9659601254499686,1,0
526,0.06765411745061967,1,1.7166860921175355,1,0.1953784255094137,1,3,1,0.49123356876158925,1,0.8076727117478307,1,1
2147,1.0172438696999357,1,1.5970428268778625,1,0.12496549299170878,3,3,0,0.39014685142811256,1,0.7621225112842148,1,0
1638,0.5420116082890867,0,1.5849434094963435,0,0.8565746274883497,1,1,1,0.44658441588784287,1,0.8794507955688726,0,0
1773,0.5414895832635812,0,1.560863874670637,0,0.7489644273748961,3,4,1,0.5992061440622043,0,0.662621882582084,1,1
1429,0.3388578205048182,1,1.6402998052091091,1,0.38585964844584614,4,2,1,0.5346666315517631,0,1.0763231351238287,0,0
1663,0.10019193855558545,0,1.5749195009599022,1,0.27711048767544355,3,5,1,0.4664278000234339,1,1.1675861890009025,0,1
758,0.39950801047618295,0,1.6352734513336653,1,-0.23338998277239298,2,5,0,0.33680127795039416,0,0.7338823966248095,1,0
483,0.576399315028414,0,1.5215381588375403,1,0.7421089851678002,3,3,1,0.5505889050414301,0,0.9714344909887935,0,1
1600,0.7511200681746215,0,1.4439230107052234,1,0.12690950793066913,4,6,0,0.4702966358614219,1,1.0331648052637148,0,1
790,0.566733100270089,0,1.4907157098856514,0,-0.6096496080936273,1,2,0,0.41914145147057835,0,1.2770832941248456,0,1
930,0.22277217702127206,1,1.571769037950112,0,-0.07298025789829599,1,2,1,0.4829716861619238,1,0.9663668747961013,1,0
2263,0.6743662257608659,1,1.5314509093524031,0,0.6794164466236129,4,6,1,0.576432370256742,1,1.0662556946920159,1,0
143,0.6576484877649905,0,1.8024302726494073,0,0.3195505523411013,2,2,1,0.5759541409038015,0,0.9328004930316222,1,1
1884,0.8003820710953584,0,1.642625319038892,1,0.4156604918527884,1,2,0,0.518956161145812,0,0.7243772145454392,1,1
1082,1.019214482505802,0,1.5679656205703625,1,0.6812171353231082,3,5,0,0.42325257389986776,1,1.0028382305051664,0,0
495,0.24911193359172512,1,1.5179909850817765,1,0.3113881462010352,2,2,0,0.4820831642484337,0,0.7706198620896363,1,1
2259,0.7763203987903159,1,1.5604066719207603,0,0.3320545072891297,4,5,0,0.6044013066927999,1,0.6549096670526947,0,1
2324,-0.072315080503362,0,1.3326978794701219,0,0.11632347714229452,3,4,0,0.36497931436545594,0,0.9683094312513967,1,0
627,0.4339071463780018,1,1.5655080516314201,0,1.3544984710106447,2,6,1,0.5366401789991264,1,1.0134701788179454,1,1
2263,0.33919553290489374,1,1.6034848902744505,1,0.4266537676601257,2,5,1,0.47647267708557395,0,0.9995597617226838,1,0
1830,0.16306069879691293,0,1.409619038002106,1,0.6461689616674334,2,2,0,0.39142771437946083,1,0.8566089734658686,0,1
403,1.2676998381259628,0,1.4689182554117541,0,0.9329827850381598,4,3,0,0.3276095439916526,0,1.0309888583790499,0,0
1200,0.530738313726732,1,1.5266129631484027,1,0.3376071247416572,1,5,0,0.5030898079691112,1,1.076687248932109,1,1
1938,0.09901419555540653,1,1.5882756719988977,0,-0.05132807020204955,3,6,1,0.4578381732119692,0,1.2079520760842257,0,0
404,0.5032204669424051,1,1.5544983026429593,1,0.8060598077657392,4,2,0,0.5051127195178277,1,0.8162130528017968,0,1
583,0.3326938364390337,1,1.4804588072300904,0,1.4360828503392598,3,2,0,0.34397526632952136,0,1.060448863684902,0,1
656,0.11938756912602189,1,1.4940789626138933,1,0.5165423706408698,4,6,0,0.41317722084962366,1,0.876453781728347,0,0
514,0.1270491276997054,0,1.683827007702981,0,0.6899836793304979,3,1,1,0.37398732082490305,0,0.7355252065534855,0,0
2100,0.7477632534039759,0,1.3703411868067996,1,1.324580312150101,1,4,1,0.47599552815061263,1,0.964996672960614,1,1
1272,0.6486529623272128,1,1.5199936190048324,1,0.5376871675221567,2,1,0,0.535894198297325,0,1.1498905036838278,0,1
233,0.8864103621374009,1,1.4199100127901856,0,0.9449092381208152,2,2,1,0.4800007817290923,0,0.8343134865097709,1,0
1710,0.4576506187031649,1,1.5231588746714124,1,0.023691397061093633,4,2,0,0.49227165029647346,0,0.7509010170086898,1,0
1750,0.6202662390551517,0,1.4673610738577723,0,0.5375034149481323,4,6,0,0.31172326762817953,1,1.0945298216279153,1,1
206,1.2555676380675784,0,1.407737707381221,0,0.5960574187708032,1,3,0,0.426342155031359,1,1.1714898953767319,1,0
343,-0.001671450641390848,1,1.4315515918769424,1,0.11930389360490279,4,6,0,0.3303500423673593,1,0.8601443713178811,0,0
1029,0.5335401989960459,0,1.5202821007717642,0,0.8395751029953202,3,6,0,0.47914363186403985,0,1.0970065402719795,1,0
2262,0.894792992895638,1,1.564021319045035,0,-0.06193712687601627,1,1,0,0.47108516689424634,0,0.815764464864275,1,1
545,0.18052706319170825,1,1.4587165822117725,1,0.9906357013197924,3,2,0,0.4450791949239369,0,1.1392752168036044,1,1
2335,-0.03931926721967072,1,1.5886729584262125,1,0.8310751478227616,3,6,1,0.5123739461523438,1,0.8363606616961607,1,0
573,0.7784483386494764,1,1.4544883039455725,1,0.5584611073389193,2,3,1,0.5188559260520438,1,0.8329823404704093,0,0
974,-0.05112594482921873,1,1.4790059175705355,0,0.7451148500755205,4,3,0,0.5516231545228216,0,1.047761329158805,0,0
2326,0.34288889996705374,1,1.5192479080289298,0,0.9887157657961958,1,5,0,0.5580403697572539,1,1.0541186305329175,0,0
199,0.5404189141358189,0,1.5084445920952099,1,0.027142634083363093,1,1,1,0.44214622792678054,0,1.0468832999450437,1,1
256,0.18408949134443126,0,1.5436169829529438,0,-0.1446186859055545,1,3,0,0.3748861681018757,0,0.7638083281429735,1,0
733,0.7627674234187101,0,1.3335567717913068,0,0.0333589565461298,3,2,0,0.44870923340050334,1,1.3243867952032509,1,1
991,0.8861027049461422,0,1.4702792895531416,0,0.6198136962434405,3,1,1,0.536856625489093,0,1.0704908645968079,0,1
973,0.5533896499684126,1,1.484751986932034,1,0.4785432975896219,3,3,0,0.4575473374960435,1,1.0181718810906681,1,0
389,0.44684509138242934,1,1.6430149540541807,1,-0.5042551223041458,2,5,1,0.40143675698628367,1,0.8134696859801127,0,1
1721,0.524401904927756,1,1.577276474260793,0,0.7234677689257641,3,5,1,0.32753220108357095,0,0.8555255137763347,1,0
1046,0.24088948948401379,1,1.4906516656663937,1,0.3480275920882552,4,2,1,0.5211511027561361,0,0.85071860922965,0,1
1392,0.9182569218408585,0,1.470374161625361,1,0.6246573161036014,1,6,0,0.4913890280443666,0,0.5636603137348134,1,0
47,0.767027628254016,1,1.545577539418548,0,1.0275301864000608,2,6,1,0.5346138056140948,1,1.2192422776653933,1,1
1712,0.11223441700329934,1,1.5266755152999536,0,0.3489514431983033,4,1,0,0.6985379587614359,1,1.018888265409314,1,1
2105,0.410751112413107,1,1.297015073699764,1,0.2976277113658864,4,1,0,0.4639260726459296,1,0.9070764783612031,0,1
1604,0.8295050661504183,1,1.4751441992394239,1,0.4936116667135547,4,2,0,0.5688630635571781,1,0.9330855918142932,1,1
1308,-0.25662154258606884,0,1.711797275111348,1,-0.02646853504313551,4,5,0,0.3993081114740727,0,1.267906637790221,0,1
1420,0.5735961546174098,0,1.6865293749514785,0,-0.3805766992269135,4,4,1,0.5541271683754392,1,0.7870940901100801,0,1
1167,0.6385642082392996,1,1.4594282495855964,1,0.3482739016319364,3,3,0,0.37721321408284364,1,0.7805632595156111,1,0
1653,0.9803612978715623,0,1.236391343179249,0,0.8018692327595256,3,5,0,0.5377121625653134,0,0.6829181143475569,0,1
587,0.739484297971687,1,1.3517761975244051,1,0.9777708090770789,1,5,1,0.6017603374668236,0,1.2744558322571387,1,0
2160,-0.0015118726586087483,0,1.405595466570915,0,0.6849505631698213,4,2,0,0.4597489764677033,1,0.8229845465140443,1,0
411,0.7428350045906713,0,1.61498397054892,1,-0.1529770835409715,1,3,1,0.37432249299213466,0,1.341892063043799,0,1
433,0.6835286271581882,1,1.6772868915288457,0,1.198434474246444,2,6,0,0.4434213111882119,1,0.9358479547827523,1,0
2222,0.2185338310730724,1,1.5118130121387383,1,0.5334590043745864,4,3,0,0.4355826153263874,1,0.7879440392920891,0,1
302,0.5970897134325253,0,1.3782443217042244,0,0.8789275075049043,3,4,1,0.48055651199485355,1,0.9500786493472191,0,1
1243,0.4150647323119593,0,1.5805557162542165,0,0.19882219105880794,3,1,0,0.5299864327106744,0,1.178054670391913,0,1
2039,0.8142650642354268,1,1.4808569252596047,1,0.9790243230553306,2,1,1,0.32232734157109777,1,0.9801958914830051,1,0
1356,0.18820752347131336,0,1.5094690648209834,0,0.1263530066542331,4,2,0,0.3432421707814272,1,0.912168655718239,0,0
647,0.7275136333611488,0,1.5011307668012865,0,0.09557675878668687,4,4,0,0.3302121899602854,1,1.012537889900328,1,0
1854,1.2013079796708692,0,1.4507079603299096,0,0.2232222656423603,3,2,0,0.3548588450220567,0,0.9777465166674967,1,0
705,0.45415493077039315,1,1.5498893871350028,0,0.3065999539705578,1,2,1,0.39702919579435875,1,0.9100253327048761,0,1
1211,0.8719771188573482,0,1.554543095478802,1,0.7241722678186565,1,1,0,0.553689205320925,0,1.0230917615633528,0,0
486,0.7195006349601837,0,1.4105017476358328,0,0.42311375486391106,4,3,1,0.5586043942816301,1,1.0019474619801656,0,0
675,0.5544534255116169,1,1.5542585843312593,0,0.5265036910162152,4,4,1,0.6003719979998277,1,0.5731825988251693,1,0
1185,0.891703191229623,1,1.6072796504258215,1,-0.1859480219266212,1,3,0,0.3880085402238713,0,0.8259755859218951,0,1
126,1.0187061116598977,1,1.6115473817632207,0,0.17514390682059167,1,5,0,0.5037773985147064,0,0.9474477816295803,1,1
968,0.9227838684186606,1,1.4821679934550314,1,-0.8875338247701696,2,6,1,0.4204783681290232,1,1.0804833957664064,0,1
93,0.3913513029155163,0,1.492584487424588,0,0.37357006591847064,3,2,0,0.4991671430315366,1,0.8241669491743208,1,1
1789,0.6030325367728182,0,1.4622326916482697,1,0.08249758437208249,4,1,1,0.42606732349899856,1,1.0885183304836803,1,0
1423,1.3417917929644994,0,1.475906157277347,0,0.5976146962289334,4,5,0,0.5812064372633807,0,1.1131945166336088,0,1
1208,0.06354253218819744,1,1.4518781483403176,1,0.4882485015264657,4,6,0,0.6402434839919551,1,1.0425247859602074,1,1
1231,0.7086561222064263,0,1.3776634897778999,0,0.9998896027102281,2,1,0,0.37993496968242285,1,0.7972799598827359,1,0
1883,0.5056190089683512,0,1.5736260124905372,1,-0.15403473859289318,1,5,0,0.44317026662682246,1,1.1552550394504428,0,0
1034,0.20203339894508887,0,1.3816387420082383,1,0.48739903114945426,3,4,0,0.5124197072987036,0,1.1460301629022402,1,1
1604,0.591378026667441,1,1.540638051033534,0,0.47247376522602424,4,6,1,0.4918149473829683,0,1.1473010709743425,1,1
1868,-0.017309659409967537,1,1.5115721119682686,0,0.9645556420674883,3,5,1,0.40223531186449973,0,0.8221797714241939,1,0
2303,0.7199311989110979,1,1.418535658398779,0,1.53973213669653,2,2,0,0.4012471325735092,0,0.8030974403764062,1,1
1918,0.2920352945858476,0,1.4668667403717948,0,0.4647801111548063,2,6,0,0.4011825573753551,1,0.8595941819125297,1,1
1932,0.44048393006410114,1,1.595684725485535,1,0.8667390647862853,3,4,1,0.6564604848915347,1,1.0129082091437551,0,1
1693,0.6680480280274347,1,1.4875389149268397,0,1.5628204649357635,3,6,1,0.6031156415899555,1,1.1213708007151413,0,1
1340,0.29946659015512855,0,1.6057818044006336,1,0.08652953941482378,3,6,1,0.35171325750715077,1,0.8601721847529307,1,1
2130,0.9796125158217375,1,1.4828935666961878,0,0.3562085524722758,1,5,1,0.4843810766997169,1,0.5921943049225014,1,1
2190,0.5757077878025342,0,1.3353696266450097,1,0.16196184852556877,4,5,0,0.49068083978698585,1,1.0326216490726032,1,1
1190,0.1526355748221629,1,1.4842250551509861,1,1.0120831383381597,3,2,1,0.5906692800294403,0,1.088010841315765,1,0
2033,0.7092051256032805,1,1.4238287885959544,0,1.1214077498069548,1,6,0,0.6051130495627932,0,1.0798095176815072,0,0
1657,0.31640454252294975,1,1.3601107016770975,0,0.8262149361472467,4,1,1,0.3529854236436376,1,1.0012657299896914,1,1
2275,0.6826457858924498,1,1.4472105511708635,0,1.6475996197081548,3,4,0,0.5233356978424234,1,0.9092398177160066,0,0
1663,0.011047408281023352,1,1.571743357794201,0,0.7797980367703378,2,5,0,0.48620720737847706,1,1.1765087884961396,1,0
81,0.5707217539769444,1,1.5515485712011445,1,0.29501187221932973,3,2,1,0.41845537271665295,1,0.7727517065114787,1,0
1164,0.28167303931707177,0,1.4158570669574029,0,0.14759816633020573,1,2,0,0.5121106610715794,1,1.1614657768835164,0,0
527,0.26062863458336494,1,1.5515436896286958,1,0.4534357135060925,4,4,1,0.5773193228446126,1,1.0491984954590257,0,1
1972,0.36956972933061244,1,1.407955697100858,1,-0.06852585068068096,3,1,0,0.4700037105572159,1,0.9709656255140368,0,1
1330,0.8870324589489351,1,1.3670263573658195,1,0.3334231350483884,1,2,1,0.4663571093547172,0,1.1591349305843028,0,1
469,0.0035786876900607,0,1.4866486229263032,0,1.5165626970645694,2,1,0,0.4070529342895773,0,1.0827978904813873,0,1
1819,1.1566735785650744,0,1.654356268717802,1,0.6065304281763948,3,6,0,0.4316651708910571,1,1.1841586113084408,1,1
8,1.0204819021193832,1,1.6096895063805536,0,0.36469890892168555,1,4,0,0.46256171770034504,1,1.3619854586705453,0,0
380,1.7554270514088104,1,1.43936169274303,1,0.2564066376383013,4,4,1,0.45370833295855945,0,1.2617264365717407,0,1
439,0.26126332365821703,1,1.4858799338215953,1,0.4562069736792874,4,1,1,0.42417326961150636,0,0.9756503017270455,0,1
543,0.8426165940710921,1,1.3716092327382339,1,0.7499812498765094,4,3,0,0.6026151155485104,0,0.9861561786357748,0,1
967,0.10987203896329484,0,1.46863982880569,1,0.20417373956466184,1,5,0,0.5411070260684497,0,0.8746040823361733,1,0
2026,0.7928372921356379,1,1.425803931139702,1,0.5790603746628256,2,6,0,0.4955976103177028,1,0.7447100108050364,1,1
1141,0.23584315848121468,1,1.3988797117963752,0,0.09629153289633618,4,6,1,0.6281402845112916,0,0.6149737693999249,0,0
594,0.29874586845107487,0,1.5730388163149613,1,0.2883408716718787,2,4,0,0.5547412538039707,1,1.2256486319049098,1,0
1233,0.8869829419436723,1,1.397380363711237,0,1.0652027931438353,3,5,0,0.48110524889364714,0,1.199438055305936,0,0
1525,0.21837407738331288,1,1.3761575182704915,0,1.1578564749818518,1,3,0,0.4242461120272668,0,1.1731580554608694,1,0
1933,0.2567071874477115,0,1.5538633372720667,0,1.5778209971291366,2,6,0,0.5206807020707671,0,0.9317614979024005,1,0
950,0.3104395047627193,1,1.5296126475297882,1,0.7898900875360223,4,1,1,0.47209065846436987,1,1.121242511573636,0,1
47,0.2675854895736166,0,1.7539642022332647,0,0.873332582311793,3,3,1,0.4858496725495916,1,1.0408146710126562,0,0
2241,0.6688535630745901,0,1.65042750690077,1,-0.17757730852887543,2,3,0,0.5254266496316314,0,0.7364516470541169,0,1
1444,0.7860569303468052,0,1.3585936230442857,0,0.43069784394601857,4,6,0,0.3122274137514257,1,1.003869174505462,0,0
1686,0.4611071271936996,0,1.5781692434898287,0,0.32740558802632475,1,5,1,0.3519004153050125,0,0.8436929746950624,1,1
1319,1.0821825029564573,1,1.5497558569109604,0,0.7303079949319237,4,5,1,0.4505113398804474,1,0.9933394651728387,1,0
895,0.9693325822053629,0,1.587638048666887,0,0.7307634375191764,3,2,0,0.5569971753251266,0,0.8138196876201258,0,0
1211,0.28441607997248486,1,1.4313870675029672,1,0.6317978848624163,3,1,1,0.5245701717707691,0,1.0022527951579643,1,0
2375,1.17258872402317,1,1.6970010071031225,1,1.0859901291806489,1,5,1,0.39630307308690704,0,0.950923274277284,1,1
1401,-0.18288495110112812,0,1.5801396115997037,1,1.024937395825815,4,1,1,0.5319804346501789,1,0.8604911751059081,0,0
603,0.5766712536938776,0,1.4680659728874228,0,-0.6469873207209973,3,6,1,0.5299753653130562,0,0.9894440896158696,1,1
949,0.38218851882211685,1,1.5525190727845601,0,0.9461972287995755,2,1,1,0.5152603289337022,1,0.9293982213865667,1,0
730,0.44324019228051187,1,1.5072374395409962,0,0.8199074265620852,3,1,1,0.42482325801666726,0,1.0801208312910922,0,1
35,0.6466866896153702,1,1.6311193828054846,1,0.3157436276366593,3,3,1,0.5813790602161422,0,1.3907895208948133,0,0
817,0.4637706012636563,0,1.5795070371628563,0,0.7371880026488944,2,6,1,0.5086818142533345,1,1.195593823240908,0,1
642,0.30407900396901194,0,1.4065964222947929,0,0.3849922061925434,2,6,0,0.3075153007966831,1,1.0342281521467815,0,1
1442,1.1005605818814495,1,1.4431854041037346,1,0.9146441591241705,2,2,1,0.5602435782486552,0,0.7577165080644188,0,1
185,0.329387074153469,1,1.496148242393396,1,1.4487482701812937,4,5,1,0.6019121145180157,0,0.9796684251976623,1,1
326,0.2141760542582633,0,1.5438040917985316,1,1.231478961839621,3,3,0,0.41470465180255073,0,0.8079891152237855,0,1
986,0.17481312663043536,1,1.5034677370049434,0,0.5593651902158914,4,5,1,0.5382560872963578,1,1.0318810389469597,0,1
1586,0.827965176883394,0,1.4145903316449393,1,0.18778180428992614,4,4,0,0.41124660929168877,1,1.0414293976653926,0,1
1798,0.5103067717007223,0,1.3813400574181536,0,0.44060200559601964,2,5,0,0.5419157630798531,0,1.2142995998937645,1,1
1884,0.6334320831470198,0,1.6409980037554939,1,0.3983037350368489,2,2,1,0.5897887175311933,1,0.865035690026609,0,1
1234,0.42423450104513566,0,1.4788439730735081,1,0.7645062335463545,3,1,1,0.4391688034864042,1,1.1690323608389441,1,1
1545,0.09915921477602813,0,1.5781511997135556,1,0.514213868024206,1,2,1,0.49304617018662644,0,0.7639166260733182,0,0
846,0.3694363595563974,0,1.5777924308756663,1,0.3882206442938553,2,1,0,0.3995758600931528,1,1.0280251666190463,0,1
104,-0.24717088867547776,0,1.4789812709019023,0,0.3980682677357875,3,1,1,0.6048446901236086,0,0.9601424316565321,1,0
2089,0.11752230498800076,0,1.7430576705576413,0,0.2648385544553731,3,3,1,0.4056287290778249,1,1.208637218826661,1,0
256,1.1010907706093565,1,1.4346195246461573,1,0.8288739421479226,3,2,1,0.4502604953338265,1,1.011712870628915,1,1
351,0.5782724806445135,0,1.503823733162088,0,0.9358203434576643,3,1,1,0.47392756222550214,1,0.7687238510364801,1,0
510,0.2491393490173745,1,1.278824244929843,0,1.2775796825449834,3,2,1,0.344927793014194,0,1.0843183328434143,0,0
1682,0.21696185757676628,0,1.5329294454263842,0,0.7501012681819851,4,2,0,0.5994149092286204,0,1.2074561901672238,0,1
792,0.5025966112156274,0,1.4269743244958506,1,1.1186530075820262,1,6,0,0.477309202640113,0,0.9977663227421494,1,1
49,0.6437709493265554,1,1.8275263497152026,1,0.7743624864465604,2,6,0,0.5152850374599502,0,0.6774897011608116,1,1
97,0.9751590065206378,0,1.4592024180219947,0,-0.08207938915028912,3,2,0,0.41080967577441285,1,0.8788489917420599,1,0
1404,0.5799775359861015,0,1.27620341702164,0,-0.3433696693011572,4,6,1,0.38962486867116,0,0.9667382990229018,1,0
1317,0.6699753310442027,1,1.3405874416547703,0,0.5443355831884016,4,6,0,0.42034705168884134,0,1.0866657671234035,1,1
1234,0.40853280188398566,0,1.26568328113094,1,0.3958676186386799,3,2,1,0.3965656293368373,0,0.8365103750863672,0,0
1145,-0.638091021637986,1,1.5293203707236294,1,1.2450074985597857,4,5,0,0.4491834697385789,1,0.8537228687176887,0,0
879,0.26141176251374504,1,1.699798696110428,1,-0.15834437671025758,2,4,1,0.4781245917384414,1,0.8628301853908849,0,0
1992,0.6934563485610968,0,1.441592870827034,0,0.08998474936283585,4,2,0,0.4796801468058174,1,0.8993313656849069,1,1
1709,0.19361346981496008,1,1.643901449149883,1,0.9405449648486087,4,5,1,0.4075616612125656,0,0.5043445942174609,1,0
187,0.611668130080829,0,1.3609070446086409,0,0.501537978398455,2,3,0,0.6426098449347435,1,1.1230764505676571,0,1
744,0.9963574045613436,0,1.5562532208768214,1,0.7577967708673434,3,5,1,0.502752220830003,0,0.7690961315194922,0,1
731,0.911415746287777,0,1.4739621836942036,0,0.08325410188830518,2,5,0,0.434135686086367,0,0.8170827195245502,1,1
436,0.7254428819427029,0,1.5332436068584587,0,0.8493236613164334,2,4,0,0.580728057143723,1,0.6413136947813072,0,1
64,0.8040481511204225,1,1.498838361136627,1,0.728208128321481,1,6,0,0.3733495444634926,0,0.8870807372380878,0,1
622,0.09687768067389002,0,1.536416898673894,1,0.5092476915157049,4,2,0,0.5226191415731756,0,0.7929330931220212,0,0
48,-0.038654776889488596,1,1.6333114790064676,0,0.38606831087880866,2,5,1,0.5204244472513708,1,1.0555364020878077,1,1
732,0.9939990912347232,1,1.4417814231642363,0,1.3909456068262132,1,3,0,0.39418097177098055,1,0.6875437192029191,0,0
1962,0.6377350395519541,0,1.6403346905832568,1,0.6492098828777604,4,3,1,0.45703052169636305,1,0.8793600986914767,0,1
1424,0.31020377063488946,1,1.5549860214721674,0,0.3803553438342357,3,1,1,0.555851887386169,0,0.8594360855674561,0,1
1670,0.6005859789727512,0,1.4736267232247227,1,0.8199122178287921,4,5,1,0.400388621109631,1,1.0268826350286906,0,1
1677,0.4879854961072732,1,1.4467371647277547,0,0.24561026134377778,4,6,0,0.46024101216243674,1,0.4662446274990236,0,1
1869,0.7179858632700774,1,1.596899571951984,1,0.4792254017748229,4,3,0,0.43565193918311734,1,0.7603570166818692,1,1
518,-0.2710288362236881,0,1.5101873729152333,1,0.5193500736414507,2,1,1,0.5510843828990514,0,0.9343608167691769,0,1
1459,0.6462848681214748,1,1.5585091842740788,1,0.6895693697573453,4,4,1,0.48182420900254863,0,1.0579245149081786,0,0
2158,0.3477031831112586,1,1.5729799090136574,0,0.4223716922932732,1,6,1,0.37694943963538363,1,0.8110347805733411,1,1
129,0.22450658416787667,1,1.5169636081535995,1,0.2860500496141498,3,4,1,0.38395153373450414,1,0.8620506717919365,1,1
1981,1.141643705153637,1,1.5702080119517978,0,0.8281269071126074,2,1,0,0.44498998013972907,0,0.851603697720895,0,1
2032,0.8366672048648416,1,1.4183258560528558,1,0.5665151331891256,3,5,1,0.5395103907001124,0,0.9649128130314384,1,0
438,0.364361353844739,1,1.4410492933244154,1,1.5978372619958383,4,5,0,0.4344843731775863,1,0.9462704707834199,0,0
2180,0.6935387723012396,1,1.564495107207121,1,0.21367171999066747,4,5,0,0.3801932719639177,1,1.137770385777474,0,0
1008,-0.1756680923638524,1,1.4910743632310637,0,0.45619867341819165,1,2,1,0.7710640668962665,1,0.9102372162412165,0,0
2063,0.07695654608707297,0,1.5449329929678526,0,0.44022369592984756,3,4,1,0.47180751330649134,0,1.1068681124877666,1,0
1626,0.6465664773277007,0,1.6624033598811268,0,0.3283473538205235,2,4,1,0.5687087941758342,1,0.7385697902284305,0,1
1953,0.34083051014401533,1,1.4884973218785658,0,1.0623940582341387,1,2,0,0.42331574002699873,1,0.8056324942929055,1,1
70,0.464701873227788,1,1.54726103483469,1,0.8931867558726501,2,4,1,0.3545439884230478,1,0.7698172541564134,1,0
1673,1.2539230741695546,0,1.6279581367469962,1,0.023164223894633185,1,1,1,0.5728402979973394,0,1.1913446617920984,1,1
808,0.5704059802970826,1,1.5996673191715747,1,1.3834673309129568,1,1,0,0.359606409236139,0,1.1071941243629446,0,1
695,-0.23092781613951152,1,1.6882001186401017,1,0.8917826494402147,3,2,0,0.5698587386133194,0,0.7031801324660347,1,1
2024,0.3094550388398314,0,1.4409699648652416,1,1.1060187739954954,2,5,0,0.4357089063640704,1,1.1609310754976565,0,1
2275,0.28423599349842565,1,1.5863007606261974,0,0.47602073502179,3,4,0,0.5068166122533979,1,0.9287506165716394,0,0
2101,-0.40966450790688513,0,1.5545405318593695,1,0.5129063723560829,2,3,0,0.4246426886890701,1,0.9713681840113401,1,1
501,0.9382441797153466,0,1.4307939289106606,1,1.613663187258192,3,4,0,0.5134758766518194,0,1.1740851875051006,1,0
20,-0.07876658972259498,1,1.6299871857221087,0,0.28860723813999534,1,5,1,0.37469571559631754,0,0.8949811554294361,1,0
23,0.871278803370702,1,1.6206510502430571,1,0.7482727536693154,2,6,0,0.47060581388824896,0,0.7970719019539039,1,0
224,-0.21983000611104164,0,1.479813523204154,0,0.6460236395894862,3,3,0,0.4570543465732819,0,0.9337774356327367,0,0
808,0.41310499841969794,1,1.5372260098183521,1,0.3986053125195742,2,5,1,0.6339123805797877,1,0.9296967427465089,1,0
1953,0.21720562867541832,0,1.4402205311671594,1,1.2593647080566546,4,1,1,0.5531375099927454,1,0.700778627479897,1,0
969,0.5245113803718211,0,1.472333096143657,0,0.40335199722076265,1,5,0,0.6052618081293997,1,0.9409179809021297,1,1
168,0.2212674629231604,0,1.4453205072075948,1,0.4489075357714475,3,1,1,0.5169485026241482,1,0.8272957899328305,1,1
2190,1.6049262873088428,1,1.551958480465496,1,1.1511001107882504,4,1,1,0.4472011854910721,1,0.8234305392757642,0,0
132,0.9891651665137449,1,1.4737925700488401,1,1.4379281434408973,3,1,1,0.3890000095918861,1,1.1043787192936827,1,0
1153,0.4789472938421827,1,1.544016720572254,0,0.5501817464340203,1,2,0,0.4825912714185327,0,1.0380989105539602,0,1
772,0.07780021391318831,0,1.4505135443637796,0,0.26394166932829255,2,4,1,0.4117643699317505,0,0.5899880271606477,0,1
223,0.748239398091053,0,1.274193126122139,0,0.09206366041352976,3,6,1,0.5153444753841666,1,0.7837467325840644,0,1
648,0.5072538393323927,0,1.6635024316333988,0,0.19653717392109404,3,3,1,0.4510392576402912,0,1.140999134819185,1,0
1,-0.26817467197557365,1,1.4397024828753249,1,0.16319857185410136,2,6,1,0.4328650064140049,0,1.0160322091627605,0,0
580,1.1306427478069059,1,1.4696718908983497,0,0.19528075423495855,2,2,0,0.4954536213972614,0,1.019127449932988,1,0
1996,0.6385556737390514,1,1.406437282330984,0,0.6238746596263618,1,2,1,0.4360991954667253,0,0.6181489211394114,0,1
2129,0.7761885586264867,0,1.5350790025554981,0,0.5029907867342102,3,6,0,0.33716200556492804,1,0.7878234009274911,1,1
880,0.33403519883244936,0,1.5562036120638336,1,0.20039354980428442,2,1,1,0.67507399778415,1,0.8511080088410046,1,1
823,0.7245226305845602,0,1.5890833129860873,0,1.0207058849506727,3,5,0,0.4673722601741188,1,0.9896271863784586,1,1
850,0.6885716879556306,0,1.448888704949577,1,0.8339162889181686,4,4,0,0.3589573759838188,0,0.8911015561849541,1,0
1681,0.04236106479962176,0,1.4998942706915168,1,-0.028291643849416737,2,6,1,0.35565468578871806,0,1.1434964888843988,1,1
1846,0.19004546908319098,0,1.4176976644057318,0,0.8539139167256715,1,2,1,0.5190684727482354,0,1.1894752880725163,0,1
1574,0.4951835149005003,0,1.641065120972801,1,1.1186667120102114,3,3,0,0.5652086330561955,1,0.4371525286529655,0,0
1258,-0.056737742645538214,0,1.4592974556614782,0,0.9341537500034174,1,5,1,0.4342497323802132,1,0.8952842537291266,0,0
570,0.4763259136207232,1,1.505765969183999,1,0.0540193557426068,4,3,0,0.519136525755856,0,0.8770400756141423,0,1
1313,1.3338560638325618,0,1.4616730988122146,1,0.24763063790103534,3,4,1,0.48577573923386336,0,1.0287862162122354,0,1
1124,-0.22469044142836248,0,1.3974409804045014,1,0.41924552865419906,4,4,0,0.5499110145066229,1,1.0381094041209595,1,0
2140,0.9204922102968949,0,1.583877386840907,1,-0.1623765393157447,2,6,0,0.4568276089091332,0,0.7073711212460496,0,1
49,0.27841839631339865,0,1.4980548103800628,1,0.14798551321144088,4,5,1,0.4976344220919529,0,0.9203126256510336,1,1
515,0.3838310689165722,1,1.5914219062303552,0,0.9883489491589412,4,1,0,0.49451388235367233,0,0.5669824721254706,1,1
1438,0.03131300398579984,0,1.4096974277140566,0,0.1957673015867406,4,5,1,0.4404148309021095,0,0.9679687432675659,1,1
2008,0.8038259621104782,1,1.4382834509938232,1,0.8390469657047503,1,1,0,0.5702591028439751,0,1.2494059194488716,0,1
1797,-0.5413341057844399,1,1.3250389894088375,0,1.433192950328504,2,3,0,0.49907374575271196,0,0.4373981089889457,1,0
1605,1.173398001661666,0,1.505993845760409,0,0.41011128985066675,2,2,0,0.5660571051767861,0,1.0542961717853587,0,0
2201,0.5105462908355323,0,1.5299460211548521,1,0.6950376466163553,4,4,1,0.4415775445457552,0,0.8731095241691341,1,1
463,-0.020494695100206184,0,1.5818987800089008,1,0.22609527060340223,4,4,1,0.5145011302669062,1,1.0716648897412395,0,1
354,0.8533208095792949,1,1.5518254670077485,1,0.4930773940119856,1,1,1,0.5139554155706393,0,0.8662097768134147,1,0
1487,0.20727824017682034,0,1.5010217614912358,1,0.07406216295304191,4,1,0,0.4733444404656728,1,0.8964129106224613,1,0
1208,-0.1020623903889547,0,1.4054783353479905,1,-0.3561603608463122,4,1,0,0.416651781089879,0,0.7931596229132831,0,0
6,0.10030384528910075,0,1.5860387505541207,1,1.0274681330013755,3,6,1,0.48951085961406793,1,0.7270832618253211,0,0
1806,0.33076922418807875,1,1.4325893389806832,0,-0.23283814858588714,3,5,1,0.5361492188842369,1,1.343663040667683,0,1
2203,0.103729486061159,1,1.4561382545761887,0,1.5500524692905873,2,3,0,0.34155677860475797,0,1.074165618175593,1,0
641,0.5028845337992519,0,1.482439548232735,1,0.33595878297121895,3,6,1,0.3397021753047891,0,0.9221476184629906,1,1
547,0.7436160914214054,0,1.4938984302773533,1,0.9052344042152873,4,6,1,0.44989485856739153,0,1.110125558662923,1,0
1043,0.3155237707374975,1,1.4195958381595317,1,-0.09588789049981783,1,5,0,0.39537241679225216,0,1.0609575017092503,1,0
2317,0.07913487502012595,0,1.5119115636200577,1,0.008664282003226997,2,3,1,0.4238091243302361,0,1.0422303283569538,1,0
777,0.23348081061383597,0,1.4965356404318741,1,0.5425586099103341,4,2,0,0.47988556964466517,1,0.9685420614093547,0,1
549,1.1022546594433003,1,1.5616197125143034,0,0.5545647395560064,2,2,1,0.3841756523571729,0,0.7805290327234284,1,0
1172,0.6104200158472013,1,1.482987563804443,1,0.6821178095586566,3,3,0,0.5303203803228337,0,0.735002813383766,1,1
457,0.6685064631077289,0,1.474428590294332,0,-0.08323107483439107,2,3,0,0.47579750987394664,0,0.8082128796860752,1,0
773,0.7244273388442912,1,1.7016885729928986,1,1.1354326782512703,1,1,0,0.32898833650513337,0,1.0006246919312511,1,1
765,0.3951827364206847,1,1.602566196056949,1,0.3697805654494982,1,2,0,0.4067302356336793,1,0.7815263269138603,0,0
262,-0.12902608639668134,1,1.4469572588840605,0,0.42574519560516544,1,3,0,0.6172468128719715,1,1.0246340971091377,1,1
1227,0.19787267237683165,1,1.4579195535792797,1,-0.38674039328061605,3,4,1,0.4570799810287902,0,0.8781074290802028,0,1
1229,0.08310433947009516,0,1.5463080776652245,1,0.7785535269818168,3,6,0,0.39053101430611004,0,0.9029495847279209,1,1
14,0.95957965772023,1,1.5403323394052524,0,0.03802219118507044,2,2,0,0.42985617619621486,1,0.9679530040744325,1,0
819,0.8587528917457118,1,1.3601655351697495,1,0.013509296423099337,3,6,0,0.4449056941969554,0,0.8309103209404213,1,0
2307,0.08464479875228725,1,1.548416710818186,0,0.7108347065719531,3,1,0,0.43630372396923284,0,0.8407114673291557,1,1
1413,0.357326879171313,1,1.4849694690884139,1,0.8703188870765615,1,1,1,0.44769142411954316,0,0.6995744149383183,0,0
36,-0.004032081463191228,1,1.555347329287192,0,0.2230384798384939,2,4,0,0.5114776360478489,1,0.9279555794908118,1,0
1114,1.635854852948006,1,1.5738604115398078,1,0.06091171060665035,4,5,1,0.36989512429677107,1,1.1786031481860786,0,1
681,0.013586572779689943,0,1.4519419479672222,1,0.3414673375240074,2,3,1,0.42879160967590535,1,0.573891448036897,0,1
394,1.173643136935849,0,1.5495951012537061,0,0.6924385429368085,2,6,1,0.5567629430580643,0,0.9893940243312322,1,1
633,0.9371047194904116,1,1.5392331223301403,1,0.4043120642479531,1,3,0,0.42460259993037053,1,1.2778245114970703,1,0
2209,-0.06701891968537077,0,1.4084969752320071,1,0.649680076689852,2,6,0,0.5058916503580613,1,1.0592229034173506,1,0
292,0.3146405666916765,1,1.4420906201983659,1,0.2368162803839493,1,4,1,0.5449929313763281,0,1.0082744673484578,0,1
1971,0.9647744856009044,1,1.5045875738651135,0,-0.25154195750457364,3,3,0,0.48514867085218355,0,0.8328846487498284,1,0
2232,0.04767643378666653,1,1.473804326004027,1,1.1089952845354332,2,4,1,0.521378342681166,0,1.08865229683746,0,0
1048,0.4221949078869893,0,1.552358665399275,0,0.687190536593492,3,2,0,0.6159675026463525,1,0.9597766148955794,0,1
1974,-0.09500880839484749,1,1.6021146709812486,1,0.60131139999744,4,1,1,0.5682319712655793,0,1.1481224171981184,1,1
962,0.6280175331762492,0,1.5634359371773119,1,0.25359198031955466,1,1,0,0.563370680948138,0,0.9968777536897315,1,1
1904,0.2291567803108629,0,1.5102245597267614,1,0.7402963721934301,4,3,0,0.37341065226689196,1,0.6510671806837793,1,0
1770,0.20168462794752834,1,1.4380744270964336,1,-0.028779287542321064,1,3,0,0.3583461823868209,0,0.8434827151632635,1,0
1387,0.7817924419023046,0,1.6550061599092927,1,0.37523994116782594,1,2,0,0.4675697977062583,0,0.6794052247534325,1,0
1112,-0.2327469404092256,1,1.6734287197807514,1,0.2067842449491637,2,6,1,0.5066127800173519,1,0.9309880014321376,0,1
954,0.017139214320990137,0,1.6220456790367368,1,0.45037443373060115,1,5,0,0.4970081416681392,0,0.7927094762219868,1,1
1156,0.7045581633655127,0,1.556688233691096,0,0.8971169457792203,4,5,0,0.5388537343832642,1,1.1290993407857184,0,1
2074,0.3066994178229344,1,1.4965083325105266,1,-0.4578951976008152,2,4,1,0.4242032503983236,1,1.2847267913523088,0,1
689,0.34683154443661124,1,1.4955606527220742,0,0.2817242962368296,1,6,0,0.6130387842542835,0,0.9182159828715571,1,1
1074,0.41064003117812925,1,1.4546509204657745,1,-0.08664013444082297,4,1,0,0.5649027576603369,0,1.0325868845689237,1,0
748,0.9103244970945115,1,1.494101946716599,0,-0.7744687732567288,4,6,0,0.4526731490642605,1,0.852657136699368,1,1
2013,0.6352620752893591,0,1.5314016494346498,0,0.19024921980747211,4,5,1,0.44429528205533303,0,0.7769702370215058,1,0
724,0.892151179899323,0,1.3779092143590717,0,-0.07033993051133325,1,4,0,0.40054450087896754,1,0.9169775771530712,1,0
1255,0.44140401213383323,0,1.5860957044558857,0,1.1276822184286606,2,6,0,0.4838071541980781,0,0.9974598132525464,0,0
72,-0.1845539028611619,1,1.597100162944687,1,0.4030835704572441,1,2,1,0.40082732411225014,1,1.0111825303352582,1,1
1636,0.5733672231252441,1,1.6180456979837117,1,1.0889209874220704,3,4,1,0.42307744458662017,1,0.669773132695691,0,1
1761,0.32410094684683766,0,1.7103900480616263,0,0.5638978315950913,3,3,1,0.40639966667425853,1,1.065220144401827,0,1
1589,0.3384380138507126,1,1.4277774156156882,0,1.0111179394278444,3,5,1,0.5063159802570606,1,0.7689022683490631,0,1
739,0.4829063729513142,0,1.304927498742836,0,0.5748036903811394,2,6,0,0.44203634651133816,1,0.7288521203632126,0,0
1601,0.4985441558505836,1,1.4314898362328345,1,0.1615365941479069,3,6,0,0.3053282914321568,1,0.6525469410246555,1,1
2295,0.4393378923167698,1,1.4966260344258588,0,0.9369312387410844,2,4,0,0.49906480555488997,0,0.802209516315245,0,1
465,0.7417111710483291,1,1.502715002425066,0,0.7410823316686113,2,5,0,0.454648900057343,0,1.02669811423508,1,0
144,0.42065328667421237,1,1.5539646457963228,1,-0.23015357060995256,1,5,0,0.48787476308717737,1,1.0578587776377828,0,0
1728,0.49151802083485535,1,1.4233339330661836,1,-0.0842617245583398,1,6,0,0.5781827503712845,1,0.7291925441711137,1,1
1630,0.527582491655574,1,1.4132591357789734,1,0.8084944240855175,3,5,1,0.27219319928670493,0,1.304264007560513,0,1
244,-0.6100467436694297,0,1.529442384752972,1,0.06266019823795516,3,1,1,0.582974607468227,1,0.73726451841765,0,0
1264,1.3379350592437234,0,1.3739509608876705,1,0.7293681645700018,1,3,0,0.45991382364227007,0,1.0925721395250898,1,0
2140,0.21946234628140898,1,1.385748487369369,1,0.2940228550449114,4,6,1,0.5456843452641739,1,1.2545067744564107,1,0
2374,0.9661968235585445,1,1.551190199236592,0,0.30110793801493363,1,2,1,0.4160756916238986,1,1.3047284538307147,1,1
1996,0.6531646266710599,1,1.5477518432232231,1,0.9202085326649978,2,3,1,0.6213981040736976,0,0.9646998760814836,1,0
1293,0.6171702464084307,0,1.3679341762011088,0,-0.1314155143646495,4,4,1,0.4129577975834961,1,1.0666914553622815,0,0
80,0.4811166750900547,1,1.432490296776503,1,0.8259452737005202,3,3,1,0.5272082338607982,0,1.1674314901348717,0,1
1002,1.0647724460379888,0,1.6742819754130194,0,0.5698996357430482,1,6,0,0.4583535317532256,1,0.7937204498555898,0,1
1146,0.23587023872148843,1,1.3844399382475159,0,0.6759266697475712,2,1,1,0.47320395475520216,0,0.9158324480707111,0,0
1545,1.628081736764916,0,1.5347434081364018,1,0.13831896026887575,4,1,1,0.4563694656782991,0,0.7464861659230949,1,0
640,1.0230078242224219,0,1.4728363727345748,1,-0.38329521718750015,1,5,0,0.3991660188588699,0,1.1969281056330696,0,0
2259,0.24878743130013697,1,1.5790399565844357,1,0.022332916855147655,2,4,0,0.3443613413339379,0,0.9893083749651598,0,0
1900,0.7686379494182063,1,1.3971726257230481,0,0.44495682277381327,2,6,1,0.5657842272725379,1,1.0435319786323978,1,1
982,0.2038439169991787,1,1.4128848697644991,0,0.1065109700484147,4,3,1,0.5832130449847153,1,0.9773724193438085,1,0
1337,0.34049870178238106,1,1.491192782179482,1,-0.18607024954953877,4,2,1,0.5203980528764252,1,1.3610485502203855,1,1
2061,0.3442275431639511,1,1.4815089735402107,1,0.8154911421667745,4,4,1,0.4252991480521455,0,1.3073380616271446,1,0
1427,0.9066369788156656,1,1.6215270856296693,1,0.49095204837979656,4,4,0,0.558342824721304,1,0.9211020497788354,1,1
299,0.37586323880946465,0,1.5212119378487257,0,0.8356415926243634,4,3,1,0.3929590267504897,0,0.7728747154117738,0,0
2135,0.19840487729844652,0,1.5762919848298345,1,1.0675703619806014,1,1,1,0.6055059692634246,0,0.9229946190574811,1,1
2041,0.7597387884504737,1,1.409542998162422,0,-0.16494589024159312,2,6,0,0.4227812790959919,1,1.0002118584874327,1,1
2285,0.2624417204804983,1,1.4472617833103356,1,0.6680793453840509,1,4,1,0.3701990489053737,0,0.9493712287238345,0,1
1910,0.46529090303024323,1,1.5226204825774672,1,0.31767791637522313,3,5,1,0.574623101408037,0,0.7664555989651836,0,0
533,1.5806021323294355,0,1.6120238187519256,1,0.629330687640731,2,1,1,0.5194861026734372,0,1.1055927382450754,1,0
2062,0.4324621107819864,0,1.525825699682414,1,0.5360311517590618,2,1,0,0.5221246184684304,0,1.2721527306228497,1,1
308,-0.48342936134785497,0,1.5420555275085763,1,0.5891293965158375,4,6,1,0.49599086862487746,1,1.0035675895789857,0,0
1846,-0.011062501637075783,0,1.552166742128895,0,0.017298554832436974,1,1,1,0.4276760397710889,1,1.2896792152606555,0,0
102,0.7380934788592594,0,1.6495935633065741,1,-0.5986639590120872,1,4,1,0.5117271730925508,1,0.823454251678527,0,1
1811,0.21334151493294246,1,1.4701498971780043,0,0.9695973308422949,4,1,1,0.35812520795518693,1,0.7623221655224423,1,0
393,-0.008086682989872918,1,1.5130072364649882,1,-0.12759913788303057,3,1,0,0.5858387687596148,0,0.6892752212223676,1,0
1935,0.5265886005734377,0,1.4643366857125466,1,-0.18719087297961368,4,1,1,0.37241129066950474,0,1.0516776102382008,1,0
582,1.1351994610327876,1,1.5995266406220796,1,0.8935856211356782,2,5,0,0.5791644194447789,1,0.9812683100343517,0,0
41,1.1296083331280786,0,1.5570205699351571,0,0.4709182004006709,1,1,0,0.47501758553287915,1,0.8746057250545793,0,1
2167,0.2413748758687827,0,1.3720961990559848,1,0.8883747573249621,1,1,1,0.45743966921648266,0,1.3863432298612675,1,0
1898,-0.30191597632689515,1,1.376445070659316,1,0.774289345675742,4,4,1,0.5049477370384965,0,0.8308310751998482,1,1
1058,0.37251231936282153,0,1.512282409723176,0,-0.044471194034194195,4,6,1,0.48687593096496284,0,0.9841854503778967,1,1
630,0.8881835015192399,0,1.4353845311956483,0,0.8725748601247066,2,2,1,0.3409898660726607,1,1.1103207821737922,0,0
1131,0.5695871631768329,1,1.530280150330502,1,1.2200886694497712,4,5,1,0.4268866758355234,0,1.1959848390420054,1,0
1274,-0.049889769903306735,1,1.4919068294658306,0,0.8656765212294495,3,3,1,0.41435081622795283,0,0.7313210119001023,1,0
47,-0.2986658434036221,0,1.4841296782224613,0,0.808966762659639,1,1,1,0.3993929441669025,0,1.203762427100352,1,0
1969,-0.047740103251012966,0,1.4424746323804298,0,0.44281711704389365,4,4,1,0.42317569559211793,0,0.9679532449330692,1,1
1497,0.6363718445626513,0,1.3682702089393408,0,0.5748437376574294,2,2,0,0.5416969278396145,0,1.2634118957781508,1,1
463,0.21623792737340897,1,1.4227926073521466,1,0.7015448598703753,1,3,1,0.5376157047778771,1,0.8531914747631795,0,1
1028,1.3100478812615899,1,1.6541602559111037,0,0.39002995754892855,1,1,1,0.4527547900992753,1,1.1660788648953195,0,0
1809,-0.19146307836332765,0,1.5176870980499593,1,-0.013259284756421352,4,5,0,0.35057055891277833,0,1.2285152493366176,0,1
2338,0.4319530929667448,0,1.6358374486775682,0,-0.3316275560570884,4,4,1,0.4678874859883351,1,0.8595767285773731,1,0
2089,0.6063330949987592,1,1.5213107952997575,0,0.9123555470516956,3,1,0,0.4123980782993891,0,0.9044352746135655,1,0
1035,1.2640347619393857,1,1.4990601713152278,1,1.0700389959613887,4,6,0,0.6090725228479076,1,0.9152903224410344,0,0
1962,1.0748727538054104,1,1.4259861138787706,0,0.7291541697800047,3,4,0,0.5398250348198809,1,0.8626536494711234,0,0
207,0.4332801154238829,1,1.4743102047730032,0,0.3831378915816295,4,2,1,0.3196546460111296,1,0.7014987713335943,1,1
363,0.35785308865262533,1,1.625913710715308,1,1.245836640042862,1,3,1,0.49902761039440097,0,0.8577380698553896,0,0
1827,0.6782187497024095,1,1.391042609624573,1,0.5759851371588317,4,4,0,0.4716740042213557,0,1.1968809043405215,0,0
818,1.204073749380906,1,1.457570475384881,0,0.07249388114540561,3,4,1,0.4953007385824731,0,0.8015620387160521,0,0
4,0.7986668738771069,0,1.3732761111679619,0,0.2982666136400276,1,4,0,0.49201580524724403,1,0.9853278062080637,1,1
84,0.5916341424219833,1,1.43180853386403,1,0.39357458284142766,2,1,1,0.48364506972675914,0,1.0598272963816218,0,1
811,1.3741932551122713,1,1.5565018672346211,0,0.15004460460305175,4,3,0,0.4523113863794084,0,0.8963720924130979,0,0
619,0.6244860754511885,0,1.481076368157562,1,1.7897776064948983,2,6,0,0.5140519664936006,0,0.9513212216621728,1,0
1224,0.675356691800695,1,1.574425815507467,1,0.4092774609590656,2,2,0,0.46435685726622916,0,1.3621385719252022,0,1
1990,1.1039844861114876,0,1.472170341637107,1,1.4031251172143193,1,6,0,0.5242495027912468,0,0.9864411048860207,1,0
2217,1.0232195606417611,1,1.4636388677388255,0,-0.09910349867810209,1,2,0,0.4039546696617613,0,0.6318129092314677,0,0
1723,-0.22712031135808697,1,1.552625133049817,0,0.27079400458368874,2,2,1,0.36257521487083405,1,1.0683578148876023,0,0
2301,0.49426487775079453,1,1.6120385660983227,0,0.07248912069825081,3,5,1,0.4497930200245614,0,0.7831160130251964,0,1
788,0.7391362708097262,0,1.459999674981552,0,0.19655180775695574,1,1,1,0.48444681170246096,0,0.7158375670125733,1,0
790,0.33680117810229815,1,1.607319792611776,1,0.6441231868357346,1,4,1,0.4220818784003257,0,0.917069850327916,0,0
137,0.11139710174820566,0,1.5418172430009538,0,1.2187438875217476,4,6,0,0.4384932449978317,0,1.1685783759234354,0,0
914,0.7542825498709218,0,1.4954617673631196,0,0.7719634223362977,1,4,0,0.5175996578078151,0,0.9463745143327292,1,1
862,0.24340945448365153,1,1.6347860440471864,1,0.8046859540667777,2,4,1,0.48483550249795626,1,1.1599308771040928,0,0
1118,0.3438236286231226,0,1.7116266683678714,1,0.8065319656479779,2,1,1,0.6029678017348649,1,0.9903141442842014,1,1
954,0.19651976684392408,1,1.5237764553253395,0,0.40196097677130405,1,5,1,0.5485951305874159,0,1.0465111255730963,0,0
239,0.473398106107714,0,1.2481470513055895,0,1.949665228141461,3,2,1,0.3472949325164666,1,0.9025804481196207,1,1
1753,0.3447555320315485,1,1.345778626065318,0,-0.3290886875262754,1,3,1,0.3943178650357548,1,0.9039229953493946,1,1
35,0.5383383578342265,1,1.3869926977536862,0,0.3406619944170347,1,6,0,0.5143016883084484,0,0.6791687755400067,0,1
2082,1.0490950395684893,1,1.4589018561776042,1,0.6261117254369696,2,2,0,0.4976410620518388,0,0.7981741032492329,1,1
1226,0.25759834134094184,0,1.5894450266978468,1,0.4585662206309338,3,1,0,0.5336297987708309,1,0.5561302064835973,1,1
866,0.13877806830847095,0,1.73385545471434,1,1.2085130176406607,1,2,1,0.384029590170961,0,0.7786982351606725,1,0
679,0.4070641045850715,0,1.4865821069387823,1,0.0357269159722054,2,2,0,0.49108966421633354,1,0.9498215137058585,1,1
1437,1.0458758777368242,0,1.5606343594210679,1,0.9736160467848143,4,2,1,0.43606996210423316,1,1.1465332171546347,1,0
525,1.2546066793788673,0,1.4309284670413136,1,-0.061230711014672146,3,1,1,0.45320681772792765,1,0.6116768468795162,0,0
1137,0.06206823987084631,1,1.554741660401836,0,0.7767979315673652,3,1,1,0.4663747126474499,1,0.8510119270015539,0,0
1722,0.308806417608161,1,1.514670456940593,0,0.5748361781976139,1,4,0,0.4686113238072915,0,1.0264862970328212,0,1
1678,0.29006908422978883,0,1.4002938160285405,0,0.8191404994679743,3,3,0,0.4678347665809145,0,0.9299771286766669,1,1
1679,1.5138416701164588,1,1.5017556088993025,0,0.7518753716052595,2,6,0,0.48996015760775513,0,1.0281990696182628,0,0
1511,0.7179691382139656,1,1.3959335729693876,1,0.3117229911292615,3,6,1,0.5473514425009334,0,1.3500887875487262,0,1
1113,0.19449226418278615,1,1.331077919338643,0,-0.4026241667316989,1,1,1,0.5081346732577234,0,0.7749912124315594,1,1
759,0.009236835409660138,0,1.408440467863465,1,0.29434546205429196,3,6,0,0.5272854876250793,0,1.1348943612543267,1,0
1073,1.033162123495892,1,1.6061605659308218,1,1.3161571106166816,2,1,0,0.4686811825392116,1,1.0016504493285994,1,1
1672,0.2213602615195644,0,1.459703213098396,0,0.7027118456782866,1,2,1,0.5933865255673646,0,1.1385742684015,1,1
459,1.2215074135967745,0,1.3913831210337781,1,0.20730001577147877,3,2,0,0.6058596203472433,1,1.0838409161810907,1,0
1918,0.10335305264647338,1,1.6426433712934485,1,1.0421728102338101,1,3,1,0.5194621303182936,0,0.9727128069777414,0,1
6,1.1404026624937083,1,1.7189864739429344,1,0.317699353838766,1,6,0,0.48535347740754164,1,0.8696251069571606,0,1
697,-0.5304621693809544,1,1.5384356328588746,1,0.533329958980491,3,1,1,0.49835728976398824,1,1.0136808542446365,1,1
2232,0.1063690054499461,1,1.4893911430798934,0,-0.2737529840307178,3,5,1,0.36553258868617033,0,0.7521362488538377,0,1
203,0.5637497335534972,0,1.4468833723451038,0,-0.10642613767147802,3,1,0,0.4081525836869283,1,1.131918367216082,1,1
1545,-0.709604334871671,0,1.4913162163009819,1,0.9570714661641503,2,1,1,0.3900039243331997,0,1.188325753412804,0,1
1030,0.5504426288298885,1,1.636419087951056,1,0.4934530156957765,1,1,0,0.31754610812642664,1,1.145415678212547,0,1
1151,0.9665371115021382,0,1.4541009377673948,1,0.6429126571358624,2,1,1,0.4758211513412744,1,0.82159871792178,0,1
464,0.6923897603076111,1,1.5745572895262525,0,0.024554846945326836,3,2,0,0.5306774369589627,1,0.8450625170573604,1,0
296,0.799444085483703,1,1.4510888485936073,1,0.4210186945320118,1,5,0,0.5066994995809,1,0.9105849256356673,1,1
2043,0.6350190423092659,0,1.3600249697031466,0,0.32593738036948905,2,6,0,0.6523749545694434,0,1.062396625944601,1,1
933,0.38141554489485335,0,1.6037576076256026,0,0.27022797459730596,4,4,0,0.49112577264576923,0,0.9669181916147974,0,1
1404,0.6419707891567537,1,1.6398723971670235,1,0.9335261940666217,1,4,1,0.5177574977765105,0,0.7026427279467613,0,1
794,0.24366119698442879,0,1.5194675363458248,1,0.6152152551261054,4,5,0,0.41270987790957786,1,0.7399622734267534,0,1
13,0.15557257924642598,1,1.4562691161742916,0,-0.1726089614547558,3,3,0,0.45041956041421566,1,0.8711162233359789,0,0
1592,0.26367174692982276,1,1.450526591723735,0,0.5595379947822223,3,1,1,0.6028394489457995,1,0.9286685101316554,1,0
1067,0.3738636082367762,1,1.5951302916216636,0,0.7660822374288139,1,3,1,0.4667542992637569,1,0.9348943669995811,0,1
1092,1.0107441804434165,0,1.5963360111218399,1,-0.8256101833682399,2,4,1,0.45980760551229694,1,1.1519109533857281,0,0
1959,0.22012149221954358,0,1.4940849338750326,1,1.4454535816311456,4,5,0,0.4963681408793501,1,1.0008027297943358,1,1
1903,0.7093297500559074,1,1.4986405599036765,1,0.28722533219070356,2,3,0,0.4919656065669588,1,0.7644660455845491,1,0
2254,0.7276176148655134,0,1.3779266889741992,1,0.19944329296653257,2,3,1,0.44961642805430857,0,1.0404224926538983,0,0
2141,0.7071384060295033,1,1.392776507644144,1,1.163588449699275,2,5,1,0.4967137953850595,1,0.7044009952845414,1,1
1672,0.590532158908994,1,1.400616599384304,1,0.6904060769872864,4,2,0,0.34850963038067595,0,0.8992491802763324,0,1
2027,1.1270052988641723,0,1.3681457261071857,1,0.4653933883283828,2,6,1,0.34988803006393443,1,0.8016134579464436,1,0
580,0.49123723654218604,0,1.378808819599238,0,0.5202719160485415,4,1,0,0.5798849202502282,0,1.1455428423222158,0,1
2070,0.2391453409967617,0,1.755788823176421,1,0.9110884787072991,4,2,1,0.6516186044335284,0,0.8877924112593788,0,1
1957,0.29883915719289456,0,1.5042076365938783,0,-0.8450977115831027,4,6,1,0.7069365515281377,1,1.232718935085946,1,0
2042,0.20170378686971846,0,1.490704874775921,1,0.3717519395659236,3,3,1,0.4059052358943472,1,1.1206760813572567,0,1
917,0.9829080437608,0,1.6371180409127284,1,0.7465859926107418,2,5,0,0.6043537620079233,0,1.2223898898253713,0,1
2014,0.09073871237531222,0,1.557370814431753,1,0.6988440258156741,4,1,0,0.4412229180770084,1,1.207274522100993,0,0
2138,0.22238173224733515,0,1.5880798854184643,1,0.9550985395304811,3,3,1,0.4165320494492914,0,1.0288767666517873,0,1
2242,0.40372573912742615,0,1.4148822426586518,1,1.2131692387157833,1,3,0,0.5136699300748406,0,1.1157765823933428,0,1
2370,0.8112545534098963,1,1.6406654519947388,1,-0.7362065178339781,4,4,1,0.5095248912073405,1,0.829444790637046,1,0
187,0.7315441334863866,1,1.6431345785657108,0,0.19016774536334258,4,1,0,0.49357516259658263,0,1.0265353364460832,1,0
389,1.0339480347297365,0,1.5287520423656535,0,0.9664640468844796,2,2,0,0.43499730159521943,0,0.8991006844886062,1,1
1208,0.699386417879493,1,1.5544686293857732,0,0.6315287740453891,1,1,0,0.3443364143819504,1,0.6289149380519121,1,0
2158,0.515974362331714,1,1.5422542435772642,0,0.7003179313303467,4,5,1,0.3872983197326467,0,1.1186029912947246,0,1
1595,0.7307061873513898,0,1.7705179340688124,1,0.8106733935193002,3,6,0,0.4377722890343322,0,1.07277948219139,0,1
2232,0.8994760626478204,0,1.5145634939205066,0,-0.31346340944254913,4,6,0,0.5780566949819834,1,0.8695848002770175,0,0
2003,-0.11374065908363296,1,1.376241064302215,1,-0.577415177728845,2,6,0,0.4361734067232579,0,0.8306608347073337,0,0
242,-0.17042639274552096,0,1.4137777193381285,0,1.070876460492601,4,2,0,0.4443611071256213,1,0.8933234335258613,0,1
177,0.2648875339434867,1,1.423024510932369,1,0.9477016903318451,4,6,1,0.4261178158470885,1,0.8561337601043414,1,0
1635,0.5630770086625891,0,1.5156345476849402,1,0.7303012060058139,4,3,1,0.5630268326896891,0,0.9514880583625331,1,1
891,0.5235583674029428,0,1.6508705459609176,1,0.7949311576637068,3,1,1,0.36057310750472726,1,1.0960031125150738,1,0
1371,1.1130037159813857,0,1.508798996484698,1,-0.25409661689895435,3,6,0,0.4193228870313468,0,1.3133131617605005,0,0
1865,-0.00853239830017316,1,1.3938395265242012,1,1.0006326604903206,3,5,1,0.3831251987294391,0,0.9891525794945705,1,0
627,-0.8510538773542264,0,1.4997772739308364,1,0.4376527652304556,4,3,0,0.4638263538669035,1,0.920633531349513,1,0
1325,0.7974094134520511,0,1.5178606541267072,0,0.3699347744130672,4,1,1,0.5583957069011736,1,1.0770576460355414,1,1
2102,0.08192317659770576,0,1.4597676935275488,0,1.0219630665591872,3,4,1,0.3757477501682939,1,1.1175825779714879,0,0
361,0.06173992842897136,0,1.6713219609648364,0,0.9651538132897556,1,3,0,0.5275078258110006,0,0.9253542899989156,1,1
178,0.13332422521078408,1,1.5223097996067019,0,0.8190603322878424,1,4,0,0.48175127496643594,0,1.073734648391063,1,1
369,0.5390199288947348,1,1.337773078705352,0,0.6670888123929103,2,4,0,0.3090995925828486,0,1.03659680225567,1,1
371,0.5589121659837936,1,1.6059509169725674,1,0.2914880105847085,1,6,1,0.7260721826975258,0,0.9520291688707907,0,1
1318,0.47409910681327105,0,1.541737083862299,0,-0.7187575506992654,4,6,0,0.5104061818377641,1,0.9986380117943283,1,0
1219,0.5602563056566696,0,1.3800730539430055,1,1.5303284229166838,1,5,0,0.32067023285737417,1,1.07997317611231,1,0
1800,0.594411935203384,1,1.4873385478724013,1,-0.5651861681600467,2,4,0,0.42435303596059926,1,1.1170450692720322,0,0
410,0.6877883352931116,1,1.4034162849617275,0,0.9982844779848516,3,2,1,0.5074424969390733,0,0.7288986811368444,1,0
956,0.45544003596907867,1,1.4826032708876682,1,0.45742787990679257,2,4,0,0.46910171274040424,0,0.922423647340357,1,0
823,0.3538199997866266,0,1.6283410989571891,0,0.8956533346381691,4,4,1,0.4982167081435973,1,1.246577505265314,0,1
1877,0.289941937934338,0,1.4482972989865954,1,-0.35702254189063787,1,5,0,0.31715619452232924,1,1.1884241293851567,1,1
1326,0.6660899515177741,0,1.5399268555496626,1,-0.35120162233791585,4,5,0,0.3959040392645169,1,1.0226118052323625,0,1
459,0.16962281523653638,0,1.534900086277119,0,0.319561403026558,2,2,1,0.45895133469870386,1,1.0218954138533147,0,1
1324,0.8203757225604108,1,1.5247227216985266,0,0.06275429993628123,3,2,0,0.5424374378196652,1,0.8522090791480162,1,1
1069,0.3452760735934399,1,1.2063243283935206,1,0.9185025809064238,2,1,1,0.4908330733580852,0,1.0979010503919904,1,0
2128,0.01615105992597593,1,1.4253452280030103,0,0.7248691765987023,4,1,1,0.5860169152694777,1,1.1327984678537257,0,0
1837,0.12728688514797887,0,1.5614497520902215,1,0.4324514615471098,2,5,0,0.5785300557730337,0,0.9263334822336963,0,1
333,1.0661869870302838,1,1.4557854825934344,1,0.4751216405264816,3,6,0,0.49075974418034957,1,0.8991549599965052,0,0
530,0.32623381667314055,0,1.4211581568829625,0,1.6034169263935285,1,6,1,0.5463239729104394,1,0.9153923551444852,1,0
1028,0.9374585624896715,1,1.3029783788237794,1,0.1290045763035022,3,2,0,0.38766467614429273,1,0.9189060045631436,1,0
483,0.5351794613255219,0,1.4680369324804614,0,-0.36208923918558333,2,3,0,0.5132224521545833,0,0.7610807736269412,0,1
513,0.3805896318320917,0,1.3968282675988821,0,0.1782068762220846,2,1,0,0.44477605117330915,0,1.1601821266780596,1,0
1117,0.7436905257869223,0,1.5409289185250132,0,0.6870024894775391,3,2,1,0.5581056898210325,0,0.9465410198480633,1,0
2107,0.3935493138132774,0,1.6898038565373412,0,0.2255143180493659,2,4,0,0.43015422697516253,1,0.8255329799697351,1,1
2008,0.5224027920128492,1,1.2736069334860536,0,0.4158739457180979,4,3,0,0.4670822950799295,1,1.2663031037430095,1,0
1343,1.2548771130634622,0,1.3425707308758985,1,0.04720628302263025,3,3,0,0.44434983643615555,0,1.1754877237356702,0,0
397,0.6453560968769492,1,1.5144072197847258,0,0.7212527098935279,4,5,1,0.4278869579287276,0,0.9176438360180803,0,1
2112,0.024722406231908578,0,1.5434243306142699,0,0.5397312383713334,4,4,0,0.49136201864744794,0,1.0721094244401137,0,1
1131,0.9712370384959983,1,1.315505194370218,1,-0.30328616505687556,1,1,0,0.47813963918218855,0,0.951001782044634,1,0
188,1.1195700928812924,1,1.6065791461980086,1,-0.41765652858401725,4,2,0,0.3689572945865706,0,1.0843528513856335,1,1
87,0.23133419128289062,0,1.5985879447565785,1,0.4710629234587682,2,2,0,0.5621892230288882,1,1.0457369217748875,0,0
2042,0.627740734335525,0,1.4805284303663202,1,0.4274997429880562,2,2,0,0.4925993810375576,0,0.8723182741711281,1,0
2364,0.6147227994172282,1,1.4534395889711305,1,0.2404570189057838,4,5,1,0.43206095972866465,1,0.8017340362818968,1,1
1430,0.650537817206348,0,1.6311782193362119,0,0.5446693842122445,2,1,0,0.4528357612968581,1,1.0172348921630137,0,0
1031,0.29468418614986724,1,1.4675524669959312,1,-0.3281488352688481,4,4,0,0.5088393463566879,0,0.9579272887945999,0,0
1810,0.18517102665622198,0,1.4475955803168012,0,1.051725037314761,2,6,1,0.5737294291462626,0,0.9542960117395003,0,0
987,0.9126121085063603,0,1.2985444874586105,1,1.9110549269481654,3,5,1,0.42799057015478925,1,0.9154649799993444,1,1
1447,1.0015188238058197,0,1.3773670729423781,1,0.14755432153815196,2,5,0,0.5407979529728983,0,0.7053123830224328,0,1
975,0.8560424066730942,0,1.5579358873076854,1,0.6844159988354739,3,5,0,0.4975907680242575,1,1.0433708508232369,0,1
2222,1.0643526353963635,1,1.5144336776495098,0,0.622307246384927,1,2,0,0.4042336102857298,1,1.0442633444193539,0,1
167,0.3439611037662568,0,1.4019097605828421,0,0.1287677909239367,4,5,1,0.48014697813061447,1,0.914630987691713,0,1
1724,0.5836222947811492,1,1.4222920873648275,1,-0.021938735670136822,2,6,1,0.5636421427624883,0,0.8904755437822954,0,0
1432,1.1406066531436463,0,1.392973656852823,0,0.6129983992971846,3,5,1,0.5297622132204192,1,1.191707163755134,1,0
2363,0.6308239791330723,1,1.6507329988343358,1,-0.05036473859217483,1,3,0,0.46425035048711955,0,0.8937938013351092,0,0
616,0.8487877202409486,1,1.7160451001589385,1,0.3027715017342828,3,1,0,0.32855786341033794,0,0.8336336100359765,1,1
2278,1.4652507149760556,1,1.487345190524629,0,-0.06874293610672322,4,1,0,0.5951860019743018,1,0.8599604030521671,0,0
486,1.0436810082652892,1,1.451732035317697,1,1.7170965352592482,1,3,1,0.663763841907701,0,0.7479865215431226,1,1
661,0.34400959445823853,1,1.6742712311589518,0,-0.11388243153051059,3,5,1,0.5185759680051886,0,0.6755342133542583,1,0
1743,0.05722107886764466,1,1.5291417854226905,0,0.24463288071529232,4,2,1,0.38127181569484325,0,0.8056889939950349,0,0
454,0.8743164893660268,1,1.6121136244085934,1,0.17874230439018107,2,4,0,0.5234137966203032,0,0.9477472836074676,1,1
935,0.8052588841138069,0,1.4887244707351694,1,-0.012275102433742413,4,5,0,0.5095486701728,0,0.8041119518354036,1,0
1305,0.5457165122257515,0,1.5723618598583693,1,-0.27610011622355857,4,6,0,0.4201682877331097,1,1.0213871387155156,0,1
1587,0.3318196246429182,0,1.646123574209649,1,0.6985073016944783,4,2,1,0.3736013037165679,1,1.067960888665305,1,0
1147,0.11954378856712428,0,1.338012706953318,0,0.6459775218277329,3,5,1,0.4979518694373753,1,1.0039815670066723,0,0
1474,0.5506692198438422,1,1.2821118982694488,1,0.5750840542210149,1,3,0,0.4406229950956818,0,0.8988129076907452,1,1
1070,1.0084299380354085,1,1.4684029020067793,0,0.3629128100427387,4,5,0,0.3076696885753739,1,1.007452494371764,1,1
1010,1.1260563663540364,1,1.6506656931012131,1,1.1780193125156888,2,2,0,0.5981001992896752,0,1.0151424269304983,1,1
220,1.1380543478502032,1,1.6355107683444952,0,0.3032497602771648,4,3,1,0.5842681994013856,0,1.0169148092085474,0,1
1372,0.8438754725645763,0,1.4398774698653296,1,0.12054434069078857,3,6,0,0.5535411342151353,1,0.9197748489265536,0,1
47,0.48816660484267216,1,1.2718156257972366,0,0.2666383739382735,3,3,0,0.5200444895896361,1,0.7918578938274359,1,0
657,0.7061149903593822,1,1.4128824498461063,1,1.2584053362415935,3,4,0,0.33846261285701174,1,0.7486788553455227,1,1
524,0.6747100718157886,0,1.4997871071725153,0,0.7153724300613677,2,3,1,0.531576984213603,0,1.1834928559138045,1,1
727,0.9730465368943061,1,1.452635991514263,0,0.5237324083220125,1,5,0,0.5531902761082275,1,0.8239883084790329,1,0
935,-0.10984213467693205,1,1.557859428383444,0,0.30189028101975224,3,6,1,0.48089568950188694,0,1.1622275142583371,1,0
112,0.9580987022822942,0,1.5041958380557958,1,0.5412278453631139,4,1,1,0.5956848884741085,1,0.9422608702109558,0,0
1354,1.139864765802639,1,1.5724407205086415,1,0.6834240482611765,1,4,1,0.591572907196119,1,0.736286447457993,1,0
1931,0.7750865349491849,0,1.5250450920539669,0,0.47911195171659776,1,2,0,0.47004325424039367,1,1.1152056066967626,0,0
1309,-0.5770651241921121,0,1.4426507818201053,0,1.091124572731919,1,5,0,0.4899527686121995,0,0.939484282720613,0,0
2102,-0.1931225832920831,0,1.6672779573074008,0,1.5437804850329113,4,2,0,0.34955777018280454,1,0.8208083044311622,0,0
1215,0.248609830066492,1,1.327565875928129,1,-0.08516839694551115,1,1,0,0.34978955386897836,1,0.9620621844606313,1,0
2062,0.09056016829202196,0,1.5645966161679716,0,0.37887378631195934,2,2,1,0.3804551541896659,0,0.8893092878261012,0,0
925,0.31726266339132847,0,1.4794301904414209,0,0.18114802474445735,2,2,0,0.6376486909094139,0,1.2910037550461304,1,1
1058,0.057377361390144044,1,1.3352713580572952,0,-0.15143463301652804,2,3,0,0.4279442139220681,0,0.8602322726760876,0,1
349,0.9028280716471728,0,1.4596380961442827,0,0.16738823846710604,4,2,0,0.6289814852240463,1,1.0124290730003915,1,0
92,0.3659580360079235,1,1.4053491849210284,1,1.3163296413161827,1,5,0,0.4230755606549562,0,0.9286884652081935,1,1
810,0.17862311802975045,0,1.408146410963897,1,-0.6314652890835859,2,3,0,0.39191059077629636,1,0.9781857997848694,0,1
773,0.08378693342463855,1,1.5884300177966393,0,0.705066621912878,2,1,1,0.48257873770761606,1,0.7295590489476942,1,1
622,0.05950592570368274,1,1.3727176091454836,1,0.7732998768500359,1,6,0,0.5164924370401989,1,1.1618323775774986,1,1
1680,0.8095655371470241,0,1.5183257743676468,1,-0.43304889761725485,3,2,1,0.48710226893094355,0,0.8160598300999816,0,1
433,1.0106525528293853,0,1.5528991770877332,0,0.23803997416827144,3,5,0,0.501769199415158,0,0.7629196401753493,1,0
1934,-0.31427205334610453,1,1.4624334399499,0,0.7699416328588806,4,1,1,0.5538317460783696,0,0.9805041558816745,0,1
1742,0.34448223945471823,0,1.5165547883700423,0,0.8309661958267176,1,3,0,0.4136535464943857,0,0.8239665782883759,1,1
55,0.6485275029713278,0,1.5692731969522304,1,0.15429919562868116,3,2,1,0.3274129007727187,0,1.0295476230936678,0,0
872,1.1419746654418517,1,1.566417124533473,1,0.3151253578533125,3,1,1,0.6143697801733189,1,0.8260137608576279,0,1
2251,1.4744738579549634,1,1.3960053434427888,1,-0.150573833710114,4,3,0,0.45443586756397547,1,0.9238114530625717,0,0
1294,0.17105986100093423,0,1.51678949484629,1,0.35629815805083176,1,1,1,0.4755823433388123,1,1.1271438921869414,0,1
2189,0.20717192697223874,1,1.5203046618982021,1,0.590238373006676,1,2,0,0.4409755352192687,1,0.9199857088517535,0,0
2250,0.07532944141046166,1,1.581096557853312,0,0.67401556138733,4,5,0,0.5001991128298343,0,0.8209346402820896,1,0
2133,0.7146297717812311,1,1.627923202054999,0,0.3674717093200917,3,4,0,0.4717037171876397,0,0.9015046020807131,1,1
1375,1.0682362357708828,1,1.4390287305916092,0,0.2961484274400701,2,4,1,0.37304551848874723,0,0.9527469100631676,0,1
634,0.30043514736432597,0,1.4704264551411506,0,0.36200303748993257,4,4,0,0.36317509134446946,1,0.9275284508497383,0,0
2170,0.6915997565888735,0,1.495570606306915,0,0.5723111007741949,4,1,0,0.3100699719067005,0,0.8206242035627015,0,1
2359,0.21668698546273468,1,1.5868200352241197,0,1.5520881925845549,4,4,0,0.36547300688581524,0,1.2495888746405188,0,0
274,0.5833765250291729,1,1.353692350557577,0,1.4004766763600718,4,5,0,0.461691571456926,1,1.3695553506614542,0,0
646,0.5066883793292962,0,1.4001395533883576,1,0.4345488680714174,4,1,1,0.4505933246808896,1,0.863645372979382,0,1
1582,1.0337270336041877,1,1.417747415465144,0,1.84390076254422,2,1,0,0.6030485965466732,1,1.0524089122022406,1,0
1830,0.9826739411359424,1,1.4453942227738126,1,0.6477261451276044,2,2,0,0.5357622965424332,1,1.2651363907086868,0,1
862,0.610218620143113,0,1.464933070008523,1,0.4264049828885338,3,5,1,0.6290383222879427,0,1.0730162202997116,1,0
1819,0.6273715802729347,0,1.5324787224848944,1,0.07694445909700481,1,1,1,0.4916383634878781,0,0.8223375970919131,0,1
2359,0.9365909619076126,0,1.3925812355064817,1,0.5681122954973333,2,1,0,0.41121242684720055,0,0.8689749900075039,1,1
908,0.5339112936038272,1,1.4755199784329542,0,0.4729282960659631,1,3,1,0.5048550153515825,0,1.135603058587702,0,0
520,-0.2675811220718345,0,1.5700727806451147,1,-0.2786924808999347,4,4,1,0.4786671680254568,1,1.1209555564321485,0,1
1702,1.407078661824737,1,1.5315959255130311,1,0.4843195788683091,1,3,1,0.4838775112339172,1,0.782221966140101,0,0
2017,-0.11577785806286545,0,1.413226323996045,0,1.110831537269938,3,4,0,0.6281677210150234,1,0.9869234206543877,0,0
541,1.3004354842750125,0,1.520139662512386,0,0.09038990448582468,1,4,1,0.42887932396403683,0,0.6997051704963149,1,1
1062,0.6122911375820992,0,1.614857289438603,0,0.3700059477654085,1,4,0,0.439666636941878,1,0.9611189415693989,1,1
263,0.29145972229123074,0,1.3991636973227437,1,-0.22648403889710989,3,4,0,0.49587433715187873,1,0.7626402906257441,1,1
439,0.38347877641119577,1,1.4041571371967854,1,0.204881446754266,2,1,1,0.37104783893657645,0,0.9414162147564028,0,0
752,0.49439773451388613,0,1.4961906143377903,0,0.4479341527340433,1,2,0,0.3254786964535215,1,1.0953402761908035,1,1
1182,1.035696497730172,0,1.1832325350361452,1,0.2817160760390309,2,5,0,0.41312854734876964,0,1.003358493698553,1,0
1095,0.41203604318214637,0,1.610178935627263,0,1.1341905160875903,3,2,0,0.461064071311445,1,1.0459432224719791,1,0
2329,-0.30879231700213816,0,1.3836756836014887,0,0.36835447268656474,4,3,1,0.468999592189159,0,0.9991097795082731,0,1
307,1.0445603124789882,0,1.535345298226717,0,0.9959360106058508,1,4,1,0.5057576683712186,1,0.8842600440528209,0,0
499,0.5379238670040883,0,1.4541654391456391,1,0.8333068429555281,4,2,1,0.5386971286960225,1,1.106778729076329,1,0
1177,0.18083672898735442,0,1.5163843306635088,1,0.7164015766290638,4,2,0,0.4432839966773946,0,1.1528190091396937,1,0
2022,-0.09901573333001934,1,1.5284840700760116,1,0.4168595299224531,2,4,1,0.4659735854748889,0,0.7780705428898312,0,1
2083,0.46114216946655257,0,1.4579101199634559,0,0.7549679518065809,2,6,0,0.3772188841063928,0,0.8452036168200199,0,1
1300,1.022173264682564,1,1.3602484820987673,1,1.1191138193176284,4,2,1,0.333428997286824,1,1.2986047388314597,1,1
671,0.3639884140302107,0,1.5710680783147108,1,0.2985917711906426,4,3,0,0.5243930616229063,0,0.7074033550405225,0,0
1542,0.1276242417131303,1,1.4122523238119458,1,0.5735671209827702,2,5,0,0.4382679943671306,1,0.6013534737981929,1,1
529,0.4775203259373988,0,1.6033628963673958,0,0.12086265104510602,4,2,0,0.4503884921525334,1,0.9533994734456572,1,0
881,0.23079429075094798,1,1.634372066007611,0,0.818377590156959,1,3,0,0.331675687455685,1,0.6570878855484408,0,0
1584,0.14710193012166234,0,1.5054319008512278,0,0.4994162402499869,1,2,1,0.3961321615354425,0,1.10307903207498,0,1
1677,0.7393069607251703,1,1.4389631486601744,1,1.361911325439487,3,2,0,0.31607356130241093,1,1.0117153478355148,0,0
1968,0.11073741756745176,1,1.557535277914278,1,0.378749666083088,2,2,0,0.5077497224660552,0,0.9604525107659273,0,0
1146,0.23631300573224884,0,1.6443659044398224,0,1.468796545654714,4,5,1,0.5315926791698891,1,1.1096563267579256,1,1
1370,0.5368912584301092,1,1.6126790356401435,0,0.2721091826211274,1,5,0,0.48219356490162796,0,1.1091488846532076,1,1
1475,0.37712293371377165,1,1.5772794185665382,0,0.6088339573126779,2,5,0,0.46288146046953327,1,1.2050034787235537,1,1
2359,0.8974799374795245,0,1.646450800883772,0,0.2526968943156928,4,2,0,0.4223770214307889,1,0.9337790787197016,1,0
1186,0.8917894410110165,1,1.4288356857370035,1,0.43752652468482667,4,2,0,0.45856365657516857,0,0.9124690748612829,0,0
2168,0.9212623356117557,1,1.5218539347058262,1,0.38119693492690354,1,1,1,0.5730998170339402,0,1.0040161549131748,1,0
795,0.5574375250593011,1,1.5363850166080333,1,0.7295487274798761,2,3,0,0.3629957483249975,0,1.142150883136436,1,0
1036,0.6878902105755531,0,1.433032289219008,1,0.838553008240586,3,3,1,0.5482732560130243,0,0.9461319262815313,0,1
83,0.27838659658737713,0,1.5531967485378546,1,0.7893221720719663,4,4,0,0.5465949517414164,0,0.9571356296955652,1,1
768,0.367982107893306,1,1.45075848146424,0,0.3175137962467236,1,1,0,0.5917523777300229,1,1.175296817136231,0,1
1452,1.6362331049281194,0,1.293151031645339,1,0.621490034345372,1,1,0,0.45119542953745306,1,1.0690070022648215,1,1
380,1.2513868796069265,0,1.2779420058178366,1,0.7359206911117554,2,3,1,0.5236160782564456,0,1.0048471747039418,1,1
1492,-0.3933858834179921,0,1.4341709837014776,0,0.7391936445430056,2,6,0,0.5981459033800629,1,0.82554892690514,1,1
345,0.742534399302279,0,1.542779576975642,0,0.5784295056949071,3,1,1,0.527648885157917,0,0.9967760618089624,1,1
106,0.6888158513590328,0,1.516402960697368,0,0.5517148939854569,3,2,0,0.5272405491345151,0,0.9412133712434488,0,1
2097,0.7374081660051147,0,1.5804315250102117,0,0.7194399624224102,3,6,1,0.5405919780069797,0,0.9295401883805656,0,0
1421,0.2500629119389838,0,1.4711945140108271,1,0.2969484883774149,2,4,0,0.4751155671015519,1,1.3863205471610232,1,0
666,0.5625985164932235,0,1.2666958101518264,0,-0.22598281641655338,3,4,0,0.5560681779235369,1,0.9772479701312794,0,1
1623,0.0031165652056509008,0,1.4918327547398171,1,0.3562835265497205,4,4,0,0.6363574978309539,1,0.8619358436344731,0,1
693,-0.22200033685151588,1,1.4668029755442593,0,1.2921369120127455,1,1,0,0.45433015832794466,0,1.2623358829674427,1,0
1348,-0.10367387533719563,0,1.6192612543905818,1,0.14268401802623532,3,3,0,0.4727888910159325,0,0.8208197906684327,1,0
2048,0.8476740103873026,0,1.4376949300118629,0,0.5227248970101939,3,4,1,0.58164586304809,0,1.0042664368933296,1,1
1767,1.2471433641162242,1,1.5686592436001547,0,0.2844034832116778,4,6,0,0.4112397974007448,1,1.0973700912068254,0,0
1832,-0.056067428066742475,1,1.5707109148983636,1,1.453936751799567,2,6,0,0.5734429208785667,0,0.8434506504141089,1,1
1023,0.4765536631976148,0,1.4800975563747485,0,-0.05759406721816118,3,5,0,0.41641968052951783,1,1.1375575238886524,0,1
1989,0.11145518166388918,1,1.5390980954123212,0,0.45883117605103985,2,4,0,0.5129189548274793,0,1.1993198915323644,0,0
1237,0.3077541685913592,0,1.4687450784924765,1,1.3507901299836902,3,4,0,0.5033973211399418,1,0.9748528648910515,1,1
836,0.8264118184455835,0,1.317457397640477,0,0.33711743098526936,2,2,1,0.4809279421193161,0,0.7308676581342457,1,1
1050,-4.640938585220855e-05,1,1.4992142089231364,0,0.6004236134199075,1,3,1,0.45562867373113414,1,0.7440916942322999,0,1
1460,0.6461089548474952,1,1.5934404503355657,1,0.5176636075439965,2,2,0,0.3280395687745281,0,1.1264198407272177,0,1
1488,0.24358266650031568,1,1.4470026991119114,0,-0.1048456717881372,2,5,0,0.45002432016822874,0,1.0721334423329587,1,1
1719,0.5686075690592863,1,1.466073411776858,1,0.28980912132822756,3,2,0,0.37414926880533195,1,0.9782431586426776,1,0
260,0.31306107181524584,1,1.3456346037874725,0,0.7938218133950616,3,6,0,0.3907824756296084,1,0.8665903504806951,1,1
1192,0.19788649513039214,1,1.5371700713826928,0,-0.10159959459333123,4,5,0,0.2831098982786141,1,0.9939535198979034,1,1
1515,-0.21365615423188478,0,1.5217822540747177,1,-0.023268109777746515,2,5,0,0.479090668923172,1,1.2311762951228593,0,0
944,0.7203486529996876,1,1.6018802721691288,0,0.414681387836885,4,3,0,0.2628526951767678,1,0.9720259528982103,0,1
1195,0.8956151365666201,1,1.5132299613320288,1,1.0964240242585563,3,4,1,0.4409673242867024,1,0.6241448183625364,1,1
1176,0.30870768612362565,0,1.5221963017121325,1,0.4343127268887455,3,6,0,0.5173444361617178,1,0.801034022239169,0,0
1054,0.8969458666224615,1,1.5766923920857332,1,0.5519795803983022,2,1,0,0.5265672236785153,1,0.9210871708677547,0,1
2336,0.8376381134658399,0,1.602656856912907,0,0.5690385941023907,3,2,1,0.43596081802944203,1,1.0571600205389733,0,1
948,0.8185904384845424,1,1.7457859732763454,1,0.26767843672042635,4,2,0,0.47440013526386793,1,0.6442710093426424,1,0
986,1.4507705035176195,0,1.476266890159944,0,1.0084019586126214,1,5,1,0.5048392336863969,1,0.46717205984688986,0,0
828,0.6725704979861815,0,1.4760087211101203,0,0.4099627836263257,1,4,1,0.4663492894573779,0,1.3329384663623642,1,0
1956,-0.1630827309701991,0,1.4523002858695153,1,0.003215979934922286,3,3,1,0.4435150060190625,0,1.110905982502469,1,0
1567,0.12011742475072135,1,1.4869059094176575,1,0.699466047118109,4,5,0,0.4666749271969769,1,1.0940387362372535,0,0
2163,0.8324855381112971,0,1.2977466137503666,1,0.5846669843651257,2,2,0,0.33591594614719367,1,0.9798025605836358,0,0
580,-0.12635719696282577,1,1.5444732985988192,1,0.1598238903536534,2,2,1,0.3046553300340188,0,0.9572282571812175,1,0
1941,0.9543662072512851,1,1.5261017632352325,0,0.26848773935326903,2,1,0,0.47042872787974793,0,0.6631642467513427,1,0
902,0.5244774783283751,1,1.313719592944976,1,0.837512954711028,2,5,1,0.43214309425120223,1,0.6090358415507016,0,1
692,0.48115084470216435,1,1.2801983980417155,1,0.3581244181460298,3,4,1,0.4626681259252488,0,1.3447108785298825,0,0
1851,0.9860759682841532,1,1.4831613319825865,0,1.2783657407436007,1,3,0,0.4118961874446648,1,0.9095041772454813,1,0
1526,-0.20044666337148764,0,1.2751816206600861,0,0.7198527340364517,4,4,1,0.6290869673356094,0,1.0963706871688066,0,1
1816,1.0160928230681103,1,1.3679870469426583,0,0.07197976898570502,3,3,0,0.5209084625139568,1,0.9503463359174583,0,0
1795,0.9553931357918851,1,1.687467386758614,0,0.8014355363527964,1,1,0,0.4200583244840763,1,1.1436055281033193,0,1
849,0.5743655855544152,1,1.706148571252582,1,0.025002071373072476,3,4,0,0.40721078367922503,1,0.5701767870591594,1,0
945,0.11753463592206642,1,1.590159008886206,1,0.34551418795739397,4,3,1,0.5680441315617234,1,0.9651733220295518,1,0
1714,0.6091222426005592,1,1.4706858680125987,0,0.48331234537766227,4,5,1,0.5032291579684169,0,0.9522435289371263,1,0
745,0.7931606730650962,1,1.3788559231184643,0,0.4712031907494702,4,2,1,0.5384700918487011,1,0.9055279974759809,0,1
910,1.1083964814114893,0,1.4763931056544897,0,1.038135708359665,2,4,1,0.5632641998627431,0,1.0258994955114484,0,0
1378,0.3568322958853143,1,1.361525769620329,1,-0.27699307991213196,1,1,1,0.33148674724342975,0,0.7700861590155214,0,1
1683,0.5365171771895135,1,1.5486265799662997,0,1.1613538124836937,2,3,1,0.32960731854617265,0,1.1554988080842412,0,1
239,0.8722384693764862,0,1.7027088656563767,1,0.852200740898653,3,6,0,0.5432882273372501,0,1.0358739123925558,1,0
891,0.9707152424982564,0,1.6551141790243866,0,0.6654258573006087,2,2,1,0.48047500475576127,1,1.1900205700998034,1,1
1598,0.30578502542338604,1,1.5204113187104893,0,-0.0815462417087559,1,5,0,0.48954216994012667,0,0.7943204686121681,1,1
224,0.5317445952153974,0,1.6868011467274564,1,0.8195793644804092,1,5,0,0.4919996877747447,0,0.8506723709630284,1,1
406,1.1381205658779665,1,1.4758464534682967,1,0.5587389481568524,2,6,0,0.5246231436862315,0,1.2088310017657817,1,1
618,1.4079787937231005,0,1.6239420585819702,0,0.8588088138676112,1,3,1,0.3318392753133292,1,1.164569315675927,0,0
1214,-0.04797201115547145,1,1.475446559218803,1,0.33235258953503843,1,5,0,0.493115891535358,0,0.7795495085380798,1,1
660,0.564627783987784,0,1.5585700175060817,1,0.5955941477333933,2,3,0,0.4921097218826936,0,0.7908901747251464,0,1
227,-0.2750553144630037,1,1.5095799728026238,0,0.46746744637788884,2,6,1,0.30371367954398787,0,1.2055833754524168,1,1
1577,0.42412452791945265,1,1.5087546382769508,1,-0.21033343382208813,1,2,1,0.43481257217471725,1,1.2403926988040723,1,0
1756,0.18031363463504618,1,1.6210909996762821,1,0.5380392883541458,2,2,0,0.4443443142249099,0,1.0790052940360224,0,1
2031,0.40133021589648055,1,1.5933224930453906,0,0.233352532733131,3,6,0,0.584595250388206,0,0.5757438422868307,1,1
362,0.7411088616599475,0,1.4722711605239973,0,-0.3409518443935802,2,1,0,0.43540708813728246,0,1.0674889830026921,1,1
629,0.6558007100663025,1,1.5034282931491283,0,0.9841949232366616,1,4,1,0.4131761890309198,1,0.8190400328522129,0,0
1671,0.1472955308582088,0,1.5799584615774427,0,0.3131331655483678,2,6,0,0.6237508230940692,0,1.3525381340987004,1,1
1820,0.8479217741009395,0,1.4254898293254537,1,0.44875034607224623,4,1,1,0.5093245263768433,0,0.9881743408413209,1,0
1450,0.39676554216429943,0,1.3721903155550694,1,1.049559057568488,1,2,1,0.36635794421814055,1,0.8298395375242222,0,1
1627,-0.03983820471863175,1,1.4245838387811258,0,1.0100028726939367,1,1,0,0.5641741349670566,0,1.0242459530821408,0,0
2031,0.6437735810602039,1,1.5957846530954107,1,0.04045519780723533,1,4,0,0.475622448609774,1,1.2674419732446323,1,1
599,0.3116971550396515,1,1.5820421214720126,1,0.1694461808995819,3,4,0,0.46682006042430657,1,1.020437764276549,1,1
1193,0.8165292534267585,0,1.2627653447236775,0,0.45977828667204307,2,6,0,0.37331518345689274,1,1.0394989050624812,1,0
1879,0.49101877811397693,1,1.4410304889662553,1,0.2475249886401923,4,5,0,0.5069256390629923,0,1.0975656551472395,1,1
1284,1.5116039977301712,1,1.3454020470514438,1,1.3520912409360173,2,3,0,0.4659586660768393,0,1.0529288319813062,0,0
2256,0.3730324331073559,1,1.6068567748786324,1,0.1748007191464327,1,4,0,0.5353476068061919,1,0.9907222013669085,1,1
451,0.8906826637700608,1,1.4030695587057105,1,0.322850179318744,1,2,1,0.3871851775181169,0,1.0336672610737028,0,0
134,-0.08526561857813875,1,1.4187659177021599,1,-0.17136800593082058,4,1,1,0.26823758450530255,0,1.4086078922897187,1,1
1413,0.39137280530400775,0,1.5181865226880116,0,0.6255272961968801,1,4,0,0.5908395175890462,0,0.6969378151315455,0,0
723,-0.19931560204755272,0,1.5932220722029447,1,0.7428060958215704,2,4,0,0.48481252838429467,1,1.061593281195836,0,1
1667,0.9437485557446448,1,1.5330956254250891,0,1.1139728739522283,2,4,0,0.39546959748911076,0,1.1973360942017908,1,1
1776,0.707653867764301,1,1.423658538621707,0,-0.35360370085912196,2,1,0,0.37620820341547406,0,0.9527715967425975,1,0
30,0.8209842051671807,0,1.4882808826400384,1,0.5394324737357388,2,5,0,0.35762924111619304,1,0.8835473782867398,1,0
388,0.8790863885574095,1,1.3681789438358394,1,0.4995732696726796,3,4,0,0.6226927029454433,0,0.9105212853998104,1,1
1780,-0.12044205466528579,1,1.6299650833001385,1,0.5194386898804019,3,1,1,0.4498085080245402,1,0.9591941269999373,1,0
1417,-0.32043616932120234,1,1.4754787457286536,1,0.6976409202895189,3,2,0,0.4838134004293072,0,0.6516707202823931,1,1
868,0.42946232462381695,0,1.5743172902038318,1,0.7119893535747898,3,3,0,0.5520268124300098,1,1.2012124200946803,1,1
2086,0.7001326611920072,1,1.5274563299353128,1,0.23845366477018132,2,2,0,0.44568012937668716,0,0.8577128420843896,1,0
135,-0.26715516519536564,1,1.5589910982296933,1,0.548501554085685,1,4,0,0.5452542747879551,1,1.1209828190319477,1,0
1768,0.9627285746577031,0,1.408507605956743,1,0.48408838685170735,3,3,1,0.6089857808652244,0,1.1148369999203924,1,1
1291,0.10974083221426162,1,1.5059290021123484,1,0.09258412013998585,4,6,0,0.3696893458262108,1,0.7338576898042987,0,0
1591,-0.2530877715251666,1,1.4198010437164874,0,0.25774517536907815,4,2,1,0.48453900483702517,1,1.2464124161017565,1,1
2298,0.4315535644061927,0,1.5944171452687637,1,-0.11070570242357647,4,6,0,0.5657007225912989,0,1.0007659145546952,0,1
1079,-0.1827029230785414,1,1.511180363329274,0,0.41467543483631863,2,1,0,0.4283728674806751,0,1.2564896359452058,0,1
1706,0.8812765233257782,0,1.3773144370509796,1,0.43758167493627004,4,1,1,0.42287506968035127,0,0.7574709508456946,0,0
2229,0.3169134451739027,1,1.4935571854671565,0,0.9675450511924211,1,2,1,0.6915093564247771,1,0.4362886239619156,1,1
1359,0.979603182688505,0,1.4476647358129677,0,0.7765865130104518,2,1,1,0.4508797326145736,1,1.0118108905948078,1,0
1035,0.48442444129416284,1,1.6050904001028499,1,-0.5481035682654585,3,6,0,0.4380291319667244,0,1.0729881751943842,0,0
9,0.021006700695329228,0,1.6184687257776287,1,0.01188238129904523,1,5,0,0.5227316490752887,0,0.810495997537328,1,1
1167,-0.20486544046507116,1,1.6895339803612879,1,-0.46045166521875436,4,3,1,0.6367171099293477,0,1.1944183240619681,0,0
2295,0.0874836022937146,1,1.4360770350862264,0,-0.11689473577891751,2,4,1,0.4600341325696559,1,0.7780825474762356,0,0
1100,-0.48437779143273885,0,1.6329543472548613,0,0.5140802361348797,3,4,1,0.4095956065642348,1,0.7571223901037358,1,0
663,0.5411908685315838,0,1.5864724113654594,0,1.3244811668148873,3,5,0,0.5221871390829759,1,0.5979714162345859,0,1
1489,0.5444230195241981,1,1.6059584171631702,1,1.9115780900959625,2,5,0,0.4308225899312881,1,0.6015960457022791,0,0
2158,-0.19097202507159639,1,1.4450929372705315,1,1.2298700324638419,1,6,1,0.41568528964009954,0,0.9868366578577284,1,1
2360,0.2632831411508991,1,1.4383078705324484,1,0.6470107904636229,1,1,1,0.3836694012486195,1,0.9456154943135856,1,1
1286,0.47455892182028947,0,1.3468915477109655,1,-0.08283581529882811,2,5,1,0.7401137414861845,1,0.9789491004925801,0,0
1223,0.5257927355181055,0,1.346626764242926,1,0.7654819521359302,2,1,0,0.45552068066299556,0,1.0462428496978813,0,1
1484,-0.10801470712592642,1,1.4182863853632812,1,0.554563123809982,4,5,1,0.587833355323689,1,1.2161524540554294,1,1
172,-0.3633346112944963,1,1.4891750499187044,1,-0.39102701469040124,4,1,0,0.5072265263517416,1,1.0822858490086227,1,0
1858,0.9003927840424212,1,1.471631737998318,0,0.46011200661291396,3,6,1,0.40131633670046496,1,1.1347253733208766,0,1
611,0.7448361560870275,0,1.408303188803706,1,0.27959326861335465,2,3,0,0.5207703200978128,1,1.1076871938305606,0,1
2036,-0.5534799287666534,0,1.5199229538863377,1,1.2631333015000386,4,5,1,0.473344931042476,1,1.0148491409189868,0,0
1219,0.8910975604999266,0,1.5594436513544958,0,0.9649614401579795,4,1,0,0.560705328032606,0,0.7295184040456784,0,1
923,0.4704705383190213,1,1.4768943674263693,1,0.10580783092396218,1,1,0,0.5638732073546385,1,0.9064321790780093,1,0
705,1.13392512092465,1,1.4861410721985238,1,0.4996049670826018,4,5,0,0.37778399005977437,1,1.1253181245343404,0,1
1048,0.43778793044657416,1,1.5790661773974963,0,0.21080211721983838,2,3,0,0.3743051891924958,1,1.1502875044533933,1,1
328,0.5842524176631447,0,1.6215012603098962,1,1.334694695017745,2,2,0,0.4401174707177312,0,1.0907346260521942,0,0
2292,0.1331474270687078,0,1.4833949948701877,1,0.4443055100600859,3,6,1,0.4775062849485017,0,1.4447514593892627,1,1
528,0.15231495109832538,1,1.637176480924924,0,1.4552293576153632,1,5,0,0.5343552988272237,0,1.121585038909418,1,0
2136,0.8866010157840347,0,1.5698356085877883,1,0.6831009394905297,2,1,0,0.46265816045380126,1,0.5609299757390831,0,1
1573,0.3235881680425131,1,1.5053134716424772,1,0.30613087756027174,4,2,1,0.49688615385245005,0,0.8473044944923035,1,1
353,0.8264531907945101,1,1.4748006713590518,1,0.26644103779089656,4,2,0,0.45717737580603585,0,0.8082930491805798,0,0
1816,0.34600335996201226,0,1.6756867130858148,1,0.5472001095538754,3,4,1,0.4968484132485167,0,1.1340410903722797,0,1
665,0.5193786510558714,1,1.3604173994807964,1,0.6929790847526074,3,4,1,0.42098678559641345,0,1.2581773853242397,0,1
1436,1.025772161769057,0,1.5670210084036515,0,0.7688804204690687,2,2,0,0.37242465309464007,0,0.8841836104684622,0,1
688,0.44809785481972497,0,1.4909327532445946,0,0.21400679671958217,1,2,0,0.5756788769073314,0,1.036379250771216,1,1
1122,0.9131051598357316,0,1.4488175189601458,0,1.3137041815507962,3,4,0,0.45035850623756335,1,0.808842312908186,0,0
1192,0.17566220276889122,1,1.4255044327383235,1,0.16499129049704242,2,3,1,0.338918307842241,1,0.8356423002653451,0,0
842,0.5394802276608281,0,1.5058747283023246,0,1.0835279345699398,4,4,0,0.5314887035375779,0,0.7215828307125891,0,0
1055,1.1224780097081415,1,1.4552631086547438,0,0.3246556503260868,3,5,1,0.5344842801768139,0,1.2047454050597368,0,1
1039,0.6029167541713788,1,1.4428101047720905,0,1.3183356647743638,1,5,1,0.46137884902376464,0,0.8453872779745116,1,1
1770,0.5472201952344905,1,1.5631036522556645,1,0.4252267140862592,3,3,1,0.5415022324422374,1,0.6308179080324123,0,0
523,1.1223360213476528,0,1.4927837123042618,1,0.1590298827044947,2,2,0,0.38507056059340794,1,1.4409375913057816,1,0
986,0.20306802274754687,1,1.5287409718374685,0,0.7270571277475267,1,2,1,0.6116110032303487,1,0.8565506543942504,1,0
807,0.7278600484999034,1,1.4968384235698344,0,-0.2717373253367831,2,3,1,0.3145108665194859,1,1.1032158457428936,0,1
1916,0.36618854865694994,1,1.6344963529657806,0,-0.014777665952430907,4,3,0,0.4433062369937619,0,1.121600301398762,0,1
1245,0.28156271922542475,0,1.5751549331146384,1,2.191569684896188,1,3,1,0.505438159449888,1,1.0696875561931989,0,1
1743,0.8454823944051699,1,1.4580495111121208,1,1.2221260558657037,3,1,1,0.5692081115053989,1,1.1584384187428516,1,0
1569,0.16258306852557258,1,1.4691569024947366,0,0.05388724098570641,2,6,0,0.5143628568068558,1,0.9455576914642524,1,1
1414,0.6312713756009065,1,1.5249823255215862,1,-0.36276094207035714,1,1,1,0.4855119753529609,1,1.0067959811446396,0,1
1143,0.8016249730830077,1,1.5266094857378982,0,1.0295178774502147,4,5,1,0.45325463075191186,0,0.9104073976581581,1,0
860,0.904731380290309,1,1.4341955448575219,0,0.655191623501457,2,3,0,0.589608799017763,1,1.0017520471279748,1,0
2028,0.8906732030174032,1,1.5803535087064402,0,0.7421105874469979,4,3,1,0.28247541553099176,1,1.2346955785425082,1,1
2226,1.4037708012199026,1,1.4204356743299624,1,1.060632119273255,3,3,0,0.393959774822627,0,0.8781197325881556,0,0
2142,0.2674061721722595,0,1.4398185303745987,1,0.35532912275805223,1,3,0,0.33704635008799055,0,0.9015730571641132,1,0
2266,0.9520652344319396,0,1.4517775009906189,0,0.633754279473198,4,2,1,0.4436074246577809,0,1.0107017016141016,1,1
1333,0.3758429362346783,1,1.3336868181844572,1,0.31127700205928194,4,2,0,0.5285843046477569,1,1.1540115480676363,1,0
882,-0.03471673747289983,0,1.3952366965235548,0,0.39246848234149073,3,3,0,0.528010459871423,1,1.036166320525318,0,0
1224,0.16319272841757382,0,1.6535252415844206,0,0.46222884460421254,2,4,1,0.473923404695518,1,0.8921364285234734,1,0
504,0.5841242302948286,1,1.56152267447998,0,0.9159452092962566,3,5,0,0.5319013288572774,0,1.5042855646137356,1,0
264,-0.016393890369318598,1,1.4772902695685632,1,0.4362674881603669,4,2,1,0.4827545730351401,0,0.6988147193511614,1,1
984,0.9610349476884422,1,1.529048909523981,0,-0.8603771920514507,2,1,0,0.5529588875133465,1,1.027025796719385,1,1
1353,-0.15494151278901303,0,1.4710639128450855,1,0.35877175697933367,4,6,1,0.49859792305481754,1,1.3245350438949441,1,0
1566,0.28886130704171553,1,1.472519632593389,1,1.0133821331763526,4,6,0,0.5159031507671268,0,0.8027697874160584,1,1
1193,0.7203039413008022,1,1.6381924574106297,0,-0.3514810505681293,1,4,0,0.4640109762426116,1,1.3637629788018042,1,0
1791,1.3672354070706954,0,1.385302111472033,0,-0.006597949434167361,1,4,1,0.5172944433305848,1,1.076342321087448,0,1
548,0.2191766797958925,1,1.4442346189528623,1,0.19133602009548972,4,6,0,0.4717201631989531,0,1.0589815916265104,1,1
2063,0.43139132202882513,0,1.4257153644811689,0,0.5341204260046665,4,4,1,0.4889917006067492,1,0.9644842031349422,1,0
760,0.06012840639378669,0,1.448874237183147,1,1.161394047696526,4,2,0,0.4309301015260361,1,1.0631893153612184,0,1
932,1.2812268379639518,1,1.489583712813505,1,0.9120847248910925,4,6,1,0.5126087288018552,0,1.2522414048091295,1,1
208,0.49336557885280147,0,1.4354407512047254,1,1.0114285948935984,1,4,1,0.43955380468817845,1,0.8479813379262329,0,1
598,0.049742408738221056,0,1.4957068219121117,1,1.1703370983771695,2,3,0,0.4692692966566991,0,0.9030395628101238,1,0
957,0.25259351863825363,0,1.4228993706911983,1,0.5815697117795608,2,6,1,0.39205745399050723,1,0.9077273373778756,1,1
1548,0.38628835413355084,0,1.5229572262691804,1,0.3456907536547812,1,2,0,0.5145392635174082,0,0.90267468851052,0,0
1076,0.3342311687998155,0,1.417386967278301,1,0.16112780992552794,2,6,0,0.5145966325747129,1,1.161888241198608,1,1
727,-0.3050697315304096,0,1.643251594788422,1,0.6635744654484894,1,5,0,0.4676690369527154,1,1.2088926864832503,0,0
1873,0.5192420339946512,0,1.5580595742579757,0,0.391900259878867,4,3,0,0.28008811927584853,0,1.0700900617773659,1,1
1324,0.5487587176638838,0,1.6483605494323472,0,0.8589535173862579,4,3,0,0.3436868733366726,0,0.7971359984784376,0,1
1816,0.8603577933021751,1,1.4395732607439948,1,0.22506752243871542,3,4,0,0.5360989739426871,0,0.9401182763264438,1,0
734,0.30418805525075987,1,1.620649475440966,1,-0.035667522524503004,2,2,1,0.5559271469679384,0,0.9226551105319891,0,1
726,0.45696807254694993,0,1.6146303229367343,0,1.042868324468093,3,4,1,0.5636494161267621,1,0.9256905292556629,0,1
212,0.08778562965240583,0,1.7578877944788163,1,0.7877462157024675,4,4,0,0.5893723766783441,1,0.9965240610889811,0,0
841,0.5492296336211051,0,1.5882778012273817,1,0.9360563257631449,2,3,1,0.40488488391051014,1,1.0234813895487593,1,1
253,0.3380564810256517,1,1.3987941403896325,1,0.6071736010655743,4,1,0,0.4174455127664297,1,0.7769119079532633,1,1
1526,0.17828199206057643,0,1.4030339154854843,1,0.5782140311164918,4,6,1,0.5033365797821516,1,0.9171080898171505,0,1
2086,0.6346677544932576,1,1.4707409690316648,0,0.10300484992688458,2,6,0,0.4598033958907628,0,0.7959716414776887,1,0
1234,0.5092496420057765,1,1.3841952689362547,1,0.480673836551404,1,6,1,0.368490654106163,1,0.9763819677468882,0,1
425,0.22235236807938769,1,1.5681810254074842,1,0.3831672535701716,3,6,0,0.38216463654102306,0,0.6974514338224505,1,0
1712,0.3958321915717557,0,1.6040776465894024,0,0.7723975969772406,1,2,0,0.3715747045513033,0,0.9353399064993685,1,0
1346,0.5586987100241702,1,1.4006844542700196,1,-0.09996315063586059,1,2,1,0.46034597830941454,1,1.067128381338042,1,0
1940,0.5791039718706741,1,1.5277314343864163,0,0.8328439255283127,3,1,0,0.5427056946595961,0,0.8376025700732483,0,0
728,1.060899697278288,1,1.5955667859132483,1,0.6078640700111401,4,2,0,0.4239130524430357,1,0.6806886353329987,0,1
1370,0.5601974374592332,1,1.5018409420452978,1,0.3981678357466433,3,5,1,0.40759087375878794,0,1.052769238493026,1,1
1523,0.43728567998760326,0,1.579650179548382,0,0.03330033304738894,4,3,0,0.5410452827677924,1,1.0507273540744455,1,1
1748,0.8229173337255801,1,1.532541067497919,0,0.02800592887510356,1,4,1,0.5373038083966605,1,1.3375794175517917,1,0
546,-0.4677971258713942,0,1.4652205802851095,0,0.23191770471858936,1,1,0,0.37938602042023106,1,0.7289864385230758,0,0
208,0.7043289947765724,1,1.2262547686051934,0,1.250146387332717,1,1,0,0.3941028593887743,1,0.8517107037424029,0,1
175,0.351400533423862,0,1.5940173075388833,0,0.6825118626578597,1,3,0,0.5106698870044694,0,0.7101099455665474,0,0
1626,0.8467735318257943,1,1.4720618894611437,0,0.7379809098270849,4,5,1,0.6001145360479233,1,1.0812112761413888,1,1
508,0.03648752489738066,1,1.6528465489485544,0,1.2770593264854326,2,4,0,0.6011332285581557,1,1.0801525386127793,0,1
6,0.3625822568968282,0,1.3058943715819487,1,0.05435393882486961,4,3,1,0.61628508092697,0,1.024482412671554,1,0
794,0.3595575012100244,0,1.4226901107626029,0,1.4119057503326615,3,6,1,0.47543927104185635,1,0.8882491982572742,1,1
1067,0.4792117626347035,0,1.5327693306724508,0,0.6158110658832574,1,3,1,0.6129528081257224,1,0.7509349543599251,1,1
738,0.49414233389551226,1,1.4297225925622312,0,0.14282510586469022,2,6,1,0.40157403756967325,0,1.0805022988715032,0,1
821,0.20470121713300538,0,1.3742297542498676,0,0.9176826865896011,1,2,0,0.4937995824586305,1,0.874972117014157,0,1
1839,0.2812533148429382,1,1.4549557857543944,0,0.6703746549856922,4,2,0,0.5633542759214496,1,0.7958967941423563,1,0
408,0.15978976729918304,1,1.5531206874007188,1,0.6998028647055934,4,4,0,0.45003124187988564,1,0.7101848264988857,1,0
1800,0.5216609494631657,1,1.5442497969757512,0,0.3871745292816148,2,4,0,0.47197592577997877,1,1.1657965299121766,1,0
107,0.9883382735648749,0,1.4679151336641818,1,0.5886300277439389,4,1,1,0.48289961245082236,1,1.0301504079984884,1,0
328,0.644382784796335,0,1.3449242877649414,1,1.0150625458560283,4,2,1,0.4751982425857396,1,1.225092973137481,1,0
1321,0.2883056954346324,0,1.5652503471469013,0,-0.43586174247394227,1,1,1,0.47403780031044596,1,0.8913318282775943,1,1
335,0.8127765116337009,0,1.517568248572872,1,0.3087328200890069,2,3,0,0.4664554379376006,1,1.0788365841414604,0,1
390,0.597272069929085,1,1.504113797708118,1,-0.14577129555797375,2,4,1,0.5507887889326248,0,0.7875929930546423,0,0
355,0.5855008921291164,0,1.499263594106791,1,0.3075252242636429,4,3,0,0.34972325878464056,1,1.0960994869029261,0,1
2347,0.7712984802073353,1,1.4268823113067224,0,0.9460554266935854,2,1,0,0.4659267956442219,0,0.9139440474105073,0,0
1975,0.6050635742981427,1,1.4044638285609288,0,-0.04349218756820139,2,5,0,0.4058232863964819,1,0.9235356017015084,0,1
2070,1.1797620638164834,0,1.4112944212925909,0,-0.11537446658639217,2,6,1,0.5666218687307327,1,1.0213588256479302,1,1
265,0.6143737061436306,0,1.681047786837278,1,-0.03872674738030879,3,2,0,0.44942420060818405,1,1.0319961649221179,0,0
90,1.4775077032736523,0,1.414537899245373,0,0.38367140074343686,2,3,0,0.36440107593193255,1,1.2278342804718645,1,0
1724,0.5272876359113514,0,1.3225682777107188,1,1.054570612243055,1,5,0,0.4891500715174976,0,0.9031137605825036,1,0
647,0.0731605842866564,0,1.4990715334457154,0,0.9735513637216784,1,1,1,0.494081782107167,0,0.9234799892104786,1,0
2050,1.1088065070805686,0,1.5295290707445812,0,1.149429943963607,2,2,0,0.5101003839896318,1,1.1459559125439258,0,0
1547,-0.29338856253931445,0,1.6113249427030771,1,1.1554781200483326,1,2,1,0.4916399302376489,0,0.9056318404036827,1,1
2047,0.2516688591390018,1,1.4971529614329038,0,0.3877793954558775,3,1,0,0.42104603276311553,0,1.2125202458606936,0,1
1321,0.049346728825347685,1,1.551326569536106,1,-0.05682971920442137,3,3,1,0.5321558612953609,1,1.2253186960545435,1,0
334,0.2839751425233249,0,1.5391749194047835,1,0.44716526824054215,3,5,1,0.38297335744926936,1,1.0049973778160508,0,1
1379,0.7062975193847318,0,1.50409745700013,1,-0.4863717759090834,3,5,1,0.38733796775468504,1,1.169438993103829,0,0
512,0.14498097088817402,1,1.4623933686011936,0,0.5430179103172899,3,6,1,0.36234827457820684,1,0.7905613168644824,0,1
455,0.12015885144126925,1,1.5448128365970362,0,0.8765250411230746,1,4,1,0.5686374492886829,0,0.7611660681234754,1,1
2001,0.6387288940009698,0,1.539678348618051,1,0.5846325982398501,3,5,1,0.5728449568013552,1,1.2667600177481286,1,1
1556,0.9388866314853084,1,1.599198516636361,1,0.5654210300293012,4,2,0,0.5856199783067992,0,1.2019192104983332,1,1
1963,0.10918154007552777,1,1.671908838030451,1,-0.10694853499648527,1,5,0,0.5564118605523345,1,0.97776523874662,0,1
72,0.254259322673603,1,1.4431187810501112,1,1.418684024023714,3,6,1,0.4668055594665124,1,0.9453452445987475,1,0
670,0.16694362770764842,0,1.5095566757666201,1,0.27307518862420166,2,5,0,0.34588008319885954,0,1.1163875458797254,0,0
899,0.4617463497362166,0,1.477897920808831,0,0.6244808371911712,2,1,1,0.44572067062525084,0,0.879210438229242,0,1
1288,0.32600004789663795,1,1.5420204352652822,1,0.4244253983761762,4,4,0,0.5390067367887075,0,1.0487909361339718,1,0
1554,0.09225840701788379,0,1.5008793132540363,0,0.8234360629899058,4,1,0,0.4066691299700959,0,0.7945046294979704,0,0
1540,0.7359630963597998,0,1.6234499012334593,1,0.8208951481236046,1,3,0,0.4704964270112618,0,0.6283402653765382,1,0
28,0.5344903700874,0,1.4210627047499027,1,0.7391574413526985,4,1,0,0.4862027570925763,0,0.8890552665653931,1,0
672,0.5310745321484943,1,1.5740450907229266,0,1.501606484169972,2,4,0,0.4079839209011836,1,1.1004547290005011,0,0
66,0.5720418806460388,1,1.55690911904873,0,0.3984304922063999,2,4,0,0.36475974783223136,1,1.0188286064014458,1,0
515,0.5361166215490505,1,1.3209920020435488,1,1.5203097085126198,3,6,1,0.4031358624929797,0,0.7873568077617655,1,1
1363,1.4316110831584696,0,1.6276353781475252,0,1.1299105145143873,1,2,1,0.6662169452044465,1,0.9727375812222924,1,0
989,0.3393798971057769,1,1.6171839711557754,1,0.17878779343551526,3,2,1,0.6393822286536036,1,0.6844361863149755,1,1
2261,0.45848386359043336,0,1.4183852263407444,0,0.9910760106381415,4,4,0,0.5246065434666886,1,0.9932118271042012,1,0
1440,0.34945161569846217,1,1.4833459469892452,0,2.056673236321202,4,3,0,0.5252777432408817,0,1.0689385217093526,1,1
927,0.5591090242016035,1,1.4438046295956175,1,-0.1619938100287458,3,3,1,0.3719557385118725,0,1.0058233686620697,1,0
1769,1.0581583606581346,0,1.4357332906185694,0,0.21905287019823627,3,1,0,0.5512363503540808,0,0.9080730749126688,1,0
543,0.6597826395439048,0,1.5768850611676066,1,0.5008361528741885,2,4,1,0.5938819155012011,1,0.864183343310423,0,0
1320,0.29427387431562024,0,1.502171614433406,0,0.06463756922285013,3,2,0,0.5091069620361262,1,0.8841302229387855,1,0
1118,0.7229696089748556,0,1.5731883089785361,0,0.6337707111794005,2,5,1,0.6445278871775574,1,1.2739144566270713,0,1
999,0.19300127406515422,1,1.5477975833179098,0,0.789996724715476,2,2,1,0.46362231141137855,1,0.9849914115774357,0,1
634,0.2527500552783468,0,1.4684783551014733,1,0.3971730363273825,3,2,1,0.5259777468031728,0,0.9255454599298752,0,0
1713,0.3373843584817486,0,1.6297237393066506,0,0.5327744675670355,3,4,0,0.42656803785237263,1,1.077532742520862,0,1
765,0.7259433673384244,1,1.7015364910421924,1,0.3783916487659367,3,6,1,0.6008586412545596,1,1.2877730472342321,1,1
820,0.5736915055854855,0,1.4147792257278933,0,0.8981472824598735,1,1,1,0.641367311474125,1,0.9232582242039509,1,1
2207,0.7288404928193426,1,1.573360401564246,1,-0.3453171891255328,2,3,0,0.5822296782662613,0,0.93065378135754,1,0
587,1.3316589827919663,1,1.5358242030910498,0,1.0858797997061425,2,2,1,0.333284750813423,1,1.3195060081995673,0,0
53,0.6425444176702487,0,1.5874093409265178,1,0.0634988302126393,3,4,0,0.4071257553067221,1,0.9342188257024429,0,1
1589,-0.0007074820005300575,0,1.4973568815498726,0,0.3600952982892185,3,5,0,0.46439785578764126,1,0.9366916471776205,0,0
655,0.5580707904689218,1,1.692391852361994,0,0.7161967360619781,2,3,1,0.24712387126054994,1,0.928897341338239,0,1
500,0.7818950574343617,1,1.5194482506919866,1,0.6671007448980618,1,2,1,0.4227849196843532,1,0.8439149338767983,0,0
1756,0.9662056996208698,0,1.5987856397463958,1,-0.04252005321476249,4,2,1,0.5870687779180588,1,0.998402265170818,1,0
351,0.7234561588652884,0,1.4014205628333871,1,1.3011894244061466,4,3,1,0.4744392402773525,1,0.9630323572887146,1,1
1406,0.47499789255637687,1,1.4335408959238152,0,0.4122280881301901,2,6,0,0.4486875384577561,0,0.7645330638189755,0,0
722,0.2355142988455622,0,1.3800531394133673,1,0.6797780090290059,4,2,0,0.6274593041879173,1,0.9998680859234795,0,0
2255,0.35769084633749915,0,1.400709477717961,1,-0.5173771892072236,2,5,0,0.44657339136586083,0,1.2984528371396993,0,1
320,0.11237253275379022,0,1.4701550459655044,1,1.0630682895968315,4,3,0,0.43343537452504144,1,0.9528535254620067,1,1
1014,0.4186759587548661,1,1.5351110677095705,0,1.595761658629064,2,3,0,0.5455865485606693,0,0.9789166389360209,0,0
2126,0.20916811333194346,1,1.3982746223250642,1,1.0296224809840515,3,2,1,0.5419452286961679,1,0.7193891007523868,0,1
321,-0.015256536163604562,0,1.6639277762784146,1,1.3263977098379005,3,2,1,0.4100062314900976,1,0.8206210940235371,0,0
108,1.258183904366085,0,1.4603657753547854,0,1.1051216949852205,1,1,1,0.4212717005082206,0,1.1960281746364034,1,1
819,0.5597701371201153,0,1.4940370246869457,0,0.49039023125198583,1,1,0,0.5115071083469657,0,0.814066228470788,0,0
1781,0.32583463614877306,1,1.4320696449396564,0,0.1034064582636891,4,4,0,0.40369122411760394,1,0.9354682112644693,0,1
738,0.17309828397597038,1,1.6814204010601441,1,1.3789942211207362,4,4,1,0.4702972061151377,1,1.345705071828481,0,0
413,0.7594305794738452,0,1.4517846469637374,0,0.6008218325607579,2,2,0,0.45739528990632117,1,1.206563249545744,1,1
1211,0.20616044333880473,1,1.3976014377664137,1,0.3728319173303675,2,5,0,0.4753215186587695,1,0.7443837057902485,0,0
2136,0.6652844231660346,0,1.3836078940330097,1,-0.2895984502228167,4,3,1,0.3628669640474695,1,0.8758060198645833,1,1
635,0.4460982025177941,1,1.6333556000024017,0,1.1815699845086063,2,4,1,0.49997699645020777,0,0.7946067572314789,1,1
2220,1.0504569317963568,1,1.3957451558032254,0,-0.15592268476088322,4,5,0,0.5683964142229017,0,0.945441587709496,1,1
1633,0.3113741775573051,0,1.5117402715348658,0,0.4511928873767085,1,3,0,0.3772649242574162,0,0.9096545676746027,1,1
208,0.3185634213971038,0,1.376938800027706,1,-0.29831346812405113,1,1,0,0.605931179050784,0,0.6662894460848535,0,1
1603,0.6099210595051991,1,1.5598045466649433,1,0.1663576388241465,4,1,1,0.46325422866026456,1,0.8202556046246772,1,0
2251,0.8458922111208973,0,1.4409362022293735,1,0.4941065900724205,2,2,0,0.5584429896284033,1,1.2041350052217914,0,0
457,1.1153491678299274,0,1.662506490835317,1,0.6961273724735418,3,5,0,0.6094638261019634,0,1.1322289435243342,0,0
831,-0.02275297994212233,1,1.5144550930481693,1,-0.3316399065792939,4,6,0,0.636936752854061,0,0.9067260712212494,0,0
1744,0.733241575650935,0,1.560639693808251,0,-0.5022172426539562,4,2,1,0.4684354428978423,0,1.0028697700026927,1,1
155,0.05271584416631697,1,1.5548055632364162,0,0.08544358873438918,2,4,1,0.3644922649445117,1,0.6229057758510718,0,1
595,-0.3531295445032717,1,1.5575905954775786,1,0.32213251159382084,1,1,1,0.48663677941193234,0,0.7767421886061854,1,1
2113,0.22331049276488651,1,1.6547086351011018,0,1.9391278540919172,1,6,0,0.27985181389964836,0,1.0360461526440936,1,1
250,0.5215489936589508,1,1.5761959566176849,1,0.2110764966183682,2,1,0,0.6077969322520852,1,1.1924206330488332,1,0
662,0.10055812891171895,1,1.6272265269243777,1,0.17243327089912364,1,6,1,0.4133267021454946,1,1.0656135375545477,0,0
1664,0.7048484206631895,0,1.5032239214355698,0,0.14329825164760512,2,5,1,0.49945348217675806,0,1.0516064090848067,0,0
92,1.3040411805062118,1,1.5031489678536138,0,0.5151992271556592,3,4,1,0.4444243939961491,1,1.0076454626436882,0,1
21,-0.04603854616458969,0,1.5916374852063895,0,0.7415573672082709,3,2,0,0.35192155328548286,0,0.8627170037451644,0,0
2351,0.7759845046953557,1,1.5374515985080661,0,0.4196204208468708,2,6,1,0.32587272096079745,0,0.9871262450511539,1,1
2340,0.9546054818789392,0,1.577482438722716,0,0.35305085176774537,1,1,0,0.389951247606001,1,1.1161564836186992,1,0
1042,0.800303656800154,0,1.583538492614695,1,0.036603120107775,1,1,1,0.3458832962023103,1,1.1290064817722323,1,0
352,0.2580810873882276,0,1.5122528674146294,1,0.29101217776136445,1,3,1,0.5946740845221501,0,0.9992225728392324,1,1
1590,0.4617351637674011,1,1.5795632732057152,1,-0.20879904891457868,2,3,1,0.4270263868134615,1,1.1895945499779137,1,0
27,0.5386219333060052,0,1.2786441204782915,0,0.24000284233542352,2,2,0,0.45797303169561565,1,0.7965570189396374,0,1
1413,0.3421538946130395,0,1.7136527952967318,1,0.9209996857118448,2,3,0,0.43770140107748723,0,1.2533728626451488,0,1
1375,0.4856983744300256,1,1.5664142531500718,0,0.3036567455266809,4,5,1,0.29004884390052954,0,1.0165717874404614,0,1
2064,0.5697981283517813,1,1.5600532631750714,0,0.4506097424371385,1,5,1,0.45516220120182505,0,1.1986547569415116,0,1
2198,0.35478370393227654,1,1.4203319586319856,1,0.3807034561987645,1,6,1,0.5252630803596908,1,1.0327197619910435,1,1
1557,-0.1916487248718206,1,1.4894619611401212,1,0.4888577303058385,1,6,0,0.341274619712781,1,0.8759803253637699,0,0
713,-0.18724318434346354,0,1.559565237964004,1,1.5221370839928665,2,5,0,0.4562820054916993,1,0.7829949498952277,0,1
312,-0.3112901637105415,1,1.4446967237312824,1,-0.1847462372655586,1,5,0,0.5299032718888306,1,0.7937676018250052,1,0
2259,0.5428740740658551,0,1.5419415144589494,0,0.3788594450763654,4,2,1,0.5236357104543977,0,0.6295884081299075,0,0
2088,0.9968629006140225,0,1.576925407495238,0,0.7425942664632934,3,1,0,0.6287574262025266,0,1.160885675985377,1,1
1115,1.1276462765264184,0,1.5867204877232828,0,0.7100169823956081,1,2,0,0.5269670055369349,1,0.952957653116485,0,1
2084,0.41479130273672227,0,1.555257943915158,1,0.5323545330192286,4,5,1,0.5049854775220697,1,0.9527566034417179,1,0
1848,0.8763239327421064,0,1.5372878012539999,0,0.7588637873553994,2,4,1,0.3764412862905741,0,1.077730042774595,0,0
1725,0.6098452283372969,0,1.5797756814880446,0,0.3853187651646281,2,6,1,0.49695195278161575,0,1.035936966435531,1,1
4,-0.02713159422412592,0,1.543262073197093,0,1.2543084564394762,2,5,0,0.41986573052518344,0,0.9095530794880935,1,0
1275,0.4168859694117322,0,1.6439915547589772,0,0.6659762193573453,4,2,1,0.3978152918305076,0,0.848566905390646,1,0
2036,0.31218044094031383,1,1.5755806076063639,1,1.7706811120124712,1,1,0,0.4178733368902414,1,1.0686091131961084,1,1
1197,1.0252815205451364,0,1.5405168725149962,0,0.4210883245429312,1,3,1,0.5565751732862397,0,1.1094737886822634,0,0
1526,0.7523711345066002,1,1.585847841726907,1,-0.551244883238633,3,6,1,0.32869354938299955,1,1.3816023063601415,1,0
855,-0.16368258135962876,0,1.5230796569793599,0,1.2886436053133552,4,3,1,0.46476915958937626,0,1.0033020742991419,0,0
835,0.03743913349464928,1,1.6223010629206631,0,1.424611265215178,3,4,0,0.32790889743951945,0,0.5440595548153533,1,1
1077,0.006391785309753872,0,1.5191756224829012,0,1.3558981156729222,1,1,1,0.4264123108676178,1,0.714416394434491,0,1
1560,0.893623025507463,1,1.6024899451292285,0,0.4530989563753547,1,1,1,0.3203164736111871,0,1.1122235437763717,0,0
216,-0.1184663422384713,1,1.5425877805374242,1,0.8726324232422527,1,2,0,0.5503851913255382,0,0.9977312009051583,1,0
1470,0.28498486715870497,0,1.5489555640366637,0,0.3611677284355427,2,5,1,0.4994631508150834,1,0.9059060386048151,1,1
1959,1.351353367554488,0,1.4417162754207153,1,0.9872785362526841,4,3,0,0.5329594983733603,1,1.2237192022857173,0,0
1721,0.6662007108541582,1,1.5919099247059836,1,0.7831426116969087,2,6,1,0.5209788570314179,0,1.2043714497559306,0,1
1773,0.4021586864617109,1,1.5497963017803404,1,0.401864637366933,4,2,0,0.37542766328911237,1,0.910026784952457,1,0
960,0.3960775158626424,0,1.5724696210190872,0,0.41720674634493077,1,5,1,0.38078189597483,0,0.7504375790741827,1,1
1250,0.20396280998936084,0,1.342309698897337,0,-0.0032988537953347885,1,5,0,0.5294196089130777,0,0.9875933953012497,0,1
1125,-0.11923770435976111,1,1.3681577629527883,1,0.9705193107435948,3,2,1,0.2866948096666405,1,1.1343104118491525,0,1
860,-0.035987728217697246,0,1.7392412786095874,1,0.26387301877558084,3,6,0,0.6077634754624295,0,0.8536903406239779,0,1
2071,0.503540972056179,0,1.5711485653540602,0,0.325324264561596,2,6,0,0.5154900454245682,0,1.6153784051156608,1,0
325,0.20807804049948797,1,1.4984564093585924,1,-0.07851530968599674,2,6,1,0.23020289161187737,0,0.9897643378157259,1,0
12,0.6954489694074466,1,1.5710577253695002,0,-0.7646162682399054,3,2,1,0.49288250958230073,1,0.8973445904857886,1,1
683,0.6828254967585632,1,1.4343320273987215,1,0.6987608031701419,4,2,1,0.30777484344083395,0,1.048628792974453,1,1
872,0.19486477288496018,1,1.6551386946672988,0,0.5030103943381541,3,3,0,0.47149106339741986,0,0.8442442756825901,0,1
1004,0.33023428243471153,0,1.6130100696762064,0,0.3404245349776185,2,1,0,0.5428089685634502,1,0.948925871576823,1,1
1986,0.19136356370513402,0,1.5621740005360611,1,0.5776212456774531,1,5,1,0.47817556145287904,1,0.9221585415636202,1,0
2228,1.227856482512665,0,1.4967983682438635,0,0.16870209826761512,1,5,0,0.501049489718753,0,0.9869816639581066,1,0
2100,0.7981999376343738,0,1.587220273028286,1,0.18999471293619136,2,4,1,0.430303121164627,1,0.7940126217988381,1,0
1102,-0.18333147376184544,1,1.5963802584799944,0,1.1051683552286398,2,4,1,0.5340766588821462,0,0.9240521193258872,0,1
1580,0.9325018312040695,1,1.3739864094093803,0,0.9090060236072722,3,6,0,0.5192365645237046,0,1.2462203050924008,0,0
723,0.38866419342328323,0,1.6140027454444468,0,-0.026353154897922004,3,1,0,0.5081670381361955,1,0.6375136059629463,1,1
2107,0.6669690412778332,0,1.4898890535850906,0,-0.13237001146555083,4,5,1,0.5201609769586727,0,0.8945258311348289,1,0
1332,0.686671202446023,1,1.626994325422039,1,1.2459117085708054,4,1,1,0.6754020157475367,0,0.9187764932344333,1,1
697,0.2310865041712366,0,1.369798289987892,1,0.4538938145528713,1,2,0,0.6094990360654624,1,1.1534849305534551,1,0
480,-0.007247099708159288,1,1.4674051627264624,1,0.008496779191099313,3,4,0,0.6089938818661359,1,0.999759953061716,1,1
137,0.6784008955055226,1,1.5609706046195546,0,-0.3298057744923044,3,1,0,0.6082333988972995,0,0.8735751470903573,1,0
2072,0.8626942750131957,0,1.6640840130263703,0,0.4159979916266598,4,2,1,0.4285184090558239,0,1.3199839337270205,1,0
1255,0.501620343931033,1,1.4028209542625165,1,0.6072209066378874,4,1,0,0.41031317450163407,1,0.8798877752282006,1,1
853,0.10814378593466711,0,1.5547219682876716,0,0.2335055614379068,4,1,1,0.3641544916776513,1,0.6378489942154015,0,0
2122,0.8805809718740154,0,1.3135461390538676,0,0.6200407947286608,2,3,1,0.39393217211844256,0,0.7816468365346614,0,1
1071,-0.09426685656903011,1,1.5107275354402034,1,0.43752957974354034,3,2,0,0.28267449288326857,0,0.9353498338281394,1,0
2323,0.7799844528250546,0,1.5511023933478159,0,0.4763882624588431,1,2,1,0.637622160907034,0,1.0388150508327256,0,0
1772,0.13321512794355017,0,1.7007059368215338,1,0.942304189284506,1,1,1,0.5721406752454877,1,1.1680814608520966,1,0
1601,0.24883825729450726,1,1.3514447282197175,0,0.3322645377563833,3,4,0,0.6081337104456491,0,1.0937904519083148,0,0
2366,0.45038706282223245,0,1.3559639327496151,1,-0.3348852878911346,2,4,1,0.38168917576089384,1,0.972027752247681,0,1
2150,1.4167181788659868,1,1.4638494260593606,1,0.013311392048878323,4,1,0,0.479721737234749,0,1.022309488019584,1,1
1685,0.35984973107881046,0,1.5450408320749274,1,0.5332127770807159,2,6,0,0.5853769921099372,0,1.0075458733381255,0,0
1558,0.2100588332666653,0,1.4710050447217473,0,-0.26250846648671644,2,1,1,0.46090313268396754,0,0.8031518692189445,0,0
1346,0.3928213153805232,0,1.6622599620381895,1,1.5994711021470713,2,4,0,0.513117289293777,0,1.2555160396242195,0,0
951,-0.223100378627193,1,1.4245069258851555,0,0.7466501640215899,2,2,1,0.4874593888298378,0,0.9928602837696142,0,1
2128,-0.3544112898478098,0,1.38673245381323,0,0.19726999369661968,3,3,1,0.5393310493258939,1,0.852466799458808,1,1
2188,0.4883191904514542,1,1.5642000517876817,0,-0.532268234006386,4,1,0,0.5773007691205587,0,1.1152149393205089,0,1
709,0.8750364808741413,0,1.6447327747132043,1,0.8208052594304638,4,4,1,0.4304312725507052,1,0.8271203309216003,0,0
673,0.2694518615376267,1,1.6725074346498876,1,1.1781877062687225,3,3,1,0.42409870987495707,0,0.8744291839596467,1,0
1448,0.9489570099980913,0,1.4913691596136727,0,0.5111500729103683,1,1,0,0.4852594068462892,0,0.7714720287388857,1,0
744,0.4545682383729986,1,1.6262205019541691,0,-0.013580397791805532,3,1,0,0.4477473146327109,1,1.025470974945308,1,1
338,0.4763400401004942,0,1.3611235189154014,1,0.16224625396933157,1,2,0,0.5466695920244227,1,0.893893146800635,1,1
1313,1.248741968379743,1,1.5760249214876392,1,0.12287958471360633,3,3,0,0.5228380047357633,0,0.9762969563711132,1,0
608,0.6959677012130561,0,1.6076770139674204,0,0.6363295705333637,1,5,1,0.5526987779520434,0,1.0687666683701804,0,0
2165,0.3393946923989569,0,1.3066051931008251,1,-0.12176707655557473,1,2,1,0.3874944933074647,0,0.8171419908123154,1,0
1706,0.3022559351577683,0,1.4181326189533587,1,0.07711065749637114,4,2,1,0.42987159913336725,0,0.8630291977562717,1,0
1331,1.0753315681758293,1,1.4719628853585618,1,1.545232080631425,4,1,0,0.6321209562050951,0,0.7557732325335129,1,0
2221,1.0967429774335473,1,1.307284936372937,1,0.7142303468427345,2,4,0,0.4139852686192335,1,1.1426403400866523,0,1
287,1.2073260812603044,1,1.400318027093404,0,0.9761010337149174,2,3,1,0.46017522553129186,0,1.1391491800107012,1,0
703,0.5352247949172574,1,1.5394022938336815,0,-0.0852533689092072,2,4,0,0.5892827803135277,1,1.1025065534916365,1,1
916,1.2937630095631765,1,1.472373471242582,0,-0.24372239397812867,1,3,0,0.3498008290277932,1,0.5133866942524721,0,1
38,0.5203335512219489,1,1.4635141467676764,1,1.0134297384729,1,3,0,0.3715618452101117,0,0.7925316999015684,1,1
811,0.7274670608384999,1,1.485395486413751,0,1.24405155666097,1,1,1,0.5051881311721549,0,0.8079801216411764,1,1
636,-0.18411593597288234,0,1.6544649057827354,1,0.2795537658191978,1,3,1,0.593915588573206,0,1.097124351319148,1,1
835,0.7562589225138947,0,1.407494007980187,1,0.8687066388531377,1,4,1,0.4686834206783148,1,1.0633668812357637,0,1
1045,0.45761788970996187,0,1.5053792288152383,1,0.40855028360972484,4,1,0,0.4445248859267128,0,1.47271694553433,1,1
1155,0.31949852086428776,0,1.5429843491022643,1,0.15072730100787624,3,2,0,0.4005495623202429,1,0.829686041987729,0,1
872,0.5647971842604815,1,1.6173517205955292,1,0.76710179458761,3,2,0,0.47720088205053607,1,0.8488239256441982,1,1
926,0.5730661597186094,0,1.4592887434869615,1,-0.07785024757942371,1,2,0,0.602227660179951,0,1.0307172869174124,0,0
1075,0.5903367577574415,0,1.504418908793955,0,0.27079769001357124,3,2,0,0.545200949393831,0,0.7720021906253579,0,1
2368,0.7680903744267901,0,1.5141321304296849,0,0.18806751822209622,1,4,1,0.5454107906131822,1,0.8728610845599266,0,0
1565,0.6715097021797041,1,1.6228069666802536,0,0.998864274145657,3,4,0,0.6045521542685975,0,0.72580390168052,1,1
2279,0.3958603965001342,1,1.3365771744822148,0,0.6108563217489856,3,6,0,0.5828924139623493,1,1.0902831024078967,0,0
1773,0.6258437726869213,0,1.5796167970475334,1,1.157720292215361,1,4,1,0.4037925057053306,1,0.7035550649059245,1,1
1063,1.415599963662857,1,1.4783354711035968,1,0.010869756995785684,4,6,1,0.5165865061348414,1,1.0168326582344374,1,1
1671,0.27733362823832963,1,1.5741914222334523,0,0.24002734926474706,2,3,0,0.4980947228472741,1,0.8262597765327087,0,1
1557,0.917699002402,1,1.5361430952376642,0,0.9822038430697555,2,2,0,0.35191175045853107,0,0.7024454059075755,1,0
11,0.026850090596678422,0,1.3782516221443002,0,0.269902541518653,2,4,1,0.5839744595221115,1,0.8762361982199292,1,0
1725,0.6085995139280926,1,1.5465363872714541,0,0.7536092406957889,1,5,1,0.5456653663027571,0,0.6397021175911051,1,1
1563,0.9649054620043337,0,1.3724604464381747,1,-0.17690586944889608,4,2,0,0.40709836445158415,0,0.9833413304864196,0,0
1204,0.11045162132944647,0,1.5464024624974273,0,-0.39084007763393336,2,4,0,0.6056599383355286,0,1.2959256161011878,1,0
408,0.43947751232853277,1,1.4592064825423785,1,0.9676251871225416,2,5,1,0.4023631331800366,0,1.314033629715196,0,1
365,0.3229918817052715,1,1.703836022072559,0,0.3382101840047296,1,5,0,0.5706553905128791,0,0.8993614015738604,0,1
1341,0.23863707239808724,1,1.3414199997236251,1,0.3129980053019965,4,4,0,0.4643905831460284,1,1.0545519284660334,1,0
1366,0.1019280173282634,1,1.5015515519337335,1,0.1584916580892402,3,1,0,0.4414419200814683,1,0.9798290285093478,0,1
1079,1.1503881212809361,0,1.662064083516533,1,0.8738362523198399,4,2,1,0.3977695019425716,0,1.0443393666085974,1,0
1245,0.6920260314409202,1,1.4290022877563415,0,0.27376513366353095,2,6,0,0.2561101178425285,1,0.7773145847221807,0,1
2343,1.039611539136478,0,1.5127933936974154,0,-0.013732366136838037,4,6,0,0.5745686161942135,1,0.9251313137982207,1,0
1308,0.915177193687972,0,1.577171408447429,0,0.1588734310124436,3,5,1,0.49470944523608373,1,1.175623245665822,0,0
2078,0.14347019566298863,0,1.3948030491932202,1,0.7020155087855549,4,6,1,0.6233411901084822,0,0.9061108194958566,0,1
1575,0.7808058718980044,1,1.4957647023291816,0,1.1486191635086764,2,6,1,0.4613623984755453,1,0.9826896579467875,1,0
636,0.9203608908548921,1,1.4539801937204921,0,-0.05241393731489152,1,6,1,0.5483889514287172,1,0.9038429384999551,1,0
710,0.7837520906713442,1,1.5063028129493867,1,0.7881830867337304,2,5,0,0.5755361426509313,0,1.3070383122332008,0,0
208,0.6823763168822389,1,1.3865143236404354,0,0.2098023167812248,3,5,0,0.5644603233237006,1,0.9556538026243728,1,0
1324,0.46365904513768663,1,1.5750550048168173,1,-0.12793626788588153,2,3,1,0.45559004984819,0,1.2572776268656694,1,1
538,0.3250423665325687,0,1.504919474892995,1,0.7224156258184482,4,3,1,0.4900675986173925,1,0.9711886889199227,0,0
737,0.13248815935458585,0,1.569480735847104,1,-0.5182644882703527,2,1,0,0.4907139513297886,0,0.9985234750247699,1,1
1609,0.9108759440425203,1,1.4590243527769864,1,0.8987318572895067,2,4,1,0.4688284384273157,1,1.2694209470631126,1,1
106,0.5168581681385631,1,1.4463955333711844,0,0.10276604536812123,3,2,1,0.301767701173565,1,0.72781046776028,1,0
2321,0.9999986863371746,1,1.434274108328125,0,0.8693683262081797,2,3,1,0.4960447971433559,0,1.0880735914627129,1,0
2109,-0.08350047903859892,0,1.5631300839288316,0,0.3466185746215287,2,3,0,0.5823786097668868,0,0.7560783455665142,0,1
1292,0.3501551046834369,1,1.4015553097558027,0,-0.41192762594008014,2,5,0,0.4229679465582812,0,0.8440328722298249,1,1
1305,0.682860663121218,1,1.6048519088864739,0,0.788785061069543,1,4,0,0.5104246619401092,0,0.7405352839363117,0,1
2309,0.02852426009827369,1,1.6753736644670525,1,1.2175124286232895,2,6,0,0.4113741230174155,1,0.8178997929606615,1,0
2296,1.0262412567605477,0,1.3392183205406245,0,0.22324865431717972,1,5,1,0.3816185976403834,0,1.0050062734182021,0,1
443,0.2869667123605622,1,1.5100209211539382,0,0.8949382753108599,3,5,1,0.5060027121578322,0,1.302332495025647,0,1
1097,0.021373275092728516,1,1.2299003830751096,0,0.35001283372751146,3,4,1,0.4676820650823624,0,0.8419533371907644,0,0
204,0.6210694540046534,0,1.594902181957234,1,0.6571357193214593,2,4,1,0.4333740852154795,0,0.8381623793292863,0,0
1165,0.6035987389231574,1,1.3981546844041217,1,-0.2573352136029231,2,4,0,0.45403068253359646,0,1.1446459853481292,1,1
1963,1.155729919747328,1,1.261502755610701,1,0.30484963113982566,3,3,0,0.4921994853772369,1,1.125723755254378,1,1
565,-0.1116485805571854,1,1.507397302788648,0,-0.37437312932652556,4,5,1,0.4010947805396883,1,0.7875640598087921,0,1
844,0.8015821171633839,0,1.4792490917345393,0,-0.03554592716685934,4,5,0,0.34464004626760997,1,1.2461860023210167,0,1
504,0.592184924117647,1,1.378073316110065,1,0.5062520992589142,4,4,0,0.32567626925326476,0,1.0763268279401565,0,1
727,0.81331931482077,0,1.4336374119712982,1,0.3667533714099054,1,3,0,0.5209175977246832,1,1.2476398759354006,1,0
2066,0.3831244518890066,1,1.4572881248282539,1,0.6798242244400303,1,6,0,0.47899589175095514,0,0.9267283861497323,1,0
117,1.1066030679452914,0,1.4887342149382694,1,1.124068846533811,2,1,0,0.5457505164486003,1,1.1607125946974703,0,1
2093,0.7920587582212691,0,1.443934230777212,0,1.2360697845741253,4,1,1,0.5366970728370966,0,0.5245142701995159,1,1
2276,1.1937210098589983,1,1.3710923267331256,0,-0.26435424604262303,2,2,0,0.5628071961915316,1,0.9989108078587849,0,1
796,0.581797798368467,0,1.5452770294791494,0,-0.1752843785764584,3,6,0,0.4775526454472594,0,0.8284786663861969,1,1
1209,0.36192888610937474,0,1.343346580858217,0,0.8933363904477589,2,5,1,0.429206768338792,0,1.1077931166544477,0,0
1305,0.5549895085554591,1,1.4847914899210801,0,-0.05854549930010433,4,5,1,0.43685816867008403,1,1.2014262192040626,1,1
1149,0.7235005659642781,1,1.592953173198738,0,-0.6416690376150027,3,2,0,0.4402133533886557,0,0.7449619508670307,0,1
1226,0.4040464836201841,0,1.3718045227044535,0,0.39632234871919986,2,4,1,0.4947805644893908,0,0.716998504649948,0,1
1773,0.9677153300579076,1,1.617020773477875,1,0.49802719626285386,2,4,0,0.4328949342253565,1,1.11778031544872,0,1
1338,0.6187471922755183,1,1.5295424433237377,0,1.9404461347094792,1,3,0,0.44411683427549037,0,1.1967826645894128,1,1
693,0.8493054525948674,0,1.6213380217662872,1,-0.018292032614383946,1,5,1,0.4875193943978573,0,1.1209738737630979,1,0
258,0.3635211486892559,1,1.5665983594500412,0,0.6474225224627008,2,2,1,0.3563013531583313,1,0.9068954965256445,0,0
913,0.8321673095875743,1,1.547804388327872,1,1.468895537906262,3,5,0,0.5146560347433791,0,1.0176430028448535,1,0
712,0.8772359740480491,0,1.5041245649418313,0,0.2578360207797712,1,2,1,0.4518944682623773,1,1.0089167227423814,1,0
387,0.7374919869047574,0,1.615083281036777,1,0.8062157342221876,1,3,0,0.4302743705731893,1,0.7551458856294051,1,0
1128,0.2735026156865232,0,1.4511892812107945,0,0.005108963383041232,2,4,1,0.516007364183166,1,0.8522562461777067,1,0
1285,0.18578553905145478,0,1.5153225614658532,0,0.20198979865778,1,4,1,0.383047667305258,0,1.1362551380983812,1,0
316,0.5238509787250041,1,1.650315346950281,0,0.06127227040431471,3,5,1,0.5284824742568359,1,1.123808577307359,0,0
1175,-0.0454207859653859,0,1.576564610797688,1,0.8397067463069918,4,3,1,0.5423302556547748,0,1.0913180287405921,0,1
1669,0.8062909927048691,1,1.5634289825099315,1,0.8500763542316363,3,3,1,0.42249103115822867,1,0.8396689704780802,1,1
593,0.9696540397640663,0,1.407474044502276,1,0.5381368123308801,1,4,1,0.5245400090642537,1,0.5316237643844298,0,1
1464,0.9751157216062212,1,1.602726463337717,1,0.9208075379000782,2,5,1,0.4101404922050653,1,0.7521632474600746,1,1
231,0.8027212054616903,1,1.4287351164073179,1,0.8150949056845103,1,5,1,0.45288023178276937,1,0.8244630725702043,0,1
654,0.3538115944485586,1,1.4412055325410569,0,-0.38665975169313926,1,6,1,0.6169699258191157,0,0.930671328146092,1,0
204,0.49816966586347616,1,1.4007146040517264,1,0.08115252456000699,4,1,0,0.5120361819910055,1,1.0091611854435267,1,1
972,1.2004097719588296,1,1.4320559971189522,1,-0.2625770377378005,3,2,1,0.5965147901168877,1,0.8903967561681347,1,1
204,0.937752003032564,0,1.6599022438826176,1,0.25972336474730656,3,6,1,0.4667885383753041,0,0.9868403834090865,1,0
811,0.5406362380298148,1,1.4904515579890039,0,0.39293107806985467,1,2,1,0.5639996514362728,0,0.9904856936896439,1,1
2150,0.5904183506841415,1,1.469338728994847,1,0.9501954720014938,3,5,0,0.43049086371318274,1,0.9599351445718579,0,0
1600,0.13277194157368244,1,1.5178890493944113,0,0.5633720903708037,1,2,1,0.435346904180044,0,0.849981617447956,0,0
616,0.8342347688990638,1,1.4885039282889743,1,1.2033560642116652,3,3,1,0.4728963926043561,1,0.8853137449039079,0,0
813,0.5466822144646458,1,1.4100422244327966,0,0.9605688612681066,3,1,0,0.45800096475043445,0,1.0107453613594872,0,1
946,0.24749218424734853,1,1.5499151019980306,0,0.6171782357163269,3,3,1,0.4995052904865217,1,1.2302782475555027,0,1
1864,-0.045572347968067084,0,1.3797014493273316,0,0.958284983125449,3,5,1,0.38569135262085474,1,1.014828249863833,0,1
325,0.6099973569188903,0,1.4839609125488147,0,0.6868753094397586,4,1,0,0.5473183941626112,1,0.8583302456465108,0,0
59,0.9163217514142677,0,1.550825316785781,0,1.054443437442818,4,4,1,0.45647744664304896,1,0.9622969602492205,0,0
1872,0.8980418632287168,0,1.7339029220219313,1,0.9472333295841717,3,2,1,0.36962472523291146,0,1.010399752243848,1,1
146,0.12314055811739066,1,1.530561413402201,0,-0.0665723865665172,4,3,1,0.4805706194398531,1,0.8626959856264614,1,0
2273,0.18609247883559893,1,1.6616874445570244,0,0.4896077586407834,1,2,1,0.570658481209366,0,0.9405109388761901,0,0
739,1.1156765241400044,1,1.4557769118783535,0,0.6617357412912934,2,2,0,0.5524734346983443,0,0.8091831111118744,0,1
1053,0.33577416817924866,1,1.5601527842040297,1,0.15386598767139392,1,2,1,0.5039572573632993,0,1.0233382653728984,0,1
114,0.9567700350761397,0,1.6388724042823573,0,1.0035350338077427,2,6,1,0.44150157404325346,0,1.0899937474506423,1,1
1342,1.405944070079332,0,1.547618232610829,1,0.656663661540231,4,5,1,0.5267220283186315,1,0.6216684183303729,0,0
898,0.5298642229004146,1,1.501673244146205,0,0.24226189805730197,4,3,1,0.5628160656901882,0,1.0164531609154468,1,0
1758,-0.05757060965663052,1,1.4005931731451464,1,0.16059163721063363,2,6,0,0.45651287534400425,0,0.6370348123377345,0,1
1601,-0.567600311901352,0,1.4518095269663291,1,0.513618354051511,4,4,0,0.39212158666162233,1,0.7709706770170383,0,0
2110,0.3101415116475905,0,1.3235365480345855,1,0.8438624909597429,3,6,0,0.5278385697497913,0,0.9313607141981624,1,0
1809,0.4255806203549672,0,1.4542756880068248,1,0.645620486850333,4,1,1,0.3349031091860895,1,0.730814676697161,0,0
631,-0.2596378343003587,1,1.4406012048361352,0,0.917611564644063,1,6,0,0.4052802419257247,1,0.9783181305610867,0,0
2018,0.2448029481067745,0,1.575224860300591,1,0.8750609455769719,4,3,1,0.3985001146515629,0,1.2797030678087582,1,0
1546,0.8323222866348483,0,1.518330146599195,0,0.5713738736480336,4,5,1,0.4689429732849105,0,0.880225812040358,0,1
105,0.09411834904095284,0,1.7331122273773043,1,-0.31572488887654104,1,4,0,0.5396203817733538,0,1.0286777399677836,1,0
1312,1.0301091519564816,1,1.4408010806486957,1,0.6939466100530751,4,5,0,0.5018065096713608,0,0.7226525271004884,1,0
848,1.127566652603499,1,1.4649591325437559,0,1.0267240239189765,2,1,0,0.5383509042012069,0,0.8682504316160401,1,1
1306,0.7543684052464747,1,1.4469129456000878,1,-0.574592588177959,2,6,1,0.45303071451361476,1,1.0889731887876934,1,1
115,0.5760222125295952,0,1.483953722935237,0,0.8719168434289821,3,5,0,0.4806489412036314,1,1.4756295895299352,0,0
624,0.6062878205447502,1,1.6797600803885442,0,0.5455390406111305,3,4,0,0.5567064716988357,0,0.8268040329472605,1,0
1653,0.9310014378046679,1,1.4314388014309642,0,-0.0885919266488564,3,6,0,0.3712650362191102,1,1.0799562499557864,0,1
1621,1.085412092314743,1,1.4542248647196825,0,-0.3236766154672396,1,2,0,0.3776582790152607,0,1.1530107254129112,1,1
1473,0.49694255635052764,0,1.5838492633691261,1,0.353855086107449,2,2,1,0.37757924907895224,0,0.981804312319015,1,0
1852,1.0787157994585068,0,1.357376058451091,1,1.1382440086802896,2,2,1,0.37589353025430966,0,1.081101291204052,1,0
185,0.48440248972549715,1,1.4572780171332316,1,0.07043391962368828,2,3,0,0.4508024803659161,0,1.1823990251067713,0,0
2082,0.2833781209168301,0,1.46109578248966,0,-0.48707560283190066,3,5,0,0.6168650203013173,1,1.0194542458152862,0,1
1429,0.3731829480169635,1,1.3789452374158138,0,1.6528668881469475,1,6,0,0.4101608517441714,0,1.2537661583383526,0,1
625,0.5508468020044782,1,1.4761485611520662,0,1.477812925282592,4,3,1,0.368034323016418,1,0.911870420300827,0,1
2149,0.7746907646311076,0,1.5055209398914455,0,0.2544359693958895,4,5,1,0.4482369022436814,0,0.5839786853779273,1,1
892,0.8133251092393197,0,1.4201269176463946,0,1.1304130546911377,3,3,1,0.39568859994277983,0,1.0879658398920051,1,1
282,0.28017697170693245,0,1.4171917614845126,1,1.6044358318522844,2,6,0,0.550266944419717,1,0.8669301934469311,0,0
2064,0.38881351078349136,0,1.5271786780903878,1,-0.09318223841147255,4,3,0,0.4087911389386308,1,1.2958694783744613,0,0
605,1.039232750932895,0,1.3839534591996177,1,0.8565157060890565,1,2,1,0.33509058605246556,1,0.8743410005368873,1,0
695,0.6639521692247236,1,1.5506718239152926,0,-0.1402154990741452,1,1,0,0.5611779960229224,1,0.9984948055764853,0,0
2027,0.7351536319855625,0,1.4595955732604302,0,0.5543983114102635,3,6,0,0.41392550924460003,0,0.7672244551478502,1,0
595,-0.17384271174088117,1,1.5280372929740793,0,0.3543777433966516,3,6,0,0.45679804698012766,1,0.6935233072763549,0,0
1171,0.44449739814686695,0,1.635014111417688,0,1.0948628497768458,4,3,0,0.5540425287265143,0,0.8008980421617113,1,0
974,0.3438483771447112,0,1.364651532080888,1,1.1872164444406723,2,3,1,0.565181365571312,0,0.7739465281498614,0,0
2238,0.6376408718734345,0,1.5696574424129952,1,0.44518813587234646,1,5,0,0.3949283797997125,0,0.8641672431089896,0,0
359,0.4481819006773923,1,1.4916584485774824,1,0.4453438182430039,1,4,0,0.47705338578730677,1,1.0049808559819025,0,0
264,0.48656420720378707,0,1.4397177120704279,1,0.4203502353870504,1,6,1,0.3876073693981566,0,1.0817121534429839,0,1
1566,0.8777061348739877,1,1.691044799101957,1,0.45168551432254533,4,4,0,0.5177246739653998,1,1.0108613184921542,1,1
1103,1.2574246647661087,0,1.600574736196441,1,0.5137633696338754,1,2,1,0.4577689111027199,1,1.3902185800552367,0,1
1781,0.7249930482104134,0,1.4757494102591526,1,0.7915549700295765,2,6,1,0.5008913928131675,1,0.9259945558609379,1,1
1373,0.6652727982346649,1,1.3143763434698215,1,0.5346927209254211,4,4,1,0.5563687148024533,0,1.0353144299885335,0,1
378,0.4975907247250635,0,1.2551314338054527,1,0.07363114203556753,3,2,0,0.4636399724179709,0,1.0052128732498704,0,0
1210,0.7101956481179597,0,1.5392232751734465,1,0.3520438114021277,1,1,1,0.29642925648491203,0,0.7680964641951123,1,1
1847,0.7130428861944126,0,1.2711489083601226,0,0.25363481259535864,2,2,1,0.5901365967679816,1,1.0828673565089317,0,0
1686,0.23109713124972286,1,1.5130051677008287,0,0.5630625783607588,4,3,1,0.46488398588017316,1,0.5825054277988699,0,1
559,0.2018820886249988,0,1.5732154593660586,0,0.6718174519558064,1,5,0,0.31432852717943816,1,1.3287329633868012,1,1
1276,0.19551746708055612,1,1.6653691080305666,0,0.2529300250488432,4,5,1,0.49417810529756895,1,0.9465222686243933,0,0
1907,0.7322211614386398,1,1.5407997487206995,0,0.6925517212728999,3,4,1,0.5017177397243452,0,1.1523798563675376,0,0
1078,0.23719840061222452,1,1.4280916461691295,1,0.5520881318501253,3,1,0,0.4202154242749285,0,1.0919174188555218,1,1
1731,0.7555312038621014,1,1.605666667221979,0,-0.1574960241233655,1,4,1,0.41773129579019197,1,0.8617642815261779,1,1
871,0.7289361489248056,1,1.6647472603506643,0,0.285970092670783,1,6,1,0.45584226590567867,1,1.114173853305711,0,1
705,0.7588621199466574,1,1.3410727799361961,1,0.07912903710880936,3,2,0,0.4609022529064062,1,0.8054678245216104,0,0
829,0.5273636304987559,1,1.4691125262032831,0,0.014029094545862042,1,5,1,0.555653043856959,1,0.5427614168913618,0,0
71,0.8281479022620444,1,1.4335602280477495,1,0.6215316673198877,2,1,0,0.4076147488258599,0,0.8843407758054007,0,1
963,0.21047457079873433,1,1.5064919524052667,1,0.8234713381522342,1,3,0,0.4582000593042026,0,1.0355507145556266,1,1
1684,0.7713125421980658,0,1.4078390637187916,0,-0.17713746610309644,1,3,1,0.388705566832282,0,1.0757122249693816,1,1
2103,0.3695981050043063,0,1.483258708959291,0,0.3555664364205704,3,2,0,0.4545649830887666,1,0.6355471859677724,1,1
1716,-0.1124023347073646,0,1.5494376160488323,0,0.3388133070271554,2,5,1,0.6365429265181783,0,1.2759421630497976,1,1
1667,0.4218358058355032,0,1.396580701624367,0,0.6591906039542146,4,1,0,0.537768595856036,1,0.857603639628123,1,0
77,1.270806971824959,0,1.3881370734575267,1,0.9158020061584407,3,4,0,0.5121382751985836,1,0.7731335520736111,1,0
956,0.6021838298530668,0,1.5970299796047862,0,0.9485475827327043,1,6,1,0.47676629989617825,0,0.42958168777101324,0,1
2172,0.6077340676958706,0,1.5462689536714775,1,-0.40900572886070485,2,2,1,0.6029753187529954,1,1.2735616178824085,1,0
2214,1.2458010628079241,0,1.3941911180549997,1,1.489808597530775,4,5,1,0.48082686611096986,0,1.279679939229787,0,0
490,0.43785211734241936,1,1.480127359493173,1,0.20878899601225226,1,2,1,0.6367638572953165,0,1.0738290716245122,1,1
1995,1.0579467540331478,1,1.5470710960209437,1,0.6334369437821982,4,5,1,0.4298246490654253,0,1.0113834288325134,1,0
1842,0.7141302566495891,1,1.3454553204753275,0,1.3203690048821421,2,1,0,0.4708354789574466,1,0.8845503408631912,0,0
259,0.39372582482244267,0,1.6584156766855866,0,0.06269581267005303,4,6,0,0.5005182961960648,1,1.0869187750683202,1,0
1859,0.5107429086042721,1,1.59648224887185,1,-0.22479958836186054,4,4,1,0.46280129839814543,0,0.9431283799206864,1,0
929,0.10555580690546568,0,1.3378937212528286,0,0.23622262736809213,3,1,0,0.47466378042795243,1,1.1847918455883661,0,0
308,0.5854339845006218,0,1.4984653085373916,0,0.19685928040222522,4,2,0,0.3040612357301493,0,0.9256778796100879,1,0
689,0.6522561834877436,0,1.4328284310076458,1,0.17361242010985223,2,3,1,0.5213527808352767,1,0.9529584958488503,0,0
195,0.20926032685108692,1,1.3064503957236302,0,0.3311080797326188,4,2,0,0.5020771467966367,0,0.9836368602505446,1,1
1414,0.3463438260830555,1,1.4584245800992848,1,1.2456512045758683,3,2,0,0.40659189388423234,0,1.27597987000236,1,1
636,0.6681756433741737,0,1.4962380132119695,0,1.366116579696087,2,6,0,0.42105378643927643,1,0.9935452717613613,0,0
2080,0.4368765258919543,1,1.4675002474832635,0,0.48606624350007716,3,2,1,0.42432535309488306,0,0.5168237493967989,1,0
2193,1.176729774701049,0,1.52070231515836,0,0.43665664005178706,2,3,0,0.47625871134275805,0,1.1221465162212136,0,1
526,0.8897363612030416,1,1.4825636217752889,1,0.24862316651210437,3,2,1,0.6088177852132479,1,1.1708728321642645,0,1
1148,0.6415639482146515,0,1.4264092171557274,1,1.0250988234988925,4,3,0,0.4530697786116094,1,0.8012879882371848,1,1
1839,0.6515232206191202,0,1.5803185257418124,1,1.25468762418862,4,2,0,0.6113583700439312,1,0.7520774028864792,1,1
758,1.228475166851978,0,1.571459062894871,0,0.41061073939807635,4,2,1,0.45036330052391554,1,0.9775712696957233,1,0
1661,1.0720994032804807,0,1.4295444427309567,1,-0.0923076372763666,1,3,1,0.44977212758708707,1,0.916503474547475,0,1
979,-0.04016125176864538,1,1.586318232118708,0,0.77798106349358,4,4,1,0.5390032814342887,0,0.919204500052727,1,1
777,0.09863483389861333,0,1.5664997251555444,0,0.5195807284863495,4,1,0,0.3156720462473187,1,0.9068246695883565,1,0
416,0.2891414886718042,1,1.4999532428660165,1,0.4520265307586152,1,2,0,0.41448477948224244,1,0.9909973836179736,1,0
1279,0.12300625146371336,1,1.429779527172153,1,-0.2057432289176666,2,1,1,0.5174446625624093,1,0.9726676964664934,0,0
778,0.2575060413574295,1,1.4514468238462281,0,-0.1575224586042323,2,6,0,0.4551861117704798,0,1.0945751403831192,1,0
931,0.15825126274539086,1,1.301897983631131,1,0.9336608008313234,1,5,1,0.5128741029138707,0,1.2763399598557907,0,1
329,1.275374709825836,0,1.4513887653125634,1,0.7716689743090988,3,4,0,0.5075565816671109,1,0.9783617526263902,1,1
651,0.6952824914598634,1,1.3924850676278937,1,0.4503574808247048,3,2,0,0.3285884181615304,1,0.8945888782816068,0,1
2379,0.33561492641207485,0,1.5613304971034883,1,1.5162551028889815,3,5,0,0.6357243219592358,0,0.8636845692489816,0,1
1642,1.0145666083615954,0,1.5093192712371792,0,0.6151066229063709,1,1,0,0.4171405134578953,0,0.8449326431652987,1,0
5,1.4935971838256683,1,1.5437042562621082,0,1.3609251727139688,2,5,1,0.5352049230593264,0,0.8848978555504597,1,0
825,0.5617051846470044,1,1.4622968758837547,0,0.1648565024975721,1,1,1,0.3134633340577919,0,1.0428169891812133,1,0
235,0.4639108766628126,0,1.4073436405613582,1,0.7514310775945331,2,4,1,0.4390697044307159,1,0.967375409375227,1,1
2239,0.7610515569967714,0,1.7467136362338167,1,1.0495767914347391,1,4,1,0.4558945933498124,0,0.48867573340687975,1,0
1028,0.0896739224277534,1,1.4622360646995753,0,0.1976858882248282,3,4,1,0.4501156042786164,1,1.086974491262743,1,1
2149,0.7852007830449249,1,1.624154877808403,1,0.5775479341851432,4,2,0,0.4811269529844265,0,0.7321902796609479,1,1
1469,1.0925345808985232,0,1.3414401390000454,0,0.8838263049870756,3,2,1,0.43781363474378243,0,1.4398878122817411,0,0
1110,0.4416028434207772,1,1.4521261210023815,1,-0.41662293409365037,4,4,0,0.429970381893838,0,0.9319456211666683,1,1
2143,0.6199790878228747,0,1.454203786241228,0,0.13101527247355832,3,4,0,0.605996536075552,1,1.1447971920686706,0,1
1689,0.2896675375128942,1,1.4768761600563312,0,0.7425146122837828,2,1,1,0.39149601984731996,1,1.0949518581558682,1,1
1625,0.08481702110134187,0,1.600887178315503,0,0.5125517848508058,2,1,1,0.45419103676748585,0,0.8365736937907192,1,0
2294,0.8947801080406786,1,1.4832115857400767,0,0.5608046637277005,3,3,1,0.4771272683287929,0,1.2803017047590368,1,0
1626,0.11511789656332133,1,1.443934115342569,1,0.05448498557635523,1,1,1,0.5028434733551459,1,1.5040979902463736,0,1
1279,0.5034015070511085,1,1.4619738849910724,1,0.8423957226029829,2,4,1,0.5022022680484826,1,1.2110820019972097,1,0
612,0.570796099305252,1,1.55122286169977,1,0.5058510108453337,4,3,0,0.40643733757363437,0,1.1251064465981058,0,0
1317,-0.018145531040933194,0,1.5279503243157715,0,0.6490301505214124,1,2,1,0.44321387316415717,0,1.2783975230796822,0,0
42,0.27435790507977814,1,1.4656046879986226,0,1.3846736809961873,1,6,1,0.41193400475095665,1,1.1211818772497206,1,0
170,0.901246477049116,1,1.557938090363283,1,1.423048101239886,1,5,0,0.31383797594200946,0,0.892800456068436,1,0
1569,0.6645407339666981,0,1.430253649259173,1,1.046363706666336,3,1,1,0.6198679451625713,0,0.9221674256002171,1,1
1419,0.7374592884743612,1,1.6253675541293289,1,-0.15133462514483798,2,4,1,0.4262962149200631,1,1.1910528429845006,1,1
1919,1.128122789319701,0,1.3971524639909123,0,0.09180799732135586,1,1,0,0.4992502839423485,1,0.9214925527032738,0,0
745,0.9625005349614546,1,1.7343062502092252,0,1.6204875289519105,1,1,0,0.428086575629233,1,1.1586978192841415,0,1
1262,-0.4981767710481342,0,1.5635664044812947,1,-0.1458323439002499,4,3,0,0.38441745400632077,0,0.7923147213508731,0,1
1990,0.036655249113055566,0,1.3530877009080733,0,0.40402630326388705,3,5,1,0.5716149517798876,0,1.1657185268669523,0,0
2195,0.3809506509376743,0,1.5092560707893974,1,0.9658958130144244,1,4,0,0.5703420511471867,1,1.094328852109283,0,0
1887,0.1361143492702721,1,1.3604582583879905,1,0.9629311954836117,4,4,1,0.4058388488594455,1,0.9063875739285683,0,0
1723,0.6249550526974009,0,1.5362452571930962,1,0.7083732797099558,1,1,0,0.49463014761677865,0,0.9729470746386474,0,1
1718,0.030334963275180538,1,1.3549593193349585,1,0.4952527733713149,4,5,1,0.41026359812728985,0,0.7594602473226186,0,0
414,0.09264676375460668,0,1.4666650990711374,1,0.3627643950384978,2,2,0,0.5743512581529056,1,0.9261774466406597,1,0
279,0.309084166575572,0,1.482080625726925,0,-0.04176819009936028,1,2,0,0.4205905952579969,1,1.2851709604244137,0,0
1817,1.037981867852807,0,1.403145198494871,0,0.7537359497053882,2,4,0,0.42446872774150113,0,1.106366296576549,1,1
831,0.15883087964585813,1,1.5586875080050775,1,0.6751143241099159,1,4,0,0.49329701637435464,1,1.0111947800002659,0,1
2218,0.18730362500781023,0,1.5582071695819026,0,1.1176212748992014,1,1,0,0.4926006921436631,1,1.2922872243483254,1,0
1926,-0.24363048239701612,1,1.4392281321878537,0,1.0413145217274429,1,1,1,0.6402460664074723,1,0.8186078530653456,1,0
1157,-0.30144568647392556,0,1.3640324173107325,1,0.9815584792277187,1,1,0,0.5114175855867222,1,1.1020338579727667,1,1
1128,0.9899947710072527,1,1.6146268093355978,1,1.5907845811581187,4,3,1,0.5746754232092762,1,1.135744025349271,1,0
1087,1.3721017913071187,0,1.4662804976945096,0,0.255440852838533,3,2,0,0.5538909544161522,1,0.541349487695201,1,1
2177,0.28239859217888197,0,1.4528884679280074,0,-0.030776105539954912,1,4,0,0.5895869811117332,0,1.1525434462290811,0,0
2346,0.509492945528697,0,1.5408578846342775,1,-0.057402837703948606,3,5,1,0.5666519935240629,0,1.2842284992311446,0,1
1208,0.016490958124249888,1,1.4657901639875266,1,-0.29444962595838997,4,3,1,0.3851052887107188,0,1.0480745314952817,0,0
810,0.32656657257119365,0,1.548256423057852,0,-0.011309772290924669,1,1,0,0.3759618488939238,1,0.6728402625914554,1,1
2166,0.2732930077903164,0,1.7573751651911067,0,0.17195843592183208,2,6,1,0.4409174513389644,0,1.0754921642578323,1,0
1221,0.8189228179266794,0,1.52108504431234,0,0.6561621948057168,1,4,1,0.40387465597383065,1,0.8560021051080169,1,0
52,1.2072534209185206,1,1.5182946595262286,0,0.8970996092654475,4,4,1,0.5992725064367264,1,1.1680659916856233,0,1
2240,-0.09365936178173995,1,1.498653987229831,0,0.526666123649834,1,1,1,0.63723571387205,0,1.0050425661178302,0,0
1103,0.36049812925060754,0,1.345571080307126,1,1.6074705213651939,2,5,1,0.37554177946076084,0,0.8551471697887447,1,1
766,0.4008231467448536,1,1.4514762710707496,1,1.8046492538402021,4,2,1,0.4560729013560442,0,0.9052169957478354,0,1
369,0.8239719720430363,0,1.4392859021152777,0,0.6643640132742867,1,6,1,0.5789849355354679,0,0.987857763503205,1,0
982,0.4452969761651332,0,1.366674991728386,0,0.08949190670784496,4,6,1,0.5374241332775647,0,1.0745850500964065,1,1
370,0.5307935028720973,1,1.604038810781146,1,0.02091818741694318,4,1,1,0.3650733967939409,0,0.5897180551989756,1,0
2051,0.18148043075176656,1,1.522864247032561,0,-1.0821809724227285,1,6,0,0.5843600182027121,0,0.579425299208929,0,1
2344,0.4318181601641812,1,1.675302016891778,1,1.0998758625081146,3,6,1,0.4037241345403676,0,0.8948971683051283,0,1
1465,0.33915715158809245,1,1.4587483297433657,0,0.21459495448967036,3,3,1,0.4570640956289158,1,0.6239199654693521,0,0
894,-0.1232464610695645,0,1.4475212167417622,0,0.8015771112960122,2,4,0,0.47590878430617045,0,0.7309111673464992,0,1
1261,0.8327012534182331,0,1.5702508881978297,0,-0.21736961761933093,3,3,0,0.39359937667806955,0,1.1095298302565915,0,0
1557,0.6718751353012462,1,1.5485724146036106,0,0.006890631293882676,1,4,1,0.49854842735079896,1,0.8157412851432096,1,0
1980,0.8929014096283068,0,1.5218352574688436,1,-0.012875366826852974,1,5,1,0.5714346788302056,0,0.9034131357737673,1,0
1370,0.9473967485448571,1,1.4112598501804428,0,0.7017434516084826,1,4,0,0.4563871401308988,0,1.2155355983551333,1,0
1835,0.18206367365057946,1,1.6200876361196184,1,0.30209553243734355,1,5,1,0.5205301196562846,0,0.8502329945078185,0,1
2098,-0.15455001818469216,0,1.455345190583051,0,0.8514610753065204,2,4,1,0.4168351123588268,0,1.2153320349040437,0,1
2204,0.7039160425671944,0,1.5396581941469665,0,0.1713866982739724,3,6,0,0.39468971175516715,1,1.0876345356871562,1,0
1284,-0.1882126417632709,1,1.5275290684186993,0,-0.1783528044380196,1,3,1,0.5135295238402824,1,1.1207167187663987,1,0
2339,-0.2532351072689395,0,1.5491313392438149,1,0.9165045631771775,4,5,0,0.5354365730024456,0,1.1094218620644,1,0
1400,-0.05772789044123838,1,1.4575995874763101,1,1.0583883974550174,2,1,1,0.545951339073607,1,1.048977964568505,0,1
156,0.3555337342553998,0,1.4401536182011696,1,0.4629531102256875,1,2,1,0.5386557059502386,1,1.0692887019109625,0,0
682,-0.0071239345773521645,1,1.3844461389631675,1,2.042269682294326,4,3,1,0.4084436104881494,1,0.5661755009201963,1,0
2231,0.2806391873729246,0,1.369543097202742,0,1.075078954109664,2,5,1,0.4682866947954628,0,1.2022889874196727,0,0
355,0.6493308074416819,1,1.3898885366774414,0,-0.4029289186630455,4,2,1,0.44122005140599774,1,1.0572665789149993,0,1
289,1.0213017591284517,0,1.4760738119600318,0,-0.43228165194167023,4,3,1,0.4592760718080812,1,0.9345789664486798,1,1
934,0.20959054041769387,0,1.5113503516201312,1,1.2896050484266506,4,3,0,0.5334512200709172,1,0.9709879531095522,0,1
542,0.6548593158242685,0,1.4464066143149799,0,-0.3739066781078414,1,4,0,0.4583296337776307,1,1.0723292210109936,1,1
409,0.07398741173349738,0,1.6285878373674199,1,0.39849321326729426,1,1,1,0.5316648491053331,0,0.8377163286326699,0,1
2241,0.11258167042842976,0,1.4495417249333507,0,0.14325331087820153,2,6,0,0.48779245355021716,1,0.8497494899603897,0,1
457,0.7117540350699607,0,1.458057867872282,1,1.803934181568855,4,1,1,0.44002246987029064,0,1.1126686218042128,1,0
1963,0.6628762895879541,1,1.570291544511821,0,0.49102835954429497,4,1,0,0.40980346984886357,1,1.1243094135163019,0,1
1495,1.0622323208054791,0,1.4453795313618794,1,0.395944149044834,2,6,0,0.37718062056532403,0,0.9272990136627,1,1
1012,0.6001748547547815,0,1.4958400870773327,1,-0.5593879206282055,3,6,0,0.5923995292018669,0,0.979606285849753,0,0
621,0.5252790910848714,1,1.4344153718567836,0,0.2306436552601181,2,2,0,0.43709602112278634,1,1.0317307467561416,1,1
1751,0.458186126156901,1,1.3934745158863246,1,0.07212918324690354,1,2,1,0.5193940958912121,1,1.3077656734287981,0,0
1886,0.8460323513257568,0,1.5449361396412535,1,0.29592551892180563,4,3,1,0.4568201482248398,0,1.0428838787555994,0,1
582,0.7612232148515872,0,1.4946278499120242,1,0.8594631814585632,3,4,1,0.43839229242631406,0,0.9078432995535116,0,0
350,0.5934779073653543,1,1.5842586752783756,1,1.0818664958840565,2,4,1,0.39738174977121743,0,0.9030064768175148,0,0
1209,-0.023581103746676435,1,1.476528815895374,1,0.552366245671872,1,2,0,0.38205731059375125,0,0.6180415845660077,1,0
320,0.5695244959476539,1,1.7267993490320572,1,0.08136946438819903,1,3,0,0.4959665267071572,1,1.0413726257573275,1,0
597,0.9979882357774366,0,1.437560040159286,1,0.549824510756071,3,5,0,0.40499885063441055,0,0.6260929300726747,1,0
198,0.06744657770739637,0,1.5173099677750121,0,0.8157013229262515,2,5,1,0.4342846416093113,1,0.7160039770632132,0,0
108,0.3252402398030999,0,1.57150468140684,1,0.7292993996308044,2,5,1,0.4928261752250915,1,1.039872918646395,1,1
2317,-0.018133118781256896,1,1.4746375411858288,0,0.22149231456360213,1,3,1,0.5702010293898708,1,0.8703332233989522,1,1
48,1.2216454745450873,1,1.4436447468287115,0,0.6651540438014907,2,6,1,0.4341873598464359,0,1.0234069850161234,0,1
330,0.6106791267851356,1,1.4190116331336593,1,0.49025426747650525,4,4,1,0.5488659431865027,0,0.710123343104715,1,1
1878,0.7231473787785982,1,1.5726499137940684,1,0.0113072227844917,2,5,1,0.5005265808671507,1,1.1285450215202468,0,0
89,0.3662498692073143,0,1.5816782447913347,0,0.18352689295256808,4,1,1,0.37115277944296254,0,0.8992523895440587,0,0
1835,0.3355040592317633,1,1.4604077916753837,0,0.17266747001669214,3,3,1,0.47964528801929074,0,1.0163762747943281,0,0
410,0.2423480138957142,0,1.3750804918698005,0,0.7334803198282925,2,2,1,0.5774177994885736,0,1.0548977448206656,1,0
1810,0.8476052859442238,1,1.463817202946336,1,-0.40590603138394465,3,2,1,0.44558513419377643,0,0.8815571971461359,1,0
1148,-0.05904543577060506,0,1.4957214286423681,1,0.5455583781471616,2,5,0,0.3776226553520542,0,1.3116900452098372,1,1
1680,0.20021774784418833,1,1.6202004473618714,1,0.5715958391901073,4,5,0,0.4356735361017665,0,0.725442005842683,0,1
1536,0.6787761316239029,0,1.5153860007612383,0,0.4908681367044665,4,5,1,0.4802392442040519,0,0.7796306958835275,1,1
1665,-0.20727452128242851,1,1.3526885600411735,0,1.0989743738955158,2,4,0,0.6375784001281143,0,0.8827462827388396,0,0
2022,0.6383871122921814,1,1.5044529936463307,0,0.4915157138639021,1,6,1,0.4940923305457889,1,1.0791070229468198,0,1
1296,0.4662238094498131,0,1.515081845327511,1,-0.2154404380372852,2,1,1,0.37475852407377763,1,0.8797421390327457,1,1
1588,0.7305237008750225,1,1.692925124862249,1,-0.6755431370901175,4,6,1,0.41180732509854295,0,1.0223990715376357,1,0
856,0.4075850559163131,0,1.5612731943004272,1,0.5291286263199868,2,3,0,0.35514589300255234,1,0.6302607197424528,1,1
1674,0.5270922914743572,1,1.5377799105827057,1,0.029886387365097467,1,3,1,0.4768733770825031,1,1.0797254937127627,0,0
298,1.0341748377193019,1,1.5087273783735968,0,0.8991406265151007,2,3,0,0.45191853947242283,0,0.9303264589743745,0,1
1322,0.4333830359453853,1,1.533280680891356,0,-0.3603647607657918,1,4,1,0.6354308158936983,1,0.9529220926388483,0,1
393,0.20200536063800723,1,1.4951945935062572,0,0.5688592908617225,2,5,1,0.3307901219009489,0,0.9704342003215581,0,1
1451,1.4432911060902855,0,1.502762525917138,1,-0.13656671859870284,4,1,1,0.5114767200324598,1,1.1455523826671083,0,0
632,0.8647109113006273,1,1.4954045039416382,0,0.7287106711664454,4,1,1,0.6320431854279015,1,0.7375524185886304,1,1
2258,0.3682617796438487,1,1.4592310952367709,0,0.19795080569293966,2,6,0,0.5114062849710637,0,0.9574173072818117,1,1
374,0.15728958608557875,1,1.550853330720337,0,0.976994654662453,2,2,1,0.4732598786586852,1,0.9659192192373827,1,0
1199,0.2968513524789428,0,1.3843408172330283,0,-0.6455414309703662,2,5,1,0.5336131591357788,1,1.1150216529690136,1,0
1883,0.5025771318306402,0,1.3887628521168085,0,-0.093368797649383,4,3,0,0.513683299059409,1,1.1221399254403917,0,1
535,0.7551622228678767,0,1.5071836092129176,0,0.3031771105332255,2,5,0,0.46949007912329055,1,1.130373814406202,0,1
885,0.9417300793783931,1,1.6680840141881057,1,0.2690389185908992,1,5,1,0.37693382049472235,1,0.8608861324068026,1,1
101,1.4099589551402918,0,1.4294247358712022,1,0.08946538973626572,1,1,1,0.4057595204536588,0,0.7951931105426627,1,1
1106,1.2402797093167774,0,1.5802657942335046,1,0.5279114679442218,3,6,1,0.4509708163485946,1,1.5242005891501273,1,0
2116,-0.18157587999325298,1,1.711672377452603,1,0.4696010550966212,4,1,0,0.5098378545872001,1,0.847941362139991,1,0
2158,0.8734624829021429,0,1.6199731314652084,1,0.5206551267098457,1,6,1,0.39898195131595565,1,0.9040983188167941,1,1
2064,1.0301191232636309,0,1.308066296853802,1,0.5898002327221564,4,1,0,0.41662115471242667,1,0.916062928512203,1,0
2333,0.6435579132487215,1,1.4588358424034231,1,0.7661899426565393,4,2,0,0.5428727574731075,0,0.6629880945163984,1,1
447,1.315068687635246,1,1.6817932870551227,0,0.3847586474204204,3,4,0,0.49602012542530616,0,0.875233568386791,0,0
1288,0.49313149819958324,1,1.6440268260366482,0,0.35675072811554986,1,2,1,0.41789626095032933,0,1.0509646688040546,1,1
2353,0.38943180533439914,0,1.4244286992468922,1,0.9558887655800201,1,3,1,0.28667877093284855,0,0.9205200146500492,0,0
486,0.9100435259032644,1,1.3965115316626302,1,0.1447099071537496,2,1,1,0.45296359258865343,0,1.24591259609802,1,0
2329,0.5606451465826635,0,1.5048196394088365,0,0.7720255325937848,4,6,0,0.5363946233278318,0,0.7980067766433881,1,0
174,0.6354191715952356,1,1.5361060551885957,1,0.761247604070265,3,5,0,0.6380637007781662,0,0.8947595961805701,1,0
232,1.7289322534864862,1,1.5174866071226238,0,0.23205137761869005,3,3,1,0.43647184339370865,0,0.8972885912622189,0,1
2178,-0.29944499810851577,0,1.3807056809798375,1,0.43955415470628245,1,6,1,0.2838421377694621,1,1.1379662028742203,0,1
1862,0.40517739380210155,1,1.5573647139677294,0,0.47247442105926224,2,2,0,0.5783340812322841,0,0.9054829622011846,0,1
2309,0.6702072136187114,1,1.5400959666607341,1,0.31442924337508477,3,2,1,0.3864656317249283,1,0.6519378552045401,0,0
2013,0.06139970463970085,0,1.4590913718539733,0,0.6048434426990482,1,2,1,0.4337033986158151,0,1.047748693531974,0,1
2174,1.1136293598032776,1,1.3099704201293785,1,0.43104864976763,2,1,1,0.35623382551249216,0,0.9301109278788164,1,1
2014,1.2272068551590047,1,1.5430945885936893,1,0.216630832377667,1,4,1,0.5283926505829577,1,0.8475608979523235,1,1
1109,0.6174593892040379,0,1.4879981959430113,1,0.7658920926301309,4,4,0,0.6501629186095086,0,1.2831444021513065,0,1
151,0.0933339730217354,1,1.5344977144760272,0,0.34014371974292334,1,4,0,0.4654315519922608,0,0.6261185218921316,0,0
1529,0.26141326966541967,1,1.5232439280622327,0,0.8827186635975603,4,5,0,0.5565145544622269,1,1.075711021330092,0,1
522,-0.04744540152868382,1,1.5029865558000695,0,0.4836507496388619,3,5,0,0.47498480555924416,1,1.3291126114861813,0,1
83,0.6925120844325457,1,1.548564980628275,0,0.9830054346291024,2,6,1,0.4878661574653163,0,1.1559672721490288,1,1
728,0.83200817220569,1,1.598401595202277,0,0.5603452809612086,3,2,1,0.5035155614616866,1,0.7719180967207282,1,1
1636,0.6752247777775331,0,1.7349494294107624,0,-0.1212077316938821,3,1,1,0.38506679526106913,0,1.0435425888774383,1,0
1787,0.5820204635671155,0,1.5294481811533573,1,0.5336664257710168,4,6,1,0.44986633061748277,0,1.1925204660810123,1,0
809,0.4542547700446507,1,1.4952517679270203,1,0.09367888683605718,3,3,0,0.5006043168502032,1,0.7195045527007048,1,1
1698,0.5069783745222454,0,1.4673936485987493,1,0.6969288445033553,3,6,1,0.511062976979584,1,1.067283238028463,1,0
365,0.9730380812757282,0,1.5169785562279912,1,0.8267347282254958,2,6,0,0.4370731736131499,0,1.1311118556385056,1,0
1366,0.10872637757526143,1,1.563434221054566,0,0.44440438870745047,1,1,0,0.47301798068306755,0,0.8079887721661291,1,0
1457,0.1742594550548917,1,1.4876822579307702,1,0.3208348147296596,1,6,1,0.37506791019197344,0,0.9108758167009938,1,0
1353,1.402107248517995,0,1.3301187319728764,1,0.27371634799341166,4,4,0,0.5698397819423393,0,1.0113834705357336,1,1
1700,0.38493423329135534,0,1.575650376300451,1,0.2125603309379705,4,5,1,0.36155146496788243,0,1.042025696982511,1,0
889,0.7999611119293862,1,1.4351356772124064,1,0.08293867438950414,4,5,1,0.46811387423587214,1,0.9287955425787114,0,0
257,0.6971064489055567,0,1.3929182711854449,1,0.3391099746514162,2,2,0,0.45789957246236784,0,1.0304190882210869,1,0
1390,0.7359309490871588,1,1.4594055014792149,0,1.3195781439913739,3,1,0,0.41057779898689506,1,0.7054377053182215,0,0
681,0.45681323639302795,1,1.4912673914562475,0,0.5399279611334973,2,2,1,0.4156020417308499,1,1.048336431337059,1,1
1979,0.6523876099995107,1,1.4443011206171028,0,0.5262974135492567,2,5,0,0.44473205215752154,0,0.8190265318908021,0,0
188,-0.016651063512128306,1,1.3633537094596815,0,1.1085842155402315,2,5,0,0.4926336667953153,0,0.7397178834420972,1,0
557,0.8970218966919826,1,1.550928306166464,0,0.1479253003299405,4,6,1,0.577037253292981,0,1.120319455140294,1,0
1259,0.6317967974978236,0,1.509142307069666,1,1.687573480493207,4,2,0,0.5358166196993412,1,1.0820502520778112,0,0
1009,0.22655339493664683,1,1.580021178208423,1,0.32750857598112615,2,1,0,0.5409471523551053,0,1.0633651204816708,0,0
1587,0.018291951217938862,1,1.523923095767997,0,-0.00010545317065868698,3,5,1,0.41352941114735003,0,0.545213572331866,0,1
744,0.2728359296966178,0,1.577192845767392,1,0.0030436414024345715,3,1,0,0.5157837107040203,0,0.7935467272563651,0,0
83,0.536602214171399,0,1.437480293082867,1,-0.06953000989384395,3,1,0,0.4596836909842743,0,1.0319066718874057,0,1
682,0.5238479496527374,1,1.448854705989943,1,-0.4278860578478476,1,6,0,0.34405022378124483,0,0.9340990557528959,0,1
791,0.544698616385363,0,1.4896134977310964,1,0.4211784277449424,3,3,1,0.47744429194137017,0,0.8171721118599147,1,1
448,0.8311611259969051,0,1.4814601821788165,0,-0.3069443838568109,3,3,1,0.35627987941267536,0,0.9962132746972682,0,1
1041,0.8778318270801349,0,1.404554177569681,0,0.8344840641766509,3,6,1,0.568876778661798,0,1.1508326162024098,0,1
325,0.7316716656936001,1,1.4646588495512503,0,0.3223138364798196,4,5,0,0.43244423381259806,0,0.7602923172868151,1,0
1591,0.6145129433509987,1,1.4812480852340888,1,-0.16211108282281306,3,3,0,0.45008406542903356,0,1.2914650775218728,0,1
1822,0.9976205703733965,0,1.5580182309269324,1,0.2633254924922649,1,3,1,0.3231399408938744,1,0.7556010291020431,1,0
1105,0.24121341707975769,0,1.5653670826571373,1,-0.03231973009315248,4,5,0,0.5884670479208859,1,1.0891127289622415,0,1
1188,-0.1944941836764802,0,1.609821513962011,1,0.3185921270042609,4,3,1,0.5083219876593374,0,0.7689364531209639,0,1
1441,0.3266148897992637,1,1.5441284520089043,0,0.02456275529770402,4,5,1,0.41588829456159826,1,0.835366802606786,0,0
953,0.891966403822444,0,1.563198830612518,1,0.6586828092367649,4,6,0,0.5209830717182609,0,1.0098806294747782,1,1
1291,0.1629198224473502,0,1.5926931835496276,0,1.4738548247142378,1,2,1,0.4320831417138382,1,0.8812187686877685,1,0
2120,0.998995523700122,1,1.570481243653243,1,1.4132559023732245,3,3,0,0.43267555110622746,0,0.6519142906213113,1,0
988,0.5639279882693805,0,1.434881825710506,0,0.5062639902872916,4,1,0,0.45504526418276037,0,0.800392986851764,1,0
1985,0.3116717286436118,1,1.6920998847068565,0,0.4251888629900776,1,6,1,0.47914209717352746,0,0.7754704728531945,1,0
2164,1.3158529875575717,0,1.5282421974616671,0,1.0344774995069295,2,3,0,0.448969698730664,0,1.0641211258902592,0,1
1482,0.6118292928944672,0,1.554980911635258,0,0.08944545176888397,1,2,0,0.4500186017802924,1,0.838724775776302,0,1
1242,0.5437083910319132,1,1.5011825534159742,0,0.3805357521364273,4,4,0,0.3884545460037768,1,0.8521700177486904,0,0
948,0.14300255250576616,1,1.4889595010269094,1,0.38131392909316364,4,4,0,0.403081098547549,0,1.087037471763408,1,1
474,0.49085089993886616,1,1.4212936084990078,0,0.8506368107542274,4,3,0,0.5482433949525338,1,0.8929702772444297,0,0
1076,1.0646861457071146,1,1.457589045798055,0,1.7120740249864594,4,1,1,0.4451612050413895,0,0.9028783343901956,0,0
1722,1.3145618840111577,1,1.5066276229856048,0,0.7039552670376152,3,2,1,0.3883697628300802,0,0.7020472376136105,0,1
1594,0.17876658544366753,0,1.5599449059315444,0,0.3780067781222099,3,5,0,0.4822458175141421,1,0.7582932207167377,0,0
702,0.9952495115446742,1,1.5237189806177165,0,0.9175592176005656,4,2,0,0.36322593971546296,0,1.0534589328394852,0,0
1435,1.0484915875326473,1,1.4314284219829532,0,0.7152628889373023,2,2,1,0.522102136782434,0,1.0934995835675663,1,0
1355,0.10418981960320678,1,1.570960465294425,1,0.9415544325488366,4,3,0,0.4330078352494209,0,0.7034080559704965,0,0
858,0.007104158559663898,1,1.4470781847340435,0,0.1283790192776792,1,5,1,0.4831478510903979,0,0.9441534719554745,1,1
335,0.3181674402718385,0,1.4019494105703378,0,0.7153739674065673,2,3,0,0.5020240072516362,0,1.1690318769112453,0,1
1183,0.963302118025804,1,1.4744668057118064,0,0.8210972066623383,2,4,1,0.5429157989227295,0,0.988033956397898,1,1
1947,0.5922108895488186,0,1.5379684975223966,1,0.25223128581159515,1,3,0,0.3439695320639966,1,1.0049666362447178,1,0
1960,1.0632549265149729,0,1.6264481406973168,1,0.5162472573331176,1,1,1,0.49746856860448857,0,0.9527814832656233,1,1
330,-0.048293292484148154,1,1.482573757791189,1,0.7208943978314687,4,2,0,0.42425531693125706,0,1.460465290360705,1,1
855,0.6116335463003784,0,1.6366835632449648,0,0.7215413609845699,1,2,0,0.47494340725905554,1,0.8409741357456915,0,0
353,0.7966119046429533,1,1.479489091145258,1,0.4073377752234648,2,3,1,0.4711698469985678,0,1.0861390552635666,0,0
945,-0.45504154142549236,0,1.5362545579955225,1,0.7791104004012278,1,4,1,0.5386069494031251,0,0.8820444281774491,1,0
2296,0.3341710227282759,1,1.522158839785251,1,0.13211976888526833,1,2,1,0.5614413739599735,0,0.8299659320681408,0,1
815,0.5554560962289713,1,1.394751509572753,1,0.018607068447737907,3,2,0,0.4184579222649979,1,1.4439014779999244,0,0
1639,0.5415763833447703,1,1.567284275570459,0,-0.03578442497824119,3,3,0,0.5266643613013231,0,0.9115612640899029,1,1
626,0.6730333047152515,0,1.4394935519107497,0,0.8454179376103952,4,6,0,0.4581020853093735,0,0.8322701049141297,1,1
859,0.7141275640896118,0,1.4377936419300081,1,0.27513117481835936,4,1,1,0.5331398977608739,0,1.058423926118759,0,1
2205,0.6527392159327711,0,1.5270282258308787,0,0.03953868920909814,3,1,0,0.4395343693624571,1,1.0839551616990843,1,0
739,0.37734634943741135,1,1.4113360543645936,0,-0.102515591264838,4,3,0,0.4344103414366053,0,0.874125183199069,0,1
1323,0.9251734463240131,1,1.38738301863692,1,-0.10748915060594333,3,2,0,0.4310094332920222,1,1.053292846928628,1,1
1005,-0.11315247232470171,1,1.5066956679952686,1,1.0593751147370327,2,2,0,0.38276726064813454,0,0.9866982814486551,1,0
1983,1.1824485623760819,1,1.3987520397294446,0,-0.512775731235245,1,6,0,0.4812954528551115,1,1.01958368694796,1,1
67,0.6206105017568783,0,1.669118199378754,1,-0.8803119521827614,3,5,1,0.5475979845497663,1,1.033290921695395,1,0
1864,0.9659323060868295,1,1.360877029319946,0,0.09242251223479264,3,2,0,0.5505854512119511,1,0.934386895056471,1,1
2192,0.4560217222347108,1,1.5785290945118793,1,0.5956433503942059,3,6,0,0.4229481329774414,0,0.8086424401546544,1,0
18,0.4408275949146107,0,1.456810143591199,0,0.4592062020851842,1,1,0,0.4888907365062888,0,0.6230578657390924,0,0
100,0.9069709894306692,0,1.4857232243323188,0,-0.1697378258688257,1,6,1,0.5535998513625358,1,1.200435750140491,1,0
645,0.0928049728037128,1,1.4442117109369264,0,0.14171976583914592,2,1,0,0.3987188605571178,1,1.238582601545378,1,1
722,0.09307848451846235,0,1.6285846992853736,0,-0.14356871252693082,3,3,0,0.43194135516068966,0,1.1128177360535112,1,0
1453,0.18462803578250303,1,1.4564193168822326,0,0.6551397012537257,1,4,1,0.37964016195868333,1,1.2586474248859574,0,0
763,0.06775648972751502,0,1.2580431440680924,1,-0.008396232514170432,1,3,1,0.5976832128063111,0,1.049929286713311,0,0
1884,1.146417844573627,0,1.5250407543328013,0,0.9849664252143784,3,6,0,0.41996682430242493,1,0.9010557106874242,1,0
1329,0.3296329588689957,0,1.5274155797168294,1,0.5634262754476288,4,5,0,0.6489249239332349,0,1.0502815451089027,0,0
586,1.01107269492072,0,1.5712975571317427,0,-0.16581904406766879,3,3,1,0.4800106091615739,0,0.7731637375717256,0,1
90,0.6779839195292957,0,1.4552706340736516,1,0.6199165150092223,3,4,1,0.4701260227567555,1,1.0383878371093747,1,0
1990,0.574759025246109,1,1.5375661525376128,1,-0.21004685591424588,2,6,1,0.47809771280883107,1,1.1160975802260207,0,1
1695,1.699862145385791,0,1.5405643867214411,0,0.2539508682132626,4,4,0,0.5277435449165357,0,0.9363140054516289,1,1
548,-0.40072691827401175,0,1.6611525830585072,1,0.634484037639827,3,1,1,0.49752065473828155,1,1.1102391861222052,1,0
2032,0.7724177890130905,0,1.4664140851624232,1,0.6362843677899906,3,3,0,0.4728118168327939,0,0.6301611734595514,0,0
1717,0.02313591610656035,0,1.4759486789811844,0,0.639543732745245,3,6,1,0.3759210201461682,0,1.1326862059925453,0,1
334,0.13764598774429992,1,1.5552783568736686,1,0.07097831589150166,3,3,0,0.428448740530016,0,0.715961425128767,0,0
363,0.3152824339562593,0,1.5403985216920024,0,0.6951328800376622,4,5,1,0.5485084121236721,0,0.66080278853847,1,1
2123,0.17605196315681726,0,1.4588928113302013,0,-0.08874046080234765,2,1,0,0.3987632370189733,0,0.737514721029565,0,0
1863,0.30644409113692844,1,1.5540951842908468,1,-0.15121995330036553,3,5,0,0.6300406071498955,1,1.0819815766813619,0,0
1943,0.6674366573863373,0,1.5030653429238168,0,0.715538210005903,1,3,1,0.4348529114674127,1,0.6956966709210695,1,0
570,0.459549255292409,1,1.5260925220494521,0,0.5851914436103567,1,1,1,0.6071975212174592,0,0.8481375091602693,0,1
2152,0.2166686669463615,1,1.4459184544204975,0,0.5768970691707247,4,1,1,0.45627919700652636,0,0.7672998288749109,1,0
2296,1.0554756590072456,0,1.5861015669319143,0,1.0490823416389718,2,5,0,0.49265022010000015,0,0.8173340843634673,1,1
525,0.1660147834576558,1,1.5270546959303732,1,0.7041642537560392,3,4,1,0.46446790061199394,1,0.8730648162283248,1,0
1185,1.0505857018732745,1,1.6783521704896907,1,0.6999465947046905,3,4,1,0.38404346868021705,1,0.7791584454287858,0,1
1716,-0.1800903758154807,0,1.484254256325358,0,0.7234261860290849,3,4,1,0.4115951669426998,1,1.0413645303716896,0,1
1275,-0.1297894854512195,1,1.6591167545876602,0,0.8427695796349182,4,4,1,0.3993232371222101,0,1.2052934120650811,0,1
1825,0.6431669251834659,1,1.4018152985193149,0,-0.26604704376950405,3,4,0,0.3990237869625868,1,0.8027629083096062,0,1
974,1.0072708754547102,0,1.5554645531907325,1,0.8143391397962565,3,6,0,0.5072447958853169,0,1.0287354888695845,0,0
1095,0.048775872409623555,0,1.630659795427315,1,0.399726308219426,3,1,0,0.5335388866744544,0,0.5629072073282275,1,1
380,0.3729799716993691,1,1.5472093353189533,1,0.2335885035788829,1,3,0,0.49505502527660317,1,0.791104064833294,0,1
1988,0.40266238777687474,0,1.4477758889165164,1,0.30936732535076183,2,6,1,0.5455031533936783,1,1.0354297916050408,1,1
2116,0.7550767642882705,1,1.6055025248457655,0,0.6528975339324843,1,2,1,0.571953186642898,1,0.9449009445065315,0,0
1278,0.6990921509576665,0,1.447280129061748,0,0.9553583499481175,3,5,1,0.47707508226078815,1,0.9621372890518768,1,0
1751,1.3500102186048024,1,1.4753269351796985,1,0.13549739669083183,2,4,1,0.473868582032946,0,0.816164810152172,1,1
2307,0.5531050171947867,1,1.4854442463408197,0,0.39783179385615997,2,5,1,0.45520861742109,0,1.1164329896205862,1,0
938,-0.3808714829648122,0,1.4653538005866398,0,0.61944119954178,1,4,1,0.4179459180972066,1,1.1069350658616461,1,1
1891,0.6250986797748359,1,1.471180869398638,0,-0.3861724280385841,1,2,1,0.2231108019747044,1,0.841581326350651,1,1
915,0.5300857355834033,0,1.4686057499226506,0,0.7041914610594748,4,6,0,0.4975080265381376,1,1.1940190028721165,1,0
288,0.005428636395027275,1,1.455101796859307,1,0.38437634469663073,1,5,1,0.5366878594444059,1,0.8633119909989013,1,0
1177,0.06113901794142951,1,1.4101439424551125,1,0.2915219768361751,1,1,0,0.47694477345853326,1,0.7243838255147185,1,0
2300,0.38819709220808846,1,1.3734119044459294,1,0.4340614325351857,1,4,0,0.42916016019710196,1,0.974509949536689,0,0
1506,0.7179890577861664,0,1.476424766859186,0,0.15363705282215923,1,2,0,0.4906668173018975,0,0.6889783963514025,0,1
216,0.5131572508582395,1,1.3258277633515743,1,0.5799571510605079,2,4,0,0.37791885837268213,0,0.6311536439482155,1,1
1066,0.05088134548933099,0,1.436637842760298,0,1.200753661109108,2,6,0,0.3266458787111991,0,1.0411532802110597,1,1
141,0.1571482645329642,0,1.6791780518108272,1,0.32565496427533636,3,6,1,0.28783522202142986,1,0.98135545418022,1,0
2114,0.7153224065540773,0,1.3630877565729063,0,1.2283375530104466,2,6,0,0.5536260614751519,0,1.3116136546512667,0,1
592,0.9960881814080833,1,1.3621837400777963,1,0.777973044181791,2,1,1,0.47197733642825124,1,0.8506523254097815,1,0
1195,0.7399132827359252,0,1.5571976152347902,0,-0.006553160307588679,1,6,0,0.404844947676811,1,0.8017536827404782,0,0
1401,0.45168575775374176,1,1.453488892873852,0,0.3388858750576119,3,3,0,0.3815931538246494,1,0.6331813151681795,0,1
1535,0.34589463154955313,1,1.4408877610929325,1,1.0791706201013747,1,6,1,0.44291793572016674,1,1.3290815457405296,0,0
520,0.2652035917264204,0,1.5930137236058337,0,0.7301821581314315,1,3,0,0.503197845772212,1,0.9611897810972623,0,0
768,0.4942219340978288,0,1.7218575872073005,1,0.1825086864648227,1,3,1,0.5946759741259142,1,1.181545550083019,1,1
27,0.40292163678900283,0,1.4631679153792532,1,-0.3559640501119755,3,1,0,0.4600267781125674,1,1.220191934522196,1,1
2352,-0.10820850796215231,0,1.347113050418155,1,0.3365933810480489,4,2,0,0.5283335927010189,1,1.0137136463664347,0,0
361,1.0297898309339868,1,1.2751230888170788,0,0.6565158872745468,2,3,1,0.49723432049873934,1,1.3091288764915858,1,0
905,-0.31468183846755826,1,1.484844029394354,1,1.3974779495396072,1,5,1,0.4820866664727632,0,0.8345510025279301,0,1
1762,0.3973039125134672,0,1.5669608300210076,0,0.11137261482445082,2,4,1,0.49048955969436225,0,0.9722549556152922,0,0
739,0.23244094070031157,0,1.6225536825011513,1,0.3222181179031368,2,6,1,0.48839240682210944,0,1.2495873558832151,1,1
2194,0.6643861006846343,1,1.6011432363701414,1,-0.16420846003396228,3,5,1,0.2945141770878002,1,1.0446918968974668,0,0
698,0.5828929483018923,1,1.5010441907111909,0,0.535688471930474,1,5,1,0.4803866240785257,0,0.7455094159776394,0,1
1894,-0.7777920985468925,1,1.5218509125637614,1,0.9548505510857623,2,3,1,0.5413184014735534,1,0.7580925995556483,0,0
342,0.16936494945293923,1,1.461366399988726,1,0.40441960702799323,1,3,1,0.3639602847388563,0,0.7160522413659836,1,1
466,0.1363048284188188,1,1.3699311143726736,1,0.10880886361109365,1,5,0,0.5036899490987911,1,0.9201893326188197,1,1
1389,1.05111437955709,1,1.4457015013230812,0,0.226021338455834,1,3,1,0.6666602251030216,1,1.1711398322183928,1,0
1190,-0.042871526202635235,1,1.5414175441580134,0,0.9206184055308533,3,3,0,0.5632248517404852,1,1.0709751653071835,0,1
2324,0.9541178644503122,1,1.3984687745561186,1,0.7286222119207821,3,6,0,0.4632695297647675,1,0.9360167027537288,1,0
107,0.49892178013454297,1,1.4545700161471948,1,0.2156723129105848,2,3,0,0.6159044356993212,0,1.02428482493766,1,0
2094,0.9274060540090711,0,1.5022066116408876,0,0.10406030541450911,1,1,1,0.5150031166652829,1,0.7282183057576052,0,1
833,0.28396978627477454,0,1.470550639954146,0,-0.058980436305615114,2,4,0,0.4747567827219041,1,0.9617812394524266,1,0
1056,-0.11662128143382566,0,1.538265886180538,1,0.5151476707351244,2,1,0,0.5338393248157204,0,0.8886309452699594,0,1
1486,-0.23259654913678018,0,1.4806465761282932,0,0.5352705687992558,3,1,1,0.5633209044187623,1,1.239892195900774,0,0
2284,0.20198341672145986,0,1.4403039849980723,1,0.8732793443996931,4,3,0,0.5023568086805666,0,0.8035532685964129,1,0
132,-0.029585798687183584,1,1.4508861968725573,0,0.6796632023032332,2,3,0,0.5569673928681892,1,1.1089895279939161,0,1
1201,0.21396537648092234,0,1.6025473490509599,0,0.29074453015858537,1,2,1,0.46810136617853815,1,0.8715739649775485,0,1
2330,0.17743734427469132,0,1.3568538979414166,1,-0.11750820242379223,2,3,0,0.4640346905010945,0,1.2239974913945109,1,1
386,0.09576755353110517,0,1.3817492020175746,1,0.8967923207467774,4,3,0,0.44163973850307636,0,0.7872098550624811,0,1
1190,0.9925905215781712,0,1.4583991634245534,0,1.2149190082949684,3,3,0,0.4003316199711634,1,1.267289391861885,1,1
335,0.7455835127816464,1,1.4719507441185817,1,1.1957582986009294,4,5,0,0.4507577836920659,0,0.9905103443121717,0,0
1100,0.44253575889080965,0,1.3439884489023004,1,0.8347926565341687,1,4,0,0.5921536580400052,1,0.9483489298316672,1,0
10,1.0964542032552584,0,1.4242376418306517,0,1.1401862648742447,2,3,1,0.4177455869677878,1,0.9411655064516294,0,0
2046,-0.06113205450002612,0,1.4578314104510515,1,0.37988431079434,3,5,0,0.47078681109231313,0,0.6463229413537726,0,1
548,0.3402767118150227,1,1.5407769826365347,1,0.7625765305633305,4,1,1,0.6084656535211723,1,1.0721038415938926,0,0
669,0.1401436502402988,1,1.6878549827210076,0,0.4950171021682203,1,3,1,0.4935646583956224,1,1.1033586090151262,0,0
105,0.11955449195031709,0,1.3474001144645025,1,1.7182884586781937,2,2,1,0.6452667489846864,0,0.8802282588119257,1,0
453,0.8022537614549166,0,1.4012839047295713,0,0.7537353134889204,1,1,0,0.5497964973970463,0,0.8707089657135711,1,1
1542,0.7276126444280897,0,1.6557093885328944,1,1.1287420424528674,4,3,1,0.4866680812229112,0,0.8803374307497684,1,0
2156,0.011978708379366654,0,1.4865781784353593,0,0.20608737664774007,4,2,1,0.37904408318190513,1,0.9280793215683348,1,0
48,-0.05696667661278809,1,1.58708168278509,1,0.048086710640535824,3,4,1,0.4116036765158686,0,0.867117016019911,1,1
146,1.327630240470863,1,1.497633606646552,1,0.5940334846445042,4,2,0,0.43808018500511015,1,0.7673087125779986,0,0
595,1.0791469202360298,0,1.3199757147955031,0,0.9674919489919923,3,3,0,0.5885311542128295,0,0.8130117008396938,0,0
7,0.2808523020976481,0,1.4922663855420832,0,0.6807191311943099,4,2,1,0.4818957055108963,0,1.0605787788541359,0,1
923,1.491114372837849,1,1.6281042859593051,1,1.2527305579394123,2,4,0,0.43262073953364194,1,0.7965925133605075,0,1
2002,0.26628541337073813,0,1.3709151021565762,1,1.345090452040039,2,3,1,0.44926268758380183,1,0.7750120880753457,1,1
1576,0.3526519981071635,0,1.3151242033628403,0,0.4826799891077492,4,4,1,0.5551759407902891,1,1.2086469276256706,0,1
1352,-0.1393176107371964,0,1.5602610169084732,0,0.7414339654147446,3,3,1,0.5885906534113524,1,0.5701324713240781,0,1
1844,0.5629960841809607,0,1.51834027915937,1,-0.12582858897078886,2,2,0,0.2915462802428196,0,1.1363511966732565,1,1
1567,0.6906017613616144,1,1.4793943330608608,0,0.6164661891521317,2,1,0,0.5431141845348268,1,0.8634497516176743,0,0
1599,0.613170414698339,1,1.477063743632298,0,0.907525121529116,4,3,1,0.3945989681249554,1,0.7148623827998236,1,0
2343,0.6199917845748345,1,1.4821612398736164,0,0.5099794343996938,2,1,0,0.5078157163453277,0,0.87926523099903,0,1
679,0.26115035164563255,1,1.3689832562048077,0,-0.12819513836419238,1,5,0,0.5536293056299205,1,0.9392087671027872,0,1
68,-0.060424883710987864,1,1.474501608023407,0,1.0267172626734338,1,4,1,0.45821549411824936,0,1.1218583026681237,0,1
1245,0.06857702297431656,0,1.333833620991977,1,-0.4284307630635801,3,3,1,0.5011045159912472,1,0.8348055780864484,0,0
2317,0.04686146528664087,1,1.3888419071727032,1,-0.01513318412565301,2,6,1,0.5829603601751164,0,0.8745318934382227,1,1
1208,0.4677247885607652,1,1.3412739382133463,1,0.784680837664993,1,3,1,0.5542199797463367,1,1.2278777299145416,0,0
759,0.2982251279017053,1,1.4836762160228307,1,0.09430155711992333,2,5,0,0.4530672030027711,0,1.1912954779244294,0,0
421,1.2907923491693643,1,1.426020156435719,1,1.352590455985128,2,6,0,0.41065510224420154,0,0.9592118632953558,1,1
74,0.46583893095723666,1,1.5726815514700847,1,1.273825160837628,2,3,0,0.4238441071216838,0,1.4226537467290963,0,1
1220,-0.2952301299011243,1,1.4684554489478563,1,0.12929912675129546,4,1,1,0.4097828846567438,1,0.9231212309541648,1,0
123,-0.2776779367604849,0,1.501479945757655,0,0.5600828737161387,3,3,1,0.643980750435956,1,1.083862707613199,1,0
632,0.6700171726382458,0,1.560541873440942,0,0.7929439203758735,1,6,1,0.4744882124018278,1,1.0895690673515026,0,1
1310,1.0575323252774338,1,1.5387917336215913,0,0.3002523972740376,4,4,1,0.5364368895659731,1,1.0306458726717043,0,1
535,0.08625647604719655,0,1.5261725197986669,1,0.4117132027994964,3,3,0,0.44726948668061695,1,1.1950940431428285,1,1
997,-0.018860290293142956,0,1.5726774524172173,1,0.9595738784730693,4,6,0,0.44768988776990004,1,1.0149481181908784,0,1
1011,0.8765128649284453,1,1.391095182799179,0,1.1310230442691944,2,4,0,0.44023896056549294,0,1.4106563991575283,0,0
613,-0.10136219477586328,1,1.315835585200643,0,0.4576954482896524,3,5,1,0.47835054942696004,0,1.0053049691366507,1,1
1520,0.6333573416115381,0,1.4325477210652324,1,-0.048452006087884025,1,6,1,0.45457732247820826,1,1.09458075718399,1,1
1213,0.25972237214951355,1,1.3017567724034618,0,-0.3117813383649559,1,3,0,0.49332547151934564,0,0.996869266332937,0,1
342,0.5749070654409545,1,1.4568925813107445,1,0.03900064695518407,2,3,0,0.382979762982892,1,0.9992224436345993,0,1
1766,0.6190199626244911,1,1.4238090813822355,0,-0.2625885060781401,2,6,1,0.6476200381813819,0,0.7794704433006078,1,0
586,0.4936068487771968,0,1.5032519501803443,0,0.4559578222519193,4,2,1,0.4399606217426024,1,0.9281139554937676,1,0
804,-0.357643297070505,1,1.416626384675484,1,0.9450373439048313,1,6,0,0.4139467772511048,0,0.8276052646571956,1,0
62,0.5767639707199439,0,1.492135289248275,1,-0.47035769817797835,1,1,0,0.5849205867615018,1,0.9327130242695518,0,1
571,0.7044664819529869,1,1.574197672915732,1,-0.11206188325343514,2,3,0,0.4509768354742162,0,0.899102927271564,1,0
2224,0.08254312810398334,0,1.6161767604294979,1,0.2306110002933996,1,3,1,0.4954913828446156,0,1.0291513424807168,1,0
1156,-0.09836785536388681,0,1.4290156720237341,1,0.7117279595850488,4,2,0,0.4445185577160526,0,0.7987667189160044,1,1
1526,-0.2896947330072266,1,1.5548346063865426,1,0.18575765916650883,3,5,0,0.5906606527935344,1,0.7568939169630958,0,1
1019,0.19480427789519172,0,1.4994787207298035,1,0.008482732105513702,4,3,1,0.47233117574438077,1,0.6801043977572516,1,0
2186,0.26256310684966655,0,1.5599340529423573,0,1.0208129556351264,2,3,0,0.47292286868644023,1,0.8330048546016532,1,0
745,0.5926115249360971,0,1.4125493587556475,1,0.969981660809263,1,5,1,0.5636706061683762,0,0.9778720161682961,1,1
593,0.6688225551588964,1,1.5931221239473718,0,0.22033509225134612,3,1,0,0.5130964794024454,0,1.0550550923911939,0,1
1622,0.11012296993890919,1,1.3316377303960447,0,0.41540807855484785,2,4,1,0.43215624418275483,1,1.1917093774754506,1,1
1984,0.7246283270843773,1,1.5580161701901059,1,0.46502096643849494,3,5,0,0.499764242624779,1,0.8946538905105356,1,1
1893,-0.14757948142086208,1,1.5091584273889709,1,1.1446837120845537,3,5,0,0.571207355917718,0,1.000391454884322,1,0
741,0.5887565615962369,1,1.4684158559112692,1,-0.2318132646948644,2,1,0,0.3867262023979443,0,0.7896287795428807,1,0
1098,0.7423950296238009,1,1.5780061275403616,0,0.3535824433273971,4,6,0,0.33559557433720305,1,0.9536470380152845,0,0
1149,0.3532354727971617,1,1.579912256770881,0,1.0603634126788797,1,3,0,0.3337329155287439,1,1.0803316192856027,1,1
402,0.6426546505050993,1,1.4639677048251551,0,-0.2677088290454569,2,4,0,0.4472365616707093,0,0.8337403072985993,1,1
210,0.4638202800033969,0,1.4906123036364387,1,1.3972079320073783,1,6,0,0.5185344778834771,1,1.1131780064932184,1,1
840,0.501032321107786,1,1.4283044116900308,1,0.7815028185195818,4,2,0,0.5825937307165279,1,0.9657689933511276,0,0
1684,0.43050512939096447,1,1.4398868703665284,1,0.41043912371493346,3,4,1,0.4536980266651048,0,1.345539325574439,1,1
1531,1.056843128107022,1,1.4418414822862995,0,0.4168716449861168,3,2,0,0.46739716388453567,0,1.1211056052854549,1,0
453,-0.07571329044829422,0,1.5560923094075862,1,0.4656071465039257,4,3,1,0.5087357235043988,0,1.1099227333860222,1,0
1926,-0.15735943381479334,1,1.5166128612889076,1,0.37250762265099824,4,5,1,0.4844119495674946,0,1.1339158740064592,0,1
686,-0.12489734216070869,0,1.5184196454545376,1,0.9463337167197767,1,6,0,0.4645118649573252,1,0.6377144213951853,1,0
595,0.7447316026699632,0,1.5599688083804233,1,0.9886016065924739,2,4,1,0.5185039156972583,0,0.8003272866190332,0,0
1158,0.6021533038447098,1,1.3911077828830234,0,0.12272206971988653,3,1,1,0.5238897871731447,0,0.9164376143807701,0,0
150,0.11950915180421806,1,1.42036809785546,0,0.5609632206337124,3,3,1,0.38315727453897463,0,0.8900402816754199,0,0
